:020000040800F2
:1000000000040020B9020008BB020008BB0200087F
:10001000BB020008BB020008BB020008BB020008CC
:10002000BB020008BB020008BB020008C1020008B6
:10003000BB020008BB020008DF020008BB02000888
:10004000BB020008BB020008BB020008BB0200089C
:10005000BB020008BB020008211D0008A11D00080A
:10006000211E0008A11E0008211F00080130000801
:10007000213000084130000861300008813000085C
:10008000A1300008C1300008BB020008BB02000814
:10009000BB020008BB020008BB020008A11F000849
:1000A000BB020008BB020008BB020008BB0200083C
:1000B000E123000811240008BB020008BB0200086D
:1000C000BB020008BB020008BB020008BB0200081C
:1000D000BB020008BB02000841230008BB02000865
:1000E000F1200008BB020008BB020008BB020008A8
:1000F000BB020008BB020008BB020008BB020008EC
:10010000BB020008BB020008BB020008BB020008DB
:10011000BB020008BB02000861240008BB02000803
:100120000131000821310008413100086131000827
:1001300081310008BB020008BB020008BB020008B6
:10014000BB020008BB020008BB020008BB0200089B
:10015000BB020008BB020008BB020008BB0200088B
:10016000BB020008BB020008BB020008BB0200087B
:10017000BB020008BB020008BB020008BB0200086B
:10018000BB020008BB020008BB020008BB0200085B
:10019000BB020008BB020008BB020008BB0200084B
:1001A000BB020008BB020008BB020008A123000834
:1001B000BB020008BB020008BB020008BB0200082B
:1001C000E1300008A1310008C1310008E131000828
:1001D000BB020008BB020008BB020008BB0200080B
:1001E00072B6264880F30888254880F30988254898
:1001F00025490860022080F31488BFF36F8F00F058
:10020000AFFA04F005FC4FF0553020491B4A9142EB
:100210003CBF41F8040BFAE71D49194A91423CBF23
:1002200041F8040BFAE71B491B4A1C4B9A423EBF9C
:1002300051F8040B42F8040BF8E700201849194A5A
:1002400091423CBF41F8040BFAE700F0A1FA00F03C
:100250008FFA154C154DAC4203DA54F8041B88474D
:10026000F9E709F06DFC124C124DAC4203DA54F878
:10027000041B8847F9E700F083BA0000000400205F
:10028000000800200000000808ED00E00000002049
:100290000004002064B50008000800203810002089
:1002A00038100020C4150020E0010008E00100081B
:1002B000E0010008E001000892E700F000F8FEE726
:1002C000EFF309820C31EFF31183A1E8FC4F0C30FE
:1002D000B0E8FC4F82F3098883F311887047EFF38D
:1002E000118308B506F094FA002808BF08BDBDE8E0
:1002F00008400C31EFF30982A1E8FC4F0C30B0E864
:10030000FC4F82F3098883F311887047002383F33D
:1003100011882846A047002005F032FCFEE70000C7
:10032000844641EA000313F003036DD1403A41D300
:1003300051F8043B40F8043B51F8043B40F8043BBF
:1003400051F8043B40F8043B51F8043B40F8043BAF
:1003500051F8043B40F8043B51F8043B40F8043B9F
:1003600051F8043B40F8043B51F8043B40F8043B8F
:1003700051F8043B40F8043B51F8043B40F8043B7F
:1003800051F8043B40F8043B51F8043B40F8043B6F
:1003900051F8043B40F8043B51F8043B40F8043B5F
:1003A00051F8043B40F8043B51F8043B40F8043B4F
:1003B000403ABDD2303211D351F8043B40F8043BEF
:1003C00051F8043B40F8043B51F8043B40F8043B2F
:1003D00051F8043B40F8043B103AEDD20C3205D3FF
:1003E00051F8043B40F8043B043AF9D2043208D0F7
:1003F000D2071CBF11F8013B00F8013B01D30B8869
:1004000003806046704700BF082A13D38B078DD046
:1004100010F003038AD0C3F10403D21ADB071CBF18
:1004200011F8013B00F8013B80D331F8023B20F882
:10043000023B7BE7043AD9D3013A11F8013B00F8BB
:10044000013BF9D20B7803704B7843708B78837043
:100450006046704753B94AB9002908BF00281CBF3D
:100460004FF0FF314FF0FF3000F074B9ADF1080CE0
:100470006DE904CE00F006F8DDF804E0DDE90223C2
:1004800004B070472DE9F047089E0D4604468846A3
:10049000002B4DD18A42944668D9B2FA82F252B109
:1004A00001FA02F3C2F1200120FA01F10CFA02FC78
:1004B00041EA030894404FEA1C45210CB8FBF5FEC5
:1004C0001FFA8CF705FB1E8341EA03430EFB07F17D
:1004D00099420BD91CEB03030EF1FF3080F01E8113
:1004E000994240F21B81AEF1020E63445B1AA4B242
:1004F000B3FBF5F005FB103344EA034400FB07F7B8
:10050000A7420AD91CEB040400F1FF3380F00881F4
:10051000A74240F2058164440238E41B40EA0E40E1
:1005200000211EB1D4400023C6E90043BDE8F08796
:100530008B4208D9002E00F0EE800021C6E90005AC
:100540000846BDE8F087B3FA83F100294AD1AB42EF
:1005500002D3824200F2F980841A65EB0303012082
:100560009846002EE2D0C6E90048DFE702B9FFDE78
:10057000B2FA82F2002A40F09180A1EB0C054FEA1A
:100580001C471FFA8CFE0121B5FBF7F307FB135044
:10059000250C45EA00450EFB03F0A84208D91CEBE8
:1005A000050503F1FF3802D2A84200F2CB80434692
:1005B0002D1AA4B2B5FBF7F007FB105544EA054429
:1005C0000EFB00FEA64508D91CEB040400F1FF3524
:1005D00002D2A64500F2BB802846A4EB0E0440EAF6
:1005E00003409EE7C1F120078B4022FA07FC4CEA4A
:1005F000030C20FA07F405FA01F31C43FD404FEA0F
:100600001C4900FA01F3B5FBF9F8200C1FFA8CFE27
:1006100009FB185540EA054508FB0EF0A84202FA0E
:1006200001F20BD91CEB050508F1FF3A80F0888038
:10063000A84240F28580A8F1020865442D1AA4B2B0
:10064000B5FBF9F009FB105544EA054500FB0EFE29
:10065000AE4508D91CEB050500F1FF346CD2AE4560
:100660006AD90238654440EA0840A0FB0294A5EB31
:100670000E05A542C846A64656D353D05EB1B3EB8D
:10068000080265EB0E0505FA07F722FA01F3CD40E3
:100690001F43C6E900750021BDE8F087C2F12003C1
:1006A00020FA03F10CFA02FC25FA03F395400D43FE
:1006B0004FEA1C471FFA8CFEB3FBF7F107FB113022
:1006C0002B0C43EA004301FB0EF0984204FA02F4BB
:1006D00008D91CEB030301F1FF382FD298422DD922
:1006E000023963441B1AADB2B3FBF7F007FB1033BA
:1006F00045EA034500FB0EF3AB4208D91CEB0505A8
:1007000000F1FF3816D2AB4214D902386544ED1A15
:1007100040EA014138E73146304607E78646E5E6DC
:100720001846FAE64B45A9D2B9EB020864EB0C0E69
:100730000138A3E74046EAE7204694E74146D1E77F
:10074000D0467BE7023B654432E7084609E764444C
:10075000023842E7704700BF0000000000000000C0
:1007600000BF704700000000000000000000000013
:1007700000BF704700000000000000000000000003
:10078000FEE700BF000000000000000000000000C5
:1007900084B0174B0393039B1B680293039B5B6816
:1007A000019309E0029B1A68019B1A60019B0433C4
:1007B0000193029B04330293039B9B68019A9A4224
:1007C000F0D305E0019B00221A60019B04330193E2
:1007D000039BDB68019A9A42F4D3039B1033039383
:1007E000039B044A9342D6D300BF00BF04B07047B6
:1007F0001C9E00089C9E00080000000000000000F5
:1008000000BF704700000000000000000000000072
:1008100008B5FFF7F5FF02F09BF802F0E9FE00F0E3
:10082000E7FB00F0ADFC00F013FE00F0E9FF01F083
:10083000EFF804F0F5F800F03BF800BF08BD00BF8A
:100840004FF080435B6A1846704700BF000000000D
:1008500082B001904FF08042019B53634FF0804380
:1008600000221A614FF080430222DA6000BF02B01A
:10087000704700BF00000000000000000000000002
:100880004FF080430022DA6000BF70470000000094
:1008900082B001904FF08042019B536300BF02B0D1
:1008A000704700BF000000000000000000000000D2
:1008B00008B503F035FB00BF08BD00BF0000000015
:1008C00008B5FFF7BDFF0346184608BD000000004D
:1008D00000B583B001900198FFF7BAFF00BF03B0E5
:1008E0005DF804FB000000000000000000000000B4
:1008F00008B5FFF7C5FF00BF08BD00BF000000003E
:1009000000B583B001900198FFF7C2FF00BF03B0AC
:100910005DF804FB00000000000000000000000083
:1009200082B00190019B019A1A60019B019A5A6062
:1009300000BF02B0704700BF0000000000000000D0
:1009400082B030230193019B83F3118800BF00BF65
:1009500000BF02B0704700BF0000000000000000B0
:1009600082B000230193019B83F3118800BF00BF75
:1009700000BF02B0704700BF000000000000000090
:1009800000B583B00190019B1846FFF7C9FF00BF77
:1009900003B05DF804FB00BF000000000000000091
:1009A00008B5FFF7CDFF00BF08BD00BF0000000085
:1009B00008B5FFF7D5FF00BF08BD00BF000000006D
:1009C00000B583B001900198FFF7DAFF00BF03B0D4
:1009D0005DF804FB000000000000000000000000C3
:1009E00000B583B0019000910099019805F090F94D
:1009F0000346184603B05DF804FB00BF000000008A
:100A000000B583B0019000910099019805F0A0F91C
:100A100000BF03B05DF804FB000000000000000010
:100A200000B587B0039002910192039B9B68019AE5
:100A30009A4202D9039B9B680193039B1A69039B0B
:100A40009B69D31A0593019A059B9A420DD2039B89
:100A50009B69019A19460298FFF762FC039B9A6909
:100A6000019B1A44039B9A612BE0019A059B9A42D1
:100A70001CD9039B9B69059A19460298FFF750FC05
:100A8000029A059B13440293019A059BD31A04937F
:100A9000039BDB68049A19460298FFF741FC039B0D
:100AA000DA68049B1A44039B9A610AE0039B9B69E2
:100AB000019A19460298FFF733FC039BDA68039BFF
:100AC0009A61039B9A68019BD21A039B9A60019BCF
:100AD000184607B05DF804FB0000000000000000AD
:100AE00000B587B0039002910192039B9B68019A25
:100AF0009A4202D9039B9B680193039B1A69039B4B
:100B00005B69D31A0593019A059B9A420DD2039B08
:100B10005B69019A02991846FFF702FC039B5A6928
:100B2000019B1A44039B5A612BE0019A059B9A4250
:100B30001CD9039B5B69059A02991846FFF7F0FBE5
:100B4000029A059B13440293019A059BD31A0493BE
:100B5000039BDB68049A02991846FFF7E1FB039BAD
:100B6000DA68049B1A44039B5A610AE0039B5B69A1
:100B7000019A02991846FFF7D3FB039BDA68039B9F
:100B80005A61039B9A68019BD21A039B9A60019B4E
:100B9000184607B05DF804FB0000000000000000EC
:100BA00000B585B00390029101920093039B184613
:100BB000FFF706FF039B00229A60039B029ADA600C
:100BC000039B029A9A61039B029A5A61029A019BC3
:100BD0001A44039B1A61039B009ADA61039B069AED
:100BE0001A6200BF05B05DF804FB00BF0000000002
:100BF00000B583B001900B468DF80330019B5A6914
:100C0000019B9B699A4205D1019B9B68002B01D0F7
:100C1000012300E0002303F00103DBB283F00103B2
:100C2000DBB2002B1DD0019B9B685A1C019B9A6074
:100C3000019B5B69591C019A51619DF803201A7050
:100C4000019B5A69019B1B699A4203D3019BDA6895
:100C5000019B5A61019B00211846FFF7D1FE00233A
:100C600001E04FF0FF33184603B05DF804FB00BF0E
:100C700000B585B001900091FFF792FE0CE0019B5A
:100C800000991846FFF7ACFE0290029B002B03DA96
:100C9000FFF78EFE029B26E0019B9B68002BEED0A7
:100CA000019B9B685A1E019B9A60019B9B69591C82
:100CB000019A91611B788DF80F30019B9A69019B15
:100CC0001B699A4203D3019BDA68019B9A61019BDD
:100CD000DB69002B03D0019BDB6901989847FFF784
:100CE00067FE9DF80F30184605B05DF804FB00BFA5
:100CF00000B589B00390029101920093039BDB69D8
:100D00000793019B0693FFF74BFE24E0019A02999B
:100D10000398FFF785FE0590059B002B09D1039BE7
:100D200000991846FFF75CFE0490049B002B12D03C
:100D300014E0079B002B02D0079B03989847FFF70E
:100D400037FE019A059BD31A0193029A059B13441F
:100D50000293FFF725FE019B002BD7D1FFF728FE5A
:100D6000069A019BD31A184609B05DF804FB00BF30
:100D700000B585B00390029101920093039B184641
:100D8000FFF71EFE039B019A9A60039B029ADA60AA
:100D9000039B029A9A61039B029A5A61029A019BF1
:100DA0001A44039B1A61039B009ADA61039B069A1B
:100DB0001A6200BF05B05DF804FB00BF0000000030
:100DC00000B587B003900B4601928DF80B30FFF70A
:100DD000E7FD0CE0039B01991846FFF701FE059023
:100DE000059B002B03DAFFF7E3FD059B25E0039B42
:100DF0009B68002BEED0039B9B685A1E039B9A6056
:100E0000039B5B69591C039A51619DF80B201A7072
:100E1000039B5A69039B1B699A4203D3039BDA68BD
:100E2000039B5A61039BDB69002B03D0039BDB69A7
:100E300003989847FFF7BCFD0023184607B05DF8FC
:100E400004FB00BF000000000000000000000000E4
:100E500000B585B00190019B5A69019B9B699A423C
:100E600005D1019B9B68002B01D0012300E00023EA
:100E700003F00103DBB283F00103DBB2002B1ED0D1
:100E8000019B9B685A1C019B9A60019B9B69591CA2
:100E9000019A91611B788DF80F30019B9A69019B33
:100EA0001B699A4203D3019BDA68019B9A61019BFB
:100EB00000211846FFF7A4FD9DF80F3001E04FF028
:100EC000FF33184605B05DF804FB00BF00000000CA
:100ED00000B589B00390029101920093039BDB69F6
:100EE0000793019B0693FFF75BFD24E0019A0299AB
:100EF0000398FFF7F5FD0590059B002B09D1039B97
:100F000000991846FFF76CFD0490049B002B12D04B
:100F100014E0079B002B02D0079B03989847FFF72C
:100F200047FD019A059BD31A0193029A059B13442E
:100F30000293FFF735FD019B002BD7D1FFF738FD5A
:100F4000069A019BD31A184609B05DF804FB00BF4E
:100F500082B030230193019B83F3118800BF00BF4F
:100F600000BF02B0704700BF00000000000000009A
:100F700082B000230193019B83F3118800BF00BF5F
:100F800000BF02B0704700BF00000000000000007A
:100F900008B5FFF7DDFF00BF08BD00BF000000007F
:100FA00008B5FFF7E5FF00BF08BD00BF0000000067
:100FB00000B583B0019000910099019804F090FE73
:100FC00000BF03B05DF804FB00000000000000005B
:100FD00000B583B00190019805F032F800BF03B06E
:100FE0005DF804FB000000000000000000000000AD
:100FF00008B501F0F5FD00BF08BD00BF000000000E
:1010000000B583B00190019B01221A70019B002260
:101010001A61019B00225A61019B18331846FFF7A1
:10102000D7FF00BF03B05DF804FB00BF0000000065
:1010300000B585B001900091FFF7AAFF019B009ACF
:101040001A61019801F0DCFD00230393039B002B40
:1010500003D1019B02221A7002E0019B01221A7047
:10106000FFF79EFF039B184605B05DF804FB00BF29
:1010700000B585B00390029101920093FFF788FFBD
:10108000009B019A0299039800F00AF8FFF788FF85
:1010900000BF05B05DF804FB000000000000000088
:1010A00000B585B00390029101920093039B019AD1
:1010B0009A60039B009ADA60039B029A5A60039B32
:1010C00003221A70039801F053FE00BF05B05DF8CB
:1010D00004FB00BF00000000000000000000000052
:1010E00000B583B00190FFF753FF019B1B78022BE3
:1010F0000FD0019801F034FF019B00225A60019B40
:1011000002221A70019B14336FF001011846FFF799
:101110004FFFFFF745FF00BF03B05DF804FB00BFC2
:1011200082B030230193019B83F3118800BF00BF7D
:1011300000BF02B0704700BF0000000000000000C8
:1011400082B000230193019B83F3118800BF00BF8D
:1011500000BF02B0704700BF0000000000000000A8
:1011600008B5FFF7DDFF00BF08BD00BF00000000AD
:1011700008B5FFF7E5FF00BF08BD00BF0000000095
:1011800008B502F03DFF00BF08BD00BF0000000031
:1011900082B00190019B01221A70019B00225A60CB
:1011A00000BF02B0704700BF000000000000000058
:1011B00000B585B001900091FFF7D2FF019B009A26
:1011C0005A60019802F034FF00230393039B002B25
:1011D00003D1019B02221A7002E0019B01221A70C6
:1011E000FFF7C6FF039B184605B05DF804FB00BF80
:1011F00000B583B001900091FFF7B2FF009901980C
:1012000000F006F8FFF7B4FF00BF03B05DF804FB81
:1012100000B583B001900091019B03221A700099E0
:10122000019802F08DFF00BF03B05DF804FB00BF22
:1012300000B583B00190FFF793FF019800F008F824
:10124000FFF796FF00BF03B05DF804FB000000004D
:1012500000B583B00190019B02221A70019802F040
:1012600097FF00BF03B05DF804FB00BF0000000063
:1012700082B00190019B019A1A6000BF02B07047D2
:1012800000B583B001900198FFF7F2FF00BF03B0F3
:101290005DF804FB000000000000000000000000FA
:1012A00000B583B0019000910099019804F0D0FF3F
:1012B00000BF03B05DF804FB000000000000000068
:1012C00000B585B0039002910192039B03F13000B9
:1012D0004FF0FF33019A0299FFF7FAFD03461846D3
:1012E00005B05DF804FB00BF000000000000000036
:1012F00000B585B0039002910192039B03F10C00AD
:101300004FF0FF33019A0299FFF7F2FC03461846AB
:1013100005B05DF804FB00BF000000000000000005
:1013200000B583B001900B468DF80330019B30333C
:101330009DF803104FF0FF321846FFF741FD0346BA
:10134000184603B05DF804FB000000000000000038
:1013500000B583B00190019B0C334FF0FF3118466C
:10136000FFF786FC0346184603B05DF804FB00BF98
:1013700000B585B003900B4601928DF80B30039BAE
:1013800030339DF80B10019A1846FFF719FD0346FC
:10139000184605B05DF804FB0000000000000000E6
:1013A00000B583B001900091019B0C330099184661
:1013B000FFF75EFC0346184603B05DF804FB00BF70
:1013C00000B585B00390029101920093039B03F155
:1013D0003000009B019A0299FFF77AFD03461846F8
:1013E00005B05DF804FB00BF000000000000000035
:1013F00000B585B00390029101920093039B03F125
:101400000C00009B019A0299FFF772FC03461846F4
:1014100005B05DF804FB00BF000000000000000004
:1014200086B0039002910192039B0593029B002BCF
:1014300003D0029B012B03D105E06FF0130303E0FF
:101440006FF0130300E00023184606B0704700BF9A
:1014500008B502F06DFF00BF08BD00BF000000002E
:1014600000B583B00190019B064A1A60019B0433CA
:101470001846FFF705FF019B01221A7200BF03B057
:101480005DF804FB9C9E00080000000000000000C6
:1014900000B583B001900B468DF80330019B5B696A
:1014A000002B05D1019B043304211846FFF7F8FEF9
:1014B000019B0C339DF8032011461846FFF798FB5B
:1014C0000346002B06DA019B04334FF400611846F3
:1014D000FFF7E6FE00BF03B05DF804FB000000006C
:1014E00082B030230193019B83F3118800BF00BFBA
:1014F00000BF02B0704700BF000000000000000005
:1015000082B000230193019B83F3118800BF00BFC9
:1015100000BF02B0704700BF0000000000000000E4
:1015200008B5FFF7DDFF00BF08BD00BF00000000E9
:1015300008B5FFF7E5FF00BF08BD00BF00000000D1
:1015400000B583B0019000910099019804F088FBE8
:101550000346184603B05DF804FB00BF000000001E
:1015600000B589B00390029101920093039B06930A
:101570000023079318E00099069800F0D1F9059030
:10158000059B002B15D1019A079BD31A1A46029985
:10159000069800F07DF90490079A049B1344079382
:1015A000029A049B13440293079A019B9A42E2D346
:1015B00000E000BF079B184609B05DF804FB00BFC0
:1015C00000B589B00390029101920093039B0693AA
:1015D0000023079318E00099069800F071F9059030
:1015E000059B002B15D1019A079BD31A1A46029925
:1015F000069800F035F90490079A049B134407936A
:10160000029A049B13440293079A019B9A42E2D3E5
:1016100000E000BF079B184609B05DF804FB00BF5F
:1016200000B585B00390029101924FF0FF33019A0B
:1016300002990398FFF794FF0346184605B05DF83A
:1016400004FB00BF000000000000000000000000DC
:1016500000B585B00390029101924FF0FF33019ADB
:1016600002990398FFF7ACFF0346184605B05DF8F2
:1016700004FB00BF000000000000000000000000AC
:1016800000B585B001900B468DF80330019B0393A4
:101690004FF0FF31039800F043F90290029B002BBA
:1016A00001D0029B06E09DF803301946039803F031
:1016B0005FF80023184605B05DF804FB0000000049
:1016C00000B585B00190019B03934FF0FF31039863
:1016D00000F0F6F80290029B002B01D0029B03E081
:1016E000039803F02DF80346184605B05DF804FB97
:1016F00000B587B003900B4601928DF80B30039B29
:1017000005930199059800F00BF90490049B002BB8
:1017100001D0049B06E09DF80B301946059803F0B4
:1017200027F80023184607B05DF804FB000000000E
:1017300000B585B001900091019B03930099039837
:1017400000F0BEF80290029B002B01D0029B03E048
:10175000039802F0F5FF0346184605B05DF804FB58
:1017600000B585B00390029101920093009B019A0D
:1017700002990398FFF7F4FE0346184605B05DF89A
:1017800004FB00BF0000000000000000000000009B
:1017900000B585B00390029101920093009B019ADD
:1017A00002990398FFF70CFF0346184605B05DF851
:1017B00004FB00BF0000000000000000000000006B
:1017C00000B587B0039002910192039B0593029BA1
:1017D000002B03D0029B012B03D109E06FF0130310
:1017E00007E0019A0299059802F0E2FF034600E043
:1017F0000023184607B05DF804FB00BF000000009E
:1018000008B502F0FDFE00BF08BD00BF00000000EB
:1018100082B00190019B104A1A60019B01221A714B
:10182000019B00229A60019B0022DA60019B00224A
:101830001A61019B00225A61019B00229A61019B5F
:101840000022DA61019B00221A62019B00225A6287
:1018500000BF02B0704700BFC49E00080000000037
:1018600000B585B0039002910192FFF759FE019AED
:101870000299039802F00CFF0190FFF759FE019BBB
:10188000184605B05DF804FB0000000000000000F1
:1018900000B585B0039002910192FFF741FE019AD5
:1018A0000299039802F01CFF0190FFF741FE019B93
:1018B000184605B05DF804FB0000000000000000C1
:1018C00000B585B001900091FFF72AFE019B9B6A4D
:1018D000DA6940F20F131340002B03D0FFF728FE04
:1018E000012318E00023039309E0019B18330099BA
:1018F0001846FFF725FE0390039B002B07D1019BA1
:101900009B6ADB6903F02003002BEED000E000BFF0
:10191000FFF70EFE039B184605B05DF804FB00BF01
:1019200000B585B001900091FFF7FAFD0023039305
:1019300009E0019B203300991846FFF701FE039050
:10194000039B002B07D1019B9B6ADB6903F080039B
:10195000002BEED000E000BFFFF7EAFD039B184626
:1019600005B05DF804FB00BF0000000000000000AF
:1019700082B030230193019B83F3118800BF00BF25
:1019800000BF02B0704700BF000000000000000070
:1019900082B000230193019B83F3118800BF00BF35
:1019A00000BF02B0704700BF000000000000000050
:1019B00008B5FFF7DDFF00BF08BD00BF0000000055
:1019C00008B5FFF7E5FF00BF08BD00BF000000003D
:1019D00000B583B0019000910099019804F040F99E
:1019E0000346184603B05DF804FB00BF000000008A
:1019F00000B583B00190019804F022FB00BF03B052
:101A00005DF804FB00000000000000000000000082
:101A100008B502F03DF900BF08BD00BF000000009E
:101A200000B583B00190019B01221A70019B002236
:101A30005A60019B00229A60019B0C331846FFF705
:101A4000D7FF00BF03B05DF804FB00BF000000003B
:101A500000B585B001900091FFF7AAFF019B009AA5
:101A60005A60019802F034F90390039B002B03D1D4
:101A7000019B02221A7002E0019B01221A70FFF7FB
:101A80009FFF039B184605B05DF804FB00000000B3
:101A900000B583B00190FFF78BFF019B5B681B696A
:101AA00001229A40019B5B68DB6892B25A83FFF780
:101AB00087FF00BF03B05DF804FB00BF000000001B
:101AC00000B583B00190FFF773FF019B5B681B6952
:101AD00001229A40019B5B68DB6892B21A83FFF790
:101AE0006FFF00BF03B05DF804FB00BF0000000003
:101AF00000B587B0039002910192039B03221A70F4
:101B0000019A0299039802F093F90590059B1846F3
:101B100007B05DF804FB00BF0000000000000000FB
:101B200000B585B001900091019B1B78032B07D174
:101B3000019B083300991846FFF74AFF039001E024
:101B400000230393039B184605B05DF804FB00BF18
:101B500000B587B0039002910192FFF729FF019A27
:101B600002990398FFF7C4FF0590059B002B05D150
:101B70004FF0FF310398FFF7D3FF0590FFF720FFE9
:101B8000059B184607B05DF804FB00BF000000008D
:101B900082B04FF0E0235B6800930023019310E0D4
:101BA0000C4A019B20334FF0FF3142F82310094AC1
:101BB000019B60334FF0FF3142F82310019B01334A
:101BC0000193019A009B9A42EAD900BF00BF02B07C
:101BD000704700BF00E100E00000000000000000CE
:101BE00082B001900091009BDBB2114A1B01D9B277
:101BF000019B134403F540730A461A70019B03F0DE
:101C00001F020B49019B5B09012000FA02F26033BD
:101C100041F82320019B03F01F020549019B5B094A
:101C2000012000FA02F241F8232000BF02B0704701
:101C300000E100E0000000000000000000000000E3
:101C400082B00190019B03F01F020F49019B5B09C9
:101C5000012000FA02F2203341F82320019B03F017
:101C60001F020949019B5B09012000FA02F260335F
:101C700041F82320044A019B134403F540730022DA
:101C80001A7000BF02B0704700E100E000000000E1
:101C900082B030230193019B83F3118800BF00BF02
:101CA00000BF00BF02B0704700000000000000004D
:101CB00082B000230193019B83F3118800BF00BF12
:101CC00000BF00BF02B0704700000000000000002D
:101CD00008B5FFF7DDFF00BF08BD00BF0000000032
:101CE00008B5FFF7E5FF00BF08BD00BF000000001A
:101CF00000B583B0019000910099019804F040F87C
:101D000000BF03B05DF804FB00000000000000000D
:101D100008B506210620FFF763FF00BF08BD00BF1E
:101D200000B583B0144B5B6903F001030193019B81
:101D30000093114A019B5361009B03F00103002BA8
:101D400011D00E4B9B68002B05D00C4B9B680B4AA7
:101D5000D26810469847FFF7BBFF00210748FFF7FE
:101D6000C7FFFFF7BDFF064B4FF080525A6000BF20
:101D700003B05DF804FB00BF00040140F010002038
:101D800000ED00E000000000000000000000000086
:101D900008B506210720FFF723FF00BF08BD00BFDD
:101DA00000B583B0144B5B6903F002030193019B00
:101DB0000093114A019B5361009B03F00203002B27
:101DC00011D00E4B9B69002B05D00C4B9B690B4A25
:101DD000D26910469847FFF77BFF00210848FFF7BC
:101DE00087FFFFF77DFF074B4FF080525A6000BF1F
:101DF00003B05DF804FB00BF00040140F0100020B8
:101E00000011002000ED00E00000000000000000D4
:101E100008B506210820FFF7E3FE00BF08BD00BF9C
:101E200000B583B0144B5B6903F004030193019B7D
:101E30000093114A019B5361009B03F00403002BA4
:101E400011D00E4B9B6A002B05D00C4B9B6A0B4AA2
:101E5000D26A10469847FFF73BFF00210848FFF77A
:101E600047FFFFF73DFF074B4FF080525A6000BF1E
:101E700003B05DF804FB00BF00040140F010002037
:101E80001011002000ED00E0000000000000000044
:101E900008B506210920FFF7A3FE00BF08BD00BF5B
:101EA00000B583B0144B5B6903F008030193019BF9
:101EB0000093114A019B5361009B03F00803002B20
:101EC00011D00E4B9B6B002B05D00C4B9B6B0B4A20
:101ED000D26B10469847FFF7FBFE00210848FFF73A
:101EE00007FFFFF7FDFE074B4FF080525A6000BF1F
:101EF00003B05DF804FB00BF00040140F0100020B7
:101F00002011002000ED00E00000000000000000B3
:101F100008B506210A20FFF763FE00BF08BD00BF19
:101F200000B583B0144B5B6903F010030193019B70
:101F30000093114A019B5361009B03F01003002B97
:101F400011D00E4B9B6C002B05D00C4B9B6C0B4A9D
:101F5000D26C10469847FFF7BBFE00210848FFF7F8
:101F6000C7FEFFF7BDFE074B4FF080525A6000BF1F
:101F700003B05DF804FB00BF00040140F010002036
:101F80003011002000ED00E0000000000000000023
:101F900008B506211720FFF723FE00BF08BD00BFCC
:101FA00000B583B0454B5B6903F478730193019BE3
:101FB0000093424A019B5361009B03F02003002BD6
:101FC00011D03F4B9B6D002B05D03D4B9B6D3C4A88
:101FD000D26D10469847FFF77BFE00213948FFF786
:101FE00087FEFFF77DFE009B03F04003002B11D01E
:101FF000334B9B6E002B05D0314B9B6E304AD26E1B
:1020000010469847FFF764FE00212F48FFF770FE47
:10201000FFF766FE009B03F08003002B11D0284BD6
:102020009B6F002B05D0264B9B6F254AD26F104625
:102030009847FFF74DFE00212448FFF759FEFFF7B0
:102040004FFE009B03F48073002B14D01C4BD3F87D
:102050008830002B07D01A4BD3F88830184AD2F8B2
:102060008C2010469847FFF733FE00211848FFF7F1
:102070003FFEFFF735FE009B03F40073002B14D0E6
:102080000F4BD3F89830002B07D00D4BD3F8983076
:102090000B4AD2F89C2010469847FFF719FE002102
:1020A0000C48FFF725FEFFF71BFE0B4B4FF080524D
:1020B0005A6000BF03B05DF804FB00BF000401409C
:1020C000F01000204011002050110020601100206D
:1020D000701100208011002000ED00E000000000E1
:1020E00008B506212820FFF77BFD00BF08BD00BF13
:1020F00000B583B0564B5B6903F47C430193019BAD
:102100000093534A019B5361009B03F48063002BAF
:1021100014D0504BD3F8A830002B07D04D4BD3F838
:10212000A8304C4AD2F8AC2010469847FFF7D0FDB3
:1021300000214948FFF7DCFDFFF7D2FD009B03F4C7
:102140000063002B14D0434BD3F8B830002B07D0DA
:10215000404BD3F8B8303F4AD2F8BC2010469847DD
:10216000FFF7B6FD00213D48FFF7C2FDFFF7B8FDC0
:10217000009B03F48053002B14D0364BD3F8C830A7
:10218000002B07D0334BD3F8C830324AD2F8CC20DA
:1021900010469847FFF79CFD00213148FFF7A8FD46
:1021A000FFF79EFD009B03F40053002B14D0294B36
:1021B000D3F8D830002B07D0264BD3F8D830254A97
:1021C000D2F8DC2010469847FFF782FD0021254811
:1021D000FFF78EFDFFF784FD009B03F48043002B87
:1021E00014D01C4BD3F8E830002B07D0194BD3F890
:1021F000E830184AD2F8EC2010469847FFF768FDFF
:1022000000211948FFF774FDFFF76AFD009B03F4F6
:102210000043002B14D00F4BD3F8F830002B07D01D
:102220000C4BD3F8F8300B4AD2F8FC2010469847F4
:10223000FFF74EFD00210D48FFF75AFDFFF750FD57
:102240000B4B4FF080525A6000BF03B05DF804FBA7
:1022500000040140F010002090110020A011002087
:10226000B0110020C0110020D0110020E01100208A
:1022700000ED00E000000000000000000000000091
:1022800000BF7047000000000000000000000000D8
:1022900000BF7047000000000000000000000000C8
:1022A00000BF7047000000000000000000000000B8
:1022B00000BF7047000000000000000000000000A8
:1022C00000BF704700000000000000000000000098
:1022D00000BF704700000000000000000000000088
:1022E00000BF704700000000000000000000000078
:1022F00000BF704700000000000000000000000068
:1023000000BF704700000000000000000000000057
:1023100000BF704700000000000000000000000047
:1023200000BF704700000000000000000000000037
:1023300008B50C212620FFF753FC00BF08BD00BFE5
:1023400008B5044802F024F8034B4FF080525A605D
:1023500000BF08BD4812002000ED00E000000000B2
:1023600000BF7047000000000000000000000000F7
:1023700000BF7047000000000000000000000000E7
:1023800000BF7047000000000000000000000000D7
:1023900008B50C215B20FFF723FC00BF08BD00BF80
:1023A00008B5044802F00CFA034B4FF080525A6013
:1023B00000BF08BDC812002000ED00E000000000D2
:1023C00000BF704700000000000000000000000097
:1023D00008B507211C20FFF703FC00BF08BD00BFA4
:1023E00008B501F0E5FD034B4FF080525A6000BF85
:1023F00008BD00BF00ED00E000000000000000008C
:1024000008B507211D20FFF7EBFB00BF08BD00BF8B
:1024100008B5044801F0D4FE034B4FF080525A60D7
:1024200000BF08BD2812002000ED00E00000000001
:1024300000BF704700000000000000000000000026
:1024400000BF704700000000000000000000000016
:1024500008B507213620FFF7C3FB00BF08BD00BF4A
:1024600008B5044801F0ACFE034B4FF080525A60AF
:1024700000BF08BD3812002000ED00E000000000A1
:1024800000BF7047000000000000000000000000D6
:1024900000BF7047000000000000000000000000C6
:1024A00000BF7047000000000000000000000000B6
:1024B00008B5FFF72DFCFFF76BFCFFF7A9FCFFF752
:1024C000E7FCFFF725FDFFF763FDFFF709FEFFF7C8
:1024D000D7FEFFF7DDFEFFF7E3FEFFF7E9FEFFF7AC
:1024E000EFFEFFF7F5FEFFF7FBFEFFF701FFFFF73B
:1024F00007FFFFF70DFFFFF763FFFFF769FFFFF728
:102500007FFFFFF795FFFFF79BFFFFF7A1FFFFF7A7
:10251000B7FFFFF7BDFFFFF7C3FFFFF701FFFFF7AF
:1025200007FFFFF71DFFFFF723FFFFF729FFFFF767
:102530002FFF00BF08BD00BF00000000000000002A
:1025400000B583B00190019802F0EAFA00BF03B031
:102550005DF804FB00000000000000000000000027
:10256000094BD3F89030084A43F01903C2F8903071
:1025700000BF054BD3F8903003F00203022BF8D1D3
:1025800000BF00BF704700BF001002400000000005
:1025900000BF7047000000000000000000000000C5
:1025A000074B1B68064A43F48073136000BF044B5B
:1025B0001B6803F48063002BF9D000BF00BF704795
:1025C00000100240000000000000000000000000B9
:1025D000034B1B68024A23F48073136000BF7047EB
:1025E0000010024000000000000000000000000099
:1025F00008B5FFF7D5FF064B01229A6000BF044BD8
:102600009B6803F00C03042BF9D100BF00BF08BD89
:102610000010024000000000000000000000000068
:10262000094BD3F89830084A43F00103C2F89830B8
:1026300000BF054BD3F8983003F00203002BF8D00D
:1026400000BF00BF704700BF001002400000000044
:10265000074B1B68064A43F48033136000BF044BEA
:102660001B6803F40033002BF9D000BF00BF704794
:102670000010024000000000000000000000000008
:10268000054B1B6803F00073002B0CBF01230023D4
:10269000DBB21846704700BF001002400000000087
:1026A00082B0094BD3F890300193019B23F00323B0
:1026B0000193019B43F480730193034A019BC2F889
:1026C000903000BF02B070470010024000000000D0
:1026D000094BD3F8903003F44073B3F5807F08D0F2
:1026E000054B4FF48032C3F89020034B0022C3F80F
:1026F000902000BF704700BF0010024000000000A3
:1027000082B00190074A019B136000BF054B1A6815
:10271000019B534003F00F03002BF7D100BF00BF14
:1027200002B07047002002400000000000000000DE
:10273000204B9B6D1F4A43F0805393651D4B9B6F4D
:102740001C4A23F0805393671A4B9B6F1A4B4FF42C
:1027500000429A60184B0022DA60174B00221A627E
:10276000154B00225A62144B00229A62124B00222F
:10277000DA62114B00221A630F4B00225A630E4B90
:1027800000229A630C4B0022DA630B4B00221A647E
:10279000094B00225A64084B00229A64064B00221F
:1027A000DA64054B00221A65034B00225A6500BF0C
:1027B000704700BF001002400070004000000000A1
:1027C000064B4FF480629A60044B054AC3F8882098
:1027D000024B0022C3F89C2000BF7047001002404B
:1027E0005501005000000000000000000000000043
:1027F00000B583B00190524B4FF400721A6000BFD5
:102800004F4B5B6903F4C063002BF9D14D4B9B68C0
:1028100003F00C03042B17D0FFF7EAFE4A48FFF73A
:102820006FFF484B0022C3F89820464B63221A6082
:1028300000BF444B1B6803F40033002BF9D1404B1D
:102840004FF48072C3F88020019BDB6803F480336F
:10285000002B01D0FFF7FCFE019BDB6903F00103B5
:10286000002B01D0FFF7DCFE364A019B5B69D36089
:10287000019BDB68334A43F480731360019BDB6880
:1028800003F08073002B05D0FFF7FAFE0346002B00
:1028900000D0F3E700BF2B4B9B6803F00302019BC2
:1028A0001B6923F00303274913438B60019B9B693A
:1028B0001846FFF725FF224A019B1B681360204A38
:1028C000019B5B6853601E4A019B9B68C2F8803085
:1028D000019B1B6803F48043002B07D100BF184BFA
:1028E0005B6903F40073002BF9D106E000BF144BC1
:1028F0005B6903F40073002BF9D0124B9B6823F043
:102900000302019B1B6903F003030E4913438B6011
:1029100000BF0C4B9A68019B1B699B00534003F05E
:102920000C03002BF5D1019BDB6803F48073002BB3
:1029300001D1FFF74DFE0023184603B05DF804FBFC
:10294000007000400010024000060400000000007B
:1029500008B500F055FCFFF71BF9FFF7A9FD00BF14
:1029600008BD00BF000000000000000000000000E3
:1029700008B53E4B9B6A3D4B4FF0FF329A623B4B92
:102980009B6A3A4B00229A62384B9B6A374BDB6A50
:10299000364A63F07F03D362344BDB6A334A03F079
:1029A0007F03D362314BDB6A304B1B6B2F4B4FF0F5
:1029B000FF321A632D4B1B6B2C4B00221A632B4BDF
:1029C0001B6B2A4B9B6B294B4FF0FF329A63274BB3
:1029D0009B6B264B00229A63244B9B6B234BDB6B38
:1029E000224B4FF0FF32DA63204BDB6B1F4B002290
:1029F000DA631E4BDB6B1D4B1B6C1C4B4FF0FF3225
:102A00001A641A4B1B6C194B00221A64174B1B6C6F
:102A1000164B1B6E154A43F001031366134BD3F894
:102A20008030124A23F00103C2F880300F4BD3F8F4
:102A30008030FFF77DFE0E4B1B680D4A43F4807318
:102A40001360FFF745FEFFF78BFDFFF7A1FDFFF7D2
:102A5000B7FE0848FFF7CCFE0346002B02D006481D
:102A6000FFF76EFDFFF71CFE00BF08BD001002401F
:102A700000700040EC9E00080C9F00080000000061
:102A800082B00190034A019B52F82330184602B0ED
:102A9000704700BF00080020000000000000000098
:102AA00082B030230193019B83F3118800BF00BFE4
:102AB00000BF00BF02B0704700000000000000002F
:102AC00082B000230193019B83F3118800BF00BFF4
:102AD00000BF00BF02B0704700000000000000000F
:102AE00008B5FFF7DDFF00BF08BD00BF0000000014
:102AF00008B5FFF7E5FF00BF08BD00BF00000000FC
:102B000000B583B0019000910099019803F0D0F8CE
:102B100000BF03B05DF804FB0000000000000000EF
:102B200000B583B001900091009B03F00803002BD7
:102B300029D0019800F014FA019800F011FA019BD5
:102B40005B689B68002B0FD0019B05221A70019BCC
:102B50005B689B68002101989847019B1B78052BB7
:102B600002D1019B02221A70019B00225A60FFF7DA
:102B7000B7FF019B14334FF0FF311846FFF7C0FF3A
:102B8000FFF7B6FF27E0009B03F00403002B09D0FA
:102B9000019B5B685B68002B04D0019B5B685B68F2
:102BA00001989847009B03F00203002B13D0019B70
:102BB0005B685B68002B0ED0019B04221A70019B9E
:102BC0005B685B6801989847019B1B78042B02D1D6
:102BD000019B03221A7000BF03B05DF804FB00BF25
:102BE00008B50548FEF70CFA034B044A9A62024BFB
:102BF0000022DA6200BF08BD38100020149F0008D0
:102C000000B585B00190019B1B78012B4AD10023B0
:102C10000393019B254A93420DD1254BDB6C244A3B
:102C200043F48033D364224BDB6E214A43F4803378
:102C3000D3661F4BDB6E019B1B699B78032B09D06E
:102C4000019B1B699B78042B04D0019B1B699B781B
:102C5000052B16D1019B1B695B681A04019B1B693C
:102C60005B681A43019B9B6A1B6842F001121A6061
:102C7000019B1B691B881A460121019800F020F86E
:102C800008E0019B1B695A68019B9B6A1B6842F024
:102C900001021A60019B1B691B881A46039901985F
:102CA00000F00EF800BF05B05DF804FB38100020FE
:102CB00000100240000000000000000000000000C2
:102CC00084B0039002911346ADF80630039B1B6954
:102CD0009B78052B41D801A252F823F0F52C00086F
:102CE000172D0008392D0008F52C0008172D0008B5
:102CF000392D0008029B002B06D1039B9B6A1B68A1
:102D0000BDF806209A6029E0039B9B6A1B68BDF80A
:102D100006205A6122E0029B002B06D1039B9B6A8E
:102D20001B68BDF80620DA6018E0039B9B6A1B68ED
:102D3000BDF806209A6111E0029B002B06D1039B8F
:102D40009B6A1B68BDF806201A6107E0039B9B6A1B
:102D50001B68BDF80620DA6100E000BF00BF04B0C8
:102D6000704700BF000000000000000000000000ED
:102D700000B587B00190019BDB68019A5268126828
:102D800002FB03F30393019B9B6A1869019B9B6AF7
:102D90009969019B704A00F06BFA0246019BDA6266
:102DA000019BDA6A019B9B6ADB691946104600F0B9
:102DB000DFFB019B1B699B78052B00F2C98001A2F8
:102DC00052F823F0DD2D0008072E0008312E0008F0
:102DD000632E0008892E0008AF2E0008019B9B6A15
:102DE0001B6803F10802019B9B6A5B689B001A4405
:102DF000019BDB6A5B689A60019B9B6A5B6943F499
:102E0000C063049366E0019B9B6A1B6803F10C029C
:102E1000019B9B6A5B689B001A44019BDB6A5B68B1
:102E20009A60019B9B6A5B6943F4C063049351E021
:102E3000019B9B6A1B6803F11002019B9B6A5B6804
:102E40009B001A44019BDB6A5B689A60019B9B6A4A
:102E50005B6943F400730493039B01335B080393A2
:102E600038E0019B9B6A1B6803F12002019BDB6A2F
:102E70005B689A60019B9B6A5B6943F420630493DF
:102E8000039B5B08039325E0019B9B6A1B6803F18E
:102E90002402019BDB6A5B689A60019B9B6A5B6909
:102EA00043F420630493039B5B08039312E0019BAC
:102EB0009B6A1B6803F12802019BDB6A5B689A60CE
:102EC000019B9B6A5B6943F4C0630493039B5B08AB
:102ED000039300BF019B9A68019BDB6A5B68DA6021
:102EE000019BDB6A5B68039A5A60019BDB6A5B6843
:102EF000049A42F00E021A60019BDB6A5B681A6852
:102F0000019BDB6A5B6842F001021A60019B9B6ACD
:102F10001B681B680593019B5B68DB689A00019B3B
:102F20001B695B681A43019B5B68DB689B041A435F
:102F3000019B1B695B681B04134343F0031343F4B9
:102F400080530593019B9B6A1B68059A1A6000E0F9
:102F500000BF07B05DF804FB212B00080000000053
:102F600000B585B00190019BDB6A5B681A68019B24
:102F7000DB6A5B6822F00F021A60019BDB6A1B7C34
:102F80001A460E2303FA02F2019BDB6A1B685A60A1
:102F9000019BDB6A184600F033FA019B0022DA62DB
:102FA000019B9B6A1B681B680393019B1B699B78B1
:102FB000032B09D0019B1B699B78042B04D0019B38
:102FC0001B699B78052B0BD1019B1B695B681A045D
:102FD000019B1B695B68134343F00113039305E0F6
:102FE000019B1B695B6843F001030393019B9B6A90
:102FF0001B68039A1A6000BF05B05DF804FB00BFB0
:1030000008B5044800F074FA034B4FF080525A6040
:1030100000BF08BD349F000800ED00E00000000084
:1030200008B5044800F064FA034B4FF080525A6030
:1030300000BF08BD489F000800ED00E00000000050
:1030400008B5044800F054FA034B4FF080525A6020
:1030500000BF08BD5C9F000800ED00E0000000001C
:1030600008B5044800F044FA034B4FF080525A6010
:1030700000BF08BD709F000800ED00E000000000E8
:1030800008B5044800F034FA034B4FF080525A6000
:1030900000BF08BD849F000800ED00E000000000B4
:1030A00008B5044800F024FA034B4FF080525A60F0
:1030B00000BF08BD989F000800ED00E00000000080
:1030C00008B5044800F014FA034B4FF080525A60E0
:1030D00000BF08BDAC9F000800ED00E0000000004C
:1030E00008B5044800F004FA034B4FF080525A60D0
:1030F00000BF08BDC09F000800ED00E00000000018
:1031000008B5044800F0F4F9034B4FF080525A60C0
:1031100000BF08BDD49F000800ED00E000000000E3
:1031200008B5044800F0E4F9034B4FF080525A60B0
:1031300000BF08BDE89F000800ED00E000000000AF
:1031400008B5044800F0D4F9034B4FF080525A60A0
:1031500000BF08BDFC9F000800ED00E0000000007B
:1031600008B5044800F0C4F9034B4FF080525A6090
:1031700000BF08BD10A0000800ED00E00000000046
:1031800008B5044800F0B4F9034B4FF080525A6080
:1031900000BF08BD24A0000800ED00E00000000012
:1031A00008B5044800F0A4F9034B4FF080525A6070
:1031B00000BF08BD38A0000800ED00E000000000DE
:1031C00008B5044800F094F9034B4FF080525A6060
:1031D00000BF08BD4CA0000800ED00E000000000AA
:1031E00008B5044800F084F9034B4FF080525A6050
:1031F00000BF08BD60A0000800ED00E00000000076
:1032000082B0154B00221A60134B00225A60002333
:10321000019313E01149019A13469B0013449B004C
:103220000B4404331B6800221A600B4A019B0133D4
:10323000002142F83310019B01330193019B0F2BB6
:10324000E8DD074B4FF0FF325A60064B4FF0FF327C
:103250005A6000BF02B0704768100020349F000819
:1032600000000240000402400000000000000000D6
:1032700000B58BB00390029101920093039B0F2B3A
:1032800004D8039B0893039B079319E0039B102B1F
:1032900004D1002308930F23079311E0039B112B04
:1032A00004D1002308930723079309E0039B122B03
:1032B00004D1082308930F23079301E0002395E02E
:1032C000089B09938CE00122099B02FA03F3069301
:1032D000484B1A68069B1340002B7ED1099A13466F
:1032E0009B0013449B00444A134405934149099BA6
:1032F0000133019A41F833203E4A099B0133DB0038
:103300001344009A5A603B4B1A68069B1343394A90
:103310001360069BDBB2002B0DD0384B9B6C374AF9
:1033200043F001039364354B9B6E344A43F0010331
:103330009366324B9B6E069B03F47F43002B0DD0AC
:103340002E4B9B6C2D4A43F0020393642B4B9B6ED8
:103350002A4A43F002039366284B9B6E254B1B6859
:10336000002B0DD0254B9B6C244A43F0040393643F
:10337000224B9B6E214A43F0040393661F4B9B6EC6
:10338000019B002B12D01B4B5A68059B9B68134076
:10339000002B05D1059B9B7C02991846FEF720FC6B
:1033A000144B5A68069B1343124A5360059B5B6893
:1033B0001A68059B5B6822F00F021A60059B1B7C54
:1033C0001A460E2303FA02F2059B1B685A60059BFE
:1033D0005B6800221A60059B08E0099B0133099392
:1033E000099A079B9A427FF66EAF002318460BB0EE
:1033F0005DF804FB68100020349F000800100240B4
:1034000000B585B00190019B5B7C0393344B1A6837
:103410000121039B01FA03F3DB431340304A13609D
:103420002F4B5A680121039B01FA03F3DB4313403E
:103430002B4A53602A4B5A68019B9B681340002B10
:1034400004D1019B9B7C1846FEF7FAFB244A039BA0
:103450000133002142F83310214A039B0133DB0082
:10346000134400225A601E4B1B68DBB2002B0DD1A7
:103470001C4B9B6C1B4A23F001039364194B9B6EFE
:10348000184A23F001039366164B9B6E144B1B687E
:1034900003F47F43002B0DD1124B9B6C114A23F098
:1034A000020393640F4B9B6E0E4A23F00203936654
:1034B0000C4B9B6E0A4B1B68002B0DD1094B9B6C70
:1034C000084A23F004039364064B9B6E054A23F0DD
:1034D00004039366034B9B6E00BF05B05DF804FBCD
:1034E00068100020001002400000000000000000F2
:1034F00000B585B00190019B5B7C0393019B1B6829
:103500001B68019A127CD34003F00E030293019BC7
:103510005B681A68029B1340002B1CD0019B1B7C2C
:103520001946019B1B68029A8A405A600C4A039B09
:10353000013352F83330002B0DD0094A039B01337D
:1035400052F833200649039B0133DB000B445B68D0
:1035500002991846904700BF05B05DF804FB00BF14
:1035600068100020000000000000000000000000C3
:1035700082B001900091019BDB68009A1A6000BF45
:1035800002B07047000000000000000000000000D2
:1035900082B00190019B019A1A60019B019A5A60C6
:1035A00000BF02B0704700BF000000000000000034
:1035B00000B583B00190019B1846FFF7E9FF00BFFB
:1035C00003B05DF804FB00BF000000000000000035
:1035D00000B583B001900198FFF7EAFF00BF03B088
:1035E0005DF804FB00000000000000000000000087
:1035F00000B583B00023019317E0019B1B010F4A24
:1036000013441846FFF7E4FF0C4A019B1B011344C7
:10361000083300221A60094A019B1B0113440C3332
:1036200000221A60019B01330193019B0F2BE4D907
:1036300000BF00BF03B05DF804FB00BFF010002026
:103640008EB0039002910192019B03F003030D934E
:10365000019B9B0803F001030C93019BDB0803F023
:1036600003030B93019B5B0903F003030A93019B84
:10367000DB0903F00F03089300230993029B03F077
:103680000103002B79D0099B03F007039B00089AE4
:1036900002FA03F307930122099B02FA03F306934C
:1036A000099B5B00032202FA03F30593099B03F0D5
:1036B00007039B000F2202FA03F30493039B5A684B
:1036C000069BDB431A400C9B1A43039B5A60039BE7
:1036D0009A68059BDB431A400B9B1A43039B9A6035
:1036E000039BDA68059BDB431A400A9B1A43039B42
:1036F000DA60019B03F00303022B1FD1099B072B08
:1037000009D8039B1A6A049BDB431A40079B1A43A0
:10371000039B1A6208E0039B5A6A049BDB431A402E
:10372000079B1A43039B5A62039B1A68059BDB4362
:103730001A400D9B1A43039B1A601EE0039B1A68F4
:10374000059BDB431A400D9B1A43039B1A60099BA0
:10375000072B09D8039B1A6A049BDB431A40079B7B
:103760001A43039B1A6208E0039B5A6A049BDB43DB
:103770001A40079B1A43039B5A62029B5B08029301
:10378000029B002B0FD00C9B5B000C930B9B9B00B0
:103790000B930A9B9B000A930D9B9B000D93099B27
:1037A000013309936AE700BF0EB0704700000000C4
:1037B00082B030230193019B83F3118800BF00BFC7
:1037C00000BF00BF02B07047000000000000000012
:1037D00082B000230193019B83F3118800BF00BFD7
:1037E00000BF00BF02B070470000000000000000F2
:1037F00000B583B00190019801F092F900BF03B0C9
:103800005DF804FB00000000000000000000000064
:1038100008B5FFF7CDFF00BF08BD00BF00000000E6
:1038200008B5FFF7D5FF00BF08BD00BF00000000CE
:1038300000B583B0019000910099019802F038FA28
:1038400000BF03B05DF804FB0000000000000000B2
:1038500084B00190019B5B685B78002B0FD0019BCB
:103860005B689B8A23F044030393019B5B68DB8ABC
:1038700043F4805343F003039BB2029311E0019B96
:103880005B689B8A43F004039BB223F040030393DD
:10389000019B5B68DB8A43F4805343F007039BB2D0
:1038A0000293019BDB69039A1A60019BDB69029A10
:1038B0005A60019BDB69039A42F040021A6000BF24
:1038C00004B070470000000000000000000000008D
:1038D00082B00190019B5B685B7883F00103DBB2EF
:1038E000002B3AD0019B5B6A5B681A68019B5B6A9C
:1038F0005B6822F00F021A60019B5B6A1B7C1A4610
:103900000E2303FA02F2019B5B6A1B685A6000BF38
:10391000019BDB699B6803F08003002BF8D1019BBE
:10392000DB6900221A60019BDB6900225A60019B5F
:103930001B6A5B681A68019B1B6A5B6822F00F02B6
:103940001A60019B1B6A1B7C1A460E2303FA02F2C3
:10395000019B1B6A1B685A603BE0019B5B6A5B68CA
:103960001A68019B5B6A5B6822F00F021A60019B78
:103970005B6A1B7C1A460E2303FA02F2019B5B6A08
:103980001B685A60019B1B6A5B681A68019B1B6A73
:103990005B6822F00F021A60019B1B6A1B7C1A46AF
:1039A0000E2303FA02F2019B1B6A1B685A60019BFB
:1039B000094A93420DD1094B1B6C084A43F48053CA
:1039C0001364064B1B6C054A23F480531364034BAA
:1039D0001B6C00BF02B07047F011002000100240C5
:1039E00000B583B001900091009B03F00803002B09
:1039F00041D06048FFF7FCFE019B5B6A5B681A6878
:103A0000019B5B6A5B6822F00F021A60019B5B6A94
:103A10001B7C1A460E2303FA02F2019B5B6A1B68A9
:103A20005A60019B1B6A5B681A68019B1B6A5B6892
:103A300022F00F021A60019B1B6A1B7C1A460E23A0
:103A400003FA02F2019B1B6A1B685A60019B5B68C8
:103A50009B68002B04D0019B5B689B68019898478A
:103A6000FFF7D6FE019B083300211846FFF7E0FE62
:103A7000FFF7D6FE79E0019B5B681B78002B28D00E
:103A8000009B03F00403002B09D0019B5B685B687B
:103A9000002B04D0019B5B685B6801989847009BF2
:103AA00003F00203002B60D0019B5B685B68002B76
:103AB0005BD0019B04221A70019B5B685B680198D4
:103AC0009847019B1B78042B4FD1019B03221A704E
:103AD0004BE0019B5B6A5B681A68019B5B6A5B68F1
:103AE00022F00F021A60019B5B6A1B7C1A460E23B0
:103AF00003FA02F2019B5B6A1B685A60019B1B6A16
:103B00005B681A68019B1B6A5B6822F00F021A60EF
:103B1000019B1B6A1B7C1A460E2303FA02F2019BCF
:103B20001B6A1B685A60019B5B685B68002B0FD0A7
:103B3000019B04221A70019B5B685B68019898479F
:103B4000019B1B78042B06D1019B02221A7002E014
:103B5000019B02221A70FFF75BFE019B08330021D4
:103B60001846FFF765FEFFF75BFE00BF03B05DF888
:103B700004FB00BF74A0000800000000000000006B
:103B800000B583B001900091009B03F00803002B67
:103B900040D02248FFF72CFE019B5B6A5B681A68E5
:103BA000019B5B6A5B6822F00F021A60019B5B6AF3
:103BB0001B7C1A460E2303FA02F2019B5B6A1B6808
:103BC0005A60019B1B6A5B681A68019B1B6A5B68F1
:103BD00022F00F021A60019B1B6A1B7C1A460E23FF
:103BE00003FA02F2019B1B6A1B685A60019B5B6827
:103BF0009B68002B04D0019B5B689B6801989847E9
:103C0000FFF706FE019B083300211846FFF710FE60
:103C1000FFF706FE00BF03B05DF804FB74A00008C8
:103C200000B585B00390029101920093039B154A61
:103C300000990298FFF71CFB0246039B1A62039B44
:103C40001B6A002B02D16FF0100316E0039B0E4A93
:103C500000990198FFF70CFB0246039B5A62039BF5
:103C60005B6A002B07D1039B1B6A1846FFF7C8FB52
:103C70006FF0100301E0002300BF184605B05DF8A7
:103C800004FB00BFE1390008813B00080000000090
:103C900008B50B48FDF7C4FE094B0A4ADA61084B28
:103CA00000221A62064B00225A62054B41F20A02B8
:103CB0009A62034B41F21802DA6200BF08BD00BFEE
:103CC000F011002000300140000000000000000062
:103CD00000B585B00190019B4FF0FF325A63019B04
:103CE0001B78012B4BD1019B4E4A934236D10A23BC
:103CF000102210210198FFF793FF0390039B002BE4
:103D000001D0039B8AE0484B1B6E474A43F4805323
:103D10001366454BD3F88030434A43F48053C2F8CE
:103D20008030414BD3F880303F4B1B6C3E4A43F40C
:103D3000805313643C4B1B6C3B4A23F48053136445
:103D4000394B1B6C019B1B6A0A211846FFF710FCBC
:103D5000019B5B6A0B211846FFF70AFC019BDB699C
:103D600003F10C02019B1B6A5B689A60019BDB6993
:103D700003F10C02019B5B6A5B689A6002E00198A8
:103D8000FFF7A6FD019B5B68DB8A03F47063029377
:103D9000029B002B03D0029BB3F5E06F0CD8019B74
:103DA0009B6A23F47062019B9A62019BDB6A23F495
:103DB0007062019BDA620FE0019B9B6A23F47063DF
:103DC00043F4A062019B9A62019BDB6A23F4706357
:103DD00043F4A062019BDA62019B5B681B78002BB5
:103DE0000CD0019B9B6A43F02402019B9A62019BC9
:103DF000DB6A43F02402019BDA620BE0019B9B6AC1
:103E000023F02402019B9A62019BDB6A23F02402C7
:103E1000019BDA620198FFF71BFD0023184605B0ED
:103E20005DF804FBF01100200010024000000000CB
:103E300084B0039002910192039B03F13002039B33
:103E40001B6A5B68DA60039B1B6A5B68029A5A60B4
:103E5000039B1B6A5B68039A926A1A60039B5B6A06
:103E60005B68019ADA60039B5B6A5B68029A5A603E
:103E7000039BDA6A039B5B6A5B6842F080021A600C
:103E8000039B1B6A5B681A68039B1B6A5B6842F0B2
:103E900001021A60039B5B6A5B681A68039B5B6A9A
:103EA0005B6842F001021A600023184604B07047B4
:103EB00082B030230193019B83F3118800BF00BFC0
:103EC00000BF00BF02B0704700000000000000000B
:103ED00082B000230193019B83F3118800BF00BFD0
:103EE00000BF00BF02B070470000000000000000EB
:103EF00008B5FFF7DDFF00BF08BD00BF00000000F0
:103F000008B5FFF7E5FF00BF08BD00BF00000000D7
:103F100008B500F01DFE00BF08BD00BF0000000096
:103F200008B51F4B9B6D1E4A43F0010393651C4B64
:103F30009B6F1B4A43F001039367194B9B6F194B0F
:103F40009B68184A43F0010393600620FEF798FD32
:103F50000346154AA2FB03235B0B4FF08042013B53
:103F600093624FF080434FF0FF32DA624FF08043AC
:103F700000229A614FF0804300225A634FF0804341
:103F80000022DA604FF0804300225A604FF08043F5
:103F900001225A614FF0804301221A6000BF08BD20
:103FA00000100240002004E05917B7D100000000C3
:103FB00000B583B04FF080430193019B1B690093D0
:103FC000019BDB68DBB2009A13400093009BDA434D
:103FD000019B1A61009B03F00203002B05D0FFF741
:103FE00087FFFFF795FFFFF78BFF00BF03B05DF87A
:103FF00004FB00BF00000000000000000000000003
:1040000008B5074B074ADA600548FDF7C1F8064BCB
:10401000064ADA600448FDF7BBF800BF08BD00BFE0
:104020002812002000040040381200200010004038
:1040300000B585B00190019B1B78012B4BD1019BF2
:104040003A4A934221D13A4B9B6D394A43F00203DD
:104050009365374B9B6F364A43F002039367344BAB
:104060009B6F334B9B6B324A43F002039363304B9D
:104070009B6B2F4A23F0020393632D4B9B6B06200F
:10408000FEF7FEFC0246019B9A60019B294A93427F
:1040900021D1274B9B6D264A43F010039365244B97
:1040A0009B6F234A43F010039367214B9B6F204B78
:1040B0009B6B1F4A43F0100393631D4B9B6B1C4A81
:1040C00023F0100393631A4B9B6B0620FEF7D8FC7A
:1040D0000246019B9A60019B9A68019B5B681B6882
:1040E000B2FBF3F39BB2013BADF80E30019BDB68F2
:1040F00000221A60019B5A68019BDB6892685A6033
:10410000019BDB68BDF80E209A62019BDB680022F0
:104110001A61019B5B68DA68019BDB6822F0FF0291
:10412000DA6000BF05B05DF804FB00BF2812002074
:1041300000100240381200200000000000000000C3
:1041400082B001900091019BDB68009A013ADA622B
:10415000019BDB6801225A61019BDB6800225A62E5
:10416000019BDB6800221A61019B5B685B68002B86
:1041700007D0019BDB68DA68019BDB6842F0010233
:10418000DA60019BDB6885221A6000BF02B07047CD
:1041900082B00190019BDB6800221A60019BDB6802
:1041A00000221A61019BDB68DA68019BDB6822F060
:1041B000FF02DA6000BF02B0704700BF00000000DD
:1041C00000B585B00190019BDB681B690393019BDF
:1041D000DB68DB68DBB2039A13400393019BDB6867
:1041E000039AD2431A61039B03F00103002B13D0FF
:1041F000019B1B78042B05D1019B02221A700198A8
:10420000FFF7C6FF019B5B685B68002B04D0019B36
:104210005B685B680198984700BF05B05DF804FBD8
:1042200082B030230193019B83F3118800BF00BF4C
:1042300000BF00BF02B07047000000000000000097
:1042400082B000230193019B83F3118800BF00BF5C
:1042500000BF00BF02B07047000000000000000077
:1042600008B5FFF7DDFF00BF08BD00BF000000007C
:1042700008B5FFF7E5FF00BF08BD00BF0000000064
:1042800000B583B0019000910099019801F0E0FF22
:1042900000BF03B05DF804FB000000000000000058
:1042A00000B585B00190009100230393009B03F0BB
:1042B0000803002B03D0039B43F480730393009BFC
:1042C00003F00103002B03D0039B43F0200303936F
:1042D000009B03F00203002B03D0039B43F0400339
:1042E0000393009B03F00403002B03D0039B43F0D4
:1042F00080030393FFF7B4FF019B0433039918462F
:10430000FFF7BEFFFFF7B4FF00BF05B05DF804FB89
:1043100082B00190044B1B68034A43F0C003136052
:1043200000BF02B0704700BF004400400000000022
:1043300000B583B00F48FDF793F80E4B00930023B0
:1043400010220D490D48FCF72BFC0A4B00930C4B37
:1043500010220C490C48FCF70BFD064B0B4A5A6522
:104360000020FEF78DFB0346024A936500BF03B0B1
:104370005DF804FB48120020A8120020541200200F
:1043800011430008B81200207812002000440040B9
:1043900000B587B00190019B5B6D0493049B1B6883
:1043A0000393049BDB690593049B059A1A62059BA2
:1043B00003F00F03002B03D005990198FFF770FF5E
:1043C000059B03F48073002B1ED0FFF749FF019B70
:1043D00004334FF480611846FFF752FFFFF748FFA0
:1043E00012E0FFF73DFF049B5B6ADAB2019B93F892
:1043F0005C301340DBB219460198FDF749F8FFF72E
:1044000037FF049BDB690593059B03F02003002B1A
:10441000E7D1039B03F08003002B26D020E0FFF7B9
:104420001FFF019B30331846FCF712FD0290029BE0
:10443000002B0DDA019B043308211846FFF720FFFB
:10444000039B23F08002049B1A60FFF711FF0CE02E
:10445000029A049B9A62FFF70BFF049BDB690593AA
:10446000059B03F08003002BD9D1039B03F040038D
:10447000002B25D0059B03F04003002B20D0FFF735
:10448000EFFE019B5A6C019B9B6C9A4205D1019BEC
:104490009B6B002B01D0012300E0002303F00103FC
:1044A000DBB2002B0AD0019B043310211846FFF722
:1044B000E7FE039B23F04002049B1A60FFF7D8FE3F
:1044C00000BF07B05DF804FB000000000000000022
:1044D00082B030230193019B83F3118800BF00BF9A
:1044E00000BF00BF02B070470000000000000000E5
:1044F00082B000230193019B83F3118800BF00BFAA
:1045000000BF00BF02B070470000000000000000C4
:1045100008B5FFF7DDFF00BF08BD00BF00000000C9
:1045200008B5FFF7E5FF00BF08BD00BF00000000B1
:1045300000B583B0019000910099019801F0B8FB9B
:1045400000BF03B05DF804FB0000000000000000A5
:1045500082B00190019BDB6803F00403002B07D0BD
:10456000019B9B6A9A68019B9B6A42F080529A6009
:10457000019BDB6803F40073002B07D0019B9B6A4F
:104580001A68019B9B6A42F010021A6000BF02B0D9
:10459000704700BF000000000000000000000000A5
:1045A00082B00190019BDB6803F00803002B07D069
:1045B000019B9B6A9A68019B9B6A42F400029A6085
:1045C00000BF02B0704700BF000000000000000004
:1045D00082B00190019BDB6803F01003002B07D031
:1045E000019B9B6A1A68019B9B6A42F040021A6019
:1045F00000BF02B0704700BF0000000000000000D4
:1046000008B50748FDF704F9054B064A9A620520EC
:10461000FEF736FA0346024AD36200BF08BD00BF68
:10462000C8120020008000400000000000000000D0
:1046300084B00190019B9B6ADB69C3F30803039379
:10464000039B5B099B0003F00402039BDB09DB0077
:1046500003F008031A43039B9B091B0103F010039B
:104660001A43039B5B0103F478731A43039B1B0AF1
:104670009B0203F4806313430293029B184604B029
:10468000704700BF000000000000000000000000B4
:1046900000B587B003900291019200230593039B1C
:1046A0009B6ADB6903F02003002B03D10398FFF71B
:1046B0004FFF10E0059A019B9A420BD2039B9B6A25
:1046C000596A029B5A1C0292CAB21A70059B0133A6
:1046D0000593E4E700BF059B184607B05DF804FBAF
:1046E00000B587B003900291019200230593039BCC
:1046F0009B6ADB6903F08003002B03D10398FFF76B
:104700004FFF0FE0059A019B9A420AD2029B5A1C66
:1047100002921A78039B9B6A9A62059B0133059368
:10472000E5E700BF0398FFF753FF059B184607B066
:104730005DF804FB00000000000000000000000025
:1047400000B585B00190019B9B6A5B6A0393019B56
:104750009B6ADB6903F02003002B02D10198FFF76D
:10476000F7FE039B184605B05DF804FB000000004F
:1047700000B583B001900091019B9B6A009A9A62F8
:10478000019B9B6ADB6903F08003002B02D1019837
:10479000FFF706FF0198FFF71BFF00BF03B05DF8AE
:1047A00004FB00BF0000000000000000000000004B
:1047B00084B00390029101920023184604B0704720
:1047C00000B587B00190019B9B6A0393039B1B6814
:1047D0000593039B9B6804930198FFF729FF02460A
:1047E000019BDB6813400293029B002B00F0868044
:1047F000029B03F4BC63002B23D0039B10221A629C
:10480000049B23F0805323F001030493059B23F4BE
:1048100088730593039B5B6823F04002039B5A60F7
:10482000FFF776FE019B183301211846FFF780FE43
:10483000019B1C3301211846FFF77AFEFFF770FE3B
:1048400028E0029B03F40073002B0DD0059B23F09E
:1048500010030593FFF75CFE019B1C3300211846F3
:10486000FFF766FEFFF75CFE029B03F00403002BDC
:1048700010D0039B10221A62049B23F080530493F0
:10488000FFF746FE019B183300211846FFF750FE44
:10489000FFF746FE029B03F00803002B0DD0049B9C
:1048A00023F400030493FFF733FE019B2033002120
:1048B0001846FFF73DFEFFF733FE029B03F010039F
:1048C000002B0DD0059B23F040030593FFF720FE3E
:1048D000019B243300211846FFF72AFEFFF720FE34
:1048E000039B059A1A60039B049A9A60019B1B69BB
:1048F000002B03D0019B1B690198984700BF07B0AC
:104900005DF804FB00000000000000000000000053
:1049100082B001900091009B5A68019B5A60009BF5
:104920009A68019B9A60009BDA68019BDA60009BA1
:104930001A69019B5A61009B5A69019B1A62009B8C
:104940009A69019B5A62009B1A68019B1A6000BF1A
:1049500002B07047000000000000000000000000EE
:1049600008B51D4BDB6A1C4A43F07F03D3621A4B28
:10497000DB6A194A23F07F03D362174BDB6A164BBD
:10498000DB6C154A43F07F03D364134BDB6E124A92
:1049900043F07F03D366104BDB6E10494FF090401D
:1049A000FFF7B6FF0E490F48FFF7B2FF0E490F4859
:1049B000FFF7AEFF0E490F48FFF7AAFF0E490F4859
:1049C000FFF7A6FF0E490F48FFF7A2FF0E490F4859
:1049D000FFF79EFF00BF08BD0010024080A0000846
:1049E0009CA0000800040048B8A000080008004887
:1049F000D4A00008000C0048F0A0000800100048F7
:104A00000CA100080014004828A100080018004864
:104A100008B5FFF7A5FFFDF7ABFF00BF08BD00BF5E
:104A200000BF704700000000000000000000000010
:104A300000B58BB00190019B00221A6002AB1846B2
:104A400001F0EEF90423099302AB184601F008FACD
:104A500002AB184601F014FA099B013B0993099B2C
:104A6000002BF1D1029A019B1A6000BF0BB05DF8D8
:104A700004FB00BF00000000000000000000000078
:104A800082B000230193019B83F3118800BF00BF14
:104A900000BF02B0704700BF00000000000000002F
:104AA00008B501F025FC01F073FC01F009FE00BF20
:104AB00008BD00BF00000000000000000000000072
:104AC00000B583B0114B01221A700023019308E056
:104AD0000E4A019B9B00134400225A60019B013344
:104AE0000193019B002BF3D00948FFF7A1FFFFF7CB
:104AF000D7FF0849084800F07BFE044B02221A70D9
:104B0000FFF7BEFF00BF03B05DF804FBF812002002
:104B10000013002090A100080813002000000000EE
:104B200082B0019072B600BF00BF044A019BC2F878
:104B3000AC30034B03221A70FEE700BF08130020BD
:104B4000F81200200000000000000000000000003B
:104B500008B500F095FA00BF08BD00BF00000000D6
:104B600082B00190044B5A6B019B1343024A53637A
:104B700000BF02B0704700BF081300200000000013
:104B800082B001900091019A009B1344184602B034
:104B9000704700BF0000000000000000000000009F
:104BA00082B001900091009A019BD31A184602B07E
:104BB000704700BF0000000000000000000000007F
:104BC00082B00190019B1B68019A9A420CBF01239D
:104BD0000023DBB2184602B0704700BF000000009F
:104BE00082B001900091019B1B68009A9A420CBF11
:104BF00001230023DBB2184602B07047000000001A
:104C000084B0039002910192029B019A9A60029BE8
:104C1000039A5A60029B5B681A68029B1A60029BA7
:104C20001B68029A5A60039B029A1A6000BF04B084
:104C3000704700BF000000000000000000000000FE
:104C400084B0039002910192029B019A9A60029BA8
:104C5000039A1A60029B1B685A68029B5A60029B67
:104C60005B68029A1A60039B029A5A6000BF04B004
:104C7000704700BF000000000000000000000000BE
:104C800000B587B0039002910192039B1B680593C6
:104C900007E0059B9B68019AD31A0193059B1B684B
:104CA0000593059B9B68019A9A428CBF01230023C0
:104CB000DBB2002BEDD1019A02990598FFF7C0FFF6
:104CC000059B9A68019BD21A059B9A60039B4FF043
:104CD000FF329A6000BF07B05DF804FB00000000DF
:104CE00084B00190019B1B680393039B1A68019B8E
:104CF0001A60019B1B68019A5A60039B184604B016
:104D0000704700BF0000000000000000000000002D
:104D100082B00190019B5B68019A12681A60019B46
:104D20001B68019A52685A60019B184602B070478E
:104D300000B583B001900198FBF7CAFD00BF03B036
:104D40005DF804FB0000000000000000000000000F
:104D500008B5FBF7CDFD00BF08BD00BF0000000097
:104D600000B583B001900198FBF7CAFD00BF03B006
:104D70005DF804FB000000000000000000000000DF
:104D800008B5FBF79DFD0346184608BD000000006E
:104D900082B030230193019B83F3118800BF00BFD1
:104DA00000BF00BF02B0704700000000000000001C
:104DB00082B000230193019B83F3118800BF00BFE1
:104DC00000BF00BF02B070470000000000000000FC
:104DD00008B5FFF7D5FF0346184608BD00000000E0
:104DE00000B587B00190009102230593009A059BBE
:104DF0009A4201D2059B009300990198FFF7C0FEEB
:104E000003461846FFF7ACFFFFF7E2FF0490049952
:104E10000198FFF7C5FE0390039A009B9A4234BFA6
:104E200001230023DBB2002B07D1059B013305933F
:104E3000049B0193059B0093DEE700BF059B022BBB
:104E400002D90120FFF78CFE00BF07B05DF804FB1C
:104E500000B587B00390029101920093039B019AE1
:104E6000DA60039B0299009A1846FFF7C9FE0223F5
:104E70000593009A059B9A4201D2059B0093039BE0
:104E8000DB6800991846FFF77BFE03461846FFF7DC
:104E90004FFFFFF79DFF049004990198FFF780FEF4
:104EA0000246009B93428CBF01230023DBB2002B00
:104EB0000FD1059B0133059305990198FFF760FE1B
:104EC00003461846FFF74CFF049B0193059B009394
:104ED000DFE700BF059B022B02D90120FFF740FE50
:104EE00000BF07B05DF804FB0000000000000000F8
:104EF00000B589B0039002910192FFF769FF069017
:104F0000039B1846FFF75CFE0346002B06D0019B6F
:104F1000069A02990398FFF79BFF20E0039BDB684A
:104F200006991846FFF73CFE0590059A019B13442D
:104F30000793079A059B9A4201D2019B0793039B13
:104F40001B689B68079A9A4203D201990698FFF75B
:104F500047FF039B0299079A1846FFF791FE09B095
:104F60005DF804FB000000000000000000000000ED
:104F700000B587B00390029101920093094B05930D
:104F8000039B009A1A61039B019ADA60039B00223B
:104F90005A61029A03990598FFF7AAFF00BF07B06C
:104FA0005DF804FB18130020000000000000000062
:104FB00000B587B001902E4B0593059B019A1146D1
:104FC0001846FFF70DFE034683F00103DBB2002B0A
:104FD00014D0019B1846FFF79BFE019B1B68996844
:104FE000019B9A68019B1B680A449A60019B0022FE
:104FF0001A60059B4FF0FF329A6035E0059B18461A
:10500000FFF76EFE019B00221A60059B1846FFF712
:10501000D7FD0346002B02D0FFF79AFE24E0059B44
:105020001B689968019B9A68059B1B680A449A60F3
:10503000FFF7CEFE0490059BDB6804991846FFF746
:10504000AFFD0390059B1B689B68039A9A420AD2A6
:10505000059B1B689A68039BD31A029302990498D4
:10506000FFF7BEFE00E000BF07B05DF804FB00BF25
:1050700018130020000000000000000000000000E5
:1050800000B589B04C4B0593059B1B680493FFF753
:105090009FFE0390059BDB6803991846FFF780FD90
:1050A0000290049B9B68029A9A4266D3059BDA6839
:1050B000049B9B6819461046FFF762FD0190059B13
:1050C000019ADA60049B1846FFF722FE049B002237
:1050D0001A60059B1846FFF773FD0346002B01D0AD
:1050E000FFF736FEFFF764FE049BDB68049A126943
:1050F000114604989847FFF74BFE049B5B69002B11
:1051000014BF01230023DBB2002BBDD0FFF760FEEC
:10511000039003990198FFF743FD0290049B5B699C
:10512000029A9A4205D90220FFF71AFD002306933E
:1051300004E0049B5A69029BD31A0693059B184608
:10514000FFF73EFD0346002B06D0069B039A049909
:105150000598FFF77DFE2CE0029A069B1344079307
:10516000079A029B9A4201D2069B0793059B0499DA
:10517000079A1846FFF784FD86E700BF059B18468F
:10518000FFF71EFD0346002B12D1059BDA68029B38
:105190001A44059BDA60049B9A68029BD21A049B0E
:1051A0009A60049B9B6819460398FFF719FE00E07C
:1051B00000BF09B05DF804FB1813002000000000D8
:1051C00082B00190019B5B68019A12681A60019B92
:1051D0001B68019A52685A60019B184602B07047DA
:1051E00084B00190019B1B680393039B1A68019B89
:1051F0001A60019B1B68019A5A60039B184604B011
:10520000704700BF00000000000000000000000028
:1052100082B001900091019B1B680193019B9A68E9
:10522000009B9B689A422CBF01230023DBB2002B1A
:10523000F1D1009B019A1A60019B5A68009B5A6049
:10524000009B5B68009A1A60019B009A5A60009B61
:10525000184602B0704700BF0000000000000000C8
:1052600082B001900091019B1B680193019B9A6899
:10527000009B9B689A428CBF01230023DBB2002B6A
:10528000F1D1009B019A1A60019B5A68009B5A60F9
:10529000009B5B68009A1A60019B009A5A60009B11
:1052A000184602B0704700BF000000000000000078
:1052B00082B030230193019B83F3118800BF00BFAC
:1052C00000BF00BF02B070470000000000000000F7
:1052D00082B000230193019B83F3118800BF00BFBC
:1052E00000BF00BF02B070470000000000000000D7
:1052F00082B00190019B1B68002B14BF0123002387
:10530000DBB2184602B07047000000000000000049
:1053100082B00190019B9B685A1C019B9A6000BF60
:1053200002B0704700000000000000000000000014
:1053300000B583B00190019B002283F84C20019BB3
:105340001B6C1A46019B19461046FFF761FF034686
:10535000184603B05DF804FB0000000000000000E8
:1053600000B583B00190019B002283F84C20019B83
:105370001B6C1A46019B19461046FFF771FF034646
:10538000184603B05DF804FB0000000000000000B8
:1053900000B585B00D4B0393039BDB680293039B21
:1053A0001846FFF71DFF0190019B012283F84C2056
:1053B000039B019ADA600298FFF7BAFF0290019806
:1053C000029900DF00BF05B05DF804FB0813002060
:1053D00000B585B00D4B0393039BDB680293039BE1
:1053E0001846FFF7FDFE0190019B012283F84C2037
:1053F000039B019ADA600298FFF7B2FF02900198CE
:10540000029900DF00BF05B05DF804FB081300201F
:1054100000B585B001900091009B0393FFF748FF12
:10542000039B93F84C300C2B2ED801A252F823F09A
:105430006554000889540008895400086B5400081A
:105440007F54000875540008895400087F540008F0
:1054500089540008895400088954000889540008B8
:105460007F540008FFF734FF19E0039B1B6D0022F7
:105470001A600AE0039B1B6D1846FFF749FF039B68
:105480001846FFF79DFE00E000BF039B4FF0FF3280
:105490001A650398FFF74CFFFFF71AFF00BF05B02E
:1054A0005DF804FB000000000000000000000000A8
:1054B00000B583B001900198FFF73AFF0346184604
:1054C00003B05DF804FB00BF000000000000000016
:1054D00000B587B003468DF807300E4B0493049B4C
:1054E000DB680393039B9DF8072083F84C20049B03
:1054F0001846FFF775FE0590059B012283F84C20A6
:10550000049B059ADA600598039900DF00BF07B095
:105510005DF804FB081300200000000000000000FC
:1055200000B58BB0034600918DF80730154BDB6852
:105530000993009BB3F1FF3F16D003A8099B124AC1
:105540000099FFF715FD9DF807301846FFF7C0FFDB
:1055500003AB1846FFF7CCFE0346002B09D003AB84
:105560001846FFF725FD04E09DF807301846FFF7C1
:10557000AFFF099B1B6D00BF00BF18460BB05DF865
:1055800004FB00BF081300201154000800000000B5
:1055900000B585B001900091144B0293029BDB682B
:1055A0000393019B009A1A65019B9A68039B9B6871
:1055B0009A4294BF01230023DBB2002B03D0019851
:1055C000FFF7B6FE0DE00398FFF7CAFE0390019BBC
:1055D000012283F84C20029B019ADA60019803991A
:1055E00000DF00BF05B05DF804FB00BF081300201A
:1055F00000B583B00B4B0193019BDB680093019BCB
:105600001B689A68009B9B689A428CBF0123002309
:10561000DBB2002B01D0FFF7DBFE00BF03B05DF86B
:1056200004FB00BF08130020000000000000000081
:1056300084B00B4B0393039BDB680293039B1B68B3
:105640009B680193029B9B680093019A009B9A427E
:105650008CBF01230023DBB2184604B0704700BFA3
:1056600008130020000000000000000000000000FF
:1056700000B583B00B4B0193019BDB680093019B4A
:105680001B689A68009B9B689A422CBF01230023E9
:10569000DBB2002B01D0FFF77BFE00BF03B05DF84B
:1056A00004FB00BF08130020000000000000000001
:1056B00000B585B00C4B0393039BDB680293039BFF
:1056C0001846FFF78DFD0190019B012283F84C20C5
:1056D000039B019ADA600298FFF742FE019B18468D
:1056E00005B05DF804FB00BF0813002000000000B7
:1056F00082B00190019B00221A6000BF02B0704787
:1057000082B00190019B00221A6000BF02B0704776
:1057100082B00190019B019A1A60019B019A5A6024
:1057200000BF02B0704700BF000000000000000092
:1057300082B00190019B019A1A60019B019A5A6004
:10574000019B00229A6000BF02B070470000000079
:1057500082B00190019B019A1A60019B019A5A60E4
:10576000019B4FF0FF329A6000BF02B0704700BF4C
:1057700008B5FBF7A5F80346184608BD0000000071
:1057800008B5FFF7F5FF0346184608BD0000000006
:1057900030B583B00190019B1846FFF7D9FF019BFC
:1057A0000022DA60FFF7ECFF034600221C46154694
:1057B000019BC3E9044500BF03B030BD00000000F9
:1057C00000B583B00190019B1846FFF7A1FF00BF11
:1057D00003B05DF804FB00BF000000000000000003
:1057E00082B0019000BFFDE7000000000000000053
:1057F00000B58BB00190009100230993284A099BC2
:105800009B001344019A5A60019B099A1A63019BF9
:10581000009A9A63019801F02BF8019B1846FFF754
:1058200087FF019B28331846FFF7CAFF019B3433DB
:105830001846FFF75DFF019B10331846FFF7A8FFDE
:10584000019BAC331846FFF75BFF019B03F13C0162
:105850008023144A019800F003F90246019BDA60A4
:10586000019BDB68009A52689A64019BDB68012205
:1058700083F84C200C4B0393009BDB680493009B44
:105880001B69059301230693084B07930023089394
:1058900003AB184600F064F900BF0BB05DF804FBE1
:1058A000F8120020ACA10008A4A10008E1570008EC
:1058B00082B00190019B019A1A6000BF02B070474C
:1058C00082B00190019B1B68019A9A4214BF012388
:1058D0000023DBB2184602B0704700BF0000000092
:1058E00084B00190019B1B680393039B1A68019B82
:1058F0001A60039B184604B0704700BF0000000008
:1059000082B00190019B019A1A60019B019A5A6032
:1059100000BF02B0704700BF0000000000000000A0
:1059200082B00190019B1B68019A9A4214BF012327
:105930000023DBB2184602B0704700BF0000000031
:1059400082B001900091009B019A1A60019B5A68F5
:10595000009B5A60009B5B68009A1A60019B009A4A
:105960005A6000BF02B07047000000000000000055
:1059700084B00190019B1B680393039B1A68019BF1
:105980001A60019B1B68019A5A60039B184604B079
:10599000704700BF00000000000000000000000091
:1059A00082B00190019B5B68019A12681A60019BAA
:1059B0001B68019A52685A60019B184602B07047F2
:1059C00082B030230193019B83F3118800BF00BF95
:1059D00000BF02B0704700BF0000000000000000E0
:1059E00082B000230193019B83F3118800BF00BFA5
:1059F00000BF02B0704700BF0000000000000000C0
:105A0000014BDB68184670470813002000000000B7
:105A100000B583B0019001990820FFF781FD00BF18
:105A200003B05DF804FB00BF0000000000000000B0
:105A300000B585B001900091019B1846FFF798FFD3
:105A40000390039B009A1A650398FFF731FD00BF8E
:105A500005B05DF804FB00BF00000000000000007E
:105A600000B585B00390029101920093029B009AC9
:105A70009A60029B022283F84C20029B002283F84A
:105A80004D20029B039A1A64029B009A9A66029B1D
:105A900000225A66029B00221A66029B012283F8AA
:105AA0004E20029B019A5A64039B03F12802029B39
:105AB000383319461046FFF743FF029B543318460C
:105AC000FFF7F6FE029B58331846FFF719FF029BBB
:105AD000184605B05DF804FB00000000000000005F
:105AE00000B585B00190019B9B68703B0393019BBF
:105AF0005A68039B9A64039BA3F12002039BDA601C
:105B0000039B30221A61019B1B691A46039B5A6151
:105B1000019B5B691A46039B9A61039B6FF002022B
:105B20005A63039BDB680A4A9A61039BDB684FF068
:105B30008072DA61019B1A68019BDB680399054852
:105B4000FFF78EFF034600BF184605B05DF804FB63
:105B50000D030008081300200000000000000000F2
:105B600000B583B001900198FFF7BAFF03461846CD
:105B7000FFF79EFC0346184603B05DF804FB00BF28
:105B800000B583B00190FFF71BFF019800F008F803
:105B900000BF03B05DF804FB00000000000000003F
:105BA00000B585B00190FFF72BFF0390039B019A8E
:105BB0001A6508E0039B54331846FFF791FE03462D
:105BC0001846FFF775FC039B54331846FFF778FE21
:105BD0000346002BEED1039B93F84E30002B0CBFF5
:105BE00001230023DBB2002B10D0039B93F84D3030
:105BF00003F00303002B0CBF01230023DBB2002BB7
:105C000004D0039B38331846FFF7CAFE0F20FFF776
:105C10005FFC00BF05B05DF804FB00BF00000000A2
:105C200000B583B00190FFF7CBFE0198FFF7F0FEBF
:105C3000FFF7D6FE00BF03B05DF804FB00000000D4
:105C400008B5FFF7BDFEFFF713FDFFF7C9FE00BF64
:105C500008BD00BF000000000000000000000000C0
:105C600000B585B001900091FFF7CAFE0390009B3C
:105C7000002B0CBF01230023DBB2002B02D04FF01E
:105C8000FF330AE0019B039A1A60039B019A1A658D
:105C900000990320FFF744FC0346184605B05DF861
:105CA00004FB00BF00000000000000000000000036
:105CB00000B585B001900091019B1B68002B0BD0B3
:105CC000019B1B680393019B00221A60039B009AAF
:105CD0001A650398FFF7ECFB00BF05B05DF804FB05
:105CE00000B585B001900091019B1B68002B09D085
:105CF000019B1B680393019B00221A600099039883
:105D0000FFF746FC00BF05B05DF804FB0000000093
:105D100000B585B001900091FFF772FE0390009BE3
:105D2000002B0CBF01230023DBB2002B02D04FF06D
:105D3000FF3309E0019B03991846FFF701FE009924
:105D40000420FFF7EDFB0346184605B05DF804FBA1
:105D500000B583B001900091019B1846FFF7E0FD6C
:105D60000346002B03D000990198FFF761FE00BFA6
:105D700003B05DF804FB00BF00000000000000005D
:105D800000B583B00190009103E000990198FFF7FE
:105D90004FFE019B1846FFF7C3FD0346002BF4D1CD
:105DA00000BF00BF03B05DF804FB00BF00000000AF
:105DB000F0B484B0039002910192039BDB685A1CFB
:105DC000039BDA60039B9B68029AD21A019BD21A4A
:105DD000039B9A60039BD3E90423039989680020FD
:105DE0000C460546161943EB0507039BC3E90467F8
:105DF000039B9A68039B5B689A4203D9039B9A684A
:105E0000039B5A60039B9A68039B1B689A4203D2C8
:105E1000039B9A68039B1A6000BF04B0F0BC7047F4
:105E200082B00190019B4FF0FF321A60019B00226B
:105E30005A60019B00229A60019B0022DA6001995E
:105E40004FF000024FF00003C1E9042300BF02B08D
:105E5000704700BF000000000000000000000000CC
:105E600082B00190034B5A68019B9A6000BF02B058
:105E7000704700BF001000E00000000000000000BC
:105E800000B583B00190064B5B68064A92681946DC
:105E90000198FFF78DFF00BF03B05DF804FB00BF62
:105EA000001000E0F81200200000000000000000D8
:105EB00082B00190019B019A1A60019B019A5A607D
:105EC00000BF02B0704700BF0000000000000000EB
:105ED00000B583B001900091019B1846FFF7E8FFE1
:105EE000019B009A9A6000BF03B05DF804FB00BFFD
:105EF00082B00190019B019A1A60019B019A5A603D
:105F000000BF02B0704700BF0000000000000000AA
:105F100082B00190019B1B68019A9A4214BF012331
:105F20000023DBB2184602B0704700BF000000003B
:105F300084B00190019B1B680393039B1A68019B2B
:105F40001A60019B1B68019A5A60039B184604B0B3
:105F5000704700BF000000000000000000000000CB
:105F600082B00190019B5B68019A12681A60019BE4
:105F70001B68019A52685A60019B184602B070472C
:105F800082B030230193019B83F3118800BF00BFCF
:105F900000BF02B0704700BF00000000000000001A
:105FA00082B000230193019B83F3118800BF00BFDF
:105FB00000BF02B0704700BF0000000000000000FA
:105FC00084B001900091019B0393039B1B68039392
:105FD000039A019B9A4205D0039B9A68009B9B6899
:105FE0009A42F2D2009B039A1A60039B5A68009B64
:105FF0005A60009B5B68009A1A60039B009A5A6083
:1060000000BF04B0704700BF0000000000000000A7
:10601000014BDB68184670470813002000000000A1
:1060200000B583B00190019B1846FFF771FF03464E
:10603000184603B05DF804FB0000000000000000FB
:1060400000B583B00190019B1846FFF751FF019BFB
:1060500000229A6000BF03B05DF804FB000000005E
:1060600000B583B00190FFF78BFF019800F008F8AE
:10607000FFF796FF00BF03B05DF804FB00000000CF
:1060800010B584B00190FFF7C3FF0390019B9B689C
:10609000002B4ED0019B9B68029337E0039B9A68CC
:1060A000029B9A60029B93F84C30072B16D0072B6B
:1060B0002ADC002B1FD0062B26D1029B1B6D1C4611
:1060C000029B1846FFF74CFF034619462046FFF790
:1060D00077FF029B1B6D9B68029317E0029B1B6D71
:1060E0001C46029B1846FFF73BFF03461946204615
:1060F000FFF766FF09E0029B1846FFF731FF0346F2
:106100001846FFF7D5F900E000BF05E0029B9A684A
:10611000039B9B689A42C1D3019B039A1146184680
:10612000FFF74EFF039B019A1A650620FFF7D0F98F
:1061300009E0019B039A9A60039B5A6E019BDA6007
:10614000039B019A5A6600BF04B010BD0000000016
:1061500000B587B00190FFF75BFF0390FFF710FFDA
:10616000019BDA68039B5A660198FFF759FF0346C3
:10617000002B34D0039B9B6E0593039B5B6E0493B3
:1061800012E00498FFF74CFF0346002B09D0049B54
:106190001B689B68059A9A4203D2049B1B689B6804
:1061A0000593049BDB680493049B002BE9D1039BBC
:1061B000059A9A60019B1846FFF7BAFE0290019B70
:1061C000029A9A60029B5A6E019BDA60029B019AC6
:1061D0005A660298FFF76CF9FFF70AFA02E0019B92
:1061E00000229A60FFF7DCFE00BF07B05DF804FBF9
:1061F00000B583B001900091019B1A6E009B1A4379
:10620000019B1A66019B93F84C300A2B06D1019B27
:106210001A6E019B1B6D1340002B0DD1019B93F84F
:106220004C300B2B0ED1019B1A6E019B1B6D1A403B
:10623000019B1B6D9A4205D1019B00221A650198B2
:10624000FFF736F900BF03B05DF804FB0000000063
:1062500000B585B001900091019B1B68039319E084
:10626000039BDA68009B1A43039BDA60009B002BB8
:1062700005D0039B1A69009B1340002B07D0039B9A
:106280005A68039B9B6819461046FFF7B1FF039BB2
:106290001B680393039A019B9A42E1D100BF00BFA0
:1062A00005B05DF804FB00BF000000000000000026
:1062B00082B030230193019B83F3118800BF00BF9C
:1062C00000BF02B0704700BF0000000000000000E7
:1062D00082B000230193019B83F3118800BF00BFAC
:1062E00000BF02B0704700BF0000000000000000C7
:1062F000034B044A1A60024B034A5A6000BF7047BE
:1063000088140020C81500200000022000000000B2
:1063100086B0039002910192104B5A68039B5B4236
:1063200013441A46029B5B4213400593019B5B4258
:10633000059A13440493094B1B68049A9A4204D3A8
:10634000064B5B68049A9A4201D9002303E0034A92
:10635000049B5360059B184606B0704788140020C4
:1063600000B587B0039002910192FFF7A1FF019A57
:1063700002990398FFF7CCFF0590FFF7A9FF059B53
:10638000184607B05DF804FB0000000000000000A4
:1063900008B5074B074A1A60054B00225A60044BA8
:1063A00000229A600448FFF74BFE00BF08BD00BF03
:1063B00090140020616300089C140020000000007D
:1063C00000B58DB0039002910192039B002B01D187
:1063D000624B0393019B072B01D808230193029B77
:1063E0000733DB080993039B0C331846FFF738FE8D
:1063F000039B04330B9387E00B9B1B680A930A9A59
:10640000019B1344DA1D019B5B421340083B089338
:106410000A9B5B680133DB000A9A1344089A9A428C
:1064200070D20A9B5B680133DB000A9A1A44089B0E
:106430000833D31ADB101A46099B934262D8089A94
:106440000A9B9A422CD90A9B5B680133DB000A9AAB
:106450001A44089B0833D31ADB1006930A9B0833AF
:10646000089AD31ADB101A460A9B5A60069A099BAF
:106470009A4212D9099B0133DB00089A1344059311
:10648000069A099BD31A5A1E059B5A600A9B1A68E2
:10649000059B1A600A9B059A1A60089B0A9323E0E1
:1064A0000A9B5B68099A9A4204D10A9B1A680B9B63
:1064B0001A6019E0099B0133DB000A9A1344079321
:1064C0000A9B1A68079B1A600A9B5B680133DB0012
:1064D0000A9A1A44079B0833D31ADB101A46079B03
:1064E0005A600B9B079A1A600A9B029A5A600A9B91
:1064F000039A1A60039B0C331846FFF729FE0A9B88
:10650000083326E00A9B0B930B9B1B68002B7FF440
:1065100073AF039B0C331846FFF71AFE039B1B68EF
:10652000002B15D0039B1B68099AD0000822019903
:1065300098470890089B002B0AD0089B083B0A93B9
:106540000A9B039A1A600A9B029A5A60089B00E011
:10655000002318460DB05DF804FB00BF9014002026
:1065600000B587B00190019B083B0493049B1B6816
:106570000393039B04330593049B5B680733DA089A
:10658000049B5A60039B0C331846FFF769FD039B7D
:106590000433059A9A4203D0049A059B9A423DD946
:1065A000059B1B68002B04D0059B1B68049A9A422C
:1065B00034D2059B1A68049B1A60059B049A1A60E2
:1065C000049B5B680133DB00049A1A44049B1B683C
:1065D0009A420DD1049B5A68049B1B685B68134464
:1065E0005A1C049B5A60049B1B681A68049B1A601F
:1065F000059B5B680133DB00059A1344049A9A42B9
:1066000010D1059B5A68049B5B6813445A1C059B78
:106610005A60049B1A68059B1A6003E0059B1B687F
:106620000593B4E700BF039B0C331846FFF790FDBA
:1066300000BF07B05DF804FB000000000000000090
:1066400084B00390029101920093039B00221A6090
:10665000039B029A5A60039B019A9A60039B009ADB
:10666000DA6000BF04B070470000000000000000C6
:1066700000B583B001900091002200990198FFF7C6
:1066800047FE0346184603B05DF804FB0000000017
:1066900000B585B0039002910192019B04220299FA
:1066A0000398FFF7CDFF00BF05B05DF804FB00BF06
:1066B00082B00190019B019A1A6000BF02B070473E
:1066C00008B51048FFF7BCFC0F48FFF7F1FF0F4A71
:1066D00014210F48FFF7DCFF0E48FFF7E9FF0E48D3
:1066E000FFF7E6FF094A1C210C48FFF7D1FF0C48D1
:1066F000FFF7DEFF0B48FFF7DBFF0B48FFF7D8FF84
:1067000000BF08BDAC140020BC1400207166000856
:10671000C0140020D0140020D4140020D81400206D
:10672000E8140020EC140020F01400200000000009
:1067300084B00190019B03F0070303930B4BDB68CC
:106740000293029A4FF6FF0313400293039B1A022F
:10675000029B134343F0BF6343F400330293034AA5
:10676000029BD36000BF04B0704700BF00ED00E0A3
:1067700082B0034600918DF807309DF90730002B59
:106780000ADB009BDAB20C499DF907301201D2B244
:106790000B4483F800230BE0009BDAB207499DF815
:1067A000073003F00F03043B1201D2B20B441A76F8
:1067B00000BF02B0704700BF00E100E000ED00E064
:1067C00082B030230193019B83F3118800BF00BF87
:1067D00000BF02B0704700BF0000000000000000D2
:1067E00082B000230193019B83F3118800BF00BF97
:1067F00000BF02B0704700BF0000000000000000B2
:10680000014BDB68184670470813002000000000A9
:106810002DE9F04383B0FFF7D3FFFEF709FF0346EE
:10682000002B18D0FFF7ECFF0190FEF741FF00901E
:10683000019B0022984691464FF000024FF0000362
:1068400043460022009900200E46074642EA06040D
:1068500043EA070505E0FFF7C3FF4FF000044FF0E0
:10686000000522462B461046194603B0BDE8F083CA
:1068700000B585B0019030230393039B83F3118807
:1068800000BF62B600BF00BF0320FFF751FF0D4BF2
:10689000DB680C4A43F08073D3600B4B1B680A4AD9
:1068A00043F00103136002216FF00400FFF760FF63
:1068B0000F216FF00100FFF75BFF00BF05B05DF82F
:1068C00004FB00BFF0ED00E0001000E0000000005D
:1068D00008B50C4B93F90030002B11D1094BFF2266
:1068E0001A7000F01DF802F0B3F802F0B9F800F0E9
:1068F000C7F800F045FB02F0CBF800F021F800E00B
:1069000000BF08BDF41400200000000000000000DB
:10691000014BDB6818467047081300200000000098
:1069200008B5FFF7F5FF0346002B03D1F9F770FF19
:10693000FEF7C6F800BF08BD000000000000000020
:1069400000BF7047000000000000000000000000D1
:106950002DE9F04F85B003900399002904D00399E5
:10696000B1F1FF3F03D007E0FFF76AF958E04FF0BD
:10697000FF30FFF755F953E0039900200E46074614
:10698000304639464FF0000A4FF0000B4FEA810BBA
:106990004BEA907B4FEA800A50465946841941EBF6
:1069A00007054FF000004FF00001E90041EA547183
:1069B000E00004460D46A21B65EB07034FF0000004
:1069C0004FF00001190141EA1271100102460B4615
:1069D00012EB060843EB07094FF000024FF00003EB
:1069E0004FEA091343EA18734FEA08129046994692
:1069F00042464B4640F2E7315118009143F1000303
:106A000001934FF47A724FF00003DDE90001F9F7CA
:106A100021FD02460B4613461846FFF701F900BF59
:106A200005B0BDE8F08F00BF0000000000000000CE
:106A300000B585B0039002910192029A019B9A429F
:106A400001DD019B0293039B019ADA60039B02998B
:106A50001846FFF73DFA00BF05B05DF804FB00BF24
:106A600000B583B001900091082200990198FFF7CA
:106A7000A7FC0346184603B05DF804FB00000000C5
:106A800000BF704700000000000000000000000090
:106A900010B586B00190009100230393039B0493EB
:106AA0002F4B1B68059314E0059B5B68019A9A4283
:106AB00002D1049B01330493059B5B681A88019BF8
:106AC0001B889A4202D1039B01330393059B1B68E9
:106AD0000593059B002BE7D1019B5B6819460020BD
:106AE000FFF7BEFF0590059B002B01D1002334E08A
:106AF000019B5B681A460021059803F02DF9059B60
:106B0000019A5A60019B9B68002B0ED0019B9C68E8
:106B1000039B049A00990598A0470346002B04D1D3
:106B20000598FFF71DFD002317E00D4B1B68002B98
:106B300004D00C4B1B68059A1A6002E0084A059BBA
:106B40001360084A059B1360019BDB68002B03D090
:106B5000019BDB6805989847059B184606B010BD59
:106B6000F8140020FC1400200000000000000000C9
:106B700084B003460091ADF80630002302930F4B1A
:106B80001B68039312E0039B5B681B88BDF806201B
:106B90009A4208D1029A009B9A4201D1039B09E0D4
:106BA000029B01330293039B1B680393039B002BFF
:106BB000E9D10023184604B0704700BFF814002044
:106BC00082B003460091ADF80630009B002B02D046
:106BD000009B1B6801E00A4B1B68009302E0009BCE
:106BE0001B680093009B002B06D0009B5B681B88F2
:106BF000BDF806209A42F2D1009B184602B07047B9
:106C0000F814002000000000000000000000000058
:106C100000B585B00190019BB3F93C301A46019B49
:106C2000B3F93E3002FB03F30393019802F048FAF4
:106C300005E0019802F05CFA039B013B0393039B80
:106C4000002BF6D1019802F073FA00BF05B05DF891
:106C500004FB00BF00000000000000000000000076
:106C600000B583B00190019BB3F94020019BB3F9BB
:106C700038309A420FDA019BB3F93820019B9A878A
:106C8000019BB3F94020019B1A87019BB3F93C207B
:106C9000019BA3F84020019BB3F93A20019BB3F973
:106CA00032309A4258DB019BB3F93A20019BB3F989
:106CB00036309A4250DA019BB3F93820019BB3F980
:106CC00030309A4204DA019BB3F93020019B1A87D5
:106CD000019BB3F94020019BB3F934309A4209DBA0
:106CE000019BB3F934309BB2013B9BB21AB2019BBA
:106CF000A3F84020019BB3F94020019BB3F9383041
:106D00009A422BDB019BB3F940309AB2019BB3F955
:106D100038309BB2D31A9BB201339BB21AB2019B9B
:106D20009A87019B0122DA87019802F0C9F901983C
:106D300002F0DEF9019BB3F93C309BB2013B9BB200
:106D40001AB2019B9A87019BB3F93C30002BEED11C
:106D5000019802F0EDF902E000BF00E000BF03B0CF
:106D60005DF804FB000000000000000000000000CF
:106D700000B583B00190019BB3F94220019BB3F9A8
:106D80003A309A420FDA019BB3F93A20019BDA8735
:106D9000019BB3F94220019B5A87019BB3F93E2026
:106DA000019BA3F84220019BB3F93820019BB3F962
:106DB00030309A4258DB019BB3F93820019BB3F97C
:106DC00034309A4250DA019BB3F93A20019BB3F96F
:106DD00032309A4204DA019BB3F93220019B5A8780
:106DE000019BB3F94220019BB3F936309A4209DB8B
:106DF000019BB3F936309BB2013B9BB21AB2019BA7
:106E0000A3F84220019BB3F94220019BB3F93A3029
:106E10009A422BDB019BB3F942309AB2019BB3F942
:106E20003A309BB2D31A9BB201339BB21AB2019B88
:106E3000DA87019B01229A87019802F041F90198B3
:106E400002F056F9019BB3F93E309BB2013B9BB275
:106E50001AB2019BDA87019BB3F93E30002BEED1C9
:106E6000019802F065F902E000BF00E000BF03B046
:106E70005DF804FB000000000000000000000000BE
:106E800010B588B00390039BB3F90830002B00DAEB
:106E90003F339B11ADF81E30BDF91E30002B02D1DF
:106EA0000123ADF81E30039BB3F908301A46BDF933
:106EB0001E305B01D31ADA0F13445B10ADF81630A5
:106EC000039BB3F90A301A46BDF91E301B01D31AD1
:106ED000DA0F13445B10ADF81430254B06933EE0F7
:106EE000069BB3F900309AB2BDF81E3012FB03F3D3
:106EF0009AB2BDF8163013449BB219B2069B023306
:106F0000B3F900309AB2BDF81E3012FB03F39AB207
:106F1000BDF8143013449BB218B2069B0433B3F986
:106F200000309AB2BDF81E3012FB03F39BB21CB2C4
:106F3000069B0633B3F900309AB2BDF81E3012FB3F
:106F400003F39BB21BB24FF6FF72019200932346EC
:106F50000246039800F014F9069B08330693054A8D
:106F6000069B9342BCD300BF00BF08B010BD00BF5A
:106F7000D8A1000858A2000800000000000000008E
:106F800000B583B0134B5B8803F00103002B03D1E2
:106F900000211048FFF77CFD4FF47A70FFF7D8FC12
:106FA00000216720FFF70CFE019008E00021019806
:106FB00000F09EF801996720FFF702FE0190019B07
:106FC000002BF3D1044BFF221A7000BF03B05DF811
:106FD00004FB00BF54B000080415002000000000AE
:106FE00000B587B00390029101920093009BDAB242
:106FF000039B1A77019BDAB2039B5A77039B00220B
:10700000DA83039B029A5A61039B20331846FFF7E9
:1070100017F8039B20331846FFF722F8039801F076
:107020007FFE03468DF81730039B20331846FFF789
:107030008FF89DF91730184607B05DF804FB00BFC4
:1070400000B585B0039040F2E9320121039800F0C9
:10705000E7F9039BB3F90820039BB3F90A300093C7
:10706000134600220021039800F042F90021039802
:1070700000F03EF8094B93F90030002B02D1039841
:10708000FFF7FEFE064B1B68002B02D1044A039B50
:10709000136000BF05B05DF804FB00BF04150020BD
:1070A00000150020000000000000000000000000AB
:1070B00000B583B00190084B1B68019A9A4206D133
:1070C00000216720FFF754FD0346034A136000BF09
:1070D00003B05DF804FB00BF0015002000000000B5
:1070E00082B00190019BB3F90830184602B0704796
:1070F00000B585B001900B46ADF80230019B2033FE
:107100001846FEF7ADFF019B00225A87019BB3F999
:107110003A20019B1A87019BB3F90820019B9A87AB
:10712000019BB3F90A20019BDA87019BBDF802207D
:10713000A3F84820019BB3F93C301A46019BB3F9F0
:107140003E3002FB03F30393019801F0B9FF05E021
:10715000019801F0CDFF039B013B0393039B002BA0
:10716000F6D1019801F0E4FF019B20331846FEF7A9
:10717000EFFF00BF05B05DF804FB00BF000000009A
:1071800000B585B00390084611461A460346ADF88F
:107190000A300B46ADF808301346ADF80630039BB5
:1071A00020331846FEF75CFF039BBDF80A201A87C0
:1071B000039BBDF808205A87039BBDF806209A87D9
:1071C000039BBDF81820DA87039BBDF81C20A3F8A9
:1071D0004820039BB3F93820039BB3F930309A421F
:1071E00017DA039BB3F93C309AB2039BB3F93830FA
:1071F00099B2039BB3F930309BB2CB1A9BB21344C4
:107200009BB21AB2039B9A87039BB3F93020039B6E
:107210001A87039BB3F93A20039BB3F932309A42A1
:1072200017DA039BB3F93E309AB2039BB3F93A30B5
:1072300099B2039BB3F932309BB2CB1A9BB2134481
:107240009BB21AB2039BDA87039BB3F93220039BEC
:107250005A87039BB3F938301A46039BB3F93C3085
:107260001344039AB2F9342093420CDD039BB3F923
:1072700034309AB2039BB3F938309BB2D31A9BB225
:107280001AB2039B9A87039BB3F93A301A46039BC1
:10729000B3F93E301344039AB2F9362093420CDD21
:1072A000039BB3F936309AB2039BB3F93A309BB2E1
:1072B000D31A9BB21AB2039BDA87039BB3F93C3013
:1072C000002B07DD039BB3F93E30002B02DD039852
:1072D000FFF79EFC039B20331846FEF739FF00BFE3
:1072E00005B05DF804FB00BF0000000000000000D6
:1072F00000B585B00390084611461A460346ADF81E
:107300000A300B46ADF808301346ADF80630039B43
:1073100020331846FEF7A4FEBDF90A30002B0ADA26
:10732000BDF80620BDF80A3013449BB2ADF8063014
:107330000023ADF80A30BDF90830002B0ADABDF899
:107340001820BDF8083013449BB2ADF81830002364
:10735000ADF80830BDF90630002B11DDBDF918304D
:10736000002B0DDD039BB3F90830BDF90A209A42CA
:1073700006DA039BB3F90A30BDF908209A420EDB06
:107380000023ADF81830BDF81830ADF80630BDF860
:107390000630ADF80830BDF80830ADF80A30039B70
:1073A000BDF80A201A86039BBDF808205A86BDF84E
:1073B0000A20BDF8063013449BB21AB2039B9A868A
:1073C000039BB3F93420039BB3F908309A4204DDE0
:1073D000039BB3F90820039B9A86BDF80820BDF8EB
:1073E000183013449BB21AB2039BDA86039BB3F99D
:1073F0003620039BB3F90A309A4204DD039BB3F9AC
:107400000A20039BDA86039B20331846FEF7A0FE72
:1074100000BF05B05DF804FB0000000000000000A4
:1074200000B585B0039002910192039B203318466A
:10743000FEF716FE029B1AB2039B1A87039B019A62
:10744000DA64029B012B24D1019B9BB2B3F57A7FB6
:1074500011D040F2E93293421DD1039BB3F90820C9
:10746000039BB3F90A309A4201DB002200E05A2262
:10747000039BDA6410E0039BB3F90820039BB3F984
:107480000A309A4201DB5A2200E00022039BDA64B0
:1074900002E000BF00E000BF039801F059FE029B2C
:1074A000012B0FD1039B00221A86039B00225A86D0
:1074B000039BB3F90820039B9A86039BB3F90A2028
:1074C000039BDA86039B20331846FEF741FE00BF7C
:1074D00005B05DF804FB00BF0000000000000000E4
:1074E00000B585B00390084611461A460346ADF82C
:1074F0000A300B46ADF808301346ADF80630BDF93A
:107500000630002B40F3B280BDF91830002B40F359
:10751000AD80BDF80A20BDF8063013449BB2013B94
:107520009BB2ADF80630BDF80820BDF81830134402
:107530009BB2013B9BB2ADF81830039B2033184639
:10754000FEF78EFD039BBDF81C20A3F84820BDF973
:107550000620BDF90A30D31A012B5BDD039BBDF871
:107560000A201A87039BBDF808205A87039BBDF8A1
:107570000620A3F840200398FFF772FBBDF908200E
:10758000BDF918309A426BD0039BBDF80A201A87C8
:10759000039BBDF818205A87039BBDF80620A3F86B
:1075A00040200398FFF75CFBBDF91820BDF90830B7
:1075B000D31A012B54DDBDF908309BB201339BB2C5
:1075C000ADF80830BDF918309BB2013B9BB2ADF865
:1075D0001830039BBDF80A201A87039BBDF80820CA
:1075E0005A87039BBDF81820A3F842200398FFF7A1
:1075F000BFFB039BBDF806201A87039BBDF808203C
:107600005A87039BBDF81820A3F842200398FFF780
:10761000AFFB25E0039BBDF80A201A87039BBDF84A
:1076200008205A87039BBDF81820A3F8422003982E
:10763000FFF79EFBBDF90A20BDF906309A420FD034
:10764000039BBDF806201A87039BBDF808205A87C4
:10765000039BBDF81820A3F842200398FFF788FB8E
:10766000039B20331846FEF773FD00E000BF05B012
:107670005DF804FB000000000000000000000000B6
:1076800010B582B00446084611461A462346ADF8A6
:1076900006300346ADF804300B468DF80330134630
:1076A0008DF80230049BB3F95A30BDF904209A4298
:1076B00068DB049BB3F95E30BDF904209A4261DABD
:1076C000BDF906209DF803301344049AB2F95820FE
:1076D000934257DD049BB3F95C30BDF906209A4212
:1076E00050DA049BB3F95830BDF906209A4212DAF9
:1076F000BDF80630DAB2049BB3F95830DBB2D31AC6
:10770000DAB29DF8033013448DF80330049BB3F8CC
:107710005830ADF80630BDF906209DF8033013440B
:10772000049AB2F95C20934209DD049BB3F95C3002
:10773000DAB2BDF80630DBB2D31A8DF803309DF80B
:107740000230802B1FD9049BBDF806201A87049BAA
:10775000BDF804205A879DF803309AB2BDF8063070
:1077600013449BB2013B9BB21AB2049BA3F8402086
:10777000049BB3F85420049BA3F848200498FFF717
:107780006FFA00E000BF02B010BD00BF00000000B3
:1077900010B586B003930346ADF816300B46ADF82E
:1077A000143013468DF81330039B186D9DF8134069
:1077B000BDF91420BDF91610039B0193044B0093EF
:1077C000234600F01DF9034600BF184606B010BD61
:1077D00081760008000000000000000000000000AA
:1077E00000B589B0079005930B46ADF81A301346E3
:1077F000ADF818300A9B002B43D0079B2033184666
:10780000FEF72EFC079B0A9A1A65079BBDF81A2003
:10781000A3F85820079BBDF81820A3F85A20079B0F
:1078200047F6FF72A3F85C200A9B5B7A9AB2BDF818
:10783000183013449BB21AB2079BA3F85E20079B33
:10784000BDF82C20A3F854200A9B93F90C309AB26F
:10785000BDF81A3013449BB219B2BDF91820079B2A
:1078600003930A4B029300230193059B009300238B
:107870000A9800F065FB079B20331846FEF768FC6A
:1078800000E000BF09B05DF804FB00BF917700087D
:1078900082B001900091019B1B78002B1ED02A2BF7
:1078A00025D1009B1B78002B09D1019B01331B784C
:1078B000002B0CBF01230023DBB25BB227E0019B4E
:1078C00001331A78009B1B789A4203D1019B013344
:1078D00001931BE0009B0133009317E0009B1B7892
:1078E000002B0CBF01230023DBB25BB20FE0009B37
:1078F0001A78019B1B789A4201D0002307E0019B74
:1079000001330193009B0133009300BFC3E7184686
:1079100002B07047000000000000000000000000FE
:1079200000B585B001901F4B1B68002B04D100F0FF
:10793000CFF803461B4A13601A4B1B6803930FE0F2
:10794000039B5B681B6819460198FFF7A1FF03467C
:10795000002B02D0039B5B6820E0039B1B68039312
:10796000039B002BECD10F4B1B6803930FE0039B91
:107970005B685B6819460198FFF78AFF0346002B96
:1079800002D0039B5B6809E0039B1B680393039B86
:10799000002BECD100F09CF803465B68184605B05C
:1079A0005DF804FB08150020000000000000000046
:1079B00082B00190019B1B681B78002B01D1002332
:1079C00005E0019B1B68591C019A11601B78184641
:1079D00002B070470000000000000000000000003E
:1079E00082B00190019B1B685A1E019B1A6000BF68
:1079F00002B070470000000000000000000000001E
:107A000010B588B00590084611461A460346ADF8F1
:107A100012300B46ADF8103013468DF80F30059B31
:107A20009C699DF80F3098B2BDF91020BDF9121075
:107A30000B9B01930A9B009303460598A0470346BE
:107A40008DF81F309DF81F30002B11D1059B9C69CC
:107A5000059B188ABDF91020BDF912100B9B0193EC
:107A60000A9B009303460598A04703468DF81F30F4
:107A70009DF81F30184608B010BD00BF0000000080
:107A800000B585B001900B468DF80330019B5B6912
:107A90009DF8032092B211460198984703468DF84D
:107AA0000F309DF80F30002B09D1019B5B69019AC3
:107AB000128A11460198984703468DF80F309DF8B9
:107AC0000F30184605B05DF804FB00BF0000000051
:107AD000014B1846704700BF4CB000080000000082
:107AE00000B585B001900B46ADF802301346ADF8F5
:107AF00000306D210198FFF7C3FF03469BB2DB0006
:107B00009BB2ADF80E3020210198FFF7B9FF034674
:107B10009AB2BDF8003013449BB2ADF80030BDF806
:107B20000020BDF80230D31A9AB2019B93F90C30B1
:107B30009BB213449BB2ADF80C30BDF80E10BDF9EA
:107B40000C30BDF90E2093FBF2F000FB02F29B1A01
:107B50009BB2CB1A9AB2BDF8003013449BB2ADF879
:107B60000030BDF90030184605B05DF804FB00BFD9
:107B700000B585B001900B46ADF802301346ADF864
:107B800000306D210198FFF77BFF03469BB2DB00BD
:107B90009BB2ADF80E3020210198FFF771FF03462C
:107BA000BDF800209BB2D31A9BB2ADF80030BDF8EF
:107BB0000220BDF80030D31A9AB2019B93F90C3021
:107BC0009BB213449BB2ADF80C30BDF90C30BDF93B
:107BD0000E2093FBF2F101FB02F29B1A9AB2BDF860
:107BE0000E30D31A9AB2BDF8003013449BB2ADF8F0
:107BF0000030BDF90030184605B05DF804FB00BF49
:107C000000B587B00390029111461A460B46ADF8B5
:107C1000063013468DF805300023ADF816300023EA
:107C2000ADF81430BDF80630002B37D14FF6FF7396
:107C3000ADF8063032E002AB1846FFF7B9FE034656
:107C4000ADF81230BDF81230092B0DD1BDF9163048
:107C50001A4600210398FFF743FF0346ADF816309C
:107C60002023ADF8143019E09DF90530002B02D027
:107C7000BDF81430002BBDF81230DBB21946039862
:107C8000FFF7FEFE03469AB2BDF8163013449BB2CE
:107C9000ADF81630BDF81230ADF81430BDF806302E
:107CA0005A1EADF80620002B03D0029B1B78002B38
:107CB000C1D1BDF9163000BF00BF184607B05DF84E
:107CC00004FB00BF000000000000000000000000F6
:107CD00000B587B003900B460192ADF80A3000233F
:107CE000ADF816300023ADF8143000238DF81330B2
:107CF000BDF80A30002B28D14FF6FF73ADF80A30DB
:107D000023E0BDF816300133ADF8163003AB18464A
:107D1000FFF74EFE03468DF813309DF81330202BED
:107D200013D09DF81330A02B0FD09DF813300A2BE1
:107D30000BD09DF813300D2B07D09DF81330092B75
:107D400003D0BDF81630ADF81430BDF80A305A1E15
:107D5000ADF80A20002B03D0039B1B78002BD0D159
:107D6000019B002B0BD0039B1B78002B03D1019BA5
:107D700000221A7003E0019B9DF813201A70BDF8D1
:107D8000143000BF00BF184607B05DF804FB00BF09
:107D900010B586B0039001930B46ADF80A30134638
:107DA000ADF8083000238DF81530BDF80A20039B8C
:107DB00093F90C309BB2D31A9BB2ADF8163031E078
:107DC00001AB1846FFF7F4FD03468DF814309DF81B
:107DD0001430092B0ED1BDF91620BDF90A30194611
:107DE0000398FFF77DFE0346ADF8163020238DF88B
:107DF000153017E09DF81530002B9DF81420BDF9C3
:107E00000810BDF91600099C0A9BA04703469AB2C8
:107E1000BDF8163013449BB2ADF816309DF81430FF
:107E20008DF81530BDF820305A1EADF82020002BFB
:107E3000C6D100BF00BF06B010BD00BF00000000EB
:107E400010B588B0039001930B46ADF80A30134685
:107E5000ADF8083000238DF81B300023ADF81C303E
:107E600008E001AB1846FFF7A3FDBDF81C30013355
:107E7000ADF81C30BDF81C20BDF828309A42F0D374
:107E8000BDF80A20039B93F90C309BB2D31A9BB226
:107E9000ADF81E300023ADF81C3042E001AB1846AF
:107EA000FFF79EFD019B059305AB1846FFF780FD8C
:107EB00003468DF81A309DF81A30092B0ED1BDF902
:107EC0001E20BDF90A3019460398FFF751FE0346FC
:107ED000ADF81E3020238DF81B301DE09DF81A30C0
:107EE00019460398FFF7CCFD0346BDF81E209BB250
:107EF000D31A9BB2ADF81E309DF81B30002B9DF8B5
:107F00001A20BDF90810BDF91E000B9C0C9BA04760
:107F10009DF81A308DF81B30BDF81C300133ADF8D8
:107F20001C30BDF81C20BDF828309A42B6D300BFE3
:107F300000BF08B010BD00BF00000000000000003E
:107F400000B58BB00790084611461A460346ADF8B7
:107F50001A300B46ADF8183013468DF81730BDF8BF
:107F60003430002219460C98FFF7B2FE0346ADF8F4
:107F700034309DF81730002B0ED1BDF91820BDF913
:107F80001A100F9B02930E9B0193BDF8343000939F
:107F90000C9B0798FFF7FCFE9DF81730012B26D1AC
:107FA000BDF8342000230C990798FFF729FE0346FB
:107FB000ADF82630BDF81A20BDF92630D90F0B4494
:107FC0005B101BB29BB2D31A9BB2ADF81A30BDF94D
:107FD0001820BDF91A100F9B02930E9B0193BDF858
:107FE000343000930C9B0798FFF7D2FE12E09DF807
:107FF0001730022B0ED1BDF91820BDF91A100F9BB6
:1080000002930E9B0193BDF8343000930C9B0798AC
:10801000FFF716FF00BF0BB05DF804FB0000000087
:1080200086B001900B46ADF802300023059329E09D
:10803000019BD96A059A13465B0013449B000B44CD
:108040000493BDF80230049A12889B1A0393049B90
:108050001B88BDF802209A4211D3049B5B881A4604
:10806000039B93420BD2049B5A68039B5B0013440F
:108070001B880293049B9A68029B134409E0059BAA
:1080800001330593019B5B8D1A46059B9342CFD329
:108090000023184606B070470000000000000000F2
:1080A00030B587B003900B46ADF80A3013468DF813
:1080B000093031E0039BB3F90230DAB2039BB3F924
:1080C0000430DBB2D31A8DF81730039BDC68039BB6
:1080D000B3F90400039BB3F90610039B1B699DF8D9
:1080E00009509DF8172000932B46A0479DF81730A4
:1080F0009BB2BDF80A20D31AADF80A30039BB3F93E
:108100000020039B9A80039BB3F906309BB2013396
:108110009BB21AB2039BDA80039BB3F904301A4670
:10812000BDF80A301344039AB2F902209342C1DA2F
:10813000BDF80A30002B1CD0039BDC68039BB3F90D
:108140000400039BB3F90610BDF80A30DAB2039BB2
:108150001B699DF8095000932B46A047039BB3F978
:1081600004309AB2BDF80A3013449BB21AB2039B92
:108170009A8000BF07B030BD000000000000000082
:1081800082B001900B46ADF80230019BB3F9043088
:108190009AB2BDF8023013449BB21AB2019B9A8086
:1081A0001BE0019BB3F904309AB2019BB3F9003094
:1081B00099B2019BB3F902309BB2CB1A9BB2134424
:1081C0009BB21AB2019B9A80019BB3F906309BB215
:1081D00001339BB21AB2019BDA80019BB3F90420F0
:1081E000019BB3F902309A42DBDA00BF00BF02B054
:1081F000704700BF00000000000000000000000009
:1082000000B589B00390029113468DF80730039BA7
:108210005A6A9DF807305B0013441B88ADF81C3088
:10822000039B5A6A9DF8073001335B0013441A8898
:10823000BDF81C30D31AADF81A300023ADF81E304B
:108240006AE0039B1B6ABDF81C10BDF81E200A449F
:1082500013441B788DF819309DF8193003F0C003D2
:10826000002B0AD19DF819309BB203F03F039BB25B
:1082700019460298FFF784FF49E09DF8193003F092
:10828000C003402B0CD19DF8193003F03F0301339C
:108290009BB29B019BB219460298FFF771FF36E033
:1082A0009DF8193003F0C003802B0DD19DF81930D3
:1082B0009BB203F03F039BB201339BB2FF221946EE
:1082C0000298FFF7EDFE22E09DF8193003F0C0039D
:1082D000C02B1CD19DF819301B11DBB203F0030336
:1082E000DBB201338DF818309DF8193003F00F031D
:1082F000DBB21A46120113448DF817309DF818307E
:108300009BB29DF8172019460298FFF7C9FEBDF8E9
:108310001E300133ADF81E30BDF81E20BDF81A30F6
:108320009A428ED300BF00BF09B05DF804FB00BFC6
:1083300082B003468DF807309DF80730FB2B01D93A
:10834000022318E09DF80730F32B01D9032312E034
:108350009DF80730E32B01D904230CE09DF807308A
:10836000C32B01D9052306E09DF80730832B01D9E3
:10837000062300E00723184602B070470000000003
:1083800000B587B00390029113468DF807309DF831
:1083900007301846FFF7CCFF03468DF817309DF8DD
:1083A0000730043B8DF8163000238DF8153023E09C
:1083B0009DF8163003F00103002B05D09DF8153011
:1083C00001338DF8153012E09DF81530002B0AD0DE
:1083D0009DF815309BB2FF2219460298FFF760FE08
:1083E00000238DF8153001210298FFF7C9FE9DF892
:1083F00016305B088DF816309DF817305A1E8DF830
:108400001720002BD4D19DF81530002B07D09DF8F4
:1084100015309BB2FF2219460298FFF741FE00BFBC
:1084200007B05DF804FB00BF000000000000000082
:1084300000B585B00390029113468DF807309DF882
:1084400007300F2B0BD89DF807301A461201134442
:10845000DBB21A4601210298FFF722FE27E09DF8C1
:108460000730102B05D1029BB3F90820029BDA805C
:108470001DE09DF80730172B19D9039B93F828307E
:1084800003F117029DF807309A4209DB9DF8073087
:10849000183BDBB21A4602990398FFF7B1FE06E0DB
:1084A0009DF807301A4602990398FFF769FF00BF4D
:1084B00005B05DF804FB00BF0000000000000000F4
:1084C00000B587B00390029113468DF80730039BE7
:1084D0005A6A9DF807305B0013441B88ADF81430CE
:1084E000039B5A6A9DF8073001335B0013441A88D6
:1084F000BDF81430D31AADF812300023ADF81630A1
:1085000016E0039B1B6ABDF81410BDF816200A4440
:1085100013441B788DF811309DF811301A460299DA
:108520000398FFF785FFBDF816300133ADF816301C
:10853000BDF81620BDF812309A42E2D300BF00BF4A
:1085400007B05DF804FB00BF000000000000000061
:1085500000B585B00390029113468DF80730039B58
:1085600093F8283003F117029DF807309A4212DA87
:10857000039B93F8293003F117029DF807309A42C4
:1085800009DB9DF80730183BDBB21A4602990398C5
:10859000FFF796FF07E09DF807301A460299039807
:1085A000FFF746FF00BF00BF05B05DF804FB00BF4A
:1085B00000B58DB00390084611461A460346ADF843
:1085C0000A300B46ADF808301346ADF80630BDF85A
:1085D0000A30ADF81430039B1B7A9AB2BDF80A300A
:1085E00013449BB21BB2ADF81630BDF80A30ADF89B
:1085F0001830BDF80830ADF81A30039B5B7A9AB298
:10860000BDF8083013449BB21BB2ADF81C300E9B72
:1086100008930F9B0993BDF8063019460398FFF79E
:10862000FFFC0B900B9B002B01D1002318E00B9B50
:108630005A1C0B921B788DF82B3008E00B9B5A1CB0
:108640000B921A7805AB19460398FFF781FFBDF925
:108650001A20BDF91C309A42F0DB9DF82B3000BF88
:1086600018460DB05DF804FB00000000000000009B
:1086700000B585B001900B46ADF80230BDF8023070
:1086800019460198FFF7CCFC0390039B002B01D106
:10869000002301E0039B1B78184605B05DF804FB3E
:1086A00088B003900B460192ADF80A30002307937F
:1086B00023E0039B196A079A13465B001344DB000F
:1086C0000B440693BDF80A30069A12889B1A05934C
:1086D000069B1B88BDF80A209A420BD3069B5B8839
:1086E0001A46059B934205D2059B9AB2019B1A80BC
:1086F000069B09E0079B01330793039BDB8B1A461C
:10870000079B9342D5D30023184608B0704700BF9B
:1087100082B001900B46ADF80230019B1B7A002B12
:1087200006D0019B1A7A019B1B791344DBB205E04A
:10873000019BDA68BDF8023013441B78184602B07A
:10874000704700BF000000000000000000000000B3
:1087500010B58CB00590084611461A460346ADF890
:1087600012300B46ADF810301346ADF80E30059BB5
:108770001B7A002B13D0059B5B69059A127A114670
:10878000BDF80E2001FB02F20599897901FB02F286
:1087900013440B93059B1B7A8DF8243023E0059B33
:1087A0005B69059A1169BDF80E2052000A441288CF
:1087B0001146059A927901FB02F213440B93059B33
:1087C0001A69BDF80E3001335B0013441B88DAB21E
:1087D000059B1969BDF80E305B000B441B88DBB2AA
:1087E000D31A8DF82430059B9B798DF82030059B9A
:1087F000DB798DF81F30059B5B799AB2BDF810309C
:1088000013449BB2ADF81030059B1B799AB2BDF8AA
:10881000123013449BB2ADF8123000238DF8233090
:1088200000238DF8223000238DF825309DE09DF83F
:108830002330012202FA03F38DF81E3000238DF855
:10884000213000238DF827309DF822300B9A1344F5
:108850000A9300238DF8263047E00A9B1A789DF88A
:108860001E301340DBB28DF81D309DF91D209DF99F
:1088700021309A422AD09DF92130002B1FD09DF83B
:108880002730002B1BD09DF826309AB2BDF812304D
:1088900013449AB29DF827309BB2D31A9BB218B2F8
:1088A0009DF825309AB2BDF8103013449BB219B22E
:1088B0009DF827200F9B00930E9CFF23A0479DF857
:1088C0001D308DF8213000238DF827309DF827309A
:1088D00001338DF827309DF8263001338DF826308E
:1088E0009DF820300A9A13440A939DF826209DF89B
:1088F00024309A42B1D39DF92130002B1FD09DF82E
:108900002730002B1BD09DF826309AB2BDF81230CC
:1089100013449AB29DF827309BB2D31A9BB218B277
:108920009DF825309AB2BDF8103013449BB219B2AD
:108930009DF827200F9B00930E9CFF23A0479DF8D6
:10894000233001338DF823309DF82330072B07D9CE
:1089500000238DF823309DF8223001338DF822302A
:108960009DF8253001338DF825309DF825209DF8A0
:108970001F309A42FFF45BAFBDF80E3019460598E0
:10898000FFF7C6FE034618460CB010BD00000000FD
:1089900000B58BB00590084611461A460346ADF85F
:1089A00012300B46ADF810301346ADF80E30059B73
:1089B00009930DF11E02BDF80E3019460998FFF714
:1089C0006FFE0890089B002B01D100230FE0BDF83B
:1089D0001E00BDF91020BDF912100D9B01930C9BD8
:1089E000009303460898FFF7B3FE034600BF1846FE
:1089F0000BB05DF804FB00BF0000000000000000A9
:108A000000B587B001900B46ADF80230019B05938D
:108A10000DF10E02BDF8023019460598FFF740FE31
:108A20000490049B002B01D1002307E0BDF80E3019
:108A300019460498FFF76CFE034600BF184607B0BE
:108A40005DF804FB000000000000000000000000D2
:108A500008B50248FDF7F4FA00BF08BD0C15002068
:108A600008B5012200210548FDF7E2FF0448FDF7A3
:108A7000E7FA044B0A221A6000BF08BD2C1500203B
:108A80001C1500203C150020000000000000000024
:108A900000BF704700000000000000000000000060
:108AA00000B583B00190012201214FF09040FAF708
:108AB000C7FD01224FF400714FF09040FAF7C0FD5E
:108AC00001224FF480611348FAF7BAFD0122022116
:108AD0004FF09040FAF7B4FD40F2822280214FF02F
:108AE0009040FAF7ADFD40F2822240214FF09040D5
:108AF000FAF7A6FD40F2822220214FF09040FAF7CB
:108B00009FFD05490548F8F7A3FF00BF03B05DF8D6
:108B100004FB00BF00040048B4B00008F0110020BE
:108B200082B0019000BF02B0704700BF000000009B
:108B300082B001900B468DF803309DF90330002B75
:108B400004D04FF0904302225A8303E04FF0904349
:108B500002221A8300BF02B0704700BF000000006D
:108B600082B001900B468DF8033000BF02B0704711
:108B700000B583B001900348F8F78AFF00BF03B047
:108B80005DF804FBF0110020000000000000000070
:108B900000B583B001900348F8F792FF00BF03B01F
:108BA0005DF804FBF0110020000000000000000050
:108BB00000B583B001900B46ADF80230074B4FF47F
:108BC00080625A830DF102031A4601210448F8F726
:108BD000BFFF00BF03B05DF804FB00BF0004004806
:108BE000F011002000000000000000000000000064
:108BF00000B583B001900B46ADF80230074B4FF43F
:108C000080621A830DF102031A4601210448F8F725
:108C10009FFF00BF03B05DF804FB00BF00040048E5
:108C2000F011002000000000000000000000000023
:108C300000B583B001902A210198FFF7B9FF019B8D
:108C4000B3F938301B121BB29BB219460198FFF7DB
:108C5000CFFF019BB3F93830DBB29BB219460198C4
:108C6000FFF7C6FF019BB3F938301A46019BB3F9F1
:108C70003C301344013B1B129BB219460198FFF78D
:108C8000B7FF019BB3F93830DAB2019BB3F93C303E
:108C9000DBB21344DBB2013BDBB29BB21946019855
:108CA000FFF7A6FF2B210198FFF782FF019BB3F985
:108CB0003A301B121BB29BB219460198FFF798FF7E
:108CC000019BB3F93A30DBB29BB219460198FFF72A
:108CD0008FFF019BB3F93A301A46019BB3F93E303E
:108CE0001344013B1B129BB219460198FFF780FF0A
:108CF000019BB3F93A30DAB2019BB3F93E30DBB2F3
:108D00001344DBB2013BDBB29BB219460198FFF77B
:108D10006FFF00BF03B05DF804FB00BF0000000060
:108D200000B583B00190019B00225A610198FFF7C2
:108D3000B7FE4FF0FF310198FFF7FAFE1420FDF760
:108D400007FE00210198FFF7F3FE1420FDF700FE57
:108D50000198FFF70DFF01210198FFF729FF05207A
:108D6000FDF7F6FD28210198FFF722FFCF2101989A
:108D7000FFF71EFF00210198FFF73AFF83210198BA
:108D8000FFF736FF30210198FFF732FFED21019800
:108D9000FFF70EFF64210198FFF72AFF03210198D6
:108DA000FFF726FF12210198FFF722FF812101988A
:108DB000FFF71EFFE8210198FFF7FAFE85210198D1
:108DC000FFF716FF01210198FFF712FF79210198A3
:108DD000FFF70EFFCB210198FFF7EAFE392101983A
:108DE000FFF706FF2C210198FFF702FF00210198F1
:108DF000FFF7FEFE34210198FFF7FAFE02210198E9
:108E0000FFF7F6FEF7210198FFF7D2FE2021019827
:108E1000FFF7EEFEEA210198FFF7CAFE0021019854
:108E2000FFF7E6FE00210198FFF7E2FEC02101985E
:108E3000FFF7BEFE26210198FFF7DAFEC121019857
:108E4000FFF7B6FE11210198FFF7D2FEC521019868
:108E5000FFF7AEFE35210198FFF7CAFE3E210198CB
:108E6000FFF7C6FEC7210198FFF7A2FEBE210198B9
:108E7000FFF7BEFE36210198FFF79AFE48210198C0
:108E8000FFF7B6FE3A210198FFF792FE55210198AF
:108E9000FFF7AEFEB1210198FFF78AFE002101988D
:108EA000FFF7A6FE1B210198FFF7A2FEF221019811
:108EB000FFF77EFE08210198FFF79AFE2621019810
:108EC000FFF776FE01210198FFF792FEE02101985D
:108ED000FFF76EFE1F210198FFF78AFE1A21019805
:108EE000FFF786FE18210198FFF782FE0A210198FC
:108EF000FFF77EFE0F210198FFF77AFE0621019809
:108F0000FFF776FE45210198FFF772FE8721019851
:108F1000FFF76EFE32210198FFF76AFE0A210198E1
:108F2000FFF766FE07210198FFF762FE0221019814
:108F3000FFF75EFE07210198FFF75AFE0521019811
:108F4000FFF756FE00210198FFF752FEE12101983C
:108F5000FFF72EFE00210198FFF74AFE2521019818
:108F6000FFF746FE27210198FFF742FE05210198F1
:108F7000FFF73EFE10210198FFF73AFE0921019804
:108F8000FFF736FE3A210198FFF732FE782101986B
:108F9000FFF72EFE4D210198FFF72AFE05210198CB
:108FA000FFF726FE18210198FFF722FE0D210198F8
:108FB000FFF71EFE38210198FFF71AFE3A210198AB
:108FC000FFF716FE1F210198FFF712FE2A210198D4
:108FD000FFF7EEFD00210198FFF70AFE002101983E
:108FE000FFF706FE00210198FFF702FEEF2101982E
:108FF000FFF7FEFD2B210198FFF7DAFD0021019814
:10900000FFF7F6FD00210198FFF7F2FD012101981D
:10901000FFF7EEFD3F210198FFF7EAFDB721019828
:10902000FFF7C6FD07210198FFF7E2FDB621019881
:10903000FFF7BEFD0A210198FFF7DAFD82210198B2
:10904000FFF7D6FD27210198FFF7D2FD00210198F7
:10905000FFF7CEFD11210198FFF7AAFD6420FDF76F
:1090600077FC29210198FFF7A3FD6420FDF770FC30
:109070000198FFF755FD0198FFF78AFD64210198DB
:10908000FFF76EFD019BF0221A81019B4FF4A07245
:109090005A81019B00229A81019B03229A73019BB2
:1090A0006422DA73019B32221A744FF0FF331846A0
:1090B00003B05DF804FB00BF0000000000000000EA
:1090C00000B583B001900198FFF752FD0198FFF7BA
:1090D000AFFD2C210198FFF76BFD00BF03B05DF8D9
:1090E00004FB00BF000000000000000000000000C2
:1090F00000B583B00190019BB3F848301B0A9BB2C6
:1091000019460198FFF774FD019BB3F84830DBB2B4
:109110009BB219460198FFF76BFD00BF03B05DF8E5
:1091200004FB00BF00000000000000000000000081
:1091300000B583B001900198FFF72AFD00BF03B08E
:109140005DF804FB000000000000000000000000CB
:1091500000B583B00190019BB3F93830022B00F0C9
:10916000B880022B00F3C980002B02D0012B37D02E
:10917000C3E0019B9A7B019BDB6CDBB29A4200F05F
:10918000BE80019BDB6CDBB2022B02DC002B03DA1E
:10919000BAE0032B0FD0B7E00198FFF7E9FC1021EC
:1091A0000198FFF705FD01210198FFF721FD0198C6
:1091B000FFF7EEFC0EE00198FFF7DAFC10210198B2
:1091C000FFF7F6FC00210198FFF712FD0198FFF769
:1091D000DFFC00BF019BDB6CDAB2019B9A7393E06A
:1091E000019B9A89019BDB6C9BB29A4200F08980BB
:1091F000019BDB6C9BB2B3F5877F4ED0B3F5877FC5
:1092000000F38180B42B32D0B42B7CDC002B02D055
:109210005A2B16D077E00198FFF7AAFC3621019867
:10922000FFF7C6FC48210198FFF7E2FC0198FFF721
:10923000AFFC019B4FF4A0725A81019BF0221A816E
:1092400041E00198FFF794FC36210198FFF7B0FC4C
:10925000E8210198FFF7CCFC0198FFF799FC019BEE
:10926000F0225A81019B4FF4A0721A812BE00198E1
:10927000FFF77EFC36210198FFF79AFC88210198C0
:10928000FFF7B6FC0198FFF783FC019B4FF4A07237
:109290005A81019BF0221A8115E00198FFF768FCC2
:1092A00036210198FFF784FC28210198FFF7A0FCE4
:1092B0000198FFF76DFC019BF0225A81019B4FF44E
:1092C000A0721A8100BF019BDB6C9AB2019B9A814C
:1092D0001AE0019BDB6C642B02D9019B6422DA64E7
:1092E000019BDB6CDBB219460198FFF739FC019B4F
:1092F000DB6CDAB2019BDA7306E000BF04E000BF6A
:1093000002E000BF00E000BF03B05DF804FB00BF57
:1093100008B5F7F7D5FA0346184608BD0000000067
:1093200008B5FFF7F5FF0346184608BD000000002A
:109330000C4B4FF6FF721A800A4B4FF6E072DA8040
:10934000084B4FF478425A80064B4FF620521A8150
:10935000044B1F225A81034B4FF490629A8000BF46
:10936000704700BF40150020000000000000000012
:1093700010B584B0FFF7DCFFFFF7D2FF03461846B5
:1093800000F0E2FC002303932FE00023029326E089
:10939000002301931DE0039A174B83FB0231D3177F
:1093A000C91A0B465B000B445B00D11ACCB21348C0
:1093B000029B03991A4652001A440B46DB000B44E9
:1093C0001344C218019B134422461A70019B0133B7
:1093D0000193019B022BDEDD029B01330293029B72
:1093E000022BD5DD039B01330393039B052BCCDDBF
:1093F00000BF00BF04B010BDABAAAA2A4C150020C4
:1094000008B5FDF765FA0848FEF78AFA0346074AE9
:109410001360FFF7ADFF064B1B6800211846FDF7F0
:1094200067FE00BF08BD00BF5CA1000884150020D6
:1094300000150020000000000000000000000000F7
:1094400086B0019000230593D1E000230493C7E088
:1094500000230393BDE0059A1346DB009918049A94
:1094600013465B001344CA18039B13441A46019B1E
:1094700013441B788DF80B309DF80B30423B172BB3
:1094800000F2948001A252F823F000BF6D9500080D
:10949000AD950008AD950008AD950008AD950008A4
:1094A0008D950008AD950008AD950008AD950008B4
:1094B000AD950008AD950008AD950008AD95000884
:1094C0004D950008AD950008AD9500082D95000854
:1094D000AD950008AD950008AD950008AD95000864
:1094E000ED940008AD9500080D9500084448049BD4
:1094F00005991A4652001A440B46DB000B441344EC
:10950000C218039B134400221A705FE03C48049B7E
:1095100005991A4652001A440B46DB000B441344CB
:10952000C218039B134403221A704FE03448049B73
:1095300005991A4652001A440B46DB000B441344AB
:10954000C218039B134401221A703FE02C48049B6D
:1095500005991A4652001A440B46DB000B4413448B
:10956000C218039B134404221A702FE02448049B62
:1095700005991A4652001A440B46DB000B4413446B
:10958000C218039B134405221A701FE01C48049B59
:1095900005991A4652001A440B46DB000B4413444B
:1095A000C218039B134402221A700FE01448049B54
:1095B00005991A4652001A440B46DB000B4413442B
:1095C000C218039B134400221A7000BF039B01338F
:1095D0000393039B022B7FF73EAF049B013304935D
:1095E000049B022B7FF734AF059B01330593059B4A
:1095F000052B7FF72AAF00BF00BF06B0704700BF42
:109600004C150020000000000000000000000000D9
:1096100090B001900B468DF803309DF80330052B78
:1096200038D801A252F823F0419600086B96000842
:109630005D960008879600084F9600087996000806
:10964000019B01221A60019B00225A6028E0019BC5
:1096500000221A60019B01225A6021E0019B124AFC
:1096600092E8030083E803001AE0019B0F4A92E8A6
:10967000030083E8030013E0019B0D4A92E8030016
:1096800083E803000CE0019B0A4A92E8030083E8A8
:10969000030005E0019B044A92E8030083E803000D
:1096A000019810B0704700BFFC9D0008049E0008A0
:1096B0000C9E0008149E000800000000000000003E
:1096C0003E231846704700BF000000000000000065
:1096D00000B585B00346ADF80E300B46ADF80C3042
:1096E0001346ADF80A300F4B1868BDF90C20BDF9D0
:1096F0000E10BDF80A300193122300931223FDF7D8
:109700003FFD084B1868BDF90C20BDF90E10002371
:109710000193122300931223FDF7E2FE00BF05B070
:109720005DF804FB001500200000000000000000B0
:1097300030B589B00346ADF80E300B46ADF80C30AD
:1097400013468DF80B30FFF7BBFF05903E4B1868B2
:10975000059B1CB2059B1BB2BDF90C20BDF90E1078
:109760000025019500932346FDF70AFD364B186846
:10977000BDF80E3002339BB219B2BDF80C30023383
:109780009BB21AB2059B9BB2043B9BB21CB2059BD9
:109790009BB2043B9BB21BB248F21045019500936B
:1097A0002346FDF7EDFCBDF80E3002339BB2ADF859
:1097B0001230BDF80C3002339BB2ADF810300023EC
:1097C00007933AE00023069331E0069B9BB21A46CA
:1097D000920013449B009AB2BDF8123013449BB21E
:1097E00018B2079B9BB21A46920013449B009AB290
:1097F000BDF8103013449BB21CB29DF80B10134DF2
:10980000079B1A4652001A440B46DB000B441344D4
:10981000EA18069B13441B781A460D4B33F8123096
:109820001A462146FFF754FF069B01330693069B19
:10983000022BCADD079B01330793079B022BC1DD77
:1098400000BF00BF09B030BD001500204C1500203E
:109850004015002000000000000000000000000093
:1098600010B588B001900B46ADF802301346ADF844
:1098700000300198FFF7E4FDFFF722FF0690002378
:10988000079332E0079BDAB203AB11461846FFF7A5
:10989000BFFE039B9CB2FFF713FF034608339BB246
:1098A00014FB03F39AB2BDF8023013449BB2ADF837
:1098B0001630049B9CB2FFF703FF034608339BB2AC
:1098C00014FB03F39AB2BDF8003013449BB2ADF819
:1098D0001430079BDAB2BDF91410BDF916301846E2
:1098E000FFF726FF079B01330793079B052BC9DD75
:1098F00000BF00BF08B010BD000000000000000065
:1099000010B584B00390114B1C68104B1B681846AF
:10991000FDF7E6FB03461A46002301931423009348
:109920001346002200212046FDF72AFC074B186849
:10993000074B1B684FF6FF7201920093039B0522B1
:109940000A21FDF74DFF00BF04B010BD0015002037
:10995000841500200000000000000000000000004E
:1099600082B001900E4B1B6801330D4A13600C4B03
:109970001A680C4BA3FB02139B094FF47A7101FB8D
:1099800003F3D31A002B07D14FF090435B694FF0DC
:10999000904283F02003536100BF02B0704700BFC4
:1099A00088150020D34D6210000000000000000068
:1099B00000B583B001900B468DF803300348FBF7E8
:1099C000AFF800BF03B05DF804FB00BFD0B10008E2
:1099D00008B5032210214FF09040F9F731FE0549F8
:1099E0000548F7F725FB05490548F7F7E1FB00BFF8
:1099F00008BD00BFDCB1000838100020FC0B0020BF
:109A000038120020000000000000000000000000EC
:109A10002DE9F04F85B000230393039B412B78D0B1
:109A20003E4A039B52F823304FF4347202FB03F397
:109A30003B4A13603A493B48F7F7BAFB4FF4B4731B
:109A4000394A3A493A48F7F713FB02213548F7F704
:109A5000CFFB384A039B52F82330DA1798469146D9
:109A600042464B464FF000004FF00001990041EA9A
:109A70009271900002460B4612EB080643EB090771
:109A80004FF000024FF00003FB0043EA5673F20070
:109A900016461F46B6EB080467EB09054FF00002B7
:109AA0004FF000032B0143EA1473220114461D46B4
:109AB00014EB080A45EB090B4FF000024FF00003CE
:109AC0004FEA0B1343EA1A734FEA0A1292469B4677
:109AD00052465B4640F2E7315118009143F10003D2
:109AE00001934FF47A724FF00003DDE90001F6F7BD
:109AF000B1FC02460B4613461846FCF791F809489C
:109B0000F7F796FB0A48F7F7EBFA039B0133039349
:109B100083E700BF00BF05B0BDE8F08FCCB0000800
:109B2000FC0B0020381200202C090020E4B10008B2
:109B3000381000202808002000000000000000006D
:109B400000B585B0F6F764FEFAF7BAFFFFF740FFFD
:109B5000FFF756FC00F054F80E230293029B013BE2
:109B6000234A52F8233001932249019800F080F8EB
:109B700019220A211F48FFF773FE1F48FFF7C0FE96
:109B800002E0C820FCF74CF800F04AF8034683F0E6
:109B90000103DBB2002BF4D100F052F8029B023B30
:109BA000039317E0124A039B52F8233000931149A4
:109BB000009800F05DF819220A210E48FFF750FEC8
:109BC000039B002B03DD41F28830FCF729F8039B4F
:109BD000013B0393039B002BE4DA0848FFF790FE58
:109BE000FFF716FF40F6C410FCF71AF8FAE700BFBB
:109BF00004B500088C1500203CB5000854B50008D9
:109C000008B5202280210248F9F71AFD00BF08BDDF
:109C100000080048000000000000000000000000F4
:109C2000054B1B6903F08003002B0CBF01230023AD
:109C3000DBB21846704700BF000800480000000073
:109C400008B5C820FBF7ECFF02E06420FBF7E8FF53
:109C5000FFF7E6FF0346002BF7D1C820FBF7E0FF34
:109C600000BF08BD00000000000000000000000070
:109C700086B001900091019B002B0ED1002305932B
:109C800007E0059B009A134457221A70059B013385
:109C90000593059B352BF4DD53E0002304934DE041
:109CA000049B019A13441B788DF80F309DF80F30F8
:109CB000423B172B39D801A252F823F01D9D000812
:109CC0002B9D00082B9D00082B9D00082B9D000854
:109CD0001D9D00082B9D00082B9D00082B9D000852
:109CE0002B9D00082B9D00082B9D00082B9D000834
:109CF0001D9D00082B9D00082B9D00081D9D000840
:109D00002B9D00082B9D00082B9D00082B9D000813
:109D10001D9D00082B9D00081D9D0008049B009AB6
:109D200013449DF80F201A7005E0049B009A134419
:109D300057221A7000BF049B01330493049B352BF8
:109D4000AEDD06B0704700BF024B1B680022C3E9BE
:109D50002A0270470C0C0020830730B548D0541EEF
:109D6000002A3FD0CAB2034601E0013C3AD303F8CF
:109D7000012B9D07F9D1032C2DD9CDB245EA05253C
:109D80000F2C45EA054536D9A4F1100222F00F0C3C
:109D900003F1200EE6444FEA121C03F1100242E9DF
:109DA000045542E9025510327245F8D10CF1010216
:109DB00014F00C0F03EB021204F00F0C13D0ACF1F3
:109DC000040323F003030433134442F8045B934277
:109DD000FBD10CF003042CB1CAB21C4403F8012BD4
:109DE0009C42FBD130BD64461346002CF4D1F9E708
:0C9DF00003461446BFE71A46A446E0E70D
:109DFC000100000001000000020000000100000052
:109E0C00030000000100000001000000020000003F
:109E1C009CBD0008C4150020C4150020C4150020EA
:109E2C009CBD000800000020000000200000002065
:109E3C009CBD000800000020000000200000002055
:109E4C009CBD000800400120004001200040012082
:109E5C009CBD0008008001200080012000800120B2
:109E6C009CBD000800000010000000100000001055
:109E7C009CBD000800000000000000000000000075
:109E8C009CBD000800000000000000000000000065
:109E9C0000000000C1120008F11200082113000894
:109EAC005113000871130008A1130008C113000816
:109EBC00F11300082114000800000000211600080E
:109ECC005116000881160008C1160008F11600088A
:109EDC00311700086117000891170008C117000816
:109EEC00000300000000000000010000000301015D
:109EFC000304000053556101040704000100000035
:109F0C00636C6B7377630000000800500000000066
:109F1C00000000000000FFFF10000000BE20000049
:109F2C000A00000006000000000002400800024089
:109F3C00010000000008024000000B00000002407D
:109F4C001C000240020000000408024004010C0046
:109F5C0000000240300002400400000008080240EB
:109F6C0008020D00000002404400024008000000FE
:109F7C000C0802400C030E00000002405800024086
:109F8C00100000001008024010040F0000000240F6
:109F9C006C00024020000000140802401405100060
:109FAC0000000240800002404000000018080240FF
:109FBC0018061100000002409400024080000000CE
:109FCC001C0802401C076000000402400804024008
:109FDC000001000020080240000838000004024084
:109FEC001C0402400002000024080240040939004D
:109FFC000004024030040240000400002808024023
:10A00C00080A3A0000040240440402400008000020
:10A01C002C0802400C0B3B00000402405804024088
:10A02C000010000030080240100C3C0000040240FC
:10A03C006C0402400020000034080240140D610042
:10A04C000004024080040240004000003808024036
:10A05C00180E6200000402409404024000800000CC
:10A06C003C0802401C0F6300444D41206661696C42
:10A07C0075726500AFF7FFEB00000000000C003CB0
:10A08C00000000240000000000CC000000000000D4
:10A09C00BFFFFFFF00000000C00000000000000038
:10A0AC00000000000000000000000000FFFFFFF3B4
:10A0BC000000000000000000000000000000000094
:10A0CC000000000000000000FFFFFFFF0000000088
:10A0DC000000000000000000000000000000000074
:10A0EC0000000000FFFFFFFF000000000000000068
:10A0FC000000000000000000000000000000000054
:10A10C00FFFFFFFF00000000000000000000000047
:10A11C00000000000000000000000000FFFFFFFF37
:10A12C000000000000000000000000000000000023
:10A13C0000000000000000006330000044656A610C
:10A14C0056752053616E7320426F6F6B2031320055
:10A15C0044656A61567553616E73313200000000BC
:10A16C0044656A6156752053616E7320426F6F6B44
:10A17C002031360044656A61567553616E73313611
:10A18C000000000044A100080000000000000000D6
:10A19C00B81300208814002069646C65000000006E
:10A1AC006D61696E002C0438040470080C383C4452
:10A1BC00484C4D4E00000000000028040100040033
:10A1CC0000000000000C00102830340002000600D3
:10A1DC0001000A0003000B00040001000600060049
:10A1EC00010006000800000001000C00090000003E
:10A1FC000600010009000B00060001000E0006001D
:10A20C00010005000C000600020001001000000017
:10A21C0001000C00110000000600010011000600F6
:10A22C0003000100160006000700010018000000E2
:10A23C000100060016000700010005001C000000CC
:10A24C00010006001A0007000100050000000000D4
:10A25C0000007E03000000000E0000000E00000055
:10A26C00000080009002F0019C009003F800940024
:10A27C00100000000000000038012402FE0F440210
:10A28C00C80100001C00220022029C01600030006A
:10A29C00CC0122022002C00100000000C0013C03DE
:10A2AC0012022202440280018002600200000000BF
:10A2BC000E0000000000F800070701040000000079
:10A2CC0001040707F80000000000240018007E00BD
:10A2DC001800240000000000400040004000F8037B
:10A2EC00400040004000000000000007000000009B
:10A2FC004000400040000000000000030000000689
:10A30C00C0013800060000000000F800060302023D
:10A31C0002020603F8000000000002020202FE0323
:10A32C00000200020000000004020203820242024A
:10A33C0026021C020000000004010202220222027A
:10A34C002202DC0100000000C000B0008800860082
:10A35C00FE038000000000001E0112021202120215
:10A36C003203E00100000000F80024031202120284
:10A37C003203E401000000000200020282016200CC
:10A38C001A00060000000000DC0122022202220258
:10A39C002202DC01000000003C0166024202420283
:10A3AC002601F80000000000300300000000300718
:10A3BC0000000000600060006000900090009000C1
:10A3CC009801080100000000A000A000A000A0005F
:10A3DC00A000A000A000A00000000000080198014F
:10A3EC00900090009000600060006000000004008D
:10A3FC000200620312000C0000000000F0010802D1
:10A40C000404E208120912091209F20904058C006D
:10A41C00700000000002C001B80086008600B80081
:10A42C00C001000200000000FE03220222022202F0
:10A43C002202DC0100000000F8000401020202020A
:10A44C000202040100000000FE03020202020202EA
:10A45C0002020401F80000000000FE0322022202A6
:10A46C0022022202220200000000FE03220022002F
:10A47C002200220000000000F80004010202020287
:10A48C0022022202E40100000000FE032000200052
:10A49C00200020002000FE0300000000FE03000846
:10A4AC000008FE0700000000FE032000500088009A
:10A4BC000401020200000000FE0300020002000280
:10A4CC00000200000000FE030C003000C000C000C1
:10A4DC0030000C00FE0300000000FE030600180014
:10A4EC002000C0000003FE0300000000F80004017F
:10A4FC000202020202020401F80000000000FE0346
:10A50C0022002200220022001C0000000000F800A3
:10A51C0004010202020202060409F8000000000015
:10A52C00FE0322002200220062009C0100020000B7
:10A53C0000001C012202220222022202C40100009D
:10A54C00020002000200FE030200020002000000F2
:10A55C000000FE0100030002000200020003FE01E5
:10A56C00000006003800C00000030003C0003800E3
:10A57C000600000002001C00E0000003F0000E00CA
:10A58C00F0000003E0001C000200000002020601C3
:10A59C00D8002000D80006010202000002000C00C6
:10A5AC003000C00330000C00020000000000020369
:10A5BC0082024202220212020A020602000000007B
:10A5CC000000FE0F0208000006003800C001000663
:10A5DC00000000000208FE0F000000000000080050
:10A5EC00040002000200040008000000001000102B
:10A5FC00001000100010001000000000000001000E
:10A60C000200000000009001480248024802480184
:10A61C00F00300000000FF031803080208021803EF
:10A62C00F00100000000F0011803080208021001FC
:10A63C0000000000F0011803080208021803FF03D1
:10A64C0000000000F0015803480248025802700153
:10A65C0000000800FE030900090000000000F001E2
:10A66C00180B08120812181BF80F00000000FF034B
:10A67C001000080008000800F00300000000FA03B6
:10A68C0000000010FA1F00000000FF034000A000B3
:10A69C001001080200000000FF0300000000F80396
:10A6AC00080008000800F003080008000800F00388
:10A6BC0000000000F8031000080008000800F00378
:10A6CC0000000000F0011803080208021803F00152
:10A6DC0000000000F81F1803080208021803F0011C
:10A6EC0000000000F0011803080208021803F81F0C
:10A6FC0000000000F8031000080008000000000033
:10A70C003001480248024802900100000800FE0394
:10A71C000802080200000000F8010002000200021A
:10A72C000001F80300001800E00000030003E00043
:10A73C00180000001800E0000003E0001800E00022
:10A74C000003E000180000000802B00140004000C7
:10A75C00B001080200001810601080090007E0002A
:10A76C0018000000080388024802280218020000A2
:10A77C000000000040004000BE0F0208020800006C
:10A78C0000000000FE1F0000000002080208BE0FBF
:10A79C00400040000000000040002000200020008D
:10A7AC0040004000400020000000000004000900B0
:10A7BC0013001B0026003000330038003D0044001D
:10A7CC004D005000550058005D0065006C00740091
:10A7DC007C0084008C0094009C00A400AC00AF00B2
:10A7EC00B200BC00C600D000D600E300EC00F400C0
:10A7FC00FC0005010D0114011D01260129012C018C
:10A80C0034013B0145014E0157015F0168017101A3
:10A81C00790181018A0193019F01A701AF01B80160
:10A82C00BD01C201C601CF01D601DB01E301EB0181
:10A83C00F201FA01020207020F0217021A021D02AC
:10A84C002402270232023A0242024A0252025802FF
:10A85C005F0264026C0273027D0284028B0291021D
:10A86C0099029D02A402AE020405050A080B0A0314
:10A87C000505060A04040404080808080808080862
:10A88C00080804040A0A0A060D080808090807093A
:10A89C0009030307060A0909080908080709080B30
:10A8AC000707090504050A0606080807080804082E
:10A8BC0008030307030B0808080805070508060921
:10A8CC000606050804080A0020005F000000020DBF
:10A8DC000000000074A80008B4A7000858A20008E3
:10A8EC0048A100085CA100080D0D030D010A0E0221
:10A8FC003F000000018A0008918900080400010053
:10A90C00D4A8000800000000ECA800080F15830A6A
:10A91C00412F060A80010B83013D058009800680CA
:10A92C00098006800980010580030A810E800D03D1
:10A93C0080010F80108010800109800104078007BE
:10A94C008008800B0880010F801080010D80018031
:10A95C0003800780011302800680010381010384B8
:10A96C001387078101800C04800A10140480018075
:10A97C000181018001848285A4B426A4262021278C
:10A98C00F42C1DC81D0025B4223FD41DF5AC30316C
:10A99C002D3222CF2B25001DD41D3729D02E282E49
:10A9AC0028F2292F831D3BA42620213C1C220F2694
:10A9BC00211C2C36FAC61D36D4A43A2AF48C20203D
:10A9CC0031312A292A1F263B25FE3AF429360FA3BA
:10A9DC001DC474831C3236952423002931D0D82A07
:10A9EC00D586A4A41D372D292DD322373731191A1A
:10A9FC00C229302EB426D41C2DA426C4C0C42D2D9F
:10AA0C0023FC3600000001000200040006000700D1
:10AA1C000A000D000E001B001E0020002300260063
:10AA2C002D0030003100370038003B004000420060
:10AA3C00460049004A004C004F005200540056009A
:10AA4C0058005B005E005F006000630065006600FC
:10AA5C0069006A006B007400760079007B007E0050
:10AA6C0080008200850088008A008C008F00910095
:10AA7C00950097009A009F00A200A600A800A900CC
:10AA8C00AC00AF00B700B900BB00BD00BF00C200F6
:10AA9C00C500CC00CF00D100D200DA00DD00E00010
:10AAAC00E200E400E600E800EA00ED00F000F1004E
:10AABC00F400F70005001006274349182F2B100649
:10AACC0058553D55100DF419418D42FA5E29DD5E45
:10AADC0029DD100A2F652C1AFEA91D55E0388B4A6A
:10AAEC0036D61DDE293E6E100F2FD26A6AF4858C85
:10AAFC00B62AA822ED18761DC685322D2AE86824C0
:10AB0C006874100C66FCA74A5CFC8C53C6A51C5BD5
:10AB1C00683A868C69443010032F5A10062FD04C9B
:10AB2C006E24494141385110062F51414160496E04
:10AB3C00324C1008FC1C6E96861C67A0296F2C41A9
:10AB4C00100D1F238C6EF3A3295A10051B252310FF
:10AB5C0006181F1FE210051B2B10051C4141256E0A
:10AB6C00D42527225C100A663037FE45206B52FE36
:10AB7C00375B1E100A2FE04C5A49002383100A2F12
:10AB8C00A229A74A655C5F365FFE3883100A2F67DF
:10AB9C00E5906EDC1E415A2A37C2100A294C5330FC
:10ABAC0055D529A51CA44B3C836ED4100A395D5C89
:10ABBC00D418675B385A2A37C2100A39A029A71C47
:10ABCC00A42B643B20211C5B1E100A34412B23EC6C
:10ABDC00256EEC100A66FA696BF535B41E22696BAA
:10ABEC00525B1E100A663045456B523D485CEC4A80
:10ABFC00901C741005291F41412F1F651005002959
:10AC0C001F2B1C1F4323100D271F5C4E3F29924AFC
:10AC1C0041510F18A041100D39191F33A319343CA1
:10AC2C00100D005918D24151F55C4E4E3F2C1009B5
:10AC3C002FA24A8C6E324C4C6E1C2B101038351ACD
:10AC4C00F7B42E3521B38697322D474747478DB041
:10AC5C0021731C864C440F100B398C239853634A78
:10AC6C004B3F9328C4682A100B4FFC3228FC21213F
:10AC7C00321C82872132282E2800211C83100B19AC
:10AC8C00670F69F44A494160DC293E100C4F693169
:10AC9C002E284D28278A1C83100A342625188385D4
:10ACAC006525FC2C8310094F25185D49100C198261
:10ACBC001DB41C681C5A007C2E282A1C5282100CB5
:10ACCC002FE5A44DF474832E284D1005C42B49494F
:10ACDC001005395A49494C100A58A42645244236C5
:10ACEC00D253308842EC4A45A4100958494918837C
:10ACFC00100DF4418590B435314631463146312D35
:10AD0C0047306D6D00215B6BC5A4100C2F878CA494
:10AD1C008668C5683D6A6AD41C5B68D468D468F4DC
:10AD2C00981C858EA435100D2F334A3A5737C21014
:10AD3C000A2F5D4520375D185A100D2F334A3A57AC
:10AD4C00446041100B2F5D452037831D456BF52862
:10AD5C002E100A66FEB51D2B41515138523C441041
:10AD6C0009187CA34A4949100C58284D4D2A211C1E
:10AD7C0082100BFC38520F282E2A4B2D296353D8E6
:10AD8C005C101158C48596A431888E88868986A556
:10AD9C005B3A984747683B62100B1C4C6937632938
:10ADAC0098238C53631CA46BFE100938682A3763F4
:10ADBC0029D82B49100C34F75C5F365F365F36743C
:10ADCC008310062F8B4A49495C741005FC41415A8B
:10ADDC004343414110062FD249495C3774100DFC96
:10ADEC00198A1E1CA445A41008FC381F1B3410081B
:10ADFC00F0385110091F1E4AD029378222454B3C8E
:10AE0C0048100A2F5A6450FCB437C110091F1E1C7D
:10AE1C00A445185A4137C0100A292522F740244866
:10AE2C001009291FEB292D4A4B831C654137C01093
:10AE3C000639924A5C7C6E3A49100A1F1E4024481F
:10AE4C002945241E100A2F5A643B2020A41003C449
:10AE5C006E195A491003C46E1C49495CF010092F35
:10AE6C005A45244236D22C8842EC4AD41003272B64
:10AE7C004949100F593F7DA4B5B53A56565656560A
:10AE8C0056D4A4100A59643B2020A4100A1F1E1C7F
:10AE9C00A437501C5B1E100A596450FCB437C14ACD
:10AEAC002B100A1F1E40244825100759CB222B4972
:10AEBC0010091F223F4A451851874C294BC21006D6
:10AECC0000196E332C432518F2100A592020004526
:10AEDC00481009001F282E2A4B6353E05C100D1FED
:10AEEC002A56F486862D2D319847683B62100AFC51
:10AEFC001F35B41D244A55008A4A55A522B41009A1
:10AF0C001C1F682A4BFE376353008E4C6EF21009DF
:10AF1C00FC1F35A35C5F365FFE3883100A00198A6C
:10AF2C004A494C43251C2210050058494949100A2E
:10AF3C0038B46049188A4A494C100D001F1F936899
:10AF4C007C100000000003000B0011001F003400F7
:10AF5C004F006400680074007F008D0097009C0017
:10AF6C00A200A600B200C000CA00D900E700F80099
:10AF7C000601160120013001400149015301630112
:10AF8C006D017B018801A401B401CA01D801E5015E
:10AF9C00F201F9010B0217021D02240236023D02D6
:10AFAC00570273027C02860290029E02AC02B4022B
:10AFBC00BE02CE02E502F60201030E0317032103C3
:10AFCC002A0334033B0340034E03580364036D030D
:10AFDC007C03860391039A03A103AA03B903BF035D
:10AFEC00D003D803E303EE03F603FD030B041604AE
:10AFFC001E042A043A044B045B04680474047B04A6
:10B00C008604000020005F0050AF0008C0AA0008B2
:10B01C006CA1000880A1000811110311010D13028D
:10B02C003F00000071860008B18500080400000094
:10B03C0018A9000810AA00082857010010B0000831
:10B04C0010A900081CB00008670000006000000098
:10B05C00E16F000841700008B1700008218D0008F4
:10B06C0000000000C190000800000000F1900008F2
:10B07C0031910008000000000000000000000000FA
:10B08C0000000000000000000000000000000000B4
:10B09C0000000000000000005191000800000000BA
:10B0AC000000000000000000000000000000000094
:10B0BC00000000000000004809000000140300001C
:10B0CC000B020000EE0100000B020000EE0100007C
:10B0DC00880100004A010000B80100004A0100008C
:10B0EC00880100000B0200004B02000093020000DC
:10B0FC001003000093020000B8010000EE010000F4
:10B10C00B80100005D0100004A0100005D01000073
:10B11C004A01000026010000BA0200009302000060
:10B12C00BA020000930200004B020000BA020000B9
:10B13C00930200000B020000BA0200009302000010
:10B14C000B020000BA0200006E0200000B020000AD
:10B15C00BA0200006E0200000B02000006010000A3
:10B16C00880100000B02000000000000000000003D
:10B17C0000000000000000000000000000000000C3
:10B18C0000000000000000000000000000000000B3
:10B19C0000000000000000000000000000000000A3
:10B1AC000000000000000000000000000000000093
:10B1BC000000000000000000000000000000000083
:10B1CC0000000000444143206661696C75726500A3
:10B1DC00FF0700000000000001000000619900085A
:10B1EC00B199000807000000575757575757575742
:10B1FC005752525252525252525247474747474760
:10B20C004747475959595959595959594F4F4F4F00
:10B21C004F4F4F4F4F424242424242424242000045
:10B22C0057574757574757574752525252525252F5
:10B23C005252474759474759474759595942595903
:10B24C00425959424F4F4F4F4F4F4F4F4F4242571A
:10B25C004242574242570000575747575747575794
:10B26C0047525242525242525257474759474759F6
:10B27C00525252424242595959595959474F4F47C4
:10B28C004F4F594F4F4F4F4F42425742425700007A
:10B29C00575747575747594F4F525242525242579E
:10B2AC005747524747524747525959575252595983
:10B2BC0059595959474F4F474F4F4242424F4F4FA1
:10B2CC004242574242570000474F4F575747594F3A
:10B2DC004F5757475252425757475752525959593D
:10B2EC00425959595959474F4F424242474F4F477C
:10B2FC004F4F4242424F57574F42424F424200003B
:10B30C00474F4F575747594F4F5247475752574739
:10B31C0042474247594F4759595252525952525922
:10B32C0052575942424759424F594F4242574F4F39
:10B33C0052424F4F424F0000474F4F575747594FBC
:10B34C004F52474757525747424747525942474F28
:10B35C0047474252524259595952525759595242DF
:10B36C004F594F4242574F425242475742590000A1
:10B37C00474F4F575747594F4F52474757525757B9
:10B38C00574F47525942474F4747425252425959D9
:10B39C0059525257595952424F594F4242574F42A4
:10B3AC005242475742590000474F4F575747594F42
:10B3BC004F524747575257594742594F42524747A6
:10B3CC0057574F4259575259525259524742474276
:10B3DC004F59474242574F59524259574252000017
:10B3EC00474F47575757594F425247575752525941
:10B3FC00475257525957474F4F4742425947525954
:10B40C005952594247424F424F474F424F5752575A
:10B41C0042424F5259590000474F474259594F4FDA
:10B42C00424747575752525947524F57574747521F
:10B43C00424F5952594757595959594242424F5202
:10B44C004F4752424F57525742424F5259590000A0
:10B45C00474F47575757594F4257525242524752EC
:10B46C00575952475952474757574F5252425959B9
:10B47C00594259474F47594259594F4242524757DF
:10B48C0052474757574F0000524F47525757574F45
:10B49C0042575252425247525759524757594747AF
:10B4AC0042574F5752425259594F5947594F424799
:10B4BC004F424F4247474F5957425959424F00004C
:10B4CC00524F59525759574F4F5752524252475257
:10B4DC005759524747595742574257525752594753
:10B4EC004F594F594F42474F424F4247474F425790
:10B4FC004259594247000000F4B100082CB2000830
:10B50C0064B200089CB20008D4B200080CB3000866
:10B51C0044B300087CB30008B4B30008ECB30008D3
:10B52C0024B400085CB4000894B40008CCB400083F
:10B53C0050726573732063656E74657220746F202E
:10B54C0073746172740000005375636365737300E8
:08B55C00284FFF7F01000000F1
:10B5640080FE210A2424E502A07F880280FE210AAD
:10B5740080FE210A40FF100580FE210A80FE210A78
:10B5840080FE210A00000000DC0500002C01000000
:10B594002C010000F401000020030000F40100006D
:10B5A400F4010000DC050000F4010000DC050000EB
:10B5B4002C0100002C010000F4010000BC0200007A
:10B5C4002C0100002C010000DC050000BC0200007E
:10B5D400BC0200002C010000BC020000200300009B
:10B5E400BC020000BC0200002C010000BC020000F0
:10B5F40020030000BC020000BC0200002C0100007B
:10B60400BC020000BC0200002C010000BC020000CF
:10B61400BC0200002C010000BC020000BC020000BF
:10B62400DC050000BC0200002C010000DC05000069
:10B634000000000000000000000000000000000006
:10B6440000000000000000000000000000000000F6
:10B6540000000000000000000000000000000000E6
:10B6640000000000000000000000000000000000D6
:10B6740000000000000000000000000000000000C6
:10B68400000000000000000000000000FF07220886
:10B6940046086A088D08B108D408F8081B093F0950
:10B6A40062098509A809CB09EE09100A330A550A6B
:10B6B400770A990ABB0ADC0AFD0A1E0B3F0B600BD2
:10B6C400800BA00BC00BDF0BFE0B1D0C3B0C590CAD
:10B6D400770C950CB20CCE0CEB0C070D220D3D0D26
:10B6E400580D730D8C0DA60DBF0DD80DF00D070E62
:10B6F4001F0E350E4C0E610E770E8B0EA00EB30E80
:10B70400C60ED90EEB0EFD0E0E0F1E0F2E0F3E0FA2
:10B714004D0F5B0F680F760F820F8E0F990FA40FDA
:10B72400AE0FB80FC10FC90FD10FD80FDE0FE40F42
:10B73400EA0FEE0FF20FF60FF90FFB0FFC0FFD0FE0
:10B74400FE0FFD0FFC0FFB0FF90FF60FF20FEE0FBC
:10B75400EA0FE40FDE0FD80FD10FC90FC10FB80FD6
:10B76400AE0FA40F990F8E0F820F760F680F5B0F29
:10B774004D0F3E0F2E0F1E0F0E0FFD0EEB0ED90EAA
:10B78400C60EB30EA00E8B0E770E610E4C0E350E48
:10B794001F0E070EF00DD80DBF0DA60D8C0D730DE9
:10B7A400580D3D0D220D070DEB0CCE0CB20C950C73
:10B7B400770C590C3B0C1D0CFE0BDF0BC00BA00BC4
:10B7C400800B600B3F0B1E0BFD0ADC0ABB0A990AB7
:10B7D400770A550A330A100AEE09CB09A809850924
:10B7E40062093F091B09F808D408B1088D086A08E2
:10B7F40046082208FF07DC07B807940771074D07BE
:10B804002A070607E306BF069C0679065606330692
:10B814001006EE05CB05A905870565054305220538
:10B824000105E004BF049E047E045E043E041F047C
:10B834000004E103C303A503870369034C03300336
:10B844001303F702DC02C102A6028B027202580241
:10B854003F0226020E02F701DF01C901B2019D0178
:10B86400870173015E014B013801250113010101B8
:10B87400F000E000D000C000B100A30096008800F2
:10B884007C00700065005A00500046003D00350001
:10B894002D00260020001A00140010000C000800DF
:10B8A4000500030002000100000001000200030083
:10B8B400050008000C00100014001A0020002600E7
:10B8C4002D0035003D00460050005A006500700010
:10B8D4007C0088009600A300B100C000D000E00006
:10B8E400F00001011301250138014B015E017301D0
:10B8F40087019D01B201C901DF01F7010E02260291
:10B904003F02580272028B02A602C102DC02F70255
:10B91400130330034C0369038703A503C303E10343
:10B9240000041F043E045E047E049E04BF04E0047D
:10B9340001052205430565058705A905CB05EE0527
:10B9440010063306560679069C06BF06E30606076C
:10B954002A074D0771079407B807DC07F0BE0500F6
:10B96400000000002000000000000000100C002077
:10B9740000000000FC0E0020640F0020CC0F00200B
:10B9840000000000000000000000000000000000B3
:10B9940000000000000000000000000000000000A3
:10B9A4000000000000000000000000000000000093
:10B9B4000000000000000000000000000000000083
:10B9C4000000000000000000000000000000000073
:10B9D4000000000000000000000000000000000063
:10B9E4000000000000000000000000000000000053
:10B9F4000000000000000000000000000000000043
:10BA04000000000000000000000000000000000032
:10BA14000000000000000000010000000000000021
:10BA24000E33CDAB34126DE6ECDE05000B000000E6
:10BA34000000000000000000000000000000000002
:10BA440000000000000000000000000000000000F2
:10BA540000000000000000000000000000000000E2
:10BA640000000000000000000000000000000000D2
:10BA740000000000000000000000000000000000C2
:10BA840000000000000000000000000000000000B2
:10BA940000000000000000000000000000000000A2
:10BAA4000000000000000000000000000000000092
:10BAB4000000000000000000000000000000000082
:10BAC4000000000000000000000000000000000072
:10BAD4000000000000000000000000000000000062
:10BAE4000000000000000000000000000000000052
:10BAF4000000000000000000000000000000000042
:10BB04000000000000000000000000000000000031
:10BB14000000000000000000000000000000000021
:10BB24000000000000000000000000000000000011
:10BB34000000000000000000000000000000000001
:10BB440000000000000000000000000000000000F1
:10BB540000000000000000000000000000000000E1
:10BB640000000000000000000000000000000000D1
:10BB740000000000000000000000000000000000C1
:10BB840000000000000000000000000000000000B1
:10BB940000000000000000000000000000000000A1
:10BBA4000000000000000000000000000000000091
:10BBB4000000000000000000000000000000000081
:10BBC4000000000000000000000000000000000071
:10BBD4000000000000000000000000000000000061
:10BBE4000000000000000000000000000000000051
:10BBF4000000000000000000000000000000000041
:10BC04000000000000000000000000000000000030
:10BC14000000000000000000000000000000000020
:10BC24000000000000000000000000000000000010
:10BC34000000000000000000000000000000000000
:10BC440000000000000000000000000000000000F0
:10BC540000000000000000000000000000000000E0
:10BC640000000000000000000000000000000000D0
:10BC740000000000000000000000000000000000C0
:10BC840000000000000000000000000000000000B0
:10BC940000000000000000000000000000000000A0
:10BCA4000000000000000000000000000000000090
:10BCB4000000000000000000000000000000000080
:10BCC4000000000000000000000000000000000070
:10BCD4000000000000000000000000000000000060
:10BCE4000000000000000000000000000000000050
:10BCF4000000000000000000000000000000000040
:10BD0400000000000000000000000000000000002F
:10BD1400000000000000000000000000000000001F
:10BD2400000000000000000000000000000000000F
:10BD340000000000000000000000000000000000FF
:10BD440000000000000000000000000000000000EF
:10BD540000000000000000000000000000000000DF
:10BD640000000000000000000000000000000000CF
:10BD740000000000000000000000000000000000BF
:10BD840000000000000000000000000000000000AF
:08BD94000000000000000000A7
:04000005080002B934
:00000001FF
