ARM GAS  C:\Users\angio\AppData\Local\Temp\ccwRbOv0.s 			page 1


   1              		.cpu cortex-m4
   2              		.arch armv7e-m
   3              		.fpu softvfp
   4              		.eabi_attribute 20, 1
   5              		.eabi_attribute 21, 1
   6              		.eabi_attribute 23, 3
   7              		.eabi_attribute 24, 1
   8              		.eabi_attribute 25, 1
   9              		.eabi_attribute 26, 1
  10              		.eabi_attribute 30, 6
  11              		.eabi_attribute 34, 1
  12              		.eabi_attribute 18, 4
  13              		.file	"chmemheaps.c"
  14              		.file 1 "c:\\chibistudio\\tools\\gnu tools arm embedded\\10.3 2021.10\\lib\\gcc\\arm-none-eabi\\10
  15              		.file 2 "c:\\chibistudio\\tools\\gnu tools arm embedded\\10.3 2021.10\\arm-none-eabi\\include\\mac
  16              		.file 3 "c:\\chibistudio\\tools\\gnu tools arm embedded\\10.3 2021.10\\arm-none-eabi\\include\\sys
  17              		.file 4 "../../chibios2111/os/common/ports/ARM-common/chtypes.h"
  18              		.file 5 "../../chibios2111/os/rt/include/chearly.h"
  19              		.file 6 "../../chibios2111/os/rt/include/chobjects.h"
  20              		.file 7 "../../chibios2111/os/rt/include/chrfcu.h"
  21              		.file 8 "../../chibios2111/os/rt/include/chdebug.h"
  22              		.file 9 "../../chibios2111/os/rt/include/chtime.h"
  23              		.file 10 "../../chibios2111/os/rt/include/chlists.h"
  24              		.file 11 "../../chibios2111/os/common/ports/ARMv7-M-ALT/chcore.h"
  25              		.file 12 "../../chibios2111/os/rt/include/chsem.h"
  26              		.file 13 "../../chibios2111/os/rt/include/chmtx.h"
  27              		.file 14 "../../chibios2111/os/oslib/include/chmemcore.h"
  28              		.file 15 "../../chibios2111/os/oslib/include/chmemheaps.h"
  29              		.file 16 "../../chibios2111/os/oslib/src/chmemheaps.c"
  30              		.section	.gnu.debuglto_.debug_info,"e",%progbits
  31              	.Ldebug_info0:
  32              		.hidden	chmemheaps.c.d8fea8fd
  33              		.weak	chmemheaps.c.d8fea8fd
  34              	chmemheaps.c.d8fea8fd:
  35 0000 C20A0000 		.4byte	0xac2
  36 0004 0400     		.2byte	0x4
  37 0006 00000000 		.4byte	.Ldebug_abbrev0
  38 000a 04       		.byte	0x4
  39 000b 01       		.uleb128 0x1
  40 000c DD040000 		.4byte	.LASF139
  41 0010 0C       		.byte	0xc
  42 0011 D3010000 		.4byte	.LASF140
  43 0015 1C010000 		.4byte	.LASF141
  44 0019 00000000 		.4byte	.Ldebug_line0
  45 001d 02       		.uleb128 0x2
  46 001e 04       		.byte	0x4
  47 001f 05       		.byte	0x5
  48 0020 696E7400 		.ascii	"int\000"
  49 0024 03       		.uleb128 0x3
  50 0025 12000000 		.4byte	.LASF4
  51 0029 01       		.byte	0x1
  52 002a D1       		.byte	0xd1
  53 002b 17       		.byte	0x17
  54 002c 30000000 		.4byte	0x30
  55 0030 04       		.uleb128 0x4
  56 0031 04       		.byte	0x4
  57 0032 07       		.byte	0x7
ARM GAS  C:\Users\angio\AppData\Local\Temp\ccwRbOv0.s 			page 2


  58 0033 39020000 		.4byte	.LASF0
  59 0037 04       		.uleb128 0x4
  60 0038 08       		.byte	0x8
  61 0039 05       		.byte	0x5
  62 003a ED000000 		.4byte	.LASF1
  63 003e 04       		.uleb128 0x4
  64 003f 08       		.byte	0x8
  65 0040 04       		.byte	0x4
  66 0041 64030000 		.4byte	.LASF2
  67 0045 04       		.uleb128 0x4
  68 0046 01       		.byte	0x1
  69 0047 06       		.byte	0x6
  70 0048 FB000000 		.4byte	.LASF3
  71 004c 03       		.uleb128 0x3
  72 004d 3F000000 		.4byte	.LASF5
  73 0051 02       		.byte	0x2
  74 0052 2B       		.byte	0x2b
  75 0053 18       		.byte	0x18
  76 0054 58000000 		.4byte	0x58
  77 0058 04       		.uleb128 0x4
  78 0059 01       		.byte	0x1
  79 005a 08       		.byte	0x8
  80 005b F4030000 		.4byte	.LASF6
  81 005f 04       		.uleb128 0x4
  82 0060 02       		.byte	0x2
  83 0061 05       		.byte	0x5
  84 0062 15040000 		.4byte	.LASF7
  85 0066 04       		.uleb128 0x4
  86 0067 02       		.byte	0x2
  87 0068 07       		.byte	0x7
  88 0069 3D040000 		.4byte	.LASF8
  89 006d 03       		.uleb128 0x3
  90 006e DE020000 		.4byte	.LASF9
  91 0072 02       		.byte	0x2
  92 0073 4D       		.byte	0x4d
  93 0074 18       		.byte	0x18
  94 0075 79000000 		.4byte	0x79
  95 0079 04       		.uleb128 0x4
  96 007a 04       		.byte	0x4
  97 007b 05       		.byte	0x5
  98 007c 68010000 		.4byte	.LASF10
  99 0080 03       		.uleb128 0x3
 100 0081 C3010000 		.4byte	.LASF11
 101 0085 02       		.byte	0x2
 102 0086 4F       		.byte	0x4f
 103 0087 19       		.byte	0x19
 104 0088 8C000000 		.4byte	0x8c
 105 008c 04       		.uleb128 0x4
 106 008d 04       		.byte	0x4
 107 008e 07       		.byte	0x7
 108 008f AB040000 		.4byte	.LASF12
 109 0093 03       		.uleb128 0x3
 110 0094 AC030000 		.4byte	.LASF13
 111 0098 02       		.byte	0x2
 112 0099 69       		.byte	0x69
 113 009a 19       		.byte	0x19
 114 009b 9F000000 		.4byte	0x9f
ARM GAS  C:\Users\angio\AppData\Local\Temp\ccwRbOv0.s 			page 3


 115 009f 04       		.uleb128 0x4
 116 00a0 08       		.byte	0x8
 117 00a1 07       		.byte	0x7
 118 00a2 94000000 		.4byte	.LASF14
 119 00a6 03       		.uleb128 0x3
 120 00a7 74060000 		.4byte	.LASF15
 121 00ab 03       		.byte	0x3
 122 00ac 18       		.byte	0x18
 123 00ad 13       		.byte	0x13
 124 00ae 4C000000 		.4byte	0x4c
 125 00b2 03       		.uleb128 0x3
 126 00b3 EC030000 		.4byte	.LASF16
 127 00b7 03       		.byte	0x3
 128 00b8 2C       		.byte	0x2c
 129 00b9 13       		.byte	0x13
 130 00ba 6D000000 		.4byte	0x6d
 131 00be 03       		.uleb128 0x3
 132 00bf 76040000 		.4byte	.LASF17
 133 00c3 03       		.byte	0x3
 134 00c4 30       		.byte	0x30
 135 00c5 14       		.byte	0x14
 136 00c6 80000000 		.4byte	0x80
 137 00ca 03       		.uleb128 0x3
 138 00cb 2B000000 		.4byte	.LASF18
 139 00cf 03       		.byte	0x3
 140 00d0 3C       		.byte	0x3c
 141 00d1 14       		.byte	0x14
 142 00d2 93000000 		.4byte	0x93
 143 00d6 05       		.uleb128 0x5
 144 00d7 CA000000 		.4byte	0xca
 145 00db 03       		.uleb128 0x3
 146 00dc 8B040000 		.4byte	.LASF19
 147 00e0 04       		.byte	0x4
 148 00e1 48       		.byte	0x48
 149 00e2 1D       		.byte	0x1d
 150 00e3 CA000000 		.4byte	0xca
 151 00e7 03       		.uleb128 0x3
 152 00e8 EF020000 		.4byte	.LASF20
 153 00ec 05       		.byte	0x5
 154 00ed 50       		.byte	0x50
 155 00ee 19       		.byte	0x19
 156 00ef DB000000 		.4byte	0xdb
 157 00f3 03       		.uleb128 0x3
 158 00f4 B4020000 		.4byte	.LASF21
 159 00f8 05       		.byte	0x5
 160 00f9 53       		.byte	0x53
 161 00fa 19       		.byte	0x19
 162 00fb A6000000 		.4byte	0xa6
 163 00ff 03       		.uleb128 0x3
 164 0100 71010000 		.4byte	.LASF22
 165 0104 05       		.byte	0x5
 166 0105 54       		.byte	0x54
 167 0106 19       		.byte	0x19
 168 0107 A6000000 		.4byte	0xa6
 169 010b 03       		.uleb128 0x3
 170 010c C6030000 		.4byte	.LASF23
 171 0110 05       		.byte	0x5
ARM GAS  C:\Users\angio\AppData\Local\Temp\ccwRbOv0.s 			page 4


 172 0111 55       		.byte	0x55
 173 0112 19       		.byte	0x19
 174 0113 A6000000 		.4byte	0xa6
 175 0117 03       		.uleb128 0x3
 176 0118 CE030000 		.4byte	.LASF24
 177 011c 05       		.byte	0x5
 178 011d 57       		.byte	0x57
 179 011e 19       		.byte	0x19
 180 011f BE000000 		.4byte	0xbe
 181 0123 03       		.uleb128 0x3
 182 0124 9E020000 		.4byte	.LASF25
 183 0128 05       		.byte	0x5
 184 0129 58       		.byte	0x58
 185 012a 19       		.byte	0x19
 186 012b B2000000 		.4byte	0xb2
 187 012f 03       		.uleb128 0x3
 188 0130 D2020000 		.4byte	.LASF26
 189 0134 05       		.byte	0x5
 190 0135 5A       		.byte	0x5a
 191 0136 19       		.byte	0x19
 192 0137 BE000000 		.4byte	0xbe
 193 013b 03       		.uleb128 0x3
 194 013c 33020000 		.4byte	.LASF27
 195 0140 05       		.byte	0x5
 196 0141 5C       		.byte	0x5c
 197 0142 19       		.byte	0x19
 198 0143 B2000000 		.4byte	0xb2
 199 0147 03       		.uleb128 0x3
 200 0148 BC030000 		.4byte	.LASF28
 201 014c 05       		.byte	0x5
 202 014d 80       		.byte	0x80
 203 014e 12       		.byte	0x12
 204 014f 30000000 		.4byte	0x30
 205 0153 03       		.uleb128 0x3
 206 0154 A2050000 		.4byte	.LASF29
 207 0158 05       		.byte	0x5
 208 0159 85       		.byte	0x85
 209 015a 1A       		.byte	0x1a
 210 015b 5F010000 		.4byte	0x15f
 211 015f 06       		.uleb128 0x6
 212 0160 94020000 		.4byte	.LASF44
 213 0164 70       		.byte	0x70
 214 0165 06       		.byte	0x6
 215 0166 9C       		.byte	0x9c
 216 0167 08       		.byte	0x8
 217 0168 42020000 		.4byte	0x242
 218 016c 07       		.uleb128 0x7
 219 016d 68647200 		.ascii	"hdr\000"
 220 0171 06       		.byte	0x6
 221 0172 AD       		.byte	0xad
 222 0173 05       		.byte	0x5
 223 0174 0C060000 		.4byte	0x60c
 224 0178 00       		.byte	0
 225 0179 07       		.uleb128 0x7
 226 017a 63747800 		.ascii	"ctx\000"
 227 017e 06       		.byte	0x6
 228 017f B1       		.byte	0xb1
ARM GAS  C:\Users\angio\AppData\Local\Temp\ccwRbOv0.s 			page 5


 229 0180 21       		.byte	0x21
 230 0181 5A050000 		.4byte	0x55a
 231 0185 0C       		.byte	0xc
 232 0186 08       		.uleb128 0x8
 233 0187 5A020000 		.4byte	.LASF30
 234 018b 06       		.byte	0x6
 235 018c B6       		.byte	0xb6
 236 018d 21       		.byte	0x21
 237 018e 83030000 		.4byte	0x383
 238 0192 38       		.byte	0x38
 239 0193 08       		.uleb128 0x8
 240 0194 9B040000 		.4byte	.LASF31
 241 0198 06       		.byte	0x6
 242 0199 BB       		.byte	0xbb
 243 019a 22       		.byte	0x22
 244 019b 19070000 		.4byte	0x719
 245 019f 40       		.byte	0x40
 246 01a0 08       		.uleb128 0x8
 247 01a1 6C020000 		.4byte	.LASF32
 248 01a5 06       		.byte	0x6
 249 01a6 C0       		.byte	0xc0
 250 01a7 22       		.byte	0x22
 251 01a8 1B030000 		.4byte	0x31b
 252 01ac 44       		.byte	0x44
 253 01ad 08       		.uleb128 0x8
 254 01ae BD040000 		.4byte	.LASF33
 255 01b2 06       		.byte	0x6
 256 01b3 C9       		.byte	0xc9
 257 01b4 22       		.byte	0x22
 258 01b5 8A050000 		.4byte	0x58a
 259 01b9 48       		.byte	0x48
 260 01ba 08       		.uleb128 0x8
 261 01bb 62010000 		.4byte	.LASF34
 262 01bf 06       		.byte	0x6
 263 01c0 CE       		.byte	0xce
 264 01c1 21       		.byte	0x21
 265 01c2 FF000000 		.4byte	0xff
 266 01c6 4C       		.byte	0x4c
 267 01c7 08       		.uleb128 0x8
 268 01c8 7C060000 		.4byte	.LASF35
 269 01cc 06       		.byte	0x6
 270 01cd D2       		.byte	0xd2
 271 01ce 21       		.byte	0x21
 272 01cf F3000000 		.4byte	0xf3
 273 01d3 4D       		.byte	0x4d
 274 01d4 08       		.uleb128 0x8
 275 01d5 E8000000 		.4byte	.LASF36
 276 01d9 06       		.byte	0x6
 277 01da D7       		.byte	0xd7
 278 01db 21       		.byte	0x21
 279 01dc 0B010000 		.4byte	0x10b
 280 01e0 4E       		.byte	0x4e
 281 01e1 09       		.uleb128 0x9
 282 01e2 7500     		.ascii	"u\000"
 283 01e4 06       		.byte	0x6
 284 01e5 2801     		.2byte	0x128
 285 01e7 21       		.byte	0x21
ARM GAS  C:\Users\angio\AppData\Local\Temp\ccwRbOv0.s 			page 6


 286 01e8 3A060000 		.4byte	0x63a
 287 01ec 50       		.byte	0x50
 288 01ed 0A       		.uleb128 0xa
 289 01ee FF010000 		.4byte	.LASF37
 290 01f2 06       		.byte	0x6
 291 01f3 2D01     		.2byte	0x12d
 292 01f5 21       		.byte	0x21
 293 01f6 56030000 		.4byte	0x356
 294 01fa 54       		.byte	0x54
 295 01fb 0A       		.uleb128 0xa
 296 01fc 59010000 		.4byte	.LASF38
 297 0200 06       		.byte	0x6
 298 0201 3301     		.2byte	0x133
 299 0203 21       		.byte	0x21
 300 0204 83030000 		.4byte	0x383
 301 0208 58       		.byte	0x58
 302 0209 0A       		.uleb128 0xa
 303 020a A4020000 		.4byte	.LASF39
 304 020e 06       		.byte	0x6
 305 020f 3901     		.2byte	0x139
 306 0211 21       		.byte	0x21
 307 0212 2F010000 		.4byte	0x12f
 308 0216 60       		.byte	0x60
 309 0217 0A       		.uleb128 0xa
 310 0218 9D060000 		.4byte	.LASF40
 311 021c 06       		.byte	0x6
 312 021d 4001     		.2byte	0x140
 313 021f 22       		.byte	0x22
 314 0220 13070000 		.4byte	0x713
 315 0224 64       		.byte	0x64
 316 0225 0A       		.uleb128 0xa
 317 0226 25030000 		.4byte	.LASF41
 318 022a 06       		.byte	0x6
 319 022b 4401     		.2byte	0x144
 320 022d 21       		.byte	0x21
 321 022e 17010000 		.4byte	0x117
 322 0232 68       		.byte	0x68
 323 0233 0A       		.uleb128 0xa
 324 0234 77020000 		.4byte	.LASF42
 325 0238 06       		.byte	0x6
 326 0239 4B01     		.2byte	0x14b
 327 023b 22       		.byte	0x22
 328 023c 90050000 		.4byte	0x590
 329 0240 6C       		.byte	0x6c
 330 0241 00       		.byte	0
 331 0242 03       		.uleb128 0x3
 332 0243 FD050000 		.4byte	.LASF43
 333 0247 05       		.byte	0x5
 334 0248 8A       		.byte	0x8a
 335 0249 1F       		.byte	0x1f
 336 024a 4E020000 		.4byte	0x24e
 337 024e 0B       		.uleb128 0xb
 338 024f EE050000 		.4byte	.LASF45
 339 0253 B0       		.byte	0xb0
 340 0254 06       		.byte	0x6
 341 0255 8A01     		.2byte	0x18a
 342 0257 08       		.byte	0x8
ARM GAS  C:\Users\angio\AppData\Local\Temp\ccwRbOv0.s 			page 7


 343 0258 CD020000 		.4byte	0x2cd
 344 025c 0A       		.uleb128 0xa
 345 025d 6E060000 		.4byte	.LASF46
 346 0261 06       		.byte	0x6
 347 0262 8E01     		.2byte	0x18e
 348 0264 21       		.byte	0x21
 349 0265 4A070000 		.4byte	0x74a
 350 0269 00       		.byte	0
 351 026a 0A       		.uleb128 0xa
 352 026b 52010000 		.4byte	.LASF47
 353 026f 06       		.byte	0x6
 354 0270 9201     		.2byte	0x192
 355 0272 21       		.byte	0x21
 356 0273 C7050000 		.4byte	0x5c7
 357 0277 10       		.byte	0x10
 358 0278 0A       		.uleb128 0xa
 359 0279 0B060000 		.4byte	.LASF48
 360 027d 06       		.byte	0x6
 361 027e 9901     		.2byte	0x199
 362 0280 21       		.byte	0x21
 363 0281 EE050000 		.4byte	0x5ee
 364 0285 28       		.byte	0x28
 365 0286 0A       		.uleb128 0xa
 366 0287 78000000 		.4byte	.LASF49
 367 028b 06       		.byte	0x6
 368 028c 9E01     		.2byte	0x19e
 369 028e 21       		.byte	0x21
 370 028f 47010000 		.4byte	0x147
 371 0293 30       		.byte	0x30
 372 0294 0A       		.uleb128 0xa
 373 0295 0D000000 		.4byte	.LASF50
 374 0299 06       		.byte	0x6
 375 029a A401     		.2byte	0x1a4
 376 029c 21       		.byte	0x21
 377 029d F4020000 		.4byte	0x2f4
 378 02a1 34       		.byte	0x34
 379 02a2 0A       		.uleb128 0xa
 380 02a3 D6040000 		.4byte	.LASF51
 381 02a7 06       		.byte	0x6
 382 02a8 A901     		.2byte	0x1a9
 383 02aa 22       		.byte	0x22
 384 02ab BE070000 		.4byte	0x7be
 385 02af 38       		.byte	0x38
 386 02b0 0A       		.uleb128 0xa
 387 02b1 B4000000 		.4byte	.LASF52
 388 02b5 06       		.byte	0x6
 389 02b6 AD01     		.2byte	0x1ad
 390 02b8 21       		.byte	0x21
 391 02b9 53010000 		.4byte	0x153
 392 02bd 3C       		.byte	0x3c
 393 02be 09       		.uleb128 0x9
 394 02bf 64626700 		.ascii	"dbg\000"
 395 02c3 06       		.byte	0x6
 396 02c4 B101     		.2byte	0x1b1
 397 02c6 21       		.byte	0x21
 398 02c7 32030000 		.4byte	0x332
 399 02cb AC       		.byte	0xac
ARM GAS  C:\Users\angio\AppData\Local\Temp\ccwRbOv0.s 			page 8


 400 02cc 00       		.byte	0
 401 02cd 03       		.uleb128 0x3
 402 02ce 2E030000 		.4byte	.LASF53
 403 02d2 07       		.byte	0x7
 404 02d3 3F       		.byte	0x3f
 405 02d4 12       		.byte	0x12
 406 02d5 BE000000 		.4byte	0xbe
 407 02d9 06       		.uleb128 0x6
 408 02da 7A010000 		.4byte	.LASF54
 409 02de 04       		.byte	0x4
 410 02df 07       		.byte	0x7
 411 02e0 44       		.byte	0x44
 412 02e1 10       		.byte	0x10
 413 02e2 F4020000 		.4byte	0x2f4
 414 02e6 08       		.uleb128 0x8
 415 02e7 CE010000 		.4byte	.LASF55
 416 02eb 07       		.byte	0x7
 417 02ec 48       		.byte	0x48
 418 02ed 21       		.byte	0x21
 419 02ee CD020000 		.4byte	0x2cd
 420 02f2 00       		.byte	0
 421 02f3 00       		.byte	0
 422 02f4 03       		.uleb128 0x3
 423 02f5 0E040000 		.4byte	.LASF56
 424 02f9 07       		.byte	0x7
 425 02fa 49       		.byte	0x49
 426 02fb 03       		.byte	0x3
 427 02fc D9020000 		.4byte	0x2d9
 428 0300 06       		.uleb128 0x6
 429 0301 D6030000 		.4byte	.LASF57
 430 0305 04       		.byte	0x4
 431 0306 08       		.byte	0x8
 432 0307 3E       		.byte	0x3e
 433 0308 10       		.byte	0x10
 434 0309 1B030000 		.4byte	0x31b
 435 030d 08       		.uleb128 0x8
 436 030e DD050000 		.4byte	.LASF58
 437 0312 08       		.byte	0x8
 438 0313 46       		.byte	0x46
 439 0314 24       		.byte	0x24
 440 0315 21030000 		.4byte	0x321
 441 0319 00       		.byte	0
 442 031a 00       		.byte	0
 443 031b 0C       		.uleb128 0xc
 444 031c 04       		.byte	0x4
 445 031d 2D030000 		.4byte	0x32d
 446 0321 05       		.uleb128 0x5
 447 0322 1B030000 		.4byte	0x31b
 448 0326 04       		.uleb128 0x4
 449 0327 01       		.byte	0x1
 450 0328 08       		.byte	0x8
 451 0329 D1040000 		.4byte	.LASF59
 452 032d 0D       		.uleb128 0xd
 453 032e 26030000 		.4byte	0x326
 454 0332 03       		.uleb128 0x3
 455 0333 60000000 		.4byte	.LASF60
 456 0337 08       		.byte	0x8
ARM GAS  C:\Users\angio\AppData\Local\Temp\ccwRbOv0.s 			page 9


 457 0338 51       		.byte	0x51
 458 0339 03       		.byte	0x3
 459 033a 00030000 		.4byte	0x300
 460 033e 03       		.uleb128 0x3
 461 033f BE050000 		.4byte	.LASF61
 462 0343 09       		.byte	0x9
 463 0344 6D       		.byte	0x6d
 464 0345 12       		.byte	0x12
 465 0346 BE000000 		.4byte	0xbe
 466 034a 03       		.uleb128 0x3
 467 034b 25020000 		.4byte	.LASF62
 468 034f 09       		.byte	0x9
 469 0350 79       		.byte	0x79
 470 0351 12       		.byte	0x12
 471 0352 BE000000 		.4byte	0xbe
 472 0356 03       		.uleb128 0x3
 473 0357 8A020000 		.4byte	.LASF63
 474 035b 0A       		.byte	0xa
 475 035c 32       		.byte	0x32
 476 035d 18       		.byte	0x18
 477 035e 62030000 		.4byte	0x362
 478 0362 06       		.uleb128 0x6
 479 0363 BC020000 		.4byte	.LASF64
 480 0367 04       		.byte	0x4
 481 0368 0A       		.byte	0xa
 482 0369 38       		.byte	0x38
 483 036a 08       		.byte	0x8
 484 036b 7D030000 		.4byte	0x37d
 485 036f 08       		.uleb128 0x8
 486 0370 19000000 		.4byte	.LASF65
 487 0374 0A       		.byte	0xa
 488 0375 39       		.byte	0x39
 489 0376 1A       		.byte	0x1a
 490 0377 7D030000 		.4byte	0x37d
 491 037b 00       		.byte	0
 492 037c 00       		.byte	0
 493 037d 0C       		.uleb128 0xc
 494 037e 04       		.byte	0x4
 495 037f 56030000 		.4byte	0x356
 496 0383 03       		.uleb128 0x3
 497 0384 61020000 		.4byte	.LASF66
 498 0388 0A       		.byte	0xa
 499 0389 3F       		.byte	0x3f
 500 038a 19       		.byte	0x19
 501 038b 8F030000 		.4byte	0x38f
 502 038f 06       		.uleb128 0x6
 503 0390 90010000 		.4byte	.LASF67
 504 0394 08       		.byte	0x8
 505 0395 0A       		.byte	0xa
 506 0396 45       		.byte	0x45
 507 0397 08       		.byte	0x8
 508 0398 B7030000 		.4byte	0x3b7
 509 039c 08       		.uleb128 0x8
 510 039d 19000000 		.4byte	.LASF65
 511 03a1 0A       		.byte	0xa
 512 03a2 46       		.byte	0x46
 513 03a3 1A       		.byte	0x1a
ARM GAS  C:\Users\angio\AppData\Local\Temp\ccwRbOv0.s 			page 10


 514 03a4 B7030000 		.4byte	0x3b7
 515 03a8 00       		.byte	0
 516 03a9 08       		.uleb128 0x8
 517 03aa 49000000 		.4byte	.LASF68
 518 03ae 0A       		.byte	0xa
 519 03af 47       		.byte	0x47
 520 03b0 1A       		.byte	0x1a
 521 03b1 B7030000 		.4byte	0x3b7
 522 03b5 04       		.byte	0x4
 523 03b6 00       		.byte	0
 524 03b7 0C       		.uleb128 0xc
 525 03b8 04       		.byte	0x4
 526 03b9 83030000 		.4byte	0x383
 527 03bd 03       		.uleb128 0x3
 528 03be 80000000 		.4byte	.LASF69
 529 03c2 0A       		.byte	0xa
 530 03c3 4E       		.byte	0x4e
 531 03c4 22       		.byte	0x22
 532 03c5 C9030000 		.4byte	0x3c9
 533 03c9 06       		.uleb128 0x6
 534 03ca 13060000 		.4byte	.LASF70
 535 03ce 0C       		.byte	0xc
 536 03cf 0A       		.byte	0xa
 537 03d0 55       		.byte	0x55
 538 03d1 08       		.byte	0x8
 539 03d2 FE030000 		.4byte	0x3fe
 540 03d6 08       		.uleb128 0x8
 541 03d7 19000000 		.4byte	.LASF65
 542 03db 0A       		.byte	0xa
 543 03dc 56       		.byte	0x56
 544 03dd 1A       		.byte	0x1a
 545 03de FE030000 		.4byte	0x3fe
 546 03e2 00       		.byte	0
 547 03e3 08       		.uleb128 0x8
 548 03e4 49000000 		.4byte	.LASF68
 549 03e8 0A       		.byte	0xa
 550 03e9 57       		.byte	0x57
 551 03ea 1A       		.byte	0x1a
 552 03eb FE030000 		.4byte	0x3fe
 553 03ef 04       		.byte	0x4
 554 03f0 08       		.uleb128 0x8
 555 03f1 9F030000 		.4byte	.LASF71
 556 03f5 0A       		.byte	0xa
 557 03f6 58       		.byte	0x58
 558 03f7 19       		.byte	0x19
 559 03f8 17010000 		.4byte	0x117
 560 03fc 08       		.byte	0x8
 561 03fd 00       		.byte	0
 562 03fe 0C       		.uleb128 0xc
 563 03ff 04       		.byte	0x4
 564 0400 BD030000 		.4byte	0x3bd
 565 0404 03       		.uleb128 0x3
 566 0405 A7010000 		.4byte	.LASF72
 567 0409 0A       		.byte	0xa
 568 040a 5F       		.byte	0x5f
 569 040b 1E       		.byte	0x1e
 570 040c 10040000 		.4byte	0x410
ARM GAS  C:\Users\angio\AppData\Local\Temp\ccwRbOv0.s 			page 11


 571 0410 06       		.uleb128 0x6
 572 0411 0E010000 		.4byte	.LASF73
 573 0415 0C       		.byte	0xc
 574 0416 0A       		.byte	0xa
 575 0417 64       		.byte	0x64
 576 0418 08       		.byte	0x8
 577 0419 45040000 		.4byte	0x445
 578 041d 08       		.uleb128 0x8
 579 041e 19000000 		.4byte	.LASF65
 580 0422 0A       		.byte	0xa
 581 0423 65       		.byte	0x65
 582 0424 1A       		.byte	0x1a
 583 0425 45040000 		.4byte	0x445
 584 0429 00       		.byte	0
 585 042a 08       		.uleb128 0x8
 586 042b 49000000 		.4byte	.LASF68
 587 042f 0A       		.byte	0xa
 588 0430 66       		.byte	0x66
 589 0431 1A       		.byte	0x1a
 590 0432 45040000 		.4byte	0x445
 591 0436 04       		.byte	0x4
 592 0437 08       		.uleb128 0x8
 593 0438 1E000000 		.4byte	.LASF74
 594 043c 0A       		.byte	0xa
 595 043d 67       		.byte	0x67
 596 043e 19       		.byte	0x19
 597 043f 4A030000 		.4byte	0x34a
 598 0443 08       		.byte	0x8
 599 0444 00       		.byte	0
 600 0445 0C       		.uleb128 0xc
 601 0446 04       		.byte	0x4
 602 0447 04040000 		.4byte	0x404
 603 044b 0B       		.uleb128 0xb
 604 044c 93030000 		.4byte	.LASF75
 605 0450 20       		.byte	0x20
 606 0451 0B       		.byte	0xb
 607 0452 9301     		.2byte	0x193
 608 0454 08       		.byte	0x8
 609 0455 C5040000 		.4byte	0x4c5
 610 0459 09       		.uleb128 0x9
 611 045a 723000   		.ascii	"r0\000"
 612 045d 0B       		.byte	0xb
 613 045e 9401     		.2byte	0x194
 614 0460 19       		.byte	0x19
 615 0461 BE000000 		.4byte	0xbe
 616 0465 00       		.byte	0
 617 0466 09       		.uleb128 0x9
 618 0467 723100   		.ascii	"r1\000"
 619 046a 0B       		.byte	0xb
 620 046b 9501     		.2byte	0x195
 621 046d 19       		.byte	0x19
 622 046e BE000000 		.4byte	0xbe
 623 0472 04       		.byte	0x4
 624 0473 09       		.uleb128 0x9
 625 0474 723200   		.ascii	"r2\000"
 626 0477 0B       		.byte	0xb
 627 0478 9601     		.2byte	0x196
ARM GAS  C:\Users\angio\AppData\Local\Temp\ccwRbOv0.s 			page 12


 628 047a 19       		.byte	0x19
 629 047b BE000000 		.4byte	0xbe
 630 047f 08       		.byte	0x8
 631 0480 09       		.uleb128 0x9
 632 0481 723300   		.ascii	"r3\000"
 633 0484 0B       		.byte	0xb
 634 0485 9701     		.2byte	0x197
 635 0487 19       		.byte	0x19
 636 0488 BE000000 		.4byte	0xbe
 637 048c 0C       		.byte	0xc
 638 048d 09       		.uleb128 0x9
 639 048e 72313200 		.ascii	"r12\000"
 640 0492 0B       		.byte	0xb
 641 0493 9801     		.2byte	0x198
 642 0495 19       		.byte	0x19
 643 0496 BE000000 		.4byte	0xbe
 644 049a 10       		.byte	0x10
 645 049b 0A       		.uleb128 0xa
 646 049c 46020000 		.4byte	.LASF76
 647 04a0 0B       		.byte	0xb
 648 04a1 9901     		.2byte	0x199
 649 04a3 19       		.byte	0x19
 650 04a4 BE000000 		.4byte	0xbe
 651 04a8 14       		.byte	0x14
 652 04a9 09       		.uleb128 0x9
 653 04aa 706300   		.ascii	"pc\000"
 654 04ad 0B       		.byte	0xb
 655 04ae 9A01     		.2byte	0x19a
 656 04b0 19       		.byte	0x19
 657 04b1 BE000000 		.4byte	0xbe
 658 04b5 18       		.byte	0x18
 659 04b6 0A       		.uleb128 0xa
 660 04b7 28040000 		.4byte	.LASF77
 661 04bb 0B       		.byte	0xb
 662 04bc 9B01     		.2byte	0x19b
 663 04be 19       		.byte	0x19
 664 04bf BE000000 		.4byte	0xbe
 665 04c3 1C       		.byte	0x1c
 666 04c4 00       		.byte	0
 667 04c5 0B       		.uleb128 0xb
 668 04c6 4E000000 		.4byte	.LASF78
 669 04ca 28       		.byte	0x28
 670 04cb 0B       		.byte	0xb
 671 04cc B701     		.2byte	0x1b7
 672 04ce 08       		.byte	0x8
 673 04cf 5A050000 		.4byte	0x55a
 674 04d3 0A       		.uleb128 0xa
 675 04d4 82020000 		.4byte	.LASF79
 676 04d8 0B       		.byte	0xb
 677 04d9 B801     		.2byte	0x1b8
 678 04db 19       		.byte	0x19
 679 04dc BE000000 		.4byte	0xbe
 680 04e0 00       		.byte	0
 681 04e1 09       		.uleb128 0x9
 682 04e2 723400   		.ascii	"r4\000"
 683 04e5 0B       		.byte	0xb
 684 04e6 B901     		.2byte	0x1b9
ARM GAS  C:\Users\angio\AppData\Local\Temp\ccwRbOv0.s 			page 13


 685 04e8 19       		.byte	0x19
 686 04e9 BE000000 		.4byte	0xbe
 687 04ed 04       		.byte	0x4
 688 04ee 09       		.uleb128 0x9
 689 04ef 723500   		.ascii	"r5\000"
 690 04f2 0B       		.byte	0xb
 691 04f3 BA01     		.2byte	0x1ba
 692 04f5 19       		.byte	0x19
 693 04f6 BE000000 		.4byte	0xbe
 694 04fa 08       		.byte	0x8
 695 04fb 09       		.uleb128 0x9
 696 04fc 723600   		.ascii	"r6\000"
 697 04ff 0B       		.byte	0xb
 698 0500 BB01     		.2byte	0x1bb
 699 0502 19       		.byte	0x19
 700 0503 BE000000 		.4byte	0xbe
 701 0507 0C       		.byte	0xc
 702 0508 09       		.uleb128 0x9
 703 0509 723700   		.ascii	"r7\000"
 704 050c 0B       		.byte	0xb
 705 050d BC01     		.2byte	0x1bc
 706 050f 19       		.byte	0x19
 707 0510 BE000000 		.4byte	0xbe
 708 0514 10       		.byte	0x10
 709 0515 09       		.uleb128 0x9
 710 0516 723800   		.ascii	"r8\000"
 711 0519 0B       		.byte	0xb
 712 051a BD01     		.2byte	0x1bd
 713 051c 19       		.byte	0x19
 714 051d BE000000 		.4byte	0xbe
 715 0521 14       		.byte	0x14
 716 0522 09       		.uleb128 0x9
 717 0523 723900   		.ascii	"r9\000"
 718 0526 0B       		.byte	0xb
 719 0527 BE01     		.2byte	0x1be
 720 0529 19       		.byte	0x19
 721 052a BE000000 		.4byte	0xbe
 722 052e 18       		.byte	0x18
 723 052f 09       		.uleb128 0x9
 724 0530 72313000 		.ascii	"r10\000"
 725 0534 0B       		.byte	0xb
 726 0535 BF01     		.2byte	0x1bf
 727 0537 19       		.byte	0x19
 728 0538 BE000000 		.4byte	0xbe
 729 053c 1C       		.byte	0x1c
 730 053d 09       		.uleb128 0x9
 731 053e 72313100 		.ascii	"r11\000"
 732 0542 0B       		.byte	0xb
 733 0543 C001     		.2byte	0x1c0
 734 0545 19       		.byte	0x19
 735 0546 BE000000 		.4byte	0xbe
 736 054a 20       		.byte	0x20
 737 054b 0A       		.uleb128 0xa
 738 054c E8020000 		.4byte	.LASF80
 739 0550 0B       		.byte	0xb
 740 0551 C401     		.2byte	0x1c4
 741 0553 19       		.byte	0x19
ARM GAS  C:\Users\angio\AppData\Local\Temp\ccwRbOv0.s 			page 14


 742 0554 BE000000 		.4byte	0xbe
 743 0558 24       		.byte	0x24
 744 0559 00       		.byte	0
 745 055a 0B       		.uleb128 0xb
 746 055b 86030000 		.4byte	.LASF81
 747 055f 2C       		.byte	0x2c
 748 0560 0B       		.byte	0xb
 749 0561 DF01     		.2byte	0x1df
 750 0563 08       		.byte	0x8
 751 0564 84050000 		.4byte	0x584
 752 0568 09       		.uleb128 0x9
 753 0569 737000   		.ascii	"sp\000"
 754 056c 0B       		.byte	0xb
 755 056d E001     		.2byte	0x1e0
 756 056f 1A       		.byte	0x1a
 757 0570 84050000 		.4byte	0x584
 758 0574 00       		.byte	0
 759 0575 0A       		.uleb128 0xa
 760 0576 A1040000 		.4byte	.LASF82
 761 057a 0B       		.byte	0xb
 762 057b E101     		.2byte	0x1e1
 763 057d 19       		.byte	0x19
 764 057e C5040000 		.4byte	0x4c5
 765 0582 04       		.byte	0x4
 766 0583 00       		.byte	0
 767 0584 0C       		.uleb128 0xc
 768 0585 04       		.byte	0x4
 769 0586 4B040000 		.4byte	0x44b
 770 058a 0C       		.uleb128 0xc
 771 058b 04       		.byte	0x4
 772 058c E7000000 		.4byte	0xe7
 773 0590 0E       		.uleb128 0xe
 774 0591 04       		.byte	0x4
 775 0592 06       		.uleb128 0x6
 776 0593 4D030000 		.4byte	.LASF83
 777 0597 18       		.byte	0x18
 778 0598 06       		.byte	0x6
 779 0599 64       		.byte	0x64
 780 059a 10       		.byte	0x10
 781 059b C7050000 		.4byte	0x5c7
 782 059f 08       		.uleb128 0x8
 783 05a0 B8050000 		.4byte	.LASF84
 784 05a4 06       		.byte	0x6
 785 05a5 68       		.byte	0x68
 786 05a6 21       		.byte	0x21
 787 05a7 04040000 		.4byte	0x404
 788 05ab 00       		.byte	0
 789 05ac 08       		.uleb128 0x8
 790 05ad 1F040000 		.4byte	.LASF85
 791 05b1 06       		.byte	0x6
 792 05b2 73       		.byte	0x73
 793 05b3 21       		.byte	0x21
 794 05b4 3E030000 		.4byte	0x33e
 795 05b8 0C       		.byte	0xc
 796 05b9 08       		.uleb128 0x8
 797 05ba 1B030000 		.4byte	.LASF86
 798 05be 06       		.byte	0x6
ARM GAS  C:\Users\angio\AppData\Local\Temp\ccwRbOv0.s 			page 15


 799 05bf 79       		.byte	0x79
 800 05c0 21       		.byte	0x21
 801 05c1 D6000000 		.4byte	0xd6
 802 05c5 10       		.byte	0x10
 803 05c6 00       		.byte	0
 804 05c7 03       		.uleb128 0x3
 805 05c8 C7000000 		.4byte	.LASF87
 806 05cc 06       		.byte	0x6
 807 05cd 7B       		.byte	0x7b
 808 05ce 03       		.byte	0x3
 809 05cf 92050000 		.4byte	0x592
 810 05d3 06       		.uleb128 0x6
 811 05d4 B7010000 		.4byte	.LASF88
 812 05d8 08       		.byte	0x8
 813 05d9 06       		.byte	0x6
 814 05da 80       		.byte	0x80
 815 05db 10       		.byte	0x10
 816 05dc EE050000 		.4byte	0x5ee
 817 05e0 08       		.uleb128 0x8
 818 05e1 71020000 		.4byte	.LASF89
 819 05e5 06       		.byte	0x6
 820 05e6 84       		.byte	0x84
 821 05e7 21       		.byte	0x21
 822 05e8 83030000 		.4byte	0x383
 823 05ec 00       		.byte	0
 824 05ed 00       		.byte	0
 825 05ee 03       		.uleb128 0x3
 826 05ef 64040000 		.4byte	.LASF90
 827 05f3 06       		.byte	0x6
 828 05f4 85       		.byte	0x85
 829 05f5 03       		.byte	0x3
 830 05f6 D3050000 		.4byte	0x5d3
 831 05fa 03       		.uleb128 0x3
 832 05fb 3A030000 		.4byte	.LASF91
 833 05ff 06       		.byte	0x6
 834 0600 8A       		.byte	0x8a
 835 0601 14       		.byte	0x14
 836 0602 06060000 		.4byte	0x606
 837 0606 0C       		.uleb128 0xc
 838 0607 04       		.byte	0x4
 839 0608 53010000 		.4byte	0x153
 840 060c 0F       		.uleb128 0xf
 841 060d 0C       		.byte	0xc
 842 060e 06       		.byte	0x6
 843 060f A0       		.byte	0xa0
 844 0610 03       		.byte	0x3
 845 0611 3A060000 		.4byte	0x63a
 846 0615 10       		.uleb128 0x10
 847 0616 89060000 		.4byte	.LASF92
 848 061a 06       		.byte	0x6
 849 061b A4       		.byte	0xa4
 850 061c 21       		.byte	0x21
 851 061d 56030000 		.4byte	0x356
 852 0621 10       		.uleb128 0x10
 853 0622 71020000 		.4byte	.LASF89
 854 0626 06       		.byte	0x6
 855 0627 A8       		.byte	0xa8
ARM GAS  C:\Users\angio\AppData\Local\Temp\ccwRbOv0.s 			page 16


 856 0628 21       		.byte	0x21
 857 0629 83030000 		.4byte	0x383
 858 062d 10       		.uleb128 0x10
 859 062e E7050000 		.4byte	.LASF93
 860 0632 06       		.byte	0x6
 861 0633 AC       		.byte	0xac
 862 0634 21       		.byte	0x21
 863 0635 BD030000 		.4byte	0x3bd
 864 0639 00       		.byte	0
 865 063a 0F       		.uleb128 0xf
 866 063b 04       		.byte	0x4
 867 063c 06       		.byte	0x6
 868 063d EB       		.byte	0xeb
 869 063e 03       		.byte	0x3
 870 063f AA060000 		.4byte	0x6aa
 871 0643 10       		.uleb128 0x10
 872 0644 24000000 		.4byte	.LASF94
 873 0648 06       		.byte	0x6
 874 0649 F2       		.byte	0xf2
 875 064a 21       		.byte	0x21
 876 064b 23010000 		.4byte	0x123
 877 064f 10       		.uleb128 0x10
 878 0650 AB000000 		.4byte	.LASF95
 879 0654 06       		.byte	0x6
 880 0655 F9       		.byte	0xf9
 881 0656 21       		.byte	0x21
 882 0657 23010000 		.4byte	0x123
 883 065b 11       		.uleb128 0x11
 884 065c 82060000 		.4byte	.LASF96
 885 0660 06       		.byte	0x6
 886 0661 0001     		.2byte	0x100
 887 0663 22       		.byte	0x22
 888 0664 90050000 		.4byte	0x590
 889 0668 11       		.uleb128 0x11
 890 0669 54020000 		.4byte	.LASF97
 891 066d 06       		.byte	0x6
 892 066e 0701     		.2byte	0x107
 893 0670 22       		.byte	0x22
 894 0671 AA060000 		.4byte	0x6aa
 895 0675 11       		.uleb128 0x11
 896 0676 BF000000 		.4byte	.LASF98
 897 067a 06       		.byte	0x6
 898 067b 0C01     		.2byte	0x10c
 899 067d 21       		.byte	0x21
 900 067e 23010000 		.4byte	0x123
 901 0682 11       		.uleb128 0x11
 902 0683 4D020000 		.4byte	.LASF99
 903 0687 06       		.byte	0x6
 904 0688 1501     		.2byte	0x115
 905 068a 22       		.byte	0x22
 906 068b D8060000 		.4byte	0x6d8
 907 068f 11       		.uleb128 0x11
 908 0690 D6050000 		.4byte	.LASF100
 909 0694 06       		.byte	0x6
 910 0695 1E01     		.2byte	0x11e
 911 0697 22       		.byte	0x22
 912 0698 13070000 		.4byte	0x713
ARM GAS  C:\Users\angio\AppData\Local\Temp\ccwRbOv0.s 			page 17


 913 069c 11       		.uleb128 0x11
 914 069d 2D040000 		.4byte	.LASF101
 915 06a1 06       		.byte	0x6
 916 06a2 2601     		.2byte	0x126
 917 06a4 21       		.byte	0x21
 918 06a5 2F010000 		.4byte	0x12f
 919 06a9 00       		.byte	0
 920 06aa 0C       		.uleb128 0xc
 921 06ab 04       		.byte	0x4
 922 06ac FA050000 		.4byte	0x5fa
 923 06b0 06       		.uleb128 0x6
 924 06b1 57040000 		.4byte	.LASF102
 925 06b5 0C       		.byte	0xc
 926 06b6 0C       		.byte	0xc
 927 06b7 34       		.byte	0x34
 928 06b8 10       		.byte	0x10
 929 06b9 D8060000 		.4byte	0x6d8
 930 06bd 08       		.uleb128 0x8
 931 06be 71020000 		.4byte	.LASF89
 932 06c2 0C       		.byte	0xc
 933 06c3 35       		.byte	0x35
 934 06c4 19       		.byte	0x19
 935 06c5 83030000 		.4byte	0x383
 936 06c9 00       		.byte	0
 937 06ca 07       		.uleb128 0x7
 938 06cb 636E7400 		.ascii	"cnt\000"
 939 06cf 0C       		.byte	0xc
 940 06d0 37       		.byte	0x37
 941 06d1 19       		.byte	0x19
 942 06d2 3B010000 		.4byte	0x13b
 943 06d6 08       		.byte	0x8
 944 06d7 00       		.byte	0
 945 06d8 0C       		.uleb128 0xc
 946 06d9 04       		.byte	0x4
 947 06da B0060000 		.4byte	0x6b0
 948 06de 06       		.uleb128 0x6
 949 06df 65060000 		.4byte	.LASF103
 950 06e3 10       		.byte	0x10
 951 06e4 0D       		.byte	0xd
 952 06e5 39       		.byte	0x39
 953 06e6 08       		.byte	0x8
 954 06e7 13070000 		.4byte	0x713
 955 06eb 08       		.uleb128 0x8
 956 06ec 71020000 		.4byte	.LASF89
 957 06f0 0D       		.byte	0xd
 958 06f1 3A       		.byte	0x3a
 959 06f2 19       		.byte	0x19
 960 06f3 83030000 		.4byte	0x383
 961 06f7 00       		.byte	0
 962 06f8 08       		.uleb128 0x8
 963 06f9 9B040000 		.4byte	.LASF31
 964 06fd 0D       		.byte	0xd
 965 06fe 3C       		.byte	0x3c
 966 06ff 1A       		.byte	0x1a
 967 0700 06060000 		.4byte	0x606
 968 0704 08       		.byte	0x8
 969 0705 08       		.uleb128 0x8
ARM GAS  C:\Users\angio\AppData\Local\Temp\ccwRbOv0.s 			page 18


 970 0706 19000000 		.4byte	.LASF65
 971 070a 0D       		.byte	0xd
 972 070b 3E       		.byte	0x3e
 973 070c 1A       		.byte	0x1a
 974 070d D0070000 		.4byte	0x7d0
 975 0711 0C       		.byte	0xc
 976 0712 00       		.byte	0
 977 0713 0C       		.uleb128 0xc
 978 0714 04       		.byte	0x4
 979 0715 DE060000 		.4byte	0x6de
 980 0719 0C       		.uleb128 0xc
 981 071a 04       		.byte	0x4
 982 071b 42020000 		.4byte	0x242
 983 071f 0B       		.uleb128 0xb
 984 0720 C4020000 		.4byte	.LASF104
 985 0724 10       		.byte	0x10
 986 0725 06       		.byte	0x6
 987 0726 5C01     		.2byte	0x15c
 988 0728 10       		.byte	0x10
 989 0729 4A070000 		.4byte	0x74a
 990 072d 0A       		.uleb128 0xa
 991 072e E7050000 		.4byte	.LASF93
 992 0732 06       		.byte	0x6
 993 0733 6101     		.2byte	0x161
 994 0735 21       		.byte	0x21
 995 0736 BD030000 		.4byte	0x3bd
 996 073a 00       		.byte	0
 997 073b 0A       		.uleb128 0xa
 998 073c A4030000 		.4byte	.LASF105
 999 0740 06       		.byte	0x6
 1000 0741 6501     		.2byte	0x165
 1001 0743 22       		.byte	0x22
 1002 0744 06060000 		.4byte	0x606
 1003 0748 0C       		.byte	0xc
 1004 0749 00       		.byte	0
 1005 074a 12       		.uleb128 0x12
 1006 074b 00000000 		.4byte	.LASF106
 1007 074f 06       		.byte	0x6
 1008 0750 6601     		.2byte	0x166
 1009 0752 03       		.byte	0x3
 1010 0753 1F070000 		.4byte	0x71f
 1011 0757 0B       		.uleb128 0xb
 1012 0758 70030000 		.4byte	.LASF107
 1013 075c 14       		.byte	0x14
 1014 075d 06       		.byte	0x6
 1015 075e 6B01     		.2byte	0x16b
 1016 0760 10       		.byte	0x10
 1017 0761 AC070000 		.4byte	0x7ac
 1018 0765 0A       		.uleb128 0xa
 1019 0766 6C020000 		.4byte	.LASF32
 1020 076a 06       		.byte	0x6
 1021 076b 6F01     		.2byte	0x16f
 1022 076d 22       		.byte	0x22
 1023 076e 1B030000 		.4byte	0x31b
 1024 0772 00       		.byte	0
 1025 0773 0A       		.uleb128 0xa
 1026 0774 07020000 		.4byte	.LASF108
ARM GAS  C:\Users\angio\AppData\Local\Temp\ccwRbOv0.s 			page 19


 1027 0778 06       		.byte	0x6
 1028 0779 7501     		.2byte	0x175
 1029 077b 22       		.byte	0x22
 1030 077c 8A050000 		.4byte	0x58a
 1031 0780 04       		.byte	0x4
 1032 0781 0A       		.uleb128 0xa
 1033 0782 38060000 		.4byte	.LASF109
 1034 0786 06       		.byte	0x6
 1035 0787 7901     		.2byte	0x179
 1036 0789 22       		.byte	0x22
 1037 078a 8A050000 		.4byte	0x58a
 1038 078e 08       		.byte	0x8
 1039 078f 0A       		.uleb128 0xa
 1040 0790 0B030000 		.4byte	.LASF110
 1041 0794 06       		.byte	0x6
 1042 0795 7F01     		.2byte	0x17f
 1043 0797 22       		.byte	0x22
 1044 0798 8A050000 		.4byte	0x58a
 1045 079c 0C       		.byte	0xc
 1046 079d 0A       		.uleb128 0xa
 1047 079e 8E060000 		.4byte	.LASF111
 1048 07a2 06       		.byte	0x6
 1049 07a3 8301     		.2byte	0x183
 1050 07a5 22       		.byte	0x22
 1051 07a6 8A050000 		.4byte	0x58a
 1052 07aa 10       		.byte	0x10
 1053 07ab 00       		.byte	0
 1054 07ac 12       		.uleb128 0x12
 1055 07ad 50060000 		.4byte	.LASF112
 1056 07b1 06       		.byte	0x6
 1057 07b2 8501     		.2byte	0x185
 1058 07b4 03       		.byte	0x3
 1059 07b5 57070000 		.4byte	0x757
 1060 07b9 0D       		.uleb128 0xd
 1061 07ba AC070000 		.4byte	0x7ac
 1062 07be 0C       		.uleb128 0xc
 1063 07bf 04       		.byte	0x4
 1064 07c0 B9070000 		.4byte	0x7b9
 1065 07c4 03       		.uleb128 0x3
 1066 07c5 17020000 		.4byte	.LASF113
 1067 07c9 0D       		.byte	0xd
 1068 07ca 34       		.byte	0x34
 1069 07cb 19       		.byte	0x19
 1070 07cc DE060000 		.4byte	0x6de
 1071 07d0 0C       		.uleb128 0xc
 1072 07d1 04       		.byte	0x4
 1073 07d2 C4070000 		.4byte	0x7c4
 1074 07d6 04       		.uleb128 0x4
 1075 07d7 01       		.byte	0x1
 1076 07d8 02       		.byte	0x2
 1077 07d9 E6030000 		.4byte	.LASF114
 1078 07dd 03       		.uleb128 0x3
 1079 07de 99010000 		.4byte	.LASF115
 1080 07e2 0E       		.byte	0xe
 1081 07e3 4C       		.byte	0x4c
 1082 07e4 11       		.byte	0x11
 1083 07e5 E9070000 		.4byte	0x7e9
ARM GAS  C:\Users\angio\AppData\Local\Temp\ccwRbOv0.s 			page 20


 1084 07e9 0C       		.uleb128 0xc
 1085 07ea 04       		.byte	0x4
 1086 07eb EF070000 		.4byte	0x7ef
 1087 07ef 13       		.uleb128 0x13
 1088 07f0 90050000 		.4byte	0x590
 1089 07f4 08080000 		.4byte	0x808
 1090 07f8 14       		.uleb128 0x14
 1091 07f9 24000000 		.4byte	0x24
 1092 07fd 14       		.uleb128 0x14
 1093 07fe 30000000 		.4byte	0x30
 1094 0802 14       		.uleb128 0x14
 1095 0803 24000000 		.4byte	0x24
 1096 0807 00       		.byte	0
 1097 0808 03       		.uleb128 0x3
 1098 0809 82010000 		.4byte	.LASF116
 1099 080d 0F       		.byte	0xf
 1100 080e 48       		.byte	0x48
 1101 080f 1C       		.byte	0x1c
 1102 0810 14080000 		.4byte	0x814
 1103 0814 06       		.uleb128 0x6
 1104 0815 AC060000 		.4byte	.LASF117
 1105 0819 1C       		.byte	0x1c
 1106 081a 0F       		.byte	0xf
 1107 081b 60       		.byte	0x60
 1108 081c 08       		.byte	0x8
 1109 081d 49080000 		.4byte	0x849
 1110 0821 08       		.uleb128 0x8
 1111 0822 6F000000 		.4byte	.LASF118
 1112 0826 0F       		.byte	0xf
 1113 0827 61       		.byte	0x61
 1114 0828 19       		.byte	0x19
 1115 0829 DD070000 		.4byte	0x7dd
 1116 082d 00       		.byte	0
 1117 082e 08       		.uleb128 0x8
 1118 082f A5060000 		.4byte	.LASF119
 1119 0833 0F       		.byte	0xf
 1120 0834 63       		.byte	0x63
 1121 0835 19       		.byte	0x19
 1122 0836 49080000 		.4byte	0x849
 1123 083a 04       		.byte	0x4
 1124 083b 07       		.uleb128 0x7
 1125 083c 6D747800 		.ascii	"mtx\000"
 1126 0840 0F       		.byte	0xf
 1127 0841 65       		.byte	0x65
 1128 0842 19       		.byte	0x19
 1129 0843 C4070000 		.4byte	0x7c4
 1130 0847 0C       		.byte	0xc
 1131 0848 00       		.byte	0
 1132 0849 03       		.uleb128 0x3
 1133 084a C8050000 		.4byte	.LASF120
 1134 084e 0F       		.byte	0xf
 1135 084f 4D       		.byte	0x4d
 1136 0850 1B       		.byte	0x1b
 1137 0851 55080000 		.4byte	0x855
 1138 0855 15       		.uleb128 0x15
 1139 0856 02040000 		.4byte	.LASF142
 1140 085a 08       		.byte	0x8
ARM GAS  C:\Users\angio\AppData\Local\Temp\ccwRbOv0.s 			page 21


 1141 085b 0F       		.byte	0xf
 1142 085c 52       		.byte	0x52
 1143 085d 07       		.byte	0x7
 1144 085e 7B080000 		.4byte	0x87b
 1145 0862 10       		.uleb128 0x10
 1146 0863 E3000000 		.4byte	.LASF121
 1147 0867 0F       		.byte	0xf
 1148 0868 56       		.byte	0x56
 1149 0869 05       		.byte	0x5
 1150 086a 7B080000 		.4byte	0x87b
 1151 086e 10       		.uleb128 0x10
 1152 086f B7030000 		.4byte	.LASF122
 1153 0873 0F       		.byte	0xf
 1154 0874 5A       		.byte	0x5a
 1155 0875 05       		.byte	0x5
 1156 0876 A5080000 		.4byte	0x8a5
 1157 087a 00       		.byte	0
 1158 087b 16       		.uleb128 0x16
 1159 087c 08       		.byte	0x8
 1160 087d 0F       		.byte	0xf
 1161 087e 53       		.byte	0x53
 1162 087f 03       		.byte	0x3
 1163 0880 9F080000 		.4byte	0x89f
 1164 0884 08       		.uleb128 0x8
 1165 0885 19000000 		.4byte	.LASF65
 1166 0889 0F       		.byte	0xf
 1167 088a 54       		.byte	0x54
 1168 088b 1A       		.byte	0x1a
 1169 088c 9F080000 		.4byte	0x89f
 1170 0890 00       		.byte	0
 1171 0891 08       		.uleb128 0x8
 1172 0892 5A000000 		.4byte	.LASF123
 1173 0896 0F       		.byte	0xf
 1174 0897 55       		.byte	0x55
 1175 0898 19       		.byte	0x19
 1176 0899 24000000 		.4byte	0x24
 1177 089d 04       		.byte	0x4
 1178 089e 00       		.byte	0
 1179 089f 0C       		.uleb128 0xc
 1180 08a0 04       		.byte	0x4
 1181 08a1 49080000 		.4byte	0x849
 1182 08a5 16       		.uleb128 0x16
 1183 08a6 08       		.byte	0x8
 1184 08a7 0F       		.byte	0xf
 1185 08a8 57       		.byte	0x57
 1186 08a9 03       		.byte	0x3
 1187 08aa C9080000 		.4byte	0x8c9
 1188 08ae 08       		.uleb128 0x8
 1189 08af A6040000 		.4byte	.LASF124
 1190 08b3 0F       		.byte	0xf
 1191 08b4 58       		.byte	0x58
 1192 08b5 1A       		.byte	0x1a
 1193 08b6 C9080000 		.4byte	0x8c9
 1194 08ba 00       		.byte	0
 1195 08bb 08       		.uleb128 0x8
 1196 08bc 7D020000 		.4byte	.LASF125
 1197 08c0 0F       		.byte	0xf
ARM GAS  C:\Users\angio\AppData\Local\Temp\ccwRbOv0.s 			page 22


 1198 08c1 59       		.byte	0x59
 1199 08c2 19       		.byte	0x19
 1200 08c3 24000000 		.4byte	0x24
 1201 08c7 04       		.byte	0x4
 1202 08c8 00       		.byte	0
 1203 08c9 0C       		.uleb128 0xc
 1204 08ca 04       		.byte	0x4
 1205 08cb 08080000 		.4byte	0x808
 1206 08cf 17       		.uleb128 0x17
 1207 08d0 C4040000 		.4byte	.LASF129
 1208 08d4 10       		.byte	0x10
 1209 08d5 5C       		.byte	0x5c
 1210 08d6 16       		.byte	0x16
 1211 08d7 08080000 		.4byte	0x808
 1212 08db 18       		.uleb128 0x18
 1213 08dc AB050000 		.4byte	.LASF132
 1214 08e0 10       		.byte	0x10
 1215 08e1 6501     		.2byte	0x165
 1216 08e3 08       		.byte	0x8
 1217 08e4 24000000 		.4byte	0x24
 1218 08e8 54090000 		.4byte	0x954
 1219 08ec 19       		.uleb128 0x19
 1220 08ed DD000000 		.4byte	.LASF126
 1221 08f1 10       		.byte	0x10
 1222 08f2 6501     		.2byte	0x165
 1223 08f4 24       		.byte	0x24
 1224 08f5 C9080000 		.4byte	0x8c9
 1225 08f9 19       		.uleb128 0x19
 1226 08fa 50040000 		.4byte	.LASF127
 1227 08fe 10       		.byte	0x10
 1228 08ff 6501     		.2byte	0x165
 1229 0901 33       		.byte	0x33
 1230 0902 54090000 		.4byte	0x954
 1231 0906 19       		.uleb128 0x19
 1232 0907 47060000 		.4byte	.LASF128
 1233 090b 10       		.byte	0x10
 1234 090c 6501     		.2byte	0x165
 1235 090e 43       		.byte	0x43
 1236 090f 54090000 		.4byte	0x954
 1237 0913 1A       		.uleb128 0x1a
 1238 0914 717000   		.ascii	"qp\000"
 1239 0917 10       		.byte	0x10
 1240 0918 6601     		.2byte	0x166
 1241 091a 12       		.byte	0x12
 1242 091b 9F080000 		.4byte	0x89f
 1243 091f 1A       		.uleb128 0x1a
 1244 0920 6E00     		.ascii	"n\000"
 1245 0922 10       		.byte	0x10
 1246 0923 6701     		.2byte	0x167
 1247 0925 0A       		.byte	0xa
 1248 0926 24000000 		.4byte	0x24
 1249 092a 1B       		.uleb128 0x1b
 1250 092b 6F040000 		.4byte	.LASF130
 1251 092f 10       		.byte	0x10
 1252 0930 6701     		.2byte	0x167
 1253 0932 0D       		.byte	0xd
 1254 0933 24000000 		.4byte	0x24
ARM GAS  C:\Users\angio\AppData\Local\Temp\ccwRbOv0.s 			page 23


 1255 0937 1B       		.uleb128 0x1b
 1256 0938 07010000 		.4byte	.LASF131
 1257 093c 10       		.byte	0x10
 1258 093d 6701     		.2byte	0x167
 1259 093f 15       		.byte	0x15
 1260 0940 24000000 		.4byte	0x24
 1261 0944 1C       		.uleb128 0x1c
 1262 0945 1B       		.uleb128 0x1b
 1263 0946 5A000000 		.4byte	.LASF123
 1264 094a 10       		.byte	0x10
 1265 094b 7301     		.2byte	0x173
 1266 094d 0C       		.byte	0xc
 1267 094e 24000000 		.4byte	0x24
 1268 0952 00       		.byte	0
 1269 0953 00       		.byte	0
 1270 0954 0C       		.uleb128 0xc
 1271 0955 04       		.byte	0x4
 1272 0956 24000000 		.4byte	0x24
 1273 095a 1D       		.uleb128 0x1d
 1274 095b 34000000 		.4byte	.LASF137
 1275 095f 10       		.byte	0x10
 1276 0960 2501     		.2byte	0x125
 1277 0962 06       		.byte	0x6
 1278 0963 A1090000 		.4byte	0x9a1
 1279 0967 1E       		.uleb128 0x1e
 1280 0968 7000     		.ascii	"p\000"
 1281 096a 10       		.byte	0x10
 1282 096b 2501     		.2byte	0x125
 1283 096d 17       		.byte	0x17
 1284 096e 90050000 		.4byte	0x590
 1285 0972 1A       		.uleb128 0x1a
 1286 0973 717000   		.ascii	"qp\000"
 1287 0976 10       		.byte	0x10
 1288 0977 2601     		.2byte	0x126
 1289 0979 12       		.byte	0x12
 1290 097a 9F080000 		.4byte	0x89f
 1291 097e 1A       		.uleb128 0x1a
 1292 097f 687000   		.ascii	"hp\000"
 1293 0982 10       		.byte	0x10
 1294 0983 2601     		.2byte	0x126
 1295 0985 17       		.byte	0x17
 1296 0986 9F080000 		.4byte	0x89f
 1297 098a 1B       		.uleb128 0x1b
 1298 098b DD000000 		.4byte	.LASF126
 1299 098f 10       		.byte	0x10
 1300 0990 2701     		.2byte	0x127
 1301 0992 12       		.byte	0x12
 1302 0993 C9080000 		.4byte	0x8c9
 1303 0997 1F       		.uleb128 0x1f
 1304 0998 34040000 		.4byte	.LASF135
 1305 099c B1090000 		.4byte	0x9b1
 1306 09a0 00       		.byte	0
 1307 09a1 20       		.uleb128 0x20
 1308 09a2 2D030000 		.4byte	0x32d
 1309 09a6 B1090000 		.4byte	0x9b1
 1310 09aa 21       		.uleb128 0x21
 1311 09ab 30000000 		.4byte	0x30
ARM GAS  C:\Users\angio\AppData\Local\Temp\ccwRbOv0.s 			page 24


 1312 09af 0A       		.byte	0xa
 1313 09b0 00       		.byte	0
 1314 09b1 0D       		.uleb128 0xd
 1315 09b2 A1090000 		.4byte	0x9a1
 1316 09b6 22       		.uleb128 0x22
 1317 09b7 25060000 		.4byte	.LASF133
 1318 09bb 10       		.byte	0x10
 1319 09bc AC       		.byte	0xac
 1320 09bd 07       		.byte	0x7
 1321 09be 90050000 		.4byte	0x590
 1322 09c2 4E0A0000 		.4byte	0xa4e
 1323 09c6 23       		.uleb128 0x23
 1324 09c7 DD000000 		.4byte	.LASF126
 1325 09cb 10       		.byte	0x10
 1326 09cc AC       		.byte	0xac
 1327 09cd 29       		.byte	0x29
 1328 09ce C9080000 		.4byte	0x8c9
 1329 09d2 23       		.uleb128 0x23
 1330 09d3 7D020000 		.4byte	.LASF125
 1331 09d7 10       		.byte	0x10
 1332 09d8 AC       		.byte	0xac
 1333 09d9 37       		.byte	0x37
 1334 09da 24000000 		.4byte	0x24
 1335 09de 23       		.uleb128 0x23
 1336 09df 1F020000 		.4byte	.LASF134
 1337 09e3 10       		.byte	0x10
 1338 09e4 AC       		.byte	0xac
 1339 09e5 46       		.byte	0x46
 1340 09e6 30000000 		.4byte	0x30
 1341 09ea 24       		.uleb128 0x24
 1342 09eb 717000   		.ascii	"qp\000"
 1343 09ee 10       		.byte	0x10
 1344 09ef AD       		.byte	0xad
 1345 09f0 12       		.byte	0x12
 1346 09f1 9F080000 		.4byte	0x89f
 1347 09f5 24       		.uleb128 0x24
 1348 09f6 687000   		.ascii	"hp\000"
 1349 09f9 10       		.byte	0x10
 1350 09fa AD       		.byte	0xad
 1351 09fb 17       		.byte	0x17
 1352 09fc 9F080000 		.4byte	0x89f
 1353 0a00 24       		.uleb128 0x24
 1354 0a01 61687000 		.ascii	"ahp\000"
 1355 0a05 10       		.byte	0x10
 1356 0a06 AD       		.byte	0xad
 1357 0a07 1C       		.byte	0x1c
 1358 0a08 9F080000 		.4byte	0x89f
 1359 0a0c 17       		.uleb128 0x17
 1360 0a0d 5A000000 		.4byte	.LASF123
 1361 0a11 10       		.byte	0x10
 1362 0a12 AE       		.byte	0xae
 1363 0a13 0A       		.byte	0xa
 1364 0a14 24000000 		.4byte	0x24
 1365 0a18 1F       		.uleb128 0x1f
 1366 0a19 34040000 		.4byte	.LASF135
 1367 0a1d 5E0A0000 		.4byte	0xa5e
 1368 0a21 25       		.uleb128 0x25
ARM GAS  C:\Users\angio\AppData\Local\Temp\ccwRbOv0.s 			page 25


 1369 0a22 400A0000 		.4byte	0xa40
 1370 0a26 17       		.uleb128 0x17
 1371 0a27 AD020000 		.4byte	.LASF136
 1372 0a2b 10       		.byte	0x10
 1373 0a2c D2       		.byte	0xd2
 1374 0a2d 10       		.byte	0x10
 1375 0a2e 24000000 		.4byte	0x24
 1376 0a32 1C       		.uleb128 0x1c
 1377 0a33 24       		.uleb128 0x24
 1378 0a34 667000   		.ascii	"fp\000"
 1379 0a37 10       		.byte	0x10
 1380 0a38 D8       		.byte	0xd8
 1381 0a39 1A       		.byte	0x1a
 1382 0a3a 9F080000 		.4byte	0x89f
 1383 0a3e 00       		.byte	0
 1384 0a3f 00       		.byte	0
 1385 0a40 1C       		.uleb128 0x1c
 1386 0a41 24       		.uleb128 0x24
 1387 0a42 667000   		.ascii	"fp\000"
 1388 0a45 10       		.byte	0x10
 1389 0a46 EE       		.byte	0xee
 1390 0a47 1A       		.byte	0x1a
 1391 0a48 9F080000 		.4byte	0x89f
 1392 0a4c 00       		.byte	0
 1393 0a4d 00       		.byte	0
 1394 0a4e 20       		.uleb128 0x20
 1395 0a4f 2D030000 		.4byte	0x32d
 1396 0a53 5E0A0000 		.4byte	0xa5e
 1397 0a57 21       		.uleb128 0x21
 1398 0a58 30000000 		.4byte	0x30
 1399 0a5c 12       		.byte	0x12
 1400 0a5d 00       		.byte	0
 1401 0a5e 0D       		.uleb128 0xd
 1402 0a5f 4E0A0000 		.4byte	0xa4e
 1403 0a63 26       		.uleb128 0x26
 1404 0a64 FA020000 		.4byte	.LASF138
 1405 0a68 10       		.byte	0x10
 1406 0a69 83       		.byte	0x83
 1407 0a6a 06       		.byte	0x6
 1408 0a6b A80A0000 		.4byte	0xaa8
 1409 0a6f 23       		.uleb128 0x23
 1410 0a70 DD000000 		.4byte	.LASF126
 1411 0a74 10       		.byte	0x10
 1412 0a75 83       		.byte	0x83
 1413 0a76 26       		.byte	0x26
 1414 0a77 C9080000 		.4byte	0x8c9
 1415 0a7b 27       		.uleb128 0x27
 1416 0a7c 62756600 		.ascii	"buf\000"
 1417 0a80 10       		.byte	0x10
 1418 0a81 83       		.byte	0x83
 1419 0a82 33       		.byte	0x33
 1420 0a83 90050000 		.4byte	0x590
 1421 0a87 23       		.uleb128 0x23
 1422 0a88 7D020000 		.4byte	.LASF125
 1423 0a8c 10       		.byte	0x10
 1424 0a8d 83       		.byte	0x83
 1425 0a8e 3F       		.byte	0x3f
ARM GAS  C:\Users\angio\AppData\Local\Temp\ccwRbOv0.s 			page 26


 1426 0a8f 24000000 		.4byte	0x24
 1427 0a93 24       		.uleb128 0x24
 1428 0a94 687000   		.ascii	"hp\000"
 1429 0a97 10       		.byte	0x10
 1430 0a98 84       		.byte	0x84
 1431 0a99 12       		.byte	0x12
 1432 0a9a 9F080000 		.4byte	0x89f
 1433 0a9e 1F       		.uleb128 0x1f
 1434 0a9f 34040000 		.4byte	.LASF135
 1435 0aa3 B80A0000 		.4byte	0xab8
 1436 0aa7 00       		.byte	0
 1437 0aa8 20       		.uleb128 0x20
 1438 0aa9 2D030000 		.4byte	0x32d
 1439 0aad B80A0000 		.4byte	0xab8
 1440 0ab1 21       		.uleb128 0x21
 1441 0ab2 30000000 		.4byte	0x30
 1442 0ab6 10       		.byte	0x10
 1443 0ab7 00       		.byte	0
 1444 0ab8 0D       		.uleb128 0xd
 1445 0ab9 A80A0000 		.4byte	0xaa8
 1446 0abd 28       		.uleb128 0x28
 1447 0abe 7F040000 		.4byte	.LASF143
 1448 0ac2 10       		.byte	0x10
 1449 0ac3 6B       		.byte	0x6b
 1450 0ac4 06       		.byte	0x6
 1451 0ac5 00       		.byte	0
 1452              		.section	.gnu.debuglto_.debug_abbrev,"e",%progbits
 1453              	.Ldebug_abbrev0:
 1454 0000 01       		.uleb128 0x1
 1455 0001 11       		.uleb128 0x11
 1456 0002 01       		.byte	0x1
 1457 0003 25       		.uleb128 0x25
 1458 0004 0E       		.uleb128 0xe
 1459 0005 13       		.uleb128 0x13
 1460 0006 0B       		.uleb128 0xb
 1461 0007 03       		.uleb128 0x3
 1462 0008 0E       		.uleb128 0xe
 1463 0009 1B       		.uleb128 0x1b
 1464 000a 0E       		.uleb128 0xe
 1465 000b 10       		.uleb128 0x10
 1466 000c 17       		.uleb128 0x17
 1467 000d 00       		.byte	0
 1468 000e 00       		.byte	0
 1469 000f 02       		.uleb128 0x2
 1470 0010 24       		.uleb128 0x24
 1471 0011 00       		.byte	0
 1472 0012 0B       		.uleb128 0xb
 1473 0013 0B       		.uleb128 0xb
 1474 0014 3E       		.uleb128 0x3e
 1475 0015 0B       		.uleb128 0xb
 1476 0016 03       		.uleb128 0x3
 1477 0017 08       		.uleb128 0x8
 1478 0018 00       		.byte	0
 1479 0019 00       		.byte	0
 1480 001a 03       		.uleb128 0x3
 1481 001b 16       		.uleb128 0x16
 1482 001c 00       		.byte	0
ARM GAS  C:\Users\angio\AppData\Local\Temp\ccwRbOv0.s 			page 27


 1483 001d 03       		.uleb128 0x3
 1484 001e 0E       		.uleb128 0xe
 1485 001f 3A       		.uleb128 0x3a
 1486 0020 0B       		.uleb128 0xb
 1487 0021 3B       		.uleb128 0x3b
 1488 0022 0B       		.uleb128 0xb
 1489 0023 39       		.uleb128 0x39
 1490 0024 0B       		.uleb128 0xb
 1491 0025 49       		.uleb128 0x49
 1492 0026 13       		.uleb128 0x13
 1493 0027 00       		.byte	0
 1494 0028 00       		.byte	0
 1495 0029 04       		.uleb128 0x4
 1496 002a 24       		.uleb128 0x24
 1497 002b 00       		.byte	0
 1498 002c 0B       		.uleb128 0xb
 1499 002d 0B       		.uleb128 0xb
 1500 002e 3E       		.uleb128 0x3e
 1501 002f 0B       		.uleb128 0xb
 1502 0030 03       		.uleb128 0x3
 1503 0031 0E       		.uleb128 0xe
 1504 0032 00       		.byte	0
 1505 0033 00       		.byte	0
 1506 0034 05       		.uleb128 0x5
 1507 0035 35       		.uleb128 0x35
 1508 0036 00       		.byte	0
 1509 0037 49       		.uleb128 0x49
 1510 0038 13       		.uleb128 0x13
 1511 0039 00       		.byte	0
 1512 003a 00       		.byte	0
 1513 003b 06       		.uleb128 0x6
 1514 003c 13       		.uleb128 0x13
 1515 003d 01       		.byte	0x1
 1516 003e 03       		.uleb128 0x3
 1517 003f 0E       		.uleb128 0xe
 1518 0040 0B       		.uleb128 0xb
 1519 0041 0B       		.uleb128 0xb
 1520 0042 3A       		.uleb128 0x3a
 1521 0043 0B       		.uleb128 0xb
 1522 0044 3B       		.uleb128 0x3b
 1523 0045 0B       		.uleb128 0xb
 1524 0046 39       		.uleb128 0x39
 1525 0047 0B       		.uleb128 0xb
 1526 0048 01       		.uleb128 0x1
 1527 0049 13       		.uleb128 0x13
 1528 004a 00       		.byte	0
 1529 004b 00       		.byte	0
 1530 004c 07       		.uleb128 0x7
 1531 004d 0D       		.uleb128 0xd
 1532 004e 00       		.byte	0
 1533 004f 03       		.uleb128 0x3
 1534 0050 08       		.uleb128 0x8
 1535 0051 3A       		.uleb128 0x3a
 1536 0052 0B       		.uleb128 0xb
 1537 0053 3B       		.uleb128 0x3b
 1538 0054 0B       		.uleb128 0xb
 1539 0055 39       		.uleb128 0x39
ARM GAS  C:\Users\angio\AppData\Local\Temp\ccwRbOv0.s 			page 28


 1540 0056 0B       		.uleb128 0xb
 1541 0057 49       		.uleb128 0x49
 1542 0058 13       		.uleb128 0x13
 1543 0059 38       		.uleb128 0x38
 1544 005a 0B       		.uleb128 0xb
 1545 005b 00       		.byte	0
 1546 005c 00       		.byte	0
 1547 005d 08       		.uleb128 0x8
 1548 005e 0D       		.uleb128 0xd
 1549 005f 00       		.byte	0
 1550 0060 03       		.uleb128 0x3
 1551 0061 0E       		.uleb128 0xe
 1552 0062 3A       		.uleb128 0x3a
 1553 0063 0B       		.uleb128 0xb
 1554 0064 3B       		.uleb128 0x3b
 1555 0065 0B       		.uleb128 0xb
 1556 0066 39       		.uleb128 0x39
 1557 0067 0B       		.uleb128 0xb
 1558 0068 49       		.uleb128 0x49
 1559 0069 13       		.uleb128 0x13
 1560 006a 38       		.uleb128 0x38
 1561 006b 0B       		.uleb128 0xb
 1562 006c 00       		.byte	0
 1563 006d 00       		.byte	0
 1564 006e 09       		.uleb128 0x9
 1565 006f 0D       		.uleb128 0xd
 1566 0070 00       		.byte	0
 1567 0071 03       		.uleb128 0x3
 1568 0072 08       		.uleb128 0x8
 1569 0073 3A       		.uleb128 0x3a
 1570 0074 0B       		.uleb128 0xb
 1571 0075 3B       		.uleb128 0x3b
 1572 0076 05       		.uleb128 0x5
 1573 0077 39       		.uleb128 0x39
 1574 0078 0B       		.uleb128 0xb
 1575 0079 49       		.uleb128 0x49
 1576 007a 13       		.uleb128 0x13
 1577 007b 38       		.uleb128 0x38
 1578 007c 0B       		.uleb128 0xb
 1579 007d 00       		.byte	0
 1580 007e 00       		.byte	0
 1581 007f 0A       		.uleb128 0xa
 1582 0080 0D       		.uleb128 0xd
 1583 0081 00       		.byte	0
 1584 0082 03       		.uleb128 0x3
 1585 0083 0E       		.uleb128 0xe
 1586 0084 3A       		.uleb128 0x3a
 1587 0085 0B       		.uleb128 0xb
 1588 0086 3B       		.uleb128 0x3b
 1589 0087 05       		.uleb128 0x5
 1590 0088 39       		.uleb128 0x39
 1591 0089 0B       		.uleb128 0xb
 1592 008a 49       		.uleb128 0x49
 1593 008b 13       		.uleb128 0x13
 1594 008c 38       		.uleb128 0x38
 1595 008d 0B       		.uleb128 0xb
 1596 008e 00       		.byte	0
ARM GAS  C:\Users\angio\AppData\Local\Temp\ccwRbOv0.s 			page 29


 1597 008f 00       		.byte	0
 1598 0090 0B       		.uleb128 0xb
 1599 0091 13       		.uleb128 0x13
 1600 0092 01       		.byte	0x1
 1601 0093 03       		.uleb128 0x3
 1602 0094 0E       		.uleb128 0xe
 1603 0095 0B       		.uleb128 0xb
 1604 0096 0B       		.uleb128 0xb
 1605 0097 3A       		.uleb128 0x3a
 1606 0098 0B       		.uleb128 0xb
 1607 0099 3B       		.uleb128 0x3b
 1608 009a 05       		.uleb128 0x5
 1609 009b 39       		.uleb128 0x39
 1610 009c 0B       		.uleb128 0xb
 1611 009d 01       		.uleb128 0x1
 1612 009e 13       		.uleb128 0x13
 1613 009f 00       		.byte	0
 1614 00a0 00       		.byte	0
 1615 00a1 0C       		.uleb128 0xc
 1616 00a2 0F       		.uleb128 0xf
 1617 00a3 00       		.byte	0
 1618 00a4 0B       		.uleb128 0xb
 1619 00a5 0B       		.uleb128 0xb
 1620 00a6 49       		.uleb128 0x49
 1621 00a7 13       		.uleb128 0x13
 1622 00a8 00       		.byte	0
 1623 00a9 00       		.byte	0
 1624 00aa 0D       		.uleb128 0xd
 1625 00ab 26       		.uleb128 0x26
 1626 00ac 00       		.byte	0
 1627 00ad 49       		.uleb128 0x49
 1628 00ae 13       		.uleb128 0x13
 1629 00af 00       		.byte	0
 1630 00b0 00       		.byte	0
 1631 00b1 0E       		.uleb128 0xe
 1632 00b2 0F       		.uleb128 0xf
 1633 00b3 00       		.byte	0
 1634 00b4 0B       		.uleb128 0xb
 1635 00b5 0B       		.uleb128 0xb
 1636 00b6 00       		.byte	0
 1637 00b7 00       		.byte	0
 1638 00b8 0F       		.uleb128 0xf
 1639 00b9 17       		.uleb128 0x17
 1640 00ba 01       		.byte	0x1
 1641 00bb 0B       		.uleb128 0xb
 1642 00bc 0B       		.uleb128 0xb
 1643 00bd 3A       		.uleb128 0x3a
 1644 00be 0B       		.uleb128 0xb
 1645 00bf 3B       		.uleb128 0x3b
 1646 00c0 0B       		.uleb128 0xb
 1647 00c1 39       		.uleb128 0x39
 1648 00c2 0B       		.uleb128 0xb
 1649 00c3 01       		.uleb128 0x1
 1650 00c4 13       		.uleb128 0x13
 1651 00c5 00       		.byte	0
 1652 00c6 00       		.byte	0
 1653 00c7 10       		.uleb128 0x10
ARM GAS  C:\Users\angio\AppData\Local\Temp\ccwRbOv0.s 			page 30


 1654 00c8 0D       		.uleb128 0xd
 1655 00c9 00       		.byte	0
 1656 00ca 03       		.uleb128 0x3
 1657 00cb 0E       		.uleb128 0xe
 1658 00cc 3A       		.uleb128 0x3a
 1659 00cd 0B       		.uleb128 0xb
 1660 00ce 3B       		.uleb128 0x3b
 1661 00cf 0B       		.uleb128 0xb
 1662 00d0 39       		.uleb128 0x39
 1663 00d1 0B       		.uleb128 0xb
 1664 00d2 49       		.uleb128 0x49
 1665 00d3 13       		.uleb128 0x13
 1666 00d4 00       		.byte	0
 1667 00d5 00       		.byte	0
 1668 00d6 11       		.uleb128 0x11
 1669 00d7 0D       		.uleb128 0xd
 1670 00d8 00       		.byte	0
 1671 00d9 03       		.uleb128 0x3
 1672 00da 0E       		.uleb128 0xe
 1673 00db 3A       		.uleb128 0x3a
 1674 00dc 0B       		.uleb128 0xb
 1675 00dd 3B       		.uleb128 0x3b
 1676 00de 05       		.uleb128 0x5
 1677 00df 39       		.uleb128 0x39
 1678 00e0 0B       		.uleb128 0xb
 1679 00e1 49       		.uleb128 0x49
 1680 00e2 13       		.uleb128 0x13
 1681 00e3 00       		.byte	0
 1682 00e4 00       		.byte	0
 1683 00e5 12       		.uleb128 0x12
 1684 00e6 16       		.uleb128 0x16
 1685 00e7 00       		.byte	0
 1686 00e8 03       		.uleb128 0x3
 1687 00e9 0E       		.uleb128 0xe
 1688 00ea 3A       		.uleb128 0x3a
 1689 00eb 0B       		.uleb128 0xb
 1690 00ec 3B       		.uleb128 0x3b
 1691 00ed 05       		.uleb128 0x5
 1692 00ee 39       		.uleb128 0x39
 1693 00ef 0B       		.uleb128 0xb
 1694 00f0 49       		.uleb128 0x49
 1695 00f1 13       		.uleb128 0x13
 1696 00f2 00       		.byte	0
 1697 00f3 00       		.byte	0
 1698 00f4 13       		.uleb128 0x13
 1699 00f5 15       		.uleb128 0x15
 1700 00f6 01       		.byte	0x1
 1701 00f7 27       		.uleb128 0x27
 1702 00f8 19       		.uleb128 0x19
 1703 00f9 49       		.uleb128 0x49
 1704 00fa 13       		.uleb128 0x13
 1705 00fb 01       		.uleb128 0x1
 1706 00fc 13       		.uleb128 0x13
 1707 00fd 00       		.byte	0
 1708 00fe 00       		.byte	0
 1709 00ff 14       		.uleb128 0x14
 1710 0100 05       		.uleb128 0x5
ARM GAS  C:\Users\angio\AppData\Local\Temp\ccwRbOv0.s 			page 31


 1711 0101 00       		.byte	0
 1712 0102 49       		.uleb128 0x49
 1713 0103 13       		.uleb128 0x13
 1714 0104 00       		.byte	0
 1715 0105 00       		.byte	0
 1716 0106 15       		.uleb128 0x15
 1717 0107 17       		.uleb128 0x17
 1718 0108 01       		.byte	0x1
 1719 0109 03       		.uleb128 0x3
 1720 010a 0E       		.uleb128 0xe
 1721 010b 0B       		.uleb128 0xb
 1722 010c 0B       		.uleb128 0xb
 1723 010d 3A       		.uleb128 0x3a
 1724 010e 0B       		.uleb128 0xb
 1725 010f 3B       		.uleb128 0x3b
 1726 0110 0B       		.uleb128 0xb
 1727 0111 39       		.uleb128 0x39
 1728 0112 0B       		.uleb128 0xb
 1729 0113 01       		.uleb128 0x1
 1730 0114 13       		.uleb128 0x13
 1731 0115 00       		.byte	0
 1732 0116 00       		.byte	0
 1733 0117 16       		.uleb128 0x16
 1734 0118 13       		.uleb128 0x13
 1735 0119 01       		.byte	0x1
 1736 011a 0B       		.uleb128 0xb
 1737 011b 0B       		.uleb128 0xb
 1738 011c 3A       		.uleb128 0x3a
 1739 011d 0B       		.uleb128 0xb
 1740 011e 3B       		.uleb128 0x3b
 1741 011f 0B       		.uleb128 0xb
 1742 0120 39       		.uleb128 0x39
 1743 0121 0B       		.uleb128 0xb
 1744 0122 01       		.uleb128 0x1
 1745 0123 13       		.uleb128 0x13
 1746 0124 00       		.byte	0
 1747 0125 00       		.byte	0
 1748 0126 17       		.uleb128 0x17
 1749 0127 34       		.uleb128 0x34
 1750 0128 00       		.byte	0
 1751 0129 03       		.uleb128 0x3
 1752 012a 0E       		.uleb128 0xe
 1753 012b 3A       		.uleb128 0x3a
 1754 012c 0B       		.uleb128 0xb
 1755 012d 3B       		.uleb128 0x3b
 1756 012e 0B       		.uleb128 0xb
 1757 012f 39       		.uleb128 0x39
 1758 0130 0B       		.uleb128 0xb
 1759 0131 49       		.uleb128 0x49
 1760 0132 13       		.uleb128 0x13
 1761 0133 00       		.byte	0
 1762 0134 00       		.byte	0
 1763 0135 18       		.uleb128 0x18
 1764 0136 2E       		.uleb128 0x2e
 1765 0137 01       		.byte	0x1
 1766 0138 3F       		.uleb128 0x3f
 1767 0139 19       		.uleb128 0x19
ARM GAS  C:\Users\angio\AppData\Local\Temp\ccwRbOv0.s 			page 32


 1768 013a 03       		.uleb128 0x3
 1769 013b 0E       		.uleb128 0xe
 1770 013c 3A       		.uleb128 0x3a
 1771 013d 0B       		.uleb128 0xb
 1772 013e 3B       		.uleb128 0x3b
 1773 013f 05       		.uleb128 0x5
 1774 0140 39       		.uleb128 0x39
 1775 0141 0B       		.uleb128 0xb
 1776 0142 27       		.uleb128 0x27
 1777 0143 19       		.uleb128 0x19
 1778 0144 49       		.uleb128 0x49
 1779 0145 13       		.uleb128 0x13
 1780 0146 01       		.uleb128 0x1
 1781 0147 13       		.uleb128 0x13
 1782 0148 00       		.byte	0
 1783 0149 00       		.byte	0
 1784 014a 19       		.uleb128 0x19
 1785 014b 05       		.uleb128 0x5
 1786 014c 00       		.byte	0
 1787 014d 03       		.uleb128 0x3
 1788 014e 0E       		.uleb128 0xe
 1789 014f 3A       		.uleb128 0x3a
 1790 0150 0B       		.uleb128 0xb
 1791 0151 3B       		.uleb128 0x3b
 1792 0152 05       		.uleb128 0x5
 1793 0153 39       		.uleb128 0x39
 1794 0154 0B       		.uleb128 0xb
 1795 0155 49       		.uleb128 0x49
 1796 0156 13       		.uleb128 0x13
 1797 0157 00       		.byte	0
 1798 0158 00       		.byte	0
 1799 0159 1A       		.uleb128 0x1a
 1800 015a 34       		.uleb128 0x34
 1801 015b 00       		.byte	0
 1802 015c 03       		.uleb128 0x3
 1803 015d 08       		.uleb128 0x8
 1804 015e 3A       		.uleb128 0x3a
 1805 015f 0B       		.uleb128 0xb
 1806 0160 3B       		.uleb128 0x3b
 1807 0161 05       		.uleb128 0x5
 1808 0162 39       		.uleb128 0x39
 1809 0163 0B       		.uleb128 0xb
 1810 0164 49       		.uleb128 0x49
 1811 0165 13       		.uleb128 0x13
 1812 0166 00       		.byte	0
 1813 0167 00       		.byte	0
 1814 0168 1B       		.uleb128 0x1b
 1815 0169 34       		.uleb128 0x34
 1816 016a 00       		.byte	0
 1817 016b 03       		.uleb128 0x3
 1818 016c 0E       		.uleb128 0xe
 1819 016d 3A       		.uleb128 0x3a
 1820 016e 0B       		.uleb128 0xb
 1821 016f 3B       		.uleb128 0x3b
 1822 0170 05       		.uleb128 0x5
 1823 0171 39       		.uleb128 0x39
 1824 0172 0B       		.uleb128 0xb
ARM GAS  C:\Users\angio\AppData\Local\Temp\ccwRbOv0.s 			page 33


 1825 0173 49       		.uleb128 0x49
 1826 0174 13       		.uleb128 0x13
 1827 0175 00       		.byte	0
 1828 0176 00       		.byte	0
 1829 0177 1C       		.uleb128 0x1c
 1830 0178 0B       		.uleb128 0xb
 1831 0179 01       		.byte	0x1
 1832 017a 00       		.byte	0
 1833 017b 00       		.byte	0
 1834 017c 1D       		.uleb128 0x1d
 1835 017d 2E       		.uleb128 0x2e
 1836 017e 01       		.byte	0x1
 1837 017f 3F       		.uleb128 0x3f
 1838 0180 19       		.uleb128 0x19
 1839 0181 03       		.uleb128 0x3
 1840 0182 0E       		.uleb128 0xe
 1841 0183 3A       		.uleb128 0x3a
 1842 0184 0B       		.uleb128 0xb
 1843 0185 3B       		.uleb128 0x3b
 1844 0186 05       		.uleb128 0x5
 1845 0187 39       		.uleb128 0x39
 1846 0188 0B       		.uleb128 0xb
 1847 0189 27       		.uleb128 0x27
 1848 018a 19       		.uleb128 0x19
 1849 018b 01       		.uleb128 0x1
 1850 018c 13       		.uleb128 0x13
 1851 018d 00       		.byte	0
 1852 018e 00       		.byte	0
 1853 018f 1E       		.uleb128 0x1e
 1854 0190 05       		.uleb128 0x5
 1855 0191 00       		.byte	0
 1856 0192 03       		.uleb128 0x3
 1857 0193 08       		.uleb128 0x8
 1858 0194 3A       		.uleb128 0x3a
 1859 0195 0B       		.uleb128 0xb
 1860 0196 3B       		.uleb128 0x3b
 1861 0197 05       		.uleb128 0x5
 1862 0198 39       		.uleb128 0x39
 1863 0199 0B       		.uleb128 0xb
 1864 019a 49       		.uleb128 0x49
 1865 019b 13       		.uleb128 0x13
 1866 019c 00       		.byte	0
 1867 019d 00       		.byte	0
 1868 019e 1F       		.uleb128 0x1f
 1869 019f 34       		.uleb128 0x34
 1870 01a0 00       		.byte	0
 1871 01a1 03       		.uleb128 0x3
 1872 01a2 0E       		.uleb128 0xe
 1873 01a3 49       		.uleb128 0x49
 1874 01a4 13       		.uleb128 0x13
 1875 01a5 34       		.uleb128 0x34
 1876 01a6 19       		.uleb128 0x19
 1877 01a7 00       		.byte	0
 1878 01a8 00       		.byte	0
 1879 01a9 20       		.uleb128 0x20
 1880 01aa 01       		.uleb128 0x1
 1881 01ab 01       		.byte	0x1
ARM GAS  C:\Users\angio\AppData\Local\Temp\ccwRbOv0.s 			page 34


 1882 01ac 49       		.uleb128 0x49
 1883 01ad 13       		.uleb128 0x13
 1884 01ae 01       		.uleb128 0x1
 1885 01af 13       		.uleb128 0x13
 1886 01b0 00       		.byte	0
 1887 01b1 00       		.byte	0
 1888 01b2 21       		.uleb128 0x21
 1889 01b3 21       		.uleb128 0x21
 1890 01b4 00       		.byte	0
 1891 01b5 49       		.uleb128 0x49
 1892 01b6 13       		.uleb128 0x13
 1893 01b7 2F       		.uleb128 0x2f
 1894 01b8 0B       		.uleb128 0xb
 1895 01b9 00       		.byte	0
 1896 01ba 00       		.byte	0
 1897 01bb 22       		.uleb128 0x22
 1898 01bc 2E       		.uleb128 0x2e
 1899 01bd 01       		.byte	0x1
 1900 01be 3F       		.uleb128 0x3f
 1901 01bf 19       		.uleb128 0x19
 1902 01c0 03       		.uleb128 0x3
 1903 01c1 0E       		.uleb128 0xe
 1904 01c2 3A       		.uleb128 0x3a
 1905 01c3 0B       		.uleb128 0xb
 1906 01c4 3B       		.uleb128 0x3b
 1907 01c5 0B       		.uleb128 0xb
 1908 01c6 39       		.uleb128 0x39
 1909 01c7 0B       		.uleb128 0xb
 1910 01c8 27       		.uleb128 0x27
 1911 01c9 19       		.uleb128 0x19
 1912 01ca 49       		.uleb128 0x49
 1913 01cb 13       		.uleb128 0x13
 1914 01cc 01       		.uleb128 0x1
 1915 01cd 13       		.uleb128 0x13
 1916 01ce 00       		.byte	0
 1917 01cf 00       		.byte	0
 1918 01d0 23       		.uleb128 0x23
 1919 01d1 05       		.uleb128 0x5
 1920 01d2 00       		.byte	0
 1921 01d3 03       		.uleb128 0x3
 1922 01d4 0E       		.uleb128 0xe
 1923 01d5 3A       		.uleb128 0x3a
 1924 01d6 0B       		.uleb128 0xb
 1925 01d7 3B       		.uleb128 0x3b
 1926 01d8 0B       		.uleb128 0xb
 1927 01d9 39       		.uleb128 0x39
 1928 01da 0B       		.uleb128 0xb
 1929 01db 49       		.uleb128 0x49
 1930 01dc 13       		.uleb128 0x13
 1931 01dd 00       		.byte	0
 1932 01de 00       		.byte	0
 1933 01df 24       		.uleb128 0x24
 1934 01e0 34       		.uleb128 0x34
 1935 01e1 00       		.byte	0
 1936 01e2 03       		.uleb128 0x3
 1937 01e3 08       		.uleb128 0x8
 1938 01e4 3A       		.uleb128 0x3a
ARM GAS  C:\Users\angio\AppData\Local\Temp\ccwRbOv0.s 			page 35


 1939 01e5 0B       		.uleb128 0xb
 1940 01e6 3B       		.uleb128 0x3b
 1941 01e7 0B       		.uleb128 0xb
 1942 01e8 39       		.uleb128 0x39
 1943 01e9 0B       		.uleb128 0xb
 1944 01ea 49       		.uleb128 0x49
 1945 01eb 13       		.uleb128 0x13
 1946 01ec 00       		.byte	0
 1947 01ed 00       		.byte	0
 1948 01ee 25       		.uleb128 0x25
 1949 01ef 0B       		.uleb128 0xb
 1950 01f0 01       		.byte	0x1
 1951 01f1 01       		.uleb128 0x1
 1952 01f2 13       		.uleb128 0x13
 1953 01f3 00       		.byte	0
 1954 01f4 00       		.byte	0
 1955 01f5 26       		.uleb128 0x26
 1956 01f6 2E       		.uleb128 0x2e
 1957 01f7 01       		.byte	0x1
 1958 01f8 3F       		.uleb128 0x3f
 1959 01f9 19       		.uleb128 0x19
 1960 01fa 03       		.uleb128 0x3
 1961 01fb 0E       		.uleb128 0xe
 1962 01fc 3A       		.uleb128 0x3a
 1963 01fd 0B       		.uleb128 0xb
 1964 01fe 3B       		.uleb128 0x3b
 1965 01ff 0B       		.uleb128 0xb
 1966 0200 39       		.uleb128 0x39
 1967 0201 0B       		.uleb128 0xb
 1968 0202 27       		.uleb128 0x27
 1969 0203 19       		.uleb128 0x19
 1970 0204 01       		.uleb128 0x1
 1971 0205 13       		.uleb128 0x13
 1972 0206 00       		.byte	0
 1973 0207 00       		.byte	0
 1974 0208 27       		.uleb128 0x27
 1975 0209 05       		.uleb128 0x5
 1976 020a 00       		.byte	0
 1977 020b 03       		.uleb128 0x3
 1978 020c 08       		.uleb128 0x8
 1979 020d 3A       		.uleb128 0x3a
 1980 020e 0B       		.uleb128 0xb
 1981 020f 3B       		.uleb128 0x3b
 1982 0210 0B       		.uleb128 0xb
 1983 0211 39       		.uleb128 0x39
 1984 0212 0B       		.uleb128 0xb
 1985 0213 49       		.uleb128 0x49
 1986 0214 13       		.uleb128 0x13
 1987 0215 00       		.byte	0
 1988 0216 00       		.byte	0
 1989 0217 28       		.uleb128 0x28
 1990 0218 2E       		.uleb128 0x2e
 1991 0219 00       		.byte	0
 1992 021a 3F       		.uleb128 0x3f
 1993 021b 19       		.uleb128 0x19
 1994 021c 03       		.uleb128 0x3
 1995 021d 0E       		.uleb128 0xe
ARM GAS  C:\Users\angio\AppData\Local\Temp\ccwRbOv0.s 			page 36


 1996 021e 3A       		.uleb128 0x3a
 1997 021f 0B       		.uleb128 0xb
 1998 0220 3B       		.uleb128 0x3b
 1999 0221 0B       		.uleb128 0xb
 2000 0222 39       		.uleb128 0x39
 2001 0223 0B       		.uleb128 0xb
 2002 0224 27       		.uleb128 0x27
 2003 0225 19       		.uleb128 0x19
 2004 0226 00       		.byte	0
 2005 0227 00       		.byte	0
 2006 0228 00       		.byte	0
 2007              		.section	.gnu.debuglto_.debug_line,"e",%progbits
 2008              	.Ldebug_line0:
 2009 0000 B8020000 		.4byte	.LELT0-.LSLT0
 2010              	.LSLT0:
 2011 0004 0400     		.2byte	0x4
 2012 0006 B2020000 		.4byte	.LELTP0-.LASLTP0
 2013              	.LASLTP0:
 2014 000a 01       		.byte	0x1
 2015 000b 01       		.byte	0x1
 2016 000c 01       		.byte	0x1
 2017 000d F6       		.byte	0xf6
 2018 000e F2       		.byte	0xf2
 2019 000f 0D       		.byte	0xd
 2020 0010 00       		.byte	0
 2021 0011 01       		.byte	0x1
 2022 0012 01       		.byte	0x1
 2023 0013 01       		.byte	0x1
 2024 0014 01       		.byte	0x1
 2025 0015 00       		.byte	0
 2026 0016 00       		.byte	0
 2027 0017 00       		.byte	0
 2028 0018 01       		.byte	0x1
 2029 0019 00       		.byte	0
 2030 001a 00       		.byte	0
 2031 001b 01       		.byte	0x1
 2032 001c 2E2E2F2E 		.ascii	"../../chibios2111/os/common/ports/ARM-common"
 2032      2E2F6368 
 2032      6962696F 
 2032      73323131 
 2032      312F6F73 
 2033 0048 00       		.byte	0
 2034 0049 2E2E2F2E 		.ascii	"../../chibios2111/os/common/ports/ARMv7-M-ALT"
 2034      2E2F6368 
 2034      6962696F 
 2034      73323131 
 2034      312F6F73 
 2035 0076 00       		.byte	0
 2036 0077 2E2E2F2E 		.ascii	"../../chibios2111/os/oslib/include"
 2036      2E2F6368 
 2036      6962696F 
 2036      73323131 
 2036      312F6F73 
 2037 0099 00       		.byte	0
 2038 009a 2E2E2F2E 		.ascii	"../../chibios2111/os/oslib/src"
 2038      2E2F6368 
 2038      6962696F 
ARM GAS  C:\Users\angio\AppData\Local\Temp\ccwRbOv0.s 			page 37


 2038      73323131 
 2038      312F6F73 
 2039 00b8 00       		.byte	0
 2040 00b9 2E2E2F2E 		.ascii	"../../chibios2111/os/rt/include"
 2040      2E2F6368 
 2040      6962696F 
 2040      73323131 
 2040      312F6F73 
 2041 00d8 00       		.byte	0
 2042 00d9 633A5C63 		.ascii	"c:\\chibistudio\\tools\\gnu tools arm embedded\\10."
 2042      68696269 
 2042      73747564 
 2042      696F5C74 
 2042      6F6F6C73 
 2043 0108 33203230 		.ascii	"3 2021.10\\arm-none-eabi\\include\\machine"
 2043      32312E31 
 2043      305C6172 
 2043      6D2D6E6F 
 2043      6E652D65 
 2044 012f 00       		.byte	0
 2045 0130 633A5C63 		.ascii	"c:\\chibistudio\\tools\\gnu tools arm embedded\\10."
 2045      68696269 
 2045      73747564 
 2045      696F5C74 
 2045      6F6F6C73 
 2046 015f 33203230 		.ascii	"3 2021.10\\arm-none-eabi\\include\\sys"
 2046      32312E31 
 2046      305C6172 
 2046      6D2D6E6F 
 2046      6E652D65 
 2047 0182 00       		.byte	0
 2048 0183 633A5C63 		.ascii	"c:\\chibistudio\\tools\\gnu tools arm embedded\\10."
 2048      68696269 
 2048      73747564 
 2048      696F5C74 
 2048      6F6F6C73 
 2049 01b2 33203230 		.ascii	"3 2021.10\\lib\\gcc\\arm-none-eabi\\10.3.1\\include"
 2049      32312E31 
 2049      305C6C69 
 2049      625C6763 
 2049      635C6172 
 2050 01e0 00       		.byte	0
 2051 01e1 00       		.byte	0
 2052 01e2 73746464 		.ascii	"stddef.h\000"
 2052      65662E68 
 2052      00
 2053 01eb 08       		.uleb128 0x8
 2054 01ec 00       		.uleb128 0
 2055 01ed 00       		.uleb128 0
 2056 01ee 5F646566 		.ascii	"_default_types.h\000"
 2056      61756C74 
 2056      5F747970 
 2056      65732E68 
 2056      00
 2057 01ff 06       		.uleb128 0x6
 2058 0200 00       		.uleb128 0
 2059 0201 00       		.uleb128 0
ARM GAS  C:\Users\angio\AppData\Local\Temp\ccwRbOv0.s 			page 38


 2060 0202 5F737464 		.ascii	"_stdint.h\000"
 2060      696E742E 
 2060      6800
 2061 020c 07       		.uleb128 0x7
 2062 020d 00       		.uleb128 0
 2063 020e 00       		.uleb128 0
 2064 020f 63687479 		.ascii	"chtypes.h\000"
 2064      7065732E 
 2064      6800
 2065 0219 01       		.uleb128 0x1
 2066 021a 00       		.uleb128 0
 2067 021b 00       		.uleb128 0
 2068 021c 63686561 		.ascii	"chearly.h\000"
 2068      726C792E 
 2068      6800
 2069 0226 05       		.uleb128 0x5
 2070 0227 00       		.uleb128 0
 2071 0228 00       		.uleb128 0
 2072 0229 63686F62 		.ascii	"chobjects.h\000"
 2072      6A656374 
 2072      732E6800 
 2073 0235 05       		.uleb128 0x5
 2074 0236 00       		.uleb128 0
 2075 0237 00       		.uleb128 0
 2076 0238 63687266 		.ascii	"chrfcu.h\000"
 2076      63752E68 
 2076      00
 2077 0241 05       		.uleb128 0x5
 2078 0242 00       		.uleb128 0
 2079 0243 00       		.uleb128 0
 2080 0244 63686465 		.ascii	"chdebug.h\000"
 2080      6275672E 
 2080      6800
 2081 024e 05       		.uleb128 0x5
 2082 024f 00       		.uleb128 0
 2083 0250 00       		.uleb128 0
 2084 0251 63687469 		.ascii	"chtime.h\000"
 2084      6D652E68 
 2084      00
 2085 025a 05       		.uleb128 0x5
 2086 025b 00       		.uleb128 0
 2087 025c 00       		.uleb128 0
 2088 025d 63686C69 		.ascii	"chlists.h\000"
 2088      7374732E 
 2088      6800
 2089 0267 05       		.uleb128 0x5
 2090 0268 00       		.uleb128 0
 2091 0269 00       		.uleb128 0
 2092 026a 6368636F 		.ascii	"chcore.h\000"
 2092      72652E68 
 2092      00
 2093 0273 02       		.uleb128 0x2
 2094 0274 00       		.uleb128 0
 2095 0275 00       		.uleb128 0
 2096 0276 63687365 		.ascii	"chsem.h\000"
 2096      6D2E6800 
 2097 027e 05       		.uleb128 0x5
ARM GAS  C:\Users\angio\AppData\Local\Temp\ccwRbOv0.s 			page 39


 2098 027f 00       		.uleb128 0
 2099 0280 00       		.uleb128 0
 2100 0281 63686D74 		.ascii	"chmtx.h\000"
 2100      782E6800 
 2101 0289 05       		.uleb128 0x5
 2102 028a 00       		.uleb128 0
 2103 028b 00       		.uleb128 0
 2104 028c 63686D65 		.ascii	"chmemcore.h\000"
 2104      6D636F72 
 2104      652E6800 
 2105 0298 03       		.uleb128 0x3
 2106 0299 00       		.uleb128 0
 2107 029a 00       		.uleb128 0
 2108 029b 63686D65 		.ascii	"chmemheaps.h\000"
 2108      6D686561 
 2108      70732E68 
 2108      00
 2109 02a8 03       		.uleb128 0x3
 2110 02a9 00       		.uleb128 0
 2111 02aa 00       		.uleb128 0
 2112 02ab 63686D65 		.ascii	"chmemheaps.c\000"
 2112      6D686561 
 2112      70732E63 
 2112      00
 2113 02b8 04       		.uleb128 0x4
 2114 02b9 00       		.uleb128 0
 2115 02ba 00       		.uleb128 0
 2116 02bb 00       		.byte	0
 2117              	.LELTP0:
 2118              	.LELT0:
 2119              		.section	.gnu.debuglto_.debug_str,"eMS",%progbits,1
 2120              	.LASF106:
 2121 0000 72656164 		.ascii	"ready_list_t\000"
 2121      795F6C69 
 2121      73745F74 
 2121      00
 2122              	.LASF50:
 2123 000d 72666375 		.ascii	"rfcu\000"
 2123      00
 2124              	.LASF4:
 2125 0012 73697A65 		.ascii	"size_t\000"
 2125      5F7400
 2126              	.LASF65:
 2127 0019 6E657874 		.ascii	"next\000"
 2127      00
 2128              	.LASF74:
 2129 001e 64656C74 		.ascii	"delta\000"
 2129      6100
 2130              	.LASF94:
 2131 0024 7264796D 		.ascii	"rdymsg\000"
 2131      736700
 2132              	.LASF18:
 2133 002b 75696E74 		.ascii	"uint64_t\000"
 2133      36345F74 
 2133      00
 2134              	.LASF137:
 2135 0034 63684865 		.ascii	"chHeapFree\000"
ARM GAS  C:\Users\angio\AppData\Local\Temp\ccwRbOv0.s 			page 40


 2135      61704672 
 2135      656500
 2136              	.LASF5:
 2137 003f 5F5F7569 		.ascii	"__uint8_t\000"
 2137      6E74385F 
 2137      7400
 2138              	.LASF68:
 2139 0049 70726576 		.ascii	"prev\000"
 2139      00
 2140              	.LASF78:
 2141 004e 706F7274 		.ascii	"port_intctx\000"
 2141      5F696E74 
 2141      63747800 
 2142              	.LASF123:
 2143 005a 70616765 		.ascii	"pages\000"
 2143      7300
 2144              	.LASF60:
 2145 0060 73797374 		.ascii	"system_debug_t\000"
 2145      656D5F64 
 2145      65627567 
 2145      5F7400
 2146              	.LASF118:
 2147 006f 70726F76 		.ascii	"provider\000"
 2147      69646572 
 2147      00
 2148              	.LASF49:
 2149 0078 636F7265 		.ascii	"core_id\000"
 2149      5F696400 
 2150              	.LASF69:
 2151 0080 63685F70 		.ascii	"ch_priority_queue_t\000"
 2151      72696F72 
 2151      6974795F 
 2151      71756575 
 2151      655F7400 
 2152              	.LASF14:
 2153 0094 6C6F6E67 		.ascii	"long long unsigned int\000"
 2153      206C6F6E 
 2153      6720756E 
 2153      7369676E 
 2153      65642069 
 2154              	.LASF95:
 2155 00ab 65786974 		.ascii	"exitcode\000"
 2155      636F6465 
 2155      00
 2156              	.LASF52:
 2157 00b4 6D61696E 		.ascii	"mainthread\000"
 2157      74687265 
 2157      616400
 2158              	.LASF98:
 2159 00bf 73656E74 		.ascii	"sentmsg\000"
 2159      6D736700 
 2160              	.LASF87:
 2161 00c7 76697274 		.ascii	"virtual_timers_list_t\000"
 2161      75616C5F 
 2161      74696D65 
 2161      72735F6C 
 2161      6973745F 
ARM GAS  C:\Users\angio\AppData\Local\Temp\ccwRbOv0.s 			page 41


 2162              	.LASF126:
 2163 00dd 68656170 		.ascii	"heapp\000"
 2163      7000
 2164              	.LASF121:
 2165 00e3 66726565 		.ascii	"free\000"
 2165      00
 2166              	.LASF36:
 2167 00e8 72656673 		.ascii	"refs\000"
 2167      00
 2168              	.LASF1:
 2169 00ed 6C6F6E67 		.ascii	"long long int\000"
 2169      206C6F6E 
 2169      6720696E 
 2169      7400
 2170              	.LASF3:
 2171 00fb 7369676E 		.ascii	"signed char\000"
 2171      65642063 
 2171      68617200 
 2172              	.LASF131:
 2173 0107 6C706167 		.ascii	"lpages\000"
 2173      657300
 2174              	.LASF73:
 2175 010e 63685F64 		.ascii	"ch_delta_list\000"
 2175      656C7461 
 2175      5F6C6973 
 2175      7400
 2176              	.LASF141:
 2177 011c 433A5C43 		.ascii	"C:\\ChibiStudio\\workspace_user\\RT-STM32G474RE-NUC"
 2177      68696269 
 2177      53747564 
 2177      696F5C77 
 2177      6F726B73 
 2178 014c 4C454F36 		.ascii	"LEO64\000"
 2178      3400
 2179              	.LASF47:
 2180 0152 76746C69 		.ascii	"vtlist\000"
 2180      737400
 2181              	.LASF38:
 2182 0159 6D736771 		.ascii	"msgqueue\000"
 2182      75657565 
 2182      00
 2183              	.LASF34:
 2184 0162 73746174 		.ascii	"state\000"
 2184      6500
 2185              	.LASF10:
 2186 0168 6C6F6E67 		.ascii	"long int\000"
 2186      20696E74 
 2186      00
 2187              	.LASF22:
 2188 0171 74737461 		.ascii	"tstate_t\000"
 2188      74655F74 
 2188      00
 2189              	.LASF54:
 2190 017a 63685F72 		.ascii	"ch_rfcu\000"
 2190      66637500 
 2191              	.LASF116:
 2192 0182 6D656D6F 		.ascii	"memory_heap_t\000"
ARM GAS  C:\Users\angio\AppData\Local\Temp\ccwRbOv0.s 			page 42


 2192      72795F68 
 2192      6561705F 
 2192      7400
 2193              	.LASF67:
 2194 0190 63685F71 		.ascii	"ch_queue\000"
 2194      75657565 
 2194      00
 2195              	.LASF115:
 2196 0199 6D656D67 		.ascii	"memgetfunc2_t\000"
 2196      65746675 
 2196      6E63325F 
 2196      7400
 2197              	.LASF72:
 2198 01a7 63685F64 		.ascii	"ch_delta_list_t\000"
 2198      656C7461 
 2198      5F6C6973 
 2198      745F7400 
 2199              	.LASF88:
 2200 01b7 63685F72 		.ascii	"ch_registry\000"
 2200      65676973 
 2200      74727900 
 2201              	.LASF11:
 2202 01c3 5F5F7569 		.ascii	"__uint32_t\000"
 2202      6E743332 
 2202      5F7400
 2203              	.LASF55:
 2204 01ce 6D61736B 		.ascii	"mask\000"
 2204      00
 2205              	.LASF140:
 2206 01d3 2E2E2F2E 		.ascii	"../../chibios2111/os/oslib/src/chmemheaps.c\000"
 2206      2E2F6368 
 2206      6962696F 
 2206      73323131 
 2206      312F6F73 
 2207              	.LASF37:
 2208 01ff 77616974 		.ascii	"waiting\000"
 2208      696E6700 
 2209              	.LASF108:
 2210 0207 6D61696E 		.ascii	"mainthread_base\000"
 2210      74687265 
 2210      61645F62 
 2210      61736500 
 2211              	.LASF113:
 2212 0217 6D757465 		.ascii	"mutex_t\000"
 2212      785F7400 
 2213              	.LASF134:
 2214 021f 616C6967 		.ascii	"align\000"
 2214      6E00
 2215              	.LASF62:
 2216 0225 73797369 		.ascii	"sysinterval_t\000"
 2216      6E746572 
 2216      76616C5F 
 2216      7400
 2217              	.LASF27:
 2218 0233 636E745F 		.ascii	"cnt_t\000"
 2218      7400
 2219              	.LASF0:
ARM GAS  C:\Users\angio\AppData\Local\Temp\ccwRbOv0.s 			page 43


 2220 0239 756E7369 		.ascii	"unsigned int\000"
 2220      676E6564 
 2220      20696E74 
 2220      00
 2221              	.LASF76:
 2222 0246 6C725F74 		.ascii	"lr_thd\000"
 2222      686400
 2223              	.LASF99:
 2224 024d 77747365 		.ascii	"wtsemp\000"
 2224      6D7000
 2225              	.LASF97:
 2226 0254 77747472 		.ascii	"wttrp\000"
 2226      7000
 2227              	.LASF30:
 2228 025a 72717565 		.ascii	"rqueue\000"
 2228      756500
 2229              	.LASF66:
 2230 0261 63685F71 		.ascii	"ch_queue_t\000"
 2230      75657565 
 2230      5F7400
 2231              	.LASF32:
 2232 026c 6E616D65 		.ascii	"name\000"
 2232      00
 2233              	.LASF89:
 2234 0271 71756575 		.ascii	"queue\000"
 2234      6500
 2235              	.LASF42:
 2236 0277 6D706F6F 		.ascii	"mpool\000"
 2236      6C00
 2237              	.LASF125:
 2238 027d 73697A65 		.ascii	"size\000"
 2238      00
 2239              	.LASF79:
 2240 0282 62617365 		.ascii	"basepri\000"
 2240      70726900 
 2241              	.LASF63:
 2242 028a 63685F6C 		.ascii	"ch_list_t\000"
 2242      6973745F 
 2242      7400
 2243              	.LASF44:
 2244 0294 63685F74 		.ascii	"ch_thread\000"
 2244      68726561 
 2244      6400
 2245              	.LASF25:
 2246 029e 6D73675F 		.ascii	"msg_t\000"
 2246      7400
 2247              	.LASF39:
 2248 02a4 6570656E 		.ascii	"epending\000"
 2248      64696E67 
 2248      00
 2249              	.LASF136:
 2250 02ad 62706167 		.ascii	"bpages\000"
 2250      657300
 2251              	.LASF21:
 2252 02b4 746D6F64 		.ascii	"tmode_t\000"
 2252      655F7400 
 2253              	.LASF64:
ARM GAS  C:\Users\angio\AppData\Local\Temp\ccwRbOv0.s 			page 44


 2254 02bc 63685F6C 		.ascii	"ch_list\000"
 2254      69737400 
 2255              	.LASF104:
 2256 02c4 63685F72 		.ascii	"ch_ready_list\000"
 2256      65616479 
 2256      5F6C6973 
 2256      7400
 2257              	.LASF26:
 2258 02d2 6576656E 		.ascii	"eventmask_t\000"
 2258      746D6173 
 2258      6B5F7400 
 2259              	.LASF9:
 2260 02de 5F5F696E 		.ascii	"__int32_t\000"
 2260      7433325F 
 2260      7400
 2261              	.LASF80:
 2262 02e8 6C725F65 		.ascii	"lr_exc\000"
 2262      786300
 2263              	.LASF20:
 2264 02ef 73746B61 		.ascii	"stkalign_t\000"
 2264      6C69676E 
 2264      5F7400
 2265              	.LASF138:
 2266 02fa 63684865 		.ascii	"chHeapObjectInit\000"
 2266      61704F62 
 2266      6A656374 
 2266      496E6974 
 2266      00
 2267              	.LASF110:
 2268 030b 69646C65 		.ascii	"idlethread_base\000"
 2268      74687265 
 2268      61645F62 
 2268      61736500 
 2269              	.LASF86:
 2270 031b 6C617374 		.ascii	"laststamp\000"
 2270      7374616D 
 2270      7000
 2271              	.LASF41:
 2272 0325 7265616C 		.ascii	"realprio\000"
 2272      7072696F 
 2272      00
 2273              	.LASF53:
 2274 032e 72666375 		.ascii	"rfcu_mask_t\000"
 2274      5F6D6173 
 2274      6B5F7400 
 2275              	.LASF91:
 2276 033a 74687265 		.ascii	"thread_reference_t\000"
 2276      61645F72 
 2276      65666572 
 2276      656E6365 
 2276      5F7400
 2277              	.LASF83:
 2278 034d 63685F76 		.ascii	"ch_virtual_timers_list\000"
 2278      69727475 
 2278      616C5F74 
 2278      696D6572 
 2278      735F6C69 
ARM GAS  C:\Users\angio\AppData\Local\Temp\ccwRbOv0.s 			page 45


 2279              	.LASF2:
 2280 0364 6C6F6E67 		.ascii	"long double\000"
 2280      20646F75 
 2280      626C6500 
 2281              	.LASF107:
 2282 0370 63685F6F 		.ascii	"ch_os_instance_config\000"
 2282      735F696E 
 2282      7374616E 
 2282      63655F63 
 2282      6F6E6669 
 2283              	.LASF81:
 2284 0386 706F7274 		.ascii	"port_context\000"
 2284      5F636F6E 
 2284      74657874 
 2284      00
 2285              	.LASF75:
 2286 0393 706F7274 		.ascii	"port_extctx\000"
 2286      5F657874 
 2286      63747800 
 2287              	.LASF71:
 2288 039f 7072696F 		.ascii	"prio\000"
 2288      00
 2289              	.LASF105:
 2290 03a4 63757272 		.ascii	"current\000"
 2290      656E7400 
 2291              	.LASF13:
 2292 03ac 5F5F7569 		.ascii	"__uint64_t\000"
 2292      6E743634 
 2292      5F7400
 2293              	.LASF122:
 2294 03b7 75736564 		.ascii	"used\000"
 2294      00
 2295              	.LASF28:
 2296 03bc 636F7265 		.ascii	"core_id_t\000"
 2296      5F69645F 
 2296      7400
 2297              	.LASF23:
 2298 03c6 74726566 		.ascii	"trefs_t\000"
 2298      735F7400 
 2299              	.LASF24:
 2300 03ce 74707269 		.ascii	"tprio_t\000"
 2300      6F5F7400 
 2301              	.LASF57:
 2302 03d6 63685F73 		.ascii	"ch_system_debug\000"
 2302      79737465 
 2302      6D5F6465 
 2302      62756700 
 2303              	.LASF114:
 2304 03e6 5F426F6F 		.ascii	"_Bool\000"
 2304      6C00
 2305              	.LASF16:
 2306 03ec 696E7433 		.ascii	"int32_t\000"
 2306      325F7400 
 2307              	.LASF6:
 2308 03f4 756E7369 		.ascii	"unsigned char\000"
 2308      676E6564 
 2308      20636861 
ARM GAS  C:\Users\angio\AppData\Local\Temp\ccwRbOv0.s 			page 46


 2308      7200
 2309              	.LASF142:
 2310 0402 68656170 		.ascii	"heap_header\000"
 2310      5F686561 
 2310      64657200 
 2311              	.LASF56:
 2312 040e 72666375 		.ascii	"rfcu_t\000"
 2312      5F7400
 2313              	.LASF7:
 2314 0415 73686F72 		.ascii	"short int\000"
 2314      7420696E 
 2314      7400
 2315              	.LASF85:
 2316 041f 6C617374 		.ascii	"lasttime\000"
 2316      74696D65 
 2316      00
 2317              	.LASF77:
 2318 0428 78707372 		.ascii	"xpsr\000"
 2318      00
 2319              	.LASF101:
 2320 042d 65776D61 		.ascii	"ewmask\000"
 2320      736B00
 2321              	.LASF135:
 2322 0434 5F5F6675 		.ascii	"__func__\000"
 2322      6E635F5F 
 2322      00
 2323              	.LASF8:
 2324 043d 73686F72 		.ascii	"short unsigned int\000"
 2324      7420756E 
 2324      7369676E 
 2324      65642069 
 2324      6E7400
 2325              	.LASF127:
 2326 0450 746F7461 		.ascii	"totalp\000"
 2326      6C7000
 2327              	.LASF102:
 2328 0457 63685F73 		.ascii	"ch_semaphore\000"
 2328      656D6170 
 2328      686F7265 
 2328      00
 2329              	.LASF90:
 2330 0464 72656769 		.ascii	"registry_t\000"
 2330      73747279 
 2330      5F7400
 2331              	.LASF130:
 2332 046f 74706167 		.ascii	"tpages\000"
 2332      657300
 2333              	.LASF17:
 2334 0476 75696E74 		.ascii	"uint32_t\000"
 2334      33325F74 
 2334      00
 2335              	.LASF143:
 2336 047f 5F5F6865 		.ascii	"__heap_init\000"
 2336      61705F69 
 2336      6E697400 
 2337              	.LASF19:
 2338 048b 706F7274 		.ascii	"port_stkalign_t\000"
ARM GAS  C:\Users\angio\AppData\Local\Temp\ccwRbOv0.s 			page 47


 2338      5F73746B 
 2338      616C6967 
 2338      6E5F7400 
 2339              	.LASF31:
 2340 049b 6F776E65 		.ascii	"owner\000"
 2340      7200
 2341              	.LASF82:
 2342 04a1 72656773 		.ascii	"regs\000"
 2342      00
 2343              	.LASF124:
 2344 04a6 68656170 		.ascii	"heap\000"
 2344      00
 2345              	.LASF12:
 2346 04ab 6C6F6E67 		.ascii	"long unsigned int\000"
 2346      20756E73 
 2346      69676E65 
 2346      6420696E 
 2346      7400
 2347              	.LASF33:
 2348 04bd 77616261 		.ascii	"wabase\000"
 2348      736500
 2349              	.LASF129:
 2350 04c4 64656661 		.ascii	"default_heap\000"
 2350      756C745F 
 2350      68656170 
 2350      00
 2351              	.LASF59:
 2352 04d1 63686172 		.ascii	"char\000"
 2352      00
 2353              	.LASF51:
 2354 04d6 636F6E66 		.ascii	"config\000"
 2354      696700
 2355              	.LASF139:
 2356 04dd 474E5520 		.ascii	"GNU C17 10.3.1 20210824 (release) -mcpu=cortex-m4 -"
 2356      43313720 
 2356      31302E33 
 2356      2E312032 
 2356      30323130 
 2357 0510 6D746875 		.ascii	"mthumb -mfloat-abi=soft -march=armv7e-m -ggdb -O0 -"
 2357      6D62202D 
 2357      6D666C6F 
 2357      61742D61 
 2357      62693D73 
 2358 0543 666F6D69 		.ascii	"fomit-frame-pointer -falign-functions=16 -ffunction"
 2358      742D6672 
 2358      616D652D 
 2358      706F696E 
 2358      74657220 
 2359 0576 2D736563 		.ascii	"-sections -fdata-sections -fno-common -flto\000"
 2359      74696F6E 
 2359      73202D66 
 2359      64617461 
 2359      2D736563 
 2360              	.LASF29:
 2361 05a2 74687265 		.ascii	"thread_t\000"
 2361      61645F74 
 2361      00
ARM GAS  C:\Users\angio\AppData\Local\Temp\ccwRbOv0.s 			page 48


 2362              	.LASF132:
 2363 05ab 63684865 		.ascii	"chHeapStatus\000"
 2363      61705374 
 2363      61747573 
 2363      00
 2364              	.LASF84:
 2365 05b8 646C6973 		.ascii	"dlist\000"
 2365      7400
 2366              	.LASF61:
 2367 05be 73797374 		.ascii	"systime_t\000"
 2367      696D655F 
 2367      7400
 2368              	.LASF120:
 2369 05c8 68656170 		.ascii	"heap_header_t\000"
 2369      5F686561 
 2369      6465725F 
 2369      7400
 2370              	.LASF100:
 2371 05d6 77746D74 		.ascii	"wtmtxp\000"
 2371      787000
 2372              	.LASF58:
 2373 05dd 70616E69 		.ascii	"panic_msg\000"
 2373      635F6D73 
 2373      6700
 2374              	.LASF93:
 2375 05e7 70717565 		.ascii	"pqueue\000"
 2375      756500
 2376              	.LASF45:
 2377 05ee 63685F6F 		.ascii	"ch_os_instance\000"
 2377      735F696E 
 2377      7374616E 
 2377      636500
 2378              	.LASF43:
 2379 05fd 6F735F69 		.ascii	"os_instance_t\000"
 2379      6E737461 
 2379      6E63655F 
 2379      7400
 2380              	.LASF48:
 2381 060b 7265676C 		.ascii	"reglist\000"
 2381      69737400 
 2382              	.LASF70:
 2383 0613 63685F70 		.ascii	"ch_priority_queue\000"
 2383      72696F72 
 2383      6974795F 
 2383      71756575 
 2383      6500
 2384              	.LASF133:
 2385 0625 63684865 		.ascii	"chHeapAllocAligned\000"
 2385      6170416C 
 2385      6C6F6341 
 2385      6C69676E 
 2385      656400
 2386              	.LASF109:
 2387 0638 6D61696E 		.ascii	"mainthread_end\000"
 2387      74687265 
 2387      61645F65 
 2387      6E6400
ARM GAS  C:\Users\angio\AppData\Local\Temp\ccwRbOv0.s 			page 49


 2388              	.LASF128:
 2389 0647 6C617267 		.ascii	"largestp\000"
 2389      65737470 
 2389      00
 2390              	.LASF112:
 2391 0650 6F735F69 		.ascii	"os_instance_config_t\000"
 2391      6E737461 
 2391      6E63655F 
 2391      636F6E66 
 2391      69675F74 
 2392              	.LASF103:
 2393 0665 63685F6D 		.ascii	"ch_mutex\000"
 2393      75746578 
 2393      00
 2394              	.LASF46:
 2395 066e 726C6973 		.ascii	"rlist\000"
 2395      7400
 2396              	.LASF15:
 2397 0674 75696E74 		.ascii	"uint8_t\000"
 2397      385F7400 
 2398              	.LASF35:
 2399 067c 666C6167 		.ascii	"flags\000"
 2399      7300
 2400              	.LASF96:
 2401 0682 77746F62 		.ascii	"wtobjp\000"
 2401      6A7000
 2402              	.LASF92:
 2403 0689 6C697374 		.ascii	"list\000"
 2403      00
 2404              	.LASF111:
 2405 068e 69646C65 		.ascii	"idlethread_end\000"
 2405      74687265 
 2405      61645F65 
 2405      6E6400
 2406              	.LASF40:
 2407 069d 6D74786C 		.ascii	"mtxlist\000"
 2407      69737400 
 2408              	.LASF119:
 2409 06a5 68656164 		.ascii	"header\000"
 2409      657200
 2410              	.LASF117:
 2411 06ac 6D656D6F 		.ascii	"memory_heap\000"
 2411      72795F68 
 2411      65617000 
 2412              		.text
 2413              		.section	.gnu.lto_.inline.1f2b6880,"e",%progbits
 2414 0000 789C6360 		.ascii	"x\234c`d\200\003V\006\006\216\006 `Jg``\002\261\016"
 2414      64800356 
 2414      06068E06 
 2414      20604A67 
 2414      606002B1 
 2415 0015 30A53230 		.ascii	"0\24520\26004\002\231uL\014L@%L\334@\202\221\201\231"
 2415      B0303402 
 2415      99754C0C 
 2415      4C40254C 
 2415      DC408291 
 2416 002b 4100A490 		.ascii	"A\000\244\220\031\244P\002\310X\300\234\206U\341\004"
ARM GAS  C:\Users\angio\AppData\Local\Temp\ccwRbOv0.s 			page 50


 2416      19A45002 
 2416      C858C09C 
 2416      8655E104 
 2417 003b 3F168667 		.ascii	"?\026\206g\014@\321\031LY@\261u\214@\346\003\246L\034"
 2417      0C40D119 
 2417      4C5940B1 
 2417      758C40E6 
 2417      03A64C1C 
 2418 004f 6AD16976 		.ascii	"j\321iva \315<\301o\202\037\320i\026@\365K@Z\231R@\346"
 2418      6120CD3C 
 2418      C16F821F 
 2418      D0691640 
 2418      F54B405A 
 2419 0067 31671030 		.ascii	"1g\0200\204\215A\032l\031P\035\223\026\230\225N@\007"
 2419      848D411A 
 2419      6C19501D 
 2419      93169895 
 2419      4E4007
 2420 007a 0300216D 		.ascii	"\003\000!m2\262"
 2420      32B2
 2421              		.text
 2422              		.section	.gnu.lto_.jmpfuncs.1f2b6880,"e",%progbits
 2423 0000 789C6362 		.ascii	"x\234cb@\006\000\000*\000\003"
 2423      40060000 
 2423      2A0003
 2424              		.text
 2425              		.section	.gnu.lto_.lto.1f2b6880,"e",%progbits
 2426 0000 09000400 		.ascii	"\011\000\004\000\001\000\000\000"
 2426      01000000 
 2427              		.text
 2428              		.section	.gnu.lto___heap_init.336.1f2b6880,"e",%progbits
 2429 0000 789C7591 		.ascii	"x\234u\221\277KBQ\024\307\317\367\035M\255\240\277 "
 2429      BF4B4251 
 2429      14C7CFF7 
 2429      1D4DADA0 
 2429      BF20
 2430 0012 2272094A 		.ascii	"\"r\011J\263\244\240U\304\245\037`\265\011a\366 \251"
 2430      B3A4A055 
 2430      C4A51F60 
 2430      B50961F6 
 2430      20A9
 2431 0024 307C45A3 		.ascii	"0|E\243/qj1\253\261\234^\341\326T\011\375\240\262\240"
 2431      2F716A31 
 2431      ABB19C5E 
 2431      E1D65409 
 2431      FDA0B2A0 
 2432 0038 1A5D5B82 		.ascii	"\032][\202\010Z\312hj\010\354\274WR\021^\356\205\363"
 2432      085ACA68 
 2432      6A08ECBC 
 2432      5752115E 
 2432      EE85F3
 2433 004b 3DF7DCCF 		.ascii	"=\367\334\317\367\336{\036A\244\022Q\273,b\302znU\241"
 2433      F7DE7B1E 
 2433      41A41251 
 2433      BB2C62C2 
 2433      7A6E55A1 
 2434 005f 6AB59AB2 		.ascii	"j\265\232\262)Xqc\037V\014J)Ha\203;u]\177\337\311\337"
ARM GAS  C:\Users\angio\AppData\Local\Temp\ccwRbOv0.s 			page 51


 2434      29587163 
 2434      1F560C4A 
 2434      29486183 
 2434      3B755D7F 
 2435 0076 95A017CE 		.ascii	"\225\240\027\316`0Q\236\2516\032jJ\230\264W\266\237"
 2435      6030519E 
 2435      A9361A6A 
 2435      4A98B457 
 2435      B69F
 2436 0088 E91FD5AC 		.ascii	"\351\037\325\254\256_=\340\271C\366\262l\202\255\321"
 2436      AE5F3DE0 
 2436      B943F6B2 
 2436      6C82ADD1 
 2437 0098 26156BAC 		.ascii	"&\025k\254\374H\320\013\322\233\253\225\355\344\026"
 2437      FC48D00B 
 2437      D29BAB95 
 2437      EDE416
 2438 00a7 639D0D96 		.ascii	"c\235\015\226\214D\031(\022\026\004*b\027d\260\202C"
 2438      8C441928 
 2438      1216042A 
 2438      621764B0 
 2438      8243
 2439 00b9 E000D423 		.ascii	"\340\000\324#\027yj1\230Q\304\266i\232AZ2\255\006\333"
 2439      17796A31 
 2439      9851C4B6 
 2439      699A415A 
 2439      32AD06DB 
 2440 00cd F22C74C1 		.ascii	"\362,t\301\275\025++\256:\220#\013\"\332\342\310C\354"
 2440      BD152B2B 
 2440      AE3A9023 
 2440      0B22DAE2 
 2440      C843EC
 2441 00e0 38160EA8 		.ascii	"8\026\016\250\226s\032\334\200\023I)D\337\332\201S\321"
 2441      96731ADC 
 2441      80134929 
 2441      44DFDA81 
 2441      53D1
 2442 00f2 8231EFE7 		.ascii	"\2021\357\347\370\366x\257\344\352y\234\377\367\270"
 2442      F8F678AF 
 2442      E4EA799C 
 2442      FFF7B8
 2443 0101 F8EF51FA 		.ascii	"\370\357Q\372\343\341\304\245h\333\227\207SJ_\221\271"
 2443      E3E1C4A5 
 2443      68DB9787 
 2443      534A5F91 
 2443      B9
 2444 0112 2F3BC8E2 		.ascii	"/;\310\342\273\362fe\035\267\353\337n\005\267\301\215"
 2444      BBF26665 
 2444      1DB7EBDF 
 2444      6E05B7C1 
 2444      8D
 2445 0123 B81194BD 		.ascii	"\270\021\224\275\3663\342\337\204[HG\015n\2467\244\357"
 2445      F633E2DF 
 2445      845B4847 
 2445      0D6EA637 
 2445      A4EF
 2446 0135 EF4256D7 		.ascii	"\357BV\327\262\214\337m!\352\017\014F\0023\361\251\370"
ARM GAS  C:\Users\angio\AppData\Local\Temp\ccwRbOv0.s 			page 52


 2446      B28CDF6D 
 2446      21EA0F0C 
 2446      460233F1 
 2446      A9F8
 2447 0147 D8E2D274 		.ascii	"\330\342\322t<\021YN$g\265\205hL\235\\\322\324d$<\336"
 2447      3C11594E 
 2447      2467B585 
 2447      684C9D5C 
 2447      D2D46424 
 2448 015d 3D363EDC 		.ascii	"=6>\334\327\033\362\017\370\303\301\356\221\211\300"
 2448      D71BF20F 
 2448      F8C3C1EE 
 2448      9189C0
 2449 016c 5070B4DF 		.ascii	"Pp\264\337O]\036\217Wf\314<\231\320z}>\2377\241\311"
 2449      4F5D1E8F 
 2449      5766CC3C 
 2449      99D07A7D 
 2449      3E9F37A1 
 2450 0181 9C8B4F79 		.ascii	"\234\213Oy\265dL6\346\325\371\0315\272\240yb\364\011"
 2450      B5644C36 
 2450      E6D5F919 
 2450      35BAA079 
 2450      62F409
 2451 0194 45ECBBB3 		.ascii	"E\354\273\263"
 2452              		.text
 2453              		.section	.gnu.lto_chHeapObjectInit.337.1f2b6880,"e",%progbits
 2454 0000 789C8553 		.ascii	"x\234\205S]HSa\030~\237\363\235\375\2719\273\310\256"
 2454      5D485361 
 2454      187E9FF3 
 2454      9DFDB939 
 2454      BBC8AE
 2455 0013 82BC897E 		.ascii	"\202\274\211~\310\231&&\335\212\004\321\017\250\335"
 2455      C8992626 
 2455      DD8A04D1 
 2455      0FA8DD
 2456 0022 49A173C3 		.ascii	"I\241s\303\321d\303%A7\036\235l\260,M\315+\333\305X"
 2456      D164C325 
 2456      41371E9D 
 2456      6CB02C4D 
 2456      CD2BDBC5 
 2457 0037 B1BA29A4 		.ascii	"\261\272)\244\237\331\257\024V\364\247\205F]\204\321"
 2457      9FD9AF14 
 2457      56F4A785 
 2457      465D84D1 
 2458 0047 8D815062 		.ascii	"\215\201Pb7B\306z\277s\266\334,\360p\366\355{\237\357"
 2458      3742C67A 
 2458      BF73B6DC 
 2458      2CF070F6 
 2458      ED7B9FEF 
 2459 005b 799EF7E7 		.ascii	"y\236\367\347\234S\254\022] \242r\376\221J\030\272\030"
 2459      9C53AC12 
 2459      5D20A272 
 2459      FE914A18 
 2459      BA18
 2460 006d 532893C9 		.ascii	"S(\223\311t\253\012\206y\217\307\320#\201\036U\337\200"
 2460      74AB0A86 
 2460      798FC7D0 
ARM GAS  C:\Users\angio\AppData\Local\Temp\ccwRbOv0.s 			page 53


 2460      23811E55 
 2460      DF80
 2461 007f BA15816E 		.ascii	"\272\025\201n\014\213]\232\246\255\\\211\237\233\202"
 2461      0C8B5D9A 
 2461      A6AD5C89 
 2461      9F9B82
 2462 008e 969A4452 		.ascii	"\226\232DR\020\305\005\031\327\230\300\220H\012@\315"
 2462      10C50519 
 2462      D798C090 
 2462      480A40CD 
 2463 009e EE1494F1 		.ascii	"\356\024\224\361Nxi\307\244\246\315\274Mk\232\215\222"
 2463      4E7869C7 
 2463      A4A6CDBC 
 2463      4D6B9A8D 
 2463      92
 2464 00af 42E02E58 		.ascii	"B\340.X\203;\300m\220\004\374?6K^\030\006q1KT1QHT\375"
 2464      833BC06D 
 2464      9004FC3F 
 2464      364B5E18 
 2464      0671314B 
 2465 00c9 BF746234 		.ascii	"\277tb4K\314d\211&\334/$\232\374\321R\275\036\321\017"
 2465      4BCC6489 
 2465      26DC2F24 
 2465      9AFCD152 
 2465      BD1ED10F 
 2466 00dd F9B79DD9 		.ascii	"\371\267\235\331K\375S1\347`\2175)\314x\230O'\362\017"
 2466      4BFD5331 
 2466      E7608F35 
 2466      29CC7898 
 2466      4F27F20F 
 2467 00f1 979A098F 		.ascii	"\227\232\011\217\220m\2051\205\243\224\240\033\357M"
 2467      906D8531 
 2467      85A394A0 
 2467      1BEF4D
 2468 0100 93DA6A66 		.ascii	"\223\332jf@\323\346w\236\177\272p\011\245`w\213\"\027"
 2468      40D3E677 
 2468      9E7FBA70 
 2468      09A56077 
 2468      8B2217
 2469 0113 21179EDD 		.ascii	"!\027\236\335\003\230\2014,\300=X\245\213\015\214\025"
 2469      03988134 
 2469      2CC03D58 
 2469      A58B0D8C 
 2469      15
 2470 0124 F1A9D52E 		.ascii	"\361\251\325.)\016\271\024\313\305\311\213\215h@\310"
 2470      290EB914 
 2470      CBC5C98B 
 2470      8D6840C8 
 2471 0134 51EBD736 		.ascii	"Q\353\3276N5(\224\265\020\364\035\275\253\321\205\324"
 2471      4E352894 
 2471      B510F41D 
 2471      BDABD185 
 2471      D4
 2472 0145 4D2404DF 		.ascii	"M$\004\337\026\216\303c\021\336)\011c\246\026\350\330"
 2472      168EC363 
 2472      11DE2909 
 2472      63A616E8 
ARM GAS  C:\Users\angio\AppData\Local\Temp\ccwRbOv0.s 			page 54


 2472      D8
 2473 0156 689431C1 		.ascii	"h\2241\301\260\201\255\260\272\304\320\3161\323\312"
 2473      B081ADB0 
 2473      BAC4D0CE 
 2473      31D3CA
 2474 0165 6724AD45 		.ascii	"g$\255E\241u\370Vd\376\332\010+\213t\216\305P|f\300"
 2474      A175F856 
 2474      64FEDA08 
 2474      2B8B748E 
 2474      C5507C66 
 2475 017a CE9824C4 		.ascii	"\316\230$\304#S\034\251\011acL\036/\257L\217\233\262"
 2475      23531CA9 
 2475      0961634C 
 2475      1E2FAF4C 
 2475      8F9BB2
 2476 018d CF53E8C3 		.ascii	"\317S\350\303\274\012~\005R\216\24441\343\011h/\307"
 2476      BC0A7E05 
 2476      528EA434 
 2476      31E30968 
 2476      2FC7
 2477 019f 3C563B9E 		.ascii	"<V;\236\342\262L+\251v\356\214\325\243\023\263\011K"
 2477      E2B24C2B 
 2477      A976EE8C 
 2477      D5A313B3 
 2477      094B
 2478 01b1 4EF30D6B 		.ascii	"N\363\015k\032\306\2622\007\236\261\014\224\007\025"
 2478      1AC6B232 
 2478      079EB10C 
 2478      940715
 2479 01c0 E339430A 		.ascii	"\3439C\012\345\234\315x\3011[s\325FM\263\343\033\272"
 2479      E59CCD78 
 2479      C1315B73 
 2479      D5464DB3 
 2479      E31BBA
 2480 01d3 BEFCD7F5 		.ascii	"\276\374\327\365U\201\253\011\2579V\215zMF\275\313\351"
 2480      5581AB09 
 2480      AF39568D 
 2480      7A4D46BD 
 2480      CBE9
 2481 01e5 B9AF22DB 		.ascii	"\271\257\"\333\255y\255[\231\303\301\3111\215\002\303"
 2481      AD79AD5B 
 2481      99C3C1C9 
 2481      318D02C3 
 2482 01f5 997565BE 		.ascii	"\231ue\2763\312\2244\375\271\315_?\221\220B\325H\221"
 2482      33CA9434 
 2482      FDB9CD5F 
 2482      3F919042 
 2482      D54891
 2483 0208 7B4AE174 		.ascii	"{J\341t\344\2159!\212\371\3148\320\273Z\212\375\306"
 2483      E48D3921 
 2483      8AF9CC38 
 2483      D0BB5A8A 
 2483      FDC6
 2484 021a 4609E7D6 		.ascii	"F\011\347\326u\360\301\350\200\275\244\303HlqwB8\377"
 2484      75F0C1E8 
 2484      80BDA4C3 
 2484      486C7177 
ARM GAS  C:\Users\angio\AppData\Local\Temp\ccwRbOv0.s 			page 55


 2484      4238FF
 2485 022d 9A6CFDDF 		.ascii	"\232l\375\337d\234\370\310\"\023Q_.\221\015\237\270"
 2485      649CF8C8 
 2485      2213515F 
 2485      2E910D9F 
 2485      B8
 2486 023e FB25F495 		.ascii	"\373%\364\2251\246$EI\\\016\216\215\222b\023-\243\367"
 2486      31A62445 
 2486      495C0E8E 
 2486      8D926213 
 2486      2DA3F7
 2487 0251 CBCF43FA 		.ascii	"\313\317C\372\367= \220\377\342\022\325\324\035h\256"
 2487      F73D2090 
 2487      FFE212D5 
 2487      D41D68AE 
 2488 0261 6BF7B5FA 		.ascii	"k\367\265\372\032Ow\265\371\002\315g\002\235\247B\301"
 2488      1A4F77B5 
 2488      F902CD67 
 2488      029DA742 
 2488      C1
 2489 0272 16B7E764 		.ascii	"\026\267\347dW\310\323\331\334\320T\336\330td_\325\301"
 2489      57C8D3D9 
 2489      DCD054DE 
 2489      D874645F 
 2489      D5C1
 2490 0284 EAFDD50D 		.ascii	"\352\375\325\015\365\345G\217\327\035\256?VSM{\\\256"
 2490      F5E5478F 
 2490      D71DAE3F 
 2490      56534D7B 
 2490      5CAE
 2491 0296 0ABEDD52 		.ascii	"\012\276\335R\031\010UUVVV\004B|\373}\255\025\241N7"
 2491      19085555 
 2491      56565604 
 2491      427CFB7D 
 2491      AD15A14E 
 2492 02ab 1F74783A 		.ascii	"\037tx:\332=-\301\220\313M&\271\011n\311\307\\m\265"
 2492      DA3D2DC1 
 2492      90CB4D26 
 2492      B9096EC9 
 2492      C75C6DB5 
 2493 02bf 5E4F4BAD 		.ascii	"^OK\255\267\215Dk\227W\015\371\316z\224\366\340\037"
 2493      B78D446B 
 2493      97570DF9 
 2493      CE7A94F6 
 2493      E01F
 2494 02d1 000B7841 		.ascii	"\000\013xA"
 2495              		.text
 2496              		.section	.gnu.lto_chHeapAllocAligned.338.1f2b6880,"e",%progbits
 2497 0000 789C8D58 		.ascii	"x\234\215X{P\225\307\025\377\316\267\367\305\353\362"
 2497      7B5095C7 
 2497      15FFCEB7 
 2497      F7C5EBF2 
 2498 0010 B8BC3426 		.ascii	"\270\2744&\242H\214\211\274\024E\215F\023\304Lf\264"
 2498      A2488C89 
 2498      BC14458D 
 2498      4613C44C 
 2498      66B4
ARM GAS  C:\Users\angio\AppData\Local\Temp\ccwRbOv0.s 			page 56


 2499 0022 55A47F64 		.ascii	"U\244\177dt\352 \217\310\024+\225d\332\351?~\010B\206"
 2499      74EA208F 
 2499      C8142B95 
 2499      64DAE93F 
 2499      7E084286 
 2500 0036 A40A6820 		.ascii	"\244\012h \032\240\311\007&h\03314\235B\260\204\224"
 2500      1AA0C907 
 2500      26681B31 
 2500      349D42B0 
 2500      8494
 2501 0048 289AB634 		.ascii	"(\232\26641cL\033\221L\324H\022\023\257\246d %\322s"
 2501      31634C1B 
 2501      914CD448 
 2501      1213AFA6 
 2501      642025D2 
 2502 005d 76BFEF72 		.ascii	"v\277\357r\357^\352\355\035\\\366\234\375\235\337y\354"
 2502      EF5EEAED 
 2502      1D5CF69C 
 2502      FD9DDF79 
 2502      EC
 2503 006e D9BD8B99 		.ascii	"\331\275\213\231Q\212\322\241\340?\300a\206\002\365"
 2503      518AD2A1 
 2503      E03FC061 
 2503      8602F5
 2504 007d 7535AA32 		.ascii	"u5\252299\271\307\242\302A\234\303i\340\022S+\353B\370"
 2504      3939B9C7 
 2504      A2C2419C 
 2504      C369E012 
 2504      532BEB42 
 2505 0092 6C5F9D93 		.ascii	"l_\235\223\377\266\300\013\036\254U\255\252{\316\203"
 2505      FFB6C00B 
 2505      1EAC55AD 
 2505      AA7BCE83 
 2506 00a2 AD361036 		.ascii	"\2556\0206h\364 \354\360\273z\375\326\363\257\2553A"
 2506      68F420EC 
 2506      F0BB7AFD 
 2506      D6F3AFAD 
 2506      3341
 2507 00b4 0EF5706D 		.ascii	"\016\365pm\247\230\036\257\375LL\202\324#~\272`\365"
 2507      A7981EAF 
 2507      FD4C4C82 
 2507      D4237EBA 
 2507      60F5
 2508 00c6 2553D762 		.ascii	"%S\327b\352B\324\246\332\3169pVH\315\246:\024\232\353"
 2508      EA42D4A6 
 2508      DACE3970 
 2508      5648CDA6 
 2508      3A149AEB 
 2509 00da F539C25F 		.ascii	"\3659\302_\030\034\303\271\351\314\251\376\326$i7\321"
 2509      181CC3B9 
 2509      E9CCA9FE 
 2509      D6246937 
 2509      D1
 2510 00eb E18410D3 		.ascii	"\341\204\020\323\010\016\026\206\221\320\205\201N\016"
 2510      080E1686 
 2510      91D08581 
 2510      4E0E
ARM GAS  C:\Users\angio\AppData\Local\Temp\ccwRbOv0.s 			page 57


 2511 00f9 3C6EDA46 		.ascii	"<n\332FQ\344\306\242K}\221\034\033+\2777\251\242\325"
 2511      51E4C6A2 
 2511      4B7D911C 
 2511      1B2BBF37 
 2511      A9A2D5
 2512 010c D74DFA0E 		.ascii	"\327M\372\016S\027\243\236\360\323\305\022\367\033'"
 2512      5317A39E 
 2512      F0D3C512 
 2512      F71B27
 2513 011b 82B810C7 		.ascii	"\202\270\020\307\035\365\234\263q)\036\312\035\302\007"
 2513      1DF59CB3 
 2513      71291ECA 
 2513      1DC207
 2514 012a 287B5466 		.ascii	"({Tf\261\332\354\216\240\340\220\3200gxDd\224+:&6.\036"
 2514      B1DAEC8E 
 2514      A0E090D0 
 2514      30677844 
 2514      64942B3A 
 2515 0142 F6A82E65 		.ascii	"\366\250.e\352s\22051\250gmL\001\2131\003HX\320\247"
 2515      EA739035 
 2515      31A8676D 
 2515      4C018B31 
 2515      034858D0 
 2516 0157 6963475B 		.ascii	"icG[.]\203\246\366>K\033S\225\026\004\374\021\340M\332"
 2516      2E5D83A6 
 2516      F63E4B1B 
 2516      53951604 
 2516      FC11E04D 
 2517 016c 610581AC 		.ascii	"a\005\201\254H\231\217\240\367\377\331\245iAJ\033c\360"
 2517      48998FA0 
 2517      F7FFD9A5 
 2517      69414A1B 
 2517      63F0
 2518 017e 27F0C2A0 		.ascii	"'\360\302\240\242\344\214\213p\025 \2007\015\240\005"
 2518      A2E48C8B 
 2518      70152080 
 2518      370DA005 
 2519 018e BA7D8196 		.ascii	"\272}\201\226\222\363\034\370\254\001\334_Q\255E\240"
 2519      92F31CF8 
 2519      AC01DC5F 
 2519      51AD45A0 
 2520 019e 4F2BF4F8 		.ascii	"O+\364\370\002\255%\227]\302\367~\240_I\210v_>]\345"
 2520      02AD2597 
 2520      5DC2F77E 
 2520      A05F4988 
 2520      765F3E5D 
 2521 01b3 AC2D7710 		.ascii	"\254-w\020\357\237\301'\310\222\347\243\011{h\012;\264"
 2521      EF9FC127 
 2521      C892E7A3 
 2521      097B680A 
 2521      3BB4
 2522 01c5 EF80C0DA 		.ascii	"\357\200\300\332\340m\011\253q\354\213\036\354\373\035"
 2522      E06D09AB 
 2522      71EC8B1E 
 2522      ECFB1D
 2523 01d4 146E0241 		.ascii	"\024n\002A\337\221\240\243<\332\227\246\240\307=\320"
 2523      DF91A0A3 
ARM GAS  C:\Users\angio\AppData\Local\Temp\ccwRbOv0.s 			page 58


 2523      3CDA97A6 
 2523      A0C73DD0 
 2524 01e4 7E09FAA5 		.ascii	"~\011\372\245\313\246\300\273\000\177\001\350\003\350"
 2524      CBA6C0BB 
 2524      007F01E8 
 2524      03E8
 2525 01f2 05AAA2A2 		.ascii	"\005\252\242\242\250d\3372\025\326\361\352\0323\205"
 2525      A864DF32 
 2525      15D6F1EA 
 2525      1A3385
 2526 0201 3312C1AB 		.ascii	"3\022\301\253\024\026r\014\200\202\375\242\224\274\302"
 2526      1416720C 
 2526      8082FDA2 
 2526      94BCC2
 2527 0210 C33C3A65 		.ascii	"\303<:e\3335\260\337L\351\234d\373\207h4|\017\015\317"
 2527      DB35B0DF 
 2527      4CE99C64 
 2527      FB876834 
 2527      7C0F0DCF 
 2528 0224 A26167B4 		.ascii	"\242ag\264aq\362r5\226\2672a:\213w\310\342o\206\253"
 2528      6171F272 
 2528      3596B732 
 2528      613A8B77 
 2528      C8E26F86 
 2529 0239 BE685406 		.ascii	"\276hT\006\223\273vP\222\264r\315=r\315\3752\234\325"
 2529      93BB7650 
 2529      92B472CD 
 2529      3D72CDFD 
 2529      329CD5
 2530 024c 706BEC30 		.ascii	"pk\3540\350k\252$\365\355\323\334\223\003\325\373\243"
 2530      E86BAA24 
 2530      F5EDD3DC 
 2530      9303D5FB 
 2530      A3
 2531 025d 793452BF 		.ascii	"y4R\277\370\024\241\235Q>\030\031\272\3528o\355\323"
 2531      F814A19D 
 2531      513E1819 
 2531      BAEA386F 
 2531      EDD3
 2532 026f 26260F68 		.ascii	"&&\017h\332\365\344\346\376o\217B\241\012\320\005\210"
 2532      DAF5E4E6 
 2532      FE6F8F42 
 2532      A10AD005 
 2532      88
 2533 0280 E8023B0D 		.ascii	"\350\002;\015\016\005NA\020\331\007+\310\020\202m\240"
 2533      0E054E41 
 2533      10D9072B 
 2533      C810826D 
 2533      A0
 2534 0291 86522F84 		.ascii	"\206R/\204\341\340p\322,\234\206\010\032\"i\210\242"
 2534      E1E070D2 
 2534      2C9C8608 
 2534      1A226988 
 2534      A2
 2535 02a2 C1858312 		.ascii	"\301\205\203\022M\263\030\232\305\322\020\207\203-\236"
 2535      4DB3189A 
 2535      C5D21087 
ARM GAS  C:\Users\angio\AppData\Local\Temp\ccwRbOv0.s 			page 59


 2535      832D9E
 2536 02b1 7433489C 		.ascii	"t3H\234I\303=\244\233E\303\2758\330\357\243a6A\022h"
 2536      49C33DA4 
 2536      9B45C3BD 
 2536      38D8EFA3 
 2536      61364112 
 2537 02c6 984390B9 		.ascii	"\230C\220\2714$\022d\036\015I\004\271\237\206\371$>"
 2537      34241264 
 2537      1E0D4904 
 2537      B99F86F9 
 2537      243E
 2538 02d8 40B30534 		.ascii	"@\263\0054<H\026\017\021x!\015\311$\246\320\220J\270"
 2538      3C48160F 
 2538      1178210D 
 2538      C924A6D0 
 2538      904AB8
 2539 02eb 349AA5D3 		.ascii	"4\232\245\323l\021\255.\246!\203\304%\264\260\224\304"
 2539      6C11AD2E 
 2539      A62183C4 
 2539      25B4B094 
 2539      C4
 2540 02fc 4C1A9691 		.ascii	"L\032\226\221n9\015+\210\364a\032V\022d\025\345\373"
 2540      6E390D2B 
 2540      88F4611A 
 2540      56126415 
 2540      E5FB
 2541 030e 082DACA6 		.ascii	"\010-\254\246\331\032\034\202\036\245\3411Z\315\002"
 2541      D91A1C82 
 2541      1EA5E131 
 2541      5ACD02
 2542 031d 2CD35AAA 		.ascii	",\323Z\252U6\300[\260N\301:?AU[\257`\3217P\3516R\351"
 2542      5536C05B 
 2542      B04EC13A 
 2542      3F41555B 
 2542      AF60D137 
 2543 0336 36D19043 		.ascii	"6\321\220C\342fZ\310\245\355~\222\266c\013\265\3126"
 2543      E2665AC8 
 2543      A5ED7E92 
 2543      B6630BB5 
 2543      CA36
 2544 0348 5AC82748 		.ascii	"Z\310'H\001\331*\312\001F\267\011\377\314\346\242:%"
 2544      01D92ACA 
 2544      0146B709 
 2544      FFCCE6A2 
 2544      3A25
 2545 035a 8252CB98 		.ascii	"\202R\313\230\267\370\005T\216\364w4\306b\367\350L\245"
 2545      B7F80554 
 2545      8EF47734 
 2545      C662F7E8 
 2545      4CA5
 2546 036c 8B8489CD 		.ascii	"\213\204\211\315G\240\305\033\370\015\354=Ts\375\304"
 2546      47A0C51B 
 2546      F80DEC3D 
 2546      5473FDC4 
 2547 037c 529DD1DD 		.ascii	"R\235\321\335S\011*\"\333\031\357\351W\001\275\007\303"
 2547      53092A22 
 2547      DB19EFE9 
ARM GAS  C:\Users\angio\AppData\Local\Temp\ccwRbOv0.s 			page 60


 2547      5701BD07 
 2547      C3
 2548 038d 79800F40 		.ascii	"y\200\017@\251\204\275\2326\342$\236\017A\360X%\207"
 2548      A984BD9A 
 2548      36E2249E 
 2548      0F41F058 
 2548      2587
 2549 039f 97FAAF34 		.ascii	"\227\372\2574\332t\226E\336\254\3301\370\371\036\354"
 2549      DA749645 
 2549      DEACD831 
 2549      F8F91EEC 
 2550 03af E89E5914 		.ascii	"\350\236Y\024\244\267\014\016\335pP7\3272\233\024\301"
 2550      A4B70C0E 
 2550      DD705037 
 2550      D7329B14 
 2550      C1
 2551 03c0 ED8F2754 		.ascii	"\355\217'T\235\255\025\206\016Nn\367\205T4U}\225\252"
 2551      9DAD1586 
 2551      0E4E6EF7 
 2551      85543455 
 2551      7D95AA
 2552 03d3 B3509D65 		.ascii	"\263P\235e\303\005\256\230\250\372;\246\266\016u\260"
 2552      C305AE98 
 2552      A8FA3BA6 
 2552      B60E75B0 
 2553 03e3 506431D0 		.ascii	"Pd1\320\205\336\303x\340\232\246a\343\007\353x8>\340"
 2553      85DEC378 
 2553      E09AA661 
 2553      E307EB78 
 2553      383EE0
 2554 03f6 B9A4094D 		.ascii	"\271\244\011M\010\\\204f:\366\225\006\304\001\037c6"
 2554      085C8466 
 2554      3AF69506 
 2554      C4011F63 
 2554      36
 2555 0407 6EA84C50 		.ascii	"n\250LPx\356\241-T'\244ica\202u\270\013\235>a\262\266"
 2555      78EEA12D 
 2555      5427A469 
 2555      63618275 
 2555      B80B9D3E 
 2556 041e 874F47EB 		.ascii	"\207OG\353\204O\220\026\014\332\366P:\317\227\200\347"
 2556      844F9016 
 2556      0CDAF650 
 2556      3ACF9780 
 2556      E7
 2557 042f EFC08258 		.ascii	"\357\300\202X)\377\265\266\226a3\177\207\224\377\251"
 2557      29FFB5B6 
 2557      9661337F 
 2557      8794FFA9 
 2558 043f F1810AA6 		.ascii	"\361\201\012\246\263\034\343\316\267\031\345'.\014\304"
 2558      B31CE3CE 
 2558      B719E527 
 2558      2E0CC4
 2559 044e A9B320B8 		.ascii	"\251\263 \270\354\355/\034\206\321\237\252(\206l\203"
 2559      ECED2F1C 
 2559      86D19FAA 
 2559      28866C83 
ARM GAS  C:\Users\angio\AppData\Local\Temp\ccwRbOv0.s 			page 61


 2560 045e 4F51A6BC 		.ascii	"OQ\246\274\220l\242\372b\367\257t\262\312\021\205\303"
 2560      906CA2FA 
 2560      62F7AF74 
 2560      B2CA1185 
 2560      C3
 2561 046f 3285EB0C 		.ascii	"2\205\353\014\003qz\344\010T\211:\356u\223\034\211\353"
 2561      03717AE4 
 2561      0854893A 
 2561      EE75931C 
 2561      89EB
 2562 0481 B4D8508D 		.ascii	"\264\330P\215B\024_\217\024\340\037p\003]\250\023\337"
 2562      42145F8F 
 2562      14E01F70 
 2562      035DA813 
 2562      DF
 2563 0492 4A631873 		.ascii	"Jc\030s\270pB\325\337\214k<\376\356\301\012\253\316"
 2563      B87042D5 
 2563      DF8C6B3C 
 2563      FEEEC10A 
 2563      ABCE
 2564 04a4 A2BD6A4F 		.ascii	"\242\275jO\356\345\240\257\370\004m\201\253([x\320\""
 2564      EEE5A0AF 
 2564      F8046D81 
 2564      AB285B78 
 2564      D022
 2565 04b6 AA18A480 		.ascii	"\252\030\244\2004\022O\222\030\213\032\341\226\307\326"
 2565      34124F92 
 2565      188B1AE1 
 2565      96C7D6
 2566 04c5 49BA38A4 		.ascii	"I\2728\244\305\025j\267O\372\267\363\010\342\214\266"
 2566      C5156AB7 
 2566      4FFAB7F3 
 2566      08E28CB6 
 2567 04d5 0EF22A2A 		.ascii	"\016\362**PP\307\222u\026\037 \244\353RH#RH3\220\302"
 2567      5050C792 
 2567      75161F20 
 2567      A4EB5248 
 2567      23524833 
 2568 04eb 2BA499A8 		.ascii	"+\244\231\250\201\317\301\023\316=<\234\231\036y\026"
 2568      81CFC113 
 2568      CE3D3C9C 
 2568      991E7916 
 2569 04fb 4664ACBF 		.ascii	"Fd\254\277I\362\275\0342\213\344\177\221|\037\252(%"
 2569      49F2BD1C 
 2569      328BE47F 
 2569      917C1FAA 
 2569      2825
 2570 050d 3B4F09AB 		.ascii	";O\011\253\210\272\331\250\026\307\347;\321\320\263"
 2570      88BAD9A8 
 2570      16C7E73B 
 2570      D1D0B3
 2571 051c 8D8482A5 		.ascii	"\215\204\202\245\3635\324\337\332<\223\247\234c B\344"
 2571      F335D4DF 
 2571      DA3C93A7 
 2571      9C632042 
 2571      E4
 2572 052d 3EEAFEA8 		.ascii	">\352\376\2505\011\277bt\226\020 \357\257\244\274oH"
ARM GAS  C:\Users\angio\AppData\Local\Temp\ccwRbOv0.s 			page 62


 2572      3509BF62 
 2572      74961020 
 2572      EFAFA4BC 
 2572      6F48
 2573 053f 79CF410A 		.ascii	"y\317A\012\257\274\347\242\306;\357D\236\367\\\217<"
 2573      AFBCE7A2 
 2573      C63BEF44 
 2573      9EF75C8F 
 2573      3C
 2574 0550 4FCA3B89 		.ascii	"O\312;\211C\346y\362\276\037U\360%\210\234O\343Y\177"
 2574      43E679F2 
 2574      BE1F55F0 
 2574      25889C4F 
 2574      E3597F
 2575 0563 1275C2FA 		.ascii	"\022u\302\372\346[?\325\331|\012\321\313\376\001\236"
 2575      E65B3FD5 
 2575      D97C0AD1 
 2575      CBFE019E 
 2576 0573 E67C8FFD 		.ascii	"\346|\217\375\002Ty\354Q~\020U\274yk\276V\315LGB\247"
 2576      025479EC 
 2576      517E1055 
 2576      BC796BBE 
 2576      56CD4C47 
 2577 0589 4FF51B29 		.ascii	"O\365\033)\325\233\"U$\021E\355i\236\305\343Yg\0245"
 2577      D59B2255 
 2577      241145ED 
 2577      699EC5E3 
 2577      59671435 
 2578 059d D4EFE619 		.ascii	"\324\357\346\031\356\371\336\002\177E\267\017!\312\253"
 2578      EEF9DE02 
 2578      7F45B70F 
 2578      21CAAB
 2579 05ac 2A0B51E3 		.ascii	"*\013Q\343\251\312(*\266\360\260\351:\252h\251\272\336"
 2579      A9CA282A 
 2579      B6F0B0E9 
 2579      3AAA68A9 
 2579      BADE
 2580 05be 538FAA64 		.ascii	"S\217\252d\203\233\023]\300C\222\202:j\001\013= \305"
 2580      839B135D 
 2580      C0439282 
 2580      3A6A010B 
 2580      3D20C5
 2581 05d1 6172D7FC 		.ascii	"ar\327\3740\225\2058\360[\344,nKY|kf\221\".\220\341"
 2581      30958538 
 2581      F05BE42C 
 2581      6E4B597C 
 2581      6B669122 
 2582 05e8 0A3CA8A9 		.ascii	"\012<\250\251\001v}T\2725\276\233\2725\3345\243\001"
 2582      01767D54 
 2582      BA35BE9B 
 2582      BA35DC35 
 2582      A301
 2583 05fa 631893CC 		.ascii	"c\030\223\314\307\2059\372%\206\206\356\253W\254\022"
 2583      C78539FA 
 2583      258686EE 
 2583      AB57AC12 
 2584 060a 855F04FF 		.ascii	"\205_\004\377\221(&L\212-\274\366aRC7\214_\353O\344"
ARM GAS  C:\Users\angio\AppData\Local\Temp\ccwRbOv0.s 			page 63


 2584      9128264C 
 2584      8A2DBCF6 
 2584      61524337 
 2584      8C5FEB4F 
 2585 061f 0DBD0D4B 		.ascii	"\015\275\015K\313!N\277\236\277\361a\"\377\232K\013"
 2585      CB214EBF 
 2585      9EBFF161 
 2585      22FF9A4B 
 2585      0B
 2586 0630 90FD1DA9 		.ascii	"\220\375\035\251\204\223F\317\363\357\312\335\374\350"
 2586      849346CF 
 2586      F3EFCADD 
 2586      FCE8
 2587 063e A5193D10 		.ascii	"\245\031=\020\356\347\344k\252oz\000\017\345\252ov{"
 2587      EEE7E46B 
 2587      AA6F7A00 
 2587      0FE5AA6F 
 2587      767B
 2588 0650 D5BBD5D7 		.ascii	"\325\273\325\327\357R\257\224\314\367\251Fq\322yP\021"
 2588      EF52AF94 
 2588      CCF7A946 
 2588      71D27950 
 2588      11
 2589 0661 7E8D39D0 		.ascii	"~\2159\320;f\001\272\210\027\3716\346b\324\3704f.?\257"
 2589      3B6601BA 
 2589      8817F936 
 2589      E662D4F8 
 2589      34662E3F 
 2590 0676 8B45ABFC 		.ascii	"\213E\253\374\233R\311\010\220J\265\024\313\263wM%W"
 2590      9B52C908 
 2590      904AB514 
 2590      CBB3774D 
 2590      2557
 2591 0688 36AF91CC 		.ascii	"6\257\221\314\2373S\311\020\345\034=\2101,\011\020\303"
 2591      9F3353C9 
 2591      10E51C3D 
 2591      88312C09 
 2591      10C3
 2592 069a 6F54DF0D 		.ascii	"oT\337\015\333\257\372^R\370hY\342\225u&j\274/\251e"
 2592      DBAFFA5E 
 2592      52F86859 
 2592      E2957526 
 2592      6ABC2FA9 
 2593 06af 3CE94C8F 		.ascii	"<\351L\217\274\234\342\364\272dVp\310r\317%\3630\252"
 2593      BC9CE2F4 
 2593      BA645670 
 2593      C872CF25 
 2593      F330AA
 2594 06c2 BC2F9995 		.ascii	"\274/\231\225\250\372\037\307\323/\337Z)\324:\3258\236"
 2594      A8FA1FC7 
 2594      D32FDF5A 
 2594      29D43AD5 
 2594      389E
 2595 06d4 2B451B8F 		.ascii	"+E\033\217\372\035\015\277\335?(\225\354\220Y\262\\"
 2595      FA1D0DBF 
 2595      DD3F2895 
 2595      EC9059B2 
ARM GAS  C:\Users\angio\AppData\Local\Temp\ccwRbOv0.s 			page 64


 2595      5C
 2596 06e5 BEFB9152 		.ascii	"\276\373\221RK\036\351\236\300\273\3764xh\031\247\015"
 2596      4B1EE99E 
 2596      C0BBFE34 
 2596      786819A7 
 2596      0D
 2597 06f6 F6A58D80 		.ascii	"\366\245\215\200\006\244\261zE\326\210\262\215h\263"
 2597      06A4B17A 
 2597      45D688B2 
 2597      8D68B3
 2598 0705 39CBF844 		.ascii	"9\313\370D\2535\020\305a\037\012\006GP\266\023\205]"
 2598      AB3510C5 
 2598      611F0A06 
 2598      4750B613 
 2598      855D
 2599 0717 3C91AEAC 		.ascii	"<\221\256\254\326\331\252\000\357\256&Uzw5\253\322\273"
 2599      D6D9AA00 
 2599      EFAE2655 
 2599      7A7735AB 
 2599      D2BB
 2600 0729 4B25C655 		.ascii	"K%\306U\342\335\205\0336\3716\326?\237\242\301-\253"
 2600      E2DD851B 
 2600      36F936D6 
 2600      3F9FA2C1 
 2600      2DAB
 2601 073b 55B5B316 		.ascii	"U\265\263\026zN!\365\266\260\336q\267\203_\0129\341"
 2601      7A4E21F5 
 2601      B6B0DE71 
 2601      B7835F0A 
 2601      39E1
 2602 074d 776E7DEA 		.ascii	"wn}\352\340\207?'B\305\"E\311\367\307\3413\026\235\025"
 2602      E0873F27 
 2602      42C52245 
 2602      C9F7C7E1 
 2602      33169D15 
 2603 0761 886FCC5A 		.ascii	"\210o\314Z\346\362;\326gZ\361\335\365\210o\037\372\355"
 2603      E6F23BD6 
 2603      675AF1DD 
 2603      F5886F1F 
 2603      FAED
 2604 0773 CCCBD2CE 		.ascii	"\314\313\322\316\274b\234\005\2748\276\350/B{2\340\257"
 2604      BC629C05 
 2604      BC38BEE8 
 2604      2F427B32 
 2604      E0AF
 2605 0785 BD207C2A 		.ascii	"\275 |*\332{o\305\243\317\250\301\272<t\031\355\367"
 2605      DA7B6FC5 
 2605      A3CFA8C1 
 2605      BA3C7419 
 2605      EDF7
 2606 0797 D81E3887 		.ascii	"\330\0368\207\317\324\325\001\312\325*\227\253m\332"
 2606      CFD4D501 
 2606      CAD52A97 
 2606      AB6DDA
 2607 07a6 72AD369E 		.ascii	"r\2556\236\251\370\000{\027\023Y3\015\253A\031\011\257"
 2607      A9F8007B 
 2607      17135933 
ARM GAS  C:\Users\angio\AppData\Local\Temp\ccwRbOv0.s 			page 65


 2607      0DAB4119 
 2607      09AF
 2608 07b8 21A5C38C 		.ascii	"!\245\303\214\032\337\021k\350[(\322\363WA\214\337\233"
 2608      1ADF116B 
 2608      E85B28D2 
 2608      F357418C 
 2608      DF9B
 2609 07ca 74B012BF 		.ascii	"t\260\022\277\256\036"
 2609      AE1E
 2610 07d0 BD1BE571 		.ascii	"\275\033\345q\203\222\237\300!\334\205\307\360\036\022"
 2610      83929FC0 
 2610      21DC85C7 
 2610      F01E12
 2611 07df 5F6E0E8C 		.ascii	"_n\016\214\266*Ag\353\221B\341\013\016\370\010\332X"
 2611      B62A4167 
 2611      EB9142E1 
 2611      0B0EF808 
 2611      DA58
 2612 07f1 94F0DF7A 		.ascii	"\224\360\337z\024k\264\336\250\033z\217\225\356\266"
 2612      146BB4DE 
 2612      A81B7A8F 
 2612      95EEB6
 2613 0800 CEAA7FBC 		.ascii	"\316\252\177\274\227\241\263\015\004\372\314\350\367"
 2613      97A1B30D 
 2613      04FACCE8 
 2613      F7
 2614 080d 0B6D72A7 		.ascii	"\013mr\247n\220;\365u\251SO\370t\352\221\361\377\203"
 2614      6E903BF5 
 2614      75A9534F 
 2614      F874EA91 
 2614      F1FF83
 2615 0820 E2A4745E 		.ascii	"\342\244t^\336\3609/\015\335\027\257b\2417b\\fSb\364"
 2615      DEF0392F 
 2615      0DDD17AF 
 2615      62A13762 
 2615      5C665362 
 2616 0835 71F2DF33 		.ascii	"q\362\3373cCm\210\332\004)|9\336{\371\006\224\257Q\022"
 2616      63436D88 
 2616      DA04297C 
 2616      39DE7BF9 
 2616      0694AF51 
 2617 084a 91DD7DEA 		.ascii	"\221\335}\352\230\226\200\025q\211\377\210\340\237\333"
 2617      98968015 
 2617      7189FF88 
 2617      E09FDB
 2618 0859 806FA310 		.ascii	"\200o\243\020\336J!\330\375\221w&\307D{o\214\375\374"
 2618      DE4A21D8 
 2618      FD917726 
 2618      C7447B6F 
 2618      8CFDFC
 2619 086c 05FCB529 		.ascii	"\005\374\265)\256\267\261\030\377\364\203)F2[\232\265"
 2619      AEB7B118 
 2619      FFF48329 
 2619      46325B9A 
 2619      B5
 2620 087d 626BD68E 		.ascii	"bk\326\216\342\355\305\233\237~\246\240x\327\326_\356"
 2620      E2EDC59B 
ARM GAS  C:\Users\angio\AppData\Local\Temp\ccwRbOv0.s 			page 66


 2620      9F7EA6A0 
 2620      78D7D65F 
 2620      EE
 2621 088e DAFDB3B2 		.ascii	"\332\375\263\262\322\274\374\302m\317\224\025\356\336"
 2621      D2BCFCC2 
 2621      6DCF9415 
 2621      EEDE
 2622 089c 9A939BBC 		.ascii	"\232\223\233\2749w\303\342E\217gdf\344d'\377\350'Y\353"
 2622      3977C3E2 
 2622      458F6764 
 2622      66E46427 
 2622      FFE82759 
 2623 08b1 B37FBC34 		.ascii	"\263\177\2744CY\230\222\222\212?\371d\271\253lQzzz\352"
 2623      43599892 
 2623      928A3FF9 
 2623      64B9AB6C 
 2623      517A7A7A 
 2624 08c6 AE32FC29 		.ascii	"\2562\374))\336\236Z\266;\037\027v\026\356\334Q\230"
 2624      29DE9E5A 
 2624      B63B1F17 
 2624      7616EEDC 
 2624      5198
 2625 08d8 575A9692 		.ascii	"WZ\226\222\257XiR\032\353\255K)XVT\230\267\254\250@"
 2625      AF586952 
 2625      1AEBAD4B 
 2625      29585654 
 2625      98B7ACA8 
 2626 08ed B19415FF 		.ascii	"\261\224\025\377\272\320\232WR\374\324\317\255\245y"
 2626      BAD09A57 
 2626      52FCD4CF 
 2626      ADA579
 2627 08fc 4F1596B1 		.ascii	"O\025\226\261\274\035\245*\376\374\242\324\266\235+"
 2627      BC1DA52A 
 2627      FEFCA2D4 
 2627      B69D2B
 2628 090b D4A2527B 		.ascii	"\324\242R{q\321\323;KS\322\377\013\260\220\262\322"
 2628      71D1D33B 
 2628      4B53D2FF 
 2628      0BB090B2 
 2628      D2
 2629              		.text
 2630              		.section	.gnu.lto_chHeapFree.339.1f2b6880,"e",%progbits
 2631 0000 789C8556 		.ascii	"x\234\205Vkl\024U\024\276\347\336\235\355\276\273BC"
 2631      6B6C1455 
 2631      14BEE7DE 
 2631      9DEDBEBB 
 2631      4243
 2632 0012 29AFB640 		.ascii	")\257\266@\201B\273m\221 \361\2071!\304?\210\011\340"
 2632      8142BB6D 
 2632      9120F187 
 2632      3121C43F 
 2632      8809E0
 2633 0025 3F12524A 		.ascii	"?\022RJI+\222V*\361g\247P\212\256\232.\245\020\260\245"
 2633      492B9256 
 2633      2AF167A7 
 2633      508AAE9A 
 2633      2EA510B0 
ARM GAS  C:\Users\angio\AppData\Local\Temp\ccwRbOv0.s 			page 67


 2634 003a 269315AB 		.ascii	"&\223\025\253\230@P\024\020\025-\217`\240E#` <|  \002"
 2634      98405014 
 2634      10152D8F 
 2634      60A04523 
 2634      60203C7C 
 2635 0051 057C14C4 		.ascii	"\005|\024\304\256\347\334\231\235\235\231]\330fsz\317"
 2635      AEE7DC99 
 2635      9D9D995D 
 2635      D866737A 
 2635      CF
 2636 0062 F33BAF3B 		.ascii	"\363;\257;3\273\375\214E\031cc\001\311\023\014:6F9K"
 2636      33BBFD8C 
 2636      45196363 
 2636      01C9130C 
 2636      3A364639 
 2637 0077 2412CD2E 		.ascii	"$\022\315.\016\233\360\014_\201\344\004t\232\032\027"
 2637      0E9BF00C 
 2637      5F81E404 
 2637      749A1A17 
 2638 0087 6CB66814 		.ascii	"l\266h\024\276a\243_\236\3326\206\344\177\267)\351\211"
 2638      BE61A35F 
 2638      9EDA3686 
 2638      E47FB729 
 2638      E989
 2639 0099 FDAC1BE5 		.ascii	"\375\254\033\345\360m\261=\372qkR\346I\311L;/\177')"
 2639      F06DB13D 
 2639      FA716B52 
 2639      E649C94C 
 2639      3B2F7F27 
 2640 00ae EB4ACA7C 		.ascii	"\353J\312|\320\325\241\025\353\320~\336\035\333S\234"
 2640      D0D5A115 
 2640      EBD07EDE 
 2640      1DDB539C 
 2641 00be 84DE9E34 		.ascii	"\204\336\2364\011\300v\323$\010\357vhw\272n(I\253\020"
 2641      09C076D3 
 2641      2408EF76 
 2641      6877BA6E 
 2641      2849AB10 
 2642 00d2 A53E30E0 		.ascii	"\245>0\340\223L.\364\242v\347J\311\204\241\305%\017"
 2642      934C2EF4 
 2642      A276E74A 
 2642      C984A1C5 
 2642      250F
 2643 00e4 C09AB970 		.ascii	"\300\232\271p)\356\034\217\327\347\017\004C\271ah\346"
 2643      29EE1C8F 
 2643      D7E70F04 
 2643      43B96168 
 2643      E6
 2644 00f5 2E96FADB 		.ascii	".\226\372\333$JUU\035z\257\347\344qP{\017A\\0\326#\014"
 2644      244A5555 
 2644      1D7AAFE7 
 2644      E471507B 
 2644      0F415C30 
 2645 010c 65B7800E 		.ascii	"e\267\200\016\021\027\000.\343\304\241\010Ob\005\233"
 2645      1117002E 
 2645      E3C4A108 
 2645      4F62059B 
ARM GAS  C:\Users\angio\AppData\Local\Temp\ccwRbOv0.s 			page 68


 2646 011c 7A48554F 		.ascii	"zHUO\355\332\247\252^\026\027\002>\003\364\201O\001"
 2646      EDDAA7AA 
 2646      5E161702 
 2646      3E03F481 
 2646      4F01
 2647 012e F662B751 		.ascii	"\366b\267QPwu\204\364\026\315DK\320xp\340x4\024k\361"
 2647      50777584 
 2647      F416CD44 
 2647      4BD07870 
 2647      E0783414 
 2648 0144 C4850BF6 		.ascii	"\304\205\013\366[\255\031\253\213\216$\323\365`\332"
 2648      5BAD19AB 
 2648      8B8E24D3 
 2648      F560DA
 2649 0153 F65F7F53 		.ascii	"\366_\177S\267U\340s\207\355\360\010\262}\335\264=\365"
 2649      B755E073 
 2649      87EDF008 
 2649      B27DDDB4 
 2649      3DF5
 2650 0165 21255144 		.ascii	"!%QD\246_8L\357\216p3\370\022\340 \300\0010\212B\215"
 2650      A65F384C 
 2650      EF8E7033 
 2650      F812E020 
 2650      C001308A 
 2651 017b CB94F50A 		.ascii	"\313\224\365\012\266\353{\345\220\3720\321\256\252\267"
 2651      B6EB7BE5 
 2651      90FA30D1 
 2651      AEAAB7
 2652 018a E71FE8BE 		.ascii	"\347\037\350\276\341\253\022\344BE\271}D\374D\002Hr"
 2652      E1AB12E4 
 2652      4245B97D 
 2652      44FC4402 
 2652      4872
 2653 019c 82A40813 		.ascii	"\202\244\010\023\031\011\260\017\362\030\306\030\305"
 2653      1909B00F 
 2653      F218C618 
 2653      C5
 2654 01a9 304A3E6A 		.ascii	"0J>j\225\321D\012\210\214!2\226\334\306!\201\361D&\220"
 2654      95D1440A 
 2654      888C2132 
 2654      96DCC621 
 2654      81F14426 
 2655 01be AC904811 		.ascii	"\254\220H\021)\212\3514\221N\223\210L&RB\262)D\246\022"
 2655      298AE934 
 2655      914E9388 
 2655      4C265242 
 2655      B22944A6 
 2656 01d3 3B8DDC4A 		.ascii	";\215\334J\211L'\331\014\222\225\021)'\022!RA\212JJ"
 2656      894C27D9 
 2656      0C929511 
 2656      29271221 
 2656      52418A4A 
 2657 01e8 8DB17641 		.ascii	"\215\261vA+\"\377\012\201X\236b\201\305\204\260\262"
 2657      2B22FF0A 
 2657      81589E62 
 2657      81C584B0 
 2657      B2
ARM GAS  C:\Users\angio\AppData\Local\Temp\ccwRbOv0.s 			page 69


 2658 01f9 B760DD9E 		.ascii	"\267`\335\236\266\253'\003\232\310\323\304H}\300C\250"
 2658      B6AB2703 
 2658      9AC8D3C4 
 2658      487DC043 
 2658      A8
 2659 020a CB45CDDA 		.ascii	"\313E\315\332\203\373ow\012M\2142\006\256\310F\357\000"
 2659      83FB6F77 
 2659      0A4D8C32 
 2659      06AEC846 
 2659      EF00
 2660 021c DC916BC1 		.ascii	"\334\221k\301\270\360\240\017|-e\225(\302\011y\341\033"
 2660      B8F0A00F 
 2660      7C2D6595 
 2660      28C20979 
 2660      E11B
 2661 022e D84EAD35 		.ascii	"\330N\2555x\027\364!O\003\300`\235\321\004\301\004\215"
 2661      7817F421 
 2661      4F03C060 
 2661      9DD104C1 
 2661      048D
 2662 0240 60AE54B0 		.ascii	"`\256T\260\336\334\270\360!\014\034\261\006\363\300"
 2662      DEDCB8F0 
 2662      210C1CB1 
 2662      06F3C0
 2663 024f 5174E68C 		.ascii	"Qt\346\214\265J\233\000\341\037\003\246\347\365W\247"
 2663      B54A9B00 
 2663      E11F03A6 
 2663      E7F557A7 
 2664 025f A2096F32 		.ascii	"\242\011o2\200's2\307m\311\370\341[\344\205Lf]w\033"
 2664      80277332 
 2664      C76DC9F8 
 2664      E15BE485 
 2664      4C665D77 
 2665 0274 6884E9A5 		.ascii	"h\204\351\245T\334\220C\262\207m\227\372\317\240\330"
 2665      54DC9043 
 2665      B2876D97 
 2665      FACFA0D8 
 2666 0284 8F1A2823 		.ascii	"\217\032(#\234\301\350\331\376g\314\222!\023J\000Nb"
 2666      9CC1E8D9 
 2666      FE67CC92 
 2666      21134A00 
 2666      4E62
 2667 0296 549705A5 		.ascii	"T\227\005\245\037y\2051\214\243W}o\201&\002\226L\323"
 2667      1F798531 
 2667      8CA3577D 
 2667      6F812602 
 2667      964CD3
 2668 02a9 2B0DC229 		.ascii	"+\015\302)\364q\033\225\242 \007\276\303B\007\241\265"
 2668      F4711B95 
 2668      A22007BE 
 2668      C34207A1 
 2668      B5
 2669 02ba 08453C2E 		.ascii	"\010E<.B=\324D\014\023\027\271\230\177L\270\254#d\017"
 2669      423DD444 
 2669      0C1317B9 
 2669      987F4CB8 
 2669      AC23640F 
ARM GAS  C:\Users\angio\AppData\Local\Temp\ccwRbOv0.s 			page 70


 2670 02ce 208C7D15 		.ascii	" \214}\025\303]\005\232\020\241\213\037W\243\205b\037"
 2670      C35D059A 
 2670      10A18B1F 
 2670      57A38562 
 2670      1F
 2671 02df 32E67169 		.ascii	"2\346qi`\241&\362\315j\3623\367\374\007K\317\257\345"
 2671      60A126F2 
 2671      CD6AF233 
 2671      F7FC074B 
 2671      CFAFE5
 2672 02f2 51CF4F23 		.ascii	"Q\317O#\302uh\275\326\267L\023\210\223/\037\0061\341"
 2672      C27568BD 
 2672      D6B74C13 
 2672      88932F1F 
 2672      0631E1
 2673 0305 B60070D4 		.ascii	"\266\000p\324_\350\333\301\345\022\205\015\203\034\213"
 2673      5FE8DBC1 
 2673      E512850D 
 2673      831C8B
 2674 0314 8190431B 		.ascii	"\201\220C\033\376\004\227i\264}hag;\317\332\332\251"
 2674      FE049769 
 2674      B47D6861 
 2674      673BCFDA 
 2674      DAA9
 2675 0326 C08FC8E3 		.ascii	"\300\217\310\343R\353)\334~\177)F \027\035\303\343\250"
 2675      52EB29DC 
 2675      7E7F2946 
 2675      20171DC3 
 2675      E3A8
 2676 0338 12315A71 		.ascii	"\0221Zq|\005Y0\31690\316\2470\316\367\015\203,\243\300"
 2676      7C055930 
 2676      CE3930CE 
 2676      A730CEF7 
 2676      0D832CA3 
 2677 034d 80F0A641 		.ascii	"\200\360\246A$\016\343\356\215\311\002q\301\001q\321"
 2677      240EE3EE 
 2677      8DC90271 
 2677      C10171D1 
 2678 035d 80905B75 		.ascii	"\200\220[u\232\233c\020\231\227\352\262\303\375'\335"
 2678      9A9B6310 
 2678      9997EAB2 
 2678      C3FD27DD 
 2679 036d 1D7129C2 		.ascii	"\035q)\302\226\373\211\270\342\010\221\226\301/\216"
 2679      96FB89B8 
 2679      E2089196 
 2679      C12F8E
 2680 037c 10BF2643 		.ascii	"\020\277&C\344\3112\356\037\336\213\323\030\373\330"
 2680      E4C932EE 
 2680      1FDE8BD3 
 2680      18FBD8
 2681 038b 2B1480DF 		.ascii	"+\024\200\337\034\313}U_n\363\012\215\303\020PI\354"
 2681      1CCB7D55 
 2681      5F6EF30A 
 2681      8DC31050 
 2681      49EC
 2682 039d 6E62C7A3 		.ascii	"nb\307\243D\177\206x\364'\013\312&\310v\216\227\240"
 2682      447F8678 
ARM GAS  C:\Users\angio\AppData\Local\Temp\ccwRbOv0.s 			page 71


 2682      F4270BCA 
 2682      26C8768E 
 2682      97A0
 2683 03af 1FA04161 		.ascii	"\037\240Aa\026\310\337\035y\337\260.\300K2^\2411\033"
 2683      16C8DF1D 
 2683      79DFB02E 
 2683      C04B325E 
 2683      A1311B
 2684 03c2 9F7336F7 		.ascii	"\237s6\367\217\234\306\331\024=\002\201Q\370\233FxF"
 2684      8F9CC6D9 
 2684      143D0281 
 2684      51F89B46 
 2684      7846
 2685 03d4 E5DC32CB 		.ascii	"\345\3342\313\301\334\260\226\342,\271\015:r\273\223"
 2685      C1DCB096 
 2685      E22CB90D 
 2685      3A72BB93 
 2686 03e4 9AEA41AF 		.ascii	"\232\352A\257&&\332\335\213\235\356\367\034\335\374"
 2686      2626DADD 
 2686      8B9DEEF7 
 2686      1CDDFC
 2687 03f3 D3DACD9B 		.ascii	"\323\332\315\233x}&a\362\030\306l\357d\024Q?\375z}\203"
 2687      787D2661 
 2687      F218C66C 
 2687      EF641451 
 2687      3FFD7A7D 
 2688 0408 51785C69 		.ascii	"Qx\\i\377XK\033J>\206&\353[{\364\012v\246$K}\017\034"
 2688      FF584B1B 
 2688      4A3E8626 
 2688      EB5B7BF4 
 2688      0A76A624 
 2689 0420 F5FD6BAF 		.ascii	"\365\375k\257o\212\335\275\304\351\376\237\303}\330"
 2689      6F8ADDBD 
 2689      C4E9FE9F 
 2689      C37DD8
 2690 042f BAF45752 		.ascii	"\272\364WRK\037\310\214\256r\273{\01376v\212\234\266"
 2690      4B1FC88C 
 2690      AE72BB7B 
 2690      0B373676 
 2690      8A9CB6
 2691 0442 3FED261E 		.ascii	"?\355&\036;\202+<5\313M\\\307\355Mo\345\366\025\236"
 2691      3B822B3C 
 2691      35CB4D5C 
 2691      C7ED4D6F 
 2691      E5F6159E 
 2692 0456 86212C2B 		.ascii	"\206!,+\\\212\022\270\016\346\372N\227O\275Rs\375p\227"
 2692      5C8A12B8 
 2692      0EE6FA4E 
 2692      974FBD52 
 2692      73FD7097 
 2693 046a A71BEB17 		.ascii	"\247\033\353\027HK\350\004\255\337\214G$$g\324\306-"
 2693      484BE804 
 2693      ADDF8C47 
 2693      242467D4 
 2693      C62D
 2694 047c 33DAC0ED 		.ascii	"3\332\300\355\353W\226e<o8J\211r\307\376\224#:\2061"
 2694      EB579665 
ARM GAS  C:\Users\angio\AppData\Local\Temp\ccwRbOv0.s 			page 72


 2694      3C6F384A 
 2694      8972C7FE 
 2694      94233A86 
 2695 0491 6B8BA008 		.ascii	"k\213\240\010\376\316\274;\366\274\336\262\346\3656"
 2695      FECEBC3B 
 2695      F6BCDEB2 
 2695      E6F536
 2696 04a0 377627A2 		.ascii	"7v'\242\337\252\023\264;\025Y\222kwL/\306\0377\374\264"
 2696      DFAA13B4 
 2696      3B155992 
 2696      6B774C2F 
 2696      C61F37FC 
 2697 04b5 317538DC 		.ascii	"1u8\3347%\207_!{\035\264\275\361P\020J\273\373\375\353"
 2697      3725875F 
 2697      217B1DB4 
 2697      BDF15010 
 2697      4ABBFBFD 
 2698 04ca 711B84F9 		.ascii	"q\033\204\371Q\021\314\214\263\331\201\263\305H\223"
 2698      5111CC8C 
 2698      B3D981B3 
 2698      C54893
 2699 04d9 62E6A6BD 		.ascii	"b\346\246\2754\007\316\2715Q\231\345\355\275\225;\336"
 2699      3407CEB9 
 2699      355199E5 
 2699      EDBD953B 
 2699      DE
 2700 04ea DEDBB8E3 		.ascii	"\336\333\270\343\355\315\251\220\312\344\333;l\205\371"
 2700      EDCDA990 
 2700      CAE4DB3B 
 2700      6C85F9
 2701 04f9 035A9E65 		.ascii	"\003Z\236e\223\320s\360\243\235j\221\375\223\233\335"
 2701      93D073F0 
 2701      A39D6A91 
 2701      FD939BDD 
 2702 0509 85B597CF 		.ascii	"\205\265\227\317\236\361\3427\276d\333\005X\277\354"
 2702      9EF1E237 
 2702      BE64DB05 
 2702      58BFEC
 2703 0518 189B3DF7 		.ascii	"\030\233=\367\351%s\353\352\227\325/zu\315\362\372\206"
 2703      E92573EB 
 2703      EA97D52F 
 2703      7A75CDF2 
 2703      FA86
 2704 052a 25AF35AC 		.ascii	"%\2575\254^\331\324X]S\273tMS\355\352%\013\027\227/"
 2704      5ED9D458 
 2704      5D53BB74 
 2704      4D53EDEA 
 2704      250B1797 
 2705 053f 5AFCFC93 		.ascii	"Z\374\374\2233\237\233\365\324\254\205\363\312\027\274"
 2705      339F9BF5 
 2705      D4AC85F3 
 2705      CA17BC
 2706 054e 3877FEBC 		.ascii	"8w\376\274\027f\317be\221H\005\376j\310\263\241ifUU"
 2706      1766CF62 
 2706      65914805 
 2706      FE6AC8B3 
 2706      A1696655 
ARM GAS  C:\Users\angio\AppData\Local\Temp\ccwRbOv0.s 			page 73


 2707 0563 55454313 		.ascii	"UEC\023\376^\256_V\321\264\272\006\025\253jW\325\325"
 2707      FE5EAE5F 
 2707      56D1B4BA 
 2707      0615AB6A 
 2707      57D5D5
 2708 0576 56373645 		.ascii	"V76Ej\0304\216\262\362\221\345sV\324V\317Y\261\234)"
 2708      6A18348E 
 2708      B2F291E5 
 2708      7356D456 
 2708      CF59B19C 
 2709 058b 2469E475 		.ascii	"$i\344u\215\374\225\306\377\001\034\353*\350"
 2709      8DFC95C6 
 2709      FF011CEB 
 2709      2AE8
 2710              		.text
 2711              		.section	.gnu.lto_chHeapStatus.340.1f2b6880,"e",%progbits
 2712 0000 789C8554 		.ascii	"x\234\205TkL\034U\024\276g\356\274\226]\026\004J%ia"
 2712      6B4C1C55 
 2712      14BE67EE 
 2712      BC965D16 
 2712      044A2569 
 2713 0015 B121C6C4 		.ascii	"\261!\306\304\202T\202\304_&\244\372\307G\322\307\017"
 2713      825482C4 
 2713      5F26A4FA 
 2713      C747D2C7 
 2713      0F
 2714 0026 13124379 		.ascii	"\023\022CyX\342VV\226\306\237\014\345\225@\344\331T"
 2714      58E25656 
 2714      96C69F0C 
 2714      E59540E4 
 2714      D954
 2715 0038 A580710A 		.ascii	"\245\200q\012\004%\266\246\241i\221\"(\305\032[\240"
 2715      0425B6A6 
 2715      A1699122 
 2715      28C51A5B 
 2715      A0
 2716 0049 A9C6361A 		.ascii	"\251\3066\032\320V\033\301\266@\033\233JS\301s\356\314"
 2716      D0561BC1 
 2716      B6401B9B 
 2716      4A53C173 
 2716      EECC
 2717 005b 2EBB4393 		.ascii	".\273C\223n63\367\236\373\235\357;\347\334s\246Ycl\220"
 2717      6E3633F7 
 2717      9EFB9DEF 
 2717      3BE7DC73 
 2717      A659636C 
 2718 0070 3106808F 		.ascii	"1\006\200\2178\006\355m\215\022[[[\253\222%\251\246"
 2718      3806ED6D 
 2718      8D125B5B 
 2718      5BAB9225 
 2718      A9A6
 2719 0082 AD498249 		.ascii	"\255I\202I\020\273\3326\257xs8\034F\310\360Q\273y\347"
 2719      10BBDA36 
 2719      AF787338 
 2719      1C46C8F0 
 2719      51BB79E7 
 2720 0096 EFC19743 		.ascii	"\357\301\227C E\252'\227\357\255]\203\355\242\302\207"
ARM GAS  C:\Users\angio\AppData\Local\Temp\ccwRbOv0.s 			page 74


 2720      2045AA27 
 2720      97EFAD5D 
 2720      83EDA2C2 
 2720      87
 2721 00a7 61178D5C 		.ascii	"a\027\215\\\254c]\252\213\340\377\270\365\272\265pI"
 2721      AC635DAA 
 2721      8BE0FFB8 
 2721      F5BAB570 
 2721      49
 2722 00b8 9DAD27AD 		.ascii	"\235\255'\255\345\321\220-\006\216\266\233\351\026\203"
 2722      E5D1902D 
 2722      068EB69B 
 2722      E91683
 2723 00c7 5BEA6A3D 		.ascii	"[\352j=\231\036r\353\016A<\320\035\206\304B\017\306"
 2723      991E72EB 
 2723      0E413CD0 
 2723      1D86C442 
 2723      0FC6
 2724 00d9 D539158E 		.ascii	"\3259\025\216\313\013\325\262X\000\253\222\270\254\250"
 2724      CB0BD5B2 
 2724      5800AB92 
 2724      B8ACA8
 2725 00e8 9AEE8A71 		.ascii	"\232\356\212q{b\275P%\351l\375\327\301\2738\264\363"
 2725      7B62BD50 
 2725      25E96CFD 
 2725      D7C1BB38 
 2725      B4F3
 2726 00fa 5ECE40B6 		.ascii	"^\316@\266W\000\276g\306\015\343\337\276\236\251&\265"
 2726      5700BE67 
 2726      C60DE3DF 
 2726      BE9EA926 
 2726      B5
 2727 010b 6B605CEE 		.ascii	"k`\\\356\345\022\353A\300)\200!\252\031C /eO#\350\322"
 2727      E512EB41 
 2727      C0298021 
 2727      AA194320 
 2727      2F654F23 
 2728 0121 C53386E1 		.ascii	"\3053\206\341b\275\234\303i\210\300\240\301\177\353"
 2728      62BD9CC3 
 2728      6988C0A0 
 2728      C17FEB
 2729 0130 09C2D580 		.ascii	"\011\302\325\200\005\274i\003e\030\216\006\312\376\025"
 2729      05BC6903 
 2729      65188E06 
 2729      CAFE15
 2730 013f 016CB481 		.ascii	"\001l\264\201M5\015F\274L\300\021'\260>\301\322\356"
 2730      4D350D46 
 2730      BC4CC011 
 2730      27B03EC1 
 2730      D2EE
 2731 0151 007A6520 		.ascii	"\000ze zyf\260\311\333Z\255c\2100\012QA\372O'\020\266"
 2731      7A7966B0 
 2731      C9DB5AAD 
 2731      6388300A 
 2731      5141FA4F 
 2732 0168 338CBDD4 		.ascii	"3\214\275\324M!\370\010:\346\200~.\240\237\256C;\303"
 2732      4D21F808 
ARM GAS  C:\Users\angio\AppData\Local\Temp\ccwRbOv0.s 			page 75


 2732      3AE6807E 
 2732      2EA09FAE 
 2732      433BC3
 2733 017b D06F1CD0 		.ascii	"\320o\034\320O\004\364\330z\004\323\027\032\255\010"
 2733      4F04F4D8 
 2733      7A04D317 
 2733      1AAD08
 2734 018a 14987060 		.ascii	"\024\230p`;\022T\006\347\000\276\005\030\007\370\032"
 2734      3B125406 
 2734      E700BE05 
 2734      1807F81A 
 2735 019a A88AD877 		.ascii	"\250\212\330wD\320\277Np\263\251!\224\302w\016\202I"
 2735      44D0BF4E 
 2735      70B3A921 
 2735      94C2770E 
 2735      8249
 2736 01ac 22380F0C 		.ascii	"\"8\017\014o\225\371\317%\240Q\315\030\2573\226;\247"
 2736      6F95F9CF 
 2736      25A051CD 
 2736      18AF3396 
 2736      3BA7
 2737 01be EA9B932C 		.ascii	"\352\233\223,\237\350\233\211\222C\317\023\227\225q"
 2737      9FE89B89 
 2737      9243CF13 
 2737      979571
 2738 01cd E3E15A8B 		.ascii	"\343\341Z\213a,\025tO,\015\301S\200\225T%|(\234\036"
 2738      612C1574 
 2738      4F2C0DC1 
 2738      53809554 
 2738      257C289C 
 2739 01e2 323E3485 		.ascii	"2>4\205\036*\035h\014\316\200N,.\206<1\014\231\334\014"
 2739      1E2A1D68 
 2739      0CCE804E 
 2739      2C2E863C 
 2739      310C99DC 
 2740 01f7 B93CF488 		.ascii	"\271<\364\210\003<\215'H\"\035$\221m\023\341\222\311"
 2740      033C8D27 
 2740      48221D24 
 2740      916D13E1 
 2740      92C9
 2741 0209 6333C057 		.ascii	"c3\300W\220\002p\026\266 \225\264\225\"O\245\3234\002"
 2741      90027016 
 2741      B62095B4 
 2741      95224FA5 
 2741      D33402
 2742 021c FB089C4E 		.ascii	"\373\010\234N8\306Z8u\255\370\245\341\266\225K\353["
 2742      38C65A38 
 2742      75ADF8A5 
 2742      E1B6954B 
 2742      EB5B
 2743 022e 600B503B 		.ascii	"`\013P;?\361\327q\325\344q\324\216\334J\014Q<\022\265"
 2743      3FF1D771 
 2743      D5E471D4 
 2743      8EDC4A0C 
 2743      513C12B5 
 2744 0242 08870E37 		.ascii	"\010\207\0167^\231\3155y<\026\262\026$D\016p\321\037"
 2744      5E99CD35 
ARM GAS  C:\Users\angio\AppData\Local\Temp\ccwRbOv0.s 			page 76


 2744      793C16B2 
 2744      1624440E 
 2744      70D11F
 2745 0255 FD94A30E 		.ascii	"\375\224\243\016\027\000~\000V\013\207\014c\336K<\027"
 2745      17007E00 
 2745      560B870C 
 2745      63DE4B3C 
 2745      17
 2746 0266 C1E29137 		.ascii	"\301\342\2217\360,\315\242\032\010W\3030\260\254\272"
 2746      F02CCDA2 
 2746      1A0857C3 
 2746      30B0ACBA 
 2747 0276 C935F246 		.ascii	"\3115\362F\323s\226\305\005\323\320M\327WkCT\230A\276"
 2747      D37396C5 
 2747      05D3D04D 
 2747      D7576B43 
 2747      549841BE 
 2748 028a 65A8F531 		.ascii	"e\250\3651\241\036\323C\221\"M/w\023\353\3353K}\334"
 2748      A11ED343 
 2748      91224D2F 
 2748      7713EBDD 
 2748      334B7DDC 
 2749 029e E4899483 		.ascii	"\344\211\224\203\206'd\272\272\244\230<\011.\203\005"
 2749      862764BA 
 2749      BAA4983C 
 2749      092E8305 
 2750 02ae F867AFC9 		.ascii	"\370g\257\3117\331\273\303\2153s\036\223'\207\202\030"
 2750      37D9BBC3 
 2750      8D33731E 
 2750      93278782 
 2750      18
 2751 02bf 887B5414 		.ascii	"\210{T\024\036\370\021\243\000;\212\001\017u\335O\224"
 2751      1EF811A3 
 2751      003B8A01 
 2751      0F75DD4F 
 2751      94
 2752 02d0 D603D0B0 		.ascii	"\326\003\320\260^\222\214\001\304\363\343#\267uj\231"
 2752      5E928C01 
 2752      C4F3E323 
 2752      B7756A99 
 2753 02e0 56AE3852 		.ascii	"V\2568R=\273ro2\003\277V&\227\354iW\200E\344\215\021"
 2753      3DBB726F 
 2753      3203BF56 
 2753      2697EC69 
 2753      578045E4 
 2754 02f6 E8F073A4 		.ascii	"\350\360s\244b,\\AE\2111{\257\300U\334S!\210\3563\257"
 2754      622C5C41 
 2754      4589317B 
 2754      AFC055DC 
 2754      532188EE 
 2755 030c C9B78643 		.ascii	"\311\267\206CN\026\004\222\223\340\227(\002\011~\305"
 2755      4E160492 
 2755      93E09728 
 2755      02097EC5 
 2756 031c BD2C086A 		.ascii	"\275,\010j\272\352\357S\326\251&wQ0\222\210\022\255"
 2756      BAEAEF53 
 2756      D6A92677 
ARM GAS  C:\Users\angio\AppData\Local\Temp\ccwRbOv0.s 			page 77


 2756      51309288 
 2756      12AD
 2757 032e 6B737926 		.ascii	"ksy&O3y\014\322SC\314N\374q\342I\\\233\334c7\203\352"
 2757      4F33790C 
 2757      D25343CC 
 2757      4EFC71E2 
 2757      495C9BDC 
 2758 0346 C8ECC8CA 		.ascii	"\310\354\310\312\303\033Xn\0379\320\271\346\314|x\265"
 2758      C31B586E 
 2758      1F39D0B9 
 2758      E6CC7C78 
 2758      B5
 2759 0357 0ECFD3C3 		.ascii	"\016\317\323\303\301\306>:\3339G\266\277\331\331b\205"
 2759      C1C63E3A 
 2759      DB3947B6 
 2759      BFD9D962 
 2759      85
 2760 0368 DDA8AE50 		.ascii	"\335\250\256P\205}j\317\330\212\216eD\035}\203\316\275"
 2760      857D6ACF 
 2760      D88A8E65 
 2760      441D7D83 
 2760      CEBD
 2761 037a BE6D587C 		.ascii	"\276mX|\223\363\307\324\365\232C\351\272\255\204\351"
 2761      93F3C7D4 
 2761      F59A43E9 
 2761      BAAD84E9 
 2762 038a 2E4C94A2 		.ascii	".L\224\242?9\010a\354\203d\271g4\005\303\327\246\307"
 2762      3F390861 
 2762      EC8364B9 
 2762      673405C3 
 2762      D7A6C7
 2763 039d AE91F203 		.ascii	"\256\221\362\003pa\357\310\315\243{\205V\252\2668\372"
 2763      7061EFC8 
 2763      CDA37B85 
 2763      56AAB638 
 2763      FA
 2764 03ae A63063C5 		.ascii	"\2460c\305\022\345\305\221\005]\330\323\264\325\321"
 2764      12E5C591 
 2764      055DD8D3 
 2764      B4D5D1
 2765 03bd 3B161E43 		.ascii	";\026\036CH\222WC\007nM\246*\271\034\203\2670ql(Y\000"
 2765      48925743 
 2765      076E4DA6 
 2765      2AB91C83 
 2765      B730716C 
 2766 03d4 36D37DC8 		.ascii	"6\323}\310\341\331\213\211N\263\346\313\372\231\371"
 2766      E1D98B89 
 2766      4EB3E6CB 
 2766      FA99F9
 2767 03e3 0293CB78 		.ascii	"\002\223\313xE\326\305\351\224\374r\343m+\345y\034\010"
 2767      45D6C5E9 
 2767      94FC72E3 
 2767      6D2BE579 
 2767      1C08
 2768 03f5 0949E04F 		.ascii	"\011I\340O\300z\311\202\302\275A\353\364\020\216]\012"
 2768      C07AC982 
 2768      C2BD41EB 
ARM GAS  C:\Users\angio\AppData\Local\Temp\ccwRbOv0.s 			page 78


 2768      F4108E5D 
 2768      0A
 2769 0406 612C11CF 		.ascii	"a,\021\317\006\221\373\363\001\223\343\314x\340\006"
 2769      0691FBF3 
 2769      0193E3CC 
 2769      78E006
 2770 0415 5802FF45 		.ascii	"X\002\377E\011\244X\002\212p\217\3350\327\347\027P@"
 2770      09A45802 
 2770      8A708FDD 
 2770      30D7E717 
 2770      5040
 2771 0427 7DCC5CCF 		.ascii	"}\314\\\317;\347z\3019\327\022\315\265j\317\365\221"
 2771      3BE77AC1 
 2771      39D712CD 
 2771      B56ACFF5 
 2771      91
 2772 0438 E1A97E6C 		.ascii	"\341\251~l\244-\330\262B\325\033\241\012\267\240\372"
 2772      A42DD8B2 
 2772      42D51BA1 
 2772      0AB7A0FA 
 2773 0448 25B60D89 		.ascii	"%\266\015\211\226\217~a\370\360S\340\265\276\371\342"
 2773      968F7E61 
 2773      F8F053E0 
 2773      B5BEF9E2 
 2774 0458 77170EFD 		.ascii	"w\027\016\375~\252\363\003\020\365\335B\226\026\016"
 2774      7EAAF303 
 2774      10F5DD42 
 2774      96160E
 2775 0467 911F42C6 		.ascii	"\221\037B\306r\363_,\310\337_\266\257lw\345\301\342"
 2775      72F35F2C 
 2775      C8DF5FB6 
 2775      AF6C77E5 
 2775      C1E2
 2776 0479 B2F282F7 		.ascii	"\262\362\202\367\313+\336\011\006\012\213J\336:\030"
 2776      CB2BDE09 
 2776      060A8B4A 
 2776      DE3A18
 2777 0488 2CA928D8 		.ascii	",\251(\330\265g\373\356=\257=\277\343\225\234\027rv"
 2777      B567FBEE 
 2777      3DAF3DBF 
 2777      E3959C17 
 2777      7276
 2778 049a EDDCFEFA 		.ascii	"\355\334\376\372\336\374Ww\276\221\233\303\236\315\314"
 2778      DEFC5777 
 2778      BE919BC3 
 2778      9ECDCC
 2779 04a9 CCC27F11 		.ascii	"\314\302\177\021y\226\007wdggg\225\007\361\357/\333"
 2779      79960777 
 2779      64676767 
 2779      9507F1EF 
 2779      2FDB
 2780 04bb 9715AC28 		.ascii	"\227\025\254(\302\203\003%\007\366\227\024\006\202\231"
 2780      C2830325 
 2780      07F69714 
 2780      068299
 2781 04ca 454CA145 		.ascii	"EL\241E 9\322\226Y\234WZR\230WZ\314\324\312\362\312"
 2781      2039D296 
ARM GAS  C:\Users\angio\AppData\Local\Temp\ccwRbOv0.s 			page 79


 2781      599C575A 
 2781      5298575A 
 2781      CCD4CAF2 
 2782 04df 427F40F7 		.ascii	"B\177@\367\027V\274]\022\254\014\250\376@!.\324J\361"
 2782      1756BC5D 
 2782      12AC0CA8 
 2782      FE40212E 
 2782      D44AF1
 2783 04f2 8277A5F7 		.ascii	"\202w\245\367\002\212X\376\017\256\355\021\325"
 2783      028A58FE 
 2783      0FAEED11 
 2783      D5
 2784              		.text
 2785              		.section	.gnu.lto_.symbol_nodes.1f2b6880,"e",%progbits
 2786 0000 789C7D8F 		.ascii	"x\234}\217\273\015\002A\014D\307\343\335\345\223\220"
 2786      BB0D0241 
 2786      0C44C7E3 
 2786      DDE59390 
 2787 0010 93D00BE5 		.ascii	"\223\320\013\345\020@\011\276\023\0221% Q\003)\311\345"
 2787      104009BE 
 2787      13123125 
 2787      20510329 
 2787      C9E5
 2788 0022 FC41105F 		.ascii	"\374A\020_! NH\370\204Xg\243\367<\2627\002\200\007\032"
 2788      21204E48 
 2788      F8845867 
 2788      A3F73CB2 
 2788      37028007 
 2789 0037 9E9F19C9 		.ascii	"\236\237\031\311r\007\030\260-K\301\033\003qO,\306\200"
 2789      720718B0 
 2789      2D4BC11B 
 2789      03714F2C 
 2789      C680
 2790 0049 CA95266D 		.ascii	"\312\225&m\023(VE\323r\2441\327\302\023M\263\302\231"
 2790      13285645 
 2790      D372A431 
 2790      D7C2134D 
 2790      B3C299
 2791 005c 16B2C285 		.ascii	"\026\262\302\205\026s\202\334h\351\347\276\242\271O"
 2791      167382DC 
 2791      68E9E7BE 
 2791      A2B94F
 2792 006b 1EB4CE3F 		.ascii	"\036\264\316?v\247u\3770\205\333\232\213\252\217}\015"
 2792      76A775FF 
 2792      3085DB9A 
 2792      8BAA8F7D 
 2792      0D
 2793 007c BD6FAC92 		.ascii	"\275o\254\222\006WSM\332q\032\334w\365L\243[]'\215\336"
 2793      0657534D 
 2793      DA711ADC 
 2793      77F54CA3 
 2793      5B5D278D 
 2794 0091 1D6AF254 		.ascii	"\035j\362T49Z\017\360\002^.\317?"
 2794      34395A0F 
 2794      F0025E2E 
 2794      CF3F
 2795              		.text
ARM GAS  C:\Users\angio\AppData\Local\Temp\ccwRbOv0.s 			page 80


 2796              		.section	.gnu.lto_.refs.1f2b6880,"e",%progbits
 2797 0000 789C1587 		.ascii	"x\234\025\207\301\025\000 \010\205\340g-\342\376;\246"
 2797      C1150020 
 2797      0885E067 
 2797      2DE2FE3B 
 2797      A6
 2798 0011 07E0D1C0 		.ascii	"\007\340\321\300E%q\232\341\020\013+{o\315\007\010\365"
 2798      4525719A 
 2798      E1100B2B 
 2798      7B6FCD07 
 2798      08F5
 2799 0023 0057     		.ascii	"\000W"
 2800              		.text
 2801              		.section	.gnu.lto_.decls.1f2b6880,"e",%progbits
 2802 0000 789C9557 		.ascii	"x\234\225WkP\024W\026\276\347\336\236\241iF\007a\334"
 2802      6B501457 
 2802      16BEE7DE 
 2802      9EA16946 
 2802      0761DC
 2803 0013 FCC85696 		.ascii	"\374\310V\226J\231\012\273\211 \243e\262\373\213\224"
 2803      4A990ABB 
 2803      8920A365 
 2803      B2FB8B94 
 2804 0023 1593AD3C 		.ascii	"\025\223\255<+\217\037\246\250\232%3#\220\000c\206!"
 2804      2B8F1FA6 
 2804      A89A2533 
 2804      23900063 
 2804      8621
 2805 0035 31FBAB09 		.ascii	"1\373\253\011\030\014\032D\315\003\037\001\014\233\370"
 2805      180C1A44 
 2805      CD031F01 
 2805      0C9BF8
 2806 0044 4870311A 		.ascii	"Hp1\032\004\237<\242@\220\207\211\361-*QC\004\025\305"
 2806      049F3CA2 
 2806      40908789 
 2806      F12D2A51 
 2806      430415C5 
 2807 0058 884950F7 		.ascii	"\210IP\367\334\333\335\3233\303d7\333\305\351\307\275"
 2807      DCDBDDD3 
 2807      33C36437 
 2807      DBC5E9C7 
 2807      BD
 2808 0069 DF3DDF77 		.ascii	"\337=\337w\276{oO3j'\004\030!2\306\035<\254\204\220"
 2808      BE7B6F4F 
 2808      336A2704 
 2808      182132C6 
 2808      1D3CAC84 
 2809 007e 83C43C62 		.ascii	"\203\304<b1vat`|\213q\014\343\024\3069\214K\030W0\256"
 2809      31766174 
 2809      607C8B71 
 2809      0CE314C6 
 2809      398C4B18 
 2810 0095 6200462A 		.ascii	"b\000F*\220\260\343M|\236\204\327l\214\031x\237\202"
 2810      90B0E34D 
 2810      7C9E84D7 
 2810      6C8C1978 
 2810      9F82
ARM GAS  C:\Users\angio\AppData\Local\Temp\ccwRbOv0.s 			page 81


 2811 00a7 9180118F 		.ascii	"\221\200\021\2171\031C\302H\303h\303~'^\377\2141\023"
 2811      311943C2 
 2811      48C368C3 
 2811      7E275EFF 
 2811      8C3113
 2812 00ba 63189FB9 		.ascii	"c\030\237\271\216\007\361~:F\034\006\305`\030\017\360"
 2812      8E07F17E 
 2812      3A461C06 
 2812      C560180F 
 2812      F0
 2813 00cb 6B88A64B 		.ascii	"k\210\246K\277\301\275\036\237\247\350\334\011\030\016"
 2813      BFC1BD1E 
 2813      9FA7E8DC 
 2813      09180E
 2814 00da 5D4316D1 		.ascii	"]C\026\321\3708\357<\274\276D4NC\233\241\213kq\376\016"
 2814      F838EF3C 
 2814      BCBE4434 
 2814      4E439BA1 
 2814      8B6B71FE 
 2815 00ef 2D54F7C5 		.ascii	"-T\367\305\320\221\036\241c+h\334\206\206,]\007\327"
 2815      D0911EA1 
 2815      632B68DC 
 2815      86862C5D 
 2815      07D7
 2816 0101 304FD761 		.ascii	"0O\327ah\210\327u\204r\033z\024]_\273^\023\237\227\007"
 2816      6888D775 
 2816      84721B7A 
 2816      145D5FBB 
 2816      5E139F97 
 2817 0116 A2689A84 		.ascii	"\242h\232\204\021\213!\203\246\231\351svU\237+\256\367"
 2817      118B2183 
 2817      A699E973 
 2817      76559F2B 
 2817      AEF7
 2818 0128 7198E8D7 		.ascii	"q\230\350\327N\316\037\341\227\241\325\360j\246\356"
 2818      4ECE1FE1 
 2818      97A1D5F0 
 2818      6AA6EE
 2819 0137 8FA2EBE4 		.ascii	"\217\242\353\3445Dz%\023M\203\254k\213\325\365\005\375"
 2819      35447A25 
 2819      134D83AC 
 2819      6B8BD5F5 
 2819      05FD
 2820 0149 D2359D0A 		.ascii	"\3225\235\012\321\304\245<\033\241\247\023\237\355!"
 2820      D1C4A53C 
 2820      1BA1A713 
 2820      9FED21
 2821 0158 5ADA742D 		.ascii	"Z\332t-\247u\317f\352\232~\313/^\207\3457<\342\374\347"
 2821      A775CF66 
 2821      EA9A7ECB 
 2821      2F5E87E5 
 2821      373CE2FC 
 2822 016d 22F823FD 		.ascii	"\"\370#\375X\303\350\371C\375\355\312y\255]\362\000"
 2822      58C3E8F9 
 2822      43FDEDCA 
 2822      79AD5DF2 
 2822      00
ARM GAS  C:\Users\angio\AppData\Local\Temp\ccwRbOv0.s 			page 82


 2823 017e C0D1D978 		.ascii	"\300\321\331xR\310K\2148T\252R\253\207Q\205)\314\243"
 2823      52C84B8C 
 2823      3854AA52 
 2823      AB875185 
 2823      29CCA3
 2824 0191 74C03DC9 		.ascii	"t\300=\311\327Y\272L\223\355\212\274\241\015\342\025"
 2824      D759BA4C 
 2824      93ED8ABC 
 2824      A10DE215 
 2825 01a1 8B4CE960 		.ascii	"\213L\351`\214GI\376\005>\2475\326\244tU\362,\235:\030"
 2825      8C4749FE 
 2825      053EA735 
 2825      D6A47455 
 2825      F22C9D3A 
 2826 01b6 A3D28AA7 		.ascii	"\243\322\212\247\0353\323\361<\030\323\001\036\034\365"
 2826      1D33D3F1 
 2826      3C18D301 
 2826      1E1CF5
 2827 01c5 AC24C7E3 		.ascii	"\254$\307\343\335`\214r\235\325\274k\365t\323\305\367"
 2827      DD608C72 
 2827      9DD5BC6B 
 2827      F574D3C5 
 2827      F7
 2828 01d6 4307281E 		.ascii	"C\007(\036\247CU\325tY\276\307\336\312Z\331\\\264T\256"
 2828      A74355D5 
 2828      7459BEC7 
 2828      DECA5AD9 
 2828      5CB454AE 
 2829 01ea DF3C5519 		.ascii	"\337<U\031\214\261c\212dOR\274'\311\336\001\026\217"
 2829      8CB1638A 
 2829      644F52BC 
 2829      27C9DE01 
 2829      168F
 2830 01fc 47712413 		.ascii	"Gq$\023\024\341q:\323\251\202\231%\271\003\234\014l"
 2830      14E1713A 
 2830      D3A98299 
 2830      25B9039C 
 2830      0C6C
 2831 020e 4EF5ECD0 		.ascii	"N\365\354\320]\212E\211\275')\231\020\017\231K1/\273"
 2831      5D8A4589 
 2831      BD272999 
 2831      100F994B 
 2831      312FBB
 2832 0221 631C1083 		.ascii	"c\034\020\203\234\036\363\021 Y\241N\312\236\030\214"
 2832      9C1EF311 
 2832      2059A14E 
 2832      CA9E188C 
 2833 0231 41AB6812 		.ascii	"A\253h\022!\252$\333l\240\342%\326\365\204\347Y\247"
 2833      21AA24DB 
 2833      6CA0E225 
 2833      D6F584E7 
 2833      59A7
 2834 0243 42066328 		.ascii	"B\006c(v9$P)\230#\025+ZH5\337\200\377\205y\311\037L"
 2834      76392450 
 2834      29982315 
 2834      2B5A4835 
 2834      DF80FF85 
ARM GAS  C:\Users\angio\AppData\Local\Temp\ccwRbOv0.s 			page 83


 2835 025b 2C31FB29 		.ascii	",1\373)\030\335\032.b\006\364\\\242\035\202\371\215"
 2835      18DD1A2E 
 2835      6206F45C 
 2835      A21D82F9 
 2835      8D
 2836 026c 01E6B090 		.ascii	"\001\346\260\220\344\0201\034\370\301\317\241\003L\215"
 2836      E410311C 
 2836      F8C1CFA1 
 2836      034C8D
 2837 027b 417E1A94 		.ascii	"A~\032\224\005&$B\270\310\002\206\240\211\0073\226M"
 2837      05262442 
 2837      B8C80286 
 2837      A0890733 
 2837      964D
 2838 028d CBCA13A5 		.ascii	"\313\312\023\245\226\013h\233Z\351\200\251\025\351\370"
 2838      960B689B 
 2838      5AE980A9 
 2838      15E9F8
 2839 029c 7ABD9BB0 		.ascii	"z\275\233\260\373I\252*\216\201W\010l\3272d\304\255"
 2839      FB49AA2A 
 2839      8E815708 
 2839      6CD73264 
 2839      C4AD
 2840 02ae 60900014 		.ascii	"`\220\000\024\317\016\210\307\241\245;\313\273\224\273"
 2840      CF0E88C7 
 2840      A1A53BCB 
 2840      BB94BB
 2841 02bd 1034ACAA 		.ascii	"\0204\254\252\016\310\206\035\000M\234\0207'\370D\362"
 2841      0EC8861D 
 2841      004D9C10 
 2841      3727F844 
 2841      F2
 2842 02ce AFB6ECFF 		.ascii	"\257\266\354\377(\356\336\312\012\365\346\221\322K\003"
 2842      28EEDECA 
 2842      0AF5E691 
 2842      D24B03
 2843 02dd B3CF36AA 		.ascii	"\263\3176\252\352\"\304\313\034\003\015\000\215ZM\015"
 2843      EA22C4CB 
 2843      1C030D00 
 2843      8D5A4D0D 
 2844 02ed 38E04B80 		.ascii	"8\340K\200m\220\261{*;\002\004\031\346\211\011\263\213"
 2844      6D90B17B 
 2844      2A3B0204 
 2844      19E68909 
 2844      B38B
 2845 02ff 3BC22E8A 		.ascii	";\302.\212\266\004\220\004w\022f^1:\326aU\232UuDm.\211"
 2845      B6049004 
 2845      7712665E 
 2845      313AD661 
 2845      559A5575 
 2846 0317 25D00AD0 		.ascii	"%\320\012\320\202Y\232\001\361\215\000{\001\366\000"
 2846      82599A01 
 2846      F18D007B 
 2846      01F600
 2847 0326 C2D6EC6D 		.ascii	"\302\326\354mZ/I\234\243\015\300\207\015\273\277_Ro"
 2847      5A2F499C 
 2847      A30DC087 
ARM GAS  C:\Users\angio\AppData\Local\Temp\ccwRbOv0.s 			page 84


 2847      0DBBBF5F 
 2847      526F
 2848 0338 150DF3E0 		.ascii	"\025\015\363\340+\216Xt\345\314!0\020\373xK\335\231"
 2848      2B8E5874 
 2848      E5CC2130 
 2848      10FB784B 
 2848      DD99
 2849 034a 9E6372B0 		.ascii	"\236cr\260\254\254`Y\355\230\177?\210\272\226\365/\275"
 2849      ACAC6059 
 2849      ED987F3F 
 2849      88BA96F5 
 2849      2FBD
 2850 035c 61BBB752 		.ascii	"a\273\267RUo~\263\354N\255u\255\332J\261\033v\007+\332"
 2850      556F7EB3 
 2850      EC4EAD75 
 2850      ADDA4AB1 
 2850      1B76072B 
 2851 0371 2D2E6C1D 		.ascii	"-.l\035%\321D\224.[\321\305DC\026|\015\354\013\201Z"
 2851      25D14494 
 2851      2E5BD1C5 
 2851      4443167C 
 2851      0DEC0B81 
 2852 0386 77E97A37 		.ascii	"w\351z7$j\2567kY\016\000t\353)\331\036\001*-\333~\234"
 2852      246AAE37 
 2852      6B590E00 
 2852      74EB29D9 
 2852      1E012A2D 
 2853 039d 85837A4C 		.ascii	"\205\203zL\020\002z\232\352v1\233\360\245\246U\202^"
 2853      10027A9A 
 2853      EA76319B 
 2853      F0A5A655 
 2853      825E
 2854 03af D09D21D0 		.ascii	"\320\235!\320\247I\377\271kl\334.\270\373\000\272x\275"
 2854      A749FFB9 
 2854      6B6CDC2E 
 2854      B8FB00BA 
 2854      78BD
 2855 03c1 87ABB654 		.ascii	"\207\253\266T\320(\323\370\015\326{P\033\264i\374\300"
 2855      D028D3F8 
 2855      0DD67B50 
 2855      1BB469FC 
 2855      C0
 2856 03d2 6D8B98C7 		.ascii	"m\213\230\307mK\226\354\203\265j\363[\210\227\020\002"
 2856      6D4B96EC 
 2856      83B56AF3 
 2856      5B889710 
 2856      02
 2857 03e3 9DC19A3B 		.ascii	"\235\301\232;\203\263\370\275\203\035\020r\257\325\254"
 2857      83B3F8BD 
 2857      831D1072 
 2857      AFD5AC
 2858 03f2 EEB0E86E 		.ascii	"\356\260\350n\363\302k\017/^d7\234\370\216\223\277\265"
 2858      F3C26B0F 
 2858      2F5E6437 
 2858      9CF88E93 
 2858      BFB5
 2859 0404 B36D5432 		.ascii	"\263mT2\344\034\346-\0374\235|\327\036\305\376\243\230"
ARM GAS  C:\Users\angio\AppData\Local\Temp\ccwRbOv0.s 			page 85


 2859      E41CE62D 
 2859      1F349D7C 
 2859      D71EC5FE 
 2859      A398
 2860 0416 FE882667 		.ascii	"\376\210&g\375\331E[\205\234\221\223\347_\333\300\337"
 2860      FDD9455B 
 2860      859C9193 
 2860      E75FDBC0 
 2860      DF
 2861 0427 3BD80B87 		.ascii	";\330\013\207\202J\016\005\2254$\262\323B\311\2177K"
 2861      824A0E05 
 2861      953424B2 
 2861      D342C98F 
 2861      374B
 2862 0439 86ECBAE5 		.ascii	"\206\354\272\345\\\311\257\347\266\025G+\372$\016=\241"
 2862      5CC9AFE7 
 2862      B615472B 
 2862      FA240E3D 
 2862      A1
 2863 044a B1AC28DE 		.ascii	"\261\254(\336t\303.X\272;u\226\223\000\307\203,\307"
 2863      74C32E58 
 2863      BA3B7596 
 2863      9300C783 
 2863      2CC7
 2864 045c 832CC713 		.ascii	"\203,\307\023\330E\301R~\345\332\366\020\367\333L\367"
 2864      D845C152 
 2864      7EE5DAF6 
 2864      10F7DB4C 
 2864      F7
 2865 046d 4F6B395B 		.ascii	"Ok9[\266\326\374,\013\031\247\265\245\260\251l<\315"
 2865      B6D6FC2C 
 2865      0B19A7B5 
 2865      A5B0A96C 
 2865      3CCD
 2866 047f 783EC3CB 		.ascii	"x>\303\313\277\266\376\343Q\233a\310Y\336\322q\341\207"
 2866      BFB6FEE3 
 2866      519B61C8 
 2866      59DED271 
 2866      E187
 2867 0491 9DD6A054 		.ascii	"\235\326\240T\314ih\375\036\005\014hy\233\253N\265h"
 2867      CC6968FD 
 2867      1E050C68 
 2867      799BAB4E 
 2867      B568
 2868 04a3 8E742F79 		.ascii	"\216t/y{r\037_\036\200\375\320\037T\333\037T{b\012\033"
 2868      7B721F5F 
 2868      1E80FDD0 
 2868      1F54DB1F 
 2868      547B620A 
 2869 04b8 A3849532 		.ascii	"\243\204\2252>\360\334\350\347\327\355\341\013\352\002"
 2869      3EF0DCE8 
 2869      E7D7EDE1 
 2869      0BEA02
 2870 04c7 C00FC6AA 		.ascii	"\300\017\306\252\253\020\240\226m\3477O\016\007\015"
 2870      AB10A096 
 2870      6DE7374F 
 2870      0E070D
ARM GAS  C:\Users\angio\AppData\Local\Temp\ccwRbOv0.s 			page 86


 2871 04d6 9A20BE89 		.ascii	"\232 \276\211z\373?\263\233u\377h\326}Q\323W~\372\312"
 2871      7AFB3FB3 
 2871      9B75FF68 
 2871      D67D51D3 
 2871      577EFACA 
 2872 04ea A7DA8ABF 		.ascii	"\247\332\212\277\250\325\275t\177\303\332\330(\376\017"
 2872      A8D5BD74 
 2872      7FC3DAD8 
 2872      28FE0F
 2873 04f9 A3CC216D 		.ascii	"\243\314!mLk\177\373gq|\2235\216\254\356)\216\251I\306"
 2873      4C6B7FFB 
 2873      67717C93 
 2873      358EACEE 
 2873      298EA949 
 2874 050e 4E381F2C 		.ascii	"N8\037,H\373\251c-Bau\325\315g8\264\376Dqis<\345\310"
 2874      48FBA963 
 2874      2D426175 
 2874      D5CD6738 
 2874      B4FE4471 
 2875 0527 CB41E465 		.ascii	"\313A\344e\015\331-\220\015e-\373\250\200\366\006\241"
 2875      0DD92D90 
 2875      0D652DFB 
 2875      A880F606 
 2875      A1
 2876 0538 2341E888 		.ascii	"#A\350\210\006=\302\264\367\315\037\305\373\346\014"
 2876      063DC2B4 
 2876      F7CD1FC5 
 2876      FBE60C
 2877 0547 8807599C 		.ascii	"\210\007Y\234\343E\223\012\342\322L\3309F\330\020\306"
 2877      E345930A 
 2877      E2D24CD8 
 2877      3946D810 
 2877      C6
 2878 0558 08C60D8C 		.ascii	"\010\306\015\214_\005\313\341\253\007\032\230#\314\261"
 2878      5F05CBE1 
 2878      AB071A98 
 2878      23CCB1
 2879 0567 5B00B70D 		.ascii	"[\000\267\015[K%\016\352\335\321y\"&\034t\307\004q\300"
 2879      5B4B250E 
 2879      EADDD179 
 2879      22261C74 
 2879      C70471C0 
 2880 057b 89960F6C 		.ascii	"\211\226\017l\246\255\370+f\330ZD9\300\272|y\37316m"
 2880      A6ADF82B 
 2880      66D85A44 
 2880      39C0BA7C 
 2880      79FB3136 
 2881 0590 5A22426E 		.ascii	"Z\"Bn\036\037h\3762\271\255X\355\300w`\021\205q\200"
 2881      1E1F68FE 
 2881      32B9AD58 
 2881      EDC07760 
 2881      11857180 
 2882 05a4 12139F8A 		.ascii	"\022\023\237\212\221Fx\246\272\332\362\311\025E\214"
 2882      914678A6 
 2882      BADAF2C9 
 2882      15458C
 2883 05b3 AFA35F27 		.ascii	"\257\243_'@Z\201\240\226\022\224#\021\270\011\360\023"
ARM GAS  C:\Users\angio\AppData\Local\Temp\ccwRbOv0.s 			page 87


 2883      405A81A0 
 2883      96129423 
 2883      11B809F0 
 2883      13
 2884 05c4 EF400CBE 		.ascii	"\357@\014\276Q\337\242P\314\177\324\330~\211\260.\214"
 2884      51DFA250 
 2884      CC7FD4D8 
 2884      7E89B02E 
 2884      8C
 2885 05d5 3E5E83B5 		.ascii	">^\203\265\261\177\333\035IS0\322\330\246\245\306\205"
 2885      B17FDB1D 
 2885      495330D2 
 2885      D8A6A5C6 
 2885      85
 2886 05e6 5B4AA12C 		.ascii	"[J\241,\032{\223\311\376\366\004HT\3662\301\276\230"
 2886      1A7B93C9 
 2886      FEF60448 
 2886      54F632C1 
 2886      BE98
 2887 05f8 C23B5498 		.ascii	"\302;T\230b\035\273\332\273\3226\3151\015\241#\233k"
 2887      621DBBDA 
 2887      BBD236CD 
 2887      310DA123 
 2887      9B6B
 2888 060a 2DBC5C54 		.ascii	"-\274\\T\370\013\300R\032\034\244\021F&\343S\260T\244"
 2888      F80BC052 
 2888      1A1CA411 
 2888      4626E353 
 2888      B054A4
 2889 061d 5B42E15D 		.ascii	"[B\341]\236\016\021\365;jU5\276\304\306\211\026\321"
 2889      9E0E11F5 
 2889      3B6A5535 
 2889      BEC4C689 
 2889      16D1
 2890 062f 8949701A 		.ascii	"\211Ip\0326lR\217\212y\012\317v'2\033\373NLk\303\205"
 2890      366C528F 
 2890      8A790ACF 
 2890      7627321B 
 2890      FB4E4C6B 
 2891 0645 D5559239 		.ascii	"\325U\2229k\355\346f\250\340p\302\372\005\354\326\336"
 2891      6BEDE666 
 2891      A8E070C2 
 2891      FA05ECD6 
 2891      DE
 2892 0656 F20BD160 		.ascii	"\362\013\321`\260\234\032\300a\264y\004\343\206\030"
 2892      B09C1AC0 
 2892      61B47904 
 2892      E38618
 2893 0665 5052BAAA 		.ascii	"PR\272\252\223\206\357\302\367)|@\3655\245Z\004\350"
 2893      9386EFC2 
 2893      F7297C40 
 2893      F535A55A 
 2893      04E8
 2894 0677 A7EA1B96 		.ascii	"\247\352\033\226p\320\207&\210\257\314U\253\376MM\332"
 2894      70D08726 
 2894      88AFCC55 
 2894      ABFE4D4D 
ARM GAS  C:\Users\angio\AppData\Local\Temp\ccwRbOv0.s 			page 88


 2894      DA
 2895 0688 4A730A56 		.ascii	"Js\012Va\015\354\035\013a\313D\246\201\353u\353#\350"
 2895      610DEC1D 
 2895      0B61CB44 
 2895      A681EB75 
 2895      EB23E8
 2896 069b D650586B 		.ascii	"\326PXk\320U\012\320\312\257\337\031R\302A\037\231 "
 2896      D0550AD0 
 2896      CAAFDF19 
 2896      52C2411F 
 2896      9920
 2897 06ad 9EE55271 		.ascii	"\236\345Rq\207l\322U\231t\325\234\256\226g\261\036\271"
 2897      876CD255 
 2897      9974D59C 
 2897      AE9667B1 
 2897      1EB9
 2898 06bf 7CB53A2E 		.ascii	"|\265:.q\332\264\011\026#\341:aq-\205\217\271\305|\241"
 2898      71DAB409 
 2898      1623E13A 
 2898      61712D85 
 2898      8FB9C57C 
 2899 06d4 D70F8D6C 		.ascii	"\327\017\215l1\026z5\205\032\201\211XG\210\253//.\025"
 2899      31167A35 
 2899      851A8189 
 2899      584788AB 
 2899      2F2F2E15 
 2900 06e8 135B2D36 		.ascii	"\023[-6\303\272\310\345\310?\231G\007\016\332\022'\260"
 2900      C3BAC8E5 
 2900      C83F9947 
 2900      070EDA12 
 2900      27B0
 2901 06fa 7E14C9BA 		.ascii	"~\024\311\272\206\311\325+\267t\312(1D\343\030\300\015"
 2901      86C9D52B 
 2901      B774CA28 
 2901      3144E318 
 2901      C00D
 2902 070c 10AFCB4F 		.ascii	"\020\257\313O\004z\003\205O)\254\327e\342Kk\374\341"
 2902      047A0385 
 2902      4F29ACD7 
 2902      65E24B6B 
 2902      FCE1
 2903 071e 66A45F45 		.ascii	"f\244_E\341=\312!\006\275X\\b;\324\337\306\017\242X"
 2903      E13DCA21 
 2903      06BD585C 
 2903      623BD4DF 
 2903      C60FA258 
 2904 0732 1B7F278E 		.ascii	"\033\177'\216\303\004\210\266\035F~\271&\361J\377Ea"
 2904      C30488B6 
 2904      1D467EB9 
 2904      26F14AFF 
 2904      4561
 2905 0744 B5483361 		.ascii	"\265H3ay\266Ww\\\016\255B\3275\030E\027\026Ruy\264\325"
 2905      79B65777 
 2905      5C0EAD42 
 2905      D7351845 
 2905      17165275 
 2906 075b 125EC875 		.ascii	"\022^\310u\200Q\020_\033\233\304\200\317)\324Q\370L"
ARM GAS  C:\Users\angio\AppData\Local\Temp\ccwRbOv0.s 			page 89


 2906      8051105F 
 2906      1B9BC480 
 2906      CF29D451 
 2906      F84C
 2907 076d DF208DC7 		.ascii	"\337 \215\307\007\372\376Z\244\362R6RXI9H\2430u\362"
 2907      07FAFE5A 
 2907      A4F25236 
 2907      52584939 
 2907      48A33075 
 2908 0782 5A3A75BB 		.ascii	"Z:u\273WPX&@\341v\363\255\326\245o\265r\012?\013\262"
 2908      57505826 
 2908      40E176F3 
 2908      ADD6A56F 
 2908      B5720A3F 
 2909 0798 D05A300D 		.ascii	"\320Z0\015\0263\332t\360\002K\234\240\255'\212\266\373"
 2909      1633DA74 
 2909      F0024B9C 
 2909      A0AD278A 
 2909      B6FB
 2910 07aa 2AC4F7C8 		.ascii	"*\304\367\310\256\2668T'\301f\012\327\370\253S\037B"
 2910      AEB63854 
 2910      27C1660A 
 2910      D7F8AB53 
 2910      1F42
 2911 07bc F08964F4 		.ascii	"\360\211d\364N\301\234c\343g\317N6\327\340fSZ\275x"
 2911      4EC19C63 
 2911      E367CF4E 
 2911      36D7E066 
 2911      535ABD78 
 2912 07d0 8DD2A6BA 		.ascii	"\215\322\246\272\235u!\213\264\334\004l\321\000j\347"
 2912      9D75218B 
 2912      B4DC046C 
 2912      D1006AE7 
 2913 07e0 9E7EC504 		.ascii	"\236~\305\004\014\233[\372\013\015p\352\343s\207C6\363"
 2913      0C9B5BFA 
 2913      0B0D70EA 
 2913      E3738743 
 2913      36F3
 2914 07f2 4633C356 		.ascii	"F3\303V\276\314\277\265h\277'S\304\257\306b`\375b\367"
 2914      BECCBFB5 
 2914      68BF2753 
 2914      C4AFC662 
 2914      60FD62F7 
 2915 0806 ACDEFBF6 		.ascii	"\254\336\373\366\260\244\250\372G,\366\033\203\032)"
 2915      B0A4A8FA 
 2915      472CF61B 
 2915      831A29
 2916 0815 7A8216B3 		.ascii	"z\202\026\263\037\304\376\270u\350\273\276\030\345n"
 2916      1FC4FEB8 
 2916      75E8BBBE 
 2916      18E56E
 2917 0824 00FC438E 		.ascii	"\000\374C\216A\265\265\210\021\230\0113\0104Q\330\201"
 2917      41B5B588 
 2917      11980933 
 2917      083451D8 
 2917      81
 2918 0835 E09D1476 		.ascii	"\340\235\024vQ~\213\337e\343\177\302+f_\265\261\245"
ARM GAS  C:\Users\angio\AppData\Local\Temp\ccwRbOv0.s 			page 90


 2918      517E8BDF 
 2918      65E37FC2 
 2918      2B665FB5 
 2918      B1A5
 2919 0847 C596A059 		.ascii	"\305\226\240Y\371\017l\202\006\012_R\376qJ\005\003W"
 2919      F90F6C82 
 2919      060A5F52 
 2919      FE714A05 
 2919      0357
 2920 0859 5073BB6F 		.ascii	"Ps\273oc\034\377\214\036l\216\236\0231?\365o_\036\033"
 2920      631CFF8C 
 2920      1E6C8E9E 
 2920      13313FF5 
 2920      6F5F1E1B 
 2921 086d CCB36762 		.ascii	"\314\263gb\236\373\336\303\357\216\362\363%*T\3427\341"
 2921      9EFBDEC3 
 2921      EF8EF2F3 
 2921      252A54E2 
 2921      37E1
 2922 087f 5E0ADB29 		.ascii	"^\012\333)|\013A\3306\012\371\031US\331\260nB\2420\241"
 2922      7C0B41D8 
 2922      360AF919 
 2922      5553D9B0 
 2922      6E42A230 
 2923 0894 52FB514D 		.ascii	"R\373QM@\202\265e\343\243r4\033\366\011\033\276\342"
 2923      4082B565 
 2923      E3A37234 
 2923      1BF6091B 
 2923      BEE2
 2924 08a6 22CA6ED5 		.ascii	"\"\312n\325\177BC\213iC\213y\366\375T\340x1C\255=\373"
 2924      7F42438B 
 2924      69438B79 
 2924      F6FD54E0 
 2924      783143AD 
 2925 08bc E550A191 		.ascii	"\345P\241\221\030.\264~\360\023uq|Q\022\264\013\235"
 2925      182EB47E 
 2925      F0137571 
 2925      7C5112B4 
 2925      0B9D
 2926 08ce C720886A 		.ascii	"\307 \210j\341:+\035lL\327\031't\036\325\036\024\376"
 2926      E13A2B1D 
 2926      6C4CD719 
 2926      27741ED5 
 2926      1E14FE
 2927 08e1 BFC3A75D 		.ascii	"\277\303\247]\025\223\242\351\354\026:\017p\235E\233"
 2927      1593A2E9 
 2927      EC163A0F 
 2927      709D459B 
 2928 08f1 2FBF1FA6 		.ascii	"/\277\037\246\263\213\302\327<{\017\0258\256\263\263"
 2928      B38BC2D7 
 2928      3C7B0F15 
 2928      38AEB3B3 
 2929 0901 FBBD1561 		.ascii	"\373\275\025a\206Fb\204\316c\0335\235\275B\347)\010"
 2929      86466284 
 2929      CE631B35 
 2929      9DBD42E7 
 2929      2908
ARM GAS  C:\Users\angio\AppData\Local\Temp\ccwRbOv0.s 			page 91


 2930 0913 A23AB9CE 		.ascii	"\242:\271\316\017\023\011K\233Mb3\375y\257?\344\235"
 2930      0F13094B 
 2930      9B4D6233 
 2930      FD79AF3F 
 2930      E49D
 2931 0925 9E4714B7 		.ascii	"\236G\024\267\317\037\360.\234\2367\213\304\271\\\331"
 2931      CF1FF02E 
 2931      9C9E378B 
 2931      C4B95CD9 
 2932 0935 DECC05AE 		.ascii	"\336\314\005\256\234\374\234\300\003))\251\370\347\316"
 2932      9CFC9CC0 
 2932      032929A9 
 2932      F8E7CE
 2933 0944 CE7939C7 		.ascii	"\316y9\307W\340LKKK\365\025\340_n\316\313\251\005~7"
 2933      57E04C4B 
 2933      4B4BF515 
 2933      E05F6ECE 
 2933      CBA9057E 
 2934 0959 76E479F3 		.ascii	"v\344y\3638\272 \305-?\366\364\213Is\322\036\"\177\010"
 2934      38BA20C5 
 2934      2D3FF6F4 
 2934      8B4973D2 
 2934      1E227F08 
 2935 096d 6D4DF13C 		.ascii	"mM\361<<\337\233\371\360|\017\231=\347o\031sx\242\347"
 2935      3CDF9BF9 
 2935      F07C0F99 
 2935      3DE76F19 
 2935      7378A2E7 
 2936 0981 03859E1C 		.ascii	"\003\205\236\034_\306\033>\377\253\005\0132\335^Wa\201"
 2936      5FC61B3E 
 2936      FFAB050B 
 2936      32DD5E57 
 2936      6181
 2937 0993 D79FF1DC 		.ascii	"\327\237\361\334\013\323\237\177\341\251\231\316\307"
 2937      0BD39F7F 
 2937      E1A999CE 
 2937      C7
 2938 09a0 663D34EB 		.ascii	"f=4\353\271G\247?\375\342\234'\037}f\366,\362\340\377"
 2938      B947A73F 
 2938      FDE29C27 
 2938      1F7D66F6 
 2938      2CF2E0FF 
 2939 09b4 218124B8 		.ascii	"!\201$\270\263\347\370\374\336Grs}\356\271~_\336\013"
 2939      B3E7F8FC 
 2939      DE477273 
 2939      7DEEB97E 
 2939      5FDE0B
 2940 09c7 BE05D682 		.ascii	"\276\005\326\202\234\177z]\201\324\377\222&'\337\235"
 2940      9C7F7A5D 
 2940      81D4FF92 
 2940      2627DF9D 
 2941 09d7 5BE8F16A 		.ascii	"[\350\361j\251\320\010oJ6\211wg?\216I\237y\371\025\257"
 2941      A9D0086F 
 2941      4A368977 
 2941      673F8E49 
 2941      9F79F915 
 2942 09ec 3BF077B4 		.ascii	";\360w\264\"\016\373|\3767\2057\223B\356]\201\004\015"
ARM GAS  C:\Users\angio\AppData\Local\Temp\ccwRbOv0.s 			page 92


 2942      220EFB7C 
 2942      FE378537 
 2942      9342EE5D 
 2942      81040D
 2943 09ff 2A481FC9 		.ascii	"*H\037\311\315\311\312\367z\024\255i\256\337\353\265"
 2943      CDC9CAF7 
 2943      7A14AD69 
 2943      AEDFEBB5 
 2944 0a0f 69B7CF07 		.ascii	"i\267\317\0072\003\205\005vw\366S\201\205fR\331\235"
 2944      32038505 
 2944      7677F653 
 2944      81856652 
 2944      D99D
 2945 0a21 EDCA2B44 		.ascii	"\355\312+D\343c\304\331\025H\216*\323\037\010\325\030"
 2945      E363C4D9 
 2945      15488E2A 
 2945      D31F08D5 
 2945      18
 2946 0a32 5888FAE2 		.ascii	"X\210\372\342D\246\027\363\221\363\325Xq\377$\336\331"
 2946      44A617F3 
 2946      91F3D558 
 2946      71FF24DE 
 2946      D9
 2947 0a43 3CDEF999 		.ascii	"<\336\371\231\205\271\001\241\314\212'\217\327/\315"
 2947      85B901A1 
 2947      CC8A278F 
 2947      D72FCD
 2948 0a52 47159605 		.ascii	"G\025\226\005\231Y\336\002)\337\2730\020'Tk}\223B\356"
 2948      9959DE02 
 2948      29DFBB30 
 2948      1027546B 
 2948      7D9342EE 
 2949 0a66 5D8119BF 		.ascii	"]\201\031\277\327#\315\356l\"\341\314y$n\260\304\233"
 2949      D723CDEE 
 2949      6C22E1CC 
 2949      79246EB0 
 2949      C49B
 2950 0a78 E4057EDF 		.ascii	"\344\005~\337\3539<-b\262\274\201\371\205\371n\247+"
 2950      EB393C2D 
 2950      62B2BC81 
 2950      F985F96E 
 2950      A72B
 2951 0a8a C050B1C5 		.ascii	"\300P\261\305\367F\276\327\217B]\201l?\322\311\332\305"
 2951      F746BED7 
 2951      8F425D81 
 2951      6C3FD2C9 
 2951      DAC5
 2952 0a9c 15B0BC56 		.ascii	"\025\260\274V\350-\364r\037\304\215b\334\270\002\322"
 2952      E82DF472 
 2952      1FC48D62 
 2952      DCB802D2 
 2953 0aac 02BFF7F5 		.ascii	"\002\277\367\365\277\374o?rs\012\002\\\214\342rqB\227"
 2953      BFFC6F3F 
 2953      72730A02 
 2953      5C8CE272 
 2953      714297
 2954 0abf 2BC5291B 		.ascii	"+\305)\033\267\222;;\323ov\244\231\2673\376\003\260"
ARM GAS  C:\Users\angio\AppData\Local\Temp\ccwRbOv0.s 			page 93


 2954      B7923B3B 
 2954      D36F76A4 
 2954      99B733FE 
 2954      03B0
 2955 0ad1 EFD75D   		.ascii	"\357\327]"
 2956              		.text
 2957              		.section	.gnu.lto_.symtab.1f2b6880,"e",%progbits
 2958 0000 5F5F6865 		.ascii	"__heap_init\000"
 2958      61705F69 
 2958      6E697400 
 2959 000c 00       		.ascii	"\000"
 2960 000d 00       		.ascii	"\000"
 2961 000e 00       		.ascii	"\000"
 2962 000f 00000000 		.ascii	"\000\000\000\000\000\000\000\000"
 2962      00000000 
 2963 0017 BC000000 		.ascii	"\274\000\000\000"
 2964 001b 63684865 		.ascii	"chHeapObjectInit\000"
 2964      61704F62 
 2964      6A656374 
 2964      496E6974 
 2964      00
 2965 002c 00       		.ascii	"\000"
 2966 002d 00       		.ascii	"\000"
 2967 002e 00       		.ascii	"\000"
 2968 002f 00000000 		.ascii	"\000\000\000\000\000\000\000\000"
 2968      00000000 
 2969 0037 D3000000 		.ascii	"\323\000\000\000"
 2970 003b 63684865 		.ascii	"chHeapAllocAligned\000"
 2970      6170416C 
 2970      6C6F6341 
 2970      6C69676E 
 2970      656400
 2971 004e 00       		.ascii	"\000"
 2972 004f 00       		.ascii	"\000"
 2973 0050 00       		.ascii	"\000"
 2974 0051 00000000 		.ascii	"\000\000\000\000\000\000\000\000"
 2974      00000000 
 2975 0059 D9000000 		.ascii	"\331\000\000\000"
 2976 005d 63684865 		.ascii	"chHeapFree\000"
 2976      61704672 
 2976      656500
 2977 0068 00       		.ascii	"\000"
 2978 0069 00       		.ascii	"\000"
 2979 006a 00       		.ascii	"\000"
 2980 006b 00000000 		.ascii	"\000\000\000\000\000\000\000\000"
 2980      00000000 
 2981 0073 DD000000 		.ascii	"\335\000\000\000"
 2982 0077 63684865 		.ascii	"chHeapStatus\000"
 2982      61705374 
 2982      61747573 
 2982      00
 2983 0084 00       		.ascii	"\000"
 2984 0085 00       		.ascii	"\000"
 2985 0086 00       		.ascii	"\000"
 2986 0087 00000000 		.ascii	"\000\000\000\000\000\000\000\000"
 2986      00000000 
 2987 008f E4000000 		.ascii	"\344\000\000\000"
ARM GAS  C:\Users\angio\AppData\Local\Temp\ccwRbOv0.s 			page 94


 2988 0093 6368436F 		.ascii	"chCoreAllocFromTop\000"
 2988      7265416C 
 2988      6C6F6346 
 2988      726F6D54 
 2988      6F7000
 2989 00a6 00       		.ascii	"\000"
 2990 00a7 02       		.ascii	"\002"
 2991 00a8 00       		.ascii	"\000"
 2992 00a9 00000000 		.ascii	"\000\000\000\000\000\000\000\000"
 2992      00000000 
 2993 00b1 C8000000 		.ascii	"\310\000\000\000"
 2994 00b5 63684D74 		.ascii	"chMtxObjectInit\000"
 2994      784F626A 
 2994      65637449 
 2994      6E697400 
 2995 00c5 00       		.ascii	"\000"
 2996 00c6 02       		.ascii	"\002"
 2997 00c7 00       		.ascii	"\000"
 2998 00c8 00000000 		.ascii	"\000\000\000\000\000\000\000\000"
 2998      00000000 
 2999 00d0 ED000000 		.ascii	"\355\000\000\000"
 3000 00d4 63684D74 		.ascii	"chMtxUnlock\000"
 3000      78556E6C 
 3000      6F636B00 
 3001 00e0 00       		.ascii	"\000"
 3002 00e1 02       		.ascii	"\002"
 3003 00e2 00       		.ascii	"\000"
 3004 00e3 00000000 		.ascii	"\000\000\000\000\000\000\000\000"
 3004      00000000 
 3005 00eb EF000000 		.ascii	"\357\000\000\000"
 3006 00ef 63684D74 		.ascii	"chMtxLock\000"
 3006      784C6F63 
 3006      6B00
 3007 00f9 00       		.ascii	"\000"
 3008 00fa 02       		.ascii	"\002"
 3009 00fb 00       		.ascii	"\000"
 3010 00fc 00000000 		.ascii	"\000\000\000\000\000\000\000\000"
 3010      00000000 
 3011 0104 F1000000 		.ascii	"\361\000\000\000"
 3012              		.text
 3013              		.section	.gnu.lto_.ext_symtab.1f2b6880,"e",%progbits
 3014 0000 01       		.ascii	"\001"
 3015 0001 01       		.ascii	"\001"
 3016 0002 00       		.ascii	"\000"
 3017 0003 01       		.ascii	"\001"
 3018 0004 00       		.ascii	"\000"
 3019 0005 01       		.ascii	"\001"
 3020 0006 00       		.ascii	"\000"
 3021 0007 01       		.ascii	"\001"
 3022 0008 00       		.ascii	"\000"
 3023 0009 01       		.ascii	"\001"
 3024 000a 00       		.ascii	"\000"
 3025 000b 01       		.ascii	"\001"
 3026 000c 00       		.ascii	"\000"
 3027 000d 01       		.ascii	"\001"
 3028 000e 00       		.ascii	"\000"
 3029 000f 01       		.ascii	"\001"
ARM GAS  C:\Users\angio\AppData\Local\Temp\ccwRbOv0.s 			page 95


 3030 0010 00       		.ascii	"\000"
 3031 0011 01       		.ascii	"\001"
 3032 0012 00       		.ascii	"\000"
 3033              		.text
 3034              		.section	.gnu.lto_.opts,"e",%progbits
 3035 0000 272D666E 		.ascii	"'-fno-openmp' '-fno-openacc' '-fno-pie' '-fcf-prote"
 3035      6F2D6F70 
 3035      656E6D70 
 3035      2720272D 
 3035      666E6F2D 
 3036 0033 6374696F 		.ascii	"ction=none' '-g' '-mcpu=cortex-m4' '-mthumb' '-mflo"
 3036      6E3D6E6F 
 3036      6E652720 
 3036      272D6727 
 3036      20272D6D 
 3037 0066 61742D61 		.ascii	"at-abi=soft' '-mlibarch=armv7e-m' '-march=armv7e-m'"
 3037      62693D73 
 3037      6F667427 
 3037      20272D6D 
 3037      6C696261 
 3038 0099 20272D4F 		.ascii	" '-O0' '-fomit-frame-pointer' '-falign-functions=16"
 3038      30272027 
 3038      2D666F6D 
 3038      69742D66 
 3038      72616D65 
 3039 00cc 2720272D 		.ascii	"' '-ffunction-sections' '-fdata-sections' '-fno-com"
 3039      6666756E 
 3039      6374696F 
 3039      6E2D7365 
 3039      6374696F 
 3040 00ff 6D6F6E27 		.ascii	"mon' '-flto' '-Xassembler' '-alms=./build/lst/chmem"
 3040      20272D66 
 3040      6C746F27 
 3040      20272D58 
 3040      61737365 
 3041 0132 68656170 		.ascii	"heaps.lst'\000"
 3041      732E6C73 
 3041      742700
 3042              		.text
 3043              		.comm	__gnu_lto_slim,1,1
 3044              		.ident	"GCC: (GNU Arm Embedded Toolchain 10.3-2021.10) 10.3.1 20210824 (release)"
ARM GAS  C:\Users\angio\AppData\Local\Temp\ccwRbOv0.s 			page 96


DEFINED SYMBOLS
                            *ABS*:00000000 chmemheaps.c
C:\Users\angio\AppData\Local\Temp\ccwRbOv0.s:34     .gnu.debuglto_.debug_info:00000000 chmemheaps.c.d8fea8fd
                            *COM*:00000001 __gnu_lto_slim

NO UNDEFINED SYMBOLS
