ARM GAS  C:\Users\angio\AppData\Local\Temp\ccENNZB8.s 			page 1


   1              		.cpu cortex-m4
   2              		.arch armv7e-m
   3              		.fpu softvfp
   4              		.eabi_attribute 20, 1
   5              		.eabi_attribute 21, 1
   6              		.eabi_attribute 23, 3
   7              		.eabi_attribute 24, 1
   8              		.eabi_attribute 25, 1
   9              		.eabi_attribute 26, 1
  10              		.eabi_attribute 30, 6
  11              		.eabi_attribute 34, 1
  12              		.eabi_attribute 18, 4
  13              		.file	"chobjcaches.c"
  14              		.file 1 "c:\\chibistudio\\tools\\gnu tools arm embedded\\10.3 2021.10\\lib\\gcc\\arm-none-eabi\\10
  15              		.file 2 "c:\\chibistudio\\tools\\gnu tools arm embedded\\10.3 2021.10\\arm-none-eabi\\include\\mac
  16              		.file 3 "c:\\chibistudio\\tools\\gnu tools arm embedded\\10.3 2021.10\\arm-none-eabi\\include\\sys
  17              		.file 4 "../../chibios2111/os/rt/include/chearly.h"
  18              		.file 5 "../../chibios2111/os/rt/include/chlists.h"
  19              		.file 6 "../../chibios2111/os/rt/include/chsem.h"
  20              		.file 7 "../../chibios2111/os/oslib/include/chobjcaches.h"
  21              		.file 8 "../../chibios2111/os/oslib/src/chobjcaches.c"
  22              		.file 9 "../../chibios2111/os/rt/include/chsys.h"
  23              		.file 10 "../../chibios2111/os/common/ports/ARMv7-M-ALT/chcore.h"
  24              		.file 11 "../../chibios2111/os/common/ext/ARM/CMSIS/Core/Include/cmsis_gcc.h"
  25              		.section	.gnu.debuglto_.debug_info,"e",%progbits
  26              	.Ldebug_info0:
  27              		.hidden	chobjcaches.c.4fc50802
  28              		.weak	chobjcaches.c.4fc50802
  29              	chobjcaches.c.4fc50802:
  30 0000 6C060000 		.4byte	0x66c
  31 0004 0400     		.2byte	0x4
  32 0006 00000000 		.4byte	.Ldebug_abbrev0
  33 000a 04       		.byte	0x4
  34 000b 01       		.uleb128 0x1
  35 000c B7030000 		.4byte	.LASF76
  36 0010 0C       		.byte	0xc
  37 0011 B2010000 		.4byte	.LASF77
  38 0015 F3020000 		.4byte	.LASF78
  39 0019 00000000 		.4byte	.Ldebug_line0
  40 001d 02       		.uleb128 0x2
  41 001e 04       		.byte	0x4
  42 001f 05       		.byte	0x5
  43 0020 696E7400 		.ascii	"int\000"
  44 0024 03       		.uleb128 0x3
  45 0025 28000000 		.4byte	.LASF4
  46 0029 01       		.byte	0x1
  47 002a D1       		.byte	0xd1
  48 002b 17       		.byte	0x17
  49 002c 30000000 		.4byte	0x30
  50 0030 04       		.uleb128 0x4
  51 0031 04       		.byte	0x4
  52 0032 07       		.byte	0x7
  53 0033 10020000 		.4byte	.LASF0
  54 0037 04       		.uleb128 0x4
  55 0038 08       		.byte	0x8
  56 0039 05       		.byte	0x5
  57 003a 33010000 		.4byte	.LASF1
ARM GAS  C:\Users\angio\AppData\Local\Temp\ccENNZB8.s 			page 2


  58 003e 04       		.uleb128 0x4
  59 003f 08       		.byte	0x8
  60 0040 04       		.byte	0x4
  61 0041 27010000 		.4byte	.LASF2
  62 0045 04       		.uleb128 0x4
  63 0046 01       		.byte	0x1
  64 0047 06       		.byte	0x6
  65 0048 F8010000 		.4byte	.LASF3
  66 004c 03       		.uleb128 0x3
  67 004d 6C010000 		.4byte	.LASF5
  68 0051 02       		.byte	0x2
  69 0052 2B       		.byte	0x2b
  70 0053 18       		.byte	0x18
  71 0054 58000000 		.4byte	0x58
  72 0058 04       		.uleb128 0x4
  73 0059 01       		.byte	0x1
  74 005a 08       		.byte	0x8
  75 005b 8C010000 		.4byte	.LASF6
  76 005f 04       		.uleb128 0x4
  77 0060 02       		.byte	0x2
  78 0061 05       		.byte	0x5
  79 0062 1E000000 		.4byte	.LASF7
  80 0066 04       		.uleb128 0x4
  81 0067 02       		.byte	0x2
  82 0068 07       		.byte	0x7
  83 0069 3B020000 		.4byte	.LASF8
  84 006d 03       		.uleb128 0x3
  85 006e EE010000 		.4byte	.LASF9
  86 0072 02       		.byte	0x2
  87 0073 4D       		.byte	0x4d
  88 0074 18       		.byte	0x18
  89 0075 79000000 		.4byte	0x79
  90 0079 04       		.uleb128 0x4
  91 007a 04       		.byte	0x4
  92 007b 05       		.byte	0x5
  93 007c 63010000 		.4byte	.LASF10
  94 0080 03       		.uleb128 0x3
  95 0081 E8020000 		.4byte	.LASF11
  96 0085 02       		.byte	0x2
  97 0086 4F       		.byte	0x4f
  98 0087 19       		.byte	0x19
  99 0088 8C000000 		.4byte	0x8c
 100 008c 04       		.uleb128 0x4
 101 008d 04       		.byte	0x4
 102 008e 07       		.byte	0x7
 103 008f B9020000 		.4byte	.LASF12
 104 0093 04       		.uleb128 0x4
 105 0094 08       		.byte	0x8
 106 0095 07       		.byte	0x7
 107 0096 41010000 		.4byte	.LASF13
 108 009a 03       		.uleb128 0x3
 109 009b D6000000 		.4byte	.LASF14
 110 009f 03       		.byte	0x3
 111 00a0 18       		.byte	0x18
 112 00a1 13       		.byte	0x13
 113 00a2 4C000000 		.4byte	0x4c
 114 00a6 03       		.uleb128 0x3
ARM GAS  C:\Users\angio\AppData\Local\Temp\ccENNZB8.s 			page 3


 115 00a7 87020000 		.4byte	.LASF15
 116 00ab 03       		.byte	0x3
 117 00ac 2C       		.byte	0x2c
 118 00ad 13       		.byte	0x13
 119 00ae 6D000000 		.4byte	0x6d
 120 00b2 03       		.uleb128 0x3
 121 00b3 0C010000 		.4byte	.LASF16
 122 00b7 03       		.byte	0x3
 123 00b8 30       		.byte	0x30
 124 00b9 14       		.byte	0x14
 125 00ba 80000000 		.4byte	0x80
 126 00be 03       		.uleb128 0x3
 127 00bf 8F020000 		.4byte	.LASF17
 128 00c3 04       		.byte	0x4
 129 00c4 5C       		.byte	0x5c
 130 00c5 19       		.byte	0x19
 131 00c6 A6000000 		.4byte	0xa6
 132 00ca 03       		.uleb128 0x3
 133 00cb 80020000 		.4byte	.LASF18
 134 00cf 04       		.byte	0x4
 135 00d0 5D       		.byte	0x5d
 136 00d1 19       		.byte	0x19
 137 00d2 B2000000 		.4byte	0xb2
 138 00d6 04       		.uleb128 0x4
 139 00d7 01       		.byte	0x1
 140 00d8 08       		.byte	0x8
 141 00d9 71020000 		.4byte	.LASF19
 142 00dd 05       		.uleb128 0x5
 143 00de D6000000 		.4byte	0xd6
 144 00e2 03       		.uleb128 0x3
 145 00e3 01010000 		.4byte	.LASF20
 146 00e7 05       		.byte	0x5
 147 00e8 3F       		.byte	0x3f
 148 00e9 19       		.byte	0x19
 149 00ea EE000000 		.4byte	0xee
 150 00ee 06       		.uleb128 0x6
 151 00ef 5C030000 		.4byte	.LASF23
 152 00f3 08       		.byte	0x8
 153 00f4 05       		.byte	0x5
 154 00f5 45       		.byte	0x45
 155 00f6 08       		.byte	0x8
 156 00f7 16010000 		.4byte	0x116
 157 00fb 07       		.uleb128 0x7
 158 00fc 19000000 		.4byte	.LASF21
 159 0100 05       		.byte	0x5
 160 0101 46       		.byte	0x46
 161 0102 1A       		.byte	0x1a
 162 0103 16010000 		.4byte	0x116
 163 0107 00       		.byte	0
 164 0108 07       		.uleb128 0x7
 165 0109 9E030000 		.4byte	.LASF22
 166 010d 05       		.byte	0x5
 167 010e 47       		.byte	0x47
 168 010f 1A       		.byte	0x1a
 169 0110 16010000 		.4byte	0x116
 170 0114 04       		.byte	0x4
 171 0115 00       		.byte	0
ARM GAS  C:\Users\angio\AppData\Local\Temp\ccENNZB8.s 			page 4


 172 0116 08       		.uleb128 0x8
 173 0117 04       		.byte	0x4
 174 0118 E2000000 		.4byte	0xe2
 175 011c 09       		.uleb128 0x9
 176 011d 04       		.byte	0x4
 177 011e 06       		.uleb128 0x6
 178 011f 35030000 		.4byte	.LASF24
 179 0123 0C       		.byte	0xc
 180 0124 06       		.byte	0x6
 181 0125 34       		.byte	0x34
 182 0126 10       		.byte	0x10
 183 0127 46010000 		.4byte	0x146
 184 012b 07       		.uleb128 0x7
 185 012c 7E010000 		.4byte	.LASF25
 186 0130 06       		.byte	0x6
 187 0131 35       		.byte	0x35
 188 0132 19       		.byte	0x19
 189 0133 E2000000 		.4byte	0xe2
 190 0137 00       		.byte	0
 191 0138 0A       		.uleb128 0xa
 192 0139 636E7400 		.ascii	"cnt\000"
 193 013d 06       		.byte	0x6
 194 013e 37       		.byte	0x37
 195 013f 19       		.byte	0x19
 196 0140 BE000000 		.4byte	0xbe
 197 0144 08       		.byte	0x8
 198 0145 00       		.byte	0
 199 0146 03       		.uleb128 0x3
 200 0147 15010000 		.4byte	.LASF26
 201 014b 06       		.byte	0x6
 202 014c 38       		.byte	0x38
 203 014d 03       		.byte	0x3
 204 014e 1E010000 		.4byte	0x11e
 205 0152 05       		.uleb128 0x5
 206 0153 46010000 		.4byte	0x146
 207 0157 04       		.uleb128 0x4
 208 0158 01       		.byte	0x1
 209 0159 02       		.byte	0x2
 210 015a A7020000 		.4byte	.LASF27
 211 015e 03       		.uleb128 0x3
 212 015f 58010000 		.4byte	.LASF28
 213 0163 07       		.byte	0x7
 214 0164 44       		.byte	0x44
 215 0165 12       		.byte	0x12
 216 0166 B2000000 		.4byte	0xb2
 217 016a 03       		.uleb128 0x3
 218 016b 76030000 		.4byte	.LASF29
 219 016f 07       		.byte	0x7
 220 0170 49       		.byte	0x49
 221 0171 22       		.byte	0x22
 222 0172 76010000 		.4byte	0x176
 223 0176 06       		.uleb128 0x6
 224 0177 29020000 		.4byte	.LASF30
 225 017b 08       		.byte	0x8
 226 017c 07       		.byte	0x7
 227 017d 75       		.byte	0x75
 228 017e 08       		.byte	0x8
ARM GAS  C:\Users\angio\AppData\Local\Temp\ccENNZB8.s 			page 5


 229 017f 9E010000 		.4byte	0x19e
 230 0183 07       		.uleb128 0x7
 231 0184 DE020000 		.4byte	.LASF31
 232 0188 07       		.byte	0x7
 233 0189 79       		.byte	0x79
 234 018a 1A       		.byte	0x1a
 235 018b 48030000 		.4byte	0x348
 236 018f 00       		.byte	0
 237 0190 07       		.uleb128 0x7
 238 0191 5C020000 		.4byte	.LASF32
 239 0195 07       		.byte	0x7
 240 0196 7D       		.byte	0x7d
 241 0197 1A       		.byte	0x1a
 242 0198 48030000 		.4byte	0x348
 243 019c 04       		.byte	0x4
 244 019d 00       		.byte	0
 245 019e 03       		.uleb128 0x3
 246 019f 4C030000 		.4byte	.LASF33
 247 01a3 07       		.byte	0x7
 248 01a4 4E       		.byte	0x4e
 249 01a5 21       		.byte	0x21
 250 01a6 AA010000 		.4byte	0x1aa
 251 01aa 06       		.uleb128 0x6
 252 01ab 65030000 		.4byte	.LASF34
 253 01af 10       		.byte	0x10
 254 01b0 07       		.byte	0x7
 255 01b1 83       		.byte	0x83
 256 01b2 08       		.byte	0x8
 257 01b3 EC010000 		.4byte	0x1ec
 258 01b7 07       		.uleb128 0x7
 259 01b8 DE020000 		.4byte	.LASF31
 260 01bc 07       		.byte	0x7
 261 01bd 87       		.byte	0x87
 262 01be 1A       		.byte	0x1a
 263 01bf 48030000 		.4byte	0x348
 264 01c3 00       		.byte	0
 265 01c4 07       		.uleb128 0x7
 266 01c5 5C020000 		.4byte	.LASF32
 267 01c9 07       		.byte	0x7
 268 01ca 8B       		.byte	0x8b
 269 01cb 1A       		.byte	0x1a
 270 01cc 48030000 		.4byte	0x348
 271 01d0 04       		.byte	0x4
 272 01d1 07       		.uleb128 0x7
 273 01d2 A3030000 		.4byte	.LASF35
 274 01d6 07       		.byte	0x7
 275 01d7 8F       		.byte	0x8f
 276 01d8 1A       		.byte	0x1a
 277 01d9 48030000 		.4byte	0x348
 278 01dd 08       		.byte	0x8
 279 01de 07       		.uleb128 0x7
 280 01df 95030000 		.4byte	.LASF36
 281 01e3 07       		.byte	0x7
 282 01e4 93       		.byte	0x93
 283 01e5 1A       		.byte	0x1a
 284 01e6 48030000 		.4byte	0x348
 285 01ea 0C       		.byte	0xc
ARM GAS  C:\Users\angio\AppData\Local\Temp\ccENNZB8.s 			page 6


 286 01eb 00       		.byte	0
 287 01ec 03       		.uleb128 0x3
 288 01ed 8D000000 		.4byte	.LASF37
 289 01f1 07       		.byte	0x7
 290 01f2 53       		.byte	0x53
 291 01f3 1D       		.byte	0x1d
 292 01f4 F8010000 		.4byte	0x1f8
 293 01f8 06       		.uleb128 0x6
 294 01f9 40000000 		.4byte	.LASF38
 295 01fd 2C       		.byte	0x2c
 296 01fe 07       		.byte	0x7
 297 01ff 99       		.byte	0x99
 298 0200 08       		.byte	0x8
 299 0201 7B020000 		.4byte	0x27b
 300 0205 07       		.uleb128 0x7
 301 0206 DE020000 		.4byte	.LASF31
 302 020a 07       		.byte	0x7
 303 020b 9D       		.byte	0x9d
 304 020c 1A       		.byte	0x1a
 305 020d 48030000 		.4byte	0x348
 306 0211 00       		.byte	0
 307 0212 07       		.uleb128 0x7
 308 0213 5C020000 		.4byte	.LASF32
 309 0217 07       		.byte	0x7
 310 0218 A1       		.byte	0xa1
 311 0219 1A       		.byte	0x1a
 312 021a 48030000 		.4byte	0x348
 313 021e 04       		.byte	0x4
 314 021f 07       		.uleb128 0x7
 315 0220 A3030000 		.4byte	.LASF35
 316 0224 07       		.byte	0x7
 317 0225 A5       		.byte	0xa5
 318 0226 1A       		.byte	0x1a
 319 0227 48030000 		.4byte	0x348
 320 022b 08       		.byte	0x8
 321 022c 07       		.uleb128 0x7
 322 022d 95030000 		.4byte	.LASF36
 323 0231 07       		.byte	0x7
 324 0232 A9       		.byte	0xa9
 325 0233 1A       		.byte	0x1a
 326 0234 48030000 		.4byte	0x348
 327 0238 0C       		.byte	0xc
 328 0239 07       		.uleb128 0x7
 329 023a 5E000000 		.4byte	.LASF39
 330 023e 07       		.byte	0x7
 331 023f AD       		.byte	0xad
 332 0240 19       		.byte	0x19
 333 0241 B2000000 		.4byte	0xb2
 334 0245 10       		.byte	0x10
 335 0246 07       		.uleb128 0x7
 336 0247 76010000 		.4byte	.LASF40
 337 024b 07       		.byte	0x7
 338 024c B1       		.byte	0xb1
 339 024d 19       		.byte	0x19
 340 024e B2000000 		.4byte	0xb2
 341 0252 14       		.byte	0x14
 342 0253 07       		.uleb128 0x7
ARM GAS  C:\Users\angio\AppData\Local\Temp\ccENNZB8.s 			page 7


 343 0254 84010000 		.4byte	.LASF41
 344 0258 07       		.byte	0x7
 345 0259 B5       		.byte	0xb5
 346 025a 19       		.byte	0x19
 347 025b 46010000 		.4byte	0x146
 348 025f 18       		.byte	0x18
 349 0260 07       		.uleb128 0x7
 350 0261 4D000000 		.4byte	.LASF42
 351 0265 07       		.byte	0x7
 352 0266 B9       		.byte	0xb9
 353 0267 19       		.byte	0x19
 354 0268 5E010000 		.4byte	0x15e
 355 026c 24       		.byte	0x24
 356 026d 07       		.uleb128 0x7
 357 026e 0C000000 		.4byte	.LASF43
 358 0272 07       		.byte	0x7
 359 0273 BF       		.byte	0xbf
 360 0274 1A       		.byte	0x1a
 361 0275 1C010000 		.4byte	0x11c
 362 0279 28       		.byte	0x28
 363 027a 00       		.byte	0
 364 027b 03       		.uleb128 0x3
 365 027c B5000000 		.4byte	.LASF44
 366 0280 07       		.byte	0x7
 367 0281 58       		.byte	0x58
 368 0282 21       		.byte	0x21
 369 0283 87020000 		.4byte	0x287
 370 0287 06       		.uleb128 0x6
 371 0288 C5000000 		.4byte	.LASF45
 372 028c 44       		.byte	0x44
 373 028d 07       		.byte	0x7
 374 028e C5       		.byte	0xc5
 375 028f 08       		.byte	0x8
 376 0290 17030000 		.4byte	0x317
 377 0294 07       		.uleb128 0x7
 378 0295 0A020000 		.4byte	.LASF46
 379 0299 07       		.byte	0x7
 380 029a C9       		.byte	0xc9
 381 029b 19       		.byte	0x19
 382 029c CA000000 		.4byte	0xca
 383 02a0 00       		.byte	0
 384 02a1 07       		.uleb128 0x7
 385 02a2 1D020000 		.4byte	.LASF47
 386 02a6 07       		.byte	0x7
 387 02a7 CD       		.byte	0xcd
 388 02a8 1A       		.byte	0x1a
 389 02a9 5A030000 		.4byte	0x35a
 390 02ad 04       		.byte	0x4
 391 02ae 07       		.uleb128 0x7
 392 02af 42030000 		.4byte	.LASF48
 393 02b3 07       		.byte	0x7
 394 02b4 D1       		.byte	0xd1
 395 02b5 19       		.byte	0x19
 396 02b6 CA000000 		.4byte	0xca
 397 02ba 08       		.byte	0x8
 398 02bb 07       		.uleb128 0x7
 399 02bc 21010000 		.4byte	.LASF49
ARM GAS  C:\Users\angio\AppData\Local\Temp\ccENNZB8.s 			page 8


 400 02c0 07       		.byte	0x7
 401 02c1 D5       		.byte	0xd5
 402 02c2 19       		.byte	0x19
 403 02c3 24000000 		.4byte	0x24
 404 02c7 0C       		.byte	0xc
 405 02c8 07       		.uleb128 0x7
 406 02c9 AF000000 		.4byte	.LASF50
 407 02cd 07       		.byte	0x7
 408 02ce D9       		.byte	0xd9
 409 02cf 1A       		.byte	0x1a
 410 02d0 1C010000 		.4byte	0x11c
 411 02d4 10       		.byte	0x10
 412 02d5 0A       		.uleb128 0xa
 413 02d6 6C727500 		.ascii	"lru\000"
 414 02da 07       		.byte	0x7
 415 02db DD       		.byte	0xdd
 416 02dc 19       		.byte	0x19
 417 02dd 9E010000 		.4byte	0x19e
 418 02e1 14       		.byte	0x14
 419 02e2 07       		.uleb128 0x7
 420 02e3 76020000 		.4byte	.LASF51
 421 02e7 07       		.byte	0x7
 422 02e8 E1       		.byte	0xe1
 423 02e9 19       		.byte	0x19
 424 02ea 46010000 		.4byte	0x146
 425 02ee 24       		.byte	0x24
 426 02ef 07       		.uleb128 0x7
 427 02f0 11000000 		.4byte	.LASF52
 428 02f4 07       		.byte	0x7
 429 02f5 E5       		.byte	0xe5
 430 02f6 19       		.byte	0x19
 431 02f7 46010000 		.4byte	0x146
 432 02fb 30       		.byte	0x30
 433 02fc 07       		.uleb128 0x7
 434 02fd 23020000 		.4byte	.LASF53
 435 0301 07       		.byte	0x7
 436 0302 E9       		.byte	0xe9
 437 0303 19       		.byte	0x19
 438 0304 17030000 		.4byte	0x317
 439 0308 3C       		.byte	0x3c
 440 0309 07       		.uleb128 0x7
 441 030a 57000000 		.4byte	.LASF54
 442 030e 07       		.byte	0x7
 443 030f ED       		.byte	0xed
 444 0310 19       		.byte	0x19
 445 0311 4E030000 		.4byte	0x34e
 446 0315 40       		.byte	0x40
 447 0316 00       		.byte	0
 448 0317 03       		.uleb128 0x3
 449 0318 66020000 		.4byte	.LASF55
 450 031c 07       		.byte	0x7
 451 031d 62       		.byte	0x62
 452 031e 10       		.byte	0x10
 453 031f 23030000 		.4byte	0x323
 454 0323 08       		.uleb128 0x8
 455 0324 04       		.byte	0x4
 456 0325 29030000 		.4byte	0x329
ARM GAS  C:\Users\angio\AppData\Local\Temp\ccENNZB8.s 			page 9


 457 0329 0B       		.uleb128 0xb
 458 032a 57010000 		.4byte	0x157
 459 032e 42030000 		.4byte	0x342
 460 0332 0C       		.uleb128 0xc
 461 0333 42030000 		.4byte	0x342
 462 0337 0C       		.uleb128 0xc
 463 0338 48030000 		.4byte	0x348
 464 033c 0C       		.uleb128 0xc
 465 033d 57010000 		.4byte	0x157
 466 0341 00       		.byte	0
 467 0342 08       		.uleb128 0x8
 468 0343 04       		.byte	0x4
 469 0344 7B020000 		.4byte	0x27b
 470 0348 08       		.uleb128 0x8
 471 0349 04       		.byte	0x4
 472 034a EC010000 		.4byte	0x1ec
 473 034e 03       		.uleb128 0x3
 474 034f 00000000 		.4byte	.LASF56
 475 0353 07       		.byte	0x7
 476 0354 6E       		.byte	0x6e
 477 0355 10       		.byte	0x10
 478 0356 23030000 		.4byte	0x323
 479 035a 08       		.uleb128 0x8
 480 035b 04       		.byte	0x4
 481 035c 6A010000 		.4byte	0x16a
 482 0360 0D       		.uleb128 0xd
 483 0361 CB020000 		.4byte	.LASF59
 484 0365 08       		.byte	0x8
 485 0366 DD01     		.2byte	0x1dd
 486 0368 06       		.byte	0x6
 487 0369 57010000 		.4byte	0x157
 488 036d 99030000 		.4byte	0x399
 489 0371 0E       		.uleb128 0xe
 490 0372 6F637000 		.ascii	"ocp\000"
 491 0376 08       		.byte	0x8
 492 0377 DD01     		.2byte	0x1dd
 493 0379 2A       		.byte	0x2a
 494 037a 42030000 		.4byte	0x342
 495 037e 0F       		.uleb128 0xf
 496 037f 47030000 		.4byte	.LASF57
 497 0383 08       		.byte	0x8
 498 0384 DE01     		.2byte	0x1de
 499 0386 26       		.byte	0x26
 500 0387 48030000 		.4byte	0x348
 501 038b 0F       		.uleb128 0xf
 502 038c 56020000 		.4byte	.LASF58
 503 0390 08       		.byte	0x8
 504 0391 DF01     		.2byte	0x1df
 505 0393 1E       		.byte	0x1e
 506 0394 57010000 		.4byte	0x157
 507 0398 00       		.byte	0
 508 0399 0D       		.uleb128 0xd
 509 039a 95020000 		.4byte	.LASF60
 510 039e 08       		.byte	0x8
 511 039f C001     		.2byte	0x1c0
 512 03a1 06       		.byte	0x6
 513 03a2 57010000 		.4byte	0x157
ARM GAS  C:\Users\angio\AppData\Local\Temp\ccENNZB8.s 			page 10


 514 03a6 D2030000 		.4byte	0x3d2
 515 03aa 0E       		.uleb128 0xe
 516 03ab 6F637000 		.ascii	"ocp\000"
 517 03af 08       		.byte	0x8
 518 03b0 C001     		.2byte	0x1c0
 519 03b2 29       		.byte	0x29
 520 03b3 42030000 		.4byte	0x342
 521 03b7 0F       		.uleb128 0xf
 522 03b8 47030000 		.4byte	.LASF57
 523 03bc 08       		.byte	0x8
 524 03bd C101     		.2byte	0x1c1
 525 03bf 25       		.byte	0x25
 526 03c0 48030000 		.4byte	0x348
 527 03c4 0F       		.uleb128 0xf
 528 03c5 56020000 		.4byte	.LASF58
 529 03c9 08       		.byte	0x8
 530 03ca C201     		.2byte	0x1c2
 531 03cc 1D       		.byte	0x1d
 532 03cd 57010000 		.4byte	0x157
 533 03d1 00       		.byte	0
 534 03d2 10       		.uleb128 0x10
 535 03d3 99000000 		.4byte	.LASF64
 536 03d7 08       		.byte	0x8
 537 03d8 7A01     		.2byte	0x17a
 538 03da 06       		.byte	0x6
 539 03db 03040000 		.4byte	0x403
 540 03df 0E       		.uleb128 0xe
 541 03e0 6F637000 		.ascii	"ocp\000"
 542 03e4 08       		.byte	0x8
 543 03e5 7A01     		.2byte	0x17a
 544 03e7 2D       		.byte	0x2d
 545 03e8 42030000 		.4byte	0x342
 546 03ec 0F       		.uleb128 0xf
 547 03ed 47030000 		.4byte	.LASF57
 548 03f1 08       		.byte	0x8
 549 03f2 7B01     		.2byte	0x17b
 550 03f4 29       		.byte	0x29
 551 03f5 48030000 		.4byte	0x348
 552 03f9 11       		.uleb128 0x11
 553 03fa A9010000 		.4byte	.LASF63
 554 03fe 13040000 		.4byte	0x413
 555 0402 00       		.byte	0
 556 0403 12       		.uleb128 0x12
 557 0404 DD000000 		.4byte	0xdd
 558 0408 13040000 		.4byte	0x413
 559 040c 13       		.uleb128 0x13
 560 040d 30000000 		.4byte	0x30
 561 0411 15       		.byte	0x15
 562 0412 00       		.byte	0
 563 0413 05       		.uleb128 0x5
 564 0414 03040000 		.4byte	0x403
 565 0418 0D       		.uleb128 0xd
 566 0419 F0000000 		.4byte	.LASF61
 567 041d 08       		.byte	0x8
 568 041e 2F01     		.2byte	0x12f
 569 0420 0E       		.byte	0xe
 570 0421 48030000 		.4byte	0x348
ARM GAS  C:\Users\angio\AppData\Local\Temp\ccENNZB8.s 			page 11


 571 0425 76040000 		.4byte	0x476
 572 0429 0E       		.uleb128 0xe
 573 042a 6F637000 		.ascii	"ocp\000"
 574 042e 08       		.byte	0x8
 575 042f 2F01     		.2byte	0x12f
 576 0431 30       		.byte	0x30
 577 0432 42030000 		.4byte	0x342
 578 0436 0F       		.uleb128 0xf
 579 0437 04020000 		.4byte	.LASF62
 580 043b 08       		.byte	0x8
 581 043c 3001     		.2byte	0x130
 582 043e 28       		.byte	0x28
 583 043f B2000000 		.4byte	0xb2
 584 0443 0E       		.uleb128 0xe
 585 0444 6B657900 		.ascii	"key\000"
 586 0448 08       		.byte	0x8
 587 0449 3101     		.2byte	0x131
 588 044b 28       		.byte	0x28
 589 044c B2000000 		.4byte	0xb2
 590 0450 14       		.uleb128 0x14
 591 0451 47030000 		.4byte	.LASF57
 592 0455 08       		.byte	0x8
 593 0456 3201     		.2byte	0x132
 594 0458 10       		.byte	0x10
 595 0459 48030000 		.4byte	0x348
 596 045d 11       		.uleb128 0x11
 597 045e A9010000 		.4byte	.LASF63
 598 0462 86040000 		.4byte	0x486
 599 0466 15       		.uleb128 0x15
 600 0467 16       		.uleb128 0x16
 601 0468 68687000 		.ascii	"hhp\000"
 602 046c 08       		.byte	0x8
 603 046d 6001     		.2byte	0x160
 604 046f 05       		.byte	0x5
 605 0470 5A030000 		.4byte	0x35a
 606 0474 00       		.byte	0
 607 0475 00       		.byte	0
 608 0476 12       		.uleb128 0x12
 609 0477 DD000000 		.4byte	0xdd
 610 047b 86040000 		.4byte	0x486
 611 047f 13       		.uleb128 0x13
 612 0480 30000000 		.4byte	0x30
 613 0484 10       		.byte	0x10
 614 0485 00       		.byte	0
 615 0486 05       		.uleb128 0x5
 616 0487 76040000 		.4byte	0x476
 617 048b 17       		.uleb128 0x17
 618 048c DE000000 		.4byte	.LASF65
 619 0490 08       		.byte	0x8
 620 0491 F0       		.byte	0xf0
 621 0492 06       		.byte	0x6
 622 0493 10050000 		.4byte	0x510
 623 0497 18       		.uleb128 0x18
 624 0498 6F637000 		.ascii	"ocp\000"
 625 049c 08       		.byte	0x8
 626 049d F0       		.byte	0xf0
 627 049e 29       		.byte	0x29
ARM GAS  C:\Users\angio\AppData\Local\Temp\ccENNZB8.s 			page 12


 628 049f 42030000 		.4byte	0x342
 629 04a3 19       		.uleb128 0x19
 630 04a4 0A020000 		.4byte	.LASF46
 631 04a8 08       		.byte	0x8
 632 04a9 F1       		.byte	0xf1
 633 04aa 1F       		.byte	0x1f
 634 04ab CA000000 		.4byte	0xca
 635 04af 19       		.uleb128 0x19
 636 04b0 1D020000 		.4byte	.LASF47
 637 04b4 08       		.byte	0x8
 638 04b5 F2       		.byte	0xf2
 639 04b6 2A       		.byte	0x2a
 640 04b7 5A030000 		.4byte	0x35a
 641 04bb 19       		.uleb128 0x19
 642 04bc 42030000 		.4byte	.LASF48
 643 04c0 08       		.byte	0x8
 644 04c1 F3       		.byte	0xf3
 645 04c2 1F       		.byte	0x1f
 646 04c3 CA000000 		.4byte	0xca
 647 04c7 19       		.uleb128 0x19
 648 04c8 21010000 		.4byte	.LASF49
 649 04cc 08       		.byte	0x8
 650 04cd F4       		.byte	0xf4
 651 04ce 1F       		.byte	0x1f
 652 04cf 24000000 		.4byte	0x24
 653 04d3 19       		.uleb128 0x19
 654 04d4 AF000000 		.4byte	.LASF50
 655 04d8 08       		.byte	0x8
 656 04d9 F5       		.byte	0xf5
 657 04da 1E       		.byte	0x1e
 658 04db 1C010000 		.4byte	0x11c
 659 04df 19       		.uleb128 0x19
 660 04e0 23020000 		.4byte	.LASF53
 661 04e4 08       		.byte	0x8
 662 04e5 F6       		.byte	0xf6
 663 04e6 23       		.byte	0x23
 664 04e7 17030000 		.4byte	0x317
 665 04eb 19       		.uleb128 0x19
 666 04ec 57000000 		.4byte	.LASF54
 667 04f0 08       		.byte	0x8
 668 04f1 F7       		.byte	0xf7
 669 04f2 24       		.byte	0x24
 670 04f3 4E030000 		.4byte	0x34e
 671 04f7 11       		.uleb128 0x11
 672 04f8 A9010000 		.4byte	.LASF63
 673 04fc 20050000 		.4byte	0x520
 674 0500 15       		.uleb128 0x15
 675 0501 14       		.uleb128 0x14
 676 0502 47030000 		.4byte	.LASF57
 677 0506 08       		.byte	0x8
 678 0507 1501     		.2byte	0x115
 679 0509 12       		.byte	0x12
 680 050a 48030000 		.4byte	0x348
 681 050e 00       		.byte	0
 682 050f 00       		.byte	0
 683 0510 12       		.uleb128 0x12
 684 0511 DD000000 		.4byte	0xdd
ARM GAS  C:\Users\angio\AppData\Local\Temp\ccENNZB8.s 			page 13


 685 0515 20050000 		.4byte	0x520
 686 0519 13       		.uleb128 0x13
 687 051a 30000000 		.4byte	0x30
 688 051e 11       		.byte	0x11
 689 051f 00       		.byte	0
 690 0520 05       		.uleb128 0x5
 691 0521 10050000 		.4byte	0x510
 692 0525 1A       		.uleb128 0x1a
 693 0526 9A010000 		.4byte	.LASF66
 694 052a 08       		.byte	0x8
 695 052b A5       		.byte	0xa5
 696 052c 15       		.byte	0x15
 697 052d 48030000 		.4byte	0x348
 698 0531 57050000 		.4byte	0x557
 699 0535 18       		.uleb128 0x18
 700 0536 6F637000 		.ascii	"ocp\000"
 701 053a 08       		.byte	0x8
 702 053b A5       		.byte	0xa5
 703 053c 35       		.byte	0x35
 704 053d 42030000 		.4byte	0x342
 705 0541 1B       		.uleb128 0x1b
 706 0542 47030000 		.4byte	.LASF57
 707 0546 08       		.byte	0x8
 708 0547 A6       		.byte	0xa6
 709 0548 10       		.byte	0x10
 710 0549 48030000 		.4byte	0x348
 711 054d 11       		.uleb128 0x11
 712 054e A9010000 		.4byte	.LASF63
 713 0552 67050000 		.4byte	0x567
 714 0556 00       		.byte	0
 715 0557 12       		.uleb128 0x12
 716 0558 DD000000 		.4byte	0xdd
 717 055c 67050000 		.4byte	0x567
 718 0560 13       		.uleb128 0x13
 719 0561 30000000 		.4byte	0x30
 720 0565 0E       		.byte	0xe
 721 0566 00       		.byte	0
 722 0567 05       		.uleb128 0x5
 723 0568 57050000 		.4byte	0x557
 724 056c 1A       		.uleb128 0x1a
 725 056d AC030000 		.4byte	.LASF67
 726 0571 08       		.byte	0x8
 727 0572 86       		.byte	0x86
 728 0573 15       		.byte	0x15
 729 0574 48030000 		.4byte	0x348
 730 0578 B9050000 		.4byte	0x5b9
 731 057c 18       		.uleb128 0x18
 732 057d 6F637000 		.ascii	"ocp\000"
 733 0581 08       		.byte	0x8
 734 0582 86       		.byte	0x86
 735 0583 31       		.byte	0x31
 736 0584 42030000 		.4byte	0x342
 737 0588 19       		.uleb128 0x19
 738 0589 04020000 		.4byte	.LASF62
 739 058d 08       		.byte	0x8
 740 058e 87       		.byte	0x87
 741 058f 29       		.byte	0x29
ARM GAS  C:\Users\angio\AppData\Local\Temp\ccENNZB8.s 			page 14


 742 0590 B2000000 		.4byte	0xb2
 743 0594 18       		.uleb128 0x18
 744 0595 6B657900 		.ascii	"key\000"
 745 0599 08       		.byte	0x8
 746 059a 88       		.byte	0x88
 747 059b 29       		.byte	0x29
 748 059c B2000000 		.4byte	0xb2
 749 05a0 1C       		.uleb128 0x1c
 750 05a1 68687000 		.ascii	"hhp\000"
 751 05a5 08       		.byte	0x8
 752 05a6 89       		.byte	0x89
 753 05a7 15       		.byte	0x15
 754 05a8 5A030000 		.4byte	0x35a
 755 05ac 1B       		.uleb128 0x1b
 756 05ad 47030000 		.4byte	.LASF57
 757 05b1 08       		.byte	0x8
 758 05b2 8A       		.byte	0x8a
 759 05b3 10       		.byte	0x10
 760 05b4 48030000 		.4byte	0x348
 761 05b8 00       		.byte	0
 762 05b9 1A       		.uleb128 0x1a
 763 05ba 2F000000 		.4byte	.LASF68
 764 05be 06       		.byte	0x6
 765 05bf BD       		.byte	0xbd
 766 05c0 15       		.byte	0x15
 767 05c1 BE000000 		.4byte	0xbe
 768 05c5 D5050000 		.4byte	0x5d5
 769 05c9 18       		.uleb128 0x18
 770 05ca 737000   		.ascii	"sp\000"
 771 05cd 06       		.byte	0x6
 772 05ce BD       		.byte	0xbd
 773 05cf 39       		.byte	0x39
 774 05d0 D5050000 		.4byte	0x5d5
 775 05d4 00       		.byte	0
 776 05d5 08       		.uleb128 0x8
 777 05d6 04       		.byte	0x4
 778 05d7 52010000 		.4byte	0x152
 779 05db 1D       		.uleb128 0x1d
 780 05dc 68000000 		.4byte	.LASF69
 781 05e0 06       		.byte	0x6
 782 05e1 AE       		.byte	0xae
 783 05e2 14       		.byte	0x14
 784 05e3 F3050000 		.4byte	0x5f3
 785 05e7 18       		.uleb128 0x18
 786 05e8 737000   		.ascii	"sp\000"
 787 05eb 06       		.byte	0x6
 788 05ec AE       		.byte	0xae
 789 05ed 32       		.byte	0x32
 790 05ee F3050000 		.4byte	0x5f3
 791 05f2 00       		.byte	0
 792 05f3 08       		.uleb128 0x8
 793 05f4 04       		.byte	0x4
 794 05f5 46010000 		.4byte	0x146
 795 05f9 1D       		.uleb128 0x1d
 796 05fa DF010000 		.4byte	.LASF70
 797 05fe 06       		.byte	0x6
 798 05ff 9E       		.byte	0x9e
ARM GAS  C:\Users\angio\AppData\Local\Temp\ccENNZB8.s 			page 15


 799 0600 14       		.byte	0x14
 800 0601 11060000 		.4byte	0x611
 801 0605 18       		.uleb128 0x18
 802 0606 737000   		.ascii	"sp\000"
 803 0609 06       		.byte	0x6
 804 060a 9E       		.byte	0x9e
 805 060b 30       		.byte	0x30
 806 060c F3050000 		.4byte	0x5f3
 807 0610 00       		.byte	0
 808 0611 1E       		.uleb128 0x1e
 809 0612 29030000 		.4byte	.LASF71
 810 0616 09       		.byte	0x9
 811 0617 A501     		.2byte	0x1a5
 812 0619 14       		.byte	0x14
 813 061a 28060000 		.4byte	0x628
 814 061e 11       		.uleb128 0x11
 815 061f A9010000 		.4byte	.LASF63
 816 0623 38060000 		.4byte	0x638
 817 0627 00       		.byte	0
 818 0628 12       		.uleb128 0x12
 819 0629 DD000000 		.4byte	0xdd
 820 062d 38060000 		.4byte	0x638
 821 0631 13       		.uleb128 0x13
 822 0632 30000000 		.4byte	0x30
 823 0636 0B       		.byte	0xb
 824 0637 00       		.byte	0
 825 0638 05       		.uleb128 0x5
 826 0639 28060000 		.4byte	0x628
 827 063d 1F       		.uleb128 0x1f
 828 063e 83000000 		.4byte	.LASF72
 829 0642 09       		.byte	0x9
 830 0643 9701     		.2byte	0x197
 831 0645 14       		.byte	0x14
 832 0646 1F       		.uleb128 0x1f
 833 0647 AD020000 		.4byte	.LASF73
 834 064b 0A       		.byte	0xa
 835 064c 1F03     		.2byte	0x31f
 836 064e 1B       		.byte	0x1b
 837 064f 1F       		.uleb128 0x1f
 838 0650 79000000 		.4byte	.LASF74
 839 0654 0A       		.byte	0xa
 840 0655 0B03     		.2byte	0x30b
 841 0657 1B       		.byte	0x1b
 842 0658 20       		.uleb128 0x20
 843 0659 87030000 		.4byte	.LASF79
 844 065d 0B       		.byte	0xb
 845 065e EB01     		.2byte	0x1eb
 846 0660 1B       		.byte	0x1b
 847 0661 0F       		.uleb128 0xf
 848 0662 4E020000 		.4byte	.LASF75
 849 0666 0B       		.byte	0xb
 850 0667 EB01     		.2byte	0x1eb
 851 0669 32       		.byte	0x32
 852 066a B2000000 		.4byte	0xb2
 853 066e 00       		.byte	0
 854 066f 00       		.byte	0
 855              		.section	.gnu.debuglto_.debug_abbrev,"e",%progbits
ARM GAS  C:\Users\angio\AppData\Local\Temp\ccENNZB8.s 			page 16


 856              	.Ldebug_abbrev0:
 857 0000 01       		.uleb128 0x1
 858 0001 11       		.uleb128 0x11
 859 0002 01       		.byte	0x1
 860 0003 25       		.uleb128 0x25
 861 0004 0E       		.uleb128 0xe
 862 0005 13       		.uleb128 0x13
 863 0006 0B       		.uleb128 0xb
 864 0007 03       		.uleb128 0x3
 865 0008 0E       		.uleb128 0xe
 866 0009 1B       		.uleb128 0x1b
 867 000a 0E       		.uleb128 0xe
 868 000b 10       		.uleb128 0x10
 869 000c 17       		.uleb128 0x17
 870 000d 00       		.byte	0
 871 000e 00       		.byte	0
 872 000f 02       		.uleb128 0x2
 873 0010 24       		.uleb128 0x24
 874 0011 00       		.byte	0
 875 0012 0B       		.uleb128 0xb
 876 0013 0B       		.uleb128 0xb
 877 0014 3E       		.uleb128 0x3e
 878 0015 0B       		.uleb128 0xb
 879 0016 03       		.uleb128 0x3
 880 0017 08       		.uleb128 0x8
 881 0018 00       		.byte	0
 882 0019 00       		.byte	0
 883 001a 03       		.uleb128 0x3
 884 001b 16       		.uleb128 0x16
 885 001c 00       		.byte	0
 886 001d 03       		.uleb128 0x3
 887 001e 0E       		.uleb128 0xe
 888 001f 3A       		.uleb128 0x3a
 889 0020 0B       		.uleb128 0xb
 890 0021 3B       		.uleb128 0x3b
 891 0022 0B       		.uleb128 0xb
 892 0023 39       		.uleb128 0x39
 893 0024 0B       		.uleb128 0xb
 894 0025 49       		.uleb128 0x49
 895 0026 13       		.uleb128 0x13
 896 0027 00       		.byte	0
 897 0028 00       		.byte	0
 898 0029 04       		.uleb128 0x4
 899 002a 24       		.uleb128 0x24
 900 002b 00       		.byte	0
 901 002c 0B       		.uleb128 0xb
 902 002d 0B       		.uleb128 0xb
 903 002e 3E       		.uleb128 0x3e
 904 002f 0B       		.uleb128 0xb
 905 0030 03       		.uleb128 0x3
 906 0031 0E       		.uleb128 0xe
 907 0032 00       		.byte	0
 908 0033 00       		.byte	0
 909 0034 05       		.uleb128 0x5
 910 0035 26       		.uleb128 0x26
 911 0036 00       		.byte	0
 912 0037 49       		.uleb128 0x49
ARM GAS  C:\Users\angio\AppData\Local\Temp\ccENNZB8.s 			page 17


 913 0038 13       		.uleb128 0x13
 914 0039 00       		.byte	0
 915 003a 00       		.byte	0
 916 003b 06       		.uleb128 0x6
 917 003c 13       		.uleb128 0x13
 918 003d 01       		.byte	0x1
 919 003e 03       		.uleb128 0x3
 920 003f 0E       		.uleb128 0xe
 921 0040 0B       		.uleb128 0xb
 922 0041 0B       		.uleb128 0xb
 923 0042 3A       		.uleb128 0x3a
 924 0043 0B       		.uleb128 0xb
 925 0044 3B       		.uleb128 0x3b
 926 0045 0B       		.uleb128 0xb
 927 0046 39       		.uleb128 0x39
 928 0047 0B       		.uleb128 0xb
 929 0048 01       		.uleb128 0x1
 930 0049 13       		.uleb128 0x13
 931 004a 00       		.byte	0
 932 004b 00       		.byte	0
 933 004c 07       		.uleb128 0x7
 934 004d 0D       		.uleb128 0xd
 935 004e 00       		.byte	0
 936 004f 03       		.uleb128 0x3
 937 0050 0E       		.uleb128 0xe
 938 0051 3A       		.uleb128 0x3a
 939 0052 0B       		.uleb128 0xb
 940 0053 3B       		.uleb128 0x3b
 941 0054 0B       		.uleb128 0xb
 942 0055 39       		.uleb128 0x39
 943 0056 0B       		.uleb128 0xb
 944 0057 49       		.uleb128 0x49
 945 0058 13       		.uleb128 0x13
 946 0059 38       		.uleb128 0x38
 947 005a 0B       		.uleb128 0xb
 948 005b 00       		.byte	0
 949 005c 00       		.byte	0
 950 005d 08       		.uleb128 0x8
 951 005e 0F       		.uleb128 0xf
 952 005f 00       		.byte	0
 953 0060 0B       		.uleb128 0xb
 954 0061 0B       		.uleb128 0xb
 955 0062 49       		.uleb128 0x49
 956 0063 13       		.uleb128 0x13
 957 0064 00       		.byte	0
 958 0065 00       		.byte	0
 959 0066 09       		.uleb128 0x9
 960 0067 0F       		.uleb128 0xf
 961 0068 00       		.byte	0
 962 0069 0B       		.uleb128 0xb
 963 006a 0B       		.uleb128 0xb
 964 006b 00       		.byte	0
 965 006c 00       		.byte	0
 966 006d 0A       		.uleb128 0xa
 967 006e 0D       		.uleb128 0xd
 968 006f 00       		.byte	0
 969 0070 03       		.uleb128 0x3
ARM GAS  C:\Users\angio\AppData\Local\Temp\ccENNZB8.s 			page 18


 970 0071 08       		.uleb128 0x8
 971 0072 3A       		.uleb128 0x3a
 972 0073 0B       		.uleb128 0xb
 973 0074 3B       		.uleb128 0x3b
 974 0075 0B       		.uleb128 0xb
 975 0076 39       		.uleb128 0x39
 976 0077 0B       		.uleb128 0xb
 977 0078 49       		.uleb128 0x49
 978 0079 13       		.uleb128 0x13
 979 007a 38       		.uleb128 0x38
 980 007b 0B       		.uleb128 0xb
 981 007c 00       		.byte	0
 982 007d 00       		.byte	0
 983 007e 0B       		.uleb128 0xb
 984 007f 15       		.uleb128 0x15
 985 0080 01       		.byte	0x1
 986 0081 27       		.uleb128 0x27
 987 0082 19       		.uleb128 0x19
 988 0083 49       		.uleb128 0x49
 989 0084 13       		.uleb128 0x13
 990 0085 01       		.uleb128 0x1
 991 0086 13       		.uleb128 0x13
 992 0087 00       		.byte	0
 993 0088 00       		.byte	0
 994 0089 0C       		.uleb128 0xc
 995 008a 05       		.uleb128 0x5
 996 008b 00       		.byte	0
 997 008c 49       		.uleb128 0x49
 998 008d 13       		.uleb128 0x13
 999 008e 00       		.byte	0
 1000 008f 00       		.byte	0
 1001 0090 0D       		.uleb128 0xd
 1002 0091 2E       		.uleb128 0x2e
 1003 0092 01       		.byte	0x1
 1004 0093 3F       		.uleb128 0x3f
 1005 0094 19       		.uleb128 0x19
 1006 0095 03       		.uleb128 0x3
 1007 0096 0E       		.uleb128 0xe
 1008 0097 3A       		.uleb128 0x3a
 1009 0098 0B       		.uleb128 0xb
 1010 0099 3B       		.uleb128 0x3b
 1011 009a 05       		.uleb128 0x5
 1012 009b 39       		.uleb128 0x39
 1013 009c 0B       		.uleb128 0xb
 1014 009d 27       		.uleb128 0x27
 1015 009e 19       		.uleb128 0x19
 1016 009f 49       		.uleb128 0x49
 1017 00a0 13       		.uleb128 0x13
 1018 00a1 01       		.uleb128 0x1
 1019 00a2 13       		.uleb128 0x13
 1020 00a3 00       		.byte	0
 1021 00a4 00       		.byte	0
 1022 00a5 0E       		.uleb128 0xe
 1023 00a6 05       		.uleb128 0x5
 1024 00a7 00       		.byte	0
 1025 00a8 03       		.uleb128 0x3
 1026 00a9 08       		.uleb128 0x8
ARM GAS  C:\Users\angio\AppData\Local\Temp\ccENNZB8.s 			page 19


 1027 00aa 3A       		.uleb128 0x3a
 1028 00ab 0B       		.uleb128 0xb
 1029 00ac 3B       		.uleb128 0x3b
 1030 00ad 05       		.uleb128 0x5
 1031 00ae 39       		.uleb128 0x39
 1032 00af 0B       		.uleb128 0xb
 1033 00b0 49       		.uleb128 0x49
 1034 00b1 13       		.uleb128 0x13
 1035 00b2 00       		.byte	0
 1036 00b3 00       		.byte	0
 1037 00b4 0F       		.uleb128 0xf
 1038 00b5 05       		.uleb128 0x5
 1039 00b6 00       		.byte	0
 1040 00b7 03       		.uleb128 0x3
 1041 00b8 0E       		.uleb128 0xe
 1042 00b9 3A       		.uleb128 0x3a
 1043 00ba 0B       		.uleb128 0xb
 1044 00bb 3B       		.uleb128 0x3b
 1045 00bc 05       		.uleb128 0x5
 1046 00bd 39       		.uleb128 0x39
 1047 00be 0B       		.uleb128 0xb
 1048 00bf 49       		.uleb128 0x49
 1049 00c0 13       		.uleb128 0x13
 1050 00c1 00       		.byte	0
 1051 00c2 00       		.byte	0
 1052 00c3 10       		.uleb128 0x10
 1053 00c4 2E       		.uleb128 0x2e
 1054 00c5 01       		.byte	0x1
 1055 00c6 3F       		.uleb128 0x3f
 1056 00c7 19       		.uleb128 0x19
 1057 00c8 03       		.uleb128 0x3
 1058 00c9 0E       		.uleb128 0xe
 1059 00ca 3A       		.uleb128 0x3a
 1060 00cb 0B       		.uleb128 0xb
 1061 00cc 3B       		.uleb128 0x3b
 1062 00cd 05       		.uleb128 0x5
 1063 00ce 39       		.uleb128 0x39
 1064 00cf 0B       		.uleb128 0xb
 1065 00d0 27       		.uleb128 0x27
 1066 00d1 19       		.uleb128 0x19
 1067 00d2 01       		.uleb128 0x1
 1068 00d3 13       		.uleb128 0x13
 1069 00d4 00       		.byte	0
 1070 00d5 00       		.byte	0
 1071 00d6 11       		.uleb128 0x11
 1072 00d7 34       		.uleb128 0x34
 1073 00d8 00       		.byte	0
 1074 00d9 03       		.uleb128 0x3
 1075 00da 0E       		.uleb128 0xe
 1076 00db 49       		.uleb128 0x49
 1077 00dc 13       		.uleb128 0x13
 1078 00dd 34       		.uleb128 0x34
 1079 00de 19       		.uleb128 0x19
 1080 00df 00       		.byte	0
 1081 00e0 00       		.byte	0
 1082 00e1 12       		.uleb128 0x12
 1083 00e2 01       		.uleb128 0x1
ARM GAS  C:\Users\angio\AppData\Local\Temp\ccENNZB8.s 			page 20


 1084 00e3 01       		.byte	0x1
 1085 00e4 49       		.uleb128 0x49
 1086 00e5 13       		.uleb128 0x13
 1087 00e6 01       		.uleb128 0x1
 1088 00e7 13       		.uleb128 0x13
 1089 00e8 00       		.byte	0
 1090 00e9 00       		.byte	0
 1091 00ea 13       		.uleb128 0x13
 1092 00eb 21       		.uleb128 0x21
 1093 00ec 00       		.byte	0
 1094 00ed 49       		.uleb128 0x49
 1095 00ee 13       		.uleb128 0x13
 1096 00ef 2F       		.uleb128 0x2f
 1097 00f0 0B       		.uleb128 0xb
 1098 00f1 00       		.byte	0
 1099 00f2 00       		.byte	0
 1100 00f3 14       		.uleb128 0x14
 1101 00f4 34       		.uleb128 0x34
 1102 00f5 00       		.byte	0
 1103 00f6 03       		.uleb128 0x3
 1104 00f7 0E       		.uleb128 0xe
 1105 00f8 3A       		.uleb128 0x3a
 1106 00f9 0B       		.uleb128 0xb
 1107 00fa 3B       		.uleb128 0x3b
 1108 00fb 05       		.uleb128 0x5
 1109 00fc 39       		.uleb128 0x39
 1110 00fd 0B       		.uleb128 0xb
 1111 00fe 49       		.uleb128 0x49
 1112 00ff 13       		.uleb128 0x13
 1113 0100 00       		.byte	0
 1114 0101 00       		.byte	0
 1115 0102 15       		.uleb128 0x15
 1116 0103 0B       		.uleb128 0xb
 1117 0104 01       		.byte	0x1
 1118 0105 00       		.byte	0
 1119 0106 00       		.byte	0
 1120 0107 16       		.uleb128 0x16
 1121 0108 34       		.uleb128 0x34
 1122 0109 00       		.byte	0
 1123 010a 03       		.uleb128 0x3
 1124 010b 08       		.uleb128 0x8
 1125 010c 3A       		.uleb128 0x3a
 1126 010d 0B       		.uleb128 0xb
 1127 010e 3B       		.uleb128 0x3b
 1128 010f 05       		.uleb128 0x5
 1129 0110 39       		.uleb128 0x39
 1130 0111 0B       		.uleb128 0xb
 1131 0112 49       		.uleb128 0x49
 1132 0113 13       		.uleb128 0x13
 1133 0114 00       		.byte	0
 1134 0115 00       		.byte	0
 1135 0116 17       		.uleb128 0x17
 1136 0117 2E       		.uleb128 0x2e
 1137 0118 01       		.byte	0x1
 1138 0119 3F       		.uleb128 0x3f
 1139 011a 19       		.uleb128 0x19
 1140 011b 03       		.uleb128 0x3
ARM GAS  C:\Users\angio\AppData\Local\Temp\ccENNZB8.s 			page 21


 1141 011c 0E       		.uleb128 0xe
 1142 011d 3A       		.uleb128 0x3a
 1143 011e 0B       		.uleb128 0xb
 1144 011f 3B       		.uleb128 0x3b
 1145 0120 0B       		.uleb128 0xb
 1146 0121 39       		.uleb128 0x39
 1147 0122 0B       		.uleb128 0xb
 1148 0123 27       		.uleb128 0x27
 1149 0124 19       		.uleb128 0x19
 1150 0125 01       		.uleb128 0x1
 1151 0126 13       		.uleb128 0x13
 1152 0127 00       		.byte	0
 1153 0128 00       		.byte	0
 1154 0129 18       		.uleb128 0x18
 1155 012a 05       		.uleb128 0x5
 1156 012b 00       		.byte	0
 1157 012c 03       		.uleb128 0x3
 1158 012d 08       		.uleb128 0x8
 1159 012e 3A       		.uleb128 0x3a
 1160 012f 0B       		.uleb128 0xb
 1161 0130 3B       		.uleb128 0x3b
 1162 0131 0B       		.uleb128 0xb
 1163 0132 39       		.uleb128 0x39
 1164 0133 0B       		.uleb128 0xb
 1165 0134 49       		.uleb128 0x49
 1166 0135 13       		.uleb128 0x13
 1167 0136 00       		.byte	0
 1168 0137 00       		.byte	0
 1169 0138 19       		.uleb128 0x19
 1170 0139 05       		.uleb128 0x5
 1171 013a 00       		.byte	0
 1172 013b 03       		.uleb128 0x3
 1173 013c 0E       		.uleb128 0xe
 1174 013d 3A       		.uleb128 0x3a
 1175 013e 0B       		.uleb128 0xb
 1176 013f 3B       		.uleb128 0x3b
 1177 0140 0B       		.uleb128 0xb
 1178 0141 39       		.uleb128 0x39
 1179 0142 0B       		.uleb128 0xb
 1180 0143 49       		.uleb128 0x49
 1181 0144 13       		.uleb128 0x13
 1182 0145 00       		.byte	0
 1183 0146 00       		.byte	0
 1184 0147 1A       		.uleb128 0x1a
 1185 0148 2E       		.uleb128 0x2e
 1186 0149 01       		.byte	0x1
 1187 014a 03       		.uleb128 0x3
 1188 014b 0E       		.uleb128 0xe
 1189 014c 3A       		.uleb128 0x3a
 1190 014d 0B       		.uleb128 0xb
 1191 014e 3B       		.uleb128 0x3b
 1192 014f 0B       		.uleb128 0xb
 1193 0150 39       		.uleb128 0x39
 1194 0151 0B       		.uleb128 0xb
 1195 0152 27       		.uleb128 0x27
 1196 0153 19       		.uleb128 0x19
 1197 0154 49       		.uleb128 0x49
ARM GAS  C:\Users\angio\AppData\Local\Temp\ccENNZB8.s 			page 22


 1198 0155 13       		.uleb128 0x13
 1199 0156 01       		.uleb128 0x1
 1200 0157 13       		.uleb128 0x13
 1201 0158 00       		.byte	0
 1202 0159 00       		.byte	0
 1203 015a 1B       		.uleb128 0x1b
 1204 015b 34       		.uleb128 0x34
 1205 015c 00       		.byte	0
 1206 015d 03       		.uleb128 0x3
 1207 015e 0E       		.uleb128 0xe
 1208 015f 3A       		.uleb128 0x3a
 1209 0160 0B       		.uleb128 0xb
 1210 0161 3B       		.uleb128 0x3b
 1211 0162 0B       		.uleb128 0xb
 1212 0163 39       		.uleb128 0x39
 1213 0164 0B       		.uleb128 0xb
 1214 0165 49       		.uleb128 0x49
 1215 0166 13       		.uleb128 0x13
 1216 0167 00       		.byte	0
 1217 0168 00       		.byte	0
 1218 0169 1C       		.uleb128 0x1c
 1219 016a 34       		.uleb128 0x34
 1220 016b 00       		.byte	0
 1221 016c 03       		.uleb128 0x3
 1222 016d 08       		.uleb128 0x8
 1223 016e 3A       		.uleb128 0x3a
 1224 016f 0B       		.uleb128 0xb
 1225 0170 3B       		.uleb128 0x3b
 1226 0171 0B       		.uleb128 0xb
 1227 0172 39       		.uleb128 0x39
 1228 0173 0B       		.uleb128 0xb
 1229 0174 49       		.uleb128 0x49
 1230 0175 13       		.uleb128 0x13
 1231 0176 00       		.byte	0
 1232 0177 00       		.byte	0
 1233 0178 1D       		.uleb128 0x1d
 1234 0179 2E       		.uleb128 0x2e
 1235 017a 01       		.byte	0x1
 1236 017b 03       		.uleb128 0x3
 1237 017c 0E       		.uleb128 0xe
 1238 017d 3A       		.uleb128 0x3a
 1239 017e 0B       		.uleb128 0xb
 1240 017f 3B       		.uleb128 0x3b
 1241 0180 0B       		.uleb128 0xb
 1242 0181 39       		.uleb128 0x39
 1243 0182 0B       		.uleb128 0xb
 1244 0183 27       		.uleb128 0x27
 1245 0184 19       		.uleb128 0x19
 1246 0185 01       		.uleb128 0x1
 1247 0186 13       		.uleb128 0x13
 1248 0187 00       		.byte	0
 1249 0188 00       		.byte	0
 1250 0189 1E       		.uleb128 0x1e
 1251 018a 2E       		.uleb128 0x2e
 1252 018b 01       		.byte	0x1
 1253 018c 03       		.uleb128 0x3
 1254 018d 0E       		.uleb128 0xe
ARM GAS  C:\Users\angio\AppData\Local\Temp\ccENNZB8.s 			page 23


 1255 018e 3A       		.uleb128 0x3a
 1256 018f 0B       		.uleb128 0xb
 1257 0190 3B       		.uleb128 0x3b
 1258 0191 05       		.uleb128 0x5
 1259 0192 39       		.uleb128 0x39
 1260 0193 0B       		.uleb128 0xb
 1261 0194 27       		.uleb128 0x27
 1262 0195 19       		.uleb128 0x19
 1263 0196 01       		.uleb128 0x1
 1264 0197 13       		.uleb128 0x13
 1265 0198 00       		.byte	0
 1266 0199 00       		.byte	0
 1267 019a 1F       		.uleb128 0x1f
 1268 019b 2E       		.uleb128 0x2e
 1269 019c 00       		.byte	0
 1270 019d 03       		.uleb128 0x3
 1271 019e 0E       		.uleb128 0xe
 1272 019f 3A       		.uleb128 0x3a
 1273 01a0 0B       		.uleb128 0xb
 1274 01a1 3B       		.uleb128 0x3b
 1275 01a2 05       		.uleb128 0x5
 1276 01a3 39       		.uleb128 0x39
 1277 01a4 0B       		.uleb128 0xb
 1278 01a5 27       		.uleb128 0x27
 1279 01a6 19       		.uleb128 0x19
 1280 01a7 00       		.byte	0
 1281 01a8 00       		.byte	0
 1282 01a9 20       		.uleb128 0x20
 1283 01aa 2E       		.uleb128 0x2e
 1284 01ab 01       		.byte	0x1
 1285 01ac 03       		.uleb128 0x3
 1286 01ad 0E       		.uleb128 0xe
 1287 01ae 3A       		.uleb128 0x3a
 1288 01af 0B       		.uleb128 0xb
 1289 01b0 3B       		.uleb128 0x3b
 1290 01b1 05       		.uleb128 0x5
 1291 01b2 39       		.uleb128 0x39
 1292 01b3 0B       		.uleb128 0xb
 1293 01b4 27       		.uleb128 0x27
 1294 01b5 19       		.uleb128 0x19
 1295 01b6 00       		.byte	0
 1296 01b7 00       		.byte	0
 1297 01b8 00       		.byte	0
 1298              		.section	.gnu.debuglto_.debug_line,"e",%progbits
 1299              	.Ldebug_line0:
 1300 0000 83020000 		.4byte	.LELT0-.LSLT0
 1301              	.LSLT0:
 1302 0004 0400     		.2byte	0x4
 1303 0006 7D020000 		.4byte	.LELTP0-.LASLTP0
 1304              	.LASLTP0:
 1305 000a 01       		.byte	0x1
 1306 000b 01       		.byte	0x1
 1307 000c 01       		.byte	0x1
 1308 000d F6       		.byte	0xf6
 1309 000e F2       		.byte	0xf2
 1310 000f 0D       		.byte	0xd
 1311 0010 00       		.byte	0
ARM GAS  C:\Users\angio\AppData\Local\Temp\ccENNZB8.s 			page 24


 1312 0011 01       		.byte	0x1
 1313 0012 01       		.byte	0x1
 1314 0013 01       		.byte	0x1
 1315 0014 01       		.byte	0x1
 1316 0015 00       		.byte	0
 1317 0016 00       		.byte	0
 1318 0017 00       		.byte	0
 1319 0018 01       		.byte	0x1
 1320 0019 00       		.byte	0
 1321 001a 00       		.byte	0
 1322 001b 01       		.byte	0x1
 1323 001c 2E2E2F2E 		.ascii	"../../chibios2111/os/common/ext/ARM/CMSIS/Core/Incl"
 1323      2E2F6368 
 1323      6962696F 
 1323      73323131 
 1323      312F6F73 
 1324 004f 756465   		.ascii	"ude"
 1325 0052 00       		.byte	0
 1326 0053 2E2E2F2E 		.ascii	"../../chibios2111/os/common/ports/ARMv7-M-ALT"
 1326      2E2F6368 
 1326      6962696F 
 1326      73323131 
 1326      312F6F73 
 1327 0080 00       		.byte	0
 1328 0081 2E2E2F2E 		.ascii	"../../chibios2111/os/oslib/include"
 1328      2E2F6368 
 1328      6962696F 
 1328      73323131 
 1328      312F6F73 
 1329 00a3 00       		.byte	0
 1330 00a4 2E2E2F2E 		.ascii	"../../chibios2111/os/oslib/src"
 1330      2E2F6368 
 1330      6962696F 
 1330      73323131 
 1330      312F6F73 
 1331 00c2 00       		.byte	0
 1332 00c3 2E2E2F2E 		.ascii	"../../chibios2111/os/rt/include"
 1332      2E2F6368 
 1332      6962696F 
 1332      73323131 
 1332      312F6F73 
 1333 00e2 00       		.byte	0
 1334 00e3 633A5C63 		.ascii	"c:\\chibistudio\\tools\\gnu tools arm embedded\\10."
 1334      68696269 
 1334      73747564 
 1334      696F5C74 
 1334      6F6F6C73 
 1335 0112 33203230 		.ascii	"3 2021.10\\arm-none-eabi\\include\\machine"
 1335      32312E31 
 1335      305C6172 
 1335      6D2D6E6F 
 1335      6E652D65 
 1336 0139 00       		.byte	0
 1337 013a 633A5C63 		.ascii	"c:\\chibistudio\\tools\\gnu tools arm embedded\\10."
 1337      68696269 
 1337      73747564 
 1337      696F5C74 
ARM GAS  C:\Users\angio\AppData\Local\Temp\ccENNZB8.s 			page 25


 1337      6F6F6C73 
 1338 0169 33203230 		.ascii	"3 2021.10\\arm-none-eabi\\include\\sys"
 1338      32312E31 
 1338      305C6172 
 1338      6D2D6E6F 
 1338      6E652D65 
 1339 018c 00       		.byte	0
 1340 018d 633A5C63 		.ascii	"c:\\chibistudio\\tools\\gnu tools arm embedded\\10."
 1340      68696269 
 1340      73747564 
 1340      696F5C74 
 1340      6F6F6C73 
 1341 01bc 33203230 		.ascii	"3 2021.10\\lib\\gcc\\arm-none-eabi\\10.3.1\\include"
 1341      32312E31 
 1341      305C6C69 
 1341      625C6763 
 1341      635C6172 
 1342 01ea 00       		.byte	0
 1343 01eb 00       		.byte	0
 1344 01ec 73746464 		.ascii	"stddef.h\000"
 1344      65662E68 
 1344      00
 1345 01f5 08       		.uleb128 0x8
 1346 01f6 00       		.uleb128 0
 1347 01f7 00       		.uleb128 0
 1348 01f8 5F646566 		.ascii	"_default_types.h\000"
 1348      61756C74 
 1348      5F747970 
 1348      65732E68 
 1348      00
 1349 0209 06       		.uleb128 0x6
 1350 020a 00       		.uleb128 0
 1351 020b 00       		.uleb128 0
 1352 020c 5F737464 		.ascii	"_stdint.h\000"
 1352      696E742E 
 1352      6800
 1353 0216 07       		.uleb128 0x7
 1354 0217 00       		.uleb128 0
 1355 0218 00       		.uleb128 0
 1356 0219 63686561 		.ascii	"chearly.h\000"
 1356      726C792E 
 1356      6800
 1357 0223 05       		.uleb128 0x5
 1358 0224 00       		.uleb128 0
 1359 0225 00       		.uleb128 0
 1360 0226 63686C69 		.ascii	"chlists.h\000"
 1360      7374732E 
 1360      6800
 1361 0230 05       		.uleb128 0x5
 1362 0231 00       		.uleb128 0
 1363 0232 00       		.uleb128 0
 1364 0233 63687365 		.ascii	"chsem.h\000"
 1364      6D2E6800 
 1365 023b 05       		.uleb128 0x5
 1366 023c 00       		.uleb128 0
 1367 023d 00       		.uleb128 0
 1368 023e 63686F62 		.ascii	"chobjcaches.h\000"
ARM GAS  C:\Users\angio\AppData\Local\Temp\ccENNZB8.s 			page 26


 1368      6A636163 
 1368      6865732E 
 1368      6800
 1369 024c 03       		.uleb128 0x3
 1370 024d 00       		.uleb128 0
 1371 024e 00       		.uleb128 0
 1372 024f 63686F62 		.ascii	"chobjcaches.c\000"
 1372      6A636163 
 1372      6865732E 
 1372      6300
 1373 025d 04       		.uleb128 0x4
 1374 025e 00       		.uleb128 0
 1375 025f 00       		.uleb128 0
 1376 0260 63687379 		.ascii	"chsys.h\000"
 1376      732E6800 
 1377 0268 05       		.uleb128 0x5
 1378 0269 00       		.uleb128 0
 1379 026a 00       		.uleb128 0
 1380 026b 6368636F 		.ascii	"chcore.h\000"
 1380      72652E68 
 1380      00
 1381 0274 02       		.uleb128 0x2
 1382 0275 00       		.uleb128 0
 1383 0276 00       		.uleb128 0
 1384 0277 636D7369 		.ascii	"cmsis_gcc.h\000"
 1384      735F6763 
 1384      632E6800 
 1385 0283 01       		.uleb128 0x1
 1386 0284 00       		.uleb128 0
 1387 0285 00       		.uleb128 0
 1388 0286 00       		.byte	0
 1389              	.LELTP0:
 1390              	.LELT0:
 1391              		.section	.gnu.debuglto_.debug_str,"eMS",%progbits,1
 1392              	.LASF56:
 1393 0000 6F635F77 		.ascii	"oc_writef_t\000"
 1393      72697465 
 1393      665F7400 
 1394              	.LASF43:
 1395 000c 64707472 		.ascii	"dptr\000"
 1395      00
 1396              	.LASF52:
 1397 0011 6C72755F 		.ascii	"lru_sem\000"
 1397      73656D00 
 1398              	.LASF21:
 1399 0019 6E657874 		.ascii	"next\000"
 1399      00
 1400              	.LASF7:
 1401 001e 73686F72 		.ascii	"short int\000"
 1401      7420696E 
 1401      7400
 1402              	.LASF4:
 1403 0028 73697A65 		.ascii	"size_t\000"
 1403      5F7400
 1404              	.LASF68:
 1405 002f 63685365 		.ascii	"chSemGetCounterI\000"
 1405      6D476574 
ARM GAS  C:\Users\angio\AppData\Local\Temp\ccENNZB8.s 			page 27


 1405      436F756E 
 1405      74657249 
 1405      00
 1406              	.LASF38:
 1407 0040 63685F6F 		.ascii	"ch_oc_object\000"
 1407      635F6F62 
 1407      6A656374 
 1407      00
 1408              	.LASF42:
 1409 004d 6F626A5F 		.ascii	"obj_flags\000"
 1409      666C6167 
 1409      7300
 1410              	.LASF54:
 1411 0057 77726974 		.ascii	"writef\000"
 1411      656600
 1412              	.LASF39:
 1413 005e 6F626A5F 		.ascii	"obj_group\000"
 1413      67726F75 
 1413      7000
 1414              	.LASF69:
 1415 0068 63685365 		.ascii	"chSemFastSignalI\000"
 1415      6D466173 
 1415      74536967 
 1415      6E616C49 
 1415      00
 1416              	.LASF74:
 1417 0079 706F7274 		.ascii	"port_lock\000"
 1417      5F6C6F63 
 1417      6B00
 1418              	.LASF72:
 1419 0083 63685379 		.ascii	"chSysLock\000"
 1419      734C6F63 
 1419      6B00
 1420              	.LASF37:
 1421 008d 6F635F6F 		.ascii	"oc_object_t\000"
 1421      626A6563 
 1421      745F7400 
 1422              	.LASF64:
 1423 0099 63684361 		.ascii	"chCacheReleaseObjectI\000"
 1423      63686552 
 1423      656C6561 
 1423      73654F62 
 1423      6A656374 
 1424              	.LASF50:
 1425 00af 6F626A76 		.ascii	"objvp\000"
 1425      7000
 1426              	.LASF44:
 1427 00b5 6F626A65 		.ascii	"objects_cache_t\000"
 1427      6374735F 
 1427      63616368 
 1427      655F7400 
 1428              	.LASF45:
 1429 00c5 63685F6F 		.ascii	"ch_objects_cache\000"
 1429      626A6563 
 1429      74735F63 
 1429      61636865 
 1429      00
ARM GAS  C:\Users\angio\AppData\Local\Temp\ccENNZB8.s 			page 28


 1430              	.LASF14:
 1431 00d6 75696E74 		.ascii	"uint8_t\000"
 1431      385F7400 
 1432              	.LASF65:
 1433 00de 63684361 		.ascii	"chCacheObjectInit\000"
 1433      6368654F 
 1433      626A6563 
 1433      74496E69 
 1433      7400
 1434              	.LASF61:
 1435 00f0 63684361 		.ascii	"chCacheGetObject\000"
 1435      63686547 
 1435      65744F62 
 1435      6A656374 
 1435      00
 1436              	.LASF20:
 1437 0101 63685F71 		.ascii	"ch_queue_t\000"
 1437      75657565 
 1437      5F7400
 1438              	.LASF16:
 1439 010c 75696E74 		.ascii	"uint32_t\000"
 1439      33325F74 
 1439      00
 1440              	.LASF26:
 1441 0115 73656D61 		.ascii	"semaphore_t\000"
 1441      70686F72 
 1441      655F7400 
 1442              	.LASF49:
 1443 0121 6F626A73 		.ascii	"objsz\000"
 1443      7A00
 1444              	.LASF2:
 1445 0127 6C6F6E67 		.ascii	"long double\000"
 1445      20646F75 
 1445      626C6500 
 1446              	.LASF1:
 1447 0133 6C6F6E67 		.ascii	"long long int\000"
 1447      206C6F6E 
 1447      6720696E 
 1447      7400
 1448              	.LASF13:
 1449 0141 6C6F6E67 		.ascii	"long long unsigned int\000"
 1449      206C6F6E 
 1449      6720756E 
 1449      7369676E 
 1449      65642069 
 1450              	.LASF28:
 1451 0158 6F635F66 		.ascii	"oc_flags_t\000"
 1451      6C616773 
 1451      5F7400
 1452              	.LASF10:
 1453 0163 6C6F6E67 		.ascii	"long int\000"
 1453      20696E74 
 1453      00
 1454              	.LASF5:
 1455 016c 5F5F7569 		.ascii	"__uint8_t\000"
 1455      6E74385F 
 1455      7400
ARM GAS  C:\Users\angio\AppData\Local\Temp\ccENNZB8.s 			page 29


 1456              	.LASF40:
 1457 0176 6F626A5F 		.ascii	"obj_key\000"
 1457      6B657900 
 1458              	.LASF25:
 1459 017e 71756575 		.ascii	"queue\000"
 1459      6500
 1460              	.LASF41:
 1461 0184 6F626A5F 		.ascii	"obj_sem\000"
 1461      73656D00 
 1462              	.LASF6:
 1463 018c 756E7369 		.ascii	"unsigned char\000"
 1463      676E6564 
 1463      20636861 
 1463      7200
 1464              	.LASF66:
 1465 019a 6C72755F 		.ascii	"lru_get_last_s\000"
 1465      6765745F 
 1465      6C617374 
 1465      5F7300
 1466              	.LASF63:
 1467 01a9 5F5F6675 		.ascii	"__func__\000"
 1467      6E635F5F 
 1467      00
 1468              	.LASF77:
 1469 01b2 2E2E2F2E 		.ascii	"../../chibios2111/os/oslib/src/chobjcaches.c\000"
 1469      2E2F6368 
 1469      6962696F 
 1469      73323131 
 1469      312F6F73 
 1470              	.LASF70:
 1471 01df 63685365 		.ascii	"chSemFastWaitI\000"
 1471      6D466173 
 1471      74576169 
 1471      744900
 1472              	.LASF9:
 1473 01ee 5F5F696E 		.ascii	"__int32_t\000"
 1473      7433325F 
 1473      7400
 1474              	.LASF3:
 1475 01f8 7369676E 		.ascii	"signed char\000"
 1475      65642063 
 1475      68617200 
 1476              	.LASF62:
 1477 0204 67726F75 		.ascii	"group\000"
 1477      7000
 1478              	.LASF46:
 1479 020a 68617368 		.ascii	"hashn\000"
 1479      6E00
 1480              	.LASF0:
 1481 0210 756E7369 		.ascii	"unsigned int\000"
 1481      676E6564 
 1481      20696E74 
 1481      00
 1482              	.LASF47:
 1483 021d 68617368 		.ascii	"hashp\000"
 1483      7000
 1484              	.LASF53:
ARM GAS  C:\Users\angio\AppData\Local\Temp\ccENNZB8.s 			page 30


 1485 0223 72656164 		.ascii	"readf\000"
 1485      6600
 1486              	.LASF30:
 1487 0229 63685F6F 		.ascii	"ch_oc_hash_header\000"
 1487      635F6861 
 1487      73685F68 
 1487      65616465 
 1487      7200
 1488              	.LASF8:
 1489 023b 73686F72 		.ascii	"short unsigned int\000"
 1489      7420756E 
 1489      7369676E 
 1489      65642069 
 1489      6E7400
 1490              	.LASF75:
 1491 024e 62617365 		.ascii	"basePri\000"
 1491      50726900 
 1492              	.LASF58:
 1493 0256 6173796E 		.ascii	"async\000"
 1493      6300
 1494              	.LASF32:
 1495 025c 68617368 		.ascii	"hash_prev\000"
 1495      5F707265 
 1495      7600
 1496              	.LASF55:
 1497 0266 6F635F72 		.ascii	"oc_readf_t\000"
 1497      65616466 
 1497      5F7400
 1498              	.LASF19:
 1499 0271 63686172 		.ascii	"char\000"
 1499      00
 1500              	.LASF51:
 1501 0276 63616368 		.ascii	"cache_sem\000"
 1501      655F7365 
 1501      6D00
 1502              	.LASF18:
 1503 0280 75636E74 		.ascii	"ucnt_t\000"
 1503      5F7400
 1504              	.LASF15:
 1505 0287 696E7433 		.ascii	"int32_t\000"
 1505      325F7400 
 1506              	.LASF17:
 1507 028f 636E745F 		.ascii	"cnt_t\000"
 1507      7400
 1508              	.LASF60:
 1509 0295 63684361 		.ascii	"chCacheReadObject\000"
 1509      63686552 
 1509      6561644F 
 1509      626A6563 
 1509      7400
 1510              	.LASF27:
 1511 02a7 5F426F6F 		.ascii	"_Bool\000"
 1511      6C00
 1512              	.LASF73:
 1513 02ad 706F7274 		.ascii	"port_unlock\000"
 1513      5F756E6C 
 1513      6F636B00 
ARM GAS  C:\Users\angio\AppData\Local\Temp\ccENNZB8.s 			page 31


 1514              	.LASF12:
 1515 02b9 6C6F6E67 		.ascii	"long unsigned int\000"
 1515      20756E73 
 1515      69676E65 
 1515      6420696E 
 1515      7400
 1516              	.LASF59:
 1517 02cb 63684361 		.ascii	"chCacheWriteObject\000"
 1517      63686557 
 1517      72697465 
 1517      4F626A65 
 1517      637400
 1518              	.LASF31:
 1519 02de 68617368 		.ascii	"hash_next\000"
 1519      5F6E6578 
 1519      7400
 1520              	.LASF11:
 1521 02e8 5F5F7569 		.ascii	"__uint32_t\000"
 1521      6E743332 
 1521      5F7400
 1522              	.LASF78:
 1523 02f3 433A5C43 		.ascii	"C:\\ChibiStudio\\workspace_user\\RT-STM32G474RE-NUC"
 1523      68696269 
 1523      53747564 
 1523      696F5C77 
 1523      6F726B73 
 1524 0323 4C454F36 		.ascii	"LEO64\000"
 1524      3400
 1525              	.LASF71:
 1526 0329 63685379 		.ascii	"chSysUnlock\000"
 1526      73556E6C 
 1526      6F636B00 
 1527              	.LASF24:
 1528 0335 63685F73 		.ascii	"ch_semaphore\000"
 1528      656D6170 
 1528      686F7265 
 1528      00
 1529              	.LASF48:
 1530 0342 6F626A6E 		.ascii	"objn\000"
 1530      00
 1531              	.LASF57:
 1532 0347 6F626A70 		.ascii	"objp\000"
 1532      00
 1533              	.LASF33:
 1534 034c 6F635F6C 		.ascii	"oc_lru_header_t\000"
 1534      72755F68 
 1534      65616465 
 1534      725F7400 
 1535              	.LASF23:
 1536 035c 63685F71 		.ascii	"ch_queue\000"
 1536      75657565 
 1536      00
 1537              	.LASF34:
 1538 0365 63685F6F 		.ascii	"ch_oc_lru_header\000"
 1538      635F6C72 
 1538      755F6865 
 1538      61646572 
ARM GAS  C:\Users\angio\AppData\Local\Temp\ccENNZB8.s 			page 32


 1538      00
 1539              	.LASF29:
 1540 0376 6F635F68 		.ascii	"oc_hash_header_t\000"
 1540      6173685F 
 1540      68656164 
 1540      65725F74 
 1540      00
 1541              	.LASF79:
 1542 0387 5F5F7365 		.ascii	"__set_BASEPRI\000"
 1542      745F4241 
 1542      53455052 
 1542      4900
 1543              	.LASF36:
 1544 0395 6C72755F 		.ascii	"lru_prev\000"
 1544      70726576 
 1544      00
 1545              	.LASF22:
 1546 039e 70726576 		.ascii	"prev\000"
 1546      00
 1547              	.LASF35:
 1548 03a3 6C72755F 		.ascii	"lru_next\000"
 1548      6E657874 
 1548      00
 1549              	.LASF67:
 1550 03ac 68617368 		.ascii	"hash_get_s\000"
 1550      5F676574 
 1550      5F7300
 1551              	.LASF76:
 1552 03b7 474E5520 		.ascii	"GNU C17 10.3.1 20210824 (release) -mcpu=cortex-m4 -"
 1552      43313720 
 1552      31302E33 
 1552      2E312032 
 1552      30323130 
 1553 03ea 6D746875 		.ascii	"mthumb -mfloat-abi=soft -march=armv7e-m -ggdb -O0 -"
 1553      6D62202D 
 1553      6D666C6F 
 1553      61742D61 
 1553      62693D73 
 1554 041d 666F6D69 		.ascii	"fomit-frame-pointer -falign-functions=16 -ffunction"
 1554      742D6672 
 1554      616D652D 
 1554      706F696E 
 1554      74657220 
 1555 0450 2D736563 		.ascii	"-sections -fdata-sections -fno-common -flto\000"
 1555      74696F6E 
 1555      73202D66 
 1555      64617461 
 1555      2D736563 
 1556              		.text
 1557              		.section	.gnu.lto_.inline.1f2b0472,"e",%progbits
 1558 0000 789C9591 		.ascii	"x\234\225\221\261\015\3020\024D/\337I\200$J\001\214"
 1558      B10DC230 
 1558      14442FDF 
 1558      4980244A 
 1558      018C
 1559 0012 40854441 		.ascii	"@\205DA\207\020%-\036\201\012\004,\201`\003\227\024"
 1559      8710252D 
ARM GAS  C:\Users\angio\AppData\Local\Temp\ccENNZB8.s 			page 33


 1559      1E810A04 
 1559      2C816003 
 1559      9714
 1560 0024 0CC10014 		.ascii	"\014\301\000\024\214\300\020\014@\301\000\\L\034\024"
 1560      8CC0100C 
 1560      40C1005C 
 1560      4C1C14
 1561 0033 0B29C285 		.ascii	"\013)\302\205\377}\353\375\363%^\010\252\225\001\341"
 1561      FF7DEBFD 
 1561      F3255E08 
 1561      AA9501E1 
 1562 0043 814BAD00 		.ascii	"\201K\255\000\251T\210#\325^P\220A#!\210\331\334dM\331"
 1562      A9548823 
 1562      D55E5090 
 1562      41232188 
 1562      D9DC644D 
 1563 0058 76AA46A8 		.ascii	"v\252F\250F\"l\274%B\237\315E6$\006N\325\210\030C6\017"
 1563      46226CBC 
 1563      25429FCD 
 1563      45362406 
 1563      4ED58818 
 1564 006f D9919850 		.ascii	"\331\221\230P\335\225O\004IP\355\222r\017\214v5\356"
 1564      DD954F04 
 1564      4950ED92 
 1564      720F8C76 
 1564      35EE
 1565 0081 B22AA38D 		.ascii	"\262*\243\215F\013#\316\234\255\321\234\352$[\377\203"
 1565      460B23CE 
 1565      9CADD19C 
 1565      EA245BFF 
 1565      83
 1566 0092 32C24254 		.ascii	"2\302BTe\260\302h\247\320\306\230\340U\025\3233\252"
 1566      65B0C268 
 1566      A7D0C698 
 1566      E05515D3 
 1566      33AA
 1567 00a4 E78F18B0 		.ascii	"\347\217\030\260\036(\003\324\253;\217r\224\201\214"
 1567      1E2803D4 
 1567      AB3B8F72 
 1567      94818C
 1568 00b3 FE4C7430 		.ascii	"\376Lt0\245\311\313\346Z\332\237\344\347\362\275|\317"
 1568      A5C9CBE6 
 1568      5ADA9FE4 
 1568      E7F2BD7C 
 1568      CF
 1569 00c4 04396153 		.ascii	"\0049aS$\222\304:\370\017\321\352}oM\377\242\361\006"
 1569      2492C43A 
 1569      F80FD1EA 
 1569      7D6F4DFF 
 1569      A2F106
 1570 00d7 CC1675E8 		.ascii	"\314\026u\350"
 1571              		.text
 1572              		.section	.gnu.lto_.jmpfuncs.1f2b0472,"e",%progbits
 1573 0000 789C6362 		.ascii	"x\234cb@\006\000\000*\000\003"
 1573      40060000 
 1573      2A0003
 1574              		.text
ARM GAS  C:\Users\angio\AppData\Local\Temp\ccENNZB8.s 			page 34


 1575              		.section	.gnu.lto_.lto.1f2b0472,"e",%progbits
 1576 0000 09000400 		.ascii	"\011\000\004\000\001\000\000\000"
 1576      01000000 
 1577              		.text
 1578              		.section	.gnu.lto_chSysLock.191.1f2b0472,"e",%progbits
 1579 0000 789C7D50 		.ascii	"x\234}PMh\023Q\020\236\331\267i\225\012\366&z1=\024"
 1579      4D681351 
 1579      109ED9B7 
 1579      69950AF6 
 1579      267A313D 
 1580 0015 159A6C12 		.ascii	"\025\232l\022c\"\336\312\022J\241QI\342E\002%\331\256"
 1580      6322DECA 
 1580      124AA151 
 1580      49E24502 
 1580      25D9AE
 1581 0028 66D574C3 		.ascii	"f\325t\303n\242\366\224\265\005\005\241IM\004\017\206"
 1581      6EA2F694 
 1581      B50505A1 
 1581      494D040F 
 1581      86
 1582 0039 1E4A044F 		.ascii	"\036J\004O\315\305\237\246V]\015EO\012\202xP\020\017"
 1582      CDC59FA6 
 1582      565D0D45 
 1582      4F0A8278 
 1582      50100F
 1583 004c 2222FED0 		.ascii	"\"\"\376\320\213=\210q^~L\017\342c\2277\337|\337|3o"
 1583      8B3D8871 
 1583      5E7E4C0F 
 1583      E2639737 
 1583      DF7CDF7C 
 1584 0062 D6116037 		.ascii	"\326\021`7\375c@\307\001X\272vU\200f\263\231\027\005"
 1584      FD6340C7 
 1584      0158BA76 
 1584      558066B3 
 1584      991705
 1585 0075 2C17BE3E 		.ascii	",\027\276>\3719\2006\2660\303\353\205gs\313\005\304"
 1585      F9398036 
 1585      B630C3EB 
 1585      856773CB 
 1585      05C4
 1586 0087 7A3B21E2 		.ascii	"z;!\342\245\027k\233'\361n\033\"\344\005&b\036\313\354"
 1586      A5176B9B 
 1586      27F16E1B 
 1586      22E40526 
 1586      621ECBEC 
 1587 009b 8065599B 		.ascii	"\200eY\233\267\026k\363\003\326m\033\253\014`\221A\367"
 1587      B7166BF3 
 1587      03D66D1B 
 1587      AB0C6091 
 1587      41F7
 1588 00ad F4751056 		.ascii	"\364u\020V\030\266b\304{\010] \340\3756\340\026\357"
 1588      18B662C4 
 1588      7B085D20 
 1588      E0FD36E0 
 1588      16EF
 1589 00bf 0240EE94 		.ascii	"\002@\356\224\354\320\270\202\035\272\304\252T'v\"\001"
 1589      ECD0B882 
ARM GAS  C:\Users\angio\AppData\Local\Temp\ccENNZB8.s 			page 35


 1589      1DBAC4AA 
 1589      54277622 
 1589      01
 1590 00d0 9D14B124 		.ascii	"\235\024\261$g\366\331Tx\347\312\333\227{*\226-V\031"
 1590      67F6D954 
 1590      78E7CADB 
 1590      977B2A96 
 1590      2D5619
 1591 00e3 C335E43D 		.ascii	"\3035\344=\036 \256\"\340C\032\207-\343\207\035$\035"
 1591      1E20AE22 
 1591      E0431A87 
 1591      2DE3871D 
 1591      241D
 1592 00f5 E6D24AE1 		.ascii	"\346\322J\341f}\2441g=\267\376\212\241'\2469;\303\254"
 1592      667DA431 
 1592      673DB7FE 
 1592      8AA127A6 
 1592      393BC3AC 
 1593 0109 BCAEF4E1 		.ascii	"\274\256\364\341#J\326\271\035\177\005>nMN\032$\242"
 1593      234AD6B9 
 1593      1D7F053E 
 1593      6E4D4E1A 
 1593      24A2
 1594 011b F6CA615B 		.ascii	"\366\312a[\277\232E\313\276\261\2636_\376\364E\020\005"
 1594      BF9A45CB 
 1594      BEB1B336 
 1594      5FFEF445 
 1594      1005
 1595 012d E0055064 		.ascii	"\340\005Pd|\241\255\263\227\340\002\023z\220\3017\234"
 1595      7CA1ADB3 
 1595      97E00213 
 1595      7A90C137 
 1595      9C
 1596 013e DD188425 		.ascii	"\335\030\204%&\360\2070\364\300wJ|.\254\276\337N\213"
 1596      26F08730 
 1596      F4C0774A 
 1596      7C2EACBE 
 1596      DF4E8B
 1597 0151 E7EEBFF9 		.ascii	"\347\356\277\371\242\206\212\302\345mU\306\037,\362"
 1597      A2868AC2 
 1597      E56D55C6 
 1597      1F2CF2
 1598 0160 DD3D45A0 		.ascii	"\335=E\240\033\033\270\324^\316P\251\305;Z\344:\037"
 1598      1B1BB8D4 
 1598      5ECE50A9 
 1598      C53B5AE4 
 1598      3A1F
 1599 0172 9BDAB2AD 		.ascii	"\233\332\262\255}\026\230\270\025n\340\354\217\217\215"
 1599      7D1698B8 
 1599      156EE0EC 
 1599      8F8F8D
 1600 0181 3721DA2F 		.ascii	"7!\332/\264\325\330\243\005J\004\344#q9\245%\265h67"
 1600      B4D5D8A3 
 1600      054A04E4 
 1600      237139A5 
 1600      25B56836 
 1601 0196 A5E9F10B 		.ascii	"\245\351\361\013\272q\326\314$\024u2g\252F<\022sEc\341"
ARM GAS  C:\Users\angio\AppData\Local\Temp\ccENNZB8.s 			page 36


 1601      BA71D6CC 
 1601      24147532 
 1601      67AA463C 
 1601      12734563 
 1602 01ab 83BE317F 		.ascii	"\203\2761\177\320\037\011\271\216\236\220'B\307\002"
 1602      D01F09B9 
 1602      8E9E9027 
 1602      42C702
 1603 01ba 7ED8EF76 		.ascii	"~\330\357vK\364)\274R7}^\257W\322M\311\310J\332\264"
 1603      4BF429BC 
 1603      52377D5E 
 1603      AF57D24D 
 1603      C9C84ADA 
 1604 01cf 722E37A5 		.ascii	"r.7\245\022c\316\230\356\024\364'\023\246z\334\320\344"
 1604      1263CE98 
 1604      EE14F427 
 1604      13A67ADC 
 1604      D0E4
 1605 01e1 7F16287A 		.ascii	"\177\026(z:\255OK\352\305\2544\032\011Kr8:\036\225d"
 1605      3AAD4F4B 
 1605      EAC5AC34 
 1605      1A094B72 
 1605      383A1E95 
 1606 01f6 DD50A5F1 		.ascii	"\335P\245\361\256O\332\324\314\311\323\212B^\273\224"
 1606      AE4FDAD4 
 1606      CCC9D38A 
 1606      425EBB94 
 1607 0206 949E3CA3 		.ascii	"\224\236<\243$\224\224j\272\025\267\377\224r\310s\330"
 1607      2494946A 
 1607      BA15B7FF 
 1607      9472C873 
 1607      D8
 1608 0217 E383E0FF 		.ascii	"\343\203\340\377\2743\272\2215\271\373\371\240+\354"
 1608      BC33BA91 
 1608      35B9FBF9 
 1608      A02BEC
 1609 0226 1A9D8891 		.ascii	"\032\235\210\221N\241\016\3447\030\216F\234|\276\214"
 1609      4EA10EE4 
 1609      37188E46 
 1609      9C7CBE8C 
 1610 0236 A18D3887 		.ascii	"\241\2158\207= \030\320\237V\323\2721\003\177\000\371"
 1610      3D2018D0 
 1610      9F56D3BA 
 1610      31037F00 
 1610      F9
 1611 0247 F4085A   		.ascii	"\364\010Z"
 1612              		.text
 1613              		.section	.gnu.lto_chSysUnlock.192.1f2b0472,"e",%progbits
 1614 0000 789C7D51 		.ascii	"x\234}QMh\023Q\020\236yo\223*\025\354M\364bz(*4\331"
 1614      4D681351 
 1614      109E796F 
 1614      932A15EC 
 1614      4DF4627A 
 1615 0018 A6C644BC 		.ascii	"\246\306D\274\225\020\244\320\250$\321\213\201\222l"
 1615      9510A4D0 
 1615      A824D18B 
 1615      81926C
ARM GAS  C:\Users\angio\AppData\Local\Temp\ccENNZB8.s 			page 37


 1616 0027 57B36ABA 		.ascii	"W\263j\272a7Q{\352ZAA0\321D\361\022z(\021zR\360\267"
 1616      6137517B 
 1616      EA5A4141 
 1616      30D144F1 
 1616      127A2811 
 1617 003f A9B58D16 		.ascii	"\251\265\215\026\321K\024<\350A\244\010z\360`\225\202"
 1617      D14B143C 
 1617      E841A408 
 1617      7AF06095 
 1617      82
 1618 0050 D88318E7 		.ascii	"\330\203\030\347m\022[A|\354\262\363\315\367\3157\363"
 1618      6D125B41 
 1618      7CECB2F3 
 1618      CDF7CD37 
 1618      F3
 1619 0061 66DF22C0 		.ascii	"f\337\"\300Vz\217\000\035'`\361\352%\006\215Fc\\bX\242"
 1619      567A8F00 
 1619      1D2760F1 
 1619      EA25068D 
 1619      46635C62 
 1620 0077 18EFA38D 		.ascii	"\030\357\243\2158^\313\177y\362\243\023kM,\341\365\374"
 1620      385ECB7F 
 1620      79F2A313 
 1620      6B4D2CE1 
 1620      F5FC
 1621 0089 F3C53B79 		.ascii	"\363\305;y\304j3\341\300s/\347\336\034m\353\021\306"
 1621      C46A33E1 
 1621      C0732FE7 
 1621      DE1C6DEB 
 1621      11C6
 1622 009b 19A7E438 		.ascii	"\031\247\3448\226\370.\313\262VoN\326/wZ\3235\254p\200"
 1622      96F82ECB 
 1622      B2566F4E 
 1622      D62F775A 
 1622      D335AC70 
 1623 00b0 490EEDE3 		.ascii	"I\016\355\343l!,s\264c\304\007\010m\300\360a\023\220"
 1623      6C212C73 
 1623      B463C407 
 1623      086DC0F0 
 1623      611390
 1624 00c3 C5CC773F 		.ascii	"\305\314w?\220=%[4\316`\213.\362\012\325I\255\210\241"
 1624      903D255B 
 1624      34CE608B 
 1624      2EF20AD5 
 1624      49AD88A1 
 1625 00d7 8B229E14 		.ascii	"\213\"\236\024\314\216\032\365\276w\361\335\253me\253"
 1625      CC8E1AF5 
 1625      BE77F1DD 
 1625      AB6D65AB 
 1626 00e7 265538C7 		.ascii	"&U8\3079\024=\036!\316\"\340c\032\207\337\302\017\233"
 1626      39143D1E 
 1626      21CE22E0 
 1626      631A87DF 
 1626      C20F9B
 1627 00fa 48DA23A4 		.ascii	"H\332#\244\345\374B\265w\361\274\365\302\372#\20651"
 1627      E5FC42B5 
 1627      77F1BCF5 
ARM GAS  C:\Users\angio\AppData\Local\Temp\ccENNZB8.s 			page 38


 1627      C2FA2386 
 1627      3531
 1628 010c CDD91A66 		.ascii	"\315\331\032f\365c\331\211\363\224\254\012;q\013\\\260"
 1628      F563D989 
 1628      F394AC0A 
 1628      3B710B5C 
 1628      B0
 1629 011d 27270D9B 		.ascii	"''\015\233\246\232y\274\375\332Q\263~6\012V\355\306"
 1629      A69A79BC 
 1629      FDDA51B3 
 1629      7E360A56 
 1629      EDC6
 1630 012f E67ABDB4 		.ascii	"\346z\275\264\264\314$&\362\000\005.Vl\237\3556dk\220"
 1630      B4CC2426 
 1630      F200052E 
 1630      566C9FED 
 1630      36646B90 
 1631 0143 C315CED7 		.ascii	"\303\025\316\327\303e\234X\351\202)\316\304\325\250"
 1631      C3659C58 
 1631      E98229CE 
 1631      C4D5A8
 1632 0152 157CA5C4 		.ascii	"\025|\245\304\347\374\354\322F\372\027\242\337/\261"
 1632      E7FCECD2 
 1632      46FA17A2 
 1632      DF2FB1
 1633 0161 BAEE02BB 		.ascii	"\272\356\002\273\260\241\302\305\012$\261\315\247\010"
 1633      B0A1C2C5 
 1633      0A24B1CD 
 1633      A708
 1634 016f F4C5459C 		.ascii	"\364\305E\234j\256\253\273h\363\016\233|&.Bm\245\277"
 1634      6AAEABBB 
 1634      68F30E9B 
 1634      7C262E42 
 1634      6DA5BF
 1635 0182 DB3AD6C3 		.ascii	"\333:\326\303\025\234\370\366\351\356\373\020m\034\232"
 1635      159CF8F6 
 1635      E9EEFB10 
 1635      6D1C9A
 1636 0191 6A5CA319 		.ascii	"j\\\243\031%\374\301}\361`JKj\321lnD\323\343gt\343\244"
 1636      25FCC17D 
 1636      F1604A4B 
 1636      6AD16C6E 
 1636      44D3E367 
 1637 01a8 994928EA 		.ascii	"\231I(\352p\316T\215x$\346\216\306\302\273\373\367\373"
 1637      70CE548D 
 1637      7824E68E 
 1637      C6C2BBFB 
 1637      F7FB
 1638 01ba 02BE48C8 		.ascii	"\002\276H\310}\340pp(t\320\357\203\235\036\217L\217"
 1638      7DE07070 
 1638      2874D0EF 
 1638      839D1E8F 
 1638      4C8F
 1639 01cc 222A75B3 		.ascii	"\"*u\263\337\353\365\312\272)\033YY\033UN\345FTb\314"
 1639      DFEBF5CA 
 1639      BA291B59 
 1639      591B554E 
ARM GAS  C:\Users\angio\AppData\Local\Temp\ccENNZB8.s 			page 39


 1639      E5465462 
 1640 01e1 31D39382 		.ascii	"1\323\223\202\216d\302T\017\031Z\360\237\005\212\236"
 1640      8E64C254 
 1640      0F195AF0 
 1640      9F058A9E 
 1641 01f1 4EEBA3B2 		.ascii	"N\353\243\262z6+\017D\302r0\034\035\214\312A\335P\345"
 1641      7A362B0F 
 1641      44C27230 
 1641      1C1D8CCA 
 1641      41DD50E5 
 1642 0205 C1B64FDA 		.ascii	"\301\266O\332\324\314\341\343\212B^[\224\224\236<\241"
 1642      D4CCE1E3 
 1642      8A425E5B 
 1642      94949E3C 
 1642      A1
 1643 0216 2494946A 		.ascii	"$\224\224jz\024\217\357\230\262\247oo_?\004\376\347"
 1643      7A148FEF 
 1643      98B2A76F 
 1643      6F5F3F04 
 1643      FEE7
 1644 0228 9DD18DAC 		.ascii	"\235\321\215\254)\334O\007\334a\367\300P\214t\012u "
 1644      29DC4F07 
 1644      DC61F7C0 
 1644      508C740A 
 1644      7520
 1645 023a BFAE7034 		.ascii	"\277\256p4\342\022\363e\014\255\327\325\323\007\314"
 1645      E212F365 
 1645      0CADD7D5 
 1645      D307CC
 1646 0249 808EB49A 		.ascii	"\200\216\264\232\326\2151\370\015!x\030z"
 1646      D68D31F8 
 1646      0D217818 
 1646      7A
 1647              		.text
 1648              		.section	.gnu.lto_chSemFastWaitI.234.1f2b0472,"e",%progbits
 1649 0000 789C6D90 		.ascii	"x\234m\220;,CQ\030\307\277\377\371n\033\302nDB0\270"
 1649      3B2C4351 
 1649      18C7BFFF 
 1649      F96E1BC2 
 1649      6E444230 
 1650 0015 7DA84724 		.ascii	"}\250G$\246F\014^I\325\326D\364\272\322z]\351mc\221"
 1650      A6460C5E 
 1650      49D5D644 
 1650      F4BAD27A 
 1650      5DE96D63 
 1651 002a F4200C96 		.ascii	"\364 \014\226z\014\026\014M\211\315\344QD\272[Db\267"
 1651      7A0C160C 
 1651      4D89CDE4 
 1651      5144BA5B 
 1651      4462B7
 1652 003d 904E2226 		.ascii	"\220N\"&\203\244\316m\011\203/\347\234|\257\337\367"
 1652      83A4CE6D 
 1652      09832FE7 
 1652      9C7CAFDF 
 1652      F7
 1653 004e FD73FA40 		.ascii	"\375s\372@\264LD\215\352\022\023v\2667\005\225J\245"
 1653      B44C448D 
ARM GAS  C:\Users\angio\AppData\Local\Temp\ccENNZB8.s 			page 40


 1653      EA121376 
 1653      B6370595 
 1653      4AA5
 1654 0060 B426B0D2 		.ascii	"\264&\260\322\204<\312>(-\220\306.\267I)?\216\016o\327"
 1654      843CCA3E 
 1654      282D90C6 
 1654      2EB74929 
 1654      3F8E0E6F 
 1655 0075 6BE44901 		.ascii	"k\344I\0019&:d\252\330>c\207s\014h\337\236@\203\362"
 1655      39263A64 
 1655      AAD83E63 
 1655      87730C68 
 1655      DF9E4083 
 1656 008a 384A2D05 		.ascii	"8J-\005)\357\213\227RVS\216\031\027P\014\316\2013\265"
 1656      29EF8B97 
 1656      5256538E 
 1656      1917500C 
 1656      CE8133B5 
 1657 009e 5B25CCF5 		.ascii	"[%\314\365Z\"\367\317$\225\243\323\007WA~\2262R>\277"
 1657      5A22F7CF 
 1657      2495A3D3 
 1657      0757417E 
 1657      9632523E 
 1658 00b3 E0AED90D 		.ascii	"\340\256\331\015\325\246\011\347\321\200K\325\221aG"
 1658      D5A609E7 
 1658      D1804BD5 
 1658      916147
 1659 00c2 63D9EA55 		.ascii	"c\331\352U\270\305\3427\004\275b\365&\377\034\3122\276"
 1659      B8C5E237 
 1659      04BD62F5 
 1659      26FF1CCA 
 1659      32BE
 1660 00d4 95301C75 		.ascii	"\2250\034u\307P\342\253r\354\312\262\206+\220\267\022"
 1660      C750E2AB 
 1660      72ECCAB2 
 1660      862B90B7 
 1660      12
 1661 00e5 BA718D83 		.ascii	"\272q\215\203\362\352W\254\355o<\"\313\"[\341\334H;"
 1661      F2EA57AC 
 1661      ED6F3C22 
 1661      CB225BE1 
 1661      DC483B
 1662 00f8 C3DE36F1 		.ascii	"\303\3366\361\203\027\305?\374m\205W\034\275c\365io"
 1662      8317C53F 
 1662      FC6D8557 
 1662      1CBD63F5 
 1662      696F
 1663 010a B0FC1F19 		.ascii	"\260\374\037\031\306_\215D]\301\336H0\026\217\306\307"
 1663      C65F8D44 
 1663      5DC1DE48 
 1663      30168FC6 
 1663      C7
 1664 011b 92A9A9B8 		.ascii	"\222\251\251\270\025Y\262\022\263\366\342\244aN\244"
 1664      1559B212 
 1664      B3F6E2A4 
 1664      614EA4
 1665 012a 6C331109 		.ascii	"l3\021\011\205\333\307\302\303\035\376\201@w \324\337"
ARM GAS  C:\Users\angio\AppData\Local\Temp\ccENNZB8.s 			page 41


 1665      85DBC7C2 
 1665      C31DFE81 
 1665      407720D4 
 1665      DF
 1666 013b 3E321E1C 		.ascii	">2\036\034\352\037\355\012P\253\256{\3241\034\322\262"
 1666      EA1FED0A 
 1666      50ABAE7B 
 1666      D4311CD2 
 1666      B2
 1667 014c FD3E9FCF 		.ascii	"\375>\237\317c\331\236D\322\023_0\346RS\246\252\330"
 1667      63D99E44 
 1667      D2135F30 
 1667      E65253A6 
 1667      AAD8
 1668 015e E6BC1E23 		.ascii	"\346\274\036#a/\326\0311+:cL\0321\323\326\015=0mtz{"
 1668      612FD619 
 1668      312B3A63 
 1668      4C1A31D3 
 1668      D60D3D30 
 1669 0176 BC7EFA02 		.ascii	"\274~\372\002\027n\227R"
 1669      176E9752 
 1670              		.text
 1671              		.section	.gnu.lto_chSemFastSignalI.235.1f2b0472,"e",%progbits
 1672 0000 789C6D90 		.ascii	"x\234m\220\313+DQ\034\307\177\337\363\273&\362\007X"
 1672      CB2B4451 
 1672      1CC77FDF 
 1672      F3BB26F2 
 1672      0758
 1673 0012 A2080B77 		.ascii	"\242\010\013w\036\306#e5\311\302\253\006\273)\231\353"
 1673      1EC62365 
 1673      35C9C2AB 
 1673      06BB2999 
 1673      EB
 1674 0023 6AC6EB6A 		.ascii	"j\306\353j\356L6j\016b1\233al\261\230\206\354\254\274"
 1674      EE4C366A 
 1674      0E62319B 
 1674      616CB198 
 1674      86ECACBC 
 1675 0037 A5F913A4 		.ascii	"\245\371\023\244d'+DIJY\250qf.\261\360\353\234\323\357"
 1675      64272B44 
 1675      494A59A8 
 1675      71662EB1 
 1675      F0EB9CD3 
 1676 004c F5F9FDBE 		.ascii	"\365\371\375\276\235.\020-\020Q\255\272\304\204\314"
 1676      9D2E102D 
 1676      1051ADBA 
 1676      C484CC
 1677 005b 7A4A50A1 		.ascii	"zJP\241PHj\002\213u8A\311\007%\005\222\330\340&)\345"
 1677      50486A02 
 1677      8B753841 
 1677      C9072505 
 1677      92D8E026 
 1678 0071 C7CEF6ED 		.ascii	"\307\316\366\355J\245\334\313#\307D\333L\216m22\234"
 1678      4AA5DCCB 
 1678      23C744DB 
 1678      4C8E6D32 
 1678      329C
ARM GAS  C:\Users\angio\AppData\Local\Temp\ccENNZB8.s 			page 42


 1679 0083 6340FBF6 		.ascii	"c@\373\366\004j\224\307aj\310Ky\371t,e\005\345\230q"
 1679      046A94C7 
 1679      616AC84B 
 1679      79F9742C 
 1679      6505E598 
 1680 0098 04C5E010 		.ascii	"\004\305\340\0208P\273U\302|\250$r\375LR9\332\277*\313"
 1680      3850BB55 
 1680      C27CA824 
 1680      72FD4C52 
 1680      39DABF2A 
 1681 00ad CBCF425A 		.ascii	"\313\317BZ\312\367{<\327\273\240\3324Q|4\340Xu\244\271"
 1681      CAF77B3C 
 1681      D7BBA0DA 
 1681      34517C34 
 1681      E05875A4 
 1682 00c2 A8B164D5 		.ascii	"\250\261d\325*\\c\361\033\202^\260t~\362\036\3142\276"
 1682      2A5C63F1 
 1682      1B825EB0 
 1682      747EF21E 
 1682      CC32BE
 1683 00d5 95308AEA 		.ascii	"\2250\212\352v\241\304\227\347\270,\313\032NA\036't"
 1683      76A1C497 
 1683      E7B82CCB 
 1683      1A4E411E 
 1683      2774
 1684 00e7 E10C5BA5 		.ascii	"\341\014[\245\325/X\336\\\275F\226E\326\341\\\316\260"
 1684      D52F58DE 
 1684      5CBD4696 
 1684      45D6E15C 
 1684      CEB0
 1685 00f9 D7147EF0 		.ascii	"\327\024~\360G\361\017\177\341\360\212\2437,\335\335"
 1685      47F10F7F 
 1685      E1F08AA3 
 1685      372CDDDD 
 1686 0109 F496FE23 		.ascii	"\364\226\376#\315\370\253\221\250-\320\031\012D\242"
 1686      CDF8AB91 
 1686      A82DD019 
 1686      0A44A2
 1687 0118 E1E8503C 		.ascii	"\341\350P<1\036\265B\363Vl\312\236\0333\314\321\204"
 1687      311EB542 
 1687      F3566CCA 
 1687      9E1B33CC 
 1687      D184
 1688 012a 6DC642C1 		.ascii	"m\306B\301\341\346\241\341\376\026_\217\277\335\037"
 1688      E1E6A1E1 
 1688      FE165F8F 
 1688      BFDD1F
 1689 0139 EC6E1E18 		.ascii	"\354n\036\030\011\364u\017\266\371\251Q\327\335\352"
 1689      09F4750F 
 1689      B6F9A951 
 1689      D7DDEA
 1690 0148 1845D2B2 		.ascii	"\030E\322\262}^\257\327m\331\356X\334\035\2355\246\023"
 1690      7D5EAFD7 
 1690      6DD9EE58 
 1690      DC1D9D35 
 1690      A613
 1691 015a E3A6AAD8 		.ascii	"\343\246\252\330\346\214\036!a\317U\031\021+<i\214\031"
ARM GAS  C:\Users\angio\AppData\Local\Temp\ccENNZB8.s 			page 43


 1691      E68C1E21 
 1691      61CF5519 
 1691      112B3C69 
 1691      8C19
 1692 016c 11D3D60D 		.ascii	"\021\323\326\015\335?a\264z:<>\372\002\347\031\227\327"
 1692      DD3F61B4 
 1692      7A3A3C3E 
 1692      FA02E719 
 1692      97D7
 1693              		.text
 1694              		.section	.gnu.lto_chSemGetCounterI.236.1f2b0472,"e",%progbits
 1695 0000 789C6550 		.ascii	"x\234eP1H[Q\024\275\347\337o0\270\026:6 \242\035\374"
 1695      31485B51 
 1695      14BDE7DF 
 1695      6F30B816 
 1695      3A3620A2 
 1696 0016 3F89D18A 		.ascii	"?\211\321\212\223\020\304%ZP\273\005\212\371~\371i\253"
 1696      9310C425 
 1696      5A50BB05 
 1696      8AF97EF9 
 1696      69AB
 1697 0028 3FE427B8 		.ascii	"?\344'\270\010y\011\212\230!\211fU\007\211\266[\227"
 1697      0879098A 
 1697      98218966 
 1697      550789B6 
 1697      5B97
 1698 003a 96A6E890 		.ascii	"\226\246\350\220\325I\351\354 \316\322\212\223\205J"
 1698      D549E9EC 
 1698      20CED28A 
 1698      93854A
 1699 0049 7CEF9362 		.ascii	"|\357\223b\300\313{p\357y\347\334{\356K\200h\235\210"
 1699      C0CB7B70 
 1699      EF79E7DC 
 1699      7BEE4B80 
 1699      689D88
 1700 005c C2F2924E 		.ascii	"\302\362\222N\330\335)k\324n\267\013\272\206\372N\371"
 1700      D8DD296B 
 1700      D46EB70B 
 1700      BA86FA4E 
 1700      F9
 1701 006d BCD9D4F1 		.ascii	"\274\331\324\361\023>\300(\352~\002*h\214\002\352\274"
 1701      133EC028 
 1701      EA7E022A 
 1701      688C02EA 
 1701      BC
 1702 007e C7D8E506 		.ascii	"\307\330\345\006\023\364N\006\204^\013!\356\217\016"
 1702      13F44E06 
 1702      845E0B21 
 1702      EE8F0E
 1703 008d 1E8EFAF6 		.ascii	"\036\216\372\366\276\264\364\006kt \011\337\201oP3$"
 1703      BEB4F406 
 1703      6B742009 
 1703      DF816F50 
 1703      3324
 1704 009f 915334D8 		.ascii	"\221S4\330\022\342\342oS\210 5\230\361\003]\034\011"
 1704      12E2E26F 
 1704      53882035 
ARM GAS  C:\Users\angio\AppData\Local\Temp\ccENNZB8.s 			page 44


 1704      98F1035D 
 1704      1C09
 1705 00b1 D8677D44 		.ascii	"\330g}D\001RJ\031\022\303\200\330\024\267\333[[\225"
 1705      01524A19 
 1705      12C380D8 
 1705      14B7DB5B 
 1705      5B95
 1706 00c3 17B562EF 		.ascii	"\027\265b\357\263\246\364\365WOK\374kW\205\370c>\\^"
 1706      B3A6F4F5 
 1706      574F4BFC 
 1706      6B5785F8 
 1706      633E5C5E 
 1707 00d7 07A57B34 		.ascii	"\007\245{4\301\244\230Te\265\221\037\257$\275\306\332"
 1707      C1A49854 
 1707      65B5911F 
 1707      AF24BDC6 
 1707      DA
 1708 00e8 5309FA8D 		.ascii	"S\011\372\215\322i\360\220\377\357\302P\026\217!\267"
 1708      D269F090 
 1708      FFEFC250 
 1708      168F21B7 
 1709 00f8 9073F443 		.ascii	"\220s\364C\326p\002\012o\370e\017N\261\357{Rm\270\253"
 1709      D670020A 
 1709      6FF8650F 
 1709      4EB1EF7B 
 1709      526DB8AB 
 1710 010c 0D6E509C 		.ascii	"\015nP\234\244~\251\272-\177\026!48\320q\257\342\016"
 1710      A47EA9BA 
 1710      2D7F1621 
 1710      3438D071 
 1710      AFE20E
 1711 011f A5AB7AA5 		.ascii	"\245\253z\245\002\371\225r\222B\252\214nODc\361\211"
 1711      02F99572 
 1711      9242AA8C 
 1711      6E4F4463 
 1711      F189
 1712 0131 64DC49A7 		.ascii	"d\334I\247\322\363\271\374R\332M\256\271\331\217^f\321"
 1712      D2F3B9FC 
 1712      52DA4DAE 
 1712      B9D98F5E 
 1712      66D1
 1713 0143 B2DFE73D 		.ascii	"\262\337\347=;\233\234[\030\236_\230\031\211N\307\336"
 1713      3B9B9C5B 
 1713      189E5F98 
 1713      19894EC7 
 1713      DE
 1714 0154 C4E6A686 		.ascii	"\304\346\246\206g\337\305\023So\307b4d\030\246<\226"
 1714      67DFC513 
 1714      536FC762 
 1714      346418A6 
 1714      3C96
 1715 0166 52BA5E34 		.ascii	"R\272^4\022\211\230\256gfsfz\325\372\224_\262\345\213"
 1715      128998AE 
 1715      67667366 
 1715      7AD5FA94 
 1715      5FB2E58B 
 1716 017a 67AF180E 		.ascii	"g\257\030\016i^\346\245\345\270\251\017\326\242\345"
ARM GAS  C:\Users\angio\AppData\Local\Temp\ccENNZB8.s 			page 45


 1716      695EE6A5 
 1716      E5B8A90F 
 1716      D6A2E5
 1717 0189 D89E6119 		.ascii	"\330\236a\031\261ek4<\036\216\322#\313\344\246\353"
 1717      B1656B34 
 1717      3C1E8ED2 
 1717      23CBE4A6 
 1717      EB
 1718              		.text
 1719              		.section	.gnu.lto_hash_get_s.335.1f2b0472,"e",%progbits
 1720 0000 789C7D53 		.ascii	"x\234}S[H\024Q\030>\3779gfgwm\275B\364T \021B^\263\013"
 1720      5B481451 
 1720      183EFF39 
 1720      67666777 
 1720      6DBD42F4 
 1721 001b 3D0512BD 		.ascii	"=\005\022\275t\201\2647\241t3\3276\330\305M\242'\307"
 1721      7481B437 
 1721      A17433D7 
 1721      36D8C54D 
 1721      A227C7
 1722 002e 4C4D25DD 		.ascii	"LM%\335\2654\015\223\030v\273\221&Qt\321j\303\254(\262"
 1722      B5340D93 
 1722      1876BB91 
 1722      265174D1 
 1722      6AC3AC28 
 1723 0043 30CCA77A 		.ascii	"0\314\247z\360)\241\304\202\300B\332\376sf\324\335\215"
 1723      F029A1C4 
 1723      82C042DA 
 1723      FE7366D4 
 1723      DD8D
 1724 0055 3ACC9CF9 		.ascii	":\314\234\371/\337\377\375\227s\246\225\023\322M\010"
 1724      2FDFFFFD 
 1724      9773A695 
 1724      13D24D08 
 1725 0065 B9822F71 		.ascii	"\271\202/q\020\350\012\265Q\022\213\305\3529\205\013"
 1725      10E80AB5 
 1725      51128BC5 
 1725      EA39850B 
 1726 0075 A1B6B737 		.ascii	"\241\266\2677nsx\012\322\300\350\351\220SJ\315!\227"
 1726      6E73780A 
 1726      D2C0E8E9 
 1726      90534ACD 
 1726      2197
 1727 0087 FC72DA94 		.ascii	"\374r\332\224dQ\240\257\313\37068n\223\232*(,:\033m"
 1727      6451A0AF 
 1727      CBF83638 
 1727      6E939A2A 
 1727      282C3A1B 
 1728 009c 0CB5D325 		.ascii	"\014\265\323%\256\336\340\214)h2\340\341\270*5;4h&\034"
 1728      AEDEE08C 
 1728      296832E0 
 1728      E1B82A35 
 1728      3B346826 
 1729 00b1 483D655C 		.ascii	"H=e\\Qm\232\035\352\251\215\254\254s\254\237A\027\013"
 1729      516D9A1D 
 1729      EAA98DAC 
 1729      AC73AC9F 
ARM GAS  C:\Users\angio\AppData\Local\Temp\ccENNZB8.s 			page 46


 1729      41170B
 1730 00c4 3302DC92 		.ascii	"3\002\334\222\000\326\345Du}!2\320\021q\366_\213\362"
 1730      00D6E544 
 1730      757D2132 
 1730      D01171F6 
 1730      5F8BF2
 1731 00d7 30A36400 		.ascii	"0\243d\000\001w\001\356\200\010B \253&\033\020\364n"
 1731      017701EE 
 1731      80084220 
 1731      AB261B10 
 1731      F46E
 1732 00e9 F6BEAEDB 		.ascii	"\366\276\256\333I\2301\270\007q\0304x\027\035\002\327"
 1732      499831B8 
 1732      07711834 
 1732      78171D02 
 1732      D7
 1733 00fa 081238DF 		.ascii	"\010\0228\337\031\351q\005!\3148<H\004r\357\031\247"
 1733      19E97105 
 1733      21CC383C 
 1733      480472EF 
 1733      19A7
 1734 010c 00B69AC0 		.ascii	"\000\266\232\300\341\336\246\026=\215\013\340H2\360"
 1734      E1DEA616 
 1734      3D8D0BE0 
 1734      4832F0
 1735 011b BCD3CC7D 		.ascii	"\274\323\314}\026\304g\275\240\275\330\324\346\0126"
 1735      16C467BD 
 1735      A0BDD8D4 
 1735      E60A36
 1736 012a 6858223C 		.ascii	"hX\"<\202\204\"\2757%m\327\012\266/\322nb\025x\222\204"
 1736      828422BD 
 1736      37256DD7 
 1736      0AB62FD2 
 1736      6E621578 
 1737 0140 BDEC5409 		.ascii	"\275\354T\011D\001\036\203\350\024\027\232\331\372h"
 1737      44011E83 
 1737      E814179A 
 1737      D9FA68
 1738 014f 933E3F38 		.ascii	"\223>?8\336\322\221efH\034\202\205\2775\251D\365\305"
 1738      DED29165 
 1738      66481C82 
 1738      85BF35A9 
 1738      44F5C5
 1739 0162 58A7AEBF 		.ascii	"X\247\256\277\310\371\2648d\317\002,U\241\270\251\014"
 1739      C8F9B438 
 1739      64CF022C 
 1739      55A1B8A9 
 1739      0C
 1740 0173 371B1792 		.ascii	"7\033\027\222\"6Ul6a\323\304f'\030\355@\211\246\000"
 1740      2236556C 
 1740      3661D3C4 
 1740      662718ED 
 1740      4089A600 
 1741 0187 DC875500 		.ascii	"\334\207U\000\017\301\0050\012\251\2029Mx\323\2057C"
 1741      0FC10530 
 1741      0AA98239 
 1741      4D78D385 
ARM GAS  C:\Users\angio\AppData\Local\Temp\ccENNZB8.s 			page 47


 1741      3743
 1742 0199 6C994225 		.ascii	"l\231B%\244\223\211\363\224k-\252AFWT spj\364\347\304"
 1742      A49389F3 
 1742      946B2DAA 
 1742      41465754 
 1742      2073706A 
 1743 01b0 4C365E0B 		.ascii	"L6^\013\203\201u\232L\366\177\005t]\307\0364\203\245"
 1743      8381759A 
 1743      4CF67F05 
 1743      745DC71E 
 1743      3483A5
 1744 01c3 C0189002 		.ascii	"\300\030\220\002SU\340\031\\\222\375\316Ac\177\363\017"
 1744      5355E019 
 1744      5C92FDCE 
 1744      41637FF3 
 1744      0F
 1745 01d4 6A307C56 		.ascii	"j0|V\031\314%\311\354\006c\377\016\266\303s\014\206"
 1745      19CC25C9 
 1745      EC0663FF 
 1745      0EB6C373 
 1745      0C86
 1746 01e6 A560CCC9 		.ascii	"\245`\314\311\021/r\252\3426\306R\205\275\247\005\355"
 1746      112F72AA 
 1746      E236C652 
 1746      85BDA705 
 1746      ED
 1747 01f7 8AA4E542 		.ascii	"\212\244\345B\037n\376\212\242\2126\023\250\011\343"
 1747      1F6EFE8A 
 1747      A28A3613 
 1747      A809E3
 1748 0206 EDE67144 		.ascii	"\355\346qD\245b\321\350\222\231\373\336\"*\315jAYi\341"
 1748      A562D1E8 
 1748      9299FBDE 
 1748      222ACD6A 
 1748      415969E1 
 1749 021a B32BCC1C 		.ascii	"\263+\314\034\010\205W\313ePx\215ePy$A\306\222\007\362"
 1749      088557CB 
 1749      6550788D 
 1749      65507924 
 1749      41C69207 
 1750 022f 606A8619 		.ascii	"`j\206\031\314fQ\321\204i8\015l\342\3152\023\207\011"
 1750      CC6651D1 
 1750      8469380D 
 1750      6CE2CD32 
 1750      138709
 1751 0242 6412E398 		.ascii	"d\022\343\230\205\323\237\307*q\014\030i\021\3638b\020"
 1751      85D39FC7 
 1751      2A710C18 
 1751      6911F338 
 1751      6210
 1752 0254 C4D7371A 		.ascii	"\304\3277\032L\373\037\331;$\343Kd\2069W\315bS\222\312"
 1752      4CFB1FD9 
 1752      3B24E34B 
 1752      64863957 
 1752      CD625392 
 1753 0269 ECF9F941 		.ascii	"\354\371\371A\224\231\201\034$H\365\227\\\242\324\277"
 1753      9499811C 
ARM GAS  C:\Users\angio\AppData\Local\Temp\ccENNZB8.s 			page 48


 1753      2448F597 
 1753      5CA2D4BF 
 1754 0279 4E77DA40 		.ascii	"Nw\332@T\346R\326kY\177\245\2450\211i\025+\215-\236"
 1754      54E652D6 
 1754      6B597FA5 
 1754      A5308969 
 1754      152B8D2D 
 1755 028e 00EB981D 		.ascii	"\000\353\230\035\273\332\275\006\003p\202\002\360\013"
 1755      BBDABD06 
 1755      03708202 
 1755      F00B
 1756 029c 504AA373 		.ascii	"PJ\243s\357\017!\251\372{\312\203!ZR\316\357\275\037"
 1756      EF0F21A9 
 1756      FA7BCA83 
 1756      215A52CE 
 1756      EFBD1F
 1757 02af B1F47491 		.ascii	"\261\364t\221B0\332\343\335_\240a\007\311\306\304\363"
 1757      4230DAE3 
 1757      DD5FA061 
 1757      07C9C6C4 
 1757      F3
 1758 02c0 23117D1D 		.ascii	"#\021}\035\376\334)\326\337#\326w\3008\207\314\202'"
 1758      FEDC29D6 
 1758      DF23D677 
 1758      C03887CC 
 1758      8227
 1759 02d2 96A17C9A 		.ascii	"\226\241|\232Z\320\344\315L\327\206\246=x\225!\376*"
 1759      5AD0E4CD 
 1759      4CD786A6 
 1759      3D789521 
 1759      FE2A
 1760 02e4 13B2A564 		.ascii	"\023\262\245d{y\211\247\246\262\246\364x\335\341\032"
 1760      7B7989A7 
 1760      A6B2A6F4 
 1760      78DDE11A 
 1761 02f4 5FF9095F 		.ascii	"_\371\011_\2557\340\257pW\035\254\013T\325\226\357/"
 1761      AD37E0AF 
 1761      70571DAC 
 1761      0B54D596 
 1761      EF2F
 1762 0306 CB2D2DDB 		.ascii	"\313--\333\263\251hW\361\326\342\375;s\367\036(\331"
 1762      B3A96857 
 1762      F1D6E2FD 
 1762      3B73F71E 
 1762      28D9
 1763 0318 BD73DF96 		.ascii	"\275s\337\226b\222\233\227\227\217\217[D\372\002E\205"
 1763      62929B97 
 1763      978F8F5B 
 1763      44FA0245 
 1763      85
 1764 0329 8585F9BE 		.ascii	"\205\205\371\276\000>\307j*\363\003\265nt\370*\217\272"
 1764      003EC76A 
 1764      2AF303B5 
 1764      6E74F82A 
 1764      8FBA
 1765 033b 2BDC9EAA 		.ascii	"+\334\236\252@\236\2330\237\333\277:\301\224W|\304\275"
 1765      409E9B30 
ARM GAS  C:\Users\angio\AppData\Local\Temp\ccENNZB8.s 			page 49


 1765      9FDBBF3A 
 1765      C194577C 
 1765      C4BD
 1766 034d B9605B41 		.ascii	"\271`[A\021Q\252k}u~\346\255:\311\321\357g\036\217\377"
 1766      1151AA6B 
 1766      7D757EE6 
 1766      AD3AC9D1 
 1766      EF671E8F 
 1767 0362 0FD282E7 		.ascii	"\017\322\202\347\314"
 1767      CC
 1768              		.text
 1769              		.section	.gnu.lto_lru_get_last_s.336.1f2b0472,"e",%progbits
 1770 0000 789C7D55 		.ascii	"x\234}U]h\034U\024\276\347\336\331\337\354n\322\374"
 1770      5D681C55 
 1770      14BEE7DE 
 1770      D9DFEC6E 
 1770      D2FC
 1771 0012 368D6230 		.ascii	"6\215b0-*\230_c\255>\011\241\364\305\037H\353[@\232"
 1771      2D2A985F 
 1771      63AD3E09 
 1771      A1F4C51F 
 1771      48EB5B40 
 1772 0027 6DB46984 		.ascii	"m\264i\204\015Y\213\217\2314I\003yh\376$\344!.2l5/\022"
 1772      0D598B8F 
 1772      99344903 
 1772      7968FE24 
 1772      E4212E32 
 1773 003f 048B59AD 		.ascii	"\004\213Y\255\032\2155Ej(iC\205\202\226\252%\365\247"
 1773      1A8D3545 
 1773      6A286943 
 1773      858296AA 
 1773      25F5A7
 1774 0052 DDA6A855 		.ascii	"\335\246\250U\212\353wff3\263\311v\207\2313\367\236"
 1774      8AEB7766 
 1774      6633B3C9 
 1774      76879933 
 1774      F79E
 1775 0064 F9CEF79D 		.ascii	"\371\316\367\235{\356\231\231\307}B\214\010!\306p\211"
 1775      7BEE9999 
 1775      C77D428C 
 1775      0821C670 
 1775      89
 1776 0075 80A0C989 		.ascii	"\200\240\311\211Q)2\231L\277&i\012c\372\224\314\231"
 1776      51293299 
 1776      4CBF2669 
 1776      0A63FA94 
 1776      CC99
 1777 0087 92431345 		.ascii	"\222C\023E\346hd\"b\33659l{N\332\036\017MoF{if\322\270"
 1777      E6686422 
 1777      62DE3539 
 1777      6C7B4EDA 
 1777      1E0F4D6F 
 1778 00a1 33B37C20 		.ascii	"3\263| K\340c\352+\037\004\315\211\237\006fo\334\261"
 1778      4BE063EA 
 1778      2B1F04CD 
 1778      899F0666 
 1778      6FDCB1
ARM GAS  C:\Users\angio\AppData\Local\Temp\ccENNZB8.s 			page 50


 1779 00b4 1E90E897 		.ascii	"\036\220\350\227J\363x}~\352\227R8\307\224\232U4\251"
 1779      4AF3787D 
 1779      7EEA9752 
 1779      38C7949A 
 1779      5534A9
 1780 00c7 924A9066 		.ascii	"\222J\220f\217\210j\237X\324\365{\247\023\337\235.\232"
 1780      8F886A9F 
 1780      58D4F57B 
 1780      A713DF9D 
 1780      2E9A
 1781 00d9 9D5BD492 		.ascii	"\235[\324\222J\212\004\000g\210>\"\016\002P\275.\036"
 1781      4A8A0400 
 1781      67883E22 
 1781      0E0250BD 
 1781      2E1E
 1782 00eb 03E8E21F 		.ascii	"\003\350\342\037\013\272\036\020I\245\350cra\340\350"
 1782      0BBA1E10 
 1782      49A5E863 
 1782      7261E0E8 
 1783 00fb 3913B490 		.ascii	"9\023\264\220\203\304\267=@\247W\206G#\343\003~\020"
 1783      83C4B73D 
 1783      40A75786 
 1783      4723E303 
 1783      7E10
 1784 010d 528A7228 		.ascii	"R\212r({\276\014z\005}B,\204\003>\265gqXO\317,\217\234"
 1784      7BBE0C7A 
 1784      057D422C 
 1784      84033EB5 
 1784      6771584F 
 1785 0125 2AB74272 		.ascii	"*\267Brs`\360\234\022\363\253\236E\375~fL\327o?\371"
 1785      7360F09C 
 1785      12F3AB9E 
 1785      45FD7E66 
 1785      4CD76F3F 
 1786 013a EFFDDF02 		.ascii	"\357\375\337\002\273\011\332\232\344\247A\242\005\012"
 1786      BB09DA9A 
 1786      E4A741A2 
 1786      050A
 1787 0148 612AC36C 		.ascii	"a*\303l\"l\212\331\224\300xv\260)ep\031\217\312\331"
 1787      226C8AD9 
 1787      94C07876 
 1787      B0296570 
 1787      198FCAD9 
 1788 015c 54B0A964 		.ascii	"T\260\251dS\305\270\235l\252\331\354bS\003\343\255\343"
 1788      53C5B89D 
 1788      6CAAD9EC 
 1788      625303E3 
 1788      ADE3
 1789 016e 117652F1 		.ascii	"\021vR\361\016\230\307#Hg\\IgJ\342\026\235x\033\333"
 1789      0E98C723 
 1789      48675C49 
 1789      674AE216 
 1789      9D781BDB 
 1790 0182 B0CF5064 		.ascii	"\260\317Pd\327T\2315x\217t]_\1778\251|\206\012\322g"
 1790      D7549935 
 1790      788F745D 
 1790      5F7F38A9 
ARM GAS  C:\Users\angio\AppData\Local\Temp\ccENNZB8.s 			page 51


 1790      7C860AD2 
 1791 0197 A6AF092E 		.ascii	"\246\257\011.\254\316O\237\323;\274\364!\306\314E\220"
 1791      ACCE4F9F 
 1791      D33BBCF4 
 1791      21C6CC45 
 1791      90
 1792 01a8 177D01E6 		.ascii	"\027}\001\3464\015\325\302'\223*\220\000\211\000eR\005"
 1792      340DD5C2 
 1792      27932A90 
 1792      00890065 
 1792      5205
 1793 01ba 59E16CEA 		.ascii	"Y\341l\352\266\241\014%7y\213\363\361\026\321W\340E"
 1793      B6A10C25 
 1793      37798BF3 
 1793      F116D157 
 1793      E045
 1794 01cc 20CFE72A 		.ascii	" \317\347*\271\362KpX-0\256\324\226\264\317\376\363"
 1794      B9F24B70 
 1794      582D30AE 
 1794      D496B4CF 
 1794      FEF3
 1795 01de 57BBA142 		.ascii	"W\273\241Bv\326\322\311\032T!\210\3219\0226\263\244"
 1795      76D6D2C9 
 1795      1A542188 
 1795      D1391236 
 1795      B3A4
 1796 01f0 6F40C429 		.ascii	"o@\304)s\\\300P\341B\330\363\300j\0266=J\271\310P\016"
 1796      735CC050 
 1796      E142D8F3 
 1796      C06A1636 
 1796      3D4AB9C8 
 1797 0206 F25B0B09 		.ascii	"\362[\013\011\276,q\244\020\361\005\207\230\261\305"
 1797      BE2C71A4 
 1797      10F10587 
 1797      98B1C5
 1798 0215 85B02B4E 		.ascii	"\205\260+N\302\333\222\210\344 /ZH\360Y\245\376{\325"
 1798      C2DB9288 
 1798      E4202F5A 
 1798      48F059A5 
 1798      FE7BD5
 1799 0228 63A8927C 		.ascii	"c\250\222|\334\350\2070\255\002\3561\211\007\247G\310"
 1799      DCE88730 
 1799      AD02EE31 
 1799      8907A747 
 1799      C8
 1800 0239 503B00E6 		.ascii	"P;\000\346\002z\350?\324\2668\257\240+|\315\012G\234"
 1800      027AE83F 
 1800      D4B638AF 
 1800      A02B7CCD 
 1800      0A479C
 1801 024c DD3AF341 		.ascii	"\335:\363AC\225nn\354C\016\336\3350W\020\345\265\033"
 1801      43956E6E 
 1801      EC430EDE 
 1801      DD305710 
 1801      E5B51B
 1802 025f 665D72C3 		.ascii	"f]r\303|\237\3230\221\004o3\210\222\331Ud\256\243a\312"
 1802      7C9FD330 
ARM GAS  C:\Users\angio\AppData\Local\Temp\ccENNZB8.s 			page 52


 1802      91046F33 
 1802      8892D955 
 1802      64AEA361 
 1803 0274 1E5CA130 		.ascii	"\036\\\2410]u/d\015\350r\004X+)\0217ih}\251\023>\313"
 1803      5D752F64 
 1803      0DE87204 
 1803      582B2911 
 1803      3769687D 
 1804 028c 21EC1ED2 		.ascii	"!\354\036\322\266\365\320\327\203\250VE!\235\037\335"
 1804      B6F5D0D7 
 1804      83A85645 
 1804      219D1FDD 
 1805 029c 3ABF40A7 		.ascii	":\277@\247\022\001\026\255d\235\233K\307\340\243\037"
 1805      120116AD 
 1805      649D9B4B 
 1805      C7E0A31F 
 1806 02ac C8D6F06C 		.ascii	"\310\326\360l\325H\235\233BTU\241\335\276\016\015\237"
 1806      D5489D9B 
 1806      425455A1 
 1806      DDBE0E0D 
 1806      9F
 1807 02bd D3193B0B 		.ascii	"\323\031;\013a\177\006\326\377\200\316\250\312A\336"
 1807      617F06D6 
 1807      FF80CEA8 
 1807      CA41DE
 1808 02cc B090E0CB 		.ascii	"\260\220\340\313\022W\027\"^w\210\031\273\253\020\366"
 1808      12571722 
 1808      5E778819 
 1808      BBAB10F6 
 1809 02dc 5727E16D 		.ascii	"W'\341mIT\347 \177\267\220\3403\253\343\335R\235\215"
 1809      4954E720 
 1809      7FB790E0 
 1809      33ABE3DD 
 1809      529D8D
 1810 02ef 85E5BB9E 		.ascii	"\205\345\273\236\315\366\011\347\251\377-\253\376\\"
 1810      CDF609E7 
 1810      A9FF2DAB 
 1810      FE5C
 1811 02fd F130998A 		.ascii	"\3610\231\212\323\251\013?\241\242u@\212q\251\237\327"
 1811      D3A90B3F 
 1811      A1A27540 
 1811      8A71A99F 
 1811      D7
 1812 030e 4C669F9B 		.ascii	"Lf\237\2339M\203\327R+\322\352\256\222\004\277 I\253"
 1812      394D83D7 
 1812      522BD2EA 
 1812      AE9204BF 
 1812      2049AB
 1813 0321 6537EE5D 		.ascii	"e7\356]\276\344\010\206\362\010n\270\005\037\265\266"
 1813      BEE40886 
 1813      F2086EB8 
 1813      051FB5B6 
 1814 0331 70ED2E04 		.ascii	"p\355.\004k\\\353\314~\276\354\250R\372\023Q\001\301"
 1814      6B5CEBCC 
 1814      7EBEECA8 
 1814      52FA1351 
 1814      01C1
ARM GAS  C:\Users\angio\AppData\Local\Temp\ccENNZB8.s 			page 53


 1815 0343 4D7DF2DD 		.ascii	"M}\362\335g\261\334\032\\x5$\323\224\021\276\204\345"
 1815      67B1DC1A 
 1815      5C783524 
 1815      D39411BE 
 1815      84E5
 1816 0355 6652575D 		.ascii	"fRW]IiVR\234\274\337\225<J6\360\274\250\003qz\376}\275"
 1816      49695652 
 1816      9CBCDF95 
 1816      3C4A36F0 
 1816      BCA80371 
 1817 036d 16A115F6 		.ascii	"\026\241\025\366\257\206\217\015:q\355\303Sc\204\377"
 1817      AF868F0D 
 1817      3A71EDC3 
 1817      536384FF 
 1818 037d 284AC09E 		.ascii	"(J\300\2361E\356\017\274\020{\333\236\353h;\332\335"
 1818      3145EE0F 
 1818      BC107BDB 
 1818      9EEB683B 
 1818      DADD
 1819 038f D97DF0CD 		.ascii	"\331}\360\315\343G\272c\035o\305\372z\342\275\207\243"
 1819      E347BA63 
 1819      1D6FC5FA 
 1819      7AE2BD87 
 1819      A3
 1820 03a0 5DAF1E8F 		.ascii	"]\257\036\217w\365u\264\037\252?x\350\305\247Z\016\264"
 1820      77F575B4 
 1820      1FAA3F78 
 1820      E8C5A75A 
 1820      0EB4
 1821 03b2 3ED3DABE 		.ascii	">\323\332\276\277\376\245W\332^\330\377\362\336VQ\337"
 1821      BFFEA557 
 1821      DA5ED8FF 
 1821      F2DE5651 
 1821      DF
 1822 03c3 D0D08833 		.ascii	"\320\320\2103\312\221\261xKsssc,\216\363\215\356\316"
 1822      CA91B178 
 1822      4B737373 
 1822      632C8EF3 
 1822      8DEECE
 1823 03d6 C6785F14 		.ascii	"\306x_\024\017b\235\307\242\207\243G\273\342\015Q\241"
 1823      0F629DC7 
 1823      A287A347 
 1823      BBE20D51 
 1823      A1
 1824 03e7 62D1DEAA 		.ascii	"b\321\336\252\034WC\353k\321\247\233\3665\265\010\015"
 1824      1C5743EB 
 1824      6BD1A79B 
 1824      F635B508 
 1824      0D
 1825 03f8 DEDEFF01 		.ascii	"\336\336\377\001\251\365\211@"
 1825      A9F58940 
 1826              		.text
 1827              		.section	.gnu.lto_chCacheObjectInit.337.1f2b0472,"e",%progbits
 1828 0000 789C8D96 		.ascii	"x\234\215\226kL\024W\024\200\357\231;\263/`\021QA#\202"
 1828      6B4C1457 
 1828      1480EF99 
 1828      3BB32F60 
ARM GAS  C:\Users\angio\AppData\Local\Temp\ccENNZB8.s 			page 54


 1828      11514123 
 1829 0015 8F1525E1 		.ascii	"\217\025%\341\351\202M\177\364\2171m\232\326&j\377\231"
 1829      E9824D7F 
 1829      F48F316D 
 1829      9AD6266A 
 1829      FF99
 1830 0027 34B842A1 		.ascii	"4\270B\241\333\012a\265&M\023\007Eh\261)\013\242D\203"
 1830      DB0A61B5 
 1830      264D1307 
 1830      4568B129 
 1830      0BA24483 
 1831 003b D48EABA1 		.ascii	"\324\216\253\241?\214\306\364\201\217V**>jl\325\326"
 1831      3F8CC6F4 
 1831      818F562A 
 1831      2A3E6A6C 
 1831      D5D6
 1832 004d DAA2AD69 		.ascii	"\332\242\255i\015P+R\322F\261\332\3559wf\337+\353d\271"
 1832      0D502B52 
 1832      D246B1DA 
 1832      ED397766 
 1832      DF2BEB64 
 1833 0062 33F7DCEF 		.ascii	"3\367\334\357<\356\334s\316\260#\211\261[\214\261w\361"
 1833      3CEEDC73 
 1833      CEB02389 
 1833      B15B8CB1 
 1833      77F1
 1834 0074 8F9919B4 		.ascii	"\217\231\031\264\2656K\314\357\367o\224%\330\206\317"
 1834      B5364BCC 
 1834      EFF76F94 
 1834      25D886CF 
 1835 0084 D00F62C6 		.ascii	"\320\017b\306\241=\270\"K\015\255[\203+[Z\355\342\256"
 1835      A13DB822 
 1835      4B0DAD5B 
 1835      832B5B5A 
 1835      EDE2AE
 1836 0097 485B5A93 		.ascii	"H[Z\223\304S\243!1A\275,\036\200m\224\270\254\230`#"
 1836      C453A321 
 1836      3141BD2C 
 1836      1E806D94 
 1836      B8AC9860 
 1837 00ac 9759E852 		.ascii	"\227Y\350R\302\236\267\361\205\252\252>\330\3275\324"
 1837      C29EB7F1 
 1837      85AAAA3E 
 1837      D8D735D4 
 1838 00bc 0F6A772F 		.ascii	"\017jw/\3708c]\334X\354\344\320\306}\034@6\236$\310"
 1838      F838635D 
 1838      DC58ECE4 
 1838      D0C67D1C 
 1838      40369E24 
 1839 00d1 C127FE3A 		.ascii	"\301'\376:\313\355U\325o\257\367\250\252\225\3718\207"
 1839      CBED55D5 
 1839      6FAFF7A8 
 1839      AA95F938 
 1839      87
 1840 00e2 2F0075E0 		.ascii	"/\000u\340s\200\317\200\221\300\335a%n3\010ptx\260\305"
 1840      7380CF80 
 1840      91C0DD61 
ARM GAS  C:\Users\angio\AppData\Local\Temp\ccENNZB8.s 			page 55


 1840      256E3308 
 1840      707478B0 
 1841 00f7 EE45D332 		.ascii	"\356E\3232\034\211\004e\367^\001\276o\200\177\364\357"
 1841      1C890465 
 1841      F75E01BE 
 1841      6F807FF4 
 1841      EF
 1842 0108 10A002C7 		.ascii	"\020\240\002\307\"A\305}P\200-\006x'h\361\313h\213\307"
 1842      2241C57D 
 1842      50802D06 
 1842      782768F1 
 1842      CB688BC7 
 1843 011c 04D8AE83 		.ascii	"\004\330\256\203\207\376ljR'\311>n\202\023\221\240\311"
 1843      87FE6C6A 
 1843      5227C93E 
 1843      6E821391 
 1843      A0C9
 1844 012e DD2FC05D 		.ascii	"\335/\300]\206\305\273\375\272E3|\035\011\232\335W\004"
 1844      86C5BBFD 
 1844      BA45337C 
 1844      1D099ADD 
 1844      5704
 1845 0140 B8C70047 		.ascii	"\270\307\000G\006\333\004h\201\276H\320\342\376E\200"
 1845      06DB0468 
 1845      81BE48D0 
 1845      E2FE4580 
 1846 0150 FB0DF05E 		.ascii	"\373\015\360^\3236\001Z\341t$hu\337\2612f2^4\220\316"
 1846      D336015A 
 1846      E1742468 
 1846      75DFB132 
 1846      66325E34 
 1847 0166 01A097ED 		.ascii	"\001\240\227\355 \265\003\347\232\355\336z\213\217\333"
 1847      20B503E7 
 1847      9AEDDE7A 
 1847      8B8FDB
 1848 0175 E06CB81E 		.ascii	"\340l\270\036c\356z\233\211\3019`\230\002\314\255\332"
 1848      63EE7A9B 
 1848      89C13960 
 1848      9802CCAD 
 1848      DA
 1849 0186 506821E5 		.ascii	"Ph!\345\303\300\034j\275::>8\272\007\316\252\270\333"
 1849      C3C01C6A 
 1849      BD3A3A3E 
 1849      38BA07CE 
 1849      AAB8DB
 1850 0199 24B810A9 		.ascii	"$\270\020\251J\326\371Q\235\363vv\3676\3440\242.\306"
 1850      4AD6F951 
 1850      9DF37676 
 1850      F736E430 
 1850      A22EC6
 1851 01ac A14EC650 		.ascii	"\241N\306P\227\342P\347c\250\357\342P\227c\250+q\250"
 1851      97E250E7 
 1851      63A8EFE2 
 1851      509763A8 
 1851      2B71A8
 1852 01bf 9F62A8EF 		.ascii	"\237b\250\357\243\250nN\373>xY\351U\037\371[T\325\377"
 1852      A3A86E4E 
ARM GAS  C:\Users\angio\AppData\Local\Temp\ccENNZB8.s 			page 56


 1852      FB3E7859 
 1852      E9551FF9 
 1852      5B54D5FF 
 1853 01d3 DC40E761 		.ascii	"\334@\347a\333b\013\300\031H\0068\011v\200S\220\012"
 1853      DB620BC0 
 1853      19480638 
 1853      09768053 
 1853      900A
 1854 01e5 7014D200 		.ascii	"p\024\322\000\216C:\300W0\015\240\0072\031N\2473\234"
 1854      8E433AC0 
 1854      57300DA0 
 1854      0732194E 
 1854      A7339C
 1855 01f8 CE60C8CD 		.ascii	"\316`\310\315D\363\311Y4\314\302!%\033\007;\271\264"
 1855      44F3C959 
 1855      34CCC221 
 1855      251B073B 
 1855      B9B4
 1856 020a CFA6249B 		.ascii	"\317\246$\233\203C\352\\\032\346\321\324A\334|\034l"
 1856      8343EA5C 
 1856      1AE6D1D4 
 1856      41DC7C1C 
 1856      6C
 1857 021b B9842CA0 		.ascii	"\271\204,\240\247\205d/\217\242q\002\364B)\031-#\363"
 1857      A785642F 
 1857      8FA27102 
 1857      F4422919 
 1857      2D23F3
 1858 022e 8CB5702A 		.ascii	"\214\265p*Sqe\213\251\024\232\002\363r\036>\035\201"
 1858      5371658B 
 1858      A9149A02 
 1858      F3721E3E 
 1858      1D81
 1859 0240 4DEDCDFE 		.ascii	"M\355\315\376\023&\215\3174j\213\213\024\330\017X\216"
 1859      13268DCF 
 1859      346A8B8B 
 1859      14D80F58 
 1859      8E
 1860 0251 43193E3E 		.ascii	"C\031>>I\343\323\340\232\220\025\241\010\363!\015~\204"
 1860      49E3D3E0 
 1860      9A9015A1 
 1860      08F3210D 
 1860      7E84
 1861 0263 DD94310D 		.ascii	"\335\2241\015\202\301\314J\206\353\350h\024\266\344"
 1861      82C1CC4A 
 1861      86EBE868 
 1861      14B6E4
 1862 0272 A04CF2F1 		.ascii	"\240L\362\361\311]h\204\241I\262\227\002H\244\353\216"
 1862      C95D6884 
 1862      A149B297 
 1862      0248A4EB 
 1862      8E
 1863 0283 FA5ED078 		.ascii	"\372^\320xV\"\3537\320:DX\277\211S\324\177\324\004\032"
 1863      5622EB37 
 1863      D03A4458 
 1863      BF8953D4 
 1863      7FD4041A 
ARM GAS  C:\Users\angio\AppData\Local\Temp\ccENNZB8.s 			page 57


 1864 0297 9FA5A1B1 		.ascii	"\237\245\241\261XWY\270b\270\3315~\252\335\034p\322"
 1864      585759B8 
 1864      62B8D935 
 1864      7EAADD1C 
 1864      70D2
 1865 02a9 CD434E0C 		.ascii	"\315CN\014\0172\334B\017\022i\245\012\376\310\351\011"
 1865      0F32DC42 
 1865      0F1269A5 
 1865      0AFEC8E9 
 1865      09
 1866 02ba 79057E43 		.ascii	"y\005~C\236\023\237\246\333\237\230\227\3416\3622\361"
 1866      9E139FA6 
 1866      DB9F9897 
 1866      E136F232 
 1866      F1
 1867 02cb 7A3C47CE 		.ascii	"z<G\316L\310\233a\020y\205\370d\335\376\304\274\005"
 1867      4CC89B61 
 1867      107985F8 
 1867      64DDFEC4 
 1867      BC05
 1868 02dd 86913711 		.ascii	"\206\2217\021o\327\355\367O\310[\341\016\362f\342-\304"
 1868      6FD7EDF7 
 1868      4FC85BE1 
 1868      0EF266E2 
 1868      2DC4
 1869 02ef 8F3D7802 		.ascii	"\217=x\002\037:\204)p\027U,L\230\030J\241\0360\202\002"
 1869      1F3A8429 
 1869      7017552C 
 1869      4C98184A 
 1869      A11E3082 
 1870 0304 EC1674A2 		.ascii	"\354\026t\2426\3758\306z\276Il\347\257h;c(\260a\267"
 1870      36FD38C6 
 1870      7ABE496C 
 1870      E7AF683B 
 1870      6328B061 
 1871 0319 193572EF 		.ascii	"\0315r\357\322\271O\361T\263\203v\012\343\333\371[\267"
 1871      D2B94FF1 
 1871      54B38376 
 1871      0AE3DBF9 
 1871      5BB7
 1872 032b 2392A23B 		.ascii	"#\222\242;\037\253\000\376\321\243\030m\276\310\023"
 1872      1FAB00FE 
 1872      D1A3186D 
 1872      BEC813
 1873 033a 05713F3A 		.ascii	"\005q?:\210\007(H\242\027\222\255\007qM\004\221\223"
 1873      88072848 
 1873      A21792AD 
 1873      07714D04 
 1873      9193
 1874 034c 28888731 		.ascii	"(\210\2071A\374\373\364A<\216\016\342?\024$S\0209XK"
 1874      41FCFBF4 
 1874      413C8E0E 
 1874      E23F1424 
 1874      53103958 
 1875 0361 5E2E8795 		.ascii	"^.\207\225%\210c\275\364\273b\324\244\022\252\311n\324"
 1875      258863BD 
 1875      F4BB62D4 
ARM GAS  C:\Users\angio\AppData\Local\Temp\ccENNZB8.s 			page 58


 1875      A412AAC9 
 1875      6ED4
 1876 0373 9DAAF14C 		.ascii	"\235\252\361LP\245\300\001\333\240^\332\315S\310T\246"
 1876      50A5C001 
 1876      DBA05EDA 
 1876      CD53C854 
 1876      A6
 1877 0384 9E40BAE6 		.ascii	"\236@\272\346\223\371\315\310\333\003\374\346\303\215"
 1877      93F9CDC8 
 1877      DB03FCE6 
 1877      C38D
 1878 0392 7D2F6A7C 		.ascii	"}/j|!\316\364\257\254\310\222\343\343W\033\314\032\237"
 1878      21CEF4AF 
 1878      ACC892E3 
 1878      E3571BCC 
 1878      1A9F
 1879 03a4 1DB06389 		.ascii	"\035\260c\211S\027\215\222\250\013\201\017;4>\347\311"
 1879      53178D92 
 1879      A80B810F 
 1879      3B343EE7 
 1879      C9
 1880 03b5 B00CEF49 		.ascii	"\260\014\357I\242\350\310\341\241\306\307\\\343sQ\201"
 1880      A2E8C8E1 
 1880      A1C6C75C 
 1880      E3735181 
 1881 03c5 1CCAC221 		.ascii	"\034\312\302!Fq[\322\370<t\211Kl\030\032~\356\263\213"
 1881      46715BD2 
 1881      F83C7489 
 1881      4B6C181A 
 1881      7EEEB38B 
 1882 03d9 A8E651E7 		.ascii	"\250\346Q\347}\010\231X~XU(\222?\334>l\241o\217\227"
 1882      7D089958 
 1882      7E585528 
 1882      923FDC3E 
 1882      6CA16F8F 
 1883 03ee 2BD12F6D 		.ascii	"+\321/m\374\007\237\003\316\343a\346i|\206\321\335\316"
 1883      FC079F03 
 1883      CEE361E6 
 1883      697C86D1 
 1883      DDCE
 1884 0400 DB34EE08 		.ascii	"\3334\356\010\276\217,\037\237\206\313\224\200\341]"
 1884      BE8F2C1F 
 1884      9F86CB94 
 1884      80E15D
 1885 040f 672B8697 		.ascii	"g+\206\227\032\350:\022u\235\017\244x=\315\001\003\201"
 1885      1AE83A12 
 1885      759D0FA4 
 1885      783DCD01 
 1885      0381
 1886 0421 7E767CE7 		.ascii	"~v|\347\200\254\361\371q6\035~\356-R\360\334\305\273"
 1886      80ACF1F9 
 1886      71361D7E 
 1886      EE2D52F0 
 1886      DCC5BB
 1887 0434 F74A22F7 		.ascii	"\367J\"\367\364\264\2010\345@TA\262\015\311I\344s\276"
 1887      F4B48130 
 1887      E5405441 
ARM GAS  C:\Users\angio\AppData\Local\Temp\ccENNZB8.s 			page 59


 1887      B20DC949 
 1887      E473BE
 1888 0447 BE11DC55 		.ascii	"\276\021\334Un\002g\355R(C-\224\240\333\245\247\361"
 1888      6E0267ED 
 1888      5228432D 
 1888      94A0DBA5 
 1888      A7F1
 1889 0459 D4816A69 		.ascii	"\324\201ji\344)W\354\313\252\361\005\011\034\355\214"
 1889      E42957EC 
 1889      CBAAF105 
 1889      091CED8C 
 1890 0469 DAD5AED0 		.ascii	"\332\325\256\320\256vX#]-\210p\325\031p\225\027\303"
 1890      AE765823 
 1890      5D2D8870 
 1890      D5197095 
 1890      17C3
 1891 047b C6F3D315 		.ascii	"\306\363\323\025\345\347#\311\250\334<\275\225\015\\"
 1891      E5E723C9 
 1891      A8DC3CBD 
 1891      950D5C
 1892 048a 0D66FA50 		.ascii	"\015f\372Pr\314\3162\340c\344'\353m+#\320\266n$\320"
 1892      72CCCE32 
 1892      E063E427 
 1892      EB6D2B23 
 1892      D0B66E24 
 1893 049f F1A14E3A 		.ascii	"\361\241N:\266\250\275\222\356cb>\023\366#?E\367\221"
 1893      B6A8BD92 
 1893      EE63623E 
 1893      13F6233F 
 1893      45F791
 1894 04b2 A97F52C7 		.ascii	"\251\177R\307znN\250c\206OPg*\372(\320S\377\336\205"
 1894      7A6E4EA8 
 1894      63864F50 
 1894      672AFA28 
 1894      D053FFDE 
 1895 04c7 328D9762 		.ascii	"2\215\227b\312j\334I\222\316\306\373\027J4\216\302\351"
 1895      CA6ADC49 
 1895      92CEC6FB 
 1895      174A348E 
 1895      C2E9
 1896 04d9 7A89508E 		.ascii	"z\211P\216\247RU\014\367\371\367\245c\362\343\242\276"
 1896      A752550C 
 1896      F7F9F7A5 
 1896      63F2E3A2 
 1896      BE
 1897 04ea C2F4F298 		.ascii	"\302\364\362\230\216_\033\231\312\243L\031\351\270m"
 1897      8E5F1B99 
 1897      CAA34C19 
 1897      E9B86D
 1898 04f9 C11A7808 		.ascii	"\301\032x\010h-Y\310J\225\233\035wI\206%c\012\377\374"
 1898      682D59C8 
 1898      4A959B1D 
 1898      77498625 
 1898      630AFFFC 
 1899 050d 8FC1A65F 		.ascii	"\217\301\246_[\257\210b\242\253\205C\370\277\016\214"
 1899      5BAF8862 
 1899      A2AB8543 
ARM GAS  C:\Users\angio\AppData\Local\Temp\ccENNZB8.s 			page 60


 1899      F8BF0E8C 
 1900 051d 952D7976 		.ascii	"\225-yv\325\222\252\352\325\325+\326\255_S]\263jCM\235"
 1900      D592AAEA 
 1900      D5D52BD6 
 1900      AD5F535D 
 1900      B36A434D 
 1901 0532 DB535BEE 		.ascii	"\333S[\356\252xm\275\247\242n\325\362\225\371+V\276"
 1901      AA786DBD 
 1901      A7A26ED5 
 1901      F295F92B 
 1901      56BE
 1902 0544 BCA8E479 		.ascii	"\274\250\344y\347b\347\362\245\371\313^]\362\322\322"
 1902      E762E7F2 
 1902      A5F9CB5E 
 1902      5DF2D2D2 
 1903 0554 57CA9C2C 		.ascii	"W\312\234,\277\240\240\020\177.\322\254\361\224\024"
 1903      BFA0A010 
 1903      7F2ED2AC 
 1903      F19414
 1904 0563 171717D6 		.ascii	"\027\027\027\326x\360\367f\365\352BO\235\013\027jV\277"
 1904      78F0F766 
 1904      F5EA424F 
 1904      9D0B176A 
 1904      56BF
 1905 0575 E12A7755 		.ascii	"\341*wUUx\012\\\214\327\270j3\"D\005\316JWi\3213E%L"
 1905      55780A5C 
 1905      8CD7B86A 
 1905      33224405 
 1905      CE4A5769 
 1906 058e A92AF754 		.ascii	"\251*\367T\255\025c\255\214\304Z\005\007\317;4\276]"
 1906      AD1563AD 
 1906      8CC45A05 
 1906      07CF3B34 
 1906      BE5D
 1907 05a0 ABD45594 		.ascii	"\253\324U\224\257\2514m\250\253^WQI\253\265\346\352"
 1907      AFA9346D 
 1907      A8AB5E57 
 1907      5149ABB5 
 1907      E6EA
 1908 05b2 CA756FD5 		.ascii	"\312uo\325\026\024\031\367b\343^b\334\027\031w\247q"
 1908      161419F7 
 1908      62E35E62 
 1908      DC171977 
 1908      A771
 1909 05c4 2FFD1FB0 		.ascii	"/\375\037\260\245\346^"
 1909      A5E65E
 1910              		.text
 1911              		.section	.gnu.lto_chCacheGetObject.338.1f2b0472,"e",%progbits
 1912 0000 789C8555 		.ascii	"x\234\205UmL\034e\020~ggwo\017\012\007\034Z\276\256"
 1912      6D4C1C65 
 1912      107E6767 
 1912      776F0F0A 
 1912      071C5ABE 
 1913 0015 1C318DF1 		.ascii	"\0341\215\361\007\237\305j\214?LH\365\217\326\244\255"
 1913      079FC56A 
 1913      8C3F4C48 
 1913      F58FD6A4 
ARM GAS  C:\Users\angio\AppData\Local\Temp\ccENNZB8.s 			page 61


 1913      AD
 1914 0026 FF484C39 		.ascii	"\377HL9\261\340\231\034\345J\214?\014K\271\322\200i"
 1914      B1E0991C 
 1914      E54A8C3F 
 1914      0C4BB9D2 
 1914      8069
 1915 0038 F9A85235 		.ascii	"\371\250R5\364j6W\3054\251\215Q[\264*J\"\2306\224T\253"
 1915      F46A3657 
 1915      C534A98D 
 1915      515BB42A 
 1915      4A229836 
 1916 004f D586168D 		.ascii	"\325\206\026\215)\320h\275V\211E\2538\363.\307\335\361"
 1916      29D068BD 
 1916      568945AB 
 1916      38F32EC7 
 1916      DDF1
 1917 0061 715EEEE6 		.ascii	"q^\356\346\336\235\367\231\347\231\235\231ww\273!\304"
 1917      DE9DF799 
 1917      E7999D99 
 1917      7777BB21 
 1917      C4
 1918 0072 AB428897 		.ascii	"\253B\210\227\350'\234\002\372z\273\024\261\260\260"
 1918      E8279C02 
 1918      FA7ABB14 
 1918      B1B0B0
 1919 0081 D0AA2A4A 		.ascii	"\320\252*J{\357\313\012|\006\362\252\2437S\376\243\022"
 1919      7BEFCB0A 
 1919      7C06F2AA 
 1919      A33753FE 
 1919      A312
 1920 0093 EA4D97AB 		.ascii	"\352M\227\253}\213\036\025\016\367\246\311\225F\253"
 1920      7D8B1E15 
 1920      0EF7A6C9 
 1920      9546AB
 1921 00a2 58B4BEE4 		.ascii	"X\264\276\344u\300k}\326\315\361\263\217\306\250\014"
 1921      75C06B7D 
 1921      D6CDF1B3 
 1921      8FC6A80C 
 1922 00b2 6853E502 		.ascii	"hS\345\002D\253\202\252\246;\014h\205C8\200\320\207"
 1922      44AB82AA 
 1922      A63B0C68 
 1922      85433880 
 1922      D087
 1923 00c4 1114A02E 		.ascii	"\021\024\240.\256\000\274\367\015\233\346\355c\341\253"
 1923      AE00BCF7 
 1923      0D9BE6ED 
 1923      63E1AB
 1924 00d3 5F390606 		.ascii	"_9\006\006\207\325\010*\"L\200\017\000\336\007N\230"
 1924      87D5082A 
 1924      224C800F 
 1924      00DE074E 
 1924      98
 1925 00e4 80B84BDC 		.ascii	"\200\270K\334K\240\211\231\323\246\351\024\021D8\005"
 1925      4BA08999 
 1925      D3A6E914 
 1925      11443805 
 1926 00f4 091872F8 		.ascii	"\011\030r\370\3371\030\327\016\022\030\235\351\354\317"
ARM GAS  C:\Users\angio\AppData\Local\Temp\ccENNZB8.s 			page 62


 1926      DF3118D7 
 1926      0E12189D 
 1926      E9ECCF
 1927 0103 EC8108AA 		.ascii	"\354\201\010\2520\224\014T\375\037J`\247\015<9\333\271"
 1927      30940C54 
 1927      FD1F4A60 
 1927      A70D3C39 
 1927      DBB9
 1928 0115 DFCC5219 		.ascii	"\337\314R\031\370\361r\340\210ak\037\000\376\333\310"
 1928      F8F172E0 
 1928      88616B1F 
 1928      00FEDBC8 
 1929 0125 B4D73BBB 		.ascii	"\264\327;\2732{\332\014J\021>\201\244$\375\023\206."
 1929      327BDA0C 
 1929      4A113E81 
 1929      A424FD13 
 1929      862E
 1930 0137 E053E0D4 		.ascii	"\340S\340\324\205\000\216\353\213\307\215\035\337=f"
 1930      85008EEB 
 1930      8BC78D1D 
 1930      DF3D66
 1931 0146 928A06C3 		.ascii	"\222\212\006\303\313\302\2469\354s\020T7\341\277f\220"
 1931      CBC2A639 
 1931      EC731054 
 1931      37E1BF66 
 1931      90
 1932 0157 53DD38BC 		.ascii	"S\3358\274\317\214\216\237\3558\230kK%W\203E\006\221"
 1932      CF8C8E9F 
 1932      ED38986B 
 1932      4B255783 
 1932      450691
 1933 016a 63DEBDA0 		.ascii	"c\336\275\240\015\233w\026\272M\363\374\326\311;\277"
 1933      0D9B7716 
 1933      BA4DF3FC 
 1933      D6C93BBF 
 1934 017a A79501EF 		.ascii	"\247\225\001\357i\274\245\323\015\350\0162Tu\370\010"
 1934      69BCA5D3 
 1934      0DE80E32 
 1934      5475F808 
 1935 018a 9C006720 		.ascii	"\234\000g \235w3\310\247d\262q\261\311b\223M\306\310"
 1935      9D7733C8 
 1935      A764B271 
 1935      B1C96293 
 1935      4DC6C8
 1936 019d 61E3E6B0 		.ascii	"a\343\346\260\\\306\345\001\234\206|\276, \243\025\222"
 1936      5CC6E501 
 1936      9C867CBE 
 1936      2C20A315 
 1936      92
 1937 01ae 711631C4 		.ascii	"q\0261\304\303\253\015l\212\331x\231\240\204M)\033!"
 1937      C3AB0D6C 
 1937      8AD97899 
 1937      A0844D29 
 1937      1B21
 1938 01c0 BA914743 		.ascii	"\272\221GC~\212)\337\036T\342\227 \242\320>u\371k\020"
 1938      7E8A29DF 
 1938      1E54E297 
ARM GAS  C:\Users\angio\AppData\Local\Temp\ccENNZB8.s 			page 63


 1938      20A2D03E 
 1938      75F96B10 
 1939 01d4 21502298 		.ascii	"!P\"\230\026FY\351trwL\335<\224aa\272\334X\027f&\013"
 1939      164659E9 
 1939      7472774C 
 1939      DD3C9461 
 1939      61BADC58 
 1940 01ec F32C342C 		.ascii	"\363,4,tF0C\314Bhvd\372m\235 <4\212]\012\242\307D\372"
 1940      74463043 
 1940      CC426876 
 1940      64FA6D9D 
 1940      203C348A 
 1941 0206 1BB0F795 		.ascii	"\033\260\367\225\256\321K{,\324\251\362o\201i\2323\305"
 1941      AED14B7B 
 1941      2CD4A9F2 
 1941      6F81699A 
 1941      33C5
 1942 0218 11CCA428 		.ascii	"\021\314\244(\370Rv\243\202\\TS\027\214\302\021nT\210"
 1942      F85276A3 
 1942      825C5453 
 1942      178CC211 
 1942      6E5488
 1943 022b 31831EBA 		.ascii	"1\203\036\272O\030#\316(\204\336\334d\241C\246\221\025"
 1943      4F1823CE 
 1943      2884DEDC 
 1943      64A143A6 
 1943      9115
 1944 023d 46E434F4 		.ascii	"F\3444\364\010fs\002\223#u\264\305\3629K\362\3522\371"
 1944      08667302 
 1944      932375B4 
 1944      C5F2394B 
 1944      F2EA32F9 
 1945 0251 33F3A32D 		.ascii	"3\363\243-\026f\304\324\215\270\370\242\262\002\347"
 1945      1666C4D4 
 1945      8DB8F8A2 
 1945      B202E7
 1946 0260 4899E319 		.ascii	"H\231\343\031\355\26403\025v\234\260\212\215\215vA2"
 1946      EDB43033 
 1946      15769CB0 
 1946      8A8D8D76 
 1946      4132
 1947 0272 32230939 		.ascii	"2#\0119a#\211/F\354JE|!N\314\330\254T\330o\342\011\257"
 1947      6123892F 
 1947      46EC4A45 
 1947      7C214ECC 
 1947      D8AC54D8 
 1948 028a 48C29584 		.ascii	"H\302\225\204\374\326F\022\237$\036:7\247Y\230\275\032"
 1948      FCD64612 
 1948      9F241E3A 
 1948      37A75998 
 1948      BD1A
 1949 029c 37B5DD0D 		.ascii	"7\265\335\015\227\010\216\222\270\275\177?X\230C`.\257"
 1949      97088E92 
 1949      B8BD7F3F 
 1949      58984360 
 1949      2EAF
 1950 02ae 01FF5245 		.ascii	"\001\377RE]\253\012&\204_\266\303)\316n\374\364\367"
ARM GAS  C:\Users\angio\AppData\Local\Temp\ccENNZB8.s 			page 64


 1950      5DAB0A26 
 1950      845FB6C3 
 1950      29CE6EFC 
 1950      F4F7
 1951 02c0 B4EF5E6A 		.ascii	"\264\357^j\274g\365\306O&4~\006\271\361W\354\306{\355"
 1951      BC67F5C6 
 1951      4F26347E 
 1951      06B9F157 
 1951      ECC67BED 
 1952 02d4 A9CC0DA3 		.ascii	"\251\314\015\243\312\244\356\010\336%[\254\255\230\260"
 1952      CAA4EE08 
 1952      DE255BAC 
 1952      AD98B0
 1953 02e3 DF7E78D8 		.ascii	"\337~x\330\302\374\230\320\340\032\023\366c\342\204"
 1953      C2FC98D0 
 1953      E01A13F6 
 1953      63E284
 1954 02f2 B958E8A7 		.ascii	"\271X\350\247$\241\273\303\250\261P~\004\327K!=\371"
 1954      24A1BBC3 
 1954      A8B1507E 
 1954      04D74B21 
 1954      3DF9
 1955 0304 A484A6E6 		.ascii	"\244\204\246\346\372\211\027$8/\214\272<\022\021\314"
 1955      FA891724 
 1955      382F8CBA 
 1955      3C1211CC 
 1956 0314 E724DE98 		.ascii	"\347$\336\230\277rQ[\272\325u2\003H\350\205\012\327"
 1956      BF72515B 
 1956      BAD57532 
 1956      0348E885 
 1956      0AD7
 1957 0326 485EDE88 		.ascii	"H^\336\210!\361CW\377\007?Cx\231\217\223\361\267n\247"
 1957      21F14357 
 1957      FF073F43 
 1957      78998F93 
 1957      F1B76EA7 
 1958 033a C6BBE1BA 		.ascii	"\306\273\341\272]}\356\227\033\322\354~\377|Q\201/\250"
 1958      5D7DEE97 
 1958      1BD2EC7E 
 1958      FF7C5181 
 1958      2FA8
 1959 034c 91058BCF 		.ascii	"\221\005\213\317v\224\025\211u\257\200\322\207_\227"
 1959      76941589 
 1959      75AF80D2 
 1959      875F97
 1960 035b 2834B841 		.ascii	"(4\270A\024\272\335\377\201\016\012+\264\317{l(\213"
 1960      14BADDFF 
 1960      810E0A2B 
 1960      B4CF7B6C 
 1960      288B
 1961 036d D68E2D84 		.ascii	"\326\216-\204(\305:\022b=\204gI'\277~\344\354\3303\265"
 1961      28C53A12 
 1961      623D8467 
 1961      4927BF7E 
 1961      E4ECD833 
 1962 0382 41D27AF8 		.ascii	"A\322z\370\372$\343\212\311e\343\270.\355\357\261\217"
 1962      FA24E38A 
ARM GAS  C:\Users\angio\AppData\Local\Temp\ccENNZB8.s 			page 65


 1962      C965E3B8 
 1962      2EEDEFB1 
 1962      8F
 1963 0393 8694F88B 		.ascii	"\206\224\370\213c\272\336\305\354\265\244\354\213\010"
 1963      63BADEC5 
 1963      ECB5A4EC 
 1963      8B08
 1964 03a1 077F240C 		.ascii	"\007\177$\014\373\034e`\254q, \351X\374IH'\227\326\313"
 1964      FB1C6560 
 1964      AC712C20 
 1964      E958FC49 
 1964      482797D6 
 1965 03b6 E07E672A 		.ascii	"\340~g*\354<a\323\030\253\305\322)I\225\304\337\361"
 1965      EC3C61D3 
 1965      18ABC5D2 
 1965      294995C4 
 1965      DFF1
 1966 03c8 2496F396 		.ascii	"$\226\363\226$\361\376\023\343\205\025\330\025\244\013"
 1966      24F1FE13 
 1966      E38515D8 
 1966      15A40B
 1967 03d7 36A9254F 		.ascii	"6\251%O}\017:\226?\301_\377\316\311\257\253\330C\334"
 1967      7D0F3A96 
 1967      3FC15FFF 
 1967      CEC9AFAB 
 1967      D843DC
 1968 03ea 613FC499 		.ascii	"a?\304\231vh\372\030ZXja\256\020\177A.\235\012\255\343"
 1968      7668FA18 
 1968      5A586A61 
 1968      AE107F41 
 1968      2E9D0AAD 
 1969 03ff 285518F4 		.ascii	"(U\030\364\023\247v\323\225z\360h#1\032\011\214\360"
 1969      13A776D3 
 1969      957AF068 
 1969      23311A09 
 1969      8CF0
 1970 0411 0BB43D22 		.ascii	"\013\264=\"\356!\355\350\371\343\246\227\336\331\036"
 1970      EE21EDE8 
 1970      F9E3A697 
 1970      DED91E
 1971 0420 FB1D2A3F 		.ascii	"\373\035*?\267`\357\324\221\303\007\200\364\210\227"
 1971      B760EFD4 
 1971      91C30780 
 1971      F48897
 1972 042f 3DDD0889 		.ascii	"=\335\010\211/\030!6\327<T[\323\320X\327\270}O\3133"
 1972      2F182136 
 1972      D73C545B 
 1972      D3D058D7 
 1972      B87D4FCB 
 1973 0444 8D81DA17 		.ascii	"\215\201\332\027\002\315\376`\323N_\375\323-\301\372"
 1973      02CDFE60 
 1973      D34E5FFD 
 1973      D32DC1FA 
 1974 0454 E6DA6D3B 		.ascii	"\346\332m;J\267\357xbS\325c\325\017To\333R\272\365\251"
 1974      4AB7EF78 
 1974      6253D563 
 1974      D50F546F 
ARM GAS  C:\Users\angio\AppData\Local\Temp\ccENNZB8.s 			page 66


 1974      DB52BAF5 
 1975 0469 9AC7B73C 		.ascii	"\232\307\267<\271\271Z\224\226\225\225\323\327\307\221"
 1975      B9B95A94 
 1975      969595D3 
 1975      D7C791
 1976 0478 81605565 		.ascii	"\201`Ueeey H\337\347\033\353\312\203\315>\332\010\324"
 1976      65657920 
 1976      48DFE71B 
 1976      EBCA83CD 
 1976      3EDA08D4 
 1977 048c 3DE7DBE9 		.ascii	"=\347\333\351k\250\017\226\371\004\006|M\353\223\\e"
 1977      6BA80F96 
 1977      F904067C 
 1977      4DEB935C 
 1977      65
 1978 049d D5CFFAEE 		.ascii	"\325\317\372\356\257x\260\242Jh\273\232\003-M\350\257"
 1978      AF78B0A2 
 1978      4A68BB9A 
 1978      032D4DE8 
 1978      AF
 1979 04ae 7F51A5FD 		.ascii	"\177Q\245\375&lhh\372\017\320\277\340\024"
 1979      266C6868 
 1979      FA0FD0BF 
 1979      E014
 1980              		.text
 1981              		.section	.gnu.lto_chCacheReleaseObjectI.339.1f2b0472,"e",%progbits
 1982 0000 789C9556 		.ascii	"x\234\225V[L\234E\024\2363\263\367]\226k\201r]\256\306"
 1982      5B4C9C45 
 1982      149E33B3 
 1982      F75D966B 
 1982      81725DAE 
 1983 0015 07AE6235 		.ascii	"\007\256b5\372bB\032_\274$m\365\211\304\224\025-\242"
 1983      FA62421A 
 1983      5FBC246D 
 1983      F589C494 
 1983      152DA2
 1984 0028 5902561F 		.ascii	"Y\002V\037\371[\326\242hd\001%--\244\371\263\265$m\323"
 1984      F95BD6A2 
 1984      68640125 
 1984      2D2DA4F9 
 1984      B3B5246D 
 1985 003d 44A35245 		.ascii	"D\243REClj\2334\336\003MS\327\306\332R\210H(&\246\255"
 1985      436C6A9B 
 1985      34DE034D 
 1985      53D7C6DA 
 1985      52884828 
 1986 0054 D5F59C7F 		.ascii	"\325\365\234\177\366\337\313\277\300\256d9{f\346;\347"
 1986      F6DFCBBF 
 1986      C0AE6439 
 1986      7B66E63B 
 1986      E7
 1987 0065 9B7399D9 		.ascii	"\233s\231\331\0119\031\033`\214}\204\377,\203\301\310"
 1987      0939191B 
 1987      608C7D84 
 1987      FF2C83C1 
 1987      C8
 1988 0076 F02067E1 		.ascii	"\360 g\341p\270\317\304a\024u\370\034\264\221\340\376"
ARM GAS  C:\Users\angio\AppData\Local\Temp\ccENNZB8.s 			page 67


 1988      70B8CFC4 
 1988      611475F8 
 1988      1CB491E0 
 1988      FE
 1989 0087 61A7A6BD 		.ascii	"a\247\246\2751\354\326\276MpdD\2755qJ\256\233\371\201"
 1989      31ECD6BE 
 1989      4D706444 
 1989      BD35714A 
 1989      AE9BF981 
 1990 009b C8FA4064 		.ascii	"\310\372@d\335\002\207GT\271h\345\007\003\037J\365P"
 1990      DD028747 
 1990      54B968E5 
 1990      07031F4A 
 1990      F550
 1991 00ad E09A546C 		.ascii	"\340\232Tl0\256/\333I\255\220\254\216\230\225\223\010"
 1991      30AE2FDB 
 1991      49AD90AC 
 1991      8E989593 
 1991      08
 1992 00be A4EA02F9 		.ascii	"\244\352\002\371\015\254\217\013\223\331b\265\331\035"
 1992      0DAC8F0B 
 1992      93D962B5 
 1992      D91D
 1993 00cc 4E17F4C1 		.ascii	"N\027\364\301\250\270_Q\224\333\307&\357^\004ej\026"
 1993      A8B85F51 
 1993      94DBC726 
 1993      EF5E0465 
 1993      6A16
 1994 00de 8282B149 		.ascii	"\202\202\261I\301\344\337\021\001#\"(\000L\021\215\203"
 1994      C1E4DF11 
 1994      01232228 
 1994      004C118D 
 1994      83
 1995 00ef 0735F122 		.ascii	"\0075\361\"\273oVQ\276\017M+\212\235\005\205\200O\001"
 1995      BB6F5651 
 1995      BE0F4D2B 
 1995      8A9D0585 
 1995      804F01
 1996 0102 6DE01380 		.ascii	"m\340\023\200\217\201\321D\327U+\341\372A\003\256\376"
 1996      8F81D144 
 1996      D7552BE1 
 1996      FA4103AE 
 1996      FE
 1997 0113 7D62CC1D 		.ascii	"}b\314\035@\327&8\223\0104u-[\031\263\350\2248\007S"
 1997      40D72638 
 1997      93083475 
 1997      2D5B19B3 
 1997      E8943807 
 1998 0128 829DFED1 		.ascii	"\202\235\376\321<\253\334\013\017)\312?7 T\367(\007"
 1998      3CABDC0B 
 1998      0F29CA3F 
 1998      372054F7 
 1998      2807
 1999 013a 98063BC0 		.ascii	"\230\006;\300g\340D\033\263\013\205%\003\205\325M\""
 1999      67E0441B 
 1999      B30B8525 
 1999      0385D54D 
ARM GAS  C:\Users\angio\AppData\Local\Temp\ccENNZB8.s 			page 68


 1999      22
 2000 014b 93E6B248 		.ascii	"\223\346\262H\313&\221CnsI\344\221\330B\"\237D\001\012"
 2000      CB269143 
 2000      6E7349E4 
 2000      91D84222 
 2000      9F44010A 
 2001 015f 5B21695B 		.ascii	"[!i[\011WD\242\230\206%\264PJZ\031\211r\032zH\253 H"
 2001      095744A2 
 2001      988625B4 
 2001      504A5A19 
 2001      89721A7A 
 2002 0177 25892A12 		.ascii	"%\211*\022\325$j\210\255\226\004cC\202R\256\375\225"
 2002      D5246A88 
 2002      AD960463 
 2002      438252AE 
 2002      FD95
 2003 0189 030D796C 		.ascii	"\003\015yl\010, D\374p\005\366\2777\030^\\5aC\250\302"
 2003      082C2044 
 2003      FC7005F6 
 2003      BF37185E 
 2003      5C356143 
 2004 019f 19492816 		.ascii	"\031I(\026\004\265\017\000k\260X\026\024vU\330aF\233"
 2004      04B50F00 
 2004      6BB05816 
 2004      147655D8 
 2004      61469B
 2005 01b2 6BC4295B 		.ascii	"k\304)[P8\340\013\230\240\344\370\0113U\202\304\360"
 2005      5038E00B 
 2005      98A0E4F8 
 2005      09335582 
 2005      C4F0
 2006 01c4 2592AD82 		.ascii	"%\222\255\202\377h\246*\\~\340A\341\234\0248\205^\203"
 2006      FF68A62A 
 2006      5C7EE041 
 2006      E19C1438 
 2006      855E83
 2007 01d7 C2C596C0 		.ascii	"\302\305\226\300\177\345l\021.\221\377\014\220\225\014"
 2007      7FE56C11 
 2007      2E91FF0C 
 2007      90950C
 2008 01e6 08936133 		.ascii	"\010\223a33w\276\2317\253\"C\247\267\305\330\0331<7"
 2008      3377BE99 
 2008      37AB2243 
 2008      A7B7C5D8 
 2008      1B313C37 
 2009 01fa 7C85BC64 		.ascii	"|\205\274d\275\002\375c\003\270e7\202\311\245\025\212"
 2009      BD02FD63 
 2009      03B86537 
 2009      82C9A515 
 2009      8A
 2010 020b C87E7510 		.ascii	"\310~u\02064='M\321F\206}s\311\241\212\314h\240\005"
 2010      36343D27 
 2010      4DD14686 
 2010      7D73C9A1 
 2010      8ACC68A0 
 2011 0220 EB077A3E 		.ascii	"\353\007z>.\320EN\201^\220\201z\230\026e\346\244\340"
 2011      2ED0454E 
ARM GAS  C:\Users\angio\AppData\Local\Temp\ccENNZB8.s 			page 69


 2011      815E9081 
 2011      7A981665 
 2011      E6A4E0
 2012 0233 E4343328 		.ascii	"\34443(\262X\200+\027N\036\027Zhfchg\346\276\026\252"
 2012      B258802B 
 2012      174E1E17 
 2012      5A686663 
 2012      6867E6BE 
 2013 0249 C85A6F7F 		.ascii	"\310Zo\177r\350\206\213\361\321\235Ct6\032\310\360l"
 2013      72E8868B 
 2013      F1D19D43 
 2013      74361AC8 
 2013      F06C
 2014 025b 94C2254A 		.ascii	"\224\302%Ja\266\234\320ShIJ\341\334\263\252\310\331"
 2014      61B69CD0 
 2014      5368494A 
 2014      E1DCB3AA 
 2014      C8D9
 2015 026d 98C604DF 		.ascii	"\230\306\004\337!\015\327h\366\317\340b\356f\330\037"
 2015      210DD768 
 2015      F6CFE062 
 2015      EE66D81F 
 2016 027d 102B2436 		.ascii	"\020+$6)\2719\011\310\237$\022\375\351\216\3636s<\027"
 2016      29B93909 
 2016      C89F2412 
 2016      FDE98EF3 
 2016      36733C17 
 2017 0291 734CD82D 		.ascii	"sL\330-\233a/\3056\234\264\211\274\004\344e\211D\177"
 2017      9B612FC5 
 2017      369CB489 
 2017      BC04E465 
 2017      89447F
 2018 02a4 9AE343F3 		.ascii	"\232\343C\363\026U\344G\332Z\304\332\032\261\230Z\016"
 2018      1655E447 
 2018      DA5AC4DA 
 2018      1AB1985A 
 2018      0E
 2019 02b5 57E28B9D 		.ascii	"W\342\213\235\003?\243\265\211\305\274\205pl\336\200"
 2019      033FA3B5 
 2019      89C5BC85 
 2019      706CDE80 
 2020 02c5 37718757 		.ascii	"7q\207W\021i!\336|\331\\\330\232\005)\310~\225d\376"
 2020      116921DE 
 2020      7CD95CD8 
 2020      9A0529C8 
 2020      7E9564FE 
 2021 02d9 08C406D7 		.ascii	"\010\304\006\327 \035\246\353hf%\246\002=u\205)\210"
 2021      201DA6EB 
 2021      686625A6 
 2021      023D7585 
 2021      2988
 2022 02eb 160C51DD 		.ascii	"\026\014Q\335\214E5nO\244*L\240Z\322\251\354I\330\365"
 2022      8C45356E 
 2022      4FA42A4C 
 2022      A05AD2A9 
 2022      EC49D8F5 
 2023 02ff 787E37F0 		.ascii	"x~7\360,K\236\210\371\332\355\371ys\364\264\271\222"
ARM GAS  C:\Users\angio\AppData\Local\Temp\ccENNZB8.s 			page 70


 2023      2C4B9E88 
 2023      F9DAEDF9 
 2023      7973F4B4 
 2023      B992
 2024 0311 22CB8515 		.ascii	"\"\313\205\025\304\333\030\243R\345\312T\254M_Jas\013"
 2024      C4DB18A3 
 2024      52E5CA54 
 2024      AC4D5F4A 
 2024      61730B
 2025 0324 6DEC7841 		.ascii	"m\354xA\257\202\344\330\034\357\206?\345\011#\0167\200"
 2025      AF82E4D8 
 2025      1CEF863F 
 2025      E509230E 
 2025      3780
 2026 0336 7680AC49 		.ascii	"v\200\254I\007(\264\200Go\353f\007\365\257\370\203:"
 2026      0728B480 
 2026      476FEB66 
 2026      07F5AFF8 
 2026      833A
 2027 0348 87683C97 		.ascii	"\207h<\227[\345\271\364\320A]<\333\216s\360-D\016\251"
 2027      5BE5B9F4 
 2027      D0415D3C 
 2027      DB8E73F0 
 2027      2D440EA9 
 2028 035c 2D89E397 		.ascii	"-\211\343\227\327TQ\234\"\241w\014\011\275\213cGZ\355"
 2028      D754519C 
 2028      22A1770C 
 2028      09BD8B63 
 2028      475AED
 2029 036f 784FAF5C 		.ascii	"xO\257\\q\264\035KR\220\375kl\307pZ\355\270\217G\032"
 2029      71B41D4B 
 2029      5290FD6B 
 2029      6CC7705A 
 2029      EDB88F47 
 2030 0384 BF446FC7 		.ascii	"\277Do\307\322\024D\375<1*?\217Fel\307\322\004\252\003"
 2030      D21444FD 
 2030      3C312A3F 
 2030      8F46656C 
 2030      C7D204AA 
 2031 0399 3A557AED 		.ascii	":Uz\355\370\246\201\347-\311C\346T\022\273\261$\227"
 2031      F8A681E7 
 2031      2DC943E6 
 2031      5412BBB1 
 2031      2497
 2032 03ab AFE35D51 		.ascii	"\257\343]Q\226\302\351\333\006\247\357\360to\210w\365"
 2032      96C2E9DB 
 2032      06A7EFF0 
 2032      746F8877 
 2032      F5
 2033 03bc DD97454B 		.ascii	"\335\227EKR\236\202,\300\015%\031\346\3510\215\362H"
 2033      529E822C 
 2033      C00D2519 
 2033      E6E9308D 
 2033      F248
 2034 03ce F1CBF592 		.ascii	"\361\313\365\222xR\020\275o\210j\214oxCx\022\250\016"
 2034      785210BD 
 2034      6F886A8C 
ARM GAS  C:\Users\angio\AppData\Local\Temp\ccENNZB8.s 			page 71


 2034      6F784378 
 2034      12A80E
 2035 03e1 F2FF7543 		.ascii	"\362\377uC\214\033x\016\363\350\015A%q$\235\222\033"
 2035      8C1B780E 
 2035      F3E80D41 
 2035      2571249D 
 2035      921B
 2036 03f3 F41AA8D8 		.ascii	"\364\032\250\330\360'}\202'\276\006*\021,OaN\252\327"
 2036      F0277D82 
 2036      27BE062A 
 2036      112C4F61 
 2036      4EAAD7
 2037 0406 C0511E79 		.ascii	"\300Q\036y\015T\312\037\212\005,~\325\206h5F4BD\325"
 2037      0D54CA1F 
 2037      8A052C7E 
 2037      D5866835 
 2037      46344244 
 2038 041b 08964490 		.ascii	"\010\226D\220\212\350\230NT\255\305\350Lz~\235\377\003"
 2038      8AE8984E 
 2038      54ADC5E8 
 2038      4C7A7E9D 
 2038      FF03
 2039 042d A96B74FB 		.ascii	"\251kt\373\251\374\365R\347\200\343\350\306\251\277"
 2039      A9FCF552 
 2039      E780E3E8 
 2039      C6A9BF
 2040 043c 4380DE21 		.ascii	"C\200\336!S|\275wH\015\275C4\277\277\275\242\212\332"
 2040      537CBD77 
 2040      480DBD43 
 2040      34BFBFBD 
 2040      A28ADA
 2041 044f E86558B2 		.ascii	"\350eX\262\376\363\346\004\217{\336hnO\032\335j\277"
 2041      FEF3E604 
 2041      8F7BDE68 
 2041      6E4F1ADD 
 2041      6ABF
 2042 0461 E9B5E496 		.ascii	"\351\265\344\226\366\357\212\337\3772\354{\214U\241"
 2042      F6EF8ADF 
 2042      FF32EC7B 
 2042      8C55A1
 2043 0470 E96AE894 		.ascii	"\351j\350\224\342I|\246\2635\340\332\367\220\200\370"
 2043      E2497CA6 
 2043      B335E0DA 
 2043      F79080F8 
 2044 0480 072963DB 		.ascii	"\007)c\333Z\037ik\335\323\331\336\271\363\325\275\317"
 2044      5A1F696B 
 2044      DDD3D9DE 
 2044      B9F3D5BD 
 2044      CF
 2045 0491 77FADA5E 		.ascii	"w\372\332^\367\365t\365v\357\366v<\267\267\267\243\247"
 2045      F7F574F5 
 2045      76EFF676 
 2045      3CB7B7B7 
 2045      A3A7
 2046 04a3 6DC7AEBA 		.ascii	"m\307\256\272\235\273\236|\240\371\361\226\207Zvl\257"
 2046      9DBB9E7C 
 2046      A0F9F196 
ARM GAS  C:\Users\angio\AppData\Local\Temp\ccENNZB8.s 			page 72


 2046      875A766C 
 2046      AF
 2047 04b4 7BEA99D6 		.ascii	"{\352\231\326'\266?\275\255\205\325\325\3277\340\307"
 2047      27B63FBD 
 2047      AD85D5D5 
 2047      D737E0C7 
 2048 04c4 4B96BEDE 		.ascii	"K\226\276\336\346\246\246\246\006_/~^\356lo\350\355"
 2048      E6A6A6A6 
 2048      065F2F7E 
 2048      5EEE6C6F 
 2048      E8ED
 2049 04d6 F1E282AF 		.ascii	"\361\342\202\257\375%\357n\357\236\216\336z/\023>ow"
 2049      FD25EF6E 
 2049      EF9E8EDE 
 2049      7A2F133E 
 2049      6F77
 2050 04e8 41C2547D 		.ascii	"A\302T}\313\013\336\007\033\037nlf&\234\355\376\017"
 2050      CB0BDE07 
 2050      1B1F6E6C 
 2050      66269CED 
 2050      FE0F
 2051 04fa D571E689 		.ascii	"\325q\346\211"
 2052              		.text
 2053              		.section	.gnu.lto_chCacheReadObject.340.1f2b0472,"e",%progbits
 2054 0000 789C7552 		.ascii	"x\234uRMh\023Q\020\236og\267I\023\365$x\264 \"\036\362"
 2054      4D681351 
 2054      109E6F67 
 2054      B74913F5 
 2054      2478B420 
 2055 0017 DBB48AA7 		.ascii	"\333\264\212\247B(^\374\201\266\336\002\222\254\321"
 2055      42285EFC 
 2055      81B6DE02 
 2055      92ACD1
 2056 0026 C6880959 		.ascii	"\306\210\011Y\213z\312\266\305Z\003!mr\262h\220%\212"
 2056      8B7ACAB6 
 2056      C55A0321 
 2056      6D72B268 
 2056      90258A
 2057 0039 7889E04F 		.ascii	"x\211\340O\252V\014\370w)D\274\024\301CO\236\244\004"
 2057      AA560CF8 
 2057      772944BC 
 2057      14C1434F 
 2057      9EA404
 2058 004c 4F168438 		.ascii	"O\026\2048\273\011\332\010\016o\0373\263\363}\363\275"
 2058      BB09DA08 
 2058      0E6F1F33 
 2058      B3F37DF3 
 2058      BD
 2059 005d 796F4C21 		.ascii	"yoL!*\022QP>R\011\345\345\202B\235N'\257*\250,\027Z"
 2059      2A125150 
 2059      3E5209E5 
 2059      E582429D 
 2059      4E27AF2A 
 2060 0075 DB4F55BC 		.ascii	"\333OU\274\206\223`\314\252\216\003\312+\214<*|\270"
 2060      869360CC 
 2060      AA8E03CA 
 2060      2B8C3C2A 
ARM GAS  C:\Users\angio\AppData\Local\Temp\ccENNZB8.s 			page 73


 2060      7CB8
 2061 0087 699A3FEF 		.ascii	"i\232?\357W\027[Xy\330D\215\211\252L\030\206\303v\207"
 2061      57175B58 
 2061      79D8448D 
 2061      89AA4C18 
 2061      86C37687 
 2062 009b 51E61A03 		.ascii	"Q\346\032\003j\317S0$\036_\240C\002\373\364e\3254\007"
 2062      6ACF5330 
 2062      241E5FA0 
 2062      4302FBF4 
 2062      65D53407 
 2063 00af A9C68C06 		.ascii	"\251\306\214\006l\324s\340\031\310N\244\037\271\354"
 2063      6CD473E0 
 2063      19C84EA4 
 2063      1FB9EC
 2064 00be BA793885 		.ascii	"\272y8\205\355[\365\312\236%!W\361\242\277PM7\234\302"
 2064      ED5BF5CA 
 2064      9E252157 
 2064      F1A2BF50 
 2064      4D379CC2 
 2065 00d2 C55E61A1 		.ascii	"\305^a\241^\332\035\024\021x\205?2$L\277s\021\0158\322"
 2065      5EDA1D14 
 2065      1178853F 
 2065      32244CBF 
 2065      73110D38 
 2066 00e7 C4048983 		.ascii	"\304\004\211\203\315\033f\373vk\241\270\367\261\351"
 2066      CD1B66FB 
 2066      766BA1B8 
 2066      F7B1E9
 2067 00f6 FE4735D5 		.ascii	"\376G5\325?kM\363W\247d\232\033\327\326\277~\363z!$"
 2067      3F6B4DF3 
 2067      57A7649A 
 2067      1BD7D6BF 
 2067      7EF37A21 
 2068 010b 9A626F2C 		.ascii	"\232bo,\333\200\006\274\204\013X\205\033X\203\307nA"
 2068      DB8006BC 
 2068      840B5885 
 2068      1B5883C7 
 2068      6E41
 2069 011d 54627B6A 		.ascii	"Tb{j\216\355\227\026K\254\374\015A[\230[\333\376\330"
 2069      8EED9716 
 2069      4BACFC0D 
 2069      415B985B 
 2069      DBFED8
 2070 0130 D02C466F 		.ascii	"\320,Fo\0262D\361\036\3004m\005.\2135\274\201\334B\215"
 2070      163244F1 
 2070      1EC0346D 
 2070      052E8B35 
 2070      BC81DC42 
 2071 0145 DD68E2AE 		.ascii	"\335h\342\256#u\013\363\345\233\260X\261\272\030\015"
 2071      23750BF3 
 2071      E59BB058 
 2071      B1BA180D 
 2072 0155 6E9BA95D 		.ascii	"n\233\251]\300\177\241o\273P\301t{\256o\260\305\334"
 2072      C07FA16F 
 2072      BB50C174 
 2072      7BAE6FB0 
ARM GAS  C:\Users\angio\AppData\Local\Temp\ccENNZB8.s 			page 74


 2072      C5DC
 2073 0167 EBC97D3D 		.ascii	"\353\311}=\007-v\341\275\000\273\241\007\037\004+\322"
 2073      072D76E1 
 2073      BD00BBA1 
 2073      071F042B 
 2073      D2
 2074 0178 A98D857B 		.ascii	"\251\215\205{#\026{\004(D6\277\305R\340%\373X\274\343"
 2074      23167B04 
 2074      284436BF 
 2074      C552E025 
 2074      FB58BCE3 
 2075 018c 58F88ED9 		.ascii	"X\370\216\3311: \370\366J\335\034\222+\332\325\033\262"
 2075      313A20F8 
 2075      F64ADD1C 
 2075      922BDAD5 
 2075      1BB2
 2076 019e 6D3F30B7 		.ascii	"m?0\267\371\244Z\204<\037!#gF\3309#\242\321\350\261"
 2076      F9A45A84 
 2076      3C1F2123 
 2076      6746D839 
 2076      23A2D1E8 
 2077 01b3 58743A95 		.ascii	"Xt:\225HM^\2319\227\312\304\256fri#\033\327\223gg\214"
 2077      484D5E99 
 2077      3997CAC4 
 2077      AE667269 
 2077      231BD793 
 2078 01ca 642E3631 		.ascii	"d.61\345\233\234:9\034>\0369\022\231\030\367\235:\023"
 2078      E59B9C3A 
 2078      391C3E1E 
 2078      39129918 
 2078      F79D3A13 
 2079 01de 3D317E7A 		.ascii	"=1~z4B>\277? K\267\221\031#\034\012\205\002\031C\326"
 2079      34423EBF 
 2079      3F204BB7 
 2079      9119231C 
 2079      0A850219 
 2080 01f4 A5542260 		.ascii	"\245T\"`\344t\371\221I\\\324\343\372t\322\360\353\304"
 2080      E474F991 
 2080      495CD4E3 
 2080      FA74D2F0 
 2080      EBC4
 2081 0206 193DBBAF 		.ascii	"\031=\273\257/\345\217\234\327G\202G\203aR%\233\325"
 2081      2FE58F9C 
 2081      D7478247 
 2081      83615225 
 2081      9BD5
 2082 0218 E2C6F5CB 		.ascii	"\342\306\365\313\372o\330w\354\370"
 2082      FA6FD877 
 2082      ECF8
 2083              		.text
 2084              		.section	.gnu.lto_chCacheWriteObject.341.1f2b0472,"e",%progbits
 2085 0000 789C7552 		.ascii	"x\234uRMh\023Q\020\236og7I\023\177.\202G\013\"\342!"
 2085      4D681351 
 2085      109E6F67 
 2085      3749137F 
 2085      2E82470B 
 2086 0017 BF4DAB78 		.ascii	"\277M\253x\022b\361\342\017\264\365\026\220d\2156\246"
ARM GAS  C:\Users\angio\AppData\Local\Temp\ccENNZB8.s 			page 75


 2086      1262F1E2 
 2086      0FB4F516 
 2086      90648D36 
 2086      A6
 2087 0028 9890B588 		.ascii	"\230\220\265\210x\310\266\305*\221\220\266\001\017\376"
 2087      78C8B6C5 
 2087      2A9190B6 
 2087      010FFE
 2088 0037 5459A278 		.ascii	"TY\242x\253\007\265U[\033\020\275\325\210\027A<x\321"
 2088      AB07B555 
 2088      5B1B10BD 
 2088      D5881741 
 2088      3C78D1
 2089 004a 93B4512F 		.ascii	"\223\264Q/\012\3058\273\011\332\010\016o\0373\263\363"
 2089      0AC538BB 
 2089      09DA080E 
 2089      6F1F33B3 
 2089      F3
 2090 005b 7DF3BD79 		.ascii	"}\363\275y\357\240BT\"\242\220|\244\022f\246\213\012"
 2090      EFA04254 
 2090      22A2907C 
 2090      A41266A6 
 2090      8B0A
 2091 006d 359BCD82 		.ascii	"5\233\315\202\252\2402]\\[\177\250b\011N\2021\246:\016"
 2091      AAA0325D 
 2091      5C5B7FA8 
 2091      62094E82 
 2091      31A63A0E 
 2092 0081 A8A0300A 		.ascii	"\250\2400\012\250\360\236\232i\376\270;\273T\307\365"
 2092      A8F09E9A 
 2092      69FEB83B 
 2092      BB54C7F5 
 2093 0091 FB355499 		.ascii	"\3735T\231h\226\011=p\330n2f\270\312\200\332\366\024"
 2093      6896093D 
 2093      70D86E32 
 2093      66B8CA80 
 2093      DAF614
 2094 00a4 748BC7A7 		.ascii	"t\213\307\247i\267\300\336\274_0\315.\2522c\0366\352"
 2094      69B7C0DE 
 2094      BC5F30CD 
 2094      2EAA3263 
 2094      1E36EA
 2095 00b7 31F00864 		.ascii	"1\360\010d'2_]v\335\004\234\302\306\363ze\313\224\220"
 2095      27325F5D 
 2095      76DD049C 
 2095      C2C6F37A 
 2095      65CB9490 
 2096 00cb AB78D259 		.ascii	"\253x\322Y\250f~9\205W\332\205\313\365\362\346\220\210"
 2096      A8667E39 
 2096      8557DA85 
 2096      CBF5F2E6 
 2096      9088
 2097 00dd C033FC91 		.ascii	"\3003\374\221!a\346\252\233\310\345H\023\023$v\325."
 2097      2161E6AA 
 2097      9BC8E548 
 2097      13132476 
 2097      D52E
ARM GAS  C:\Users\angio\AppData\Local\Temp\ccENNZB8.s 			page 76


 2098 00ef 998D95FA 		.ascii	"\231\215\225\372di\333\003\323\363\217j\232{\253\325"
 2098      6469DB03 
 2098      D3F38F6A 
 2098      9A7BABD5 
 2099 00ff CCF566D9 		.ascii	"\314\365f\3314\233\027W>|\367\371 $\232bo,\233K\003"
 2099      349B1757 
 2099      3E7CF7F9 
 2099      20249A62 
 2099      6F2C9B4B 
 2100 0114 9EC20D2C 		.ascii	"\236\302\015,\300\003,\302k\267 *\263=5\307vH\213)V"
 2100      C0032CC2 
 2100      6BB7202A 
 2100      B33D35C7 
 2100      76488B29 
 2101 0129 FE86A055 		.ascii	"\376\206\240U\214/\376\3744\257Y\214\366,d\210\342\335"
 2101      8C2FFEFC 
 2101      34AF598C 
 2101      F62C6488 
 2101      E2DD
 2102 013b 8369DA0A 		.ascii	"\203i\332\012\334\026kX\206\334B\225=\250\341\226#u"
 2102      DC166B58 
 2102      86DC4295 
 2102      3DA8E196 
 2102      2375
 2103 014d 1513D72E 		.ascii	"\025\023\327.\303b\305ja4\254\011\337V\233\255Q\304"
 2103      C362C56A 
 2103      6134AC09 
 2103      DF569BAD 
 2103      51C4
 2104 015f 7FE12F5A 		.ascii	"\177\341/Zp\301\265\372~~\307\026s\273/w\364\355\262"
 2104      70C1B5FA 
 2104      7E7EC716 
 2104      73BB2F77 
 2104      F4EDB2
 2105 0172 D88D9702 		.ascii	"\330\215\227\002l\205^\274\022\254\310\247\006&\357"
 2105      6C855EBC 
 2105      12ACC8A7 
 2105      0626EF
 2106 0181 F45AEC15 		.ascii	"\364Z\354\025\240\020\331\374\026K\201\217\354\243\361"
 2106      A010D9FC 
 2106      164B818F 
 2106      ECA3F1
 2107 0190 86A3E10B 		.ascii	"\206\243\341\013\306\016\320N\3017^\317\231\335rM\233"
 2107      C60ED04E 
 2107      C1375ECF 
 2107      99DD724D 
 2107      9B
 2108 01a1 DA83B6ED 		.ascii	"\332\203\266\355\033\306?\336\270]\202<!!#gN\3308'\242"
 2108      1BC63FDE 
 2108      B85D823C 
 2108      21212367 
 2108      4ED83827 
 2109 01b6 BED8FE78 		.ascii	"\276\330\376xl8\235L\017\236\033=\231\316\306\317g\363"
 2109      6C389D4C 
 2109      0F9E1B3D 
 2109      99CEC6CF 
 2109      67F3
ARM GAS  C:\Users\angio\AppData\Local\Temp\ccENNZB8.s 			page 77


 2110 01c8 192397D0 		.ascii	"\031#\227\320S'F\215T>>0\344\037\034:\322\0239\024\335"
 2110      5327468D 
 2110      543E3E30 
 2110      E41F1C3A 
 2110      D2133914 
 2111 01dd 1B1DE8F7 		.ascii	"\033\035\350\367\037=\036;\334\177\254/J\376@ (K\267"
 2111      1F3D1E3B 
 2111      DC7FAC2F 
 2111      4AFE4020 
 2111      284BB7
 2112 01f0 91592312 		.ascii	"\221Y#\022\016\207\203YC\326H:\0314\362\272\374\310"
 2112      0E878359 
 2112      43D6483A 
 2112      1934F2BA 
 2112      FCC8
 2113 0202 26CFE809 		.ascii	"&\317\350\011}8e\004t\342\254\236\333\336\221\012DO"
 2113      7D386504 
 2113      74E2AC9E 
 2113      DBDE910A 
 2113      444F
 2114 0214 E9BDA17D 		.ascii	"\351\275\241}\241\010\251\222\315i\011\343\302Y\375"
 2114      A108A992 
 2114      CD6909E3 
 2114      C259FD
 2115 0223 37ECF8F3 		.ascii	"7\354\370\363\013"
 2115      0B
 2116              		.text
 2117              		.section	.gnu.lto_.symbol_nodes.1f2b0472,"e",%progbits
 2118 0000 789C7D92 		.ascii	"x\234}\222KJ\003Q\020E\353\363\362\372u\332\030H\206"
 2118      4B4A0351 
 2118      1045EBF3 
 2118      F2FA75DA 
 2118      184886
 2119 0013 111CB801 		.ascii	"\021\034\270\001\367\220\205U?\262\001\367\360\266\341"
 2119      F7908555 
 2119      3FB201F7 
 2119      F0B6E1
 2120 0022 0F7A9E9F 		.ascii	"\017z\236\237\037\020\234\365L\335\203\032P\270MH\325"
 2120      1F109CF5 
 2120      4CDD831A 
 2120      50B84D48 
 2120      D5
 2121 0033 EC52A72E 		.ascii	"\354R\247.\227\252\272P\"\222\0076\372\376\253K\276"
 2121      97AABA50 
 2121      22920736 
 2121      FAFEAB4B 
 2121      BE
 2122 0044 591319D1 		.ascii	"Y\023\031\321]\233\36351\035J\036\331\330'>\330\304"
 2122      5D9BF335 
 2122      311D4A1E 
 2122      D9D8273E 
 2122      D8C4
 2123 0056 273ED9D4 		.ascii	"'>\331\324'\276\330\202Ol\304FG\304m\006b+\026}b'V\035"
 2123      27BED882 
 2123      4F6CC446 
 2123      47C46D06 
 2123      622B167D 
ARM GAS  C:\Users\angio\AppData\Local\Temp\ccENNZB8.s 			page 78


 2124 006e 11F739F3 		.ascii	"\021\3679\363?\260\027K.\360$V\273\300\263\330\330\005"
 2124      3FB0174B 
 2124      2EF02456 
 2124      BBC0B3D8 
 2124      D805
 2125 0080 5EC41A0F 		.ascii	"^\304\032\017\340W\261\263!@\324\266\355\241\313ob\223"
 2125      E057B1B3 
 2125      2140D4B6 
 2125      EDA1CB6F 
 2125      6293
 2126 0092 53BD77B1 		.ascii	"S\275w\261\363\023=\215\340\270\324\010\347\352*\215"
 2126      F3133D8D 
 2126      E0B8D408 
 2126      E7EA2A8D 
 2127 00a2 70DF6EAA 		.ascii	"p\337n\252\021\036\242\233\005Xi\231i5A#T\205\007\262"
 2127      111EA29B 
 2127      05586999 
 2127      69354123 
 2127      548507B2 
 2128 00b6 9F6A02A3 		.ascii	"\237j\002\243+M#\234La0\231 Q\031k\202\270\375\257\204"
 2128      2B4D239C 
 2128      4C613099 
 2128      2051196B 
 2128      82B8FDAF 
 2129 00cb 0CAB4613 		.ascii	"\014\253F\023\346\235k\015VK\255a\007\2538\220e\241"
 2129      E69D6B0D 
 2129      564BAD61 
 2129      07AB3890 
 2129      65A1
 2130 00dd 35BC61BF 		.ascii	"5\274a\277\010p\251\302\241AE?\024\255\177p"
 2130      0870A9C2 
 2130      A141453F 
 2130      14AD7F70 
 2131              		.text
 2132              		.section	.gnu.lto_.refs.1f2b0472,"e",%progbits
 2133 0000 789C6364 		.ascii	"x\234cd\000\002\000\000\012\000\002"
 2133      00020000 
 2133      0A0002
 2134              		.text
 2135              		.section	.gnu.lto_.decls.1f2b0472,"e",%progbits
 2136 0000 789C9558 		.ascii	"x\234\225X\011PTW\272\276\3779Mo\264@\024\2237eU\236"
 2136      09505457 
 2136      BABEFF39 
 2136      4D6FB440 
 2136      14933765 
 2137 0016 933213EA 		.ascii	"\2232\023\352\275Q\024}\232\367\352U=3V\222\261&\311"
 2137      BD51147D 
 2137      9AF7EA55 
 2137      3D335692 
 2137      B126C9
 2138 0029 A434A9A9 		.ascii	"\2444\251\251,3=\244\273#LX\034\272\321\230zSu\025\024"
 2138      2C333DA4 
 2138      BB234C58 
 2138      1CBAD198 
 2138      7A537515 
 2139 003e 1111D444 		.ascii	"\021\021\324DQQ\211\006\221\270L\273/\2104\270\201\210"
 2139      51518906 
ARM GAS  C:\Users\angio\AppData\Local\Temp\ccENNZB8.s 			page 79


 2139      91B84CBB 
 2139      2F8834B8 
 2139      8188
 2140 0050 A2B82FB8 		.ascii	"\242\270/\270\242\255\002\342\032\021\324\367\237sn"
 2140      A2AD02E2 
 2140      1A11D4F7 
 2140      9F736E
 2141 005f DF7B7B79 		.ascii	"\337{{yY\272\370\273o\237\373\235\357\377\376\345\234"
 2141      59BAF8BB 
 2141      6F9FFB9D 
 2141      EFFFFEE5 
 2141      9C
 2142 0070 7B9AA801 		.ascii	"{\232\250\001\222t\307 I\203\214\222\364\034_}$I:*i"
 2142      9274C720 
 2142      49838C92 
 2142      F41C5F7D 
 2142      24493A2A 
 2143 0085 AF58B45D 		.ascii	"\257X\264]h\273\321\032\320\032\321N\240\335D\353@\213"
 2143      68BBD11A 
 2143      D01AD14E 
 2143      A0DD44EB 
 2143      408B
 2144 0097 0349EA8B 		.ascii	"\003I\352\213\366\022\332\257\320\006\240\375\032\355"
 2144      F612DAAF 
 2144      D006A0FD 
 2144      1AED
 2145 00a5 37680920 		.ascii	"7h\011 \205\275\246\340\030\272\222R\320\372\242\305"
 2145      85BDA6E0 
 2145      18BA9252 
 2145      D0FAA2C5 
 2146 00b5 A39D451B 		.ascii	"\243\235E\033\202\343\303\025<U|\376'~\377\357\010\034"
 2146      82E3C315 
 2146      3C557CFE 
 2146      277EFFEF 
 2146      081C
 2147 00c7 FFF8991C 		.ascii	"\377\370\231\034\273\025\216\377Ac\303cC\270\346\343"
 2147      BB158EFF 
 2147      4163C363 
 2147      43B8E6E3 
 2148 00d7 775308CF 		.ascii	"wS\010\317\237\025\356O\361\263E\022\363>V\3467\204"
 2148      9F15EE4F 
 2148      F1B34512 
 2148      F33E56E6 
 2148      3784
 2149 00e9 4B9116FE 		.ascii	"K\221\026\376B\216\306\010\034k\024\216\300|6\307\216"
 2149      428EC608 
 2149      1C6B148E 
 2149      C07C36C7 
 2149      8E
 2150 00fa 637F41FB 		.ascii	"c\177A\373+\010n=\307\211\010\034-x\243\217\216\203"
 2150      2B086E3D 
 2150      C789081C 
 2150      2D78A38F 
 2150      8E83
 2151 010c E5680588 		.ascii	"\345h\005\210\274T\340\347G\370\371\032\332\267x\035"
 2151      BC54E0E7 
 2151      47F8F91A 
ARM GAS  C:\Users\angio\AppData\Local\Temp\ccENNZB8.s 			page 80


 2151      DAB7781D 
 2152 011c 85B60AED 		.ascii	"\205\266\012\355\177\025n\246u\011\210XV\242}\2116\031"
 2152      7F156EA6 
 2152      75098858 
 2152      56A27D89 
 2152      3619
 2153 012e CDA3F8BB 		.ascii	"\315\243\370\273\031\301\3379\274\361b\004\177,v\346"
 2153      19C1DF39 
 2153      BCF16204 
 2153      7F2C76E6 
 2154 013e E707C517 		.ascii	"\347\007\305\027\313\301j\264\201h\205\212O\027Z%Z="
 2154      CBC16AB4 
 2154      8168858A 
 2154      4F175A25 
 2154      5A3D
 2155 0150 62BEC7CF 		.ascii	"b\276\307\317*\374\354F\273\207\366H\311\245\025m\001"
 2155      2AFCEC46 
 2155      BB87F648 
 2155      C9A5156D 
 2155      01
 2156 0161 DE5B8C96 		.ascii	"\336[\214\226\207\226\205\226\015\242\177\334h_)\372"
 2156      87968596 
 2156      0DA27FDC 
 2156      685F29FA 
 2157 0171 96B17824 		.ascii	"\226\261x$\321\213\254\357X\215X\335w)9\333\030R\363"
 2157      D18BACEF 
 2157      588D58DD 
 2157      772939DB 
 2157      1852F3
 2158 0184 5F13ECD3 		.ascii	"_\023\354\323\220z\255Pr\302\362D\320&\340X\257\242"
 2158      907AAD50 
 2158      72C2F244 
 2158      D026E058 
 2158      AFA2
 2159 0196 89C5F5B1 		.ascii	"\211\305\365\261\256\246\233@\313#\213m3\332\253Jl\201"
 2159      AEA69B40 
 2159      CB238B6D 
 2159      33DAAB4A 
 2159      6C81
 2160 01a8 9CB29CBB 		.ascii	"\234\262\234\273\224\374,\007\021\007\313-\313q)\332"
 2160      94FC2C07 
 2160      1107CB2D 
 2160      CB7129DA 
 2161 01b8 22B41245 		.ascii	"\"\264\022E;\213o&Z\001Z\276\022+\253A\271\022g\266"
 2161      3B8B6F26 
 2161      5A015ABE 
 2161      122BAB41 
 2161      B91267B6 
 2162 01cc 12FB64A5 		.ascii	"\022\373d\245.,\376IL\247$\326\336o\224\032\355\012"
 2162      2E2CFE49 
 2162      4CA724D6 
 2162      DE6F941A 
 2162      ED0A
 2163 01de 89F35504 		.ascii	"\211\363U\004\274\374#\375\020\210\207\305\362\221\256"
 2163      BCFC23FD 
 2163      108887C5 
 2163      F291AE
ARM GAS  C:\Users\angio\AppData\Local\Temp\ccENNZB8.s 			page 81


 2164 01ed 0ED5F8E9 		.ascii	"\016\325\370\351\227D\034,\276\335h\307\225\236\324"
 2164      97441C2C 
 2164      BEDD68C7 
 2164      959ED4
 2165 01fc D72D50D3 		.ascii	"\327-P\323\032\264\366\220\276b\271\215\226\204~}\335"
 2165      1AB4F690 
 2165      BE62B98D 
 2165      96847E7D 
 2165      DD
 2166 020d 0231E87B 		.ascii	"\0021\350{\315\243\324\322,\211}d\227\322o\254\307\033"
 2166      CDA3D4D2 
 2166      2C897D64 
 2166      97D26FAC 
 2166      C71B
 2167 021f 949A7628 		.ascii	"\224\232v(5e!\356\013\2113\221\210\370B\353\371\217"
 2167      356521EE 
 2167      0B893391 
 2167      88F842EB 
 2167      F98F
 2168 0231 901837C1 		.ascii	"\220\0307\301O\307\364\255RG\226#\233\242\177\212\256"
 2168      4FC7F4AD 
 2168      52479623 
 2168      9BA27F8A 
 2168      AE
 2169 0242 D7427B31 		.ascii	"\327B{1\020O\276Rc\334F\371>\310\264\263\275\257Q\321"
 2169      104FBE52 
 2169      63DC46F9 
 2169      3EC8B4B3 
 2169      BDAF51D1 
 2170 0256 DC14A279 		.ascii	"\334\024\242y8\021k\365^\004\315\201\265\023X'LS\257"
 2170      38116BF5 
 2170      5E04CD81 
 2170      B5135827 
 2170      4C53AF
 2171 0269 6E5DB0BA 		.ascii	"n]\260\272OQ\372\207\321\376*\204\233\275F\375B\376"
 2171      4F51FA87 
 2171      D1FE2A84 
 2171      9BBD46FD 
 2171      42FE
 2172 027b EE08FCCB 		.ascii	"\356\010\374\313\024\376\001\021\370\227P\322v\274\365"
 2172      14FE0111 
 2172      F89750D2 
 2172      76BCF5
 2173 028a 80B54DDC 		.ascii	"\200\265M\33438\001\340\364H|\263J\037S)^&21:)\261R"
 2173      333801E0 
 2173      F4487CB3 
 2173      4A1F5329 
 2173      5E263231 
 2174 02a2 2B755AEB 		.ascii	"+uZ\353\341\345\204\007t\264\231$\304Z\315\253\367@"
 2174      E1E58407 
 2174      74B49924 
 2174      C45ACDAB 
 2174      F740
 2175 02b4 9C35CA4C 		.ascii	"\2345\312L\210\337\344\264&<\201\265\244\3148p\264l"
 2175      88DFE4B4 
 2175      263C81B5 
 2175      A4CC3870 
ARM GAS  C:\Users\angio\AppData\Local\Temp\ccENNZB8.s 			page 82


 2175      B46C
 2176 02c6 70CEEEEF 		.ascii	"p\316\356\3577\311\244\370\275\370\341\243\361\335o"
 2176      37C9A4F8 
 2176      BDF8E1A3 
 2176      F1DD6F
 2177 02d5 AA0727CE 		.ascii	"\252\007'\316z\337`\216\303+\277\311\372\200\226\025"
 2177      7ADF608E 
 2177      C32BBFC9 
 2177      FA809615 
 2178 02e5 1A9D4D64 		.ascii	"\032\235Md\346kP\017VgR\274,\313\243\315\346\227c\353"
 2178      E66B500F 
 2178      566752BC 
 2178      2CCBA3CD 
 2178      E69763EB 
 2179 02f9 681D7D0B 		.ascii	"h\035}\013\333\307\354]\337\337\3527\305\"E\202s`\234"
 2179      DBC7EC5D 
 2179      DFDFEA37 
 2179      C5224582 
 2179      73609C
 2180 030c 73606C3D 		.ascii	"s`l=D9\235\326\370\004\011E8\223\222F\023+2\033\314"
 2180      44399DD6 
 2180      F8040945 
 2180      38939246 
 2180      132B321B 
 2181 0321 F59044C1 		.ascii	"\365\220D\301\226$_\276\375\2225\312jyy`\202$9\245\267"
 2181      96245FBE 
 2181      FD9235CA 
 2181      6A797960 
 2181      822439A5 
 2182 0336 08F2D2E7 		.ascii	"\010\362\322\347\201\027\230\320\247S\373\012\220`%"
 2182      811798D0 
 2182      A753FB0A 
 2182      906025
 2183 0345 4984FEC1 		.ascii	"I\204\376\301\217\3734!\003%I6\230m6\220\361\303b\377"
 2183      8FFB3421 
 2183      03254936 
 2183      986D3690 
 2183      F1C362FF 
 2184 0359 83F3FD24 		.ascii	"\203\363\375$\253\3447\021\274\025o\000\231\2006\323"
 2184      ABE43711 
 2184      BC156F00 
 2184      998036D3 
 2185 0369 6AC43412 		.ascii	"j\3044\022\2217\236\322\240|\262/\032V\322\356\023\010"
 2185      91379ED2 
 2185      A07CB22F 
 2185      1A56D2EE 
 2185      1308
 2186 037b DC16B8B0 		.ascii	"\334\026\270\260*\210\362\2000\242\347\323O\323\221"
 2186      2A88F280 
 2186      30A2E7D3 
 2186      4FD391
 2187 038a 43C87460 		.ascii	"C\310t`/\366\256\237\240iT\375\023U\026h\220\020\341"
 2187      2FF6AE9F 
 2187      A06954FD 
 2187      13551668 
 2187      9010E1
 2188 039d 9C050282 		.ascii	"\234\005\002\202\302_4\3206\265\363\317\345E]\307\264"
ARM GAS  C:\Users\angio\AppData\Local\Temp\ccENNZB8.s 			page 83


 2188      C25F34D0 
 2188      36B5F3CF 
 2188      E5455DC7 
 2188      B4
 2189 03ae C925F1D0 		.ascii	"\311%\361\320\277x\264\004t\200D_\225\022e\376\252\373"
 2189      BF78B404 
 2189      7480445F 
 2189      951265FE 
 2189      AAFB
 2190 03c0 9B04DB04 		.ascii	"\233\004\333\004\303'\321\363(\364\005\202\357\361\020"
 2190      C327D1F3 
 2190      28F40582 
 2190      EFF110
 2191 03cf 8753F3AA 		.ascii	"\207S\363\252\3464Z_BP\273,\307C\012\354\004\330\301"
 2191      E6345A5F 
 2191      4250BB2C 
 2191      C7430AEC 
 2191      04D8C1
 2192 03e2 1C56A1DF 		.ascii	"\034V\241\337LIz\245\270X~|*\257\343\312\277\357\237"
 2192      4C497AA5 
 2192      B8587E7C 
 2192      2AAFE3CA 
 2192      BFEF9F
 2193 03f5 9E273723 		.ascii	"\236'7#\256\030\330M\330\012\260]\004\263\025\007\266"
 2193      AE18D84D 
 2193      D80AB05D 
 2193      04B31507 
 2193      B6
 2194 0406 006C864F 		.ascii	"\000l\206O\252m\024\237\227l\212\267\2510O\216\233&"
 2194      AA6D149F 
 2194      976C8AB7 
 2194      A9304F8E 
 2194      9B26
 2195 0418 CB3E0303 		.ascii	"\313>\003\003W\253\340j\025<\327F/\202\304\325\030\270"
 2195      57ABE06A 
 2195      153CD746 
 2195      2F82C4D5 
 2195      18B8
 2196 042a 9A81B413 		.ascii	"\232\201\264\023X0{\333Z\212\243\372\011\345>1\253\016"
 2196      58307BDB 
 2196      5A8AA3FA 
 2196      09E53E31 
 2196      AB0E
 2197 043c 608F4241 		.ascii	"`\217BA{8\350\316\225y\333l\301\240\275\032\210\261"
 2197      7B38E8CE 
 2197      9579DB6C 
 2197      C1A0BD1A 
 2197      88B1
 2198 044e 341F9B46 		.ascii	"4\037\233Fl>Y\356\222\313\352\014\260\017\240\026\200"
 2198      6C3E59EE 
 2198      92CBEA0C 
 2198      B00FA016 
 2198      80
 2199 045f 21613F70 		.ascii	"!a?p@G\316\254\323f\266\265\340\000d\342\300\374\316"
 2199      4047CEAC 
 2199      D366B6B5 
 2199      E00064E2 
ARM GAS  C:\Users\angio\AppData\Local\Temp\ccENNZB8.s 			page 84


 2199      C0FCCE
 2200 0472 75572C11 		.ascii	"uW,\0212Q\217\222\017\200H\305\366e\363vO7\311\253\021"
 2200      32518F92 
 2200      0F8048C5 
 2200      F665F376 
 2200      4F37C9AB 
 2201 0487 F57BBC01 		.ascii	"\365{\274\0015j`5j`\335\321\324KD\026Z\247\253Y@\360"
 2201      356A6035 
 2201      6A60DDD1 
 2201      D44B4416 
 2201      5AA7AB59 
 2202 049d 41157C50 		.ascii	"A\025|P\005\237\213\246\265\204\311\3312\375\234\337"
 2202      059F8BA6 
 2202      B584C9D9 
 2202      32FD9CDF 
 2203 04ad C403F245 		.ascii	"\304\003\362E\016h\232\177\307\012\253\026P\223\026"
 2203      0E689A7F 
 2203      C70AAB16 
 2203      509316
 2204 04bc D06111D0 		.ascii	"\320a\021\320\252\216\271\3716\036\320a\014\010Sj\344"
 2204      AA8EB9F9 
 2204      361ED061 
 2204      0C08536A 
 2204      E4
 2205 04cd EBC5C4AF 		.ascii	"\353\305\304\257\030\361\227\364\030w\265\251\240\262"
 2205      18F197F4 
 2205      1877B5A9 
 2205      A0B2
 2206 04db C8609519 		.ascii	"\310`\225\031\223/\327\")<p\014\020\267\035\340(@3 "
 2206      932FD722 
 2206      293C700C 
 2206      10B71DE0 
 2206      28403320 
 2207 04ef 6CF1BEA7 		.ascii	"l\361\276\247\3451j>Z@M\310q\004\037Q\022\322\365\264"
 2207      E5316A3E 
 2207      5A404DC8 
 2207      71041F51 
 2207      12D2F5B4 
 2208 0503 BC2046B4 		.ascii	"\274 F\264\005\216\303!5\304Cj\210;\242\351i\302\012"
 2208      058EC321 
 2208      35C4436A 
 2208      883BA2E9 
 2208      69C20A
 2209 0516 FD1AD713 		.ascii	"\375\032\327\023\313\257$z\225ki\337w\363P\037\253/"
 2209      CBAF247A 
 2209      956B69DF 
 2209      77F3501F 
 2209      AB2F
 2210 0528 54CB1940 		.ascii	"T\313\031@\014j9\015p\212i)\236y|$\017\355\254\250\325"
 2210      0C6A390D 
 2210      708A6929 
 2210      9E797C24 
 2210      0FEDACA8 
 2211 053d C13A9F2F 		.ascii	"\301:\237/&0p\016h;'{r\265\262\271OpS\\\000h\015t\316"
 2211      2630700E 
 2211      683B277B 
 2211      72B5B2B9 
ARM GAS  C:\Users\angio\AppData\Local\Temp\ccENNZB8.s 			page 85


 2211      4F70535C 
 2212 0556 530E3A3F 		.ascii	"S\016:?\267\371\030\015\006]\324@\010(<\267\263\270"
 2212      B7F9180D 
 2212      065DD440 
 2212      08283CB7 
 2212      B3B8
 2213 0568 8F96E84B 		.ascii	"\217\226\350KZ\242/\213D_;\324T\321\207;\277\014p\036"
 2213      5AA22F8B 
 2213      445F3BD4 
 2213      54D1873B 
 2213      BF0C701E 
 2214 057c 682165A3 		.ascii	"h!e\243\005\336\374\347\226`\336\253\000\327\002\316"
 2214      05DEFCE7 
 2214      9660DEAB 
 2214      00D702CE 
 2215 058c 1773D0AA 		.ascii	"\027s\320\252\326\357r \030\324\246\201\020P\362\254"
 2215      D6EF7220 
 2215      18D4A681 
 2215      1050F2AC 
 2216 059c 65BD4D73 		.ascii	"e\275Ms~]s~C8o\315)8\243\255\327\033ZU\374\230\266+"
 2216      7E5D737E 
 2216      43386FCD 
 2216      2938A3AD 
 2216      D71B5A55 
 2217 05b4 81362D5D 		.ascii	"\2016-]2Gi\323\321x\003N\252e9\251\226\245\335J\217"
 2217      324769D3 
 2217      D178034E 
 2217      AA6539A9 
 2217      96A5DD4A 
 2218 05c9 734DE736 		.ascii	"sM\3476\3168\022\023\010\207%\267d\323\345\223\306H"
 2218      CE381213 
 2218      088725B7 
 2218      64D3E593 
 2218      C648
 2219 05db 2EDA71F2 		.ascii	".\332q\362m\305\205\267I\351m\331\200\343pK\365pK\365"
 2219      6DC585B7 
 2219      49E96DD9 
 2219      80E3704B 
 2219      F5704BF5 
 2220 05ef 506EA557 		.ascii	"Pn\245W\251D\0372/\306\235\2636\2574\014\000\300?\013"
 2220      A9441F32 
 2220      2FC69DB3 
 2220      36AF340C 
 2220      00C03F0B 
 2221 0603 817B308D 		.ascii	"\201{0\215M\274\007\030\251_\316\265I0\034\206Jp\007"
 2221      4DBC0718 
 2221      A95FCEB5 
 2221      49301C86 
 2221      4A7007
 2222 0616 7048822E 		.ascii	"pH\202.\200\273\254\352\0136Uo\266pe\367\204\262U7\346"
 2222      80BBACEA 
 2222      0B36556F 
 2222      B67065F7 
 2222      84B25537 
 2223 062b 37C4F201 		.ascii	"7\304\362\001Tu\237Ajo=;\254\326\342\001\033)\237}\252"
 2223      54759F41 
 2223      6A6F3D3B 
ARM GAS  C:\Users\angio\AppData\Local\Temp\ccENNZB8.s 			page 86


 2223      ACD6E201 
 2223      1B299F7D 
 2224 0640 83A8EAEF 		.ascii	"\203\250\352\357i\352\037!\363C\221\304\234%\253\232"
 2224      69EA1F21 
 2224      F34391C4 
 2224      9C25AB9A 
 2225 0650 CC5A961F 		.ascii	"\314Z\226\037iY\376\201\307A{xf\036w\2549f\211\000\203"
 2225      6959FE81 
 2225      C7417B78 
 2225      661E77AC 
 2225      39668900 
 2226 0665 C7A00011 		.ascii	"\307\240\000\021T\375\244\362\256H_7\212\244y\0066\270"
 2226      54FDA4F2 
 2226      AE485F37 
 2226      8AA47906 
 2226      36B8
 2227 0677 FAD037CF 		.ascii	"\372\3207\317c\"\315\354\321\315\234y\372\366e\261`"
 2227      6322CDEC 
 2227      D1CD9C79 
 2227      FAF665B1 
 2227      60
 2228 0688 7B019E30 		.ascii	"{\001\2360\355O\033\027{\370\300\004x\012\270N>RW\314"
 2228      ED4F1B17 
 2228      7BF8C004 
 2228      780AB84E 
 2228      3E5257CC 
 2229 069c 47286A1E 		.ascii	"G(j\036\247\236w\377\207zc\370\212\231J\020\203+\206"
 2229      A79E77FF 
 2229      877A63F8 
 2229      8A994A10 
 2229      832B86
 2230 06af 3D2519D5 		.ascii	"=%\031\325\334\365\263\217\212\304L#\360\014\350\">"
 2230      DCF5B38F 
 2230      8AC44C23 
 2230      F00CE822 
 2230      3E
 2231 06c0 F9963C63 		.ascii	"\371\226<cX\370\334\\\022\274\332Z\213:\327\212\271"
 2231      58F8DC5C 
 2231      12BCDA5A 
 2231      8B3AD78A 
 2231      B9
 2232 06d1 D309E410 		.ascii	"\323\011\344\020Z\306\347nY\267\366\260!\270w\363\010"
 2232      5AC6E76E 
 2232      59B7F6B0 
 2232      21B877F3 
 2232      08
 2233 06e2 CC244A83 		.ascii	"\314$J\203o\344\240\332\346\222^k0(_\003!`Q\321\306"
 2233      6FE4A0DA 
 2233      E6925E6B 
 2233      30285F03 
 2233      216051D1 
 2234 06f7 93BA9CCE 		.ascii	"\223\272\234\316\"j\352\013\010\007<;\272\244\206p\347"
 2234      226AEA0B 
 2234      08073C3B 
 2234      BAA48670 
 2234      E7
 2235 0708 05046610 		.ascii	"\005\004f\020v(\312\253\2560\007\344\314f#\273w?=\240"
ARM GAS  C:\Users\angio\AppData\Local\Temp\ccENNZB8.s 			page 87


 2235      7628CAAB 
 2235      AE3007E4 
 2235      CC6623BB 
 2235      773F3DA0 
 2236 071c B66C211B 		.ascii	"\266l!\033\311\231W3(\302\336]D$\230#x\357_\355-\213"
 2236      C9995733 
 2236      28C2DE5D 
 2236      44249823 
 2236      78EF5FED 
 2237 0732 7AA504B7 		.ascii	"z\245\004\267,\377\201\277\213\225QD\240S\355\333N\265"
 2237      2CFF81BF 
 2237      8B955144 
 2237      A053EDDB 
 2237      4EB5
 2238 0744 6F0B2C74 		.ascii	"o\013,t\017\017\246\375\302\312\345\006>\345bC\036\337"
 2238      0F0FA6FD 
 2238      C2CAE506 
 2238      3EE56243 
 2238      1EDF
 2239 0756 E56460CB 		.ascii	"\345d`\313i.\011L\232K\002\223J\314\3648\237\364\365"
 2239      692E094C 
 2239      9A4B0293 
 2239      4ACCF438 
 2239      9FF4F5
 2240 0769 89ADAB63 		.ascii	"\211\255\253c\002=\312\232v\333\205\256nk@\354\327L"
 2240      023DCA9A 
 2240      76DB85AE 
 2240      6E6B40EC 
 2240      D74C
 2241 077b ECBAEA25 		.ascii	"\354\272\352%\2754\202\332\005\310\366\215P[\276\342"
 2241      BD3482DA 
 2241      05C8F68D 
 2241      505BBEE2 
 2242 078b FC42CA5D 		.ascii	"\374B\312]?iT\324. 0_u<_u|\314Doq\307U\373\366\304\261"
 2242      3F6954D4 
 2242      2E20305F 
 2242      753C5F75 
 2242      7CCC446F 
 2243 07a6 19DE9945 		.ascii	"\031\336\231E\352\312\304\306+Q\347\224\250s\026\231"
 2243      EACAC4C6 
 2243      2B51E794 
 2243      A8731699 
 2244 07b6 682F9F33 		.ascii	"h/\2373\263fY/w\343\255\016\232\264X\235\264X\235t\311"
 2244      B366592F 
 2244      77E3AD0E 
 2244      9AB4589D 
 2244      B4589D74 
 2245 07cb 488BA2C2 		.ascii	"H\213\242\302\237"
 2245      9F
 2246 07d0 9C74311F 		.ascii	"\234t1\037\274s\362D\2351\374\241\262\214\004?Tv\227"
 2246      BC73F244 
 2246      9D31FCA1 
 2246      B28C043F 
 2246      547697
 2247 07e3 2E38D547 		.ascii	".8\325G\015}9Qc/C?KE\354y\327\273\277\261\274R\"\313"
 2247      0D7D3951 
 2247      632F433F 
ARM GAS  C:\Users\angio\AppData\Local\Temp\ccENNZB8.s 			page 88


 2247      4B45EC79 
 2247      D7BBBFB1 
 2248 07fb 8F97CDAB 		.ascii	"\217\227\315\253Yi,\225\353\010\336\206RUS)?\230\321"
 2248      59692C95 
 2248      EB08DE86 
 2248      52555329 
 2248      3F98D1
 2249 080e 32EE78CE 		.ascii	"2\356x\316\261\302\371b\223h\021\371\316_\270\361\266"
 2249      B1C2F962 
 2249      936811F9 
 2249      CE5FB8F1 
 2249      B6
 2250 081f 2A6F25CB 		.ascii	"*o%\313\367\376Ks\272\242\"\344\273\034}~'|nk,\234\026"
 2250      F7FE4B73 
 2250      BAA222E4 
 2250      BB1C7D7E 
 2250      277C6E6B 
 2251 0836 C37C7655 		.ascii	"\303|vU\345\314\230#\303\373x\023V\250\036W\010\217"
 2251      E5CC9823 
 2251      C3FB7813 
 2251      56A81E57 
 2251      088F
 2252 0848 5EEEB16E 		.ascii	"^\356\261ns\201/\226a\275\2159y\2768v\304\205\012\025"
 2252      73812F96 
 2252      61BD8D39 
 2252      79BE3876 
 2252      C4850A15 
 2253 085c 5A419443 		.ascii	"ZA\224C\331\226\316^o\224\232\021<\346\004\032\275\022"
 2253      D996CE5E 
 2253      6F949A11 
 2253      3CE6041A 
 2253      BD12
 2254 086e DD26C250 		.ascii	"\335&\302PZ\315\330\214O\217\237h6Y\305\316\310w\303"
 2254      5ACDD88C 
 2254      4F8F9F68 
 2254      3659C5CE 
 2254      C877C3
 2255 0881 BAA954D9 		.ascii	"\272\251T\331\016\277'\260\006\261k\011\254#\354\022"
 2255      0EBF27B0 
 2255      06B16B09 
 2255      AC23EC12 
 2256 0891 CBD3FBAF 		.ascii	"\313\323\373\257\370\211\344'V>\331E\373\"y\256,\377"
 2256      F889E427 
 2256      563ED945 
 2256      FB2279AE 
 2256      2CFF
 2257 08a3 1587D498 		.ascii	"\025\207\324\230\326\023\356@\034\254\214\210\254\330"
 2257      D613EE40 
 2257      1CAC8C88 
 2257      ACD8
 2258 08b1 31B3D112 		.ascii	"1\263\321\022I\206\227\313\370'\341H\023?\202\275\216"
 2258      498697CB 
 2258      F827E148 
 2258      133F82BD 
 2258      8E
 2259 08c2 F896ABD7 		.ascii	"\370\226\253\327\353b\365\314\033\011l@B\330D\370\034"
 2259      EB62F5CC 
ARM GAS  C:\Users\angio\AppData\Local\Temp\ccENNZB8.s 			page 89


 2259      1B096C40 
 2259      42D844F8 
 2259      1C
 2260 08d3 89D64549 		.ascii	"\211\326EI\264\231g\242\240nO\251\021S\015[D\026C\037"
 2260      B49967A2 
 2260      A06E4FA9 
 2260      11530D5B 
 2260      4416431F 
 2261 08e7 D3670B17 		.ascii	"\323g\013\027\345\233\"$~;Rm#\312\351\262\267\323\333"
 2261      E59B2224 
 2261      7E3B526D 
 2261      23CAE9B2 
 2261      B7D3DB
 2262 08fa 33784F0E 		.ascii	"3xO\016{Z\025\327c\032\011l\026\311\204\255\004v\260"
 2262      7B5A15D7 
 2262      631A096C 
 2262      16C984AD 
 2262      0476B0
 2263 090d 6F810E3C 		.ascii	"o\201\016<m\243+\214a~\371\003o\373}\357|S\251\354\303"
 2263      6DA32B8C 
 2263      617EF903 
 2263      6FFB7DEF 
 2263      7C53A9EC 
 2264 0922 14D5C6B3 		.ascii	"\024\325\306\263#\347N\205\243\212\300.\314\216\312"
 2264      23E74E85 
 2264      A38AC02E 
 2264      CC8ECA
 2265 0931 71C446AF 		.ascii	"q\304F\257E\346\360\326\354\230\250h`GVe\376n\0025\004"
 2265      45E6F0D6 
 2265      EC98A868 
 2265      60475665 
 2265      FE6E0235 
 2266 0946 BF05E6EF 		.ascii	"\277\005\346\357\267\321.\243\310\256\215\347\354\022"
 2266      B7D12EA3 
 2266      C8AE8DE7 
 2266      EC12
 2267 0954 3E2D9481 		.ascii	">-\224\201h\244=~\242\345Z\304\252\357\343\351\336\313"
 2267      68A43D7E 
 2267      A2E55AC4 
 2267      AAEFE3E9 
 2267      DECB
 2268 0966 8A37BBE0 		.ascii	"\2127\273\340\300\203(}\212\261\301kY\212\367\023\216"
 2268      C083287D 
 2268      8AB1C16B 
 2268      598AF713 
 2268      8E
 2269 0977 63F2CA9E 		.ascii	"c\362\312\2365WF\263\255\332\357\213\334\020\354\274"
 2269      355746B3 
 2269      ADDAEF8B 
 2269      DC10ECBC 
 2270 0987 F36DC996 		.ascii	"\363m\311\226\030\225\347@8\317\253_c~7\027\264\246"
 2270      1895E740 
 2270      38CFAB5F 
 2270      637E3717 
 2270      B4A6
 2271 0999 4F2DF34D 		.ascii	"O-\363M\035\010\030\331\036\002\273A\305\371\010d|\262"
 2271      1D0818D9 
ARM GAS  C:\Users\angio\AppData\Local\Temp\ccENNZB8.s 			page 90


 2271      1E02BB41 
 2271      C5F90864 
 2271      7CB2
 2272 09ab CCC6C59B 		.ascii	"\314\306\305\233y4>\211\346\232$:\013\255\310\304t\\"
 2272      79343E89 
 2272      E69A243A 
 2272      0BADC8C4 
 2272      745C
 2273 09bd 79B0AE82 		.ascii	"y\260\256\202\004o\350\207\011\034\011\354\372%\034"
 2273      046FE887 
 2273      091C09EC 
 2273      FA251C
 2274 09cc 34FF60FE 		.ascii	"4\377`\376\355\220]\277Y\0031\226\216\234z\335\003\367"
 2274      ED905DBF 
 2274      59033196 
 2274      8E9C7ADD 
 2274      03F7
 2275 09de A8B6EB1F 		.ascii	"\250\266\353\037c\035\265\222\261\030Ou\336]\036\335"
 2275      631DB592 
 2275      B1184F75 
 2275      DE5D1EDD 
 2276 09ee 6FD02011 		.ascii	"o\320 \021\220\317 A#\201\203\204;<\316\270\340$\201"
 2276      90CF2041 
 2276      23818384 
 2276      3B3CCEB8 
 2276      E02481
 2277 0a01 136C7921 		.ascii	"\023ly!\321coO\327\206\004l\233z\037 \011\264pL\200"
 2277      D1636F4F 
 2277      D786046C 
 2277      9B7A1F20 
 2277      09B4704C 
 2278 0a16 3551623B 		.ascii	"5Qb;\020\303y\347\344\340\306\226kc\230\2460\3140\376"
 2278      10C379E7 
 2278      E4E0C696 
 2278      6B6398A6 
 2278      30CC30FE 
 2279 0a2a A3FBFE95 		.ascii	"\243\373\376\225\243\374\267D\260\327\346P\257\264\205"
 2279      A3FCB744 
 2279      B0D7E650 
 2279      AFB485
 2280 0a39 CB5C5ABC 		.ascii	"\313\\Z\274\251\320\024$S\244\223\375J9\303'\234#p\226"
 2280      A9D01424 
 2280      53A493FD 
 2280      4A39C327 
 2280      9C237096 
 2281 0a4d 4D90F916 		.ascii	"M\220\371\026v'\013\373\022\005\340\366t\2320D@\300"
 2281      76270BFB 
 2281      1205E0F6 
 2281      749A3044 
 2281      40C0
 2282 0a5f 41C21520 		.ascii	"A\302\025 \312\333\201}k\261\301)\002\2078DH\320i\274"
 2282      CADB817D 
 2282      6BB1C129 
 2282      02873844 
 2282      48D069BC 
 2283 0a73 3875B6BB 		.ascii	"8u\266\273_\230\307\275\241\036\021YSVU\244;\276\236"
 2283      5F98C7BD 
ARM GAS  C:\Users\angio\AppData\Local\Temp\ccENNZB8.s 			page 91


 2283      A11E1159 
 2283      535655A4 
 2283      3BBE9E
 2284 0a86 D7FC5D10 		.ascii	"\327\374]\020\235u\376N\303i~P\315\365\375\024W^E\373"
 2284      9D75FE4E 
 2284      C3697E50 
 2284      CDF5FD14 
 2284      575E45FB 
 2285 0a9a FD588DAB 		.ascii	"\375X\215\253U\343\272(\270|\017\375[l\274\333}\377"
 2285      55E3BA28 
 2285      B87C0FFD 
 2285      5B6CBCDB 
 2285      7DFF
 2286 0aac EF4F09DE 		.ascii	"\357O\011\336]\011\374} =\205\215u\231\367L\323\212"
 2286      5D09FC7D 
 2286      203D858D 
 2286      7599F74C 
 2286      D38A
 2287 0abe 6D1DE6F0 		.ascii	"m\035\346\360\263\3105\375Y\204O\372\027\332n\022\353"
 2287      B3C835FD 
 2287      59844FFA 
 2287      17DA6E12 
 2287      EB
 2288 0acf 2B8E3EC0 		.ascii	"+\216>\300\351\275h3\314\330\237h%h+\314\342\356o\305"
 2288      E9BD6833 
 2288      CCD89F68 
 2288      25682BCC 
 2288      E2EE6FC5 
 2289 0ae3 722474AD 		.ascii	"r$t\255\031\371\343O\264^\352;(\360\352\307:\346\330"
 2289      19F9E34F 
 2289      B45EEA3B 
 2289      28F0EAC7 
 2289      3AE6D8
 2290 0af6 CAB9E702 		.ascii	"\312\271\347\002\035\203\317\346\333\004zB\212\201-"
 2290      1D83CFE6 
 2290      DB047A42 
 2290      8A812D
 2291 0b05 C362E928 		.ascii	"\303b\351(\177\257x*e\251\273\3011\201\345r]\024\214"
 2291      7FAF782A 
 2291      65A9BBC1 
 2291      3181E572 
 2291      5D148C
 2292 0b18 69AEDE37 		.ascii	"i\256\3367'\206a\220\2473\210'1\000\021\007d\254;B\332"
 2292      27866190 
 2292      A7338827 
 2292      31001107 
 2292      64AC3B42 
 2293 0b2d C35D09CC 		.ascii	"\303]\011\314s\0053\001\356\006A.k\236.\224\013O\270"
 2293      73053301 
 2293      EE06412E 
 2293      6B9E2E94 
 2293      0B4FB8
 2294 0b40 A5DE0AC2 		.ascii	"\245\336\012\302\3705\232\233\012\015bn\206c\224\205"
 2294      F8359A9B 
 2294      0A0D626E 
 2294      86639485 
 2295 0b50 D0AD80DA 		.ascii	"\320\255\200\332\010\\\015\002]\321@]\015Z\\\035aq\211"
ARM GAS  C:\Users\angio\AppData\Local\Temp\ccENNZB8.s 			page 92


 2295      085C0D02 
 2295      5DD1405D 
 2295      0D5A5C1D 
 2295      617189
 2296 0b63 F4282DD8 		.ascii	"\364(-\330E\340\016\341\277qzx\333< \360\204\300C<\333"
 2296      45E00EE1 
 2296      BF717A78 
 2296      DB3C20F0 
 2296      84C0433C 
 2297 0b78 13F881C0 		.ascii	"\023\370\201\300c\002\367\011t\023x\244\364Ryg\363U"
 2297      6302F709 
 2297      741378A4 
 2297      F4527967 
 2297      F355
 2298 0b8a 53BFB0F9 		.ascii	"S\277\260\371m?w\376\372\251\207/Dk\275\330\253I{\032"
 2298      6D3F77FE 
 2298      FAA9872F 
 2298      446BBDD8 
 2298      AB497B1A 
 2299 0b9e 78DCF9C4 		.ascii	"x\334\371\304\307\353\364\252\322\022C\351Ml\220\273"
 2299      C7EBF4AA 
 2299      D21243E9 
 2299      4D6C90BB 
 2300 0bae FC5B3CC8 		.ascii	"\374[<\310@{\360\353s\326\036\326\236\336\322\003\321"
 2300      407BF0EB 
 2300      73D61ED6 
 2300      9EDED203 
 2300      D1
 2301 0bbf AC3306B1 		.ascii	"\2543\006\261\334\254\321j\205m1\213\206\265\005\003"
 2301      DCACD16A 
 2301      856D318B 
 2301      86B50503 
 2302 0bcf 1569A0CE 		.ascii	"\025i\240\316 \220V\363\345A5\017\345\031\246K_.e\305"
 2302      209056F3 
 2302      E541350F 
 2302      E519A64B 
 2302      5F2E65C5 
 2303 0be3 811994A1 		.ascii	"\201\031\224\2410\374\231\024\012(\344S\310\243b\203"
 2303      30FC9914 
 2303      0A28E453 
 2303      C8A36283 
 2304 0bf3 F32ED1B8 		.ascii	"\363.\321\270:\302\334\241$Zlay\311\36775\353w/\205"
 2304      3AC2DCA1 
 2304      245A6C61 
 2304      79C9F737 
 2304      35EB772F 
 2305 0c08 78766462 		.ascii	"xvdbZf\221\350*\264\265h\033\320\266YD\252\366\212\034"
 2305      5A6691E8 
 2305      2AB4B568 
 2305      1BD0B659 
 2305      44AAF68A 
 2306 0c1d 95196835 		.ascii	"\225\031h5\243}\361\321\241\305;,\203\264\005\304\326"
 2306      A37DF1D1 
 2306      A1C53B2C 
 2306      83B405C4 
 2306      D6
 2307 0c2e 45534560 		.ascii	"ESE`]L\243PF\325u\201\317\247@\002\026\345\011\321x"
ARM GAS  C:\Users\angio\AppData\Local\Temp\ccENNZB8.s 			page 93


 2307      5D4CA350 
 2307      46D57581 
 2307      CFA74002 
 2307      16E509D1 
 2308 0c43 529FC731 		.ascii	"R\237\3071\3419:\243@\360G\217\034\004y\256\353\303"
 2308      E1393AA3 
 2308      40F0478F 
 2308      1C0479AE 
 2308      EBC3
 2309 0c55 1D07441F 		.ascii	"\035\007D\037N\2009A\030\277\232\307\256j\241\246\220"
 2309      4E803941 
 2309      18BF9AC7 
 2309      AE6AA1A6 
 2309      90
 2310 0c66 C2740E11 		.ascii	"\302t\016\021\201\007\365|\327R\205\006\177J\314\015"
 2310      8107F57C 
 2310      D7528506 
 2310      7F4ACC0D 
 2311 0c76 93A3602A 		.ascii	"\223\243`*+\004\006%\027\007at\353t\235\242\031\177"
 2311      2B040625 
 2311      17076174 
 2311      EB749DA2 
 2311      197F
 2312 0c88 4B158563 		.ascii	"K\025\205c\224\376\270\240\200\360w\3407A\240g\332F"
 2312      94FEB8A0 
 2312      80F077E0 
 2312      3741A067 
 2312      DA46
 2313 0c9a DF502173 		.ascii	"\337P!s\014\3460'(\207WH\350\002\373\232\302|\312\377"
 2313      0CE63027 
 2313      28875748 
 2313      E802FB9A 
 2313      C27CCAFF 
 2314 0cae 8351C60B 		.ascii	"\203Q\306\013\271\220\342\001\032J),\245\260\210\302"
 2314      B990E201 
 2314      1A4A292C 
 2314      A5B088C2 
 2315 0cbe 620ACB29 		.ascii	"b\012\313),\240PBa\031\025kdc\333\265\223\320/\214\342"
 2315      2CA05042 
 2315      6119156B 
 2315      6463DBB5 
 2315      93D02F8C 
 2316 0cd3 E22FA028 		.ascii	"\342/\240(\277;\247\015\264e\366\255\026\305\012\312"
 2316      BF3BA70D 
 2316      B465F6AD 
 2316      16C50ACA 
 2317 0ce3 00C66EFF 		.ascii	"\000\306n\377\275+T,\233\256\356=\372]\360\273\320j"
 2317      BD2B542C 
 2317      9BAEEE3D 
 2317      FA5DF0BB 
 2317      D06A
 2318 0cf5 873D52F3 		.ascii	"\207=R\3638\010\205\254\244P\036\350\363\2479\372>\377"
 2318      380885AC 
 2318      A4501EE8 
 2318      F3A739FA 
 2318      3EFF
 2319 0d07 2EAC4628 		.ascii	".\254F(\352\372\231\256\347\246\360't~(\035{\272\235"
ARM GAS  C:\Users\angio\AppData\Local\Temp\ccENNZB8.s 			page 94


 2319      EAFA99AE 
 2319      E7A6F027 
 2319      747E281D 
 2319      7BBA9D
 2320 0d1a 6AE9D63D 		.ascii	"j\351\326=\262Vit\025\\?\271X\264\274P\367\003\264L"
 2320      B2566974 
 2320      155C3FB9 
 2320      58B4BC50 
 2320      F703B44C 
 2321 0d2e DB47560B 		.ascii	"\333GV\013@\335\3213\255\272\215\246^\373\347@\245\000"
 2321      40DDD133 
 2321      ADBA8DA6 
 2321      5EFBE740 
 2321      A500
 2322 0d40 1C3CEFED 		.ascii	"\034<\357\355\321\035f\2524\300\367\010\240{\225\025"
 2322      D11D66AA 
 2322      34C0F708 
 2322      A07B9515 
 2323 0d50 15CB17D4 		.ascii	"\025\313\027\324c\361%\206=\361\016\371\026\305F:\032"
 2323      63F12586 
 2323      3DF10EF9 
 2323      16C5463A 
 2323      1A
 2324 0d61 FE93B2A3 		.ascii	"\376\223\262\243\341z\212\230\372\233\227\032\243\365"
 2324      E17A8A98 
 2324      FA9B971A 
 2324      A3F5
 2325 0d6f 47C37514 		.ascii	"G\303u\024\326\262\345\345\245\034\307\177!?}x\335\254"
 2325      D6B2E5E5 
 2325      A51CC77F 
 2325      213F7D78 
 2325      DDAC
 2326 0d81 3FF68562 		.ascii	"?\366\205b\370\261\257t\211\277\034\304\271o\003e\347"
 2326      F8B1AF74 
 2326      89BF1CC4 
 2326      B96F0365 
 2326      E7
 2327 0d92 BE0E5081 		.ascii	"\276\016P\201k(\236\373\232\254\354\177\201m\362r\335"
 2327      6B289EFB 
 2327      9AACEC7F 
 2327      816DF272 
 2327      DD
 2328 0da3 FF9B0AB5 		.ascii	"\377\233\012\265tm\022\316*g\325>7i\200r-]\233Y\260"
 2328      746D12CE 
 2328      2A67D53E 
 2328      37698072 
 2328      2D5D9B59 
 2329 0db8 479460FB 		.ascii	"G\224`\373\362`\213\305\023\373\005\234\267\243mW\203"
 2329      F2608BC5 
 2329      13FB059C 
 2329      B7A36D57 
 2329      83
 2330 0dc9 2152B03B 		.ascii	"!R\260;x\260\333Y\260\305\313\252\266Z\365\301n\243"
 2330      78B0DB59 
 2330      B0C5CBAA 
 2330      B65AF5C1 
 2330      6EA3
ARM GAS  C:\Users\angio\AppData\Local\Temp\ccENNZB8.s 			page 95


 2331 0ddb B095E9DB 		.ascii	"\260\225\351\333I9\216\371_z\253\250\014\364\301\206"
 2331      49398EF9 
 2331      5F7AABA8 
 2331      0CF4C186 
 2332 0deb 6258B05D 		.ascii	"bX\260]\3357re(\301\337\256U<\324b\015\266\205\205\372"
 2332      DD377265 
 2332      28C1DFAE 
 2332      553CD462 
 2332      0DB68585 
 2333 0e00 83059936 		.ascii	"\203\005\2316\\\277\271I\367\037a\277V\266j\341j\375"
 2333      5CBFB949 
 2333      F71F61BF 
 2333      56B66AE1 
 2333      6AFD
 2334 0e12 AADC52A3 		.ascii	"\252\334R\243\0068\256\001v\013\300\223\005;O\351:\243"
 2334      0638AE01 
 2334      760BC093 
 2334      053B4FE9 
 2334      3AA3
 2335 0e24 5D03D4B0 		.ascii	"]\003\324\260\\\234\265\210=t&\377\357i\315\214\366"
 2335      5C9CB588 
 2335      3D7426FF 
 2335      EF69CD8C 
 2335      F6
 2336 0e35 88F1D7F1 		.ascii	"\210\361\327\361\370\375\354\374\276\250\262\266\326"
 2336      F8FDECFC 
 2336      BEA8B2B6 
 2336      D6
 2337 0e42 A68FBF16 		.ascii	"\246\217\277\026\273\231\211\336C9\216\371|\330\272"
 2337      BB9989DE 
 2337      43398EF9 
 2337      7CD8BA
 2338 0e51 6DAE451F 		.ascii	"m\256E\037\177(\206\307\337S9]\304\277\227\307?O\203"
 2338      7F2886C7 
 2338      DF53395D 
 2338      C4BF97C7 
 2338      3F4F83
 2339 0e64 F958FC17 		.ascii	"\371X\374\027\314\264M)\324\213\\\242W\024\252?+\324"
 2339      CCB44D29 
 2339      D48B5CA2 
 2339      5714AA3F 
 2339      2BD4
 2340 0e76 9386ADE6 		.ascii	"\223\206\255\346HB\017r\241\015\254P\213\226\257\333"
 2340      48420F72 
 2340      A10DAC50 
 2340      8B96AFDB 
 2341 0e86 68D20BAD 		.ascii	"h\322\013\255\247p\200\2617R\216cB\357M\255\272\026"
 2341      A77080B1 
 2341      37528E63 
 2341      42EF4DAD 
 2341      BA16
 2342 0e98 54A8500C 		.ascii	"T\250P\014\027\372\354\266R\250C\\\350B\015\266\237"
 2342      17FAECB6 
 2342      52A8435C 
 2342      E8420DB6 
 2342      9F
 2343 0ea9 09EDC6B3 		.ascii	"\011\355\306\263\335\260\221\222%9+}\322(\327\340t\311"
ARM GAS  C:\Users\angio\AppData\Local\Temp\ccENNZB8.s 			page 96


 2343      DDB09192 
 2343      25392B7D 
 2343      D228D7E0 
 2343      74C9
 2344 0ebb EAC8CCF2 		.ascii	"\352\310\314\362\270\276\034\234>B\2628R\306Oq\277\223"
 2344      B8BE1C9C 
 2344      3E42B238 
 2344      52C64F71 
 2344      BF93
 2345 0ecd E9F8E2B7 		.ascii	"\351\370\342\267C\206$\342\237#%\365\263\324Lw\322\260"
 2345      438624E2 
 2345      9F2325F5 
 2345      B3D44C77 
 2345      D2B0
 2346 0edf 61C31233 		.ascii	"a\303\0223\335\370\227\226\372Y\242;\313\20172?\373"
 2346      DDF89796 
 2346      FA59A23B 
 2346      CB813732 
 2346      3FFB
 2347 0ef1 9B23D991 		.ascii	"\233#\331\221\342r\017q\230\337~\357\303\201c\206\215"
 2347      E2720F71 
 2347      98DF7EEF 
 2347      C3816386 
 2347      8D
 2348 0f02 925E0A1A 		.ascii	"\222^\012\032\0362\342s\307\177\014}}h\2224r\314\177"
 2348      1E32E273 
 2348      C77F0C7D 
 2348      7D689234 
 2348      72CC7F
 2349 0f15 7D3A8651 		.ascii	"}:\206Q\215\367d;S3?\235\234\231\365\205{b\262\303e"
 2349      8DF7643B 
 2349      53333F9D 
 2349      9C99F585 
 2349      7B62B2C3 
 2350 0f2a CF76BBB2 		.ascii	"\317v\273\262>\035\367\301\340\361\037\274;<\351\355"
 2350      3E1DF7C1 
 2350      E0F11FBC 
 2350      3B3CE9ED 
 2351 0f3a 11A3468C 		.ascii	"\021\243F\214{s\360{\037\216y\347\315?\216\034!%D\024"
 2351      7B73F07B 
 2351      1F8E79E7 
 2351      CD3F8E1C 
 2351      21254414 
 2352 0f4e 91E5494C 		.ascii	"\221\345IL\315p\244e;]x\307=\305=$E\212\346\272?\314"
 2352      CD70A465 
 2352      3B5D78C7 
 2352      3DC53D24 
 2352      458AE6BA 
 2353 0f64 4843E531 		.ascii	"HC\3451x\355J\177+\331\355\371Sr\252g\254\315\221bw"
 2353      78ED4A7F 
 2353      2BD9EDF9 
 2353      5372AA67 
 2353      ACCD9162 
 2354 0f79 BBD29327 		.ascii	"\273\322\223'\246df\271\242\325+\273\347\347\220\273"
 2354      A66466B9 
 2354      A2D52BBB 
 2354      E7E790BB 
ARM GAS  C:\Users\angio\AppData\Local\Temp\ccENNZB8.s 			page 97


 2355 0f89 D2913C4E 		.ascii	"\322\221<N%\034\237:!#9m\254\030x\333\345\031\223\231"
 2355      251C9F3A 
 2355      2123396D 
 2355      AC1878DB 
 2355      E5199399 
 2356 0f9d 9DE171   		.ascii	"\235\341q"
 2357 0fa0 658D8D72 		.ascii	"e\215\215rdx\354\036kJ\262;\305>\301\345\261\273\315"
 2357      6478EC1E 
 2357      6B4AB23B 
 2357      C53EC1E5 
 2357      B1BBCD
 2358 0fb3 D9A9199E 		.ascii	"\331\251\031\236\341Iv\017B\355\230\021\227\303\343"
 2358      E149760F 
 2358      42ED9811 
 2358      97C3E3
 2359 0fc2 B6F3B4C4 		.ascii	"\266\363\264\304\006}\263{\230\274L\207\202\211V\257"
 2359      067DB37B 
 2359      98BC4C87 
 2359      828956AF 
 2360 0fd2 EC9EC1BF 		.ascii	"\354\236\301\277\244\000RLZV6w\235\2062\355\356\027"
 2360      A400524C 
 2360      5A563677 
 2360      9D8632ED 
 2360      EE17
 2361 0fe4 1C2963D8 		.ascii	"\034)c\330\255?r\262\261\031\251\236(\373\35723\323"
 2361      AD3F72B2 
 2361      B119A99E 
 2361      28FBEF32 
 2361      33D3
 2362 0ff6 9883C959 		.ascii	"\230\203\311Y\251\036\327\347(\027"
 2362      A91ED7E7 
 2362      2817
 2363 1000 AFB35CC9 		.ascii	"\257\263\\\311N\2744\272S\277B-\306l\036\307\013B\022"
 2363      4EBC34BA 
 2363      53BF422D 
 2363      C66C1EC7 
 2363      0B4212
 2364 1013 8F260501 		.ascii	"\217&\005\001\256\254\270\340\257<,\316\2179\020.\372"
 2364      AEACB8E0 
 2364      AF3C2CCE 
 2364      8F39102E 
 2364      FA
 2365 1024 2B03E35C 		.ascii	"+\003\343\\i\256dw\300\357\013\352h\262S\014\365UF\376"
 2365      69AE6477 
 2365      C0EF0BEA 
 2365      68B2530C 
 2365      F55546FE 
 2366 1038 C4448821 		.ascii	"\304D\210!+\317&\253\325\370\250t\367\004\273'\226\017"
 2366      2BCF26AB 
 2366      D5F8A874 
 2366      F704BB27 
 2366      960F
 2367 104a 68D26DFC 		.ascii	"h\322m\374\273\222{\203#%9\253\217\035K\352\261\377"
 2367      BB927B83 
 2367      232539AB 
 2367      8F1D4BEA 
 2367      B1FF
ARM GAS  C:\Users\angio\AppData\Local\Temp\ccENNZB8.s 			page 98


 2368 105c EE8DF16F 		.ascii	"\356\215\361o\276?nl\237\344\264\311\311S\334\366\324"
 2368      BE3F6E6C 
 2368      9FE4B4C9 
 2368      C953DCF6 
 2368      D4
 2369 106d 8CB4D40C 		.ascii	"\214\264\324\014\327\230\210ysd\246\247gf$\272\276\364"
 2369      D7988879 
 2369      7364A6A7 
 2369      676624BA 
 2369      BEF4
 2370 107f 24BE31EE 		.ascii	"$\2761\356\335\3041\357\216\037;>q\014\366A\342\330"
 2370      DDC431EF 
 2370      8E1F3B3E 
 2370      710CF641 
 2370      E2D8
 2371 1091 40B5D3DD 		.ascii	"@\265\323\335\251n\373\004\207\003+n\231\210+\302\316"
 2371      A96EFB04 
 2371      87032B6E 
 2371      99882BC2 
 2371      CE
 2372 10a2 9A69D48F 		.ascii	"\232i\324\217\2611\224\233\361M\0325\370\335\301o\274"
 2372      B131949B 
 2372      F14D1A35 
 2372      F8DDC16F 
 2372      BC
 2373 10b3 F301E270 		.ascii	"\363\001\342p-\271XCr\206l\336\220V\273\375\363\354"
 2373      2DB95843 
 2373      72866CDE 
 2373      9056BBFD 
 2373      F3EC
 2374 10c5 0C87DD3E 		.ascii	"\014\207\335>d\2049p\031\365\367lW\266\313\220\201\202"
 2374      64843970 
 2374      19F5F76C 
 2374      57B6CB90 
 2374      8182
 2375 10d7 CC986EFE 		.ascii	"\314\230n\376\315\032\270\260{\014\023\263\\\223\376"
 2375      CD1AB8B0 
 2375      7B0C13B3 
 2375      5C93FE
 2376 10e6 EDA71B34 		.ascii	"\355\247\0334-\325\355a\375O\261p\026\354\007\373\347"
 2376      2DD5ED61 
 2376      FD4FB170 
 2376      16EC07FB 
 2376      E7
 2377 10f7 69C913DC 		.ascii	"i\311\023\334\254\262\374\302\3561\261Alc\376\371\205"
 2377      ACB2FCC2 
 2377      EE31B141 
 2377      6C63FEF9 
 2377      85
 2378 1108 6B0A074D 		.ascii	"k\012\007M\310\312\314\236hf\035\303\334\360\013&\304"
 2378      C8CACC9E 
 2378      68661DC3 
 2378      DCF00B26 
 2378      C4
 2379 1119 C24BCC86 		.ascii	"\302K\314\206\304\025\03338'z\262\206\375H+jZ\264vL"
 2379      C4151B33 
 2379      38277AB2 
ARM GAS  C:\Users\angio\AppData\Local\Temp\ccENNZB8.s 			page 99


 2379      86FD482B 
 2379      6A5AB476 
 2380 112e 91A27863 		.ascii	"\221\242xc\231\0303:\267\210^\307+\212#q\242\275\330"
 2380      9918333A 
 2380      B7885EC7 
 2380      2B8A2371 
 2380      A2BDD8
 2381 1141 3DD14EB1 		.ascii	"=\321N\261A\337\354\236(d\2324\221\275\273\2772\340"
 2381      41DFEC9E 
 2381      28649A34 
 2381      91BDBBBF 
 2381      32E0
 2382 1153 7B461493 		.ascii	"{F\024\2233\221\277g\030E\373j9\035\256]&i\227\303\264"
 2382      3391BF67 
 2382      1845FB6A 
 2382      391DAE5D 
 2382      266997C3 
 2383 1168 CBA1FF07 		.ascii	"\313\241\377\007TM4\006"
 2383      544D3406 
 2384              		.text
 2385              		.section	.gnu.lto_.symtab.1f2b0472,"e",%progbits
 2386 0000 63684361 		.ascii	"chCacheObjectInit\000"
 2386      6368654F 
 2386      626A6563 
 2386      74496E69 
 2386      7400
 2387 0012 00       		.ascii	"\000"
 2388 0013 00       		.ascii	"\000"
 2389 0014 00       		.ascii	"\000"
 2390 0015 00000000 		.ascii	"\000\000\000\000\000\000\000\000"
 2390      00000000 
 2391 001d 10010000 		.ascii	"\020\001\000\000"
 2392 0021 63684361 		.ascii	"chCacheGetObject\000"
 2392      63686547 
 2392      65744F62 
 2392      6A656374 
 2392      00
 2393 0032 00       		.ascii	"\000"
 2394 0033 00       		.ascii	"\000"
 2395 0034 00       		.ascii	"\000"
 2396 0035 00000000 		.ascii	"\000\000\000\000\000\000\000\000"
 2396      00000000 
 2397 003d 12010000 		.ascii	"\022\001\000\000"
 2398 0041 63684361 		.ascii	"chCacheReleaseObjectI\000"
 2398      63686552 
 2398      656C6561 
 2398      73654F62 
 2398      6A656374 
 2399 0057 00       		.ascii	"\000"
 2400 0058 00       		.ascii	"\000"
 2401 0059 00       		.ascii	"\000"
 2402 005a 00000000 		.ascii	"\000\000\000\000\000\000\000\000"
 2402      00000000 
 2403 0062 17010000 		.ascii	"\027\001\000\000"
 2404 0066 63684361 		.ascii	"chCacheReadObject\000"
 2404      63686552 
 2404      6561644F 
ARM GAS  C:\Users\angio\AppData\Local\Temp\ccENNZB8.s 			page 100


 2404      626A6563 
 2404      7400
 2405 0078 00       		.ascii	"\000"
 2406 0079 00       		.ascii	"\000"
 2407 007a 00       		.ascii	"\000"
 2408 007b 00000000 		.ascii	"\000\000\000\000\000\000\000\000"
 2408      00000000 
 2409 0083 19010000 		.ascii	"\031\001\000\000"
 2410 0087 63684361 		.ascii	"chCacheWriteObject\000"
 2410      63686557 
 2410      72697465 
 2410      4F626A65 
 2410      637400
 2411 009a 00       		.ascii	"\000"
 2412 009b 00       		.ascii	"\000"
 2413 009c 00       		.ascii	"\000"
 2414 009d 00000000 		.ascii	"\000\000\000\000\000\000\000\000"
 2414      00000000 
 2415 00a5 1B010000 		.ascii	"\033\001\000\000"
 2416 00a9 63685365 		.ascii	"chSemWaitS\000"
 2416      6D576169 
 2416      745300
 2417 00b4 00       		.ascii	"\000"
 2418 00b5 02       		.ascii	"\002"
 2419 00b6 00       		.ascii	"\000"
 2420 00b7 00000000 		.ascii	"\000\000\000\000\000\000\000\000"
 2420      00000000 
 2421 00bf 21010000 		.ascii	"!\001\000\000"
 2422 00c3 63685365 		.ascii	"chSemObjectInit\000"
 2422      6D4F626A 
 2422      65637449 
 2422      6E697400 
 2423 00d3 00       		.ascii	"\000"
 2424 00d4 02       		.ascii	"\002"
 2425 00d5 00       		.ascii	"\000"
 2426 00d6 00000000 		.ascii	"\000\000\000\000\000\000\000\000"
 2426      00000000 
 2427 00de 26010000 		.ascii	"&\001\000\000"
 2428 00e2 63685365 		.ascii	"chSemSignalI\000"
 2428      6D536967 
 2428      6E616C49 
 2428      00
 2429 00ef 00       		.ascii	"\000"
 2430 00f0 02       		.ascii	"\002"
 2431 00f1 00       		.ascii	"\000"
 2432 00f2 00000000 		.ascii	"\000\000\000\000\000\000\000\000"
 2432      00000000 
 2433 00fa 28010000 		.ascii	"(\001\000\000"
 2434              		.text
 2435              		.section	.gnu.lto_.ext_symtab.1f2b0472,"e",%progbits
 2436 0000 01       		.ascii	"\001"
 2437 0001 01       		.ascii	"\001"
 2438 0002 00       		.ascii	"\000"
 2439 0003 01       		.ascii	"\001"
 2440 0004 00       		.ascii	"\000"
 2441 0005 01       		.ascii	"\001"
 2442 0006 00       		.ascii	"\000"
ARM GAS  C:\Users\angio\AppData\Local\Temp\ccENNZB8.s 			page 101


 2443 0007 01       		.ascii	"\001"
 2444 0008 00       		.ascii	"\000"
 2445 0009 01       		.ascii	"\001"
 2446 000a 00       		.ascii	"\000"
 2447 000b 01       		.ascii	"\001"
 2448 000c 00       		.ascii	"\000"
 2449 000d 01       		.ascii	"\001"
 2450 000e 00       		.ascii	"\000"
 2451 000f 01       		.ascii	"\001"
 2452 0010 00       		.ascii	"\000"
 2453              		.text
 2454              		.section	.gnu.lto_.opts,"e",%progbits
 2455 0000 272D666E 		.ascii	"'-fno-openmp' '-fno-openacc' '-fno-pie' '-fcf-prote"
 2455      6F2D6F70 
 2455      656E6D70 
 2455      2720272D 
 2455      666E6F2D 
 2456 0033 6374696F 		.ascii	"ction=none' '-g' '-mcpu=cortex-m4' '-mthumb' '-mflo"
 2456      6E3D6E6F 
 2456      6E652720 
 2456      272D6727 
 2456      20272D6D 
 2457 0066 61742D61 		.ascii	"at-abi=soft' '-mlibarch=armv7e-m' '-march=armv7e-m'"
 2457      62693D73 
 2457      6F667427 
 2457      20272D6D 
 2457      6C696261 
 2458 0099 20272D4F 		.ascii	" '-O0' '-fomit-frame-pointer' '-falign-functions=16"
 2458      30272027 
 2458      2D666F6D 
 2458      69742D66 
 2458      72616D65 
 2459 00cc 2720272D 		.ascii	"' '-ffunction-sections' '-fdata-sections' '-fno-com"
 2459      6666756E 
 2459      6374696F 
 2459      6E2D7365 
 2459      6374696F 
 2460 00ff 6D6F6E27 		.ascii	"mon' '-flto' '-Xassembler' '-alms=./build/lst/chobj"
 2460      20272D66 
 2460      6C746F27 
 2460      20272D58 
 2460      61737365 
 2461 0132 63616368 		.ascii	"caches.lst'\000"
 2461      65732E6C 
 2461      73742700 
 2462              		.text
 2463              		.comm	__gnu_lto_slim,1,1
 2464              		.ident	"GCC: (GNU Arm Embedded Toolchain 10.3-2021.10) 10.3.1 20210824 (release)"
ARM GAS  C:\Users\angio\AppData\Local\Temp\ccENNZB8.s 			page 102


DEFINED SYMBOLS
                            *ABS*:00000000 chobjcaches.c
C:\Users\angio\AppData\Local\Temp\ccENNZB8.s:29     .gnu.debuglto_.debug_info:00000000 chobjcaches.c.4fc50802
                            *COM*:00000001 __gnu_lto_slim

NO UNDEFINED SYMBOLS
