ARM GAS  C:\Users\angio\AppData\Local\Temp\ccSeXO4x.s 			page 1


   1              		.cpu cortex-m4
   2              		.arch armv7e-m
   3              		.fpu softvfp
   4              		.eabi_attribute 20, 1
   5              		.eabi_attribute 21, 1
   6              		.eabi_attribute 23, 3
   7              		.eabi_attribute 24, 1
   8              		.eabi_attribute 25, 1
   9              		.eabi_attribute 26, 1
  10              		.eabi_attribute 30, 6
  11              		.eabi_attribute 34, 1
  12              		.eabi_attribute 18, 4
  13              		.file	"chschd.c"
  14              		.file 1 "c:\\chibistudio\\tools\\gnu tools arm embedded\\10.3 2021.10\\arm-none-eabi\\include\\mac
  15              		.file 2 "c:\\chibistudio\\tools\\gnu tools arm embedded\\10.3 2021.10\\arm-none-eabi\\include\\sys
  16              		.file 3 "../../chibios2111/os/common/ports/ARM-common/chtypes.h"
  17              		.file 4 "../../chibios2111/os/rt/include/chearly.h"
  18              		.file 5 "../../chibios2111/os/rt/include/chobjects.h"
  19              		.file 6 "../../chibios2111/os/rt/include/chrfcu.h"
  20              		.file 7 "../../chibios2111/os/rt/include/chdebug.h"
  21              		.file 8 "../../chibios2111/os/rt/include/chtime.h"
  22              		.file 9 "../../chibios2111/os/rt/include/chlists.h"
  23              		.file 10 "../../chibios2111/os/common/ports/ARMv7-M-ALT/chcore.h"
  24              		.file 11 "../../chibios2111/os/rt/include/chsem.h"
  25              		.file 12 "../../chibios2111/os/rt/include/chmtx.h"
  26              		.file 13 "../../chibios2111/os/rt/src/chschd.c"
  27              		.file 14 "../../chibios2111/os/rt/include/chvt.h"
  28              		.file 15 "../../chibios2111/os/rt/include/chsys.h"
  29              		.file 16 "../../chibios2111/os/common/ext/ARM/CMSIS/Core/Include/cmsis_gcc.h"
  30              		.section	.gnu.debuglto_.debug_info,"e",%progbits
  31              	.Ldebug_info0:
  32              		.hidden	chschd.c.5408b6bc
  33              		.weak	chschd.c.5408b6bc
  34              	chschd.c.5408b6bc:
  35 0000 970D0000 		.4byte	0xd97
  36 0004 0400     		.2byte	0x4
  37 0006 00000000 		.4byte	.Ldebug_abbrev0
  38 000a 04       		.byte	0x4
  39 000b 01       		.uleb128 0x1
  40 000c B7050000 		.4byte	.LASF154
  41 0010 0C       		.byte	0xc
  42 0011 2E040000 		.4byte	.LASF155
  43 0015 67010000 		.4byte	.LASF156
  44 0019 00000000 		.4byte	.Ldebug_line0
  45 001d 02       		.uleb128 0x2
  46 001e 04       		.byte	0x4
  47 001f 05       		.byte	0x5
  48 0020 696E7400 		.ascii	"int\000"
  49 0024 03       		.uleb128 0x3
  50 0025 04       		.byte	0x4
  51 0026 07       		.byte	0x7
  52 0027 65020000 		.4byte	.LASF0
  53 002b 03       		.uleb128 0x3
  54 002c 08       		.byte	0x8
  55 002d 05       		.byte	0x5
  56 002e 1A010000 		.4byte	.LASF1
  57 0032 03       		.uleb128 0x3
ARM GAS  C:\Users\angio\AppData\Local\Temp\ccSeXO4x.s 			page 2


  58 0033 08       		.byte	0x8
  59 0034 04       		.byte	0x4
  60 0035 89050000 		.4byte	.LASF2
  61 0039 03       		.uleb128 0x3
  62 003a 01       		.byte	0x1
  63 003b 06       		.byte	0x6
  64 003c 28010000 		.4byte	.LASF3
  65 0040 04       		.uleb128 0x4
  66 0041 2E000000 		.4byte	.LASF7
  67 0045 01       		.byte	0x1
  68 0046 2B       		.byte	0x2b
  69 0047 18       		.byte	0x18
  70 0048 4C000000 		.4byte	0x4c
  71 004c 03       		.uleb128 0x3
  72 004d 01       		.byte	0x1
  73 004e 08       		.byte	0x8
  74 004f B3040000 		.4byte	.LASF4
  75 0053 03       		.uleb128 0x3
  76 0054 02       		.byte	0x2
  77 0055 05       		.byte	0x5
  78 0056 D1040000 		.4byte	.LASF5
  79 005a 03       		.uleb128 0x3
  80 005b 02       		.byte	0x2
  81 005c 07       		.byte	0x7
  82 005d 03070000 		.4byte	.LASF6
  83 0061 04       		.uleb128 0x4
  84 0062 A6050000 		.4byte	.LASF8
  85 0066 01       		.byte	0x1
  86 0067 4D       		.byte	0x4d
  87 0068 18       		.byte	0x18
  88 0069 6D000000 		.4byte	0x6d
  89 006d 03       		.uleb128 0x3
  90 006e 04       		.byte	0x4
  91 006f 05       		.byte	0x5
  92 0070 BF010000 		.4byte	.LASF9
  93 0074 04       		.uleb128 0x4
  94 0075 14020000 		.4byte	.LASF10
  95 0079 01       		.byte	0x1
  96 007a 4F       		.byte	0x4f
  97 007b 19       		.byte	0x19
  98 007c 80000000 		.4byte	0x80
  99 0080 03       		.uleb128 0x3
 100 0081 04       		.byte	0x4
 101 0082 07       		.byte	0x7
 102 0083 80020000 		.4byte	.LASF11
 103 0087 04       		.uleb128 0x4
 104 0088 23040000 		.4byte	.LASF12
 105 008c 01       		.byte	0x1
 106 008d 69       		.byte	0x69
 107 008e 19       		.byte	0x19
 108 008f 93000000 		.4byte	0x93
 109 0093 03       		.uleb128 0x3
 110 0094 08       		.byte	0x8
 111 0095 07       		.byte	0x7
 112 0096 9D000000 		.4byte	.LASF13
 113 009a 04       		.uleb128 0x4
 114 009b 95070000 		.4byte	.LASF14
ARM GAS  C:\Users\angio\AppData\Local\Temp\ccSeXO4x.s 			page 3


 115 009f 02       		.byte	0x2
 116 00a0 18       		.byte	0x18
 117 00a1 13       		.byte	0x13
 118 00a2 40000000 		.4byte	0x40
 119 00a6 04       		.uleb128 0x4
 120 00a7 AB040000 		.4byte	.LASF15
 121 00ab 02       		.byte	0x2
 122 00ac 2C       		.byte	0x2c
 123 00ad 13       		.byte	0x13
 124 00ae 61000000 		.4byte	0x61
 125 00b2 04       		.uleb128 0x4
 126 00b3 62050000 		.4byte	.LASF16
 127 00b7 02       		.byte	0x2
 128 00b8 30       		.byte	0x30
 129 00b9 14       		.byte	0x14
 130 00ba 74000000 		.4byte	0x74
 131 00be 04       		.uleb128 0x4
 132 00bf 25000000 		.4byte	.LASF17
 133 00c3 02       		.byte	0x2
 134 00c4 3C       		.byte	0x3c
 135 00c5 14       		.byte	0x14
 136 00c6 87000000 		.4byte	0x87
 137 00ca 05       		.uleb128 0x5
 138 00cb BE000000 		.4byte	0xbe
 139 00cf 04       		.uleb128 0x4
 140 00d0 FD070000 		.4byte	.LASF18
 141 00d4 03       		.byte	0x3
 142 00d5 48       		.byte	0x48
 143 00d6 1D       		.byte	0x1d
 144 00d7 BE000000 		.4byte	0xbe
 145 00db 04       		.uleb128 0x4
 146 00dc 43030000 		.4byte	.LASF19
 147 00e0 04       		.byte	0x4
 148 00e1 50       		.byte	0x50
 149 00e2 19       		.byte	0x19
 150 00e3 CF000000 		.4byte	0xcf
 151 00e7 04       		.uleb128 0x4
 152 00e8 01050000 		.4byte	.LASF20
 153 00ec 04       		.byte	0x4
 154 00ed 53       		.byte	0x53
 155 00ee 19       		.byte	0x19
 156 00ef 9A000000 		.4byte	0x9a
 157 00f3 04       		.uleb128 0x4
 158 00f4 C8010000 		.4byte	.LASF21
 159 00f8 04       		.byte	0x4
 160 00f9 54       		.byte	0x54
 161 00fa 19       		.byte	0x19
 162 00fb 9A000000 		.4byte	0x9a
 163 00ff 04       		.uleb128 0x4
 164 0100 5D040000 		.4byte	.LASF22
 165 0104 04       		.byte	0x4
 166 0105 55       		.byte	0x55
 167 0106 19       		.byte	0x19
 168 0107 9A000000 		.4byte	0x9a
 169 010b 04       		.uleb128 0x4
 170 010c 7A040000 		.4byte	.LASF23
 171 0110 04       		.byte	0x4
ARM GAS  C:\Users\angio\AppData\Local\Temp\ccSeXO4x.s 			page 4


 172 0111 57       		.byte	0x57
 173 0112 19       		.byte	0x19
 174 0113 B2000000 		.4byte	0xb2
 175 0117 04       		.uleb128 0x4
 176 0118 D0020000 		.4byte	.LASF24
 177 011c 04       		.byte	0x4
 178 011d 58       		.byte	0x58
 179 011e 19       		.byte	0x19
 180 011f A6000000 		.4byte	0xa6
 181 0123 04       		.uleb128 0x4
 182 0124 01030000 		.4byte	.LASF25
 183 0128 04       		.byte	0x4
 184 0129 5A       		.byte	0x5a
 185 012a 19       		.byte	0x19
 186 012b B2000000 		.4byte	0xb2
 187 012f 04       		.uleb128 0x4
 188 0130 5F020000 		.4byte	.LASF26
 189 0134 04       		.byte	0x4
 190 0135 5C       		.byte	0x5c
 191 0136 19       		.byte	0x19
 192 0137 A6000000 		.4byte	0xa6
 193 013b 04       		.uleb128 0x4
 194 013c 53040000 		.4byte	.LASF27
 195 0140 04       		.byte	0x4
 196 0141 80       		.byte	0x80
 197 0142 12       		.byte	0x12
 198 0143 24000000 		.4byte	0x24
 199 0147 04       		.uleb128 0x4
 200 0148 91060000 		.4byte	.LASF28
 201 014c 04       		.byte	0x4
 202 014d 85       		.byte	0x85
 203 014e 1A       		.byte	0x1a
 204 014f 53010000 		.4byte	0x153
 205 0153 06       		.uleb128 0x6
 206 0154 C6020000 		.4byte	.LASF43
 207 0158 70       		.byte	0x70
 208 0159 05       		.byte	0x5
 209 015a 9C       		.byte	0x9c
 210 015b 08       		.byte	0x8
 211 015c 36020000 		.4byte	0x236
 212 0160 07       		.uleb128 0x7
 213 0161 68647200 		.ascii	"hdr\000"
 214 0165 05       		.byte	0x5
 215 0166 AD       		.byte	0xad
 216 0167 05       		.byte	0x5
 217 0168 7B060000 		.4byte	0x67b
 218 016c 00       		.byte	0
 219 016d 07       		.uleb128 0x7
 220 016e 63747800 		.ascii	"ctx\000"
 221 0172 05       		.byte	0x5
 222 0173 B1       		.byte	0xb1
 223 0174 21       		.byte	0x21
 224 0175 4E050000 		.4byte	0x54e
 225 0179 0C       		.byte	0xc
 226 017a 08       		.uleb128 0x8
 227 017b 92020000 		.4byte	.LASF29
 228 017f 05       		.byte	0x5
ARM GAS  C:\Users\angio\AppData\Local\Temp\ccSeXO4x.s 			page 5


 229 0180 B6       		.byte	0xb6
 230 0181 21       		.byte	0x21
 231 0182 77030000 		.4byte	0x377
 232 0186 38       		.byte	0x38
 233 0187 08       		.uleb128 0x8
 234 0188 7E050000 		.4byte	.LASF30
 235 018c 05       		.byte	0x5
 236 018d BB       		.byte	0xbb
 237 018e 22       		.byte	0x22
 238 018f 88070000 		.4byte	0x788
 239 0193 40       		.byte	0x40
 240 0194 08       		.uleb128 0x8
 241 0195 B3020000 		.4byte	.LASF31
 242 0199 05       		.byte	0x5
 243 019a C0       		.byte	0xc0
 244 019b 22       		.byte	0x22
 245 019c 0F030000 		.4byte	0x30f
 246 01a0 44       		.byte	0x44
 247 01a1 08       		.uleb128 0x8
 248 01a2 95050000 		.4byte	.LASF32
 249 01a6 05       		.byte	0x5
 250 01a7 C9       		.byte	0xc9
 251 01a8 22       		.byte	0x22
 252 01a9 7E050000 		.4byte	0x57e
 253 01ad 48       		.byte	0x48
 254 01ae 08       		.uleb128 0x8
 255 01af B9010000 		.4byte	.LASF33
 256 01b3 05       		.byte	0x5
 257 01b4 CE       		.byte	0xce
 258 01b5 21       		.byte	0x21
 259 01b6 F3000000 		.4byte	0xf3
 260 01ba 4C       		.byte	0x4c
 261 01bb 08       		.uleb128 0x8
 262 01bc 9D070000 		.4byte	.LASF34
 263 01c0 05       		.byte	0x5
 264 01c1 D2       		.byte	0xd2
 265 01c2 21       		.byte	0x21
 266 01c3 E7000000 		.4byte	0xe7
 267 01c7 4D       		.byte	0x4d
 268 01c8 08       		.uleb128 0x8
 269 01c9 15010000 		.4byte	.LASF35
 270 01cd 05       		.byte	0x5
 271 01ce D7       		.byte	0xd7
 272 01cf 21       		.byte	0x21
 273 01d0 FF000000 		.4byte	0xff
 274 01d4 4E       		.byte	0x4e
 275 01d5 09       		.uleb128 0x9
 276 01d6 7500     		.ascii	"u\000"
 277 01d8 05       		.byte	0x5
 278 01d9 2801     		.2byte	0x128
 279 01db 21       		.byte	0x21
 280 01dc A9060000 		.4byte	0x6a9
 281 01e0 50       		.byte	0x50
 282 01e1 0A       		.uleb128 0xa
 283 01e2 24020000 		.4byte	.LASF36
 284 01e6 05       		.byte	0x5
 285 01e7 2D01     		.2byte	0x12d
ARM GAS  C:\Users\angio\AppData\Local\Temp\ccSeXO4x.s 			page 6


 286 01e9 21       		.byte	0x21
 287 01ea 4A030000 		.4byte	0x34a
 288 01ee 54       		.byte	0x54
 289 01ef 0A       		.uleb128 0xa
 290 01f0 B0010000 		.4byte	.LASF37
 291 01f4 05       		.byte	0x5
 292 01f5 3301     		.2byte	0x133
 293 01f7 21       		.byte	0x21
 294 01f8 77030000 		.4byte	0x377
 295 01fc 58       		.byte	0x58
 296 01fd 0A       		.uleb128 0xa
 297 01fe D6020000 		.4byte	.LASF38
 298 0202 05       		.byte	0x5
 299 0203 3901     		.2byte	0x139
 300 0205 21       		.byte	0x21
 301 0206 23010000 		.4byte	0x123
 302 020a 60       		.byte	0x60
 303 020b 0A       		.uleb128 0xa
 304 020c F5070000 		.4byte	.LASF39
 305 0210 05       		.byte	0x5
 306 0211 4001     		.2byte	0x140
 307 0213 22       		.byte	0x22
 308 0214 82070000 		.4byte	0x782
 309 0218 64       		.byte	0x64
 310 0219 0A       		.uleb128 0xa
 311 021a 7B030000 		.4byte	.LASF40
 312 021e 05       		.byte	0x5
 313 021f 4401     		.2byte	0x144
 314 0221 21       		.byte	0x21
 315 0222 0B010000 		.4byte	0x10b
 316 0226 68       		.byte	0x68
 317 0227 0A       		.uleb128 0xa
 318 0228 B8020000 		.4byte	.LASF41
 319 022c 05       		.byte	0x5
 320 022d 4B01     		.2byte	0x14b
 321 022f 22       		.byte	0x22
 322 0230 84050000 		.4byte	0x584
 323 0234 6C       		.byte	0x6c
 324 0235 00       		.byte	0
 325 0236 04       		.uleb128 0x4
 326 0237 59010000 		.4byte	.LASF42
 327 023b 04       		.byte	0x4
 328 023c 8A       		.byte	0x8a
 329 023d 1F       		.byte	0x1f
 330 023e 42020000 		.4byte	0x242
 331 0242 0B       		.uleb128 0xb
 332 0243 D2060000 		.4byte	.LASF44
 333 0247 B0       		.byte	0xb0
 334 0248 05       		.byte	0x5
 335 0249 8A01     		.2byte	0x18a
 336 024b 08       		.byte	0x8
 337 024c C1020000 		.4byte	0x2c1
 338 0250 0A       		.uleb128 0xa
 339 0251 8F070000 		.4byte	.LASF45
 340 0255 05       		.byte	0x5
 341 0256 8E01     		.2byte	0x18e
 342 0258 21       		.byte	0x21
ARM GAS  C:\Users\angio\AppData\Local\Temp\ccSeXO4x.s 			page 7


 343 0259 B9070000 		.4byte	0x7b9
 344 025d 00       		.byte	0
 345 025e 0A       		.uleb128 0xa
 346 025f 9D010000 		.4byte	.LASF46
 347 0263 05       		.byte	0x5
 348 0264 9201     		.2byte	0x192
 349 0266 21       		.byte	0x21
 350 0267 36060000 		.4byte	0x636
 351 026b 10       		.byte	0x10
 352 026c 0A       		.uleb128 0xa
 353 026d FB060000 		.4byte	.LASF47
 354 0271 05       		.byte	0x5
 355 0272 9901     		.2byte	0x199
 356 0274 21       		.byte	0x21
 357 0275 5D060000 		.4byte	0x65d
 358 0279 28       		.byte	0x28
 359 027a 0A       		.uleb128 0xa
 360 027b 69000000 		.4byte	.LASF48
 361 027f 05       		.byte	0x5
 362 0280 9E01     		.2byte	0x19e
 363 0282 21       		.byte	0x21
 364 0283 3B010000 		.4byte	0x13b
 365 0287 30       		.byte	0x30
 366 0288 0A       		.uleb128 0xa
 367 0289 0D000000 		.4byte	.LASF49
 368 028d 05       		.byte	0x5
 369 028e A401     		.2byte	0x1a4
 370 0290 21       		.byte	0x21
 371 0291 E8020000 		.4byte	0x2e8
 372 0295 34       		.byte	0x34
 373 0296 0A       		.uleb128 0xa
 374 0297 B0050000 		.4byte	.LASF50
 375 029b 05       		.byte	0x5
 376 029c A901     		.2byte	0x1a9
 377 029e 22       		.byte	0x22
 378 029f 2D080000 		.4byte	0x82d
 379 02a3 38       		.byte	0x38
 380 02a4 0A       		.uleb128 0xa
 381 02a5 BD000000 		.4byte	.LASF51
 382 02a9 05       		.byte	0x5
 383 02aa AD01     		.2byte	0x1ad
 384 02ac 21       		.byte	0x21
 385 02ad 47010000 		.4byte	0x147
 386 02b1 3C       		.byte	0x3c
 387 02b2 09       		.uleb128 0x9
 388 02b3 64626700 		.ascii	"dbg\000"
 389 02b7 05       		.byte	0x5
 390 02b8 B101     		.2byte	0x1b1
 391 02ba 21       		.byte	0x21
 392 02bb 26030000 		.4byte	0x326
 393 02bf AC       		.byte	0xac
 394 02c0 00       		.byte	0
 395 02c1 04       		.uleb128 0x4
 396 02c2 84030000 		.4byte	.LASF52
 397 02c6 06       		.byte	0x6
 398 02c7 3F       		.byte	0x3f
 399 02c8 12       		.byte	0x12
ARM GAS  C:\Users\angio\AppData\Local\Temp\ccSeXO4x.s 			page 8


 400 02c9 B2000000 		.4byte	0xb2
 401 02cd 06       		.uleb128 0x6
 402 02ce E1010000 		.4byte	.LASF53
 403 02d2 04       		.byte	0x4
 404 02d3 06       		.byte	0x6
 405 02d4 44       		.byte	0x44
 406 02d5 10       		.byte	0x10
 407 02d6 E8020000 		.4byte	0x2e8
 408 02da 08       		.uleb128 0x8
 409 02db 1F020000 		.4byte	.LASF54
 410 02df 06       		.byte	0x6
 411 02e0 48       		.byte	0x48
 412 02e1 21       		.byte	0x21
 413 02e2 C1020000 		.4byte	0x2c1
 414 02e6 00       		.byte	0
 415 02e7 00       		.byte	0
 416 02e8 04       		.uleb128 0x4
 417 02e9 CA040000 		.4byte	.LASF55
 418 02ed 06       		.byte	0x6
 419 02ee 49       		.byte	0x49
 420 02ef 03       		.byte	0x3
 421 02f0 CD020000 		.4byte	0x2cd
 422 02f4 06       		.uleb128 0x6
 423 02f5 95040000 		.4byte	.LASF56
 424 02f9 04       		.byte	0x4
 425 02fa 07       		.byte	0x7
 426 02fb 3E       		.byte	0x3e
 427 02fc 10       		.byte	0x10
 428 02fd 0F030000 		.4byte	0x30f
 429 0301 08       		.uleb128 0x8
 430 0302 C1060000 		.4byte	.LASF57
 431 0306 07       		.byte	0x7
 432 0307 46       		.byte	0x46
 433 0308 24       		.byte	0x24
 434 0309 15030000 		.4byte	0x315
 435 030d 00       		.byte	0
 436 030e 00       		.byte	0
 437 030f 0C       		.uleb128 0xc
 438 0310 04       		.byte	0x4
 439 0311 21030000 		.4byte	0x321
 440 0315 05       		.uleb128 0x5
 441 0316 0F030000 		.4byte	0x30f
 442 031a 03       		.uleb128 0x3
 443 031b 01       		.byte	0x1
 444 031c 08       		.byte	0x8
 445 031d 9C050000 		.4byte	.LASF58
 446 0321 0D       		.uleb128 0xd
 447 0322 1A030000 		.4byte	0x31a
 448 0326 04       		.uleb128 0x4
 449 0327 49000000 		.4byte	.LASF59
 450 032b 07       		.byte	0x7
 451 032c 51       		.byte	0x51
 452 032d 03       		.byte	0x3
 453 032e F4020000 		.4byte	0x2f4
 454 0332 04       		.uleb128 0x4
 455 0333 A0060000 		.4byte	.LASF60
 456 0337 08       		.byte	0x8
ARM GAS  C:\Users\angio\AppData\Local\Temp\ccSeXO4x.s 			page 9


 457 0338 6D       		.byte	0x6d
 458 0339 12       		.byte	0x12
 459 033a B2000000 		.4byte	0xb2
 460 033e 04       		.uleb128 0x4
 461 033f 51020000 		.4byte	.LASF61
 462 0343 08       		.byte	0x8
 463 0344 79       		.byte	0x79
 464 0345 12       		.byte	0x12
 465 0346 B2000000 		.4byte	0xb2
 466 034a 04       		.uleb128 0x4
 467 034b BA030000 		.4byte	.LASF62
 468 034f 09       		.byte	0x9
 469 0350 32       		.byte	0x32
 470 0351 18       		.byte	0x18
 471 0352 56030000 		.4byte	0x356
 472 0356 06       		.uleb128 0x6
 473 0357 EB020000 		.4byte	.LASF63
 474 035b 04       		.byte	0x4
 475 035c 09       		.byte	0x9
 476 035d 38       		.byte	0x38
 477 035e 08       		.byte	0x8
 478 035f 71030000 		.4byte	0x371
 479 0363 08       		.uleb128 0x8
 480 0364 F7000000 		.4byte	.LASF64
 481 0368 09       		.byte	0x9
 482 0369 39       		.byte	0x39
 483 036a 1A       		.byte	0x1a
 484 036b 71030000 		.4byte	0x371
 485 036f 00       		.byte	0
 486 0370 00       		.byte	0
 487 0371 0C       		.uleb128 0xc
 488 0372 04       		.byte	0x4
 489 0373 4A030000 		.4byte	0x34a
 490 0377 04       		.uleb128 0x4
 491 0378 99020000 		.4byte	.LASF65
 492 037c 09       		.byte	0x9
 493 037d 3F       		.byte	0x3f
 494 037e 19       		.byte	0x19
 495 037f 83030000 		.4byte	0x383
 496 0383 06       		.uleb128 0x6
 497 0384 E9010000 		.4byte	.LASF66
 498 0388 08       		.byte	0x8
 499 0389 09       		.byte	0x9
 500 038a 45       		.byte	0x45
 501 038b 08       		.byte	0x8
 502 038c AB030000 		.4byte	0x3ab
 503 0390 08       		.uleb128 0x8
 504 0391 F7000000 		.4byte	.LASF64
 505 0395 09       		.byte	0x9
 506 0396 46       		.byte	0x46
 507 0397 1A       		.byte	0x1a
 508 0398 AB030000 		.4byte	0x3ab
 509 039c 00       		.byte	0
 510 039d 08       		.uleb128 0x8
 511 039e 38000000 		.4byte	.LASF67
 512 03a2 09       		.byte	0x9
 513 03a3 47       		.byte	0x47
ARM GAS  C:\Users\angio\AppData\Local\Temp\ccSeXO4x.s 			page 10


 514 03a4 1A       		.byte	0x1a
 515 03a5 AB030000 		.4byte	0x3ab
 516 03a9 04       		.byte	0x4
 517 03aa 00       		.byte	0
 518 03ab 0C       		.uleb128 0xc
 519 03ac 04       		.byte	0x4
 520 03ad 77030000 		.4byte	0x377
 521 03b1 04       		.uleb128 0x4
 522 03b2 89000000 		.4byte	.LASF68
 523 03b6 09       		.byte	0x9
 524 03b7 4E       		.byte	0x4e
 525 03b8 22       		.byte	0x22
 526 03b9 BD030000 		.4byte	0x3bd
 527 03bd 06       		.uleb128 0x6
 528 03be 28070000 		.4byte	.LASF69
 529 03c2 0C       		.byte	0xc
 530 03c3 09       		.byte	0x9
 531 03c4 55       		.byte	0x55
 532 03c5 08       		.byte	0x8
 533 03c6 F2030000 		.4byte	0x3f2
 534 03ca 08       		.uleb128 0x8
 535 03cb F7000000 		.4byte	.LASF64
 536 03cf 09       		.byte	0x9
 537 03d0 56       		.byte	0x56
 538 03d1 1A       		.byte	0x1a
 539 03d2 F2030000 		.4byte	0x3f2
 540 03d6 00       		.byte	0
 541 03d7 08       		.uleb128 0x8
 542 03d8 38000000 		.4byte	.LASF67
 543 03dc 09       		.byte	0x9
 544 03dd 57       		.byte	0x57
 545 03de 1A       		.byte	0x1a
 546 03df F2030000 		.4byte	0x3f2
 547 03e3 04       		.byte	0x4
 548 03e4 08       		.uleb128 0x8
 549 03e5 F3030000 		.4byte	.LASF70
 550 03e9 09       		.byte	0x9
 551 03ea 58       		.byte	0x58
 552 03eb 19       		.byte	0x19
 553 03ec 0B010000 		.4byte	0x10b
 554 03f0 08       		.byte	0x8
 555 03f1 00       		.byte	0
 556 03f2 0C       		.uleb128 0xc
 557 03f3 04       		.byte	0x4
 558 03f4 B1030000 		.4byte	0x3b1
 559 03f8 04       		.uleb128 0x4
 560 03f9 F8010000 		.4byte	.LASF71
 561 03fd 09       		.byte	0x9
 562 03fe 5F       		.byte	0x5f
 563 03ff 1E       		.byte	0x1e
 564 0400 04040000 		.4byte	0x404
 565 0404 06       		.uleb128 0x6
 566 0405 34010000 		.4byte	.LASF72
 567 0409 0C       		.byte	0xc
 568 040a 09       		.byte	0x9
 569 040b 64       		.byte	0x64
 570 040c 08       		.byte	0x8
ARM GAS  C:\Users\angio\AppData\Local\Temp\ccSeXO4x.s 			page 11


 571 040d 39040000 		.4byte	0x439
 572 0411 08       		.uleb128 0x8
 573 0412 F7000000 		.4byte	.LASF64
 574 0416 09       		.byte	0x9
 575 0417 65       		.byte	0x65
 576 0418 1A       		.byte	0x1a
 577 0419 39040000 		.4byte	0x439
 578 041d 00       		.byte	0
 579 041e 08       		.uleb128 0x8
 580 041f 38000000 		.4byte	.LASF67
 581 0423 09       		.byte	0x9
 582 0424 66       		.byte	0x66
 583 0425 1A       		.byte	0x1a
 584 0426 39040000 		.4byte	0x439
 585 042a 04       		.byte	0x4
 586 042b 08       		.uleb128 0x8
 587 042c 18000000 		.4byte	.LASF73
 588 0430 09       		.byte	0x9
 589 0431 67       		.byte	0x67
 590 0432 19       		.byte	0x19
 591 0433 3E030000 		.4byte	0x33e
 592 0437 08       		.byte	0x8
 593 0438 00       		.byte	0
 594 0439 0C       		.uleb128 0xc
 595 043a 04       		.byte	0x4
 596 043b F8030000 		.4byte	0x3f8
 597 043f 0B       		.uleb128 0xb
 598 0440 E7030000 		.4byte	.LASF74
 599 0444 20       		.byte	0x20
 600 0445 0A       		.byte	0xa
 601 0446 9301     		.2byte	0x193
 602 0448 08       		.byte	0x8
 603 0449 B9040000 		.4byte	0x4b9
 604 044d 09       		.uleb128 0x9
 605 044e 723000   		.ascii	"r0\000"
 606 0451 0A       		.byte	0xa
 607 0452 9401     		.2byte	0x194
 608 0454 19       		.byte	0x19
 609 0455 B2000000 		.4byte	0xb2
 610 0459 00       		.byte	0
 611 045a 09       		.uleb128 0x9
 612 045b 723100   		.ascii	"r1\000"
 613 045e 0A       		.byte	0xa
 614 045f 9501     		.2byte	0x195
 615 0461 19       		.byte	0x19
 616 0462 B2000000 		.4byte	0xb2
 617 0466 04       		.byte	0x4
 618 0467 09       		.uleb128 0x9
 619 0468 723200   		.ascii	"r2\000"
 620 046b 0A       		.byte	0xa
 621 046c 9601     		.2byte	0x196
 622 046e 19       		.byte	0x19
 623 046f B2000000 		.4byte	0xb2
 624 0473 08       		.byte	0x8
 625 0474 09       		.uleb128 0x9
 626 0475 723300   		.ascii	"r3\000"
 627 0478 0A       		.byte	0xa
ARM GAS  C:\Users\angio\AppData\Local\Temp\ccSeXO4x.s 			page 12


 628 0479 9701     		.2byte	0x197
 629 047b 19       		.byte	0x19
 630 047c B2000000 		.4byte	0xb2
 631 0480 0C       		.byte	0xc
 632 0481 09       		.uleb128 0x9
 633 0482 72313200 		.ascii	"r12\000"
 634 0486 0A       		.byte	0xa
 635 0487 9801     		.2byte	0x198
 636 0489 19       		.byte	0x19
 637 048a B2000000 		.4byte	0xb2
 638 048e 10       		.byte	0x10
 639 048f 0A       		.uleb128 0xa
 640 0490 72020000 		.4byte	.LASF75
 641 0494 0A       		.byte	0xa
 642 0495 9901     		.2byte	0x199
 643 0497 19       		.byte	0x19
 644 0498 B2000000 		.4byte	0xb2
 645 049c 14       		.byte	0x14
 646 049d 09       		.uleb128 0x9
 647 049e 706300   		.ascii	"pc\000"
 648 04a1 0A       		.byte	0xa
 649 04a2 9A01     		.2byte	0x19a
 650 04a4 19       		.byte	0x19
 651 04a5 B2000000 		.4byte	0xb2
 652 04a9 18       		.byte	0x18
 653 04aa 0A       		.uleb128 0xa
 654 04ab E4040000 		.4byte	.LASF76
 655 04af 0A       		.byte	0xa
 656 04b0 9B01     		.2byte	0x19b
 657 04b2 19       		.byte	0x19
 658 04b3 B2000000 		.4byte	0xb2
 659 04b7 1C       		.byte	0x1c
 660 04b8 00       		.byte	0
 661 04b9 0B       		.uleb128 0xb
 662 04ba 3D000000 		.4byte	.LASF77
 663 04be 28       		.byte	0x28
 664 04bf 0A       		.byte	0xa
 665 04c0 B701     		.2byte	0x1b7
 666 04c2 08       		.byte	0x8
 667 04c3 4E050000 		.4byte	0x54e
 668 04c7 0A       		.uleb128 0xa
 669 04c8 BE020000 		.4byte	.LASF78
 670 04cc 0A       		.byte	0xa
 671 04cd B801     		.2byte	0x1b8
 672 04cf 19       		.byte	0x19
 673 04d0 B2000000 		.4byte	0xb2
 674 04d4 00       		.byte	0
 675 04d5 09       		.uleb128 0x9
 676 04d6 723400   		.ascii	"r4\000"
 677 04d9 0A       		.byte	0xa
 678 04da B901     		.2byte	0x1b9
 679 04dc 19       		.byte	0x19
 680 04dd B2000000 		.4byte	0xb2
 681 04e1 04       		.byte	0x4
 682 04e2 09       		.uleb128 0x9
 683 04e3 723500   		.ascii	"r5\000"
 684 04e6 0A       		.byte	0xa
ARM GAS  C:\Users\angio\AppData\Local\Temp\ccSeXO4x.s 			page 13


 685 04e7 BA01     		.2byte	0x1ba
 686 04e9 19       		.byte	0x19
 687 04ea B2000000 		.4byte	0xb2
 688 04ee 08       		.byte	0x8
 689 04ef 09       		.uleb128 0x9
 690 04f0 723600   		.ascii	"r6\000"
 691 04f3 0A       		.byte	0xa
 692 04f4 BB01     		.2byte	0x1bb
 693 04f6 19       		.byte	0x19
 694 04f7 B2000000 		.4byte	0xb2
 695 04fb 0C       		.byte	0xc
 696 04fc 09       		.uleb128 0x9
 697 04fd 723700   		.ascii	"r7\000"
 698 0500 0A       		.byte	0xa
 699 0501 BC01     		.2byte	0x1bc
 700 0503 19       		.byte	0x19
 701 0504 B2000000 		.4byte	0xb2
 702 0508 10       		.byte	0x10
 703 0509 09       		.uleb128 0x9
 704 050a 723800   		.ascii	"r8\000"
 705 050d 0A       		.byte	0xa
 706 050e BD01     		.2byte	0x1bd
 707 0510 19       		.byte	0x19
 708 0511 B2000000 		.4byte	0xb2
 709 0515 14       		.byte	0x14
 710 0516 09       		.uleb128 0x9
 711 0517 723900   		.ascii	"r9\000"
 712 051a 0A       		.byte	0xa
 713 051b BE01     		.2byte	0x1be
 714 051d 19       		.byte	0x19
 715 051e B2000000 		.4byte	0xb2
 716 0522 18       		.byte	0x18
 717 0523 09       		.uleb128 0x9
 718 0524 72313000 		.ascii	"r10\000"
 719 0528 0A       		.byte	0xa
 720 0529 BF01     		.2byte	0x1bf
 721 052b 19       		.byte	0x19
 722 052c B2000000 		.4byte	0xb2
 723 0530 1C       		.byte	0x1c
 724 0531 09       		.uleb128 0x9
 725 0532 72313100 		.ascii	"r11\000"
 726 0536 0A       		.byte	0xa
 727 0537 C001     		.2byte	0x1c0
 728 0539 19       		.byte	0x19
 729 053a B2000000 		.4byte	0xb2
 730 053e 20       		.byte	0x20
 731 053f 0A       		.uleb128 0xa
 732 0540 24030000 		.4byte	.LASF79
 733 0544 0A       		.byte	0xa
 734 0545 C401     		.2byte	0x1c4
 735 0547 19       		.byte	0x19
 736 0548 B2000000 		.4byte	0xb2
 737 054c 24       		.byte	0x24
 738 054d 00       		.byte	0
 739 054e 0B       		.uleb128 0xb
 740 054f DA030000 		.4byte	.LASF80
 741 0553 2C       		.byte	0x2c
ARM GAS  C:\Users\angio\AppData\Local\Temp\ccSeXO4x.s 			page 14


 742 0554 0A       		.byte	0xa
 743 0555 DF01     		.2byte	0x1df
 744 0557 08       		.byte	0x8
 745 0558 78050000 		.4byte	0x578
 746 055c 09       		.uleb128 0x9
 747 055d 737000   		.ascii	"sp\000"
 748 0560 0A       		.byte	0xa
 749 0561 E001     		.2byte	0x1e0
 750 0563 1A       		.byte	0x1a
 751 0564 78050000 		.4byte	0x578
 752 0568 00       		.byte	0
 753 0569 0A       		.uleb128 0xa
 754 056a 84050000 		.4byte	.LASF81
 755 056e 0A       		.byte	0xa
 756 056f E101     		.2byte	0x1e1
 757 0571 19       		.byte	0x19
 758 0572 B9040000 		.4byte	0x4b9
 759 0576 04       		.byte	0x4
 760 0577 00       		.byte	0
 761 0578 0C       		.uleb128 0xc
 762 0579 04       		.byte	0x4
 763 057a 3F040000 		.4byte	0x43f
 764 057e 0C       		.uleb128 0xc
 765 057f 04       		.byte	0x4
 766 0580 DB000000 		.4byte	0xdb
 767 0584 0E       		.uleb128 0xe
 768 0585 04       		.byte	0x4
 769 0586 04       		.uleb128 0x4
 770 0587 6A040000 		.4byte	.LASF82
 771 058b 05       		.byte	0x5
 772 058c 3C       		.byte	0x3c
 773 058d 21       		.byte	0x21
 774 058e 97050000 		.4byte	0x597
 775 0592 0D       		.uleb128 0xd
 776 0593 86050000 		.4byte	0x586
 777 0597 06       		.uleb128 0x6
 778 0598 2B050000 		.4byte	.LASF83
 779 059c 18       		.byte	0x18
 780 059d 05       		.byte	0x5
 781 059e 4B       		.byte	0x4b
 782 059f 08       		.byte	0x8
 783 05a0 D9050000 		.4byte	0x5d9
 784 05a4 08       		.uleb128 0x8
 785 05a5 9A060000 		.4byte	.LASF84
 786 05a9 05       		.byte	0x5
 787 05aa 4F       		.byte	0x4f
 788 05ab 21       		.byte	0x21
 789 05ac F8030000 		.4byte	0x3f8
 790 05b0 00       		.byte	0
 791 05b1 08       		.uleb128 0x8
 792 05b2 A1050000 		.4byte	.LASF85
 793 05b6 05       		.byte	0x5
 794 05b7 53       		.byte	0x53
 795 05b8 21       		.byte	0x21
 796 05b9 D9050000 		.4byte	0x5d9
 797 05bd 0C       		.byte	0xc
 798 05be 07       		.uleb128 0x7
ARM GAS  C:\Users\angio\AppData\Local\Temp\ccSeXO4x.s 			page 15


 799 05bf 70617200 		.ascii	"par\000"
 800 05c3 05       		.byte	0x5
 801 05c4 57       		.byte	0x57
 802 05c5 22       		.byte	0x22
 803 05c6 84050000 		.4byte	0x584
 804 05ca 10       		.byte	0x10
 805 05cb 08       		.uleb128 0x8
 806 05cc A4020000 		.4byte	.LASF86
 807 05d0 05       		.byte	0x5
 808 05d1 5B       		.byte	0x5b
 809 05d2 21       		.byte	0x21
 810 05d3 3E030000 		.4byte	0x33e
 811 05d7 14       		.byte	0x14
 812 05d8 00       		.byte	0
 813 05d9 04       		.uleb128 0x4
 814 05da AA060000 		.4byte	.LASF87
 815 05de 05       		.byte	0x5
 816 05df 46       		.byte	0x46
 817 05e0 10       		.byte	0x10
 818 05e1 E5050000 		.4byte	0x5e5
 819 05e5 0C       		.uleb128 0xc
 820 05e6 04       		.byte	0x4
 821 05e7 EB050000 		.4byte	0x5eb
 822 05eb 0F       		.uleb128 0xf
 823 05ec FB050000 		.4byte	0x5fb
 824 05f0 10       		.uleb128 0x10
 825 05f1 FB050000 		.4byte	0x5fb
 826 05f5 10       		.uleb128 0x10
 827 05f6 84050000 		.4byte	0x584
 828 05fa 00       		.byte	0
 829 05fb 0C       		.uleb128 0xc
 830 05fc 04       		.byte	0x4
 831 05fd 86050000 		.4byte	0x586
 832 0601 06       		.uleb128 0x6
 833 0602 A3030000 		.4byte	.LASF88
 834 0606 18       		.byte	0x18
 835 0607 05       		.byte	0x5
 836 0608 64       		.byte	0x64
 837 0609 10       		.byte	0x10
 838 060a 36060000 		.4byte	0x636
 839 060e 08       		.uleb128 0x8
 840 060f 9A060000 		.4byte	.LASF84
 841 0613 05       		.byte	0x5
 842 0614 68       		.byte	0x68
 843 0615 21       		.byte	0x21
 844 0616 F8030000 		.4byte	0x3f8
 845 061a 00       		.byte	0
 846 061b 08       		.uleb128 0x8
 847 061c DB040000 		.4byte	.LASF89
 848 0620 05       		.byte	0x5
 849 0621 73       		.byte	0x73
 850 0622 21       		.byte	0x21
 851 0623 32030000 		.4byte	0x332
 852 0627 0C       		.byte	0xc
 853 0628 08       		.uleb128 0x8
 854 0629 71030000 		.4byte	.LASF90
 855 062d 05       		.byte	0x5
ARM GAS  C:\Users\angio\AppData\Local\Temp\ccSeXO4x.s 			page 16


 856 062e 79       		.byte	0x79
 857 062f 21       		.byte	0x21
 858 0630 CA000000 		.4byte	0xca
 859 0634 10       		.byte	0x10
 860 0635 00       		.byte	0
 861 0636 04       		.uleb128 0x4
 862 0637 D0000000 		.4byte	.LASF91
 863 063b 05       		.byte	0x5
 864 063c 7B       		.byte	0x7b
 865 063d 03       		.byte	0x3
 866 063e 01060000 		.4byte	0x601
 867 0642 06       		.uleb128 0x6
 868 0643 08020000 		.4byte	.LASF92
 869 0647 08       		.byte	0x8
 870 0648 05       		.byte	0x5
 871 0649 80       		.byte	0x80
 872 064a 10       		.byte	0x10
 873 064b 5D060000 		.4byte	0x65d
 874 064f 08       		.uleb128 0x8
 875 0650 F2010000 		.4byte	.LASF93
 876 0654 05       		.byte	0x5
 877 0655 84       		.byte	0x84
 878 0656 21       		.byte	0x21
 879 0657 77030000 		.4byte	0x377
 880 065b 00       		.byte	0
 881 065c 00       		.byte	0
 882 065d 04       		.uleb128 0x4
 883 065e 57050000 		.4byte	.LASF94
 884 0662 05       		.byte	0x5
 885 0663 85       		.byte	0x85
 886 0664 03       		.byte	0x3
 887 0665 42060000 		.4byte	0x642
 888 0669 04       		.uleb128 0x4
 889 066a 90030000 		.4byte	.LASF95
 890 066e 05       		.byte	0x5
 891 066f 8A       		.byte	0x8a
 892 0670 14       		.byte	0x14
 893 0671 75060000 		.4byte	0x675
 894 0675 0C       		.uleb128 0xc
 895 0676 04       		.byte	0x4
 896 0677 47010000 		.4byte	0x147
 897 067b 11       		.uleb128 0x11
 898 067c 0C       		.byte	0xc
 899 067d 05       		.byte	0x5
 900 067e A0       		.byte	0xa0
 901 067f 03       		.byte	0x3
 902 0680 A9060000 		.4byte	0x6a9
 903 0684 12       		.uleb128 0x12
 904 0685 D7070000 		.4byte	.LASF96
 905 0689 05       		.byte	0x5
 906 068a A4       		.byte	0xa4
 907 068b 21       		.byte	0x21
 908 068c 4A030000 		.4byte	0x34a
 909 0690 12       		.uleb128 0x12
 910 0691 F2010000 		.4byte	.LASF93
 911 0695 05       		.byte	0x5
 912 0696 A8       		.byte	0xa8
ARM GAS  C:\Users\angio\AppData\Local\Temp\ccSeXO4x.s 			page 17


 913 0697 21       		.byte	0x21
 914 0698 77030000 		.4byte	0x377
 915 069c 12       		.uleb128 0x12
 916 069d CB060000 		.4byte	.LASF97
 917 06a1 05       		.byte	0x5
 918 06a2 AC       		.byte	0xac
 919 06a3 21       		.byte	0x21
 920 06a4 B1030000 		.4byte	0x3b1
 921 06a8 00       		.byte	0
 922 06a9 11       		.uleb128 0x11
 923 06aa 04       		.byte	0x4
 924 06ab 05       		.byte	0x5
 925 06ac EB       		.byte	0xeb
 926 06ad 03       		.byte	0x3
 927 06ae 19070000 		.4byte	0x719
 928 06b2 12       		.uleb128 0x12
 929 06b3 1E000000 		.4byte	.LASF98
 930 06b7 05       		.byte	0x5
 931 06b8 F2       		.byte	0xf2
 932 06b9 21       		.byte	0x21
 933 06ba 17010000 		.4byte	0x117
 934 06be 12       		.uleb128 0x12
 935 06bf B4000000 		.4byte	.LASF99
 936 06c3 05       		.byte	0x5
 937 06c4 F9       		.byte	0xf9
 938 06c5 21       		.byte	0x21
 939 06c6 17010000 		.4byte	0x117
 940 06ca 13       		.uleb128 0x13
 941 06cb DF020000 		.4byte	.LASF100
 942 06cf 05       		.byte	0x5
 943 06d0 0001     		.2byte	0x100
 944 06d2 22       		.byte	0x22
 945 06d3 84050000 		.4byte	0x584
 946 06d7 13       		.uleb128 0x13
 947 06d8 12000000 		.4byte	.LASF101
 948 06dc 05       		.byte	0x5
 949 06dd 0701     		.2byte	0x107
 950 06df 22       		.byte	0x22
 951 06e0 19070000 		.4byte	0x719
 952 06e4 13       		.uleb128 0x13
 953 06e5 C8000000 		.4byte	.LASF102
 954 06e9 05       		.byte	0x5
 955 06ea 0C01     		.2byte	0x10c
 956 06ec 21       		.byte	0x21
 957 06ed 17010000 		.4byte	0x117
 958 06f1 13       		.uleb128 0x13
 959 06f2 79020000 		.4byte	.LASF103
 960 06f6 05       		.byte	0x5
 961 06f7 1501     		.2byte	0x115
 962 06f9 22       		.byte	0x22
 963 06fa 47070000 		.4byte	0x747
 964 06fe 13       		.uleb128 0x13
 965 06ff 6B050000 		.4byte	.LASF104
 966 0703 05       		.byte	0x5
 967 0704 1E01     		.2byte	0x11e
 968 0706 22       		.byte	0x22
 969 0707 82070000 		.4byte	0x782
ARM GAS  C:\Users\angio\AppData\Local\Temp\ccSeXO4x.s 			page 18


 970 070b 13       		.uleb128 0x13
 971 070c FA040000 		.4byte	.LASF105
 972 0710 05       		.byte	0x5
 973 0711 2601     		.2byte	0x126
 974 0713 21       		.byte	0x21
 975 0714 23010000 		.4byte	0x123
 976 0718 00       		.byte	0
 977 0719 0C       		.uleb128 0xc
 978 071a 04       		.byte	0x4
 979 071b 69060000 		.4byte	0x669
 980 071f 06       		.uleb128 0x6
 981 0720 3C050000 		.4byte	.LASF106
 982 0724 0C       		.byte	0xc
 983 0725 0B       		.byte	0xb
 984 0726 34       		.byte	0x34
 985 0727 10       		.byte	0x10
 986 0728 47070000 		.4byte	0x747
 987 072c 08       		.uleb128 0x8
 988 072d F2010000 		.4byte	.LASF93
 989 0731 0B       		.byte	0xb
 990 0732 35       		.byte	0x35
 991 0733 19       		.byte	0x19
 992 0734 77030000 		.4byte	0x377
 993 0738 00       		.byte	0
 994 0739 07       		.uleb128 0x7
 995 073a 636E7400 		.ascii	"cnt\000"
 996 073e 0B       		.byte	0xb
 997 073f 37       		.byte	0x37
 998 0740 19       		.byte	0x19
 999 0741 2F010000 		.4byte	0x12f
 1000 0745 08       		.byte	0x8
 1001 0746 00       		.byte	0
 1002 0747 0C       		.uleb128 0xc
 1003 0748 04       		.byte	0x4
 1004 0749 1F070000 		.4byte	0x71f
 1005 074d 06       		.uleb128 0x6
 1006 074e 7E070000 		.4byte	.LASF107
 1007 0752 10       		.byte	0x10
 1008 0753 0C       		.byte	0xc
 1009 0754 39       		.byte	0x39
 1010 0755 08       		.byte	0x8
 1011 0756 82070000 		.4byte	0x782
 1012 075a 08       		.uleb128 0x8
 1013 075b F2010000 		.4byte	.LASF93
 1014 075f 0C       		.byte	0xc
 1015 0760 3A       		.byte	0x3a
 1016 0761 19       		.byte	0x19
 1017 0762 77030000 		.4byte	0x377
 1018 0766 00       		.byte	0
 1019 0767 08       		.uleb128 0x8
 1020 0768 7E050000 		.4byte	.LASF30
 1021 076c 0C       		.byte	0xc
 1022 076d 3C       		.byte	0x3c
 1023 076e 1A       		.byte	0x1a
 1024 076f 75060000 		.4byte	0x675
 1025 0773 08       		.byte	0x8
 1026 0774 08       		.uleb128 0x8
ARM GAS  C:\Users\angio\AppData\Local\Temp\ccSeXO4x.s 			page 19


 1027 0775 F7000000 		.4byte	.LASF64
 1028 0779 0C       		.byte	0xc
 1029 077a 3E       		.byte	0x3e
 1030 077b 1A       		.byte	0x1a
 1031 077c 58080000 		.4byte	0x858
 1032 0780 0C       		.byte	0xc
 1033 0781 00       		.byte	0
 1034 0782 0C       		.uleb128 0xc
 1035 0783 04       		.byte	0x4
 1036 0784 4D070000 		.4byte	0x74d
 1037 0788 0C       		.uleb128 0xc
 1038 0789 04       		.byte	0x4
 1039 078a 36020000 		.4byte	0x236
 1040 078e 0B       		.uleb128 0xb
 1041 078f F3020000 		.4byte	.LASF108
 1042 0793 10       		.byte	0x10
 1043 0794 05       		.byte	0x5
 1044 0795 5C01     		.2byte	0x15c
 1045 0797 10       		.byte	0x10
 1046 0798 B9070000 		.4byte	0x7b9
 1047 079c 0A       		.uleb128 0xa
 1048 079d CB060000 		.4byte	.LASF97
 1049 07a1 05       		.byte	0x5
 1050 07a2 6101     		.2byte	0x161
 1051 07a4 21       		.byte	0x21
 1052 07a5 B1030000 		.4byte	0x3b1
 1053 07a9 00       		.byte	0
 1054 07aa 0A       		.uleb128 0xa
 1055 07ab 0A040000 		.4byte	.LASF109
 1056 07af 05       		.byte	0x5
 1057 07b0 6501     		.2byte	0x165
 1058 07b2 22       		.byte	0x22
 1059 07b3 75060000 		.4byte	0x675
 1060 07b7 0C       		.byte	0xc
 1061 07b8 00       		.byte	0
 1062 07b9 14       		.uleb128 0x14
 1063 07ba 00000000 		.4byte	.LASF110
 1064 07be 05       		.byte	0x5
 1065 07bf 6601     		.2byte	0x166
 1066 07c1 03       		.byte	0x3
 1067 07c2 8E070000 		.4byte	0x78e
 1068 07c6 0B       		.uleb128 0xb
 1069 07c7 C4030000 		.4byte	.LASF111
 1070 07cb 14       		.byte	0x14
 1071 07cc 05       		.byte	0x5
 1072 07cd 6B01     		.2byte	0x16b
 1073 07cf 10       		.byte	0x10
 1074 07d0 1B080000 		.4byte	0x81b
 1075 07d4 0A       		.uleb128 0xa
 1076 07d5 B3020000 		.4byte	.LASF31
 1077 07d9 05       		.byte	0x5
 1078 07da 6F01     		.2byte	0x16f
 1079 07dc 22       		.byte	0x22
 1080 07dd 0F030000 		.4byte	0x30f
 1081 07e1 00       		.byte	0
 1082 07e2 0A       		.uleb128 0xa
 1083 07e3 39020000 		.4byte	.LASF112
ARM GAS  C:\Users\angio\AppData\Local\Temp\ccSeXO4x.s 			page 20


 1084 07e7 05       		.byte	0x5
 1085 07e8 7501     		.2byte	0x175
 1086 07ea 22       		.byte	0x22
 1087 07eb 7E050000 		.4byte	0x57e
 1088 07ef 04       		.byte	0x4
 1089 07f0 0A       		.uleb128 0xa
 1090 07f1 4D070000 		.4byte	.LASF113
 1091 07f5 05       		.byte	0x5
 1092 07f6 7901     		.2byte	0x179
 1093 07f8 22       		.byte	0x22
 1094 07f9 7E050000 		.4byte	0x57e
 1095 07fd 08       		.byte	0x8
 1096 07fe 0A       		.uleb128 0xa
 1097 07ff 61030000 		.4byte	.LASF114
 1098 0803 05       		.byte	0x5
 1099 0804 7F01     		.2byte	0x17f
 1100 0806 22       		.byte	0x22
 1101 0807 7E050000 		.4byte	0x57e
 1102 080b 0C       		.byte	0xc
 1103 080c 0A       		.uleb128 0xa
 1104 080d E6070000 		.4byte	.LASF115
 1105 0811 05       		.byte	0x5
 1106 0812 8301     		.2byte	0x183
 1107 0814 22       		.byte	0x22
 1108 0815 7E050000 		.4byte	0x57e
 1109 0819 10       		.byte	0x10
 1110 081a 00       		.byte	0
 1111 081b 14       		.uleb128 0x14
 1112 081c 69070000 		.4byte	.LASF116
 1113 0820 05       		.byte	0x5
 1114 0821 8501     		.2byte	0x185
 1115 0823 03       		.byte	0x3
 1116 0824 C6070000 		.4byte	0x7c6
 1117 0828 0D       		.uleb128 0xd
 1118 0829 1B080000 		.4byte	0x81b
 1119 082d 0C       		.uleb128 0xc
 1120 082e 04       		.byte	0x4
 1121 082f 28080000 		.4byte	0x828
 1122 0833 15       		.uleb128 0x15
 1123 0834 63683000 		.ascii	"ch0\000"
 1124 0838 0F       		.byte	0xf
 1125 0839 4101     		.2byte	0x141
 1126 083b 16       		.byte	0x16
 1127 083c 36020000 		.4byte	0x236
 1128 0840 04       		.uleb128 0x4
 1129 0841 1F050000 		.4byte	.LASF117
 1130 0845 0B       		.byte	0xb
 1131 0846 38       		.byte	0x38
 1132 0847 03       		.byte	0x3
 1133 0848 1F070000 		.4byte	0x71f
 1134 084c 04       		.uleb128 0x4
 1135 084d 49020000 		.4byte	.LASF118
 1136 0851 0C       		.byte	0xc
 1137 0852 34       		.byte	0x34
 1138 0853 19       		.byte	0x19
 1139 0854 4D070000 		.4byte	0x74d
 1140 0858 0C       		.uleb128 0xc
ARM GAS  C:\Users\angio\AppData\Local\Temp\ccSeXO4x.s 			page 21


 1141 0859 04       		.byte	0x4
 1142 085a 4C080000 		.4byte	0x84c
 1143 085e 03       		.uleb128 0x3
 1144 085f 01       		.byte	0x1
 1145 0860 02       		.byte	0x2
 1146 0861 A5040000 		.4byte	.LASF119
 1147 0865 16       		.uleb128 0x16
 1148 0866 E6000000 		.4byte	.LASF125
 1149 086a 0D       		.byte	0xd
 1150 086b 7302     		.2byte	0x273
 1151 086d 0B       		.byte	0xb
 1152 086e 75060000 		.4byte	0x675
 1153 0872 9E080000 		.4byte	0x89e
 1154 0876 17       		.uleb128 0x17
 1155 0877 6F697000 		.ascii	"oip\000"
 1156 087b 0D       		.byte	0xd
 1157 087c 7402     		.2byte	0x274
 1158 087e 12       		.byte	0x12
 1159 087f 88070000 		.4byte	0x788
 1160 0883 17       		.uleb128 0x17
 1161 0884 6F747000 		.ascii	"otp\000"
 1162 0888 0D       		.byte	0xd
 1163 0889 7502     		.2byte	0x275
 1164 088b 0D       		.byte	0xd
 1165 088c 75060000 		.4byte	0x675
 1166 0890 17       		.uleb128 0x17
 1167 0891 6E747000 		.ascii	"ntp\000"
 1168 0895 0D       		.byte	0xd
 1169 0896 7602     		.2byte	0x276
 1170 0898 0D       		.byte	0xd
 1171 0899 75060000 		.4byte	0x675
 1172 089d 00       		.byte	0
 1173 089e 18       		.uleb128 0x18
 1174 089f B4070000 		.4byte	.LASF120
 1175 08a3 0D       		.byte	0xd
 1176 08a4 5A02     		.2byte	0x25a
 1177 08a6 06       		.byte	0x6
 1178 08a7 C5080000 		.4byte	0x8c5
 1179 08ab 17       		.uleb128 0x17
 1180 08ac 6F697000 		.ascii	"oip\000"
 1181 08b0 0D       		.byte	0xd
 1182 08b1 5B02     		.2byte	0x25b
 1183 08b3 12       		.byte	0x12
 1184 08b4 88070000 		.4byte	0x788
 1185 08b8 17       		.uleb128 0x17
 1186 08b9 747000   		.ascii	"tp\000"
 1187 08bc 0D       		.byte	0xd
 1188 08bd 5C02     		.2byte	0x25c
 1189 08bf 0D       		.byte	0xd
 1190 08c0 75060000 		.4byte	0x675
 1191 08c4 00       		.byte	0
 1192 08c5 18       		.uleb128 0x18
 1193 08c6 D1010000 		.4byte	.LASF121
 1194 08ca 0D       		.byte	0xd
 1195 08cb 3802     		.2byte	0x238
 1196 08cd 06       		.byte	0x6
 1197 08ce 04090000 		.4byte	0x904
ARM GAS  C:\Users\angio\AppData\Local\Temp\ccSeXO4x.s 			page 22


 1198 08d2 17       		.uleb128 0x17
 1199 08d3 6F697000 		.ascii	"oip\000"
 1200 08d7 0D       		.byte	0xd
 1201 08d8 3902     		.2byte	0x239
 1202 08da 12       		.byte	0x12
 1203 08db 88070000 		.4byte	0x788
 1204 08df 17       		.uleb128 0x17
 1205 08e0 747000   		.ascii	"tp\000"
 1206 08e3 0D       		.byte	0xd
 1207 08e4 3A02     		.2byte	0x23a
 1208 08e6 0D       		.byte	0xd
 1209 08e7 75060000 		.4byte	0x675
 1210 08eb 17       		.uleb128 0x17
 1211 08ec 703100   		.ascii	"p1\000"
 1212 08ef 0D       		.byte	0xd
 1213 08f0 3B02     		.2byte	0x23b
 1214 08f2 0B       		.byte	0xb
 1215 08f3 0B010000 		.4byte	0x10b
 1216 08f7 17       		.uleb128 0x17
 1217 08f8 703200   		.ascii	"p2\000"
 1218 08fb 0D       		.byte	0xd
 1219 08fc 3C02     		.2byte	0x23c
 1220 08fe 0B       		.byte	0xb
 1221 08ff 0B010000 		.4byte	0x10b
 1222 0903 00       		.byte	0
 1223 0904 18       		.uleb128 0x18
 1224 0905 16070000 		.4byte	.LASF122
 1225 0909 0D       		.byte	0xd
 1226 090a 0502     		.2byte	0x205
 1227 090c 06       		.byte	0x6
 1228 090d 55090000 		.4byte	0x955
 1229 0911 17       		.uleb128 0x17
 1230 0912 6F697000 		.ascii	"oip\000"
 1231 0916 0D       		.byte	0xd
 1232 0917 0602     		.2byte	0x206
 1233 0919 12       		.byte	0x12
 1234 091a 88070000 		.4byte	0x788
 1235 091e 17       		.uleb128 0x17
 1236 091f 6F747000 		.ascii	"otp\000"
 1237 0923 0D       		.byte	0xd
 1238 0924 0702     		.2byte	0x207
 1239 0926 0D       		.byte	0xd
 1240 0927 75060000 		.4byte	0x675
 1241 092b 17       		.uleb128 0x17
 1242 092c 6E747000 		.ascii	"ntp\000"
 1243 0930 0D       		.byte	0xd
 1244 0931 0802     		.2byte	0x208
 1245 0933 0D       		.byte	0xd
 1246 0934 75060000 		.4byte	0x675
 1247 0938 19       		.uleb128 0x19
 1248 0939 1A       		.uleb128 0x1a
 1249 093a 65040000 		.4byte	.LASF123
 1250 093e 0D       		.byte	0xd
 1251 093f 2C02     		.2byte	0x22c
 1252 0941 03       		.byte	0x3
 1253 0942 75060000 		.4byte	0x675
 1254 0946 1A       		.uleb128 0x1a
ARM GAS  C:\Users\angio\AppData\Local\Temp\ccSeXO4x.s 			page 23


 1255 0947 E6020000 		.4byte	.LASF124
 1256 094b 0D       		.byte	0xd
 1257 094c 2C02     		.2byte	0x22c
 1258 094e 03       		.byte	0x3
 1259 094f 75060000 		.4byte	0x675
 1260 0953 00       		.byte	0
 1261 0954 00       		.byte	0
 1262 0955 16       		.uleb128 0x16
 1263 0956 E1060000 		.4byte	.LASF126
 1264 095a 0D       		.byte	0xd
 1265 095b E501     		.2byte	0x1e5
 1266 095d 06       		.byte	0x6
 1267 095e 5E080000 		.4byte	0x85e
 1268 0962 98090000 		.4byte	0x998
 1269 0966 17       		.uleb128 0x17
 1270 0967 6F697000 		.ascii	"oip\000"
 1271 096b 0D       		.byte	0xd
 1272 096c E601     		.2byte	0x1e6
 1273 096e 12       		.byte	0x12
 1274 096f 88070000 		.4byte	0x788
 1275 0973 17       		.uleb128 0x17
 1276 0974 747000   		.ascii	"tp\000"
 1277 0977 0D       		.byte	0xd
 1278 0978 E701     		.2byte	0x1e7
 1279 097a 0D       		.byte	0xd
 1280 097b 75060000 		.4byte	0x675
 1281 097f 17       		.uleb128 0x17
 1282 0980 703100   		.ascii	"p1\000"
 1283 0983 0D       		.byte	0xd
 1284 0984 E901     		.2byte	0x1e9
 1285 0986 0B       		.byte	0xb
 1286 0987 0B010000 		.4byte	0x10b
 1287 098b 17       		.uleb128 0x17
 1288 098c 703200   		.ascii	"p2\000"
 1289 098f 0D       		.byte	0xd
 1290 0990 EA01     		.2byte	0x1ea
 1291 0992 0B       		.byte	0xb
 1292 0993 0B010000 		.4byte	0x10b
 1293 0997 00       		.byte	0
 1294 0998 18       		.uleb128 0x18
 1295 0999 12040000 		.4byte	.LASF127
 1296 099d 0D       		.byte	0xd
 1297 099e CA01     		.2byte	0x1ca
 1298 09a0 06       		.byte	0x6
 1299 09a1 BF090000 		.4byte	0x9bf
 1300 09a5 17       		.uleb128 0x17
 1301 09a6 6F697000 		.ascii	"oip\000"
 1302 09aa 0D       		.byte	0xd
 1303 09ab CB01     		.2byte	0x1cb
 1304 09ad 12       		.byte	0x12
 1305 09ae 88070000 		.4byte	0x788
 1306 09b2 17       		.uleb128 0x17
 1307 09b3 747000   		.ascii	"tp\000"
 1308 09b6 0D       		.byte	0xd
 1309 09b7 CC01     		.2byte	0x1cc
 1310 09b9 0D       		.byte	0xd
 1311 09ba 75060000 		.4byte	0x675
ARM GAS  C:\Users\angio\AppData\Local\Temp\ccSeXO4x.s 			page 24


 1312 09be 00       		.byte	0
 1313 09bf 18       		.uleb128 0x18
 1314 09c0 5C070000 		.4byte	.LASF128
 1315 09c4 0D       		.byte	0xd
 1316 09c5 8D01     		.2byte	0x18d
 1317 09c7 06       		.byte	0x6
 1318 09c8 260A0000 		.4byte	0xa26
 1319 09cc 1B       		.uleb128 0x1b
 1320 09cd 6E747000 		.ascii	"ntp\000"
 1321 09d1 0D       		.byte	0xd
 1322 09d2 8D01     		.2byte	0x18d
 1323 09d4 1D       		.byte	0x1d
 1324 09d5 75060000 		.4byte	0x675
 1325 09d9 1B       		.uleb128 0x1b
 1326 09da 6D736700 		.ascii	"msg\000"
 1327 09de 0D       		.byte	0xd
 1328 09df 8D01     		.2byte	0x18d
 1329 09e1 28       		.byte	0x28
 1330 09e2 17010000 		.4byte	0x117
 1331 09e6 17       		.uleb128 0x17
 1332 09e7 6F697000 		.ascii	"oip\000"
 1333 09eb 0D       		.byte	0xd
 1334 09ec 8E01     		.2byte	0x18e
 1335 09ee 12       		.byte	0x12
 1336 09ef 88070000 		.4byte	0x788
 1337 09f3 17       		.uleb128 0x17
 1338 09f4 6F747000 		.ascii	"otp\000"
 1339 09f8 0D       		.byte	0xd
 1340 09f9 8F01     		.2byte	0x18f
 1341 09fb 0D       		.byte	0xd
 1342 09fc 75060000 		.4byte	0x675
 1343 0a00 1C       		.uleb128 0x1c
 1344 0a01 09050000 		.4byte	.LASF133
 1345 0a05 360A0000 		.4byte	0xa36
 1346 0a09 19       		.uleb128 0x19
 1347 0a0a 1A       		.uleb128 0x1a
 1348 0a0b 65040000 		.4byte	.LASF123
 1349 0a0f 0D       		.byte	0xd
 1350 0a10 BD01     		.2byte	0x1bd
 1351 0a12 05       		.byte	0x5
 1352 0a13 75060000 		.4byte	0x675
 1353 0a17 1A       		.uleb128 0x1a
 1354 0a18 E6020000 		.4byte	.LASF124
 1355 0a1c 0D       		.byte	0xd
 1356 0a1d BD01     		.2byte	0x1bd
 1357 0a1f 05       		.byte	0x5
 1358 0a20 75060000 		.4byte	0x675
 1359 0a24 00       		.byte	0
 1360 0a25 00       		.byte	0
 1361 0a26 1D       		.uleb128 0x1d
 1362 0a27 21030000 		.4byte	0x321
 1363 0a2b 360A0000 		.4byte	0xa36
 1364 0a2f 1E       		.uleb128 0x1e
 1365 0a30 24000000 		.4byte	0x24
 1366 0a34 0C       		.byte	0xc
 1367 0a35 00       		.byte	0
 1368 0a36 0D       		.uleb128 0xd
ARM GAS  C:\Users\angio\AppData\Local\Temp\ccSeXO4x.s 			page 25


 1369 0a37 260A0000 		.4byte	0xa26
 1370 0a3b 16       		.uleb128 0x16
 1371 0a3c C2070000 		.4byte	.LASF129
 1372 0a40 0D       		.byte	0xd
 1373 0a41 6701     		.2byte	0x167
 1374 0a43 07       		.byte	0x7
 1375 0a44 17010000 		.4byte	0x117
 1376 0a48 810A0000 		.4byte	0xa81
 1377 0a4c 1F       		.uleb128 0x1f
 1378 0a4d C1040000 		.4byte	.LASF130
 1379 0a51 0D       		.byte	0xd
 1380 0a52 6701     		.2byte	0x167
 1381 0a54 25       		.byte	0x25
 1382 0a55 F3000000 		.4byte	0xf3
 1383 0a59 1F       		.uleb128 0x1f
 1384 0a5a AB020000 		.4byte	.LASF131
 1385 0a5e 0D       		.byte	0xd
 1386 0a5f 6701     		.2byte	0x167
 1387 0a61 3D       		.byte	0x3d
 1388 0a62 3E030000 		.4byte	0x33e
 1389 0a66 17       		.uleb128 0x17
 1390 0a67 747000   		.ascii	"tp\000"
 1391 0a6a 0D       		.byte	0xd
 1392 0a6b 6801     		.2byte	0x168
 1393 0a6d 0D       		.byte	0xd
 1394 0a6e 75060000 		.4byte	0x675
 1395 0a72 19       		.uleb128 0x19
 1396 0a73 17       		.uleb128 0x17
 1397 0a74 767400   		.ascii	"vt\000"
 1398 0a77 0D       		.byte	0xd
 1399 0a78 6D01     		.2byte	0x16d
 1400 0a7a 15       		.byte	0x15
 1401 0a7b 86050000 		.4byte	0x586
 1402 0a7f 00       		.byte	0
 1403 0a80 00       		.byte	0
 1404 0a81 18       		.uleb128 0x18
 1405 0a82 49050000 		.4byte	.LASF132
 1406 0a86 0D       		.byte	0xd
 1407 0a87 3101     		.2byte	0x131
 1408 0a89 06       		.byte	0x6
 1409 0a8a E80A0000 		.4byte	0xae8
 1410 0a8e 1F       		.uleb128 0x1f
 1411 0a8f C1040000 		.4byte	.LASF130
 1412 0a93 0D       		.byte	0xd
 1413 0a94 3101     		.2byte	0x131
 1414 0a96 1D       		.byte	0x1d
 1415 0a97 F3000000 		.4byte	0xf3
 1416 0a9b 17       		.uleb128 0x17
 1417 0a9c 6F697000 		.ascii	"oip\000"
 1418 0aa0 0D       		.byte	0xd
 1419 0aa1 3201     		.2byte	0x132
 1420 0aa3 12       		.byte	0x12
 1421 0aa4 88070000 		.4byte	0x788
 1422 0aa8 17       		.uleb128 0x17
 1423 0aa9 6F747000 		.ascii	"otp\000"
 1424 0aad 0D       		.byte	0xd
 1425 0aae 3301     		.2byte	0x133
ARM GAS  C:\Users\angio\AppData\Local\Temp\ccSeXO4x.s 			page 26


 1426 0ab0 0D       		.byte	0xd
 1427 0ab1 75060000 		.4byte	0x675
 1428 0ab5 17       		.uleb128 0x17
 1429 0ab6 6E747000 		.ascii	"ntp\000"
 1430 0aba 0D       		.byte	0xd
 1431 0abb 3401     		.2byte	0x134
 1432 0abd 0D       		.byte	0xd
 1433 0abe 75060000 		.4byte	0x675
 1434 0ac2 1C       		.uleb128 0x1c
 1435 0ac3 09050000 		.4byte	.LASF133
 1436 0ac7 F80A0000 		.4byte	0xaf8
 1437 0acb 19       		.uleb128 0x19
 1438 0acc 1A       		.uleb128 0x1a
 1439 0acd 65040000 		.4byte	.LASF123
 1440 0ad1 0D       		.byte	0xd
 1441 0ad2 4F01     		.2byte	0x14f
 1442 0ad4 03       		.byte	0x3
 1443 0ad5 75060000 		.4byte	0x675
 1444 0ad9 1A       		.uleb128 0x1a
 1445 0ada E6020000 		.4byte	.LASF124
 1446 0ade 0D       		.byte	0xd
 1447 0adf 4F01     		.2byte	0x14f
 1448 0ae1 03       		.byte	0x3
 1449 0ae2 75060000 		.4byte	0x675
 1450 0ae6 00       		.byte	0
 1451 0ae7 00       		.byte	0
 1452 0ae8 1D       		.uleb128 0x1d
 1453 0ae9 21030000 		.4byte	0x321
 1454 0aed F80A0000 		.4byte	0xaf8
 1455 0af1 1E       		.uleb128 0x1e
 1456 0af2 24000000 		.4byte	0x24
 1457 0af6 0D       		.byte	0xd
 1458 0af7 00       		.byte	0
 1459 0af8 0D       		.uleb128 0xd
 1460 0af9 E80A0000 		.4byte	0xae8
 1461 0afd 16       		.uleb128 0x16
 1462 0afe 72050000 		.4byte	.LASF134
 1463 0b02 0D       		.byte	0xd
 1464 0b03 1801     		.2byte	0x118
 1465 0b05 0B       		.byte	0xb
 1466 0b06 75060000 		.4byte	0x675
 1467 0b0a 240B0000 		.4byte	0xb24
 1468 0b0e 1B       		.uleb128 0x1b
 1469 0b0f 747000   		.ascii	"tp\000"
 1470 0b12 0D       		.byte	0xd
 1471 0b13 1801     		.2byte	0x118
 1472 0b15 21       		.byte	0x21
 1473 0b16 75060000 		.4byte	0x675
 1474 0b1a 1C       		.uleb128 0x1c
 1475 0b1b 09050000 		.4byte	.LASF133
 1476 0b1f 340B0000 		.4byte	0xb34
 1477 0b23 00       		.byte	0
 1478 0b24 1D       		.uleb128 0x1d
 1479 0b25 21030000 		.4byte	0x321
 1480 0b29 340B0000 		.4byte	0xb34
 1481 0b2d 1E       		.uleb128 0x1e
 1482 0b2e 24000000 		.4byte	0x24
ARM GAS  C:\Users\angio\AppData\Local\Temp\ccSeXO4x.s 			page 27


 1483 0b32 0B       		.byte	0xb
 1484 0b33 00       		.byte	0
 1485 0b34 0D       		.uleb128 0xd
 1486 0b35 240B0000 		.4byte	0xb24
 1487 0b39 20       		.uleb128 0x20
 1488 0b3a 2C020000 		.4byte	.LASF135
 1489 0b3e 0D       		.byte	0xd
 1490 0b3f BC       		.byte	0xbc
 1491 0b40 0D       		.byte	0xd
 1492 0b41 670B0000 		.4byte	0xb67
 1493 0b45 21       		.uleb128 0x21
 1494 0b46 76747000 		.ascii	"vtp\000"
 1495 0b4a 0D       		.byte	0xd
 1496 0b4b BC       		.byte	0xbc
 1497 0b4c 2B       		.byte	0x2b
 1498 0b4d FB050000 		.4byte	0x5fb
 1499 0b51 21       		.uleb128 0x21
 1500 0b52 7000     		.ascii	"p\000"
 1501 0b54 0D       		.byte	0xd
 1502 0b55 BC       		.byte	0xbc
 1503 0b56 36       		.byte	0x36
 1504 0b57 84050000 		.4byte	0x584
 1505 0b5b 22       		.uleb128 0x22
 1506 0b5c 747000   		.ascii	"tp\000"
 1507 0b5f 0D       		.byte	0xd
 1508 0b60 BD       		.byte	0xbd
 1509 0b61 0D       		.byte	0xd
 1510 0b62 75060000 		.4byte	0x675
 1511 0b66 00       		.byte	0
 1512 0b67 20       		.uleb128 0x20
 1513 0b68 42010000 		.4byte	.LASF136
 1514 0b6c 0D       		.byte	0xd
 1515 0b6d A3       		.byte	0xa3
 1516 0b6e 0D       		.byte	0xd
 1517 0b6f B20B0000 		.4byte	0xbb2
 1518 0b73 22       		.uleb128 0x22
 1519 0b74 6F697000 		.ascii	"oip\000"
 1520 0b78 0D       		.byte	0xd
 1521 0b79 A4       		.byte	0xa4
 1522 0b7a 12       		.byte	0x12
 1523 0b7b 88070000 		.4byte	0x788
 1524 0b7f 22       		.uleb128 0x22
 1525 0b80 6F747000 		.ascii	"otp\000"
 1526 0b84 0D       		.byte	0xd
 1527 0b85 A5       		.byte	0xa5
 1528 0b86 0D       		.byte	0xd
 1529 0b87 75060000 		.4byte	0x675
 1530 0b8b 22       		.uleb128 0x22
 1531 0b8c 6E747000 		.ascii	"ntp\000"
 1532 0b90 0D       		.byte	0xd
 1533 0b91 A6       		.byte	0xa6
 1534 0b92 0D       		.byte	0xd
 1535 0b93 75060000 		.4byte	0x675
 1536 0b97 19       		.uleb128 0x19
 1537 0b98 23       		.uleb128 0x23
 1538 0b99 65040000 		.4byte	.LASF123
 1539 0b9d 0D       		.byte	0xd
ARM GAS  C:\Users\angio\AppData\Local\Temp\ccSeXO4x.s 			page 28


 1540 0b9e B6       		.byte	0xb6
 1541 0b9f 03       		.byte	0x3
 1542 0ba0 75060000 		.4byte	0x675
 1543 0ba4 23       		.uleb128 0x23
 1544 0ba5 E6020000 		.4byte	.LASF124
 1545 0ba9 0D       		.byte	0xd
 1546 0baa B6       		.byte	0xb6
 1547 0bab 03       		.byte	0x3
 1548 0bac 75060000 		.4byte	0x675
 1549 0bb0 00       		.byte	0
 1550 0bb1 00       		.byte	0
 1551 0bb2 20       		.uleb128 0x20
 1552 0bb3 2B030000 		.4byte	.LASF137
 1553 0bb7 0D       		.byte	0xd
 1554 0bb8 7F       		.byte	0x7f
 1555 0bb9 0D       		.byte	0xd
 1556 0bba FD0B0000 		.4byte	0xbfd
 1557 0bbe 22       		.uleb128 0x22
 1558 0bbf 6F697000 		.ascii	"oip\000"
 1559 0bc3 0D       		.byte	0xd
 1560 0bc4 80       		.byte	0x80
 1561 0bc5 12       		.byte	0x12
 1562 0bc6 88070000 		.4byte	0x788
 1563 0bca 22       		.uleb128 0x22
 1564 0bcb 6F747000 		.ascii	"otp\000"
 1565 0bcf 0D       		.byte	0xd
 1566 0bd0 81       		.byte	0x81
 1567 0bd1 0D       		.byte	0xd
 1568 0bd2 75060000 		.4byte	0x675
 1569 0bd6 22       		.uleb128 0x22
 1570 0bd7 6E747000 		.ascii	"ntp\000"
 1571 0bdb 0D       		.byte	0xd
 1572 0bdc 82       		.byte	0x82
 1573 0bdd 0D       		.byte	0xd
 1574 0bde 75060000 		.4byte	0x675
 1575 0be2 19       		.uleb128 0x19
 1576 0be3 23       		.uleb128 0x23
 1577 0be4 65040000 		.4byte	.LASF123
 1578 0be8 0D       		.byte	0xd
 1579 0be9 97       		.byte	0x97
 1580 0bea 03       		.byte	0x3
 1581 0beb 75060000 		.4byte	0x675
 1582 0bef 23       		.uleb128 0x23
 1583 0bf0 E6020000 		.4byte	.LASF124
 1584 0bf4 0D       		.byte	0xd
 1585 0bf5 97       		.byte	0x97
 1586 0bf6 03       		.byte	0x3
 1587 0bf7 75060000 		.4byte	0x675
 1588 0bfb 00       		.byte	0
 1589 0bfc 00       		.byte	0
 1590 0bfd 24       		.uleb128 0x24
 1591 0bfe F8030000 		.4byte	.LASF138
 1592 0c02 0D       		.byte	0xd
 1593 0c03 64       		.byte	0x64
 1594 0c04 12       		.byte	0x12
 1595 0c05 75060000 		.4byte	0x675
 1596 0c09 220C0000 		.4byte	0xc22
ARM GAS  C:\Users\angio\AppData\Local\Temp\ccSeXO4x.s 			page 29


 1597 0c0d 21       		.uleb128 0x21
 1598 0c0e 747000   		.ascii	"tp\000"
 1599 0c11 0D       		.byte	0xd
 1600 0c12 64       		.byte	0x64
 1601 0c13 2E       		.byte	0x2e
 1602 0c14 75060000 		.4byte	0x675
 1603 0c18 1C       		.uleb128 0x1c
 1604 0c19 09050000 		.4byte	.LASF133
 1605 0c1d 320C0000 		.4byte	0xc32
 1606 0c21 00       		.byte	0
 1607 0c22 1D       		.uleb128 0x1d
 1608 0c23 21030000 		.4byte	0x321
 1609 0c27 320C0000 		.4byte	0xc32
 1610 0c2b 1E       		.uleb128 0x1e
 1611 0c2c 24000000 		.4byte	0x24
 1612 0c30 11       		.byte	0x11
 1613 0c31 00       		.byte	0
 1614 0c32 0D       		.uleb128 0xd
 1615 0c33 220C0000 		.4byte	0xc22
 1616 0c37 24       		.uleb128 0x24
 1617 0c38 4E030000 		.4byte	.LASF139
 1618 0c3c 0D       		.byte	0xd
 1619 0c3d 43       		.byte	0x43
 1620 0c3e 12       		.byte	0x12
 1621 0c3f 75060000 		.4byte	0x675
 1622 0c43 5C0C0000 		.4byte	0xc5c
 1623 0c47 21       		.uleb128 0x21
 1624 0c48 747000   		.ascii	"tp\000"
 1625 0c4b 0D       		.byte	0xd
 1626 0c4c 43       		.byte	0x43
 1627 0c4d 2F       		.byte	0x2f
 1628 0c4e 75060000 		.4byte	0x675
 1629 0c52 1C       		.uleb128 0x1c
 1630 0c53 09050000 		.4byte	.LASF133
 1631 0c57 6C0C0000 		.4byte	0xc6c
 1632 0c5b 00       		.byte	0
 1633 0c5c 1D       		.uleb128 0x1d
 1634 0c5d 21030000 		.4byte	0x321
 1635 0c61 6C0C0000 		.4byte	0xc6c
 1636 0c65 1E       		.uleb128 0x1e
 1637 0c66 24000000 		.4byte	0x24
 1638 0c6a 12       		.byte	0x12
 1639 0c6b 00       		.byte	0
 1640 0c6c 0D       		.uleb128 0xd
 1641 0c6d 5C0C0000 		.4byte	0xc5c
 1642 0c71 20       		.uleb128 0x20
 1643 0c72 E9040000 		.4byte	.LASF140
 1644 0c76 0B       		.byte	0xb
 1645 0c77 AE       		.byte	0xae
 1646 0c78 14       		.byte	0x14
 1647 0c79 890C0000 		.4byte	0xc89
 1648 0c7d 21       		.uleb128 0x21
 1649 0c7e 737000   		.ascii	"sp\000"
 1650 0c81 0B       		.byte	0xb
 1651 0c82 AE       		.byte	0xae
 1652 0c83 32       		.byte	0x32
 1653 0c84 890C0000 		.4byte	0xc89
ARM GAS  C:\Users\angio\AppData\Local\Temp\ccSeXO4x.s 			page 30


 1654 0c88 00       		.byte	0
 1655 0c89 0C       		.uleb128 0xc
 1656 0c8a 04       		.byte	0x4
 1657 0c8b 40080000 		.4byte	0x840
 1658 0c8f 24       		.uleb128 0x24
 1659 0c90 12050000 		.4byte	.LASF141
 1660 0c94 0E       		.byte	0xe
 1661 0c95 F8       		.byte	0xf8
 1662 0c96 14       		.byte	0x14
 1663 0c97 5E080000 		.4byte	0x85e
 1664 0c9b AC0C0000 		.4byte	0xcac
 1665 0c9f 21       		.uleb128 0x21
 1666 0ca0 76747000 		.ascii	"vtp\000"
 1667 0ca4 0E       		.byte	0xe
 1668 0ca5 F8       		.byte	0xf8
 1669 0ca6 38       		.byte	0x38
 1670 0ca7 AC0C0000 		.4byte	0xcac
 1671 0cab 00       		.byte	0
 1672 0cac 0C       		.uleb128 0xc
 1673 0cad 04       		.byte	0x4
 1674 0cae 92050000 		.4byte	0x592
 1675 0cb2 25       		.uleb128 0x25
 1676 0cb3 82040000 		.4byte	.LASF142
 1677 0cb7 0F       		.byte	0xf
 1678 0cb8 D901     		.2byte	0x1d9
 1679 0cba 14       		.byte	0x14
 1680 0cbb 25       		.uleb128 0x25
 1681 0cbc A3070000 		.4byte	.LASF143
 1682 0cc0 0F       		.byte	0xf
 1683 0cc1 C301     		.2byte	0x1c3
 1684 0cc3 14       		.byte	0x14
 1685 0cc4 25       		.uleb128 0x25
 1686 0cc5 7C060000 		.4byte	.LASF144
 1687 0cc9 0A       		.byte	0xa
 1688 0cca 3503     		.2byte	0x335
 1689 0ccc 1B       		.byte	0x1b
 1690 0ccd 25       		.uleb128 0x25
 1691 0cce 3A070000 		.4byte	.LASF145
 1692 0cd2 0A       		.byte	0xa
 1693 0cd3 2A03     		.2byte	0x32a
 1694 0cd5 1B       		.byte	0x1b
 1695 0cd6 25       		.uleb128 0x25
 1696 0cd7 A4010000 		.4byte	.LASF146
 1697 0cdb 0A       		.byte	0xa
 1698 0cdc 1F03     		.2byte	0x31f
 1699 0cde 1B       		.byte	0x1b
 1700 0cdf 25       		.uleb128 0x25
 1701 0ce0 DC070000 		.4byte	.LASF147
 1702 0ce4 0A       		.byte	0xa
 1703 0ce5 0B03     		.2byte	0x30b
 1704 0ce7 1B       		.byte	0x1b
 1705 0ce8 26       		.uleb128 0x26
 1706 0ce9 B3060000 		.4byte	.LASF148
 1707 0ced 10       		.byte	0x10
 1708 0cee EB01     		.2byte	0x1eb
 1709 0cf0 1B       		.byte	0x1b
 1710 0cf1 030D0000 		.4byte	0xd03
ARM GAS  C:\Users\angio\AppData\Local\Temp\ccSeXO4x.s 			page 31


 1711 0cf5 1F       		.uleb128 0x1f
 1712 0cf6 87070000 		.4byte	.LASF149
 1713 0cfa 10       		.byte	0x10
 1714 0cfb EB01     		.2byte	0x1eb
 1715 0cfd 32       		.byte	0x32
 1716 0cfe B2000000 		.4byte	0xb2
 1717 0d02 00       		.byte	0
 1718 0d03 27       		.uleb128 0x27
 1719 0d04 0D030000 		.4byte	.LASF150
 1720 0d08 09       		.byte	0x9
 1721 0d09 9201     		.2byte	0x192
 1722 0d0b 24       		.byte	0x24
 1723 0d0c F2030000 		.4byte	0x3f2
 1724 0d10 2D0D0000 		.4byte	0xd2d
 1725 0d14 1B       		.uleb128 0x1b
 1726 0d15 70717000 		.ascii	"pqp\000"
 1727 0d19 09       		.byte	0x9
 1728 0d1a 9201     		.2byte	0x192
 1729 0d1c 50       		.byte	0x50
 1730 0d1d F2030000 		.4byte	0x3f2
 1731 0d21 1B       		.uleb128 0x1b
 1732 0d22 7000     		.ascii	"p\000"
 1733 0d24 09       		.byte	0x9
 1734 0d25 9301     		.2byte	0x193
 1735 0d27 50       		.byte	0x50
 1736 0d28 F2030000 		.4byte	0x3f2
 1737 0d2c 00       		.byte	0
 1738 0d2d 27       		.uleb128 0x27
 1739 0d2e 71000000 		.4byte	.LASF151
 1740 0d32 09       		.byte	0x9
 1741 0d33 7501     		.2byte	0x175
 1742 0d35 24       		.byte	0x24
 1743 0d36 F2030000 		.4byte	0x3f2
 1744 0d3a 570D0000 		.4byte	0xd57
 1745 0d3e 1B       		.uleb128 0x1b
 1746 0d3f 70717000 		.ascii	"pqp\000"
 1747 0d43 09       		.byte	0x9
 1748 0d44 7501     		.2byte	0x175
 1749 0d46 51       		.byte	0x51
 1750 0d47 F2030000 		.4byte	0x3f2
 1751 0d4b 1B       		.uleb128 0x1b
 1752 0d4c 7000     		.ascii	"p\000"
 1753 0d4e 09       		.byte	0x9
 1754 0d4f 7601     		.2byte	0x176
 1755 0d51 51       		.byte	0x51
 1756 0d52 F2030000 		.4byte	0x3f2
 1757 0d56 00       		.byte	0
 1758 0d57 27       		.uleb128 0x27
 1759 0d58 FC000000 		.4byte	.LASF152
 1760 0d5c 09       		.byte	0x9
 1761 0d5d 6001     		.2byte	0x160
 1762 0d5f 24       		.byte	0x24
 1763 0d60 F2030000 		.4byte	0x3f2
 1764 0d64 810D0000 		.4byte	0xd81
 1765 0d68 1B       		.uleb128 0x1b
 1766 0d69 70717000 		.ascii	"pqp\000"
 1767 0d6d 09       		.byte	0x9
ARM GAS  C:\Users\angio\AppData\Local\Temp\ccSeXO4x.s 			page 32


 1768 0d6e 6001     		.2byte	0x160
 1769 0d70 52       		.byte	0x52
 1770 0d71 F2030000 		.4byte	0x3f2
 1771 0d75 17       		.uleb128 0x17
 1772 0d76 7000     		.ascii	"p\000"
 1773 0d78 09       		.byte	0x9
 1774 0d79 6101     		.2byte	0x161
 1775 0d7b 18       		.byte	0x18
 1776 0d7c F2030000 		.4byte	0x3f2
 1777 0d80 00       		.byte	0
 1778 0d81 28       		.uleb128 0x28
 1779 0d82 58000000 		.4byte	.LASF153
 1780 0d86 09       		.byte	0x9
 1781 0d87 3E01     		.2byte	0x13e
 1782 0d89 1B       		.byte	0x1b
 1783 0d8a AB030000 		.4byte	0x3ab
 1784 0d8e 1B       		.uleb128 0x1b
 1785 0d8f 7000     		.ascii	"p\000"
 1786 0d91 09       		.byte	0x9
 1787 0d92 3E01     		.2byte	0x13e
 1788 0d94 38       		.byte	0x38
 1789 0d95 AB030000 		.4byte	0x3ab
 1790 0d99 00       		.byte	0
 1791 0d9a 00       		.byte	0
 1792              		.section	.gnu.debuglto_.debug_abbrev,"e",%progbits
 1793              	.Ldebug_abbrev0:
 1794 0000 01       		.uleb128 0x1
 1795 0001 11       		.uleb128 0x11
 1796 0002 01       		.byte	0x1
 1797 0003 25       		.uleb128 0x25
 1798 0004 0E       		.uleb128 0xe
 1799 0005 13       		.uleb128 0x13
 1800 0006 0B       		.uleb128 0xb
 1801 0007 03       		.uleb128 0x3
 1802 0008 0E       		.uleb128 0xe
 1803 0009 1B       		.uleb128 0x1b
 1804 000a 0E       		.uleb128 0xe
 1805 000b 10       		.uleb128 0x10
 1806 000c 17       		.uleb128 0x17
 1807 000d 00       		.byte	0
 1808 000e 00       		.byte	0
 1809 000f 02       		.uleb128 0x2
 1810 0010 24       		.uleb128 0x24
 1811 0011 00       		.byte	0
 1812 0012 0B       		.uleb128 0xb
 1813 0013 0B       		.uleb128 0xb
 1814 0014 3E       		.uleb128 0x3e
 1815 0015 0B       		.uleb128 0xb
 1816 0016 03       		.uleb128 0x3
 1817 0017 08       		.uleb128 0x8
 1818 0018 00       		.byte	0
 1819 0019 00       		.byte	0
 1820 001a 03       		.uleb128 0x3
 1821 001b 24       		.uleb128 0x24
 1822 001c 00       		.byte	0
 1823 001d 0B       		.uleb128 0xb
 1824 001e 0B       		.uleb128 0xb
ARM GAS  C:\Users\angio\AppData\Local\Temp\ccSeXO4x.s 			page 33


 1825 001f 3E       		.uleb128 0x3e
 1826 0020 0B       		.uleb128 0xb
 1827 0021 03       		.uleb128 0x3
 1828 0022 0E       		.uleb128 0xe
 1829 0023 00       		.byte	0
 1830 0024 00       		.byte	0
 1831 0025 04       		.uleb128 0x4
 1832 0026 16       		.uleb128 0x16
 1833 0027 00       		.byte	0
 1834 0028 03       		.uleb128 0x3
 1835 0029 0E       		.uleb128 0xe
 1836 002a 3A       		.uleb128 0x3a
 1837 002b 0B       		.uleb128 0xb
 1838 002c 3B       		.uleb128 0x3b
 1839 002d 0B       		.uleb128 0xb
 1840 002e 39       		.uleb128 0x39
 1841 002f 0B       		.uleb128 0xb
 1842 0030 49       		.uleb128 0x49
 1843 0031 13       		.uleb128 0x13
 1844 0032 00       		.byte	0
 1845 0033 00       		.byte	0
 1846 0034 05       		.uleb128 0x5
 1847 0035 35       		.uleb128 0x35
 1848 0036 00       		.byte	0
 1849 0037 49       		.uleb128 0x49
 1850 0038 13       		.uleb128 0x13
 1851 0039 00       		.byte	0
 1852 003a 00       		.byte	0
 1853 003b 06       		.uleb128 0x6
 1854 003c 13       		.uleb128 0x13
 1855 003d 01       		.byte	0x1
 1856 003e 03       		.uleb128 0x3
 1857 003f 0E       		.uleb128 0xe
 1858 0040 0B       		.uleb128 0xb
 1859 0041 0B       		.uleb128 0xb
 1860 0042 3A       		.uleb128 0x3a
 1861 0043 0B       		.uleb128 0xb
 1862 0044 3B       		.uleb128 0x3b
 1863 0045 0B       		.uleb128 0xb
 1864 0046 39       		.uleb128 0x39
 1865 0047 0B       		.uleb128 0xb
 1866 0048 01       		.uleb128 0x1
 1867 0049 13       		.uleb128 0x13
 1868 004a 00       		.byte	0
 1869 004b 00       		.byte	0
 1870 004c 07       		.uleb128 0x7
 1871 004d 0D       		.uleb128 0xd
 1872 004e 00       		.byte	0
 1873 004f 03       		.uleb128 0x3
 1874 0050 08       		.uleb128 0x8
 1875 0051 3A       		.uleb128 0x3a
 1876 0052 0B       		.uleb128 0xb
 1877 0053 3B       		.uleb128 0x3b
 1878 0054 0B       		.uleb128 0xb
 1879 0055 39       		.uleb128 0x39
 1880 0056 0B       		.uleb128 0xb
 1881 0057 49       		.uleb128 0x49
ARM GAS  C:\Users\angio\AppData\Local\Temp\ccSeXO4x.s 			page 34


 1882 0058 13       		.uleb128 0x13
 1883 0059 38       		.uleb128 0x38
 1884 005a 0B       		.uleb128 0xb
 1885 005b 00       		.byte	0
 1886 005c 00       		.byte	0
 1887 005d 08       		.uleb128 0x8
 1888 005e 0D       		.uleb128 0xd
 1889 005f 00       		.byte	0
 1890 0060 03       		.uleb128 0x3
 1891 0061 0E       		.uleb128 0xe
 1892 0062 3A       		.uleb128 0x3a
 1893 0063 0B       		.uleb128 0xb
 1894 0064 3B       		.uleb128 0x3b
 1895 0065 0B       		.uleb128 0xb
 1896 0066 39       		.uleb128 0x39
 1897 0067 0B       		.uleb128 0xb
 1898 0068 49       		.uleb128 0x49
 1899 0069 13       		.uleb128 0x13
 1900 006a 38       		.uleb128 0x38
 1901 006b 0B       		.uleb128 0xb
 1902 006c 00       		.byte	0
 1903 006d 00       		.byte	0
 1904 006e 09       		.uleb128 0x9
 1905 006f 0D       		.uleb128 0xd
 1906 0070 00       		.byte	0
 1907 0071 03       		.uleb128 0x3
 1908 0072 08       		.uleb128 0x8
 1909 0073 3A       		.uleb128 0x3a
 1910 0074 0B       		.uleb128 0xb
 1911 0075 3B       		.uleb128 0x3b
 1912 0076 05       		.uleb128 0x5
 1913 0077 39       		.uleb128 0x39
 1914 0078 0B       		.uleb128 0xb
 1915 0079 49       		.uleb128 0x49
 1916 007a 13       		.uleb128 0x13
 1917 007b 38       		.uleb128 0x38
 1918 007c 0B       		.uleb128 0xb
 1919 007d 00       		.byte	0
 1920 007e 00       		.byte	0
 1921 007f 0A       		.uleb128 0xa
 1922 0080 0D       		.uleb128 0xd
 1923 0081 00       		.byte	0
 1924 0082 03       		.uleb128 0x3
 1925 0083 0E       		.uleb128 0xe
 1926 0084 3A       		.uleb128 0x3a
 1927 0085 0B       		.uleb128 0xb
 1928 0086 3B       		.uleb128 0x3b
 1929 0087 05       		.uleb128 0x5
 1930 0088 39       		.uleb128 0x39
 1931 0089 0B       		.uleb128 0xb
 1932 008a 49       		.uleb128 0x49
 1933 008b 13       		.uleb128 0x13
 1934 008c 38       		.uleb128 0x38
 1935 008d 0B       		.uleb128 0xb
 1936 008e 00       		.byte	0
 1937 008f 00       		.byte	0
 1938 0090 0B       		.uleb128 0xb
ARM GAS  C:\Users\angio\AppData\Local\Temp\ccSeXO4x.s 			page 35


 1939 0091 13       		.uleb128 0x13
 1940 0092 01       		.byte	0x1
 1941 0093 03       		.uleb128 0x3
 1942 0094 0E       		.uleb128 0xe
 1943 0095 0B       		.uleb128 0xb
 1944 0096 0B       		.uleb128 0xb
 1945 0097 3A       		.uleb128 0x3a
 1946 0098 0B       		.uleb128 0xb
 1947 0099 3B       		.uleb128 0x3b
 1948 009a 05       		.uleb128 0x5
 1949 009b 39       		.uleb128 0x39
 1950 009c 0B       		.uleb128 0xb
 1951 009d 01       		.uleb128 0x1
 1952 009e 13       		.uleb128 0x13
 1953 009f 00       		.byte	0
 1954 00a0 00       		.byte	0
 1955 00a1 0C       		.uleb128 0xc
 1956 00a2 0F       		.uleb128 0xf
 1957 00a3 00       		.byte	0
 1958 00a4 0B       		.uleb128 0xb
 1959 00a5 0B       		.uleb128 0xb
 1960 00a6 49       		.uleb128 0x49
 1961 00a7 13       		.uleb128 0x13
 1962 00a8 00       		.byte	0
 1963 00a9 00       		.byte	0
 1964 00aa 0D       		.uleb128 0xd
 1965 00ab 26       		.uleb128 0x26
 1966 00ac 00       		.byte	0
 1967 00ad 49       		.uleb128 0x49
 1968 00ae 13       		.uleb128 0x13
 1969 00af 00       		.byte	0
 1970 00b0 00       		.byte	0
 1971 00b1 0E       		.uleb128 0xe
 1972 00b2 0F       		.uleb128 0xf
 1973 00b3 00       		.byte	0
 1974 00b4 0B       		.uleb128 0xb
 1975 00b5 0B       		.uleb128 0xb
 1976 00b6 00       		.byte	0
 1977 00b7 00       		.byte	0
 1978 00b8 0F       		.uleb128 0xf
 1979 00b9 15       		.uleb128 0x15
 1980 00ba 01       		.byte	0x1
 1981 00bb 27       		.uleb128 0x27
 1982 00bc 19       		.uleb128 0x19
 1983 00bd 01       		.uleb128 0x1
 1984 00be 13       		.uleb128 0x13
 1985 00bf 00       		.byte	0
 1986 00c0 00       		.byte	0
 1987 00c1 10       		.uleb128 0x10
 1988 00c2 05       		.uleb128 0x5
 1989 00c3 00       		.byte	0
 1990 00c4 49       		.uleb128 0x49
 1991 00c5 13       		.uleb128 0x13
 1992 00c6 00       		.byte	0
 1993 00c7 00       		.byte	0
 1994 00c8 11       		.uleb128 0x11
 1995 00c9 17       		.uleb128 0x17
ARM GAS  C:\Users\angio\AppData\Local\Temp\ccSeXO4x.s 			page 36


 1996 00ca 01       		.byte	0x1
 1997 00cb 0B       		.uleb128 0xb
 1998 00cc 0B       		.uleb128 0xb
 1999 00cd 3A       		.uleb128 0x3a
 2000 00ce 0B       		.uleb128 0xb
 2001 00cf 3B       		.uleb128 0x3b
 2002 00d0 0B       		.uleb128 0xb
 2003 00d1 39       		.uleb128 0x39
 2004 00d2 0B       		.uleb128 0xb
 2005 00d3 01       		.uleb128 0x1
 2006 00d4 13       		.uleb128 0x13
 2007 00d5 00       		.byte	0
 2008 00d6 00       		.byte	0
 2009 00d7 12       		.uleb128 0x12
 2010 00d8 0D       		.uleb128 0xd
 2011 00d9 00       		.byte	0
 2012 00da 03       		.uleb128 0x3
 2013 00db 0E       		.uleb128 0xe
 2014 00dc 3A       		.uleb128 0x3a
 2015 00dd 0B       		.uleb128 0xb
 2016 00de 3B       		.uleb128 0x3b
 2017 00df 0B       		.uleb128 0xb
 2018 00e0 39       		.uleb128 0x39
 2019 00e1 0B       		.uleb128 0xb
 2020 00e2 49       		.uleb128 0x49
 2021 00e3 13       		.uleb128 0x13
 2022 00e4 00       		.byte	0
 2023 00e5 00       		.byte	0
 2024 00e6 13       		.uleb128 0x13
 2025 00e7 0D       		.uleb128 0xd
 2026 00e8 00       		.byte	0
 2027 00e9 03       		.uleb128 0x3
 2028 00ea 0E       		.uleb128 0xe
 2029 00eb 3A       		.uleb128 0x3a
 2030 00ec 0B       		.uleb128 0xb
 2031 00ed 3B       		.uleb128 0x3b
 2032 00ee 05       		.uleb128 0x5
 2033 00ef 39       		.uleb128 0x39
 2034 00f0 0B       		.uleb128 0xb
 2035 00f1 49       		.uleb128 0x49
 2036 00f2 13       		.uleb128 0x13
 2037 00f3 00       		.byte	0
 2038 00f4 00       		.byte	0
 2039 00f5 14       		.uleb128 0x14
 2040 00f6 16       		.uleb128 0x16
 2041 00f7 00       		.byte	0
 2042 00f8 03       		.uleb128 0x3
 2043 00f9 0E       		.uleb128 0xe
 2044 00fa 3A       		.uleb128 0x3a
 2045 00fb 0B       		.uleb128 0xb
 2046 00fc 3B       		.uleb128 0x3b
 2047 00fd 05       		.uleb128 0x5
 2048 00fe 39       		.uleb128 0x39
 2049 00ff 0B       		.uleb128 0xb
 2050 0100 49       		.uleb128 0x49
 2051 0101 13       		.uleb128 0x13
 2052 0102 00       		.byte	0
ARM GAS  C:\Users\angio\AppData\Local\Temp\ccSeXO4x.s 			page 37


 2053 0103 00       		.byte	0
 2054 0104 15       		.uleb128 0x15
 2055 0105 34       		.uleb128 0x34
 2056 0106 00       		.byte	0
 2057 0107 03       		.uleb128 0x3
 2058 0108 08       		.uleb128 0x8
 2059 0109 3A       		.uleb128 0x3a
 2060 010a 0B       		.uleb128 0xb
 2061 010b 3B       		.uleb128 0x3b
 2062 010c 05       		.uleb128 0x5
 2063 010d 39       		.uleb128 0x39
 2064 010e 0B       		.uleb128 0xb
 2065 010f 49       		.uleb128 0x49
 2066 0110 13       		.uleb128 0x13
 2067 0111 3F       		.uleb128 0x3f
 2068 0112 19       		.uleb128 0x19
 2069 0113 3C       		.uleb128 0x3c
 2070 0114 19       		.uleb128 0x19
 2071 0115 00       		.byte	0
 2072 0116 00       		.byte	0
 2073 0117 16       		.uleb128 0x16
 2074 0118 2E       		.uleb128 0x2e
 2075 0119 01       		.byte	0x1
 2076 011a 3F       		.uleb128 0x3f
 2077 011b 19       		.uleb128 0x19
 2078 011c 03       		.uleb128 0x3
 2079 011d 0E       		.uleb128 0xe
 2080 011e 3A       		.uleb128 0x3a
 2081 011f 0B       		.uleb128 0xb
 2082 0120 3B       		.uleb128 0x3b
 2083 0121 05       		.uleb128 0x5
 2084 0122 39       		.uleb128 0x39
 2085 0123 0B       		.uleb128 0xb
 2086 0124 27       		.uleb128 0x27
 2087 0125 19       		.uleb128 0x19
 2088 0126 49       		.uleb128 0x49
 2089 0127 13       		.uleb128 0x13
 2090 0128 01       		.uleb128 0x1
 2091 0129 13       		.uleb128 0x13
 2092 012a 00       		.byte	0
 2093 012b 00       		.byte	0
 2094 012c 17       		.uleb128 0x17
 2095 012d 34       		.uleb128 0x34
 2096 012e 00       		.byte	0
 2097 012f 03       		.uleb128 0x3
 2098 0130 08       		.uleb128 0x8
 2099 0131 3A       		.uleb128 0x3a
 2100 0132 0B       		.uleb128 0xb
 2101 0133 3B       		.uleb128 0x3b
 2102 0134 05       		.uleb128 0x5
 2103 0135 39       		.uleb128 0x39
 2104 0136 0B       		.uleb128 0xb
 2105 0137 49       		.uleb128 0x49
 2106 0138 13       		.uleb128 0x13
 2107 0139 00       		.byte	0
 2108 013a 00       		.byte	0
 2109 013b 18       		.uleb128 0x18
ARM GAS  C:\Users\angio\AppData\Local\Temp\ccSeXO4x.s 			page 38


 2110 013c 2E       		.uleb128 0x2e
 2111 013d 01       		.byte	0x1
 2112 013e 3F       		.uleb128 0x3f
 2113 013f 19       		.uleb128 0x19
 2114 0140 03       		.uleb128 0x3
 2115 0141 0E       		.uleb128 0xe
 2116 0142 3A       		.uleb128 0x3a
 2117 0143 0B       		.uleb128 0xb
 2118 0144 3B       		.uleb128 0x3b
 2119 0145 05       		.uleb128 0x5
 2120 0146 39       		.uleb128 0x39
 2121 0147 0B       		.uleb128 0xb
 2122 0148 27       		.uleb128 0x27
 2123 0149 19       		.uleb128 0x19
 2124 014a 01       		.uleb128 0x1
 2125 014b 13       		.uleb128 0x13
 2126 014c 00       		.byte	0
 2127 014d 00       		.byte	0
 2128 014e 19       		.uleb128 0x19
 2129 014f 0B       		.uleb128 0xb
 2130 0150 01       		.byte	0x1
 2131 0151 00       		.byte	0
 2132 0152 00       		.byte	0
 2133 0153 1A       		.uleb128 0x1a
 2134 0154 34       		.uleb128 0x34
 2135 0155 00       		.byte	0
 2136 0156 03       		.uleb128 0x3
 2137 0157 0E       		.uleb128 0xe
 2138 0158 3A       		.uleb128 0x3a
 2139 0159 0B       		.uleb128 0xb
 2140 015a 3B       		.uleb128 0x3b
 2141 015b 05       		.uleb128 0x5
 2142 015c 39       		.uleb128 0x39
 2143 015d 0B       		.uleb128 0xb
 2144 015e 49       		.uleb128 0x49
 2145 015f 13       		.uleb128 0x13
 2146 0160 00       		.byte	0
 2147 0161 00       		.byte	0
 2148 0162 1B       		.uleb128 0x1b
 2149 0163 05       		.uleb128 0x5
 2150 0164 00       		.byte	0
 2151 0165 03       		.uleb128 0x3
 2152 0166 08       		.uleb128 0x8
 2153 0167 3A       		.uleb128 0x3a
 2154 0168 0B       		.uleb128 0xb
 2155 0169 3B       		.uleb128 0x3b
 2156 016a 05       		.uleb128 0x5
 2157 016b 39       		.uleb128 0x39
 2158 016c 0B       		.uleb128 0xb
 2159 016d 49       		.uleb128 0x49
 2160 016e 13       		.uleb128 0x13
 2161 016f 00       		.byte	0
 2162 0170 00       		.byte	0
 2163 0171 1C       		.uleb128 0x1c
 2164 0172 34       		.uleb128 0x34
 2165 0173 00       		.byte	0
 2166 0174 03       		.uleb128 0x3
ARM GAS  C:\Users\angio\AppData\Local\Temp\ccSeXO4x.s 			page 39


 2167 0175 0E       		.uleb128 0xe
 2168 0176 49       		.uleb128 0x49
 2169 0177 13       		.uleb128 0x13
 2170 0178 34       		.uleb128 0x34
 2171 0179 19       		.uleb128 0x19
 2172 017a 00       		.byte	0
 2173 017b 00       		.byte	0
 2174 017c 1D       		.uleb128 0x1d
 2175 017d 01       		.uleb128 0x1
 2176 017e 01       		.byte	0x1
 2177 017f 49       		.uleb128 0x49
 2178 0180 13       		.uleb128 0x13
 2179 0181 01       		.uleb128 0x1
 2180 0182 13       		.uleb128 0x13
 2181 0183 00       		.byte	0
 2182 0184 00       		.byte	0
 2183 0185 1E       		.uleb128 0x1e
 2184 0186 21       		.uleb128 0x21
 2185 0187 00       		.byte	0
 2186 0188 49       		.uleb128 0x49
 2187 0189 13       		.uleb128 0x13
 2188 018a 2F       		.uleb128 0x2f
 2189 018b 0B       		.uleb128 0xb
 2190 018c 00       		.byte	0
 2191 018d 00       		.byte	0
 2192 018e 1F       		.uleb128 0x1f
 2193 018f 05       		.uleb128 0x5
 2194 0190 00       		.byte	0
 2195 0191 03       		.uleb128 0x3
 2196 0192 0E       		.uleb128 0xe
 2197 0193 3A       		.uleb128 0x3a
 2198 0194 0B       		.uleb128 0xb
 2199 0195 3B       		.uleb128 0x3b
 2200 0196 05       		.uleb128 0x5
 2201 0197 39       		.uleb128 0x39
 2202 0198 0B       		.uleb128 0xb
 2203 0199 49       		.uleb128 0x49
 2204 019a 13       		.uleb128 0x13
 2205 019b 00       		.byte	0
 2206 019c 00       		.byte	0
 2207 019d 20       		.uleb128 0x20
 2208 019e 2E       		.uleb128 0x2e
 2209 019f 01       		.byte	0x1
 2210 01a0 03       		.uleb128 0x3
 2211 01a1 0E       		.uleb128 0xe
 2212 01a2 3A       		.uleb128 0x3a
 2213 01a3 0B       		.uleb128 0xb
 2214 01a4 3B       		.uleb128 0x3b
 2215 01a5 0B       		.uleb128 0xb
 2216 01a6 39       		.uleb128 0x39
 2217 01a7 0B       		.uleb128 0xb
 2218 01a8 27       		.uleb128 0x27
 2219 01a9 19       		.uleb128 0x19
 2220 01aa 01       		.uleb128 0x1
 2221 01ab 13       		.uleb128 0x13
 2222 01ac 00       		.byte	0
 2223 01ad 00       		.byte	0
ARM GAS  C:\Users\angio\AppData\Local\Temp\ccSeXO4x.s 			page 40


 2224 01ae 21       		.uleb128 0x21
 2225 01af 05       		.uleb128 0x5
 2226 01b0 00       		.byte	0
 2227 01b1 03       		.uleb128 0x3
 2228 01b2 08       		.uleb128 0x8
 2229 01b3 3A       		.uleb128 0x3a
 2230 01b4 0B       		.uleb128 0xb
 2231 01b5 3B       		.uleb128 0x3b
 2232 01b6 0B       		.uleb128 0xb
 2233 01b7 39       		.uleb128 0x39
 2234 01b8 0B       		.uleb128 0xb
 2235 01b9 49       		.uleb128 0x49
 2236 01ba 13       		.uleb128 0x13
 2237 01bb 00       		.byte	0
 2238 01bc 00       		.byte	0
 2239 01bd 22       		.uleb128 0x22
 2240 01be 34       		.uleb128 0x34
 2241 01bf 00       		.byte	0
 2242 01c0 03       		.uleb128 0x3
 2243 01c1 08       		.uleb128 0x8
 2244 01c2 3A       		.uleb128 0x3a
 2245 01c3 0B       		.uleb128 0xb
 2246 01c4 3B       		.uleb128 0x3b
 2247 01c5 0B       		.uleb128 0xb
 2248 01c6 39       		.uleb128 0x39
 2249 01c7 0B       		.uleb128 0xb
 2250 01c8 49       		.uleb128 0x49
 2251 01c9 13       		.uleb128 0x13
 2252 01ca 00       		.byte	0
 2253 01cb 00       		.byte	0
 2254 01cc 23       		.uleb128 0x23
 2255 01cd 34       		.uleb128 0x34
 2256 01ce 00       		.byte	0
 2257 01cf 03       		.uleb128 0x3
 2258 01d0 0E       		.uleb128 0xe
 2259 01d1 3A       		.uleb128 0x3a
 2260 01d2 0B       		.uleb128 0xb
 2261 01d3 3B       		.uleb128 0x3b
 2262 01d4 0B       		.uleb128 0xb
 2263 01d5 39       		.uleb128 0x39
 2264 01d6 0B       		.uleb128 0xb
 2265 01d7 49       		.uleb128 0x49
 2266 01d8 13       		.uleb128 0x13
 2267 01d9 00       		.byte	0
 2268 01da 00       		.byte	0
 2269 01db 24       		.uleb128 0x24
 2270 01dc 2E       		.uleb128 0x2e
 2271 01dd 01       		.byte	0x1
 2272 01de 03       		.uleb128 0x3
 2273 01df 0E       		.uleb128 0xe
 2274 01e0 3A       		.uleb128 0x3a
 2275 01e1 0B       		.uleb128 0xb
 2276 01e2 3B       		.uleb128 0x3b
 2277 01e3 0B       		.uleb128 0xb
 2278 01e4 39       		.uleb128 0x39
 2279 01e5 0B       		.uleb128 0xb
 2280 01e6 27       		.uleb128 0x27
ARM GAS  C:\Users\angio\AppData\Local\Temp\ccSeXO4x.s 			page 41


 2281 01e7 19       		.uleb128 0x19
 2282 01e8 49       		.uleb128 0x49
 2283 01e9 13       		.uleb128 0x13
 2284 01ea 01       		.uleb128 0x1
 2285 01eb 13       		.uleb128 0x13
 2286 01ec 00       		.byte	0
 2287 01ed 00       		.byte	0
 2288 01ee 25       		.uleb128 0x25
 2289 01ef 2E       		.uleb128 0x2e
 2290 01f0 00       		.byte	0
 2291 01f1 03       		.uleb128 0x3
 2292 01f2 0E       		.uleb128 0xe
 2293 01f3 3A       		.uleb128 0x3a
 2294 01f4 0B       		.uleb128 0xb
 2295 01f5 3B       		.uleb128 0x3b
 2296 01f6 05       		.uleb128 0x5
 2297 01f7 39       		.uleb128 0x39
 2298 01f8 0B       		.uleb128 0xb
 2299 01f9 27       		.uleb128 0x27
 2300 01fa 19       		.uleb128 0x19
 2301 01fb 00       		.byte	0
 2302 01fc 00       		.byte	0
 2303 01fd 26       		.uleb128 0x26
 2304 01fe 2E       		.uleb128 0x2e
 2305 01ff 01       		.byte	0x1
 2306 0200 03       		.uleb128 0x3
 2307 0201 0E       		.uleb128 0xe
 2308 0202 3A       		.uleb128 0x3a
 2309 0203 0B       		.uleb128 0xb
 2310 0204 3B       		.uleb128 0x3b
 2311 0205 05       		.uleb128 0x5
 2312 0206 39       		.uleb128 0x39
 2313 0207 0B       		.uleb128 0xb
 2314 0208 27       		.uleb128 0x27
 2315 0209 19       		.uleb128 0x19
 2316 020a 01       		.uleb128 0x1
 2317 020b 13       		.uleb128 0x13
 2318 020c 00       		.byte	0
 2319 020d 00       		.byte	0
 2320 020e 27       		.uleb128 0x27
 2321 020f 2E       		.uleb128 0x2e
 2322 0210 01       		.byte	0x1
 2323 0211 03       		.uleb128 0x3
 2324 0212 0E       		.uleb128 0xe
 2325 0213 3A       		.uleb128 0x3a
 2326 0214 0B       		.uleb128 0xb
 2327 0215 3B       		.uleb128 0x3b
 2328 0216 05       		.uleb128 0x5
 2329 0217 39       		.uleb128 0x39
 2330 0218 0B       		.uleb128 0xb
 2331 0219 27       		.uleb128 0x27
 2332 021a 19       		.uleb128 0x19
 2333 021b 49       		.uleb128 0x49
 2334 021c 13       		.uleb128 0x13
 2335 021d 01       		.uleb128 0x1
 2336 021e 13       		.uleb128 0x13
 2337 021f 00       		.byte	0
ARM GAS  C:\Users\angio\AppData\Local\Temp\ccSeXO4x.s 			page 42


 2338 0220 00       		.byte	0
 2339 0221 28       		.uleb128 0x28
 2340 0222 2E       		.uleb128 0x2e
 2341 0223 01       		.byte	0x1
 2342 0224 03       		.uleb128 0x3
 2343 0225 0E       		.uleb128 0xe
 2344 0226 3A       		.uleb128 0x3a
 2345 0227 0B       		.uleb128 0xb
 2346 0228 3B       		.uleb128 0x3b
 2347 0229 05       		.uleb128 0x5
 2348 022a 39       		.uleb128 0x39
 2349 022b 0B       		.uleb128 0xb
 2350 022c 27       		.uleb128 0x27
 2351 022d 19       		.uleb128 0x19
 2352 022e 49       		.uleb128 0x49
 2353 022f 13       		.uleb128 0x13
 2354 0230 00       		.byte	0
 2355 0231 00       		.byte	0
 2356 0232 00       		.byte	0
 2357              		.section	.gnu.debuglto_.debug_line,"e",%progbits
 2358              	.Ldebug_line0:
 2359 0000 60020000 		.4byte	.LELT0-.LSLT0
 2360              	.LSLT0:
 2361 0004 0400     		.2byte	0x4
 2362 0006 5A020000 		.4byte	.LELTP0-.LASLTP0
 2363              	.LASLTP0:
 2364 000a 01       		.byte	0x1
 2365 000b 01       		.byte	0x1
 2366 000c 01       		.byte	0x1
 2367 000d F6       		.byte	0xf6
 2368 000e F2       		.byte	0xf2
 2369 000f 0D       		.byte	0xd
 2370 0010 00       		.byte	0
 2371 0011 01       		.byte	0x1
 2372 0012 01       		.byte	0x1
 2373 0013 01       		.byte	0x1
 2374 0014 01       		.byte	0x1
 2375 0015 00       		.byte	0
 2376 0016 00       		.byte	0
 2377 0017 00       		.byte	0
 2378 0018 01       		.byte	0x1
 2379 0019 00       		.byte	0
 2380 001a 00       		.byte	0
 2381 001b 01       		.byte	0x1
 2382 001c 2E2E2F2E 		.ascii	"../../chibios2111/os/common/ext/ARM/CMSIS/Core/Incl"
 2382      2E2F6368 
 2382      6962696F 
 2382      73323131 
 2382      312F6F73 
 2383 004f 756465   		.ascii	"ude"
 2384 0052 00       		.byte	0
 2385 0053 2E2E2F2E 		.ascii	"../../chibios2111/os/common/ports/ARM-common"
 2385      2E2F6368 
 2385      6962696F 
 2385      73323131 
 2385      312F6F73 
 2386 007f 00       		.byte	0
ARM GAS  C:\Users\angio\AppData\Local\Temp\ccSeXO4x.s 			page 43


 2387 0080 2E2E2F2E 		.ascii	"../../chibios2111/os/common/ports/ARMv7-M-ALT"
 2387      2E2F6368 
 2387      6962696F 
 2387      73323131 
 2387      312F6F73 
 2388 00ad 00       		.byte	0
 2389 00ae 2E2E2F2E 		.ascii	"../../chibios2111/os/rt/include"
 2389      2E2F6368 
 2389      6962696F 
 2389      73323131 
 2389      312F6F73 
 2390 00cd 00       		.byte	0
 2391 00ce 2E2E2F2E 		.ascii	"../../chibios2111/os/rt/src"
 2391      2E2F6368 
 2391      6962696F 
 2391      73323131 
 2391      312F6F73 
 2392 00e9 00       		.byte	0
 2393 00ea 633A5C63 		.ascii	"c:\\chibistudio\\tools\\gnu tools arm embedded\\10."
 2393      68696269 
 2393      73747564 
 2393      696F5C74 
 2393      6F6F6C73 
 2394 0119 33203230 		.ascii	"3 2021.10\\arm-none-eabi\\include\\machine"
 2394      32312E31 
 2394      305C6172 
 2394      6D2D6E6F 
 2394      6E652D65 
 2395 0140 00       		.byte	0
 2396 0141 633A5C63 		.ascii	"c:\\chibistudio\\tools\\gnu tools arm embedded\\10."
 2396      68696269 
 2396      73747564 
 2396      696F5C74 
 2396      6F6F6C73 
 2397 0170 33203230 		.ascii	"3 2021.10\\arm-none-eabi\\include\\sys"
 2397      32312E31 
 2397      305C6172 
 2397      6D2D6E6F 
 2397      6E652D65 
 2398 0193 00       		.byte	0
 2399 0194 00       		.byte	0
 2400 0195 5F646566 		.ascii	"_default_types.h\000"
 2400      61756C74 
 2400      5F747970 
 2400      65732E68 
 2400      00
 2401 01a6 06       		.uleb128 0x6
 2402 01a7 00       		.uleb128 0
 2403 01a8 00       		.uleb128 0
 2404 01a9 5F737464 		.ascii	"_stdint.h\000"
 2404      696E742E 
 2404      6800
 2405 01b3 07       		.uleb128 0x7
 2406 01b4 00       		.uleb128 0
 2407 01b5 00       		.uleb128 0
 2408 01b6 63687479 		.ascii	"chtypes.h\000"
 2408      7065732E 
ARM GAS  C:\Users\angio\AppData\Local\Temp\ccSeXO4x.s 			page 44


 2408      6800
 2409 01c0 02       		.uleb128 0x2
 2410 01c1 00       		.uleb128 0
 2411 01c2 00       		.uleb128 0
 2412 01c3 63686561 		.ascii	"chearly.h\000"
 2412      726C792E 
 2412      6800
 2413 01cd 04       		.uleb128 0x4
 2414 01ce 00       		.uleb128 0
 2415 01cf 00       		.uleb128 0
 2416 01d0 63686F62 		.ascii	"chobjects.h\000"
 2416      6A656374 
 2416      732E6800 
 2417 01dc 04       		.uleb128 0x4
 2418 01dd 00       		.uleb128 0
 2419 01de 00       		.uleb128 0
 2420 01df 63687266 		.ascii	"chrfcu.h\000"
 2420      63752E68 
 2420      00
 2421 01e8 04       		.uleb128 0x4
 2422 01e9 00       		.uleb128 0
 2423 01ea 00       		.uleb128 0
 2424 01eb 63686465 		.ascii	"chdebug.h\000"
 2424      6275672E 
 2424      6800
 2425 01f5 04       		.uleb128 0x4
 2426 01f6 00       		.uleb128 0
 2427 01f7 00       		.uleb128 0
 2428 01f8 63687469 		.ascii	"chtime.h\000"
 2428      6D652E68 
 2428      00
 2429 0201 04       		.uleb128 0x4
 2430 0202 00       		.uleb128 0
 2431 0203 00       		.uleb128 0
 2432 0204 63686C69 		.ascii	"chlists.h\000"
 2432      7374732E 
 2432      6800
 2433 020e 04       		.uleb128 0x4
 2434 020f 00       		.uleb128 0
 2435 0210 00       		.uleb128 0
 2436 0211 6368636F 		.ascii	"chcore.h\000"
 2436      72652E68 
 2436      00
 2437 021a 03       		.uleb128 0x3
 2438 021b 00       		.uleb128 0
 2439 021c 00       		.uleb128 0
 2440 021d 63687365 		.ascii	"chsem.h\000"
 2440      6D2E6800 
 2441 0225 04       		.uleb128 0x4
 2442 0226 00       		.uleb128 0
 2443 0227 00       		.uleb128 0
 2444 0228 63686D74 		.ascii	"chmtx.h\000"
 2444      782E6800 
 2445 0230 04       		.uleb128 0x4
 2446 0231 00       		.uleb128 0
 2447 0232 00       		.uleb128 0
 2448 0233 63687363 		.ascii	"chschd.c\000"
ARM GAS  C:\Users\angio\AppData\Local\Temp\ccSeXO4x.s 			page 45


 2448      68642E63 
 2448      00
 2449 023c 05       		.uleb128 0x5
 2450 023d 00       		.uleb128 0
 2451 023e 00       		.uleb128 0
 2452 023f 63687674 		.ascii	"chvt.h\000"
 2452      2E6800
 2453 0246 04       		.uleb128 0x4
 2454 0247 00       		.uleb128 0
 2455 0248 00       		.uleb128 0
 2456 0249 63687379 		.ascii	"chsys.h\000"
 2456      732E6800 
 2457 0251 04       		.uleb128 0x4
 2458 0252 00       		.uleb128 0
 2459 0253 00       		.uleb128 0
 2460 0254 636D7369 		.ascii	"cmsis_gcc.h\000"
 2460      735F6763 
 2460      632E6800 
 2461 0260 01       		.uleb128 0x1
 2462 0261 00       		.uleb128 0
 2463 0262 00       		.uleb128 0
 2464 0263 00       		.byte	0
 2465              	.LELTP0:
 2466              	.LELT0:
 2467              		.section	.gnu.debuglto_.debug_str,"eMS",%progbits,1
 2468              	.LASF110:
 2469 0000 72656164 		.ascii	"ready_list_t\000"
 2469      795F6C69 
 2469      73745F74 
 2469      00
 2470              	.LASF49:
 2471 000d 72666375 		.ascii	"rfcu\000"
 2471      00
 2472              	.LASF101:
 2473 0012 77747472 		.ascii	"wttrp\000"
 2473      7000
 2474              	.LASF73:
 2475 0018 64656C74 		.ascii	"delta\000"
 2475      6100
 2476              	.LASF98:
 2477 001e 7264796D 		.ascii	"rdymsg\000"
 2477      736700
 2478              	.LASF17:
 2479 0025 75696E74 		.ascii	"uint64_t\000"
 2479      36345F74 
 2479      00
 2480              	.LASF7:
 2481 002e 5F5F7569 		.ascii	"__uint8_t\000"
 2481      6E74385F 
 2481      7400
 2482              	.LASF67:
 2483 0038 70726576 		.ascii	"prev\000"
 2483      00
 2484              	.LASF77:
 2485 003d 706F7274 		.ascii	"port_intctx\000"
 2485      5F696E74 
 2485      63747800 
ARM GAS  C:\Users\angio\AppData\Local\Temp\ccSeXO4x.s 			page 46


 2486              	.LASF59:
 2487 0049 73797374 		.ascii	"system_debug_t\000"
 2487      656D5F64 
 2487      65627567 
 2487      5F7400
 2488              	.LASF153:
 2489 0058 63685F71 		.ascii	"ch_queue_dequeue\000"
 2489      75657565 
 2489      5F646571 
 2489      75657565 
 2489      00
 2490              	.LASF48:
 2491 0069 636F7265 		.ascii	"core_id\000"
 2491      5F696400 
 2492              	.LASF151:
 2493 0071 63685F70 		.ascii	"ch_pqueue_insert_behind\000"
 2493      71756575 
 2493      655F696E 
 2493      73657274 
 2493      5F626568 
 2494              	.LASF68:
 2495 0089 63685F70 		.ascii	"ch_priority_queue_t\000"
 2495      72696F72 
 2495      6974795F 
 2495      71756575 
 2495      655F7400 
 2496              	.LASF13:
 2497 009d 6C6F6E67 		.ascii	"long long unsigned int\000"
 2497      206C6F6E 
 2497      6720756E 
 2497      7369676E 
 2497      65642069 
 2498              	.LASF99:
 2499 00b4 65786974 		.ascii	"exitcode\000"
 2499      636F6465 
 2499      00
 2500              	.LASF51:
 2501 00bd 6D61696E 		.ascii	"mainthread\000"
 2501      74687265 
 2501      616400
 2502              	.LASF102:
 2503 00c8 73656E74 		.ascii	"sentmsg\000"
 2503      6D736700 
 2504              	.LASF91:
 2505 00d0 76697274 		.ascii	"virtual_timers_list_t\000"
 2505      75616C5F 
 2505      74696D65 
 2505      72735F6C 
 2505      6973745F 
 2506              	.LASF125:
 2507 00e6 63685363 		.ascii	"chSchSelectFirst\000"
 2507      6853656C 
 2507      65637446 
 2507      69727374 
 2507      00
 2508              	.LASF64:
 2509 00f7 6E657874 		.ascii	"next\000"
ARM GAS  C:\Users\angio\AppData\Local\Temp\ccSeXO4x.s 			page 47


 2509      00
 2510              	.LASF152:
 2511 00fc 63685F70 		.ascii	"ch_pqueue_remove_highest\000"
 2511      71756575 
 2511      655F7265 
 2511      6D6F7665 
 2511      5F686967 
 2512              	.LASF35:
 2513 0115 72656673 		.ascii	"refs\000"
 2513      00
 2514              	.LASF1:
 2515 011a 6C6F6E67 		.ascii	"long long int\000"
 2515      206C6F6E 
 2515      6720696E 
 2515      7400
 2516              	.LASF3:
 2517 0128 7369676E 		.ascii	"signed char\000"
 2517      65642063 
 2517      68617200 
 2518              	.LASF72:
 2519 0134 63685F64 		.ascii	"ch_delta_list\000"
 2519      656C7461 
 2519      5F6C6973 
 2519      7400
 2520              	.LASF136:
 2521 0142 5F5F7363 		.ascii	"__sch_reschedule_ahead\000"
 2521      685F7265 
 2521      73636865 
 2521      64756C65 
 2521      5F616865 
 2522              	.LASF42:
 2523 0159 6F735F69 		.ascii	"os_instance_t\000"
 2523      6E737461 
 2523      6E63655F 
 2523      7400
 2524              	.LASF156:
 2525 0167 433A5C43 		.ascii	"C:\\ChibiStudio\\workspace_user\\RT-STM32G474RE-NUC"
 2525      68696269 
 2525      53747564 
 2525      696F5C77 
 2525      6F726B73 
 2526 0197 4C454F36 		.ascii	"LEO64\000"
 2526      3400
 2527              	.LASF46:
 2528 019d 76746C69 		.ascii	"vtlist\000"
 2528      737400
 2529              	.LASF146:
 2530 01a4 706F7274 		.ascii	"port_unlock\000"
 2530      5F756E6C 
 2530      6F636B00 
 2531              	.LASF37:
 2532 01b0 6D736771 		.ascii	"msgqueue\000"
 2532      75657565 
 2532      00
 2533              	.LASF33:
 2534 01b9 73746174 		.ascii	"state\000"
 2534      6500
ARM GAS  C:\Users\angio\AppData\Local\Temp\ccSeXO4x.s 			page 48


 2535              	.LASF9:
 2536 01bf 6C6F6E67 		.ascii	"long int\000"
 2536      20696E74 
 2536      00
 2537              	.LASF21:
 2538 01c8 74737461 		.ascii	"tstate_t\000"
 2538      74655F74 
 2538      00
 2539              	.LASF121:
 2540 01d1 63685363 		.ascii	"chSchPreemption\000"
 2540      68507265 
 2540      656D7074 
 2540      696F6E00 
 2541              	.LASF53:
 2542 01e1 63685F72 		.ascii	"ch_rfcu\000"
 2542      66637500 
 2543              	.LASF66:
 2544 01e9 63685F71 		.ascii	"ch_queue\000"
 2544      75657565 
 2544      00
 2545              	.LASF93:
 2546 01f2 71756575 		.ascii	"queue\000"
 2546      6500
 2547              	.LASF71:
 2548 01f8 63685F64 		.ascii	"ch_delta_list_t\000"
 2548      656C7461 
 2548      5F6C6973 
 2548      745F7400 
 2549              	.LASF92:
 2550 0208 63685F72 		.ascii	"ch_registry\000"
 2550      65676973 
 2550      74727900 
 2551              	.LASF10:
 2552 0214 5F5F7569 		.ascii	"__uint32_t\000"
 2552      6E743332 
 2552      5F7400
 2553              	.LASF54:
 2554 021f 6D61736B 		.ascii	"mask\000"
 2554      00
 2555              	.LASF36:
 2556 0224 77616974 		.ascii	"waiting\000"
 2556      696E6700 
 2557              	.LASF135:
 2558 022c 5F5F7363 		.ascii	"__sch_wakeup\000"
 2558      685F7761 
 2558      6B657570 
 2558      00
 2559              	.LASF112:
 2560 0239 6D61696E 		.ascii	"mainthread_base\000"
 2560      74687265 
 2560      61645F62 
 2560      61736500 
 2561              	.LASF118:
 2562 0249 6D757465 		.ascii	"mutex_t\000"
 2562      785F7400 
 2563              	.LASF61:
 2564 0251 73797369 		.ascii	"sysinterval_t\000"
ARM GAS  C:\Users\angio\AppData\Local\Temp\ccSeXO4x.s 			page 49


 2564      6E746572 
 2564      76616C5F 
 2564      7400
 2565              	.LASF26:
 2566 025f 636E745F 		.ascii	"cnt_t\000"
 2566      7400
 2567              	.LASF0:
 2568 0265 756E7369 		.ascii	"unsigned int\000"
 2568      676E6564 
 2568      20696E74 
 2568      00
 2569              	.LASF75:
 2570 0272 6C725F74 		.ascii	"lr_thd\000"
 2570      686400
 2571              	.LASF103:
 2572 0279 77747365 		.ascii	"wtsemp\000"
 2572      6D7000
 2573              	.LASF11:
 2574 0280 6C6F6E67 		.ascii	"long unsigned int\000"
 2574      20756E73 
 2574      69676E65 
 2574      6420696E 
 2574      7400
 2575              	.LASF29:
 2576 0292 72717565 		.ascii	"rqueue\000"
 2576      756500
 2577              	.LASF65:
 2578 0299 63685F71 		.ascii	"ch_queue_t\000"
 2578      75657565 
 2578      5F7400
 2579              	.LASF86:
 2580 02a4 72656C6F 		.ascii	"reload\000"
 2580      616400
 2581              	.LASF131:
 2582 02ab 74696D65 		.ascii	"timeout\000"
 2582      6F757400 
 2583              	.LASF31:
 2584 02b3 6E616D65 		.ascii	"name\000"
 2584      00
 2585              	.LASF41:
 2586 02b8 6D706F6F 		.ascii	"mpool\000"
 2586      6C00
 2587              	.LASF78:
 2588 02be 62617365 		.ascii	"basepri\000"
 2588      70726900 
 2589              	.LASF43:
 2590 02c6 63685F74 		.ascii	"ch_thread\000"
 2590      68726561 
 2590      6400
 2591              	.LASF24:
 2592 02d0 6D73675F 		.ascii	"msg_t\000"
 2592      7400
 2593              	.LASF38:
 2594 02d6 6570656E 		.ascii	"epending\000"
 2594      64696E67 
 2594      00
 2595              	.LASF100:
ARM GAS  C:\Users\angio\AppData\Local\Temp\ccSeXO4x.s 			page 50


 2596 02df 77746F62 		.ascii	"wtobjp\000"
 2596      6A7000
 2597              	.LASF124:
 2598 02e6 5F6F7470 		.ascii	"_otp\000"
 2598      00
 2599              	.LASF63:
 2600 02eb 63685F6C 		.ascii	"ch_list\000"
 2600      69737400 
 2601              	.LASF108:
 2602 02f3 63685F72 		.ascii	"ch_ready_list\000"
 2602      65616479 
 2602      5F6C6973 
 2602      7400
 2603              	.LASF25:
 2604 0301 6576656E 		.ascii	"eventmask_t\000"
 2604      746D6173 
 2604      6B5F7400 
 2605              	.LASF150:
 2606 030d 63685F70 		.ascii	"ch_pqueue_insert_ahead\000"
 2606      71756575 
 2606      655F696E 
 2606      73657274 
 2606      5F616865 
 2607              	.LASF79:
 2608 0324 6C725F65 		.ascii	"lr_exc\000"
 2608      786300
 2609              	.LASF137:
 2610 032b 5F5F7363 		.ascii	"__sch_reschedule_behind\000"
 2610      685F7265 
 2610      73636865 
 2610      64756C65 
 2610      5F626568 
 2611              	.LASF19:
 2612 0343 73746B61 		.ascii	"stkalign_t\000"
 2612      6C69676E 
 2612      5F7400
 2613              	.LASF139:
 2614 034e 5F5F7363 		.ascii	"__sch_ready_behind\000"
 2614      685F7265 
 2614      6164795F 
 2614      62656869 
 2614      6E6400
 2615              	.LASF114:
 2616 0361 69646C65 		.ascii	"idlethread_base\000"
 2616      74687265 
 2616      61645F62 
 2616      61736500 
 2617              	.LASF90:
 2618 0371 6C617374 		.ascii	"laststamp\000"
 2618      7374616D 
 2618      7000
 2619              	.LASF40:
 2620 037b 7265616C 		.ascii	"realprio\000"
 2620      7072696F 
 2620      00
 2621              	.LASF52:
 2622 0384 72666375 		.ascii	"rfcu_mask_t\000"
ARM GAS  C:\Users\angio\AppData\Local\Temp\ccSeXO4x.s 			page 51


 2622      5F6D6173 
 2622      6B5F7400 
 2623              	.LASF95:
 2624 0390 74687265 		.ascii	"thread_reference_t\000"
 2624      61645F72 
 2624      65666572 
 2624      656E6365 
 2624      5F7400
 2625              	.LASF88:
 2626 03a3 63685F76 		.ascii	"ch_virtual_timers_list\000"
 2626      69727475 
 2626      616C5F74 
 2626      696D6572 
 2626      735F6C69 
 2627              	.LASF62:
 2628 03ba 63685F6C 		.ascii	"ch_list_t\000"
 2628      6973745F 
 2628      7400
 2629              	.LASF111:
 2630 03c4 63685F6F 		.ascii	"ch_os_instance_config\000"
 2630      735F696E 
 2630      7374616E 
 2630      63655F63 
 2630      6F6E6669 
 2631              	.LASF80:
 2632 03da 706F7274 		.ascii	"port_context\000"
 2632      5F636F6E 
 2632      74657874 
 2632      00
 2633              	.LASF74:
 2634 03e7 706F7274 		.ascii	"port_extctx\000"
 2634      5F657874 
 2634      63747800 
 2635              	.LASF70:
 2636 03f3 7072696F 		.ascii	"prio\000"
 2636      00
 2637              	.LASF138:
 2638 03f8 5F5F7363 		.ascii	"__sch_ready_ahead\000"
 2638      685F7265 
 2638      6164795F 
 2638      61686561 
 2638      6400
 2639              	.LASF109:
 2640 040a 63757272 		.ascii	"current\000"
 2640      656E7400 
 2641              	.LASF127:
 2642 0412 63685363 		.ascii	"chSchRescheduleS\000"
 2642      68526573 
 2642      63686564 
 2642      756C6553 
 2642      00
 2643              	.LASF12:
 2644 0423 5F5F7569 		.ascii	"__uint64_t\000"
 2644      6E743634 
 2644      5F7400
 2645              	.LASF155:
 2646 042e 2E2E2F2E 		.ascii	"../../chibios2111/os/rt/src/chschd.c\000"
ARM GAS  C:\Users\angio\AppData\Local\Temp\ccSeXO4x.s 			page 52


 2646      2E2F6368 
 2646      6962696F 
 2646      73323131 
 2646      312F6F73 
 2647              	.LASF27:
 2648 0453 636F7265 		.ascii	"core_id_t\000"
 2648      5F69645F 
 2648      7400
 2649              	.LASF22:
 2650 045d 74726566 		.ascii	"trefs_t\000"
 2650      735F7400 
 2651              	.LASF123:
 2652 0465 5F6E7470 		.ascii	"_ntp\000"
 2652      00
 2653              	.LASF82:
 2654 046a 76697274 		.ascii	"virtual_timer_t\000"
 2654      75616C5F 
 2654      74696D65 
 2654      725F7400 
 2655              	.LASF23:
 2656 047a 74707269 		.ascii	"tprio_t\000"
 2656      6F5F7400 
 2657              	.LASF142:
 2658 0482 63685379 		.ascii	"chSysUnlockFromISR\000"
 2658      73556E6C 
 2658      6F636B46 
 2658      726F6D49 
 2658      535200
 2659              	.LASF56:
 2660 0495 63685F73 		.ascii	"ch_system_debug\000"
 2660      79737465 
 2660      6D5F6465 
 2660      62756700 
 2661              	.LASF119:
 2662 04a5 5F426F6F 		.ascii	"_Bool\000"
 2662      6C00
 2663              	.LASF15:
 2664 04ab 696E7433 		.ascii	"int32_t\000"
 2664      325F7400 
 2665              	.LASF4:
 2666 04b3 756E7369 		.ascii	"unsigned char\000"
 2666      676E6564 
 2666      20636861 
 2666      7200
 2667              	.LASF130:
 2668 04c1 6E657773 		.ascii	"newstate\000"
 2668      74617465 
 2668      00
 2669              	.LASF55:
 2670 04ca 72666375 		.ascii	"rfcu_t\000"
 2670      5F7400
 2671              	.LASF5:
 2672 04d1 73686F72 		.ascii	"short int\000"
 2672      7420696E 
 2672      7400
 2673              	.LASF89:
 2674 04db 6C617374 		.ascii	"lasttime\000"
ARM GAS  C:\Users\angio\AppData\Local\Temp\ccSeXO4x.s 			page 53


 2674      74696D65 
 2674      00
 2675              	.LASF76:
 2676 04e4 78707372 		.ascii	"xpsr\000"
 2676      00
 2677              	.LASF140:
 2678 04e9 63685365 		.ascii	"chSemFastSignalI\000"
 2678      6D466173 
 2678      74536967 
 2678      6E616C49 
 2678      00
 2679              	.LASF105:
 2680 04fa 65776D61 		.ascii	"ewmask\000"
 2680      736B00
 2681              	.LASF20:
 2682 0501 746D6F64 		.ascii	"tmode_t\000"
 2682      655F7400 
 2683              	.LASF133:
 2684 0509 5F5F6675 		.ascii	"__func__\000"
 2684      6E635F5F 
 2684      00
 2685              	.LASF141:
 2686 0512 63685654 		.ascii	"chVTIsArmedI\000"
 2686      49734172 
 2686      6D656449 
 2686      00
 2687              	.LASF117:
 2688 051f 73656D61 		.ascii	"semaphore_t\000"
 2688      70686F72 
 2688      655F7400 
 2689              	.LASF83:
 2690 052b 63685F76 		.ascii	"ch_virtual_timer\000"
 2690      69727475 
 2690      616C5F74 
 2690      696D6572 
 2690      00
 2691              	.LASF106:
 2692 053c 63685F73 		.ascii	"ch_semaphore\000"
 2692      656D6170 
 2692      686F7265 
 2692      00
 2693              	.LASF132:
 2694 0549 63685363 		.ascii	"chSchGoSleepS\000"
 2694      68476F53 
 2694      6C656570 
 2694      5300
 2695              	.LASF94:
 2696 0557 72656769 		.ascii	"registry_t\000"
 2696      73747279 
 2696      5F7400
 2697              	.LASF16:
 2698 0562 75696E74 		.ascii	"uint32_t\000"
 2698      33325F74 
 2698      00
 2699              	.LASF104:
 2700 056b 77746D74 		.ascii	"wtmtxp\000"
 2700      787000
ARM GAS  C:\Users\angio\AppData\Local\Temp\ccSeXO4x.s 			page 54


 2701              	.LASF134:
 2702 0572 63685363 		.ascii	"chSchReadyI\000"
 2702      68526561 
 2702      64794900 
 2703              	.LASF30:
 2704 057e 6F776E65 		.ascii	"owner\000"
 2704      7200
 2705              	.LASF81:
 2706 0584 72656773 		.ascii	"regs\000"
 2706      00
 2707              	.LASF2:
 2708 0589 6C6F6E67 		.ascii	"long double\000"
 2708      20646F75 
 2708      626C6500 
 2709              	.LASF32:
 2710 0595 77616261 		.ascii	"wabase\000"
 2710      736500
 2711              	.LASF58:
 2712 059c 63686172 		.ascii	"char\000"
 2712      00
 2713              	.LASF85:
 2714 05a1 66756E63 		.ascii	"func\000"
 2714      00
 2715              	.LASF8:
 2716 05a6 5F5F696E 		.ascii	"__int32_t\000"
 2716      7433325F 
 2716      7400
 2717              	.LASF50:
 2718 05b0 636F6E66 		.ascii	"config\000"
 2718      696700
 2719              	.LASF154:
 2720 05b7 474E5520 		.ascii	"GNU C17 10.3.1 20210824 (release) -mcpu=cortex-m4 -"
 2720      43313720 
 2720      31302E33 
 2720      2E312032 
 2720      30323130 
 2721 05ea 6D746875 		.ascii	"mthumb -mfloat-abi=soft -march=armv7e-m -ggdb -O0 -"
 2721      6D62202D 
 2721      6D666C6F 
 2721      61742D61 
 2721      62693D73 
 2722 061d 666F6D69 		.ascii	"fomit-frame-pointer -falign-functions=16 -ffunction"
 2722      742D6672 
 2722      616D652D 
 2722      706F696E 
 2722      74657220 
 2723 0650 2D736563 		.ascii	"-sections -fdata-sections -fno-common -flto\000"
 2723      74696F6E 
 2723      73202D66 
 2723      64617461 
 2723      2D736563 
 2724              	.LASF144:
 2725 067c 706F7274 		.ascii	"port_unlock_from_isr\000"
 2725      5F756E6C 
 2725      6F636B5F 
 2725      66726F6D 
 2725      5F697372 
ARM GAS  C:\Users\angio\AppData\Local\Temp\ccSeXO4x.s 			page 55


 2726              	.LASF28:
 2727 0691 74687265 		.ascii	"thread_t\000"
 2727      61645F74 
 2727      00
 2728              	.LASF84:
 2729 069a 646C6973 		.ascii	"dlist\000"
 2729      7400
 2730              	.LASF60:
 2731 06a0 73797374 		.ascii	"systime_t\000"
 2731      696D655F 
 2731      7400
 2732              	.LASF87:
 2733 06aa 76746675 		.ascii	"vtfunc_t\000"
 2733      6E635F74 
 2733      00
 2734              	.LASF148:
 2735 06b3 5F5F7365 		.ascii	"__set_BASEPRI\000"
 2735      745F4241 
 2735      53455052 
 2735      4900
 2736              	.LASF57:
 2737 06c1 70616E69 		.ascii	"panic_msg\000"
 2737      635F6D73 
 2737      6700
 2738              	.LASF97:
 2739 06cb 70717565 		.ascii	"pqueue\000"
 2739      756500
 2740              	.LASF44:
 2741 06d2 63685F6F 		.ascii	"ch_os_instance\000"
 2741      735F696E 
 2741      7374616E 
 2741      636500
 2742              	.LASF126:
 2743 06e1 63685363 		.ascii	"chSchIsPreemptionRequired\000"
 2743      68497350 
 2743      7265656D 
 2743      7074696F 
 2743      6E526571 
 2744              	.LASF47:
 2745 06fb 7265676C 		.ascii	"reglist\000"
 2745      69737400 
 2746              	.LASF6:
 2747 0703 73686F72 		.ascii	"short unsigned int\000"
 2747      7420756E 
 2747      7369676E 
 2747      65642069 
 2747      6E7400
 2748              	.LASF122:
 2749 0716 63685363 		.ascii	"chSchDoPreemption\000"
 2749      68446F50 
 2749      7265656D 
 2749      7074696F 
 2749      6E00
 2750              	.LASF69:
 2751 0728 63685F70 		.ascii	"ch_priority_queue\000"
 2751      72696F72 
 2751      6974795F 
ARM GAS  C:\Users\angio\AppData\Local\Temp\ccSeXO4x.s 			page 56


 2751      71756575 
 2751      6500
 2752              	.LASF145:
 2753 073a 706F7274 		.ascii	"port_lock_from_isr\000"
 2753      5F6C6F63 
 2753      6B5F6672 
 2753      6F6D5F69 
 2753      737200
 2754              	.LASF113:
 2755 074d 6D61696E 		.ascii	"mainthread_end\000"
 2755      74687265 
 2755      61645F65 
 2755      6E6400
 2756              	.LASF128:
 2757 075c 63685363 		.ascii	"chSchWakeupS\000"
 2757      6857616B 
 2757      65757053 
 2757      00
 2758              	.LASF116:
 2759 0769 6F735F69 		.ascii	"os_instance_config_t\000"
 2759      6E737461 
 2759      6E63655F 
 2759      636F6E66 
 2759      69675F74 
 2760              	.LASF107:
 2761 077e 63685F6D 		.ascii	"ch_mutex\000"
 2761      75746578 
 2761      00
 2762              	.LASF149:
 2763 0787 62617365 		.ascii	"basePri\000"
 2763      50726900 
 2764              	.LASF45:
 2765 078f 726C6973 		.ascii	"rlist\000"
 2765      7400
 2766              	.LASF14:
 2767 0795 75696E74 		.ascii	"uint8_t\000"
 2767      385F7400 
 2768              	.LASF34:
 2769 079d 666C6167 		.ascii	"flags\000"
 2769      7300
 2770              	.LASF143:
 2771 07a3 63685379 		.ascii	"chSysLockFromISR\000"
 2771      734C6F63 
 2771      6B46726F 
 2771      6D495352 
 2771      00
 2772              	.LASF120:
 2773 07b4 63685363 		.ascii	"chSchDoYieldS\000"
 2773      68446F59 
 2773      69656C64 
 2773      5300
 2774              	.LASF129:
 2775 07c2 63685363 		.ascii	"chSchGoSleepTimeoutS\000"
 2775      68476F53 
 2775      6C656570 
 2775      54696D65 
 2775      6F757453 
ARM GAS  C:\Users\angio\AppData\Local\Temp\ccSeXO4x.s 			page 57


 2776              	.LASF96:
 2777 07d7 6C697374 		.ascii	"list\000"
 2777      00
 2778              	.LASF147:
 2779 07dc 706F7274 		.ascii	"port_lock\000"
 2779      5F6C6F63 
 2779      6B00
 2780              	.LASF115:
 2781 07e6 69646C65 		.ascii	"idlethread_end\000"
 2781      74687265 
 2781      61645F65 
 2781      6E6400
 2782              	.LASF39:
 2783 07f5 6D74786C 		.ascii	"mtxlist\000"
 2783      69737400 
 2784              	.LASF18:
 2785 07fd 706F7274 		.ascii	"port_stkalign_t\000"
 2785      5F73746B 
 2785      616C6967 
 2785      6E5F7400 
 2786              		.text
 2787              		.section	.gnu.lto_.inline.1f2b0c6e,"e",%progbits
 2788 0000 789C9553 		.ascii	"x\234\225SKr\3020\014}\310\016\015\016\004J\241\351"
 2788      4B72C230 
 2788      0C7DC80E 
 2788      0D0E044A 
 2788      A1E9
 2789 0012 74D32E7B 		.ascii	"t\323.{\232\234\202O{\211N\273\353\242\013\037\201%"
 2789      9A9C824F 
 2789      7B894EBB 
 2789      EBA20B1F 
 2789      8125
 2790 0024 C7E0083D 		.ascii	"\307\340\010=\002GARpf\334\220\001{\021?+O\226\364d"
 2790      02474152 
 2790      7066DC90 
 2790      017B113F 
 2790      2B4F96F4 
 2791 0039 BD5AB4AB 		.ascii	"\275Z\264\253\002F_\274h\003P\031\220\3057\243O\002"
 2791      02465FBC 
 2791      68035019 
 2791      90C537A3 
 2791      4F02
 2792 004b 3165809C 		.ascii	"1e\200\234\017\007\263f\3068\240\210A\260\342iV\014"
 2792      0F07B366 
 2792      C638A088 
 2792      41B0E269 
 2792      560C
 2793 005d 5B1431CC 		.ascii	"[\0241\314U\206E\246\321%\3120\240\210\221A\354\007"
 2793      558645A6 
 2793      D125CA30 
 2793      A0889141 
 2793      EC07
 2794 006f 65E40145 		.ascii	"e\344\001E\214!\244\202\235\221Z\236\002\212\030R\015"
 2794      8C21A482 
 2794      9D915A9E 
 2794      028A1852 
 2794      0D
ARM GAS  C:\Users\angio\AppData\Local\Temp\ccSeXO4x.s 			page 58


 2795 0080 C8D7B8BB 		.ascii	"\310\327\270\273\235\232\253B\236\266\275\231\331\011"
 2795      9D9AAB42 
 2795      9EB6BD99 
 2795      D909
 2796 008e 94EAEB11 		.ascii	"\224\352\353\021^\330\274\247\017>\2771:v\325tr5\025"
 2796      5ED8BCA7 
 2796      0F3EBF31 
 2796      3A76D574 
 2796      723515
 2797 00a1 027DFD7F 		.ascii	"\002}\375\177o\3766_\227\020\267\300\214\315?\364\316"
 2797      6FFE365F 
 2797      9710B7C0 
 2797      8CCD3FF4 
 2797      CE
 2798 00b2 6741BB4E 		.ascii	"gA\273N\\3n\"\204}\222\354Q6\372\253d\244\371t\272|"
 2798      5C336E22 
 2798      847D92EC 
 2798      5136FAAB 
 2798      64A4F974 
 2799 00c8 664E55DC 		.ascii	"fNU\334\243f>\327N\365\335=C\305\306_\325\353\362\353"
 2799      A3663ED7 
 2799      4EF5DD3D 
 2799      43C5C65F 
 2799      D5EBF2EB 
 2800 00dc 8B153A3B 		.ascii	"\213\025:;\266\326\254\324\247\303]\362\365=\026\252"
 2800      B6D6ACD4 
 2800      A7C35DF2 
 2800      F53D16AA 
 2801 00ec BD54F41C 		.ascii	"\275T\364\0342\275\0305xk\227\245\305s8\225`\333?\004"
 2801      32BD1835 
 2801      786B97A5 
 2801      C5733895 
 2801      60DB3F04 
 2802 0100 AE1D1971 		.ascii	"\256\035\031qx\270:\023\213d}\227\251I<\246:T\220\\"
 2802      78B83A13 
 2802      8B647D97 
 2802      A9493CA6 
 2802      3A54905C 
 2803 0114 FF8C3838 		.ascii	"\377\21488\235\302\316$\027qN8\001\370\032\314\234"
 2803      9DC2CE24 
 2803      17714E38 
 2803      01F81ACC 
 2803      9C
 2804              		.text
 2805              		.section	.gnu.lto_.jmpfuncs.1f2b0c6e,"e",%progbits
 2806 0000 789C6362 		.ascii	"x\234cb@\006\000\000*\000\003"
 2806      40060000 
 2806      2A0003
 2807              		.text
 2808              		.section	.gnu.lto_.lto.1f2b0c6e,"e",%progbits
 2809 0000 09000400 		.ascii	"\011\000\004\000\001\000\000\000"
 2809      01000000 
 2810              		.text
 2811              		.section	.gnu.lto_ch_queue_dequeue.25.1f2b0c6e,"e",%progbits
 2812 0000 789C7D92 		.ascii	"x\234}\222Oh\023A\024\306\337\267o\033lA\017\"^<X\020"
 2812      4F681341 
 2812      14C6DFB7 
ARM GAS  C:\Users\angio\AppData\Local\Temp\ccSeXO4x.s 			page 59


 2812      6F1B6C41 
 2812      0F225E3C 
 2813 0016 11856E92 		.ascii	"\021\205n\222\032\243x\022B\360\242\026\332\352) f\023"
 2813      1AA37812 
 2813      42F0A216 
 2813      DAEA2920 
 2813      6613
 2814 0028 C9623125 		.ascii	"\311b1%\233\240\267L\012z\210\332\364\017(H\354!D\251"
 2814      9BA0B74C 
 2814      0A7A88DA 
 2814      F40F2848 
 2814      EC2144A9 
 2815 003c 78F052B1 		.ascii	"x\360R\261\305\"\213T/\"\210'=)x\022D\202\227V\024\343"
 2815      C5228B54 
 2815      2F228827 
 2815      3D297812 
 2815      44829756 
 2816 0052 9BDD6252 		.ascii	"\233\335bR\224\014\273\217\231\267\277\357{of\366\234"
 2816      940CBB8F 
 2816      99B7BFEF 
 2816      7B6F66F6 
 2816      9C
 2817 0063 41749588 		.ascii	"At\225\210\"\362\222I\230\233\255\032\324n\267\313\246"
 2817      22F29249 
 2817      989BAD1A 
 2817      D46EB7CB 
 2817      A6
 2818 0074 81F9D9EA 		.ascii	"\201\371\331\352\307\367K&V\340'\030\025\323\237\200"
 2818      C7F74B26 
 2818      56E02718 
 2818      15D39F80 
 2819 0084 CA06A38C 		.ascii	"\312\006\243\214y\2563\346\270\311\004ss\006\014\036"
 2819      79AE33E6 
 2819      B8C90473 
 2819      73060C1E 
 2820 0094 F494DAB8 		.ascii	"\364\224\332\270\277\360\373\313\216\372\242g6\331\240"
 2820      BFF0FBCB 
 2820      8EFAA267 
 2820      36D9A0
 2821 00a3 05019E00 		.ascii	"\005\001\236\000K\3205\004\344\014\035\020\350\355\306"
 2821      4BD03504 
 2821      E40C1D10 
 2821      E8EDC6
 2822 00b2 B252FD24 		.ascii	"\262R\375$\004\236\242\213\221\304\305\351=D!\322J\031"
 2822      049EA28B 
 2822      91C4C5E9 
 2822      3D4421D2 
 2822      4A19
 2823 00c4 92C37EEF 		.ascii	"\222\303~\357\232j\335x}}z\327Le\333?\246\364\370]\237"
 2823      9A6ADD78 
 2823      7D7D7AD7 
 2823      4C65DB3F 
 2823      A6F4F85D 
 2824 00d9 A77EB56B 		.ascii	"\247~\265kJ\255\217\374\254\177\036\030\200\2661t`\035"
 2824      4AAD8FFC 
 2824      AC7F1E18 
 2824      80B63174 
ARM GAS  C:\Users\angio\AppData\Local\Temp\ccSeXO4x.s 			page 60


 2824      601D
 2825 00eb 4C1D42C0 		.ascii	"L\035B\3002\374\202D5\326\273\364\307^\261\230a\243"
 2825      32FC8244 
 2825      35D6BBF4 
 2825      C75EB198 
 2825      61A3
 2826 00fd B3047DC3 		.ascii	"\263\004}\303\324\352\312Z\262\301\330\334\227\001\335"
 2826      D4EACA5A 
 2826      B2C1D8DC 
 2826      9701DD
 2827 010c F80328A5 		.ascii	"\370\003(\245\244:78\204g\240H\2604\260\212{~\247Z\367"
 2827      A43A3738 
 2827      8467A048 
 2827      B034B08A 
 2827      7B7EA75A 
 2828 0121 7077838D 		.ascii	"pw\203\215^\360s\201\021\300\255\352\233\277\350\342"
 2828      5EF07381 
 2828      11C0ADEA 
 2828      9BBFE8E2 
 2829 0131 769FC516 		.ascii	"v\237\305\026\326\013Xq\364\275\177\350\236\270\227"
 2829      D60B5871 
 2829      F4BD7FE8 
 2829      9EB897
 2830 0140 F98B8EB9 		.ascii	"\371\213\216\271\337\211\331\013^\353\264\375\237Nx"
 2830      DF89D90B 
 2830      5EEBB4FD 
 2830      9F4E78
 2831 014f 0BFB2A60 		.ascii	"\013\373*`\305Q\343w?\274\354kp\277\030\222><\356:<"
 2831      C551E377 
 2831      3FBCEC6B 
 2831      70BF1892 
 2831      3E3CEE3A 
 2832 0164 7C45E504 		.ascii	"|E\345\004\355\023]\353\346#5\210\246(\202{\324\343"
 2832      ED135DEB 
 2832      E6233588 
 2832      A628827B 
 2832      D4E3
 2833 0176 3BA63EDD 		.ascii	";\246>\335\271}\013\362S\211^gj\214\356\233 \212'\216"
 2833      B97D0BF2 
 2833      53895E67 
 2833      6A8CEE9B 
 2833      208A278E 
 2834 018a A7123927 		.ascii	"\247\0229'\355\214\025K\031'\237\272\222/\\r'/\330\331"
 2834      ED8C154B 
 2834      19279FBA 
 2834      922F5C72 
 2834      272FD8D9 
 2835 019e F325375B 		.ascii	"\363%7[H\215\216\017\215\215\237><|2v46\232\034:s6q"
 2835      488D8E0F 
 2835      8D8D9F3E 
 2835      3C7C3276 
 2835      34369A1C 
 2836 01b6 2A39128F 		.ascii	"*9\022\217\321!\313\012\313cke\336\035\216F\243\341"
 2836      D121CB0A 
 2836      CB636B65 
 2836      DE1D8E46 
 2836      A3E1
ARM GAS  C:\Users\angio\AppData\Local\Temp\ccSeXO4x.s 			page 61


 2837 01c8 BC1B2E14 		.ascii	"\274\033.\024\303\316e{\242\224\311\312\227\011\307"
 2837      C3CE657B 
 2837      A294C9CA 
 2837      9709C7
 2838 01d7 2DBA568E 		.ascii	"-\272V\2160\271\323\316\271v.c\331\326\221X\344X:\236"
 2838      30B9D3CE 
 2838      B9762E63 
 2838      D9D69158 
 2838      E4583A9E 
 2839 01eb B6E90F37 		.ascii	"\266\351\0177L\361o"
 2839      4CF16F
 2840              		.text
 2841              		.section	.gnu.lto_ch_pqueue_remove_highest.27.1f2b0c6e,"e",%progbits
 2842 0000 789C6D92 		.ascii	"x\234m\222Kh\023Q\024\206\317\177\357D\343\246\210\217"
 2842      4B681351 
 2842      1486CF7F 
 2842      EF44E3A6 
 2842      888F
 2843 0012 4D372D48 		.ascii	"M7-H\021\205\346Qc\024WB(n|@[7\022\0203\011L\260\230"
 2843      1185E651 
 2843      63145742 
 2843      286E7C40 
 2843      5B371210 
 2844 002b 984970A1 		.ascii	"\230Ip\241\220\233J\025Rl\372\000Ei\273\010\251\024"
 2844      909B4A15 
 2844      526CFA00 
 2844      4569BB08 
 2844      A914
 2845 003d 05BBA968 		.ascii	"\005\273\251h}\006\025\037\010*\256\025\\X\255 \022"
 2845      7D06151F 
 2845      082AAE15 
 2845      5C58AD20 
 2845      12
 2846 004e 04514188 		.ascii	"\004QA\210\347NZ\223\001\0173\227{\316|\377\177\317"
 2846      E74E5A93 
 2846      010F3397 
 2846      7BCE7CFF 
 2846      7FCF
 2847 0060 9C992382 		.ascii	"\234\231#\202\350\014\021\005\370&\20301^\024T\257\327"
 2847      E80C1105 
 2847      F8268330 
 2847      315E1454 
 2847      AFD7
 2848 0072 F386C0E4 		.ascii	"\363\206\300\344x\361\347\273\005\003w\341\024$\012"
 2848      78F1E7BB 
 2848      050377E1 
 2848      14240A
 2849 0081 86B301E5 		.ascii	"\206\263\001\345\205D\036\223rJbBV$\301X\331\001\235"
 2849      85441E93 
 2849      724A6242 
 2849      5624C158 
 2849      D9019D
 2850 0094 DBAA4AFD 		.ascii	"\333\252J\375\232\235y>\262qj\256jT\244\240\031\006"
 2850      9A9D793E 
 2850      B2716AAE 
 2850      6A54A4A0 
 2850      1906
ARM GAS  C:\Users\angio\AppData\Local\Temp\ccSeXO4x.s 			page 62


 2851 00a6 6E020BD0 		.ascii	"n\002\013\320g0(\343\264\225\2417\327\316\236W\3535"
 2851      673028E3 
 2851      B495A137 
 2851      D7CE9E57 
 2851      EB35
 2852 00b8 815B6861 		.ascii	"\201[ha\270`-\2677\310\323z\355b\270\366bd\264m\254"
 2852      B8602DB7 
 2852      37C8D37A 
 2852      ED62B8F6 
 2852      6264B46D 
 2853 00cd E0D5F422 		.ascii	"\340\325\364\"\\\216\326\217\3665\204;\320\347ppMtU"
 2853      5C8ED68F 
 2853      F635843B 
 2853      D0E77070 
 2853      4D7455
 2854 00e0 8755EDD5 		.ascii	"\207U\355\325\313s\243\233\032\022w\013\032\236\177"
 2854      CB73A39B 
 2854      1A12770B 
 2854      1A9E7F
 2855 00ef EBA9AA3F 		.ascii	"\353\251\252?\365\222R\317\242\363\217\037\336\300:"
 2855      F59252CF 
 2855      A2F38F1F 
 2855      DEC03A
 2856 00fe E883855E 		.ascii	"\350\203\205^\014\3406<\232\362\352\224\250$\365H\234"
 2856      0CE0363C 
 2856      9AF2EA94 
 2856      A824F548 
 2856      9C
 2857 010f E8608731 		.ascii	"\350`\2071)\232)\350\033\206\356\375\3768\274\266,="
 2857      299A29E8 
 2857      1B86EEFD 
 2857      FE38BCB6 
 2857      2C3D
 2858 0121 2B5310D0 		.ascii	"+S\020\320m_\205Rj\271\243\"eY\032\270\017\012p\356"
 2858      6D5F8552 
 2858      6AB9A322 
 2858      65591AB8 
 2858      0F0A70EE 
 2859 0135 BCC0034C 		.ascii	"\274\300\003L;\255:\312\245%OYb\225\367:\270\307\205"
 2859      3BAD3ACA 
 2859      A5254F59 
 2859      6295F73A 
 2859      B8C785
 2860 0148 579B78AD 		.ascii	"W\233x\255\370^\254\242s\362?\326\217\032,;:\356\227"
 2860      F85EACA2 
 2860      73F23FD6 
 2860      8F1A2C3B 
 2860      3AEE97
 2861 015b 3FB1B970 		.ascii	"?\261\271p\233\273\005O\232\346W\276l\376\347\335\346"
 2861      9BBB054F 
 2861      9AE657BE 
 2861      6CFEE7DD 
 2861      E6
 2862 016c A0C2853E 		.ascii	"\240\302\205>e\024\332\333\320\364\305\305\317\263\214"
 2862      6514DADB 
 2862      D0F4C5C5 
 2862      CFB38C
ARM GAS  C:\Users\angio\AppData\Local\Temp\ccSeXO4x.s 			page 63


 2863 017b 78B95BD2 		.ascii	"x\271[\3223\221-3\301W\024\366\322\026\026\326^_W\235"
 2863      33912D33 
 2863      C15714F6 
 2863      D21616D6 
 2863      5E5F579D 
 2864 018f A8B0A4F1 		.ascii	"\250\260\244\361ut|\307\320\207\351K\027\300?\026\353"
 2864      75747CC7 
 2864      D087E94B 
 2864      17C03F16 
 2864      EB
 2865 01a0 75A524D1 		.ascii	"u\245$\321:`\242pdO4b%c\311\376l.\236LEO\2452\307\355"
 2865      3A60A270 
 2865      644F3462 
 2865      2563C9FE 
 2865      6C2E9E4C 
 2866 01ba F4313371 		.ascii	"\36413q4g'2\321\276\201\356\376\201\003;z\366\205v\205"
 2866      34672732 
 2866      D1BE81EE 
 2866      FE81033B 
 2866      7AF68576 
 2867 01cf FA7ABB0F 		.ascii	"\372z\273\017\036\216\354\357=\024\016\321v\237\317"
 2867      1E8EECEF 
 2867      3D140ED1 
 2867      769FCF
 2868 01de CF97A995 		.ascii	"\317\227\251\225)\273'\030\014\372S\266?\223\365'O\230"
 2868      29BB2718 
 2868      0CFA53B6 
 2868      3F93F527 
 2868      4F98
 2869 01f0 83B97882 		.ascii	"\203\271x\202\237\014&\355\254\355\263H\246O\2467\230"
 2869      9F0C26ED 
 2869      ACEDB348 
 2869      A64FA637 
 2869      98
 2870 0201 966D5A71 		.ascii	"\226mZq\237\351\333\031\012\354\216\205c&!\375\027\310"
 2870      9FE9DB19 
 2870      0AEC8E85 
 2870      632621FD 
 2870      17C8
 2871 0213 91F764   		.ascii	"\221\367d"
 2872              		.text
 2873              		.section	.gnu.lto_ch_pqueue_insert_behind.28.1f2b0c6e,"e",%progbits
 2874 0000 789C7D92 		.ascii	"x\234}\222\337KSq\024\300\317\371\236{\267k3K\363\311"
 2874      DF4B5371 
 2874      14C0CFF9 
 2874      9E7BB76B 
 2874      334BF3C9 
 2875 0014 97848828 		.ascii	"\227\204\210(pS[\026=\005\"\275T\202\332\233\024y'l"
 2875      70535B16 
 2875      3D0522BD 
 2875      5482DA9B 
 2875      1479276C 
 2876 0028 246D7995 		.ascii	"$my\225\036\012\274\376Jp\225?\312\"1\211\313\022\203"
 2876      1E0ABCFE 
 2876      4A70953F 
 2876      CA223189 
 2876      CB1283
ARM GAS  C:\Users\angio\AppData\Local\Temp\ccSeXO4x.s 			page 64


 2877 003b 7E9251F6 		.ascii	"~\222Q\366\303FjDeH\377@\275\010\011%\243\2272\224u"
 2877      C3466A44 
 2877      6548FF40 
 2877      BD080925 
 2877      A3973294 
 2878 0050 BE779B9B 		.ascii	"\276w\233\233\231}\331\316\276\347|?\347\347\316M\002"
 2878      997DD9CE 
 2878      BEE77C3F 
 2878      E7E7CE4D 
 2878      02
 2879 0061 38070095 		.ascii	"8\007\000\225\374\005\025\260\277\257[@<\036oQ\204h"
 2879      FC0515B0 
 2879      BFAF5B40 
 2879      3C1E6F51 
 2879      8468
 2880 0073 7B1816F8 		.ascii	"{\030\026\370\034m\255\275/\307\376%\274\322\327\375"
 2880      1C6DADBD 
 2880      2FC7FE25 
 2880      BCD2D7FD 
 2881 0083 F9ABD756 		.ascii	"\371\253\327V\024lU\354\013B\213 \005[\204\200\364\271"
 2881      146C55EC 
 2881      0B428B20 
 2881      055B8480 
 2881      F4B9
 2882 0095 4C4384FD 		.ascii	"LC\204\375\024!@%yC,\334\0315\315_\267\206\277\207\267"
 2882      14214025 
 2882      79432CDC 
 2882      1935CD5F 
 2882      B786BF87 
 2883 00aa 0C8D4695 		.ascii	"\014\215F\225\010\011\030f\3401\342\030J'\006\311\007"
 2883      08091866 
 2883      E031E218 
 2883      4A2706C9 
 2883      07
 2884 00bb 3B189ABD 		.ascii	";\030\232\275\335\336en\226\004>\301\014\206\015\376"
 2884      DDDE656E 
 2884      96043EC1 
 2884      0C860DFE 
 2885 00cb 8902C99D 		.ascii	"\211\002\311\235\265\271\007\013\341\0247\3767\367\276"
 2885      B5B9070B 
 2885      E11437FE 
 2885      37F7BE
 2886 00da 00C00132 		.ascii	"\000\300\0012\003\037\266\341\366h\247\031\013\317\234"
 2886      031FB6E1 
 2886      F668A719 
 2886      0BCF9C
 2887 00e9 BF94DFDB 		.ascii	"\277\224\337\333\252\255I\016\367?\251Qs)\336c\232?"
 2887      AAAD490E 
 2887      F73FA951 
 2887      7329DE63 
 2887      9A3F
 2888 00fb 8FDD997C 		.ascii	"\217\335\231|4\206y\310q\030cA,\024\205\205\252J\341"
 2888      348679C8 
 2888      71186341 
 2888      2C148585 
 2888      AA4AE1
 2889 010e 90099C52 		.ascii	"\220\011\234Rh\200O1\013Y\270\344-\033\361\031\346\312"
ARM GAS  C:\Users\angio\AppData\Local\Temp\ccSeXO4x.s 			page 65


 2889      68804F31 
 2889      0B59B8E4 
 2889      2D1BF119 
 2889      E6CA
 2890 0120 07801E92 		.ascii	"\007\200\036\222\263\264\317V\316\320K\"\255\".`\333"
 2890      B3B4CF56 
 2890      CED04B22 
 2890      AD222E60 
 2890      DB
 2891 0131 8BF1E501 		.ascii	"\213\361\345\001\262\310\225\234\217@9\200\0214MstS"
 2891      B2C8959C 
 2891      8F403980 
 2891      11344D73 
 2891      7453
 2892 0143 841C1669 		.ascii	"\204\034\026i\370\022\241\230uY-N\340\015\273\025\351"
 2892      F812A198 
 2892      75592D4E 
 2892      E00DBB15 
 2892      E9
 2893 0154 B9B83CCD 		.ascii	"\271\270<\315\236\230\3425\033we\340N\2142\216I<\313"
 2893      9E98E235 
 2893      1B7765E0 
 2893      4E8C328E 
 2893      493CCB
 2894 0167 22B19ACD 		.ascii	"\"\261\232\315^\305\276^a\333_t\241E26\273H\337%\251"
 2894      5EC5BE5E 
 2894      61DB5F74 
 2894      A1453236 
 2894      BB48DF25 
 2895 017c 2B6C8218 		.ascii	"+l\202\030v\026Z\244v\240#B\332\260\344\371A\026\256"
 2895      76165AA4 
 2895      76A02342 
 2895      DAB0E4F9 
 2895      4116AE
 2896 018f CA3965C1 		.ascii	"\3129e\301<v\314O\3460\201\323\366@\177\243f\261Ya\314"
 2896      3C76CC4F 
 2896      E63081D3 
 2896      F6407FA3 
 2896      66B15961 
 2897 01a4 25EEBD9A 		.ascii	"%\356\275\232\323x\235x\012\2241\005\231`p<>\240\256"
 2897      D3789D78 
 2897      0A943105 
 2897      9960703C 
 2897      3EA0AE
 2898 01b7 342ED654 		.ascii	"4.\326T'\360M\242q\016\223\350=>\247Z\344X\277w\201"
 2898      27F04DA2 
 2898      710E93E8 
 2898      3D3EA75A 
 2898      E458BF77 
 2899 01cc 6FD94324 		.ascii	"o\331C$z\217u\317\210\377F\177\227`9\242\035\375\372"
 2899      7A8F75CF 
 2899      88FF467F 
 2899      976039A2 
 2899      1DFDFA
 2900 01df 1413CEF5 		.ascii	"\024\023\316\365\207%\360C:\370\340|\376J\354\2156\352"
 2900      8725F043 
 2900      3AF8E07C 
ARM GAS  C:\Users\angio\AppData\Local\Temp\ccSeXO4x.s 			page 66


 2900      FE4AEC8D 
 2900      36EA
 2901 01f1 5C857E4C 		.ascii	"\\\205~LU\236m\323\213SW\323\235\322?\352\236M\325\222"
 2901      559E6DD3 
 2901      8B5357D3 
 2901      9DD23FEA 
 2901      9E4DD592 
 2902 0205 E4A747F8 		.ascii	"\344\247G\370\237\310\225\252\334\037%s\177\276a\353"
 2902      9FC895AA 
 2902      DC1F2573 
 2902      7FBE61EB 
 2903 0215 01D8C68E 		.ascii	"\001\330\306\216\261\013w\315B\214\320\206\344\246\313"
 2903      B10B77CD 
 2903      428CD086 
 2903      E4A6CB
 2904 0224 F303DBBE 		.ascii	"\363\003\333\276\\\033\274\210<q\366\227\226\036\302"
 2904      5C1BBC88 
 2904      3C71F697 
 2904      961EC2
 2905 0233 CC650428 		.ascii	"\314e\004(+\337_[\356\017\324\005\252\233\232}\201`"
 2905      2BDF5F5B 
 2905      EE0FD405 
 2905      AA9B9A7D 
 2905      8160
 2906 0245 ED9960E3 		.ascii	"\355\231`\343I#tB\257?\336l\3247\326V\325\024U\327\034"
 2906      49237442 
 2906      AF3FDE6C 
 2906      D437D656 
 2906      D51455D7 
 2907 025a DE5D7AD0 		.ascii	"\336]z\320\273\327[UQt\344h\371\241\212\3122/\354r\273"
 2907      BBD75B55 
 2907      5174E468 
 2907      F9A18ACA 
 2907      322FEC72 
 2908 026f 3DFCD1A5 		.ascii	"=\374\321\245g\320(-))\361\004\015Oc\223'pJoh\366\325"
 2908      67D0282D 
 2908      2929F104 
 2908      0D4F6393 
 2908      27704A6F 
 2909 0286 F34B43C0 		.ascii	"\363KC\300h2\334~\240\320\351P\236\3567t\277\317\255"
 2909      6832DC7E 
 2909      A0D0E950 
 2909      9EEE3774 
 2909      BFCFAD
 2910 0299 BBF7788B 		.ascii	"\273\367x\213\367\325\225\325\351\200\241?~\275\\\362"
 2910      F7D595D5 
 2910      E980A13F 
 2910      7EBD5CF2 
 2911              		.text
 2912              		.section	.gnu.lto_ch_pqueue_insert_ahead.29.1f2b0c6e,"e",%progbits
 2913 0000 789C7D92 		.ascii	"x\234}\222]HSq\024\300\317\371\237{\267k\263\017\315"
 2913      5D485371 
 2913      14C0CFF9 
 2913      9F7BB76B 
 2913      B30FCD
 2914 0013 275F1222 		.ascii	"'_\022\"\242\300MmY\364\024\210\364R\011joB\344\235"
 2914      A2C04D6D 
ARM GAS  C:\Users\angio\AppData\Local\Temp\ccSeXO4x.s 			page 67


 2914      59F41488 
 2914      F452096A 
 2914      6F42E49D 
 2915 0027 B095B4E5 		.ascii	"\260\225\264\345Uz(\360\372\225`\230\316\304\0073\251"
 2915      557A28F0 
 2915      FA956098 
 2915      CEC40733 
 2915      A9
 2916 0038 CB3249A2 		.ascii	"\3132I\242\202\276\264\017F\222YdH\020\021\224\366P"
 2916      82BEB40F 
 2916      46925964 
 2916      48101194 
 2916      F650
 2917 004a 8120317A 		.ascii	"\201 1z\312\220\326\371\337m:3\373\263\235\375\317\371"
 2917      CA90D6F9 
 2917      DF6D3A33 
 2917      FBB39DFD 
 2917      CFF9
 2918 005c FFCEE7CE 		.ascii	"\377\316\347\316\025\0028\013\000e\374\005\025\260'"
 2918      1502380B 
 2918      0065FC05 
 2918      15B027
 2919 006b DC21201E 		.ascii	"\334! \036\2177*B4\3379/\360\021\332ZKx\203\375K\330"
 2919      8F372A42 
 2919      34DF392F 
 2919      F011DA5A 
 2919      4B7883FD 
 2920 0081 1BEE7831 		.ascii	"\033\356x1\357\265\025\005\233\024\373\202\320(H\301"
 2920      EFB51505 
 2920      9B14FB82 
 2920      D02848C1 
 2921 0091 462160F9 		.ascii	"F!`\371\\\244\001\302\036\212\020\240\222\274!\346\355"
 2921      5CA401C2 
 2921      1E8A10A0 
 2921      92BC21E6 
 2921      ED
 2922 00a2 889AE6CF 		.ascii	"\210\232\346\317k\2037:7\017\014G\225\010\011\030d\340"
 2922      6B83373A 
 2922      370F0C47 
 2922      95080918 
 2922      64E0
 2923 00b4 1EE25D94 		.ascii	"\036\342]\224N\014\222\017\26634=\334\322nn\222\004"
 2923      4E0C920F 
 2923      B633343D 
 2923      DCD26E6E 
 2923      9204
 2924 00c6 3EC03486 		.ascii	">\3004\206\015\376\336\\\311\235\261\271\333#\235)n"
 2924      0DFEDE5C 
 2924      C99DB1B9 
 2924      DB239D29 
 2924      6E
 2925 00d7 F46FEE6A 		.ascii	"\364o\356j.\200\003d\006>l\303m\3216369u\356BNw\223"
 2925      2E800364 
 2925      063E6CC3 
 2925      6DD13633 
 2925      363975EE 
 2926 00ef B62A39DC 		.ascii	"\266*9\334z\253F\315\305x\227i\316\036\037\031\277~"
ARM GAS  C:\Users\angio\AppData\Local\Temp\ccSeXO4x.s 			page 68


 2926      7AAB46CD 
 2926      C5789769 
 2926      CE1E1F19 
 2926      BF7E
 2927 0101 1FB391E3 		.ascii	"\037\263\221\3430\306\202X(\012\013U\225\302!\0238\245"
 2927      30C68258 
 2927      280A0B55 
 2927      95C22113 
 2927      38A5
 2928 0113 D0001F62 		.ascii	"\320\000\037b\006\262p\311[&\342\030f\311\007\200.\222"
 2928      06B270C9 
 2928      5B26E218 
 2928      66C90780 
 2928      2E92
 2929 0125 B3B4CF16 		.ascii	"\263\264\317\026\316\320MbYE\374\216\315\217\027\336"
 2929      CED04D62 
 2929      5945FC8E 
 2929      CD8F17DE 
 2930 0135 F79145AE 		.ascii	"\367\221E\256\344|\004\312\001\014\241i\232\303\033"
 2930      E47C04CA 
 2930      010CA169 
 2930      9AC31B
 2931 0144 23E4B048 		.ascii	"#\344\260H\303'\010\005\254\313j\361)^\266[\221\236"
 2931      C3270805 
 2931      ACCB6AF1 
 2931      295EB65B 
 2931      919E
 2932 0156 A31F27D8 		.ascii	"\243\037'\330\023S\274f\343\2564\334\211Q\3061\211g"
 2932      1353BC66 
 2932      E3AE34DC 
 2932      8951C631 
 2932      8967
 2933 0168 582456B2 		.ascii	"X$V\262\231+\330gKl\313X;Z$c\263\213\364]\224\272\302"
 2933      992BD867 
 2933      4B6CCB58 
 2933      3B5A2463 
 2933      B38BF45D 
 2934 017f 2688615B 		.ascii	"&\210a[\236Ej+:\"\244\015J\236\037d\341\252\234S\006"
 2934      9E456A2B 
 2934      3A22A40D 
 2934      4A9E1F64 
 2934      E1AA9C53 
 2935 0194 CC61EBDC 		.ascii	"\314a\353\334\370\006&\360\271=\320_\250YlV\030s\211"
 2935      F80626F0 
 2935      B93DD05F 
 2935      A8596C56 
 2935      187389
 2936 01a7 DFEFBE6A 		.ascii	"\337\357\276j\274N<\005J\233\202L\320\277\360\251O]"
 2936      BC4E3C05 
 2936      4A9B824C 
 2936      D0BFF0A9 
 2936      4F5D
 2937 01b9 6A5CACAA 		.ascii	"j\\\254\252N\340D\242q\016\223\350}\346\233j\221c\355"
 2937      4EE044A2 
 2937      710E93E8 
 2937      7DE69B6A 
 2937      9163ED
ARM GAS  C:\Users\angio\AppData\Local\Temp\ccSeXO4x.s 			page 69


 2938 01cc DE054EB2 		.ascii	"\336\005N\262\207H\364\036\353\230\022\377\215\376*"
 2938      8748F41E 
 2938      EB9812FF 
 2938      8DFE2A
 2939 01db C172443B 		.ascii	"\301rD;\372\207\031&\234k\017K\340\353\345\340\375s"
 2939      FA871926 
 2939      9C6B0F4B 
 2939      E0EBE5E0 
 2939      FD73
 2940 01ed 394BB1D7 		.ascii	"9K\261\327\333\250s\005\372&Uy\246M\217\316\246uJ\377"
 2940      DBA87305 
 2940      FA265579 
 2940      A64D8FCE 
 2940      A6754AFF 
 2941 0201 A87B3A55 		.ascii	"\250{:UK\222\3772\304\377D\226T\345\376(\351\3733\217"
 2941      4B92FF32 
 2941      C4FF4496 
 2941      54E5FE28 
 2941      E9FB338F 
 2942 0215 4DFB612B 		.ascii	"M\373a+;\306^\3364\3630B\353\222\233.\317\017l\376\034"
 2942      3BC65EDE 
 2942      34F33042 
 2942      EB929B2E 
 2942      CF0F6CFE 
 2943 022a BED4893C 		.ascii	"\276\324\211<q\366\227\226.\302\364e\004(.\331WU\342"
 2943      71F69796 
 2943      2EC2F465 
 2943      04282ED9 
 2943      5755E2
 2944 023d 0F54072A 		.ascii	"\017T\007*\352\033|\201`\325\351`\335\011#tL\2579\332"
 2944      EA1B7C81 
 2944      60D5E960 
 2944      DD092374 
 2944      4CAF39DA 
 2945 0251 60D4D455 		.ascii	"`\324\324U\225W\346WT\036\332Ut\300\273\307[^\232\177"
 2945      9557E657 
 2945      541EDA55 
 2945      74C0BBC7 
 2945      5B5E9A7F 
 2946 0265 F848C9C1 		.ascii	"\370H\311\301\322\262b/\354t\273=\374\321\245g\320("
 2946      D2B2622F 
 2946      EC74BB3D 
 2946      FCD1A567 
 2946      D028
 2947 0277 2A2C2CF4 		.ascii	"*,,\364\004\015O]\275'pR\257m\360\325\360Km\300\250"
 2947      040D4F5D 
 2947      BD277052 
 2947      AF6DF0D5 
 2947      F04B6DC0 
 2948 028c 37DC7EA0 		.ascii	"7\334~\240\320\251P\266\3567t\277\317\255\273w{\013"
 2948      D0A950B6 
 2948      EE3774BF 
 2948      CFADBB77 
 2948      7B0B
 2949 029e F6561757 		.ascii	"\366V\027W\353\200\241?\220k\\W"
 2949      EB80A13F 
 2949      906B5C57 
ARM GAS  C:\Users\angio\AppData\Local\Temp\ccSeXO4x.s 			page 70


 2950              		.text
 2951              		.section	.gnu.lto_chSysLockFromISR.193.1f2b0c6e,"e",%progbits
 2952 0000 789C7D52 		.ascii	"x\234}RMh\023A\024~og\323*=X\304\213\"\230\036\212\012"
 2952      4D681341 
 2952      147E6F67 
 2952      D32A3D58 
 2952      C48B2298 
 2953 0017 4DB6AD31 		.ascii	"M\266\2551\021oe)RhT\222\210\227bi\266\213Y4\335\260"
 2953      116F6529 
 2953      52685492 
 2953      88976269 
 2953      B68B5934 
 2954 002d 9BA83D65 		.ascii	"\233\250=e\333\200B\213Imk\005\015=\224\010\012\242"
 2954      DB80428B 
 2954      496D6B05 
 2954      0D3D9408 
 2954      0AA2
 2955 003f 5EB43F56 		.ascii	"^\264?V\215-\255\305\203\202\340\311\203\247xl\245\""
 2955      8D2DADC5 
 2955      8382E0C9 
 2955      83A7786C 
 2955      A522
 2956 0051 5A10E29B 		.ascii	"Z\020\342\233\335\304\344 \016\013;\337\373\276\357"
 2956      DDC4E420 
 2956      0E0B3BDF 
 2956      FBBEEF
 2957 0060 FDCC0C13 		.ascii	"\375\314\014\023\000\366!\300y\240\325\0008ykL\200r"
 2957      00F621C0 
 2957      79A0D500 
 2957      38796B4C 
 2957      8072
 2958 0072 B99C1605 		.ascii	"\271\234\026\005\234\312\226V~6\341*\332\230\341t\266"
 2958      9CCA9656 
 2958      7E36E12A 
 2958      DA98E174 
 2958      B6
 2959 0083 34F2388B 		.ascii	"4\3628\213\270\354\004D\274\375h\236\340\222\003]8\362"
 2959      B8EC0444 
 2959      BCFD689E 
 2959      E092035D 
 2959      38F2
 2960 0095 7EF9E905 		.ascii	"~\371\351\005|\346@\204\264\300(\230\306)v\324\262\254"
 2960      7CE64084 
 2960      B4C02898 
 2960      C62976D4 
 2960      B2AC
 2961 00a7 5FF767C7 		.ascii	"_\367g\307sM\326\203\"\026\030\300,\203\352j\250 \314"
 2961      734DD683 
 2961      221618C0 
 2961      2C83EA6A 
 2961      A820CC
 2962 00ba 33B4F788 		.ascii	"3\264\367\210\317\021\252@\300\371\032`\270\340\000"
 2962      CF11AA40 
 2962      C0F91A60 
 2962      B8E000
 2963 00c9 9E6F3D00 		.ascii	"\236o=\000T\213\202\025\032\027\261\216\316\277\313"
 2963      548B8215 
ARM GAS  C:\Users\angio\AppData\Local\Temp\ccSeXO4x.s 			page 71


 2963      1A17B18E 
 2963      CEBFCB
 2964 00d8 6C1E04EA 		.ascii	"l\036\004\352\215RT\005/\260\222l\222\025\250\212X\331"
 2964      8D525405 
 2964      2FB0926C 
 2964      9215A88A 
 2964      58D9
 2965 00ea 09E8A61D 		.ascii	"\011\350\246\035\273kS\207\213\224zz\374\363\207\003"
 2965      BB6B5387 
 2965      8B947A7A 
 2965      FCF38703 
 2966 00fa 79AB2816 		.ascii	"y\253(\026\250\344k\344-\275B|\211\200\274{\366\025"
 2966      A8E46BE4 
 2966      2DBD427C 
 2966      8980BC7B 
 2966      F615
 2967 010c 7FEC2769 		.ascii	"\177\354'i\253-\275qo\261m5cmX\177\305P\023\323X\225"
 2967      AB2DBD71 
 2967      6FB16D35 
 2967      636D587F 
 2967      C55013D3 
 2968 0122 7E163EE5 		.ascii	"~\026>\345\033\360\015\005\227y:>4\256\330\203\222\006"
 2968      1BF00D05 
 2968      97793A3E 
 2968      34AED883 
 2968      9206
 2969 0134 8978F2D1 		.ascii	"\211x\362\321U\264~\227sV\361\316\236\361\255\231\267"
 2969      55B47E97 
 2969      7356F1CE 
 2969      9EF1AD99 
 2969      B7
 2970 0145 3B822800 		.ascii	";\202(\0007@\216\361\373\260\327!\202\023L\250A\006"
 2970      37408EF1 
 2970      FBB0D721 
 2970      82134CA8 
 2970      4106
 2971 0157 9B38BADD 		.ascii	"\2338\272\335\014sL\340\2230l\207-\012<\234Y\372\262"
 2971      0C734CE0 
 2971      93306C87 
 2971      2D0A3C9C 
 2971      59FAB2
 2972 016a 9BEE8D67 		.ascii	"\233\356\215g\337\341\347\3322&\\\337U`|b\221\037\365"
 2972      DFE1E7DA 
 2972      32265CDF 
 2972      55607C62 
 2972      911FF5
 2973 017d 1A02FD71 		.ascii	"\032\002\375q\035\347\234\323i\271i\363.\233\334\340"
 2973      1DE79CD3 
 2973      69B969F3 
 2973      2E9BDCE0 
 2974 018d 6D535956 		.ascii	"mSYV_'\307\304z8\301\\\365p\033G\277\2252\337\273\351"
 2974      5F27C7C4 
 2974      7A38C15C 
 2974      F5701B47 
 2974      BF9532DF 
 2975 01a3 42C03163 		.ascii	"B\3001c\215\246\027\006~\371d\237\034\323\242Z8\231"
 2975      8DA61706 
ARM GAS  C:\Users\angio\AppData\Local\Temp\ccSeXO4x.s 			page 72


 2975      7EF9649F 
 2975      1CD3A25A 
 2975      3899
 2976 01b5 1AD4F4BE 		.ascii	"\032\324\364\276\253\272q\311L\014(j\177\312T\215\276"
 2976      ABBA71C9 
 2976      4C0C286A 
 2976      7FCA548D 
 2976      BE
 2977 01c6 50C4138E 		.ascii	"P\304\023\216\004\217u\236\362\005|\241n\317\351sro"
 2977      048F759E 
 2977      F2057CA1 
 2977      6ECFE973 
 2977      726F
 2978 01d8 F719BF0F 		.ascii	"\367\031\277\017\216x\275\022}\012w\352fgGG\207\244"
 2978      8E78BD12 
 2978      7D0A77EA 
 2978      66674747 
 2978      87A4
 2979 01ea 9B929194 		.ascii	"\233\222\221\224\264!\345rjP%\306\0346\2751\010\374"
 2979      B421E572 
 2979      6A5025C6 
 2979      1C36BD31 
 2979      08FC
 2980 01fc 53A8E8F1 		.ascii	"S\250\350\361\270>$%t#iJ]\241\340\225\200'\350\351\352"
 2980      B83E2425 
 2980      7423694A 
 2980      5DA1E095 
 2980      8027E8E9 
 2981 0211 8D904ED1 		.ascii	"\215\220N\321\015\225|\215\321\001S=kh\362\377\374\352"
 2981      0D957C8D 
 2981      D101533D 
 2981      6B68F2FF 
 2981      FCEA
 2982 0223 B524774B 		.ascii	"\265$wKr0\334\023\226drJ=\325\372qS3\373/*\012\345\332"
 2982      7230DC13 
 2982      9664724A 
 2982      3DD5FA71 
 2982      5333FB2F 
 2983 023b 4BCD28B1 		.ascii	"K\315(\261A\257\342=\356k?\021\365G\025h\016\206Cn^"
 2983      41AFE23D 
 2983      EE6B3F11 
 2983      F5471568 
 2983      0E86436E 
 2984 0250 2261686D 		.ascii	"\"ahm\356\326v\020\014h\214\253q\335\030\206?\345\314"
 2984      EED67610 
 2984      0C688CAB 
 2984      71DD1886 
 2984      3FE5CC
 2985 0263 1FEB     		.ascii	"\037\353"
 2986              		.text
 2987              		.section	.gnu.lto_chSysUnlockFromISR.194.1f2b0c6e,"e",%progbits
 2988 0000 789C7D52 		.ascii	"x\234}RMh\023Q\020\236\331\267i\225\036,\342E\021l\017"
 2988      4D681351 
 2988      109ED9B7 
 2988      69951E2C 
 2988      E245116C 
 2989 0015 458526DB 		.ascii	"E\205&\333\326\230\210\267\022\212\024\032\225$\342"
ARM GAS  C:\Users\angio\AppData\Local\Temp\ccSeXO4x.s 			page 73


 2989      D69888B7 
 2989      128A141A 
 2989      9524E2
 2990 0024 25589ACD 		.ascii	"%X\232\315b\026M7\354&jOY+(TMj[-H\350\241D\320SA\360"
 2990      62164D37 
 2990      EC266A4F 
 2990      592B2854 
 2990      4D6A5B2D 
 2991 0040 2735B669 		.ascii	"'5\266i\203RzP\360*\350A\343Q\245 Q,\304y\273\211\311"
 2991      83527A50 
 2991      F02AE841 
 2991      E351A520 
 2991      512CC479 
 2992 0057 417C2CEC 		.ascii	"A|,\354\373\346\373\346\233\231\367\036\023\000\366"
 2992      FBE6FBE6 
 2992      9B99F71E 
 2992      1300F6
 2993 0066 20C059A0 		.ascii	" \300Y\240\325\0068sgJ\200Z\255\226\026\005\234\315"
 2993      D5063873 
 2993      674A805A 
 2993      AD961605 
 2993      9CCD
 2994 0078 54D6AB1D 		.ascii	"T\326\253\035XF\0133\234\313T\326\036g\020\213v@\304"
 2994      58460B33 
 2994      9CCB54D6 
 2994      1E67108B 
 2994      7640C4
 2995 008b BBB75608 		.ascii	"\273\267V\010.\333\320\201W\337\024\267\317\341\023"
 2995      2EDBD081 
 2995      57DF14B7 
 2995      CFE113
 2996 009a 1B22A405 		.ascii	"\033\"\244\005F\3014\316\262\303\246i\376|\260P\310"
 2996      46C134CE 
 2996      B2C3A669 
 2996      FE7CB050 
 2996      C8
 2997 00ab 76980F4B 		.ascii	"v\230\017K\230g\000\013\014\032\253\255\2160\307\320"
 2997      9867000B 
 2997      0C1AABAD 
 2997      8E30C7D0 
 2998 00bb DA233E45 		.ascii	"\332#>Eh\000\001\2375\001\303\3476\340~\037\274@\265"
 2998      6800019F 
 2998      3501C3E7 
 2998      36E07E1F 
 2998      BC40B5
 2999 00ce 2858A7B1 		.ascii	"(X\247\261\200-tn\263\\\335\017\324\033Y4\004/\260n"
 2999      802D746E 
 2999      B35CDD0F 
 2999      D41B5934 
 2999      042FB06E 
 3000 00e2 36C3F254 		.ascii	"6\303\362TE\254\357\004\354\242\035\273oQ\007Kd=w\363"
 3000      45ACEF04 
 3000      ECA21DBB 
 3000      6F51074B 
 3000      643D77F3 
 3001 00f6 FDDB7D39 		.ascii	"\375\333}9\263$\346\251\344*\362\226V\020_\" \357\236"
 3001      B324E6A9 
ARM GAS  C:\Users\angio\AppData\Local\Temp\ccSeXO4x.s 			page 74


 3001      E42AF296 
 3001      56105F22 
 3001      20EF9E
 3002 0109 7DC11F7B 		.ascii	"}\301\037{I\332cIo\254\026z\313\327\314\015\363\257"
 3002      49DA6349 
 3002      6FAC167A 
 3002      CBD7CC0D 
 3002      F3AF
 3003 011b 189A621A 		.ascii	"\030\232b\032\253\321\356\347\\\033\256Q\260\310\355"
 3003      ABD1EEE7 
 3003      5C1BAE51 
 3003      B0C8ED
 3004 012a F8D0B86E 		.ascii	"\370\320\270n\015J\032$b\351\235\243dn\327\262fi~Wa"
 3004      0D4A1A24 
 3004      62E99DA3 
 3004      646ED7B2 
 3004      66697E57 
 3005 013f 69BEFA5B 		.ascii	"i\276\372[\020\005\340\011\220e\374>\254u\200\3404\023"
 3005      1005E009 
 3005      9065FC3E 
 3005      AC7580E0 
 3005      3413
 3006 0151 9A90C157 		.ascii	"\232\220\301W\234\334\352\204E&\360I\310\030\276Q\340"
 3006      9CDCEA84 
 3006      4526F049 
 3006      C818BE51 
 3006      E0
 3007 0162 D1BDE58F 		.ascii	"\321\275\345\217;\351\336\270\373/~\256\335S\302\365"
 3007      3BE9DEB8 
 3007      FB2F7EAE 
 3007      DD53C2F5 
 3008 0172 1D79C627 		.ascii	"\035y\306'\026\371Q\277B\240?\276\306E\373t\272o[\274"
 3008      16F951BF 
 3008      42A03FBE 
 3008      C645FB74 
 3008      BA6F5BBC 
 3009 0186 C3223778 		.ascii	"\303\"7x\333T\226\265\326\3112\261\025N3G+\334\302\311"
 3009      DB5496B5 
 3009      D6C932B1 
 3009      154E3347 
 3009      2BDCC2C9 
 3010 019a EF954FD5 		.ascii	"\357\225O\325!\272\020\260\223\261I\323\013\003\217"
 3010      21BA10B0 
 3010      93B149D3 
 3010      0B038F
 3011 01a9 EF78D817 		.ascii	"\357x\330\027S#j0\231\212\252Z\370\262\246_0\022c\262"
 3011      53236A30 
 3011      998AAA5A 
 3011      F8B2A65F 
 3011      301263B2 
 3012 01bd 329A3214 		.ascii	"2\2322\024=\034\0109\203!\377\221\201\023n\257;0\344"
 3012      3D1C0839 
 3012      8321FF91 
 3012      81136EAF 
 3012      3B30E4
 3013 01d0 3C79C637 		.ascii	"<y\30672t\312\343\206C.\227D\237\31435c\240\277\277"
 3013      3274CAE3 
ARM GAS  C:\Users\angio\AppData\Local\Temp\ccSeXO4x.s 			page 75


 3013      86432E97 
 3013      449FCC33 
 3013      3563A0BF 
 3014 01e5 5FD20C49 		.ascii	"_\322\014IOJ\352\270|1\025U\2101&\014W\014\274\377\024"
 3014      4F4AEAB8 
 3014      7C311555 
 3014      8831260C 
 3014      570CBCFF 
 3015 01fa CA5A3CAE 		.ascii	"\312Z<\256\215K\011MO\032\322`\300\177\311\353\364;"
 3015      8D4B094D 
 3015      4F1AD260 
 3015      C07FC9EB 
 3015      F43B
 3016 020c 074742A4 		.ascii	"\007GB\244\2235]\241\274\366\310\230\241\234\326U\337"
 3016      93355DA1 
 3016      BCF6C898 
 3016      A19CD655 
 3016      DF
 3017 021d FFF2952B 		.ascii	"\377\362\225+I\236-\371\374\301\341\240\344\243Li\270"
 3017      499E2DF9 
 3017      FCC1E1A0 
 3017      E4A34C69 
 3017      B8
 3018 022e 513F6EA8 		.ascii	"Q?n\250\306\350yY&\257\335\324\214\034\213\272d\327"
 3018      C6E87959 
 3018      26AFDDD4 
 3018      8C1C8BBA 
 3018      64D7
 3019 0240 5177DFB1 		.ascii	"Qw\337\261\210'\"C\247?\030\350\342%\022\272\332\333"
 3019      88272243 
 3019      A73F18E8 
 3019      E22512BA 
 3019      DADB
 3020 0252 D5D30782 		.ascii	"\325\323\007\202\016\355q%\256\351\023\360\007K\356"
 3020      0EED7125 
 3020      AEE913F0 
 3020      074BEE
 3021 0261 21B9     		.ascii	"!\271"
 3022              		.text
 3023              		.section	.gnu.lto_chVTIsArmedI.204.1f2b0c6e,"e",%progbits
 3024 0000 789C5D90 		.ascii	"x\234]\220KH[Q\020\206\347\277s\343\203\356J\021\272"
 3024      4B485B51 
 3024      1086E7BF 
 3024      73E383EE 
 3024      4A11BA
 3025 0013 0815A448 		.ascii	"\010\025\244H\027\336$\232\246\245\233\026\202\270i"
 3025      17DE249A 
 3025      A6A59B16 
 3025      82B869
 3026 0022 157CEC02 		.ascii	"\025|\354\002\305\334\004\022*\215\344&\332]\216\266"
 3026      C5DC0412 
 3026      2A8DE426 
 3026      DA5D8EB6 
 3027 0032 2A0892AA 		.ascii	"*\010\222\252;\361\001\341\266uW\027}(F\314\316m\021"
 3027      3BF101E1 
 3027      B6755717 
 3027      7D2846CC 
ARM GAS  C:\Users\angio\AppData\Local\Temp\ccSeXO4x.s 			page 76


 3027      CE6D11
 3028 0045 BAEF4E0B 		.ascii	"\272\357N\013\"\322U\004\345:\347\032P:\234\0033\377"
 3028      22D25504 
 3028      E53AE71A 
 3028      503A9C03 
 3028      33FF
 3029 0057 39F3CD7F 		.ascii	"9\363\315\177\316;\020M\022QX6\231\204\245\305y\203"
 3029      CE3B104D 
 3029      12515836 
 3029      9984A5C5 
 3029      7983
 3030 0069 3CCF2B99 		.ascii	"<\317+\231\006\226\027\347\217\366\277\231\330\201/"
 3030      069617E7 
 3030      8FF6BF99 
 3030      D8812F
 3031 0078 30A64C3F 		.ascii	"0\246L?\001\225\014F\011\313\374\250\246T\375\323z}"
 3031      01950C46 
 3031      09CBFCA8 
 3031      A654FDD3 
 3031      7A7D
 3032 008a EECECA66 		.ascii	"\356\316\312f\015.\023\2553\241\007>m\225\261\304.\003"
 3032      0D2E13AD 
 3032      33A1073E 
 3032      6D95B1C4 
 3032      2E03
 3033 009c 662333D0 		.ascii	"f#3\320.\031\217R\247\264\375\252o+\325J.3~Bw\375\000"
 3033      2E198F52 
 3033      A7B4FDAA 
 3033      6F2BD54A 
 3033      2E337E42 
 3034 00b3 BE8B1911 		.ascii	"\276\213\031\021\322\033\367\211\232|\226\204hxX\233"
 3034      D21BF789 
 3034      9A7C9684 
 3034      6878589B 
 3035 00c3 51671707 		.ascii	"Qg\027\007\263\013\367\266T\313\177c\350\353a\240\246"
 3035      B30BF7B6 
 3035      54CB7F63 
 3035      E8EB61A0 
 3035      A6
 3036 00d4 2EBCB252 		.ascii	".\274\262R\007\317/\253^k\000\002\021\267\330\206I\372"
 3036      07CF2FAB 
 3036      5E6B0002 
 3036      11B7D886 
 3036      49FA
 3037 00e6 3295593F 		.ascii	"2\225Y?\311\217\007\202\373\310\306M\011:\305t\365o"
 3037      C98F0782 
 3037      FBC8C64D 
 3037      093AC574 
 3037      F56F
 3038 00f8 B0C268D8 		.ascii	"\260\302h\330dh\353\237\241\224\332ls9P\021e\327\327"
 3038      6468EB9F 
 3038      A194DA6C 
 3038      73395011 
 3038      65D7D7
 3039 010b C21F941E 		.ascii	"\302\037\224\036\337\204*\3264W\327\307A\227\233\261"
 3039      DF842AD6 
 3039      3457D7C7 
ARM GAS  C:\Users\angio\AppData\Local\Temp\ccSeXO4x.s 			page 77


 3039      41979BB1 
 3040 011b 27829085 		.ascii	"'\202\220\205\365\376p\3567*lV\256a\315Z\225\211|k\""
 3040      F5FE70EE 
 3040      372A6C56 
 3040      AE61CD5A 
 3040      95897C6B 
 3041 0130 4E30F582 		.ascii	"N0\365\202:\204\177v\371E\265\313\277\2654\336\252\343"
 3041      3A847F76 
 3041      F945B5CB 
 3041      BFB534DE 
 3041      AAE3
 3042 0142 1FA6FF9C 		.ascii	"\037\246\377\234\227\027 \337.\030\362\355\343\266}"
 3042      971720DF 
 3042      2E18F2ED 
 3042      E3B67D
 3043 0151 A258FC59 		.ascii	"\242X\374Y\"\236\311&\263C\205b*\233KL\346\362o\234"
 3043      229EC926 
 3043      B3438562 
 3043      2A9B4B4C 
 3043      E6F26F9C 
 3044 0165 F1513BFD 		.ascii	"\361Q;\375\272\350\244\363\211\301\341\256\241\341W"
 3044      BAE8A4F3 
 3044      89C1E1AE 
 3044      A1E157
 3045 0174 3DDD7DD1 		.ascii	"=\335}\321'\321\301\336\256\376\221\370\313\336\201"
 3045      27D1C1DE 
 3045      AEFE91F8 
 3045      CBDE81
 3046 0183 58943A2D 		.ascii	"X\224:-+$\313\326\2359\247;\022\211\204rN(_\010e\337"
 3046      2B24CBD6 
 3046      9D39A73B 
 3046      12898472 
 3046      4E285F08 
 3047 0199 DA63C554 		.ascii	"\332c\305TZN&\012V\206x\2420~\327\3168v&e\331\326\343"
 3047      5A4E260A 
 3047      568678A2 
 3047      307ED7CE 
 3047      38762665 
 3048 01b0 68F86932 		.ascii	"h\370i2\226\264\351\012\3301\263-"
 3048      96B4E90A 
 3048      D831B32D 
 3049              		.text
 3050              		.section	.gnu.lto_chSemFastSignalI.235.1f2b0c6e,"e",%progbits
 3051 0000 789C6D90 		.ascii	"x\234m\220\273K\003A\020\306\347\333\271\004\305\316"
 3051      BB4B0341 
 3051      10C6E7DB 
 3051      B904C5CE 
 3052 0010 CA4E0545 		.ascii	"\312N\005E-r1\032\243\010VA,|A\324. \346r\220\340#\222"
 3052      2D72311A 
 3052      A3085641 
 3052      2C7C41D4 
 3052      2E20E672 
 3053 0028 4BB0CCAA 		.ascii	"K\260\314\252ha\023\215mL\021\242\330Y\371\026\311\237"
 3053      6861138D 
 3053      6D4C11A2 
 3053      D859F916 
 3053      C99F
ARM GAS  C:\Users\angio\AppData\Local\Temp\ccSeXO4x.s 			page 78


 3054 003a 2082D889 		.ascii	" \202\330\211\225\210B\020A\260P\342&\247h\341\260\273"
 3054      95884210 
 3054      41B050E2 
 3054      26A768E1 
 3054      B0BB
 3055 004c 7CB33BBF 		.ascii	"|\263;\277\231\217\035\000\321\022\0215\253ML\310lm"
 3055      998F1D00 
 3055      D1121135 
 3055      AB4D4CC8 
 3055      6C6D
 3056 005e 082A97CB 		.ascii	"\010*\227\313)M`\271\005\247\250jPJ \205m\356\220R\276"
 3056      294D60B9 
 3056      05A7A86A 
 3056      504A2085 
 3056      6DEE9052 
 3057 0073 EFE6EED6 		.ascii	"\357\346\356\326\352\344~\021\005&\3121\331\221ed\270"
 3057      EAE47E11 
 3057      0526CA31 
 3057      D9916564 
 3057      B8
 3058 0084 C080F6AD 		.ascii	"\300\200\366\255\004\232\224\342\020\265\025\245\274"
 3058      049A94E2 
 3058      10B515A5 
 3058      BC
 3059 0091 7A3A91B2 		.ascii	"z:\221\262\226\012\3148\206bp\004\034\252\331\352\302"
 3059      960ACC38 
 3059      86627004 
 3059      1CAAD9EA 
 3059      C2
 3060 00a2 FC6C2072 		.ascii	"\374l r\376tRwtp\355(\312\217rZ\312\267\007<\267:\241"
 3060      FE745277 
 3060      7470ED28 
 3060      CA8F725A 
 3060      CAB7073C 
 3061 00b9 CA345139 		.ascii	"\3124Q94\340DU\244\271\342\261\032\215*\335d\361\233"
 3061      34E04455 
 3061      A4B9E2B1 
 3061      1A8D2ADD 
 3061      64F19B
 3062 00cc 824A58B9 		.ascii	"\202JX\2718}\013\344\031\337N\030\025w{P\346k\012\354"
 3062      387D0BE4 
 3062      19DF4E18 
 3062      15777B50 
 3062      E66B0AEC 
 3063 00e0 C8B38633 		.ascii	"\310\263\2063P\247\235:q\216\235\352\350\022V\263\353"
 3063      50A79D3A 
 3063      718E9DEA 
 3063      E81256B3 
 3063      EB
 3064 00f1 37C8B3C8 		.ascii	"7\310\263\310\333\234\323n\366\262\201\037\374Q\374"
 3064      DB9CD36E 
 3064      F6B2811F 
 3064      FC51FC
 3065 0100 C35FDABC 		.ascii	"\303_\332\274\342\350\025+\367\267\303\325\377H3\376"
 3065      E2E8152B 
 3065      F7B7C3D5 
 3065      FF4833FE 
ARM GAS  C:\Users\angio\AppData\Local\Temp\ccSeXO4x.s 			page 79


 3066 0110 7A24F2F9 		.ascii	"z$\362\371\373\203\376H4\024\235H$\303\321Xp)\026\237"
 3066      FB83FE48 
 3066      34149D48 
 3066      24C3D158 
 3066      7029169F 
 3067 0124 B516670C 		.ascii	"\265\026g\014s:i\231\361``\322519\332\3355\344\355\365"
 3067      733A6999 
 3067      F16060D2 
 3067      353139DA 
 3067      DD35E4ED 
 3068 0139 06065D63 		.ascii	"\006\006]cS\376\221\301q\237\227\332u\335\255\226Q!"
 3068      53FE91C1 
 3068      719F97DA 
 3068      75DDAD96 
 3068      5121
 3069 014b 635697C7 		.ascii	"cV\227\307\343q\307,w<\341\216.\030s\311\260\251^,s"
 3069      E371C72C 
 3069      773CE18E 
 3069      2E1873C9 
 3069      B0A95E2C 
 3070 0160 5E8F90B0 		.ascii	"^\217\220\260\026\353\2256\"a\335\320{\274\235}!_\310"
 3070      16EB9536 
 3070      2261DDD0 
 3070      7BBC9D7D 
 3070      215FC8
 3071 0173 A02F0EB7 		.ascii	"\240/\016\267\226\""
 3071      9622
 3072              		.text
 3073              		.section	.gnu.lto___sch_ready_behind.335.1f2b0c6e,"e",%progbits
 3074 0000 789C6D52 		.ascii	"x\234mRKh\023Q\024\275g\356$\231\324\317B\\tg@\212\270"
 3074      4B681351 
 3074      14BD67EE 
 3074      2499D4CF 
 3074      425C7467 
 3075 0017 68D2D418 		.ascii	"h\322\324\030E7B(n\374@[w\201b\246\205F\027)\231\024"
 3075      45374228 
 3075      6EFC405B 
 3075      778162A6 
 3075      85461729 
 3076 002d 9779296D 		.ascii	"\227y)m\027\021m\372YI\015\030\243\0047n\024[,\030\215"
 3076      17116DFA 
 3076      59490D18 
 3076      A304376E 
 3076      145B2C18 
 3077 0042 185762C5 		.ascii	"\030Wb\305\245P\227\242\"\241\253.\012\361\276!!#\365"
 3077      A55097A2 
 3077      22A1AB2E 
 3077      0AF1BE21 
 3077      2123F5
 3078 0055 3133DC73 		.ascii	"13\334s8\347\274{\337\233[\006Q\216\210.\312K>\302\312"
 3078      38E7BC7B 
 3078      DF9B5B06 
 3078      518E882E 
 3078      CA4B3EC2 
 3079 006a 72D1A076 		.ascii	"r\321\240v\273\2357\015\254J\215M\270\210\261\266\\"
 3079      BB9D370D 
 3079      AC4A8D4D 
ARM GAS  C:\Users\angio\AppData\Local\Temp\ccSeXO4x.s 			page 80


 3079      B888B1B6 
 3079      5C
 3080 007b 6C3E88B9 		.ascii	"l>\210\271\300D\301t\013P\336`\023y\254\362:c\205\253"
 3080      C044C174 
 3080      0B50DE60 
 3080      1379ACF2 
 3080      3A6385AB 
 3081 008f 4C303B15 		.ascii	"L0;\025\020:]Wj\357I\371n\243o\275V7\253lPY\004/\201"
 3081      103A5D57 
 3081      6AEF49F9 
 3081      6EA36FBD 
 3081      5637AB6C 
 3082 00a8 17D0DB89 		.ascii	"\027\320\333\211\220'\350\224\210>\357l(\025$Q\340\025"
 3082      9027E894 
 3082      883EEF6C 
 3082      28152451 
 3082      E015
 3083 00ba 3C1A2152 		.ascii	"<\032!R\315~\"?i\247,\341\214\201\372\202j\325\032\213"
 3083      CD7E223F 
 3083      69A72CE1 
 3083      8C81FA82 
 3083      6AD51A8B 
 3084 00ce F78F970A 		.ascii	"\367\217\227\012\326\201P\2521=\377\342\253\253\375"
 3084      D68150AA 
 3084      313DFFE2 
 3084      ABABFD
 3085 00dd F692523B 		.ascii	"\366\222R;\375\277\276\375\264\202\320I\322\321\006"
 3085      FDBFBEFD 
 3085      B482D049 
 3085      D2D106
 3086 00ec FC527140 		.ascii	"\374Rq@>\246\245?DK\254\307u\327\011hh\364 \250\304"
 3086      3EA6A53F 
 3086      444BACC7 
 3086      75D70968 
 3086      68F420A8 
 3087 0101 EC857F30 		.ascii	"\354\205\1770\267\273\367i\273;\254\001=\303S(\245~"
 3087      B7BBF769 
 3087      BB3BAC01 
 3087      3DC35328 
 3087      A57E
 3088 0113 1855F655 		.ascii	"\030U\366U\230\361\0324$X\032\363c\013\017u\327Z\032"
 3088      98F11A34 
 3088      24581AF3 
 3088      630B0F75 
 3088      D75A1A
 3089 0126 906C716F 		.ascii	"\220lqom~}\304\025\366wm\326\001\027\343\215\270\364"
 3089      6D7E7DC4 
 3089      15F6776D 
 3089      D60117E3 
 3089      8DB8F4
 3090 0139 28225F2B 		.ascii	"(\"_+\242\302\201\316n\334\333Mt\226\244\340\255Ku\234"
 3090      A2C281CE 
 3090      6EDCDB4D 
 3090      7496A4E0 
 3090      AD4B759C 
 3091 014d 41BC13A7 		.ascii	"A\274\023\247A\036\252\017\015\241\244\207\371\216\313"
 3091      411EAA0F 
ARM GAS  C:\Users\angio\AppData\Local\Temp\ccSeXO4x.s 			page 81


 3091      0DA1A487 
 3091      F98ECB
 3092 015c C47BF492 		.ascii	"\304{\364\222\255\377\264\3213\037\302\0071\233\377"
 3092      ADFFB4D1 
 3092      331FC207 
 3092      319BFF
 3093 016b E63585F2 		.ascii	"\3465\205\362y\363>J^\013\013\241\012c\036r\010\207"
 3093      79F33E4A 
 3093      5E0B0BA1 
 3093      0A631E72 
 3093      0887
 3094 017d CBBA79E9 		.ascii	"\313\272y\351Z\342\253|D\346(\261\3519C\374F\341\022"
 3094      5AE2AB7C 
 3094      44E628B1 
 3094      E93943FC 
 3094      46E112
 3095 0190 9D147BEB 		.ascii	"\235\024{\353\331c\025B\225\217v\356V\257]\314}\337"
 3095      D9631542 
 3095      958F76EE 
 3095      56AF5DCC 
 3095      7DDF
 3096 01a2 5EBC07F9 		.ascii	"^\274\007\371\355*\356!\310\205\300{?D\361\304\205d"
 3096      ED2AEE21 
 3096      C885C07B 
 3096      3F44F1C4 
 3096      8564
 3097 01b4 623A9D4A 		.ascii	"b:\235J\217\345f'\323\231\344\235L\366\2663s\323\236"
 3097      8FE56627 
 3097      D399E49D 
 3097      4CF6B633 
 3097      73D39E
 3098 01c7 9A9875A6 		.ascii	"\232\230u\246\262\311\321\361\301\261\361\253g\206/"
 3098      B2C9D1F1 
 3098      C1B1F1AB 
 3098      67862F
 3099 01d6 C7CEC546 		.ascii	"\307\316\305FG\006\257\335H\\\031\271\036\217\321@8"
 3099      4706AFDD 
 3099      485C19B9 
 3099      1E8FD140 
 3099      38
 3100 01e7 1C91C7D6 		.ascii	"\034\221\307\326\316\2143\034\215F#\031'\222\315E\234"
 3100      CE8C331C 
 3100      8D462319 
 3100      2792CD45 
 3100      9C
 3101 01f8 AC2DAC63 		.ascii	"\254-\254cOO\206m2r3\307\272 |66t>\025O\331\364\027"
 3101      4F4F866D 
 3101      327233C7 
 3101      BA207C36 
 3101      36743E15 
 3102 0210 4C7AF78E 		.ascii	"Lz\367\216"
 3103              		.text
 3104              		.section	.gnu.lto___sch_ready_ahead.336.1f2b0c6e,"e",%progbits
 3105 0000 789C6D52 		.ascii	"x\234mRKh\023Q\024\275g\356$\231\324\317\242\270p!\030"
 3105      4B681351 
 3105      14BD67EE 
 3105      2499D4CF 
ARM GAS  C:\Users\angio\AppData\Local\Temp\ccSeXO4x.s 			page 82


 3105      A2B87021 
 3106 0015 90222E9A 		.ascii	"\220\".\23245F\321\215\020\212\033?\320\326]\240\230"
 3106      343546D1 
 3106      8D108A1B 
 3106      3FD0D65D 
 3106      A098
 3107 0027 69A1D145 		.ascii	"i\241\321EJ&\305e^J\253\020\250M?\313\0320F\351\316"
 3107      4A26C565 
 3107      5E4AAB10 
 3107      A84D3FCB 
 3107      1A3046E9 
 3108 003c 8D62C482 		.ascii	"\215b\304\202\321\210\272\020\374\355\305\235_l(.T\012"
 3108      D188BA10 
 3108      FCEDC59D 
 3108      5F6C282E 
 3108      540A
 3109 004e E97D4342 		.ascii	"\351}CBF\352cf\270\347p\316y\367\2767\227\015\242\034"
 3109      46EA6366 
 3109      B8E770CE 
 3109      79F7BE37 
 3109      970DA21C 
 3110 0062 119D9297 		.ascii	"\021\235\222\227|\204\245\305\242A\255V+o\032X\226\032"
 3110      7C84A5C5 
 3110      A241AD56 
 3110      2B6F1A58 
 3110      961A
 3111 0074 8FE022C6 		.ascii	"\217\340\"\306\312b\361M9\346\002\023\005\323-@y\203"
 3111      CA62F14D 
 3111      39E60213 
 3111      05D32D40 
 3111      7983
 3112 0086 4DE4B1CC 		.ascii	"M\344\261\314\253\214%\2562\301lW@\350H]\251\337w\312"
 3112      AB8C25AE 
 3112      32C16C57 
 3112      40E8485D 
 3112      A9DF77CA 
 3113 009a AF1B3DAB 		.ascii	"\257\033=\253ku\263\312\006\225E\360\000\270\017\275"
 3113      6B75B3CA 
 3113      069545F0 
 3113      00B80FBD 
 3114 00aa 9D08798C 		.ascii	"\235\010y\214\016\213\350\355\307\232RA\022\005\036"
 3114      0E8BE8ED 
 3114      C79A5241 
 3114      12051E
 3115 00b9 C2A31122 		.ascii	"\302\243\021\"5\277\237\310O\332)K8\243\257>\247\232"
 3115      35BF9FC8 
 3115      4FDA294B 
 3115      38A3AF3E 
 3115      A79A
 3116 00cb 5F1BD76E 		.ascii	"_\033\327n\354+\025\254\035\241\264\306t\357\275\257"
 3116      EC2B15AC 
 3116      1DA1B4C6 
 3116      74EFBDAF 
 3117 00db AEB65A0B 		.ascii	"\256\266Z\013J}>\360m\353\257\025\204N\222\216j\360"
 3117      4A7D3EF0 
 3117      6DEBAF15 
 3117      844E928E 
ARM GAS  C:\Users\angio\AppData\Local\Temp\ccSeXO4x.s 			page 83


 3117      6AF0
 3118 00ed 4BC501F9 		.ascii	"K\305\001\371\230\226\376\020-\260\036\327]\007\241"
 3118      9896FE10 
 3118      2DB01ED7 
 3118      5D07A1
 3119 00fc A1D185A0 		.ascii	"\241\321\205\240\022\263\027\376\304\314fm\343]gX\003"
 3119      12B317FE 
 3119      C4CC666D 
 3119      E35D6758 
 3119      03
 3120 010d 7A86BB50 		.ascii	"z\206\273PJ}1\252\354\2530\3431h@\2604\346\307:n\352"
 3120      4A7D31AA 
 3120      ECAB30E3 
 3120      316840B0 
 3120      34E6C73A 
 3121 0123 AEB53420 		.ascii	"\256\2654 \331\342^\377\363\353\026W\330\337\261Y;\\"
 3121      D9E25EFF 
 3121      F3EB1657 
 3121      D8DFB159 
 3121      3B5C
 3122 0135 8C27E2D2 		.ascii	"\214'\342\322\243\210|\245\210\012\007\332\273qw7\321"
 3122      A3887CA5 
 3122      880A07DA 
 3122      BB717737 
 3122      D1
 3123 0146 599282A7 		.ascii	"Y\222\202\247.\325v\006\361L\234\006y\250\0364\204\222"
 3123      2ED57606 
 3123      F14C9C06 
 3123      79A81E34 
 3123      8492
 3124 0158 1E66DB2E 		.ascii	"\036f\333.\023\317\321M\266\376\323F\327\274\013/\304"
 3124      13CFD14D 
 3124      B6FED346 
 3124      D7BC0B2F 
 3124      C4
 3125 0169 6CFE9BF7 		.ascii	"l\376\233\367R(\2377\357\225\34451\027\2520f!\207\260"
 3125      52289F37 
 3125      EF95E435 
 3125      3117AA30 
 3125      662187B0 
 3126 017d BBAC9B97 		.ascii	"\273\254\233\227\256%\276\312{d\216\022\233\2363\304"
 3126      AE25BECA 
 3126      7B648E12 
 3126      9B9E33C4 
 3127 018d 0F144ED3 		.ascii	"\017\024N\323!\2617\277\337V!Tyo\373n\365\332\304\314"
 3127      21B137BF 
 3127      DF562154 
 3127      796FFB6E 
 3127      F5DAC4CC 
 3128 01a1 A70FD7E7 		.ascii	"\247\017\327\347!\277]\305=\004\271\020x\357\207(\236"
 3128      21BF5DC5 
 3128      3D04B910 
 3128      78EF8728 
 3128      9E
 3129 01b2 38994C4C 		.ascii	"8\231LL\246S\351\221\334\364x:\223\274\232\311^q\246"
 3129      A653E991 
 3129      DCF4783A 
ARM GAS  C:\Users\angio\AppData\Local\Temp\ccSeXO4x.s 			page 84


 3129      93BC9AC9 
 3129      5E71A6
 3130 01c5 2ED91363 		.ascii	".\331\023c\323\316D69<\332?2z\356\350\340\231\330\361"
 3130      D3CE4436 
 3130      393CDA3F 
 3130      327AEEE8 
 3130      E099D8F1 
 3131 01d9 D8F050FF 		.ascii	"\330\360P\377\371\213\211\263C\027\3421\352\013\207"
 3131      F98B89B3 
 3131      4317E231 
 3131      EA0B87
 3132 01e8 23F2D8DA 		.ascii	"#\362\330\332\231q\006\243\321h$\343D\262\271\210\223"
 3132      997106A3 
 3132      D16824E3 
 3132      44B2B988 
 3132      93
 3133 01f9 B58575EC 		.ascii	"\265\205u\354\311\361\260MFn\252\267\003\302\307b\003"
 3133      C9F1B04D 
 3133      466EAAB7 
 3133      03C2C762 
 3133      03
 3134 020a 2752F194 		.ascii	"'R\361\224M\333E\346\370\241"
 3134      4DDB45E6 
 3134      F8A1
 3135              		.text
 3136              		.section	.gnu.lto___sch_reschedule_behind.337.1f2b0c6e,"e",%progbits
 3137 0000 789C8553 		.ascii	"x\234\205S_HSa\024?\347\236{\335\314L\263b/\201\313"
 3137      5F485361 
 3137      143FE79E 
 3137      7BDDCC4C 
 3137      B3622F81 
 3138 0015 F021C1F9 		.ascii	"\360!\301\371\247e\321\253H/\375\001\2657a\344UP\302"
 3138      A765D1AB 
 3138      482FFD01 
 3138      B53761E4 
 3138      5550C2
 3139 0028 363635EA 		.ascii	"665\352!\257\266\262\326\203K\303\247e\261\226\354)"
 3139      21AFB6B2 
 3139      D6834BC3 
 3139      A765B196 
 3139      EC29
 3140 003a 23A8B4CC 		.ascii	"#\250\264\314\314\264\325\310 !\313\2420%\360)\315\247"
 3140      CCB4D5C8 
 3140      2021CBA2 
 3140      3025F029 
 3140      CDA7
 3141 004c 84609DEF 		.ascii	"\204`\235\357\273n\232\010}l\227\363\347w~\347\337\367"
 3141      BB6E9A08 
 3141      7D6C97F3 
 3141      E7777EE7 
 3141      DFF7
 3142 005e 3954807E 		.ascii	"9T\200~\000(\344?\250\200\335\327\003\012$\022\2116"
 3142      0028E43F 
 3142      A880DDD7 
 3142      030A2412 
 3142      8936
 3143 0070 55C11E96 		.ascii	"U\301\036\226\361\031J\215\260]\225\002B\233B\330\206"
ARM GAS  C:\Users\angio\AppData\Local\Temp\ccSeXO4x.s 			page 85


 3143      F1194A8D 
 3143      B05D9502 
 3143      429B42D8 
 3143      86
 3144 0081 3DB4CF30 		.ascii	"=\264\3170\214\337w\373\022w,Ft\024#\004\320G\220<!"
 3144      8CDF77FB 
 3144      12772C46 
 3144      74142304 
 3144      D047903C 
 3145 0096 C26E8A10 		.ascii	"\302n\212\020\242\272*)hg\211\\\302\223?j\030\367\003"
 3145      A2BA2A29 
 3145      6867895C 
 3145      C2933F6A 
 3145      18F703
 3146 00a9 973A8D6C 		.ascii	"\227:\215l\277=B\204\217\221#\361\021\342C\024\261\372"
 3146      BF3D4284 
 3146      8F9123F1 
 3146      11E24314 
 3146      B1FA
 3147 00bb B44D405B 		.ascii	"\264M@[S\320\253k\320\241\015\320\270\204\236OB\227"
 3147      53D0AB6B 
 3147      D0A10DD0 
 3147      B8849E4F 
 3147      4297
 3148 00cd AE4C04B6 		.ascii	"\256L\004\266\005\333\255\021R\361\351\006\350\210-"
 3148      05DBAD11 
 3148      52F1E906 
 3148      E8882D
 3149 00dc 0D7018F1 		.ascii	"\015p\030\361\011\342 \232\265\242\010\276 \202\251"
 3149      09E2209A 
 3149      B5A208BE 
 3149      2082A9
 3150 00eb 03531C03 		.ascii	"\003S\034\003?<\257o\373Q\244{\276\236\003G\020\364"
 3150      3F3CAF6F 
 3150      FB51A47B 
 3150      BE9E0347 
 3150      10F4
 3151 00fd 4599B053 		.ascii	"E\231\260S\242\351Z*(\0302F\375yV\0213\366O\314\013"
 3151      A2E95A2A 
 3151      28183246 
 3151      FD795611 
 3151      33F64FCC 
 3152 0112 8E991799 		.ascii	"\216\231\027\231_\"\216\"\360<A\237\263\261GK\325b\272"
 3152      5F228E22 
 3152      F03C419F 
 3152      B3B1474B 
 3152      D562BA
 3153 0125 06A6B431 		.ascii	"\006\246\2641\343O\242\3130\022\271_B\367\322\263\020"
 3153      E34FA2CB 
 3153      3012B95F 
 3153      42F7D2B3 
 3153      10
 3154 0136 22A429FC 		.ascii	"\"\244)\374I#Q\267\006\214\266\000\3433\204\004\320"
 3154      492351B7 
 3154      068CB600 
 3154      E3338404 
 3154      D0
ARM GAS  C:\Users\angio\AppData\Local\Temp\ccSeXO4x.s 			page 86


 3155 0147 456251F2 		.ascii	"EbQ\362\344\262\032$eME\370\211\0357\002\261hu\230h"
 3155      E4B21A24 
 3155      654D45F8 
 3155      891D3702 
 3155      B1687598 
 3156 015c 7503AA2C 		.ascii	"u\003\252,\326\217\012\213Q\222+\352\0279,\370\012q"
 3156      D68F0A8B 
 3156      51922BEA 
 3156      17392CF8 
 3156      0A71
 3157 016e 02C18F1D 		.ascii	"\002\301\217\035\206\021\335-\2001\346c\202\341\225"
 3157      8611DD2D 
 3157      8031E663 
 3157      82E195
 3158 017d F1290A93 		.ascii	"\361)\012\223&\221\274\355\205]\214fB\201f[1\233\270"
 3158      2691BCED 
 3158      855D8C66 
 3158      4281665B 
 3158      319BB8
 3159 0190 632BBEC1 		.ascii	"c+\276\301\233b\232\253:a\234u1sY\303b\2644L\230\244"
 3159      9B629AAB 
 3159      3A619C75 
 3159      317359C3 
 3159      62B4344C 
 3160 01a6 B06ECEF0 		.ascii	"\260n\316\360\326dX3\245\343$\233\024\340\252L\203\206"
 3160      D6645833 
 3160      A5E3249B 
 3160      14E0AA4C 
 3160      8386
 3161 01b8 EF987209 		.ascii	"\357\230r\011\375\3660Yd\023[\372D\022\346\216P\206"
 3161      FDF63059 
 3161      64135BFA 
 3161      4412E68E 
 3161      5086
 3162 01ca 48B53C18 		.ascii	"H\265<\030\233K\366J\010\311\214QV\267r\014\276\307"
 3162      9B4BF64A 
 3162      08C98C51 
 3162      56B7720C 
 3162      BEC7
 3163 01dc 64859938 		.ascii	"d\205\2318\305\344\234P@\267\231\303\352]\211\225\376"
 3163      C5E49C50 
 3163      40B799C3 
 3163      EA5D8995 
 3163      FE
 3164 01ed A7C80F1B 		.ascii	"\247\310\017\033\332\2346\333dn9\254\241\3119-LJ*o\246"
 3164      DA9C36DB 
 3164      646E39AC 
 3164      A1C9392D 
 3164      4C4A2A6F 
 3165 0202 CCAB89BC 		.ascii	"\314\253\211\274k,Y\370\211\243\324T\253\013Y\242\327"
 3165      6B2C59F8 
 3165      89A3D454 
 3165      AB0B59A2 
 3165      D7
 3166 0213 19B66926 		.ascii	"\031\266i&s\324\026\241l\374\314\2064\371\220\202D\353"
 3166      73D416A1 
 3166      6CFCCC86 
ARM GAS  C:\Users\angio\AppData\Local\Temp\ccSeXO4x.s 			page 87


 3166      34F99082 
 3166      44EB
 3167 0225 D7CA0398 		.ascii	"\327\312\003\230\235\2113o\206\234\301\366>1#\316\022"
 3167      9D89336F 
 3167      869CC1F6 
 3167      3E3123CE 
 3167      12
 3168 0236 A11CB38B 		.ascii	"\241\034\263\213\217\017\024\034\027Wj\265\254\336t"
 3168      8F0F141C 
 3168      17576AB5 
 3168      ACDE74
 3169 0245 BE5B0C87 		.ascii	"\276[\014\207E\274\230\247\000BP\354bO\010/s5;XT\305"
 3169      45BC98A7 
 3169      004250EC 
 3169      624F082F 
 3169      73353B58 
 3170 025b 3BF88AFC 		.ascii	";\370\212\374\370\001\277\311;\272\211\177\326\364\177"
 3170      F801BFC9 
 3170      3BBA897F 
 3170      D6F47F
 3171 026a 17C4D27F 		.ascii	"\027\304\322\177K\372wJ\347<\017a\031;f\177\305\255"
 3171      4BFA774A 
 3171      E73C0F61 
 3171      193B667F 
 3171      C5AD
 3172 027c E27A8BD3 		.ascii	"\342z\213\323E\270\376n\002\224\225\037\256)oh\254m"
 3172      45B8FE6E 
 3172      0294951F 
 3172      AE296F68 
 3172      AC6D
 3173 028e AC6A6EA9 		.ascii	"\254jn\251kt\327\234u{O\373<\247\364zW\213\257\336["
 3173      6B74D79C 
 3173      757B4FFB 
 3173      3CA7F47A 
 3173      578BAFDE 
 3174 02a3 53595D58 		.ascii	"SY]XU}l\177\351\021\347AgeE\341\361\223\345G+N\2249"
 3174      557D6C7F 
 3174      E911E741 
 3174      676545E1 
 3174      F193E547 
 3175 02bb 21DFE128 		.ascii	"!\337\341(\342\237.\"\335\276\322\222\222\222\"\267"
 3175      E29F2E22 
 3175      DDBED292 
 3175      929222B7 
 3176 02cb AFC8DB5C 		.ascii	"\257\310\333\\\344\363\352l\365\351\015u\016\035\350"
 3176      E4F3EA6C 
 3176      F5E90D75 
 3176      0E1DE8
 3177 02da 4CB32727 		.ascii	"L\263''\2519\0168\213\017\325\226\325\262\331\335\354"
 3177      A9390E38 
 3177      8B0FD596 
 3177      D5B2D9DD 
 3177      EC
 3178 02eb 2177A387 		.ascii	"!w\243\207\012\274%\252K(\005\336b\325\305\340\014_"
 3178      0ABC25AA 
 3178      4B2805DE 
 3178      62D5C5E0 
ARM GAS  C:\Users\angio\AppData\Local\Temp\ccSeXO4x.s 			page 88


 3178      0C5F
 3179 02fd AB6E1767 		.ascii	"\253n\027go1(^\2604\3257\271\275\347\340/\346\244q\270"
 3179      6F31285E 
 3179      B034D537 
 3179      B9BDE7E0 
 3179      2FE6A471 
 3180              		.text
 3181              		.section	.gnu.lto___sch_reschedule_ahead.338.1f2b0c6e,"e",%progbits
 3182 0000 789C8553 		.ascii	"x\234\205SKHTa\024>\347\236{\2351\363\221\225n\202\314"
 3182      4B485461 
 3182      143EE79E 
 3182      7B9D31F3 
 3182      91956E82 
 3183 0015 7091E438 		.ascii	"p\221\3448Nf\321V\244M\017P\333\011\222WA\011\233aF"
 3183      4E66D156 
 3183      A44D0F50 
 3183      DB099257 
 3183      41099B61 
 3184 002a 8D5AE4D5 		.ascii	"\215Z\344\325\246\004]8iX\013\263\030\2562\213\242\010"
 3184      A6045D38 
 3184      69580BB3 
 3184      18AE328B 
 3184      A208
 3185 003c 2A4D2BB3 		.ascii	"*M+\263\354\345#\022z\011\245\031\225\033\037\330\242"
 3185      ECE52312 
 3185      7A09A519 
 3185      951B1FD8 
 3185      A2
 3186 004d 04613AFF 		.ascii	"\004a:\377?\316h\"\3643s9\217\357|\347\365\3776\025"
 3186      3FCE6822 
 3186      F4337339 
 3186      8FEF7CE7 
 3186      F5FF3615 
 3187 0061 A00B0032 		.ascii	"\240\013\0002\370\017*`\313\305F\005\202\301`\255\252"
 3187      F80F2A60 
 3187      CBC54605 
 3187      82C160AD 
 3187      AA
 3188 0072 602BCBF8 		.ascii	"`+\313\370\020\245FX\247J\001\241V!\254\305V\332e\030"
 3188      10A54658 
 3188      A74A01A1 
 3188      5621ACC5 
 3188      56DA6518 
 3189 0086 C69FCE8E 		.ascii	"\306\237\316\216\241N\213\021\350G\223\000:\010\302"
 3189      A14E8B11 
 3189      E8479300 
 3189      3A08C2
 3190 0095 A79DB085 		.ascii	"\247\235\260\205LBT\227%\005SX\242b\341I\3537\214\333"
 3190      4C425497 
 3190      25055358 
 3190      A262E149 
 3190      EB378CDB 
 3191 00a9 A3E71B8C 		.ascii	"\243\347\033\214\004o\212I\204\367\221#\361\036\342"
 3191      046F8A49 
 3191      84F79123 
 3191      F11EE2
 3192 00b8 5D14B17A 		.ascii	"]\024\261zS\262\200\326D\240#+\320\2365\320`\222\200"
ARM GAS  C:\Users\angio\AppData\Local\Temp\ccSeXO4x.s 			page 89


 3192      53B280D6 
 3192      44A0232B 
 3192      D09E35D0 
 3192      609280
 3193 00cb 9E0943E7 		.ascii	"\236\011C\347\207\007\033\343|uV\223T\354]\003\375\225"
 3193      87071BE3 
 3193      7C755693 
 3193      54EC5D03 
 3193      FD95
 3194 00dd 1405D887 		.ascii	"\024\005\330\207\370\000\261\033C\265\242\010>+\202"
 3194      F800B11B 
 3194      43B5A208 
 3194      3E2B82
 3195 00ec A91E231C 		.ascii	"\251\036#\034\263\337]/\257{Q\244{\274\232\003\037!"
 3195      B3DF5D2F 
 3195      AF7B51A4 
 3195      7BBC9A03 
 3195      1F21
 3196 00fe E8A6ACAD 		.ascii	"\350\246\254\255A\242\251)\022\344k7\372\275\251V\021"
 3196      41A2A929 
 3196      12E46B37 
 3196      FABDA956 
 3196      11
 3197 010f 33F04FCC 		.ascii	"3\360O\314\023\216\271\222\314\231\237\"\366#\360<A"
 3197      138EB992 
 3197      CC999F22 
 3197      F623F03C 
 3197      41
 3198 0120 BF9CCC1E 		.ascii	"\277\234\314\036-RK\310ukL\0330\226\202\315\2061\261"
 3198      2D524BC8 
 3198      756B4C1B 
 3198      309682CD 
 3198      8631B1
 3199 0133 7B7CA937 		.ascii	"{|\2517:\036\301$M\341O\024\211\2725`\264\005\030\037"
 3199      3A1EC124 
 3199      4DE14F14 
 3199      89BA3560 
 3199      B405181F 
 3200 0147 23248066 		.ascii	"#$\200f\022\213\222g;\253>RVT\204Y\254\277\324\370\363"
 3200      128B9267 
 3200      3BAB3E52 
 3200      56548459 
 3200      ACBFD4F8 
 3201 015c 46A19F68 		.ascii	"F\241\237hy\003\252,\326\213\012\213\001\222+\352\022"
 3201      7903AA2C 
 3201      D68B0A8B 
 3201      01922BEA 
 3201      12
 3202 016d 392CF81C 		.ascii	"9,\370\034q\020\301\213\365\206\021\330&\200/\230\217"
 3202      7110C18B 
 3202      F58611D8 
 3202      26802F98 
 3202      8F
 3203 017e 09FA167F 		.ascii	"\011\372\026\177\214\221\2374\211\344mOoe4\023\0124"
 3203      8C919F34 
 3203      89E46D4F 
 3203      6F653413 
ARM GAS  C:\Users\angio\AppData\Local\Temp\ccSeXO4x.s 			page 90


 3203      0A34
 3204 0190 DBEC6CE2 		.ascii	"\333\354l\342\216\255\370\012\257\212i.\353\204\257"
 3204      8EADF80A 
 3204      AF8A692E 
 3204      EB84AF
 3205 019f 59173397 		.ascii	"Y\0273\2275\274\271\351\360\023\206)\254\3533\014\207"
 3205      35BCB9E9 
 3205      F0138629 
 3205      ACEB330C 
 3205      87
 3206 01b0 18564CD1 		.ascii	"\030VL\3218\302&\005\270\252\220A\303Q\246\234Go\212"
 3206      38C22605 
 3206      B8AA9041 
 3206      C351A69C 
 3206      476F8A
 3207 01c3 9F2CB289 		.ascii	"\237,\262\211\015\035\"\011s\233\024#R-t\317L\205{%"
 3207      0D1D2209 
 3207      739B1423 
 3207      522D74CF 
 3207      4C857B25 
 3208 01d7 8470C600 		.ascii	"\204p\306\000\253\0339\006\337b\270\302X\034crN(\240"
 3208      AB1B3906 
 3208      DF62B8C2 
 3208      581C6372 
 3208      4E28A0
 3209 01ea 71A161B5 		.ascii	"q\241a\265-\3168\376S\344\2735m\276\017\265\311\334"
 3209      2DCE38FE 
 3209      53E4BB35 
 3209      6DBE0FB5 
 3209      C9DC
 3210 01fc 72583D73 		.ascii	"rX=sS\232\237\224H\336X\231W\023yWX\342\361#G\251\221"
 3210      539A9F94 
 3210      48DE5899 
 3210      57137957 
 3210      58E2F123 
 3211 0213 56A7E345 		.ascii	"V\247\343E\257\237\330\246\205\230\003\311&%\3408\033"
 3211      AF9FD8A6 
 3211      859803C9 
 3211      2625E038 
 3211      1B
 3212 0224 A2E443F2 		.ascii	"\242\344C\362\021\255^+\017`\362\303\020\363\306\310"
 3212      11AD5E2B 
 3212      0F60F2C3 
 3212      10F3C6C8 
 3213 0234 196CEA10 		.ascii	"\031l\352\0203\342,&%\312.z~\337Q\360\231\270R\313e"
 3213      33E22C26 
 3213      25CA2E7A 
 3213      7EDF51F0 
 3213      99B852CB 
 3214 0249 B545F3DD 		.ascii	"\265E\363\335b8\314\341\271T\005\020|b\027;\332\361"
 3214      6238CCE1 
 3214      B9540510 
 3214      7C62173B 
 3214      DAF1
 3215 025b 0257B399 		.ascii	"\002W\263\231EU\274\203\317\310\217\037\360\213\274"
 3215      4555BC83 
 3215      CFC88F1F 
ARM GAS  C:\Users\angio\AppData\Local\Temp\ccSeXO4x.s 			page 91


 3215      F08BBC
 3216 026a A3EBF827 		.ascii	"\243\353\370'C\376\257\202X\372\257I\377\026\351\374"
 3216      43FEAF82 
 3216      58FAAF49 
 3216      FF16E9FC 
 3217 027a C64358C0 		.ascii	"\306CX\300\372\311\211!\253\270\336\3424\023\256\276"
 3217      FAC98921 
 3217      ABB8DEE2 
 3217      3413AEBE 
 3218 028a 9B0039B9 		.ascii	"\233\0009\271\007\212r\313+J*\012\252\252K+\234E\247"
 3218      078A72CB 
 3218      2B4A2A0A 
 3218      AAAA4B2B 
 3218      9C45A7
 3219 029d 9CEE131E 		.ascii	"\234\356\023\036\327q\275\254\270\332S\346.\312/\314"
 3219      D771BDAC 
 3219      B8DA53E6 
 3219      2ECA2FCC 
 3220 02ad 28283CBC 		.ascii	"((<\274\307q0{_v~^\306\221c\271\207\362\216\346dC\232"
 3220      C771307B 
 3220      5F767E5E 
 3220      C69163B9 
 3220      87F28EE6 
 3221 02c4 CD96C93F 		.ascii	"\315\226\311?]D:=\216\254\254\254L\247'\323]\225\351"
 3221      5D443A3D 
 3221      8EACACAC 
 3221      4CA727D3 
 3221      5D95E9
 3222 02d7 71EB6CF5 		.ascii	"q\353l\365\350\345\2456\035\350d\225+1\254\331\366f"
 3222      E8E5A536 
 3222      1DE86495 
 3222      2B31ACD9 
 3222      F666
 3223 02e9 DBF797E4 		.ascii	"\333\367\227\344\224\260\331Y\345\"g\205\213\322\335"
 3223      94B0D959 
 3223      E5226785 
 3223      8BD2DD
 3224 02f8 596AB150 		.ascii	"Yj\261P\322\335v\265\230\3011\236\032=E\234\235vP\334"
 3224      D2DD76B5 
 3224      98C1319E 
 3224      1A3D459C 
 3224      9D7650DC 
 3225 030c 60A92CAB 		.ascii	"`\251,\253t\272O\303_\003\353r\215"
 3225      74BA4FC3 
 3225      5F03EB72 
 3225      8D
 3226              		.text
 3227              		.section	.gnu.lto___sch_wakeup.339.1f2b0c6e,"e",%progbits
 3228 0000 789C7D54 		.ascii	"x\234}T[h\024g\024>\337\234\231\275\231\254\367T\213"
 3228      5B681467 
 3228      143EDF9C 
 3228      99BD99AC 
 3228      F7548B
 3229 0013 C540BCE0 		.ascii	"\305@\274\340\203Y\243i\024\237\204 }\351\005\274\274"
 3229      8359A369 
 3229      149F8420 
 3229      7DE905BC 
ARM GAS  C:\Users\angio\AppData\Local\Temp\ccSeXO4x.s 			page 92


 3229      BC
 3230 0024 05C48C52 		.ascii	"\005\304\214R\203\017\011\331\365\202/\231\230h >\254"
 3230      830F09D9 
 3230      F5822F99 
 3230      9868203E 
 3230      AC
 3231 0035 C622F1B6 		.ascii	"\306\"\361\266\3102\251yS\021/1\261\015\322P\321\032"
 3231      C832A979 
 3231      53112F31 
 3231      B10DD250 
 3231      D11A
 3232 0047 35624D89 		.ascii	"5bM\211`\004\245yh%\315\203\030\210M\317\377\317\354"
 3232      6004A579 
 3232      6825CD83 
 3232      18884DCF 
 3232      FFCFEC
 3233 005a C56DC8B0 		.ascii	"\305m\310\260\373\377\377\271|\347|\347\234\177\346"
 3233      FBFFFFB9 
 3233      7CE77CE7 
 3233      9C7FE6
 3234 0069 90457484 		.ascii	"\220Et\204\210\\\371S\204\320q\252\335\240\351\351\351"
 3234      885CF953 
 3234      84D071AA 
 3234      DDA0E9E9 
 3234      E9
 3235 007a 26D3B0DA 		.ascii	"&\323\260\332NE\364\251\305\337[\375\375\270\277\037"
 3235      4E45F4A9 
 3235      C5DF5BFD 
 3235      FDB8BF1F 
 3236 008a F377C6D9 		.ascii	"\363w\306\331\216\364?\311\313\026\356B+Ltv\244\257"
 3236      8EF43FC9 
 3236      CB16EE42 
 3236      2B4C7476 
 3236      A4AF
 3237 009c 9D0B6AC1 		.ascii	"\235\013j\301\302\231l\314\2006\364\256\3168\006\265"
 3237      C2996CCC 
 3237      8036F4AE 
 3237      CE3806B5 
 3238 00ac FC93E718 		.ascii	"\374\223\347\030\322a\206\277\327B\030\315!\017\003"
 3238      D26186BF 
 3238      D74218CD 
 3238      210F03
 3239 00bb 6A32D8B4 		.ascii	"j2\330\264\002\301P\030M8\315k\034\307\371\320\225\232"
 3239      02C15018 
 3239      4D38CD6B 
 3239      1CC7F9D0 
 3239      959A
 3240 00cd EA0A3ADD 		.ascii	"\352\012:\335\375p\231(\305\344=\027\030\035\3542`\372"
 3240      FD709928 
 3240      C5E43D17 
 3240      181DEC32 
 3240      60FA
 3241 00df 2703A572 		.ascii	"'\003\245r\342]\264\272\337q\236\214\334v\2340\271\314"
 3241      E25DB4BA 
 3241      DF719E8C 
 3241      DC769C30 
 3241      B9CC
ARM GAS  C:\Users\angio\AppData\Local\Temp\ccSeXO4x.s 			page 93


 3242 00f1 B805C1E0 		.ascii	"\270\005\301\340&p\003\244\024\366@\211\362;\350\371"
 3242      267003A4 
 3242      14F64089 
 3242      F23BE8F9 
 3243 0101 BDF3FD4C 		.ascii	"\275\363\375L\364|\352g\332OKt\026>\254\326\225\342"
 3243      F47CEA67 
 3243      DA4F4B74 
 3243      163EACD6 
 3243      95E2
 3244 0113 3CFEB1AB 		.ascii	"<\376\261\253-z\2629\344\262\205\336|o\"{\244$@\350"
 3244      2D7AB239 
 3244      E4B285DE 
 3244      7C6F227B 
 3244      A42440E8 
 3245 0127 83CF4F74 		.ascii	"\203\317Ot\020\351\312\220\325\357LM'\035\347\317\330"
 3245      10E9CA90 
 3245      D5EF4C4D 
 3245      271DE7CF 
 3245      D8
 3246 0138 64DFFBF0 		.ascii	"d\337\373\360\"H\340\200!K\220e\011\231\262\204-Y\""
 3246      2248E080 
 3246      214B9065 
 3246      0999B284 
 3246      2D5922
 3247 014b 61E00E22 		.ascii	"a\340\016\":\002%Y5C?\313E<\311FN\004\275\303\321s\223"
 3247      3A022559 
 3247      35433FCB 
 3247      453CC946 
 3247      4E04BDC3 
 3248 0162 FF0E9549 		.ascii	"\377\016\225I[\323\034Is\230\306\3212zz\020\324\012"
 3248      5BD31C49 
 3248      7398C6D1 
 3248      327A7A10 
 3248      D40A
 3249 0174 C3E53929 		.ascii	"\303\3459)\326\364\213\224c_\317\3003N3\374\016YP\225"
 3249      D6F48B94 
 3249      635FCFC0 
 3249      334E33FC 
 3249      0E595095 
 3250 0188 FC0869AA 		.ascii	"\374\010i\252\324P,p\374\014Z\347\211Q\364\343\242&"
 3250      D4502C70 
 3250      FC0C5AE7 
 3250      8951F4E3 
 3250      A226
 3251 019a 2FC0A936 		.ascii	"/\300\2516\011n\010\222\376F\247\223\220\263\000\313"
 3251      096E0892 
 3251      FE46A793 
 3251      90B300CB 
 3252 01aa 9C4BCED5 		.ascii	"\234K\316\325\2766\247]\025\2207\211N4\353\010\252\356"
 3252      BE36A75D 
 3252      15903789 
 3252      4E34EB08 
 3252      AAEE
 3253 01bc 7BD03D2B 		.ascii	"{\320=+\223\230WO\374\337\325'\022E\016\204\001\020"
 3253      9398574F 
 3253      FCDFD527 
 3253      12450E84 
ARM GAS  C:\Users\angio\AppData\Local\Temp\ccSeXO4x.s 			page 94


 3253      0110
 3254 01ce 7EC9C024 		.ascii	"~\311\300$C\347,0\316\301\356\013\354\327<X\367,03\007"
 3254      43E72C30 
 3254      CEC1EE0B 
 3254      ECD73C58 
 3254      F72C3033 
 3255 01e3 7B28B007 		.ascii	"{(\260\007y\260\013\263\300\254\034L\332\213G\310\263"
 3255      79B00BB3 
 3255      C0AC1C4C 
 3255      DA8B47C8 
 3255      B3
 3256 01f4 05B56DF8 		.ascii	"\005\265m\370\005+\353\223\\P\317Z\344Y\237k\353\220"
 3256      052BEB93 
 3256      5C50CF5A 
 3256      E4599F6B 
 3256      EB90
 3257 0206 6F25354B 		.ascii	"o%5K\316\237\345_h\036=\023U\325\253\031^\0344\2623"
 3257      CE9FE55F 
 3257      681E3D13 
 3257      55D5AB19 
 3257      5E1C34B2 
 3258 021b 34BC192A 		.ascii	"4\274\031*\204Y\210\2706\010U\271\232\357\344o\327e"
 3258      845988B8 
 3258      360855B9 
 3258      9AEFE46F 
 3258      D765
 3259 022d BE9C996A 		.ascii	"\276\234\231jwQn\254\242\363';\027\317e\262B@\311c\305"
 3259      77516EAC 
 3259      A2F3273B 
 3259      17CF65B2 
 3259      4240C963 
 3260 0242 72EFF0BB 		.ascii	"r\357\360\273(\014o\324\023\335\213}\332!\220\2162&"
 3260      280C6FD4 
 3260      13DD8B7D 
 3260      DA21908E 
 3260      3226
 3261 0254 14E64954 		.ascii	"\024\346IT\014\203\224~\036<\352V!\221\036!\362\310"
 3261      0C83947E 
 3261      1E3CEA56 
 3261      21911E21 
 3261      F2C8
 3262 0266 2732783D 		.ascii	"'2x=\230f3Kd\331\314DF\362\210|!w\037/E\241\372>\216"
 3262      9866334B 
 3262      64D9CC44 
 3262      46F2887C 
 3262      21771F2F 
 3263 027f D64B73BC 		.ascii	"\326Ks\274\352\347\247\224F\202\271\274@\347\015\024"
 3263      EAE7A794 
 3263      4682B9BC 
 3263      40E70D14 
 3264 028f E67D2A79 		.ascii	"\346}*y\037\350\274?\264\277\350\335\224f+\233w\305"
 3264      1FE8BC3F 
 3264      B4BFE8DD 
 3264      94662B9B 
 3264      77C5
 3265 02a1 4C7917E2 		.ascii	"Ly\027\342\225\2441)\243\032[\345\362\"\214\212N>\210"
 3265      95A43129 
ARM GAS  C:\Users\angio\AppData\Local\Temp\ccSeXO4x.s 			page 95


 3265      A31A5BE5 
 3265      F2228C8A 
 3265      4E3E88
 3266 02b4 AD1A1795 		.ascii	"\255\032\027\225w\020\257\241\211\224z<\026\247\024"
 3266      7710AFA1 
 3266      89947A3C 
 3266      16A714
 3267 02c3 4482BB5C 		.ascii	"D\202\273\\\242y\004\013yL\012\017u\341\305\026*xE'"
 3267      A279040B 
 3267      794C0A0F 
 3267      75E1C516 
 3267      2A784527 
 3268 02d7 6EBF6DC9 		.ascii	"n\277m\311\262R\015\235\251\033or\335P\223\373\014o"
 3268      B2520D9D 
 3268      A91B6F72 
 3268      DD5093FB 
 3268      0C6F
 3269 02e9 451120DD 		.ascii	"E\021 \335\364%hR\\F\317'\213=:KS\212\255Dq\371s\357"
 3269      F4256852 
 3269      5C46CF27 
 3269      8B3D3A4B 
 3269      538AAD44 
 3270 0301 BA3CC64C 		.ascii	"\272<\306L\327%\\\300r\013\251\227q\374\217\313N\351"
 3270      D7255CC0 
 3270      720BA997 
 3270      71FC8FCB 
 3270      4EE9
 3271 0313 A71F509A 		.ascii	"\247\037P\232\200\241\367$#\377{CTU\275\271\246z_]m"
 3271      80A1F724 
 3271      23FF7B43 
 3271      5455BDB9 
 3271      A67A5F5D 
 3272 0328 DDF6C481 		.ascii	"\335\366\304\201=u\3655\207\352\033\367\307\033v\333"
 3272      3D75F535 
 3272      87EA1BF7 
 3272      C71B76DB 
 3273 0338 7B771D88 		.ascii	"{w\035\210\357m\254\331\266c\355\366\035\337lX\377U"
 3273      EF6DACD9 
 3273      B663EDF6 
 3273      1DDF6C58 
 3273      FF55
 3274 034a E5C6CA6D 		.ascii	"\345\306\312m[\327~\273\263\372\353\255\337UU\322\312"
 3274      5BD77EBB 
 3274      B3FAEBAD 
 3274      DF5555D2 
 3274      CA
 3275 035b F2F298FC 		.ascii	"\362\362\230\374l\205\254\217\257\257\250\250\210\325"
 3275      6C85AC8F 
 3275      AFAFA8A8 
 3275      88D5
 3276 0369 C7638D89 		.ascii	"\307c\215\211X\274\321\026m\334\336\267\247\334&>\230"
 3276      58BCD116 
 3276      6DDCDEB7 
 3276      A7DC263E 
 3276      98
 3277 037a 68589091 		.ascii	"hX\220\221\312\277\254\\\267\251\266\252\326&4\030\211"
 3277      CABFAC5C 
ARM GAS  C:\Users\angio\AppData\Local\Temp\ccSeXO4x.s 			page 96


 3277      B7A9B6AA 
 3277      D6263418 
 3277      89
 3278 038b 86FF007C 		.ascii	"\206\377\000|\236\036\371"
 3278      9E1EF9
 3279              		.text
 3280              		.section	.gnu.lto_chSchReadyI.340.1f2b0c6e,"e",%progbits
 3281 0000 789C6590 		.ascii	"x\234e\220=HBQ\024\307\317\271\347*\325\030\321\232"
 3281      3D484251 
 3281      14C7CFB9 
 3281      E72AD518 
 3281      D19A
 3282 0012 10110D3E 		.ascii	"\020\021\015>\323^\026\265\024\022\015}\201\332&D>\005"
 3282      D35E16B5 
 3282      14120D7D 
 3282      81DA2644 
 3282      3E05
 3283 0024 A5E1854F 		.ascii	"\245\341\205Oi\364\032\326\020T\226m\205\203\030\330"
 3283      69F41AD6 
 3283      1054966D 
 3283      858318D8 
 3284 0034 D450916D 		.ascii	"\324P\221mn!TDsCk\020$M\015\301\353\276G\321\203\016"
 3284      6E215444 
 3284      73436B10 
 3284      244D0DC1 
 3284      EBBE47D1 
 3285 004a F7C2FF7F 		.ascii	"\367\302\377\177\370\235\217{\247\021 \013\000\223\362"
 3285      F89D8F7B 
 3285      A711200B 
 3285      0093F2
 3286 0059 820BF0F0 		.ascii	"\202\013\360\360`\207\201i\232y\316\260,5\336\240\355"
 3286      60878169 
 3286      9A79CEB0 
 3286      2C35DEA0 
 3286      ED
 3287 006a 088F0E76 		.ascii	"\010\217\016v\336\357T\333p,p[ \344\031q\314c\231N\010"
 3287      DEEF54DB 
 3287      702C705B 
 3287      20E41971 
 3287      CC63994E 
 3288 007f 0FA94680 		.ascii	"\017\251F\200\374G!z\206\232B|\236V\032\257\356\223"
 3288      FC47217A 
 3288      869A427C 
 3288      9E561AAF 
 3288      EE93
 3289 0091 7A93D788 		.ascii	"z\223\327\210AE\002W\210\227h\215\223 \255\300\240\204"
 3289      41450257 
 3289      8897688D 
 3289      9320ADC0 
 3289      A084
 3290 00a3 1E5B0D21 		.ascii	"\036[\015!:A\022x\215\016F&\342{\275\000n\260*e\310"
 3290      3A411278 
 3290      8D0E4626 
 3290      E27BBD00 
 3290      6EB02A65 
 3291 00b8 1C1B686E 		.ascii	"\034\033hn\211\366}k{\257\247T\350\370\327\024\352\004"
 3291      89F67D6B 
ARM GAS  C:\Users\angio\AppData\Local\Temp\ccSeXO4x.s 			page 97


 3291      7BAFA754 
 3291      E8F8D714 
 3291      EA04
 3292 00ca E74FAEA6 		.ascii	"\347O\256\246\3702\367\205\270\235\273\177\276\350r"
 3292      F832F785 
 3292      B89DBB7F 
 3292      BEE872
 3293 00d9 31C40672 		.ascii	"1\304\006r\253\035\300>Y\357\263\243\017-\313\376,B"
 3293      AB1DC03E 
 3293      59EFB3A3 
 3293      0F2DCBFE 
 3293      2C42
 3294 00eb 89C869DB 		.ascii	"\211\310i\333X\364T\211\027\221\325\210*$\371*I\311"
 3294      58F45489 
 3294      1791D588 
 3294      2A24F92A 
 3294      49C9
 3295 00fd E59C1271 		.ascii	"\345\234\022q\007\211oX\230\202~!D\373\341Lx\260F\256"
 3295      07896F58 
 3295      98827E21 
 3295      44FBE14C 
 3295      78B046AE 
 3296 0111 9F95ADF8 		.ascii	"\237\225\255\370\300\315\227\343\362.\312\337\254\332"
 3296      C0CD97E3 
 3296      F22ECADF 
 3296      ACDA
 3297 011f C5722C3A 		.ascii	"\305r,:\267\000\010\206&b\241T:\236\216ds\211\264\036"
 3297      B7000886 
 3297      2662A154 
 3297      3A9E8E64 
 3297      7389B41E 
 3298 0133 DBD0336B 		.ascii	"\333\3203k\306\372\252\226\\\311\031\311L,\034\365F"
 3298      C6FAAA96 
 3298      5CC919C9 
 3298      4C2C1CF5 
 3298      46
 3299 0144 A20B2381 		.ascii	"\242\013#\201YuL\015\317x\027\227C\3633KA\025\006\024"
 3299      59754C0D 
 3299      CF781797 
 3299      43F3334B 
 3299      41150614 
 3300 0158 C5278F66 		.ascii	"\305'\217fU\352F\300\357\367\373t\303\227\311\372\214"
 3300      55EA46C0 
 3300      EFF7FB74 
 3300      C397C9FA 
 3300      8C
 3301 0169 8C26B386 		.ascii	"\214&\263\206\226J(\032\260\354z\367\257QF\325\341\361"
 3301      964A281A 
 3301      B0EC7AF7 
 3301      AF5146D5 
 3301      E1F1
 3302 017b 7830AEC1 		.ascii	"x0\256\3017\234\004\252\216"
 3302      379C04AA 
 3302      8E
 3303              		.text
 3304              		.section	.gnu.lto_chSchGoSleepS.341.1f2b0c6e,"e",%progbits
 3305 0000 789C8553 		.ascii	"x\234\205S[HTQ\024\335\353\356;\3438=\254`\350'\310"
ARM GAS  C:\Users\angio\AppData\Local\Temp\ccSeXO4x.s 			page 98


 3305      5B485451 
 3305      14DDEBEE 
 3305      3BE3383D 
 3305      AC60E827 
 3306 0015 8A888274 		.ascii	"\212\210\202t4\263\350W\242\237\036P\366'HN\003#\221"
 3306      34B3E857 
 3306      A29F1E50 
 3306      F627484E 
 3306      032391
 3307 0028 23335311 		.ascii	"#3S\021A\336lH2H+\021*\263\030\246\230\276\352#K\355"
 3307      41DE6C48 
 3307      32482B11 
 3307      2AB318A6 
 3307      98BEEA23 
 3308 003e 65F650C9 		.ascii	"e\366P\311\264\027\275\250(z\320\213\212 H\210l\237"
 3308      B417BDA8 
 3308      287AD08B 
 3308      8A204888 
 3308      6C9F
 3309 0050 73AF3335 		.ascii	"s\25735\004\035\346\3369\373\261\326^{\237s\267\233"
 3309      041DE6DE 
 3309      39FBB1D6 
 3309      5E7B9F73 
 3309      B79B
 3310 0062 44A78868 		.ascii	"D\247\210h\261<\344\"\354\337\327h\320\350\350h\235"
 3310      B13CE422 
 3310      ECDFD768 
 3310      D0E8E868 
 3310      9D
 3311 0073 69E080EC 		.ascii	"i\340\200\354q\031\332b\264\354\363\352\235\211\035"
 3311      7119DA62 
 3311      B4ECF3EA 
 3311      9D891D
 3312 0082 A6DE80EA 		.ascii	"\246\336\200\352\0146Q\207\003<\327\262\254\037\307"
 3312      0C365187 
 3312      033CD7B2 
 3312      AC1FC7
 3313 0091 DBDF0FC0 		.ascii	"\333\337\017\300J\365 \311D\355L\366jcp%\315\351\261"
 3313      4AF520C9 
 3313      44ED4CF6 
 3313      6A637025 
 3313      CDE9B1
 3314 00a4 ACDB17CF 		.ascii	"\254\333\027\317X\026S\222\201\016H\034\013\340'e\206"
 3314      58165392 
 3314      810E481C 
 3314      0BE02765 
 3314      86
 3315 00b5 F6FA74DE 		.ascii	"\366\372t\336~N\262\001\323\3311\362\025v\233\212\314"
 3315      7E4EB201 
 3315      D3D931F2 
 3315      15769B8A 
 3315      CC
 3316 00c6 16F8D74F 		.ascii	"\026\370\327O'\033&6\357\360$\245f\227\306w\002\347"
 3316      271B2636 
 3316      EFF024A5 
 3316      6697C677 
 3316      02E7
ARM GAS  C:\Users\angio\AppData\Local\Temp\ccSeXO4x.s 			page 99


 3317 00d8 A06A843A 		.ascii	"\240j\204:|*\265n,\365\364\307\335\015\326\244x\276"
 3317      7C2AB56E 
 3317      2CF5F4C7 
 3317      DD0DD6A4 
 3317      78BE
 3318 00ea 4A3D9F95 		.ascii	"J=\237\225\232\322\251;\221\246\3750\320h\323\272p1"
 3318      9AD2A93B 
 3318      91A6FD30 
 3318      D068D3BA 
 3318      7031
 3319 00fc 2BF7B0CF 		.ascii	"+\367\260\317M\270\004\\\000\272a\267\004\205n\320h"
 3319      4DB8045C 
 3319      00BA61B7 
 3319      04856ED0 
 3319      68
 3320 010d DE932139 		.ascii	"\336\223!9\372\261\266\377X\034\252\340\225?I\320\003"
 3320      FAB1B6FF 
 3320      581CAAE0 
 3320      953F49D0 
 3320      03
 3321 011e 0A3DD625 		.ascii	"\012=\326%\233mPK\032\324\334f\365\304g\352~\256\375"
 3321      9B6D504B 
 3321      1AD4DC66 
 3321      F5C467EA 
 3321      7EAEFD
 3322 0131 85B92A98 		.ascii	"\205\271*\230AU\372:\320\013\222#\240\320M\237D\334"
 3322      4155FA3A 
 3322      D00B9223 
 3322      A0D04D9F 
 3322      44DC
 3323 0143 69312976 		.ascii	"i1)v\242\247\356\272z\255\237\243M\2265\274r\270\355"
 3323      A2A7EEBA 
 3323      7AAD9FA3 
 3323      4D9635BC 
 3323      72B8ED
 3324 0156 83374F02 		.ascii	"\2037O\002\335p)\3319$\271\036\340,re\312n\257\274r"
 3324      DD7029D9 
 3324      3924B91E 
 3324      E02C7265 
 3324      CA6EAFBC 
 3325 016b 889A581D 		.ascii	"\210\232X\035\257^\323\205\262\231\215\214\011\372\214"
 3325      AF5ED385 
 3325      B2998D8C 
 3325      09FA8C
 3326 017a FA96C687 		.ascii	"\372\226\306\207C\345\011v9\307\340\322z\3430d\233b"
 3326      43E50976 
 3326      39C7E0D2 
 3326      7AE33064 
 3326      9B62
 3327 018c 6D9C8050 		.ascii	"m\234\200Py\320\017\364\201\342\250\267\254\3244\225"
 3327      79D00FF4 
 3327      81E2A8B7 
 3327      ACD43495 
 3328 019c 38207C42 		.ascii	"8 |Bpa\344\373}Np\216\316\224\213\361\316'\331B\250"
 3328      7061E4FB 
 3328      7D4E708E 
 3328      CE948BF1 
ARM GAS  C:\Users\angio\AppData\Local\Temp\ccSeXO4x.s 			page 100


 3328      CE27D942 
 3329 01b1 B2C5E717 		.ascii	"\262\305\347\027\2274\235\213\2338\242&\352\330&\006"
 3329      97349D8B 
 3329      9B38A226 
 3329      EAD82606 
 3330 01c1 C5D67317 		.ascii	"\305\326s\027Q\234%\352P\327\257\327\354(2\035\021\202"
 3330      519C25EA 
 3330      50D7AFD7 
 3330      EC28321D 
 3330      1182
 3331 01d3 4B89E995 		.ascii	"K\211\351\225R\030\302\030\0170,<\006Q\202=v;_\036\025"
 3331      5218C218 
 3331      0F302C3C 
 3331      0651823D 
 3331      763B5F1E 
 3332 01e8 2738770C 		.ascii	"'8w\014\342\371\267\230;\266\230\214k\034\356\212K|"
 3332      E2F9B798 
 3332      3BB6988C 
 3332      6B1CEE8A 
 3332      4B7C
 3333 01fa 7107E5C6 		.ascii	"q\007\345\306=Q\367\025\361\374\004\263\236\307\370"
 3333      3D51F715 
 3333      F1FC04B3 
 3333      9EC7F8
 3334 0209 76A557B8 		.ascii	"v\245W\270\223<A\225\372\326\331\367\206\263\244\361"
 3334      933C4195 
 3334      FAD6D9F7 
 3334      86B3A4F1 
 3335 0219 5FD21ED8 		.ascii	"_\322\036\330\322T\027\023\355\306ZG\372\026\376G\332"
 3335      D2541713 
 3335      EDC65A47 
 3335      FA16FE47 
 3335      DA
 3336 022a E3AC393D 		.ascii	"\343\2549=\261\347$\334z\332]\267\336\270\022\354M\327"
 3336      B1E724DC 
 3336      7ADA5DB7 
 3336      DEB812EC 
 3336      4DD7
 3337 023c 9D90A99B 		.ascii	"\235\220\251\233a\311\303SA\231\351\006\337\345\251"
 3337      61C9C353 
 3337      4199E906 
 3337      DFE5A9
 3338 024b 0E9F89CF 		.ascii	"\016\237\211\317e3\247\246&y\022\236\213\303\355\034"
 3338      6533A7A6 
 3338      2679129E 
 3338      8BC3ED1C 
 3339 025b 81997504 		.ascii	"\201\231u\004\255#\303\035\006n@\356\235S\2725W.\240"
 3339      AD23C31D 
 3339      066E40EE 
 3339      9D53BA35 
 3339      572EA0
 3340 026e 4C9FBE60 		.ascii	"L\237\276`\347L\203@\007\325\3271\3438vI\305\311\262"
 3340      E74C8340 
 3340      07D5D731 
 3340      E3387649 
 3340      C5C9B2
 3341 0281 35D507F3 		.ascii	"5\325\007\363\002$\377x\251\357\362?\342\257\354\370"
ARM GAS  C:\Users\angio\AppData\Local\Temp\ccSeXO4x.s 			page 101


 3341      0224FF78 
 3341      A9EFF23F 
 3341      E2AFECF8 
 3342 0291 6B45ACE3 		.ascii	"kE\254\343)\035\237\242\203o\245\321o\250\177q\347\201"
 3342      291D9FA2 
 3342      836FA5D1 
 3342      6FA87F71 
 3342      E781
 3343 02a3 477D066A 		.ascii	"G}\006j51\376\274\300D\245eK*\312B\325U\325kb\233\326"
 3343      3531FEBC 
 3343      C044A565 
 3343      4B2ACA42 
 3343      D555D56B 
 3344 02ba 57872BB6 		.ascii	"W\207+\266\204#\033\242\265\353\002\301\312M\321`\244"
 3344      84231BA2 
 3344      B5EB02C1 
 3344      CA4DD160 
 3344      A4
 3345 02cb 6275F9FC 		.ascii	"bu\371\3745\345+\026\024/+YT\262z\351\374\225k\313\226"
 3345      35E52B16 
 3345      142F2B59 
 3345      54B27AE9 
 3345      FC956BCB 
 3346 02e0 2F5D555A 		.ascii	"/]UZB\263\013\012\012\345\027P\310p\264\270\250\250"
 3346      42B30B0A 
 3346      0AE51750 
 3346      C870B4B8 
 3346      A8A8
 3347 02f2 A8301C2D 		.ascii	"\2500\034-\214\304\012\243\221\200x\243\201\320\372"
 3347      8CC40AA3 
 3347      918078A3 
 3347      81D0FA
 3348 0301 8200796A 		.ascii	"\202\000yj\202[\242\261u\261\340\2241W\301\302\022\377"
 3348      825BA2B1 
 3348      75B1E094 
 3348      3157C1C2 
 3348      12FF
 3349 0313 E2AAD2AA 		.ascii	"\342\252\322\252\000qM\254\226\303\352\251\256\345y"
 3349      00714DAC 
 3349      96C3EAA9 
 3349      AEE579
 3350 0322 9122B352 		.ascii	"\221\"\263R\031\363\"~\263R\"\343\242\233\003\371j\315"
 3350      19F3227E 
 3350      B35222E3 
 3350      A29B03F9 
 3350      6ACD
 3351 0334 F29311A1 		.ascii	"\362\223\021\241\234\215\301\215\341\310V\372\015\007"
 3351      9C8DC18D 
 3351      E1C856FA 
 3351      0D07
 3352 0342 309782   		.ascii	"0\227\202"
 3353              		.text
 3354              		.section	.gnu.lto_chSchGoSleepTimeoutS.342.1f2b0c6e,"e",%progbits
 3355 0000 789C6D52 		.ascii	"x\234mRML\023Q\020~\263\263\333-\210\255b\021o\022\015"
 3355      4D4C1351 
 3355      107EB3B3 
 3355      DB2D88AD 
ARM GAS  C:\Users\angio\AppData\Local\Temp\ccSeXO4x.s 			page 102


 3355      62116F12 
 3356 0015 311E287F 		.ascii	"1\036(\177\025\177N&\204p\360/\001\274\221\020(M\332"
 3356      157F4E26 
 3356      8470F02F 
 3356      01BC9110 
 3356      284DDA
 3357 0028 182D698B 		.ascii	"\030-i\213\034<\260@\241F\023Z0F\017\330C\263\032\022"
 3357      1C3CB040 
 3357      A146135A 
 3357      30460FD8 
 3357      43B31A12 
 3358 003c 12B96004 		.ascii	"\022\271`\004\005\251\210z\321H4X=`z2\022\210\251\020"
 3358      05A9887A 
 3358      D1483458 
 3358      3D607A32 
 3358      1288A910 
 3359 0050 1331983A 		.ascii	"\0231\230:\357m\251\200lv\263\357}3\363\275o\346{\263"
 3359      EF6DA980 
 3359      6C76B3EF 
 3359      7D33F3BD 
 3359      6FE67BB3 
 3360 0064 C8D875C6 		.ascii	"\310\330u\306X\210>\226\303`p\340\206\304\322\351t\247"
 3360      58883E96 
 3360      C36070E0 
 3360      86C4D2E9 
 3360      74A7
 3361 0076 2C493D03 		.ascii	",I=\0037%\230\002\261\353\033\260\210?JA\216\316\030"
 3361      37259802 
 3361      B1EB1BB0 
 3361      883F4A41 
 3361      8ECE18
 3362 0089 686F0695 		.ascii	"ho\006\225\341v\266N\201;\264\336\2503\211\235\021Q"
 3362      E176B64E 
 3362      813BB4DE 
 3362      A833899D 
 3362      1151
 3363 009b E1EE60EC 		.ascii	"\341\356`\354\307\332R\355F\320\014]\262X\000\353\224"
 3363      C7DA52ED 
 3363      46D00C5D 
 3363      B25800EB 
 3363      94
 3364 00ac 50564CAA 		.ascii	"PVL\252\031:\341\026\016!\014\242\216\014\344\314\012"
 3364      193AE116 
 3364      0E210CA2 
 3364      8E0CE4CC 
 3364      0A
 3365 00bd A0E8A8A6 		.ascii	"\240\350\250\246i\277\356G\337-\301\320p\\\326QbQJx"
 3365      69BFEE47 
 3365      DF2DC1D0 
 3365      705CD651 
 3365      62514A78 
 3366 00d1 0430065C 		.ascii	"\0040\006\\:%b\023;\022\327\264\271\267c\232\206LG\204"
 3366      3A256213 
 3366      3B12D7B4 
 3366      B9B7639A 
 3366      864C4784 
 3367 00e5 C7C0732A 		.ascii	"\307\300s*\241\214\361\255\373\215\215g]3\262\376\214"
ARM GAS  C:\Users\angio\AppData\Local\Temp\ccSeXO4x.s 			page 103


 3367      A18CF1AD 
 3367      FB8D8D67 
 3367      5D33B2FE 
 3367      8C
 3368 00f6 6B5A0EC1 		.ascii	"kZ\016\3012L\300&&\002\334\237m\006_\017\360_1e\247"
 3368      324CC026 
 3368      2602DC9F 
 3368      6D065F0F 
 3368      F05F3165 
 3369 010b 3E8D842C 		.ascii	">\215\204,\221.\263\216\012<\205-\007\273\277\332L\014"
 3369      912EB38E 
 3369      0A3C852D 
 3369      07BBBFDA 
 3369      4C0C
 3370 011d 2681CB61 		.ascii	"&\201\313a\014\262\322\017d\245\3079\210}\006Y\204\310"
 3370      0CB2D20F 
 3370      64A5C739 
 3370      887D0659 
 3370      84C8
 3371 012f 1646CE08 		.ascii	"\026F\316\010.\023\2058\3274\3003\203k\225s=\007F\003"
 3371      2E138538 
 3371      D734C033 
 3371      836B9573 
 3371      3D074603 
 3372 0143 62EE151B 		.ascii	"b\356\025\033\201X\254\365j\251\265\245P\277M\324lk"
 3372      8158ACF5 
 3372      6AA9B5A5 
 3372      50BF4DD4 
 3372      6C6B
 3373 0155 9B9F4C05 		.ascii	"\233\237L\005\243\357\225\270\266\236\016kZ\272\261"
 3373      A3EF95B8 
 3373      B69E0E6B 
 3373      5ABAB1
 3374 0164 FFC5D228 		.ascii	"\377\305\322(X\201:Q\025\0366\001<\001\025`\034,\214"
 3374      58813A51 
 3374      151E3601 
 3374      3C011560 
 3374      1C2C8C
 3375 0177 D7B33072 		.ascii	"\327\2630r;\304s\220H\"(\375\333\002\373\016\335\223"
 3375      3BC47390 
 3375      482228FD 
 3375      DB02FB0E 
 3375      DD93
 3376 0189 13CBF318 		.ascii	"\023\313\363\030C%\323\201Y(\017\202D\313a\024\243y"
 3376      4325D381 
 3376      59280F82 
 3376      44CB6114 
 3376      A379
 3377 019b C0E973E0 		.ascii	"\300\351s\340%\300\254\010\226\2219\303\005:\346\302"
 3377      25C0AC08 
 3377      969139C3 
 3377      053AE6C2 
 3378 01ab 2BB8C7E7 		.ascii	"+\270\307\347\300\0011\255\327\264\347J\027!\270\370"
 3378      C00131AD 
 3378      D7B4E74A 
 3378      1721B8F8 
 3379 01bb 62F5A129 		.ascii	"b\365\241)\206&\316)\363\013\220\266\212\026\"\210\233"
ARM GAS  C:\Users\angio\AppData\Local\Temp\ccSeXO4x.s 			page 104


 3379      8626CE29 
 3379      F30B90B6 
 3379      8A162288 
 3379      9B
 3380 01cc 05A42094 		.ascii	"\005\244 \224\234N\344\322\025c\342\314]QN\020\004\203"
 3380      9C4EE4D2 
 3380      1563E2CC 
 3380      5D514E10 
 3380      0483
 3381 01de 318FBAA5 		.ascii	"1\217\272\245\020\321\004\241[ \273\243(\011D\321\321"
 3381      10D104A1 
 3381      5B20BBA3 
 3381      280944D1 
 3381      D1
 3382 01ef 42D5C1E4 		.ascii	"B\325\301\344\\\241Qi\215\"i\211\241\252\343\036\021"
 3382      5CA15169 
 3382      8D226989 
 3382      A1AAE31E 
 3382      11
 3383 0200 F890C88B 		.ascii	"\370\220\310\213e:\331\033E\371?V\035\363\015\241-1"
 3383      653AD91B 
 3383      45F93F56 
 3383      1DF30DA1 
 3383      2D31
 3384 0212 A375D518 		.ascii	"\243u\325\0302I\224\267J\014&\347\023h\234\262/\212"
 3384      324994B7 
 3384      4A0C26E7 
 3384      13689CB2 
 3384      2F8A
 3385 0224 CA0E4C36 		.ascii	"\312\016L6Q\246l\035\355\314\027\356\326\311C\344\275"
 3385      51A66C1D 
 3385      EDCC17EE 
 3385      D6C943E4 
 3385      BD
 3386 0235 089BB6B3 		.ascii	"\010\233\266\263.P\343S\260\203|\236\255n\367im\375"
 3386      2E50E353 
 3386      B0837C9E 
 3386      AD6EF769 
 3386      6DFD
 3387 0247 27F964C9 		.ascii	"'\371d\311\370\244\200a\015\367\302\242c\001M\004\346"
 3387      F8A48061 
 3387      0DF7C2A2 
 3387      63014D04 
 3387      E6
 3388 0258 B3F690B6 		.ascii	"\263\366\220\266\375\360\221\334\220\014w\276Y\3512"
 3388      FDF091DC 
 3388      900C77BE 
 3388      59E932
 3389 0267 408200CC 		.ascii	"@\202\000\314\264h\336D\017\313\320u\232\035\246\274"
 3389      B468DE44 
 3389      0FCBD075 
 3389      9A1DA6BC 
 3390 0277 D4EF11AD 		.ascii	"\324\357\021\255\210\372)4.\270xV\240;\271\232\010\003"
 3390      88FA2934 
 3390      2EB87856 
 3390      A03BB99A 
 3390      0803
ARM GAS  C:\Users\angio\AppData\Local\Temp\ccSeXO4x.s 			page 105


 3391 0289 49A5E339 		.ascii	"I\245\3439\022F\330|\247\030\253\252>\325X\355\366\264"
 3391      1246D87C 
 3391      A718ABAA 
 3391      3ED558ED 
 3391      F6B4
 3392 029b 78EA03ED 		.ascii	"x\352\003\355\255\036oc\207\327w\311\337\326\354t5\265"
 3392      AD1E6F63 
 3392      87D777C9 
 3392      DFD6EC74 
 3392      35B5
 3393 02ad FB5DBEC6 		.ascii	"\373]\276\306\272\206\222\372\206s\225\025\265\216\343"
 3393      BA8692FA 
 3393      86739515 
 3393      B58EE3
 3394 02bc 8EBA9A92 		.ascii	"\216\272\232\222\363\027\253\317\326\\\250r\260b\273"
 3394      F317ABCF 
 3394      D65CA872 
 3394      B062BB
 3395 02cb BD945E27 		.ascii	"\275\224^'\257\364\372+\312\313\313K\275\376R_\240\324"
 3395      AFF4FA2B 
 3395      CACBCB4B 
 3395      BDFE525F 
 3395      A0D4
 3396 02dd EF7312EA 		.ascii	"\357s\022\352w\272[\355Nf\276\342\352\360\007\232\003"
 3396      77BA5BED 
 3396      4E66BEE2 
 3396      EAF0079A 
 3396      03
 3397 02ee AEFC0DC8 		.ascii	"\256\374\015\310~\314Qv\242\245\252\305\311\324\200"
 3397      7ECC5176 
 3397      A2A5AAC5 
 3397      C9D480
 3398 02fd E7B2CBDB 		.ascii	"\347\262\313\333\036\220\002m\322\325\300_ \345\232"
 3398      1E90026D 
 3398      D2D5C05F 
 3398      20E59A
 3399 030c FE       		.ascii	"\376"
 3400              		.text
 3401              		.section	.gnu.lto_chSchWakeupS.343.1f2b0c6e,"e",%progbits
 3402 0000 789C6D54 		.ascii	"x\234mTkl\024U\024>\337\334\231}t\333\355k\251\2111"
 3402      6B6C1455 
 3402      143EDFDC 
 3402      997D74DB 
 3402      ED6BA989 
 3403 0015 B1A28448 		.ascii	"\261\242\204HB\037X\253\361oC\374\343#\201\352\257&"
 3403      421F58AB 
 3403      F16F43FC 
 3403      E32381EA 
 3403      AF26
 3404 0027 8D1D0A6C 		.ascii	"\215\035\012lL\335\272[j\364\207\035\312Rb\375\321\007"
 3404      4CDDBA5B 
 3404      6AF4871D 
 3404      CA5262FD 
 3404      D107
 3405 0039 A4240A2B 		.ascii	"\244$\012+YW\2631!\376R[\004\251 \010\001\244\001\203"
 3405      5957B331 
 3405      21FE525B 
ARM GAS  C:\Users\angio\AppData\Local\Temp\ccSeXO4x.s 			page 106


 3405      04A92008 
 3405      01A40183 
 3406 004d 90FA684C 		.ascii	"\220\372hL$mTh0QH\212\3539wf\267\333\265\223\335;\367"
 3406      246D5468 
 3406      3051488A 
 3406      EB397766 
 3406      B7DBB593 
 3407 0064 9CF39DEF 		.ascii	"\234\363\235\357\274\356\235q\213\350\023\"\332\316"
 3407      BCEE9D71 
 3407      8BE81322 
 3407      DACE
 3408 0072 7F0A10C6 		.ascii	"\177\012\020\306\307\206\015\312\345r\003\246\201\375"
 3408      C7860DCA 
 3408      E57203A6 
 3408      81FD
 3409 0080 BCC74968 		.ascii	"\274\307IhI\031\311\261\220\336\355\035\013\353\267"
 3409      4919C9B1 
 3409      90DEED1D 
 3409      0BEBB7
 3410 008f 89836365 		.ascii	"\211\203cezga\302\333\371X\227\367\367c\367cyo\320\200"
 3410      7A6761C2 
 3410      DBF95897 
 3410      F7F763F7 
 3410      63796FD0 
 3411 00a4 A14CCBE7 		.ascii	"\241L\313\347\307\000\366\253\307\035\307\271\373Q\352"
 3411      C700F6AB 
 3411      C71DC7B9 
 3411      FB51EA
 3412 00b3 F02538D9 		.ascii	"\360%8\331id\024QJ\221\373\034R\030W\031\005\230\336"
 3412      69641451 
 3412      4A91FB1C 
 3412      52185719 
 3412      0598DE
 3413 00c6 CE403DEF 		.ascii	"\316@=\357T'\255\237v\234\231\023\223\216\023\244\214"
 3413      5427AD9F 
 3413      769C9913 
 3413      938E13A4 
 3413      8C
 3414 00d7 52F802EC 		.ascii	"R\370\002\354\203\317\201\317@\242\260/\326\012\256"
 3414      83CF81CF 
 3414      40A2B02F 
 3414      D60AAE
 3415 00e6 9FD633F9 		.ascii	"\237\3263\371\314u\017gbj%\316\264o\324\352(\352-Y\327"
 3415      CC750F67 
 3415      626A25CE 
 3415      B46FD4EA 
 3415      28EA2D59 
 3416 00fb 31E9E207 		.ascii	"1\351\342\007G\367\205Gw\007\204\365\313b4\221\375\227"
 3416      47F78547 
 3416      770784F5 
 3416      CB623491 
 3416      FD97
 3417 010d 267DBB00 		.ascii	"&}\273\000M]\032v\241\026N\224@o\326\372\010_\001\307"
 3417      4D5D1A76 
 3417      A1164E94 
 3417      406FD6FA 
 3417      085F01C7 
ARM GAS  C:\Users\angio\AppData\Local\Temp\ccSeXO4x.s 			page 107


 3418 0121 E15603F1 		.ascii	"\341V\003\361\034\204\2165\204\002\303\375\243\257\237"
 3418      1C848E35 
 3418      8402C3FD 
 3418      A3AF9F
 3419 0130 3B928404 		.ascii	";\222\204\004\373\272\230\001\323 \373`D\320\357\272"
 3419      FBBA9801 
 3419      D320FB60 
 3419      44D0EFBA 
 3420 0140 4E2305A7 		.ascii	"N#\005\247\321C\316tr\255N\360\233\025>\247\331g8\302"
 3420      D143CE74 
 3420      72AD4EF0 
 3420      9B153EA7 
 3420      D96738C2 
 3421 0154 71CF00A7 		.ascii	"q\317\000\247@\334m\262\337\211\260\305r3\311*\317\364"
 3421      40DC6DB2 
 3421      DF89B0C5 
 3421      7233C92A 
 3421      CFF4
 3422 0166 E915EB94 		.ascii	"\351\025\353\224\263\224\033q\234\333\321\237\226N\206"
 3422      B3941B71 
 3422      9CDBD19F 
 3422      964E86
 3423 0175 EA0C62B3 		.ascii	"\352\014b\263_\022\016\312\256\014\230D\0108\206\012"
 3423      5F120ECA 
 3423      AE0C9844 
 3423      0838860A 
 3424 0185 6E922F2C 		.ascii	"n\222/,K%/\376*^\002\325\262\324\210\216hD\311t\365"
 3424      4B252FFE 
 3424      2A5E02D5 
 3424      B2D4888E 
 3424      6844C974 
 3425 019a F330071A 		.ascii	"\3630\007\032U\306\262\010\272\205\301\003\303\377,"
 3425      55C6B208 
 3425      BA85C103 
 3425      C3FF2C
 3426 01a9 B4A795DF 		.ascii	"\264\247\225\337\233\237\245\253H\302\340mVi\341c0U"
 3426      9B9FA5AB 
 3426      48C2E06D 
 3426      5669E163 
 3426      3055
 3427 01bb 10E7806F 		.ascii	"\020\347\200oAI\014:N\366!\001\236g>&8~\357\3625\225"
 3427      41490C3A 
 3427      4EF62101 
 3427      9E673E26 
 3427      387EEFF2 
 3428 01d1 56418DE4 		.ascii	"VA\215\344a\316\257a4\023\012\232uM\254\342V\224\341"
 3428      61CEAF61 
 3428      34130A9A 
 3428      754DACE2 
 3428      5694E1
 3429 01e4 020E4B9F 		.ascii	"\002\016K\237=Y\341\"\313z\024\234\224*I\352\275{?N"
 3429      3D59E122 
 3429      CB7A149C 
 3429      942A49EA 
 3429      BD7B3F4E 
 3430 01f8 585E46F9 		.ascii	"X^F\371$\330/\313b(\315\\\337\025S\227\3432S\031.\365"
 3430      24D82FCB 
ARM GAS  C:\Users\angio\AppData\Local\Temp\ccSeXO4x.s 			page 108


 3430      6228CD5C 
 3430      DF155397 
 3430      E3325319 
 3431 020e 7CB99CA2 		.ascii	"|\271\234\242\031Vp\260\264\012\271\031\376\331\237"
 3431      195670B0 
 3431      B40AB919 
 3431      FED99F
 3432 021d 56157996 		.ascii	"V\025y\226\300j$\025\270\302>&\025\251\302\270\312*"
 3432      C06A2415 
 3432      B8C23E26 
 3432      15A9C2B8 
 3432      CA2A
 3433 022f AB907225 		.ascii	"\253\220r%\276g\231{\2529\271\304\360J\306`)\343\265"
 3433      BE67997B 
 3433      AA39B9C4 
 3433      F04AC660 
 3433      29E3B5
 3434 0242 FF33FE50 		.ascii	"\3773\376P\302x\275\300\270gr\037\322\252\222\363db"
 3434      C278BDC0 
 3434      B867721F 
 3434      D2AA92F3 
 3434      6462
 3435 0254 89B02472 		.ascii	"\211\260$r\025\253h\021{\353\323\252:\011_FU\245\244"
 3435      15AB6811 
 3435      7BEBD3AA 
 3435      3A095F46 
 3435      55A5A4
 3436 0267 696C90D6 		.ascii	"il\220\326\004d2\325\264\200\344\302\351\007\031\201"
 3436      046432D5 
 3436      B480E4C2 
 3436      E9071981 
 3437 0277 D97C43CD 		.ascii	"\331|C\315\342\206.\"97\365~\230\364TkR\322*\256?\243"
 3437      E2862E22 
 3437      3937F57E 
 3437      98F4546B 
 3437      52D22AAE 
 3438 028d 6A35D42A 		.ascii	"j5\324*\205^\235\345\024\214<X\2671(`\251z\352\357!"
 3438      855E9DE5 
 3438      148C3C58 
 3438      B7312860 
 3438      A97AEAEF 
 3439 02a2 7F5AD514 		.ascii	"\177Z\325\024\006\022\326\225\033\245\225\377\274\242"
 3439      0612D695 
 3439      1BA595FF 
 3439      BCA2
 3440 02b0 F2F98894 		.ascii	"\362\371\210\224\376\313r\351r~*1\347\325.I\370J\016"
 3440      FECB72E9 
 3440      727E2A31 
 3440      E7D52E49 
 3440      F84A0E
 3441 02c3 C09DBB4B 		.ascii	"\300\235\273KCV!J\371\362\304\274\020\021\374\312\336"
 3441      4356214A 
 3441      F9F2C4BC 
 3441      1011FCCA 
 3441      DE
 3442 02d4 7E2269C3 		.ascii	"~\"i\303\032\357\320L\335\177\271h\"\253\235\301\337"
 3442      1AEFD04C 
ARM GAS  C:\Users\angio\AppData\Local\Temp\ccSeXO4x.s 			page 109


 3442      DD7FB968 
 3442      22AB9DC1 
 3442      DF
 3443 02e5 4ACEE04D 		.ascii	"J\316\340M\367\0142\267&\270\361o\035\316\202\257\240"
 3443      F70C32B7 
 3443      26B8F16F 
 3443      1DCE82AF 
 3443      A0
 3444 02f6 A79808F2 		.ascii	"\247\230\010\362]\344\362\3506\366\254\345+H\007\344"
 3444      5DE4F2E8 
 3444      36F6ACE5 
 3444      2B4807E4 
 3445 0306 2BF1C811 		.ascii	"+\361\310\021\014\261w\035oM\371p\314\203\370\215\005"
 3445      0CB1771D 
 3445      6F4DF970 
 3445      CC83F88D 
 3445      05
 3446 0317 7DA757B1 		.ascii	"}\247W\261\377\356\332\377\020bm\377P\333\037\320\306"
 3446      FFEEDAFF 
 3446      10626DFF 
 3446      50DB1FD0 
 3446      C6
 3447 0328 5B701BE0 		.ascii	"[p\033\340/n\300\035\014\316\345f\003\362}\220gD\241"
 3447      2F6EC01D 
 3447      0CCEE566 
 3447      03F27D90 
 3447      6744A1
 3448 033b F80E13B5 		.ascii	"\370\016\023\265\266=\323\321\2663\332\025\335\332\267"
 3448      B63DD3D1 
 3448      B633DA15 
 3448      DDDAB7
 3449 034a 6B5B34D6 		.ascii	"k[4\326\361F,\376j\242\367\025\273\273sW\242;\336\261"
 3449      F1462CFE 
 3449      6AA2F715 
 3449      BBBB7357 
 3449      A23BDEB1 
 3450 035e A57DE3D6 		.ascii	"\245}\343\326\366\347\237\330\364l\313S-[6o|\341\245"
 3450      F6E79FD8 
 3450      F46CCB53 
 3450      2D5B366F 
 3450      7CE1A5
 3451 0371 B6E736BF 		.ascii	"\266\3476\277\330\332B\353\032\032\032\371g\213g,\261"
 3451      D8DA42EB 
 3451      1A1A1AF9 
 3451      678B672C 
 3451      B1
 3452 0382 A9B9B9B9 		.ascii	"\251\271\271\2711\226h\214\3675&\3426k\023\366\316m"
 3452      3196688C 
 3452      F73526E2 
 3452      366B13F6 
 3452      CE6D
 3453 0394 0D36A9D7 		.ascii	"\0156\251\327\372zk\362R\303\223-MOw\265v\261\272'\261"
 3453      FA7A6BF2 
 3453      52C3932D 
 3453      4D4F77B5 
 3453      76B1BA27 
 3454 03a9 43C5FA7A 		.ascii	"C\305\372zU,\332\2536\304\233\315N\0216\304\233\314"
ARM GAS  C:\Users\angio\AppData\Local\Temp\ccSeXO4x.s 			page 110


 3454      552CDAAB 
 3454      36C49BCD 
 3454      4E1136C4 
 3454      9BCC
 3455 03bb 4E760825 		.ascii	"Nv\010%\372\355zy\036m\"#N\376\236\356\236X\374M\372"
 3455      FAED7A79 
 3455      1E6D2223 
 3455      4EFE9EEE 
 3455      9E58FC4D 
 3456 03d0 0FE858FF 		.ascii	"\017\350X\377\257"
 3456      AF
 3457              		.text
 3458              		.section	.gnu.lto_chSchRescheduleS.344.1f2b0c6e,"e",%progbits
 3459 0000 789C6D52 		.ascii	"x\234mRKh\023Q\024\275\347\335\231\230~\214\332\342"
 3459      4B681351 
 3459      14BDE7DD 
 3459      99987E8C 
 3459      DAE2
 3460 0012 4604BBB0 		.ascii	"F\004\273\260\013\027M\232\032\253\270-\305\215\037"
 3460      0B174D9A 
 3460      1AABB82D 
 3460      C58D1F
 3461 0021 68E32E58 		.ascii	"h\343.XLZhp\221\222\264TW\231\246\221B]\364cWZ\263\010"
 3461      4C5A6870 
 3461      9192B454 
 3461      5799A691 
 3461      425DF463 
 3462 0039 A9645710 		.ascii	"\251dW\020\374\264\246\022\251\242\370+\010\222\205"
 3462      FCB4A612 
 3462      A9A2F82B 
 3462      089285
 3463 0048 A0DD1641 		.ascii	"\240\335\026A\212+\205B\274o2\371T\034f\356\274{\336"
 3463      8A2B8542 
 3463      BC6F32F9 
 3463      541C66EE 
 3463      BC7BDE
 3464 005b 39E7BEFB 		.ascii	"9\347\276\373\336kb\242\233D\324/\037\231\204\305\205"
 3464      DE6B62A2 
 3464      9B44D42F 
 3464      1F9984C5 
 3464      85
 3465 006c 5945E572 		.ascii	"YE\345r9i(5\275pG\3419\354,\275\340\261\377\214\245"
 3465      39692835 
 3465      BD7047E1 
 3465      39EC2CBD 
 3465      E0B1FF8C 
 3466 0081 1AC3C0D4 		.ascii	"\032\303\300\324\311\352<(\251\330@\022w\371\224eY\277"
 3466      C9EA3C28 
 3466      A9D84012 
 3466      77F99465 
 3466      59BF
 3467 0093 5732F7B6 		.ascii	"W2\367\266`\345\213\310I\201\014S\365Yf,r\216\001\303"
 3467      60E58BC8 
 3467      49810C53 
 3467      F559662C 
 3467      728E01C3 
 3468 00a7 192974C8 		.ascii	"\031)t\310\210\207\364Lg\321\262v\227Wg<\363S\356\034"
ARM GAS  C:\Users\angio\AppData\Local\Temp\ccSeXO4x.s 			page 111


 3468      8887F44C 
 3468      67D1B276 
 3468      9757673C 
 3468      F353EE1C 
 3469 00bb 339E4294 		.ascii	"3\236B\224x\002<\206\326\206\037\265k\352D\215z\177"
 3469      78023C86 
 3469      D6861FB5 
 3469      6BEA448D 
 3469      7A7F
 3470 00cd 6BB64235 		.ascii	"k\266B5\260\366\017u\245\335EX\007\236\301\251.\260"
 3470      B0F60F75 
 3470      A5DD4558 
 3470      079EC1A9 
 3470      2EB0
 3471 00df AA00AB9F 		.ascii	"\252\000\253\237\315\242\265W\236\263\254\322\255\215"
 3471      CDA2B557 
 3471      9EB3ACD2 
 3471      AD8D
 3472 00ed C28F9656 		.ascii	"\302\217\226VP\216M%\301\305:\030\022\016\230\022\334"
 3472      508E4D25 
 3472      C1C53A18 
 3472      120E9812 
 3472      DC
 3473 00fe 2E1DDCDA 		.ascii	".\035\334\332\247\231\264\023\315\261\356\334~NH:\317"
 3473      A799B413 
 3473      CDB1EEDC 
 3473      7E4E483A 
 3473      CF
 3474 010f AA9E827E 		.ascii	"\252\236\202~\"\2654\373\375O0\313n\2479\331\026\031"
 3474      22B534FB 
 3474      FD4F30CB 
 3474      6EA739D9 
 3474      1619
 3475 0121 A5A16498 		.ascii	"\245\241d\230g\273\373\207\272Z\0236\200\002(\215\224"
 3475      67BBFB87 
 3475      BA5A1336 
 3475      8002288D 
 3475      94
 3476 0132 65E58F6B 		.ascii	"e\345\217k\342\013\361\023\203\302\332\247\022g\271"
 3476      E20BF113 
 3476      83C2DAA7 
 3476      1267B9
 3477 0141 D966CA46 		.ascii	"\331f\312F\346\217\012[\0145[\260n\201\244\337f\024"
 3477      E68F0A5B 
 3477      0C355BB0 
 3477      6E81A4DF 
 3477      6614
 3478 0153 F140B7E5 		.ascii	"\361@\267\345\344\214\227\222\353\316m\213/\223YF\325"
 3478      E48C9792 
 3478      EBCE6D8B 
 3478      2F935946 
 3478      D5
 3479 0164 C1FD7F83 		.ascii	"\301\375\177\203\315\212A\035j\301+\201T\315\323\304"
 3479      CD8A411D 
 3479      6AC12B81 
 3479      54CDD3C4 
 3480 0174 6BC9D9F1 		.ascii	"k\311\331\361\024\013\3454e\202\032\274[\244\024\336"
ARM GAS  C:\Users\angio\AppData\Local\Temp\ccSeXO4x.s 			page 112


 3480      140BE534 
 3480      65821ABC 
 3480      5BA414DE 
 3481 0184 A0AA6AC5 		.ascii	"\240\252j\305[Q\031u\025;*\336\247:(-\342]\343\212<"
 3481      5B511975 
 3481      153B2ADE 
 3481      A73A282D 
 3481      E25DE38A 
 3482 0199 782F4273 		.ascii	"x/Bs\377\212>\010\344\242\272\367\307\232\367\364\372"
 3482      FF8A3E08 
 3482      E4A2BAF7 
 3482      C79AF7F4 
 3482      FA
 3483 01aa 0CB26CC8 		.ascii	"\014\262l\310\252\244\204\256\265\247sS \332\305\355"
 3483      AAA484AE 
 3483      B5A77353 
 3483      20DAC5ED 
 3484 01ba 8E2CBBD2 		.ascii	"\216,\273\322p\345\370PF\357\212L\350%\270!\267\361"
 3484      70E5F850 
 3484      46EF8A4C 
 3484      E825B821 
 3484      B7F1
 3485 01cc 30ED20BD 		.ascii	"0\355 \275\263yL\030\025\254r/\347\231\033\217r\027"
 3485      B3794C18 
 3485      15AC722F 
 3485      E7991B8F 
 3485      7217
 3486 01de D3DBA56F 		.ascii	"\323\333\245o\212\354\243;\222\321\333\222\3436\233"
 3486      8AECA33B 
 3486      92D1DB92 
 3486      E3369B
 3487 01ed 6734F27E 		.ascii	"g4\362~!\265\375\365\232\3550\307h\274\033D\275}\347"
 3487      21B5FDF5 
 3487      9AED30C7 
 3487      68BC1B44 
 3487      BD7DE7
 3488 0200 437DA3D1 		.ascii	"C}\243\321ptp|b8\032\013M\306\3427\022c\327##C\023\211"
 3488      7074707C 
 3488      62381A0B 
 3488      4DC6E237 
 3488      1263D723 
 3489 0218 91786820 		.ascii	"\221xh \3305\030\274t\272\347B\340l`\240\277\353\362"
 3489      D83518BC 
 3489      74BAE742 
 3489      E06C60A0 
 3489      BFEBF2
 3490 022b D5BE8BFD 		.ascii	"\325\276\213\375Wz\003\324\351\365\372\344\215he,\321"
 3490      577A03D4 
 3490      E9F5FAE4 
 3490      8D68652C 
 3490      D1
 3491 023c E3F7FB7D 		.ascii	"\343\367\373}\261\204/>\356K\304#\202&\"\243\303\336"
 3491      B1842F3E 
 3491      EE4BC423 
 3491      822622A3 
 3491      C3DE
 3492 024e 08A9F1B1 		.ascii	"\010\251\361\261\266j\342=\023\350>\027\356\015G\210"
ARM GAS  C:\Users\angio\AppData\Local\Temp\ccSeXO4x.s 			page 113


 3492      B66AE23D 
 3492      13E83E17 
 3492      EE0D4788 
 3493 025e 63D1B1BF 		.ascii	"c\321\261\277=\342#/"
 3493      3DE2232F 
 3494              		.text
 3495              		.section	.gnu.lto_chSchIsPreemptionRequired.345.1f2b0c6e,"e",%progbits
 3496 0000 789C6D53 		.ascii	"x\234mSKh\023Q\024\275g\336L\032\255\212\304\212\033"
 3496      4B681351 
 3496      14BD67DE 
 3496      4C1AAD8A 
 3496      C48A1B
 3497 0013 A105E9C2 		.ascii	"\241\005\351\302E\223&\215U\272\022J\351\306\017\264"
 3497      4593268D 
 3497      55BA124A 
 3497      E9C60FB4 
 3498 0023 75572826 		.ascii	"uW(&-4\270H\310\007\005\305Nb5\020\321\376\\\211v\021"
 3498      2D34B848 
 3498      C80705C5 
 3498      4E623510 
 3498      D1FE5C89 
 3499 0039 A264976E 		.ascii	"\242d\227n\264\037\253FEQ\261\215v#\352BW~\2405E\027"
 3499      B41FAB46 
 3499      4551B18D 
 3499      7623EA42 
 3499      577EA035 
 3500 004f 2A86C6FB 		.ascii	"*\206\306\373&\2234\004\0373\360\356}\347\234{\317}"
 3500      26933404 
 3500      1F33F0EE 
 3500      7DE79C7B 
 3500      CF7D
 3501 0061 33DD82E8 		.ascii	"3\335\202\350<\021\265\362K*ar\"\241P\261X\034Q\025"
 3501      3C11B5F2 
 3501      4B2A6172 
 3501      22A150B1 
 3501      581C5115 
 3502 0075 4C4D24F2 		.ascii	"LM$\362\033\013*\036\302H\010DUc\003\032Q\004F0%\366"
 3502      1B0B2A1E 
 3502      C2480844 
 3502      5563031A 
 3502      51044630 
 3503 008b 6775FDF7 		.ascii	"gu\375\367\255\351\245\034\256\247\263H\261\326\264"
 3503      ADE9A51C 
 3503      AEA7B348 
 3503      B1D6B4
 3504 009a 20B4C150 		.ascii	" \264\301P#\272!0)R\002P\315\235\202&\336\211\001y\322"
 3504      23BA2130 
 3504      29520250 
 3504      CD9D8226 
 3504      DE890179 
 3505 00af CCDCF5F7 		.ascii	"\314\334\365\367\371K;\306\243\326\224\020\230\205\344"
 3505      F94B3BC6 
 3505      A3D69410 
 3505      9885E4
 3506 00be DE05EE40 		.ascii	"\336\005\356@r=\227wIh\244\014\235y7\026\327w\2166I"
 3506      723D9777 
 3506      4968A40C 
ARM GAS  C:\Users\angio\AppData\Local\Temp\ccSeXO4x.s 			page 114


 3506      9D793716 
 3506      D7778E36 
 3507 00d3 E87C0DB4 		.ascii	"\350|\015\264h\223\3203\025\325\\&^RUq\257\006\372\323"
 3507      6893D033 
 3507      15D55C26 
 3507      5E525571 
 3507      AF06FAD3 
 3508 00e7 809EAD40 		.ascii	"\200\236\255@\227s\211\022T\303\375\032\350g\233\205"
 3508      97738912 
 3508      54C3FD1A 
 3508      E8679B85 
 3509 00f7 F0005804 		.ascii	"\360\000X\004\026\2009Ho\274\370Pk\316^\324\327\327"
 3509      16803948 
 3509      6FBCF850 
 3509      6BCE5ED4 
 3509      D7D7
 3510 0109 32F12B0D 		.ascii	"2\361+\0153\272\265\326v5'\263\242e\365BqL\327\363\347"
 3510      33BAB5D6 
 3510      763527B3 
 3510      A265F542 
 3510      714CD7F3 
 3511 011e 960B7FEB 		.ascii	"\226\013\177\353\255\240\224\260(\022\303\303^\204F"
 3511      ADA094B0 
 3511      2812C3C3 
 3511      5E8446
 3512 012d 8CE33273 		.ascii	"\214\3432s\250#\251CcBN\337X\215\\i\\(\233!\350;b\327"
 3512      A823A943 
 3512      63424EDF 
 3512      588D5C69 
 3512      5C289B21 
 3513 0145 12BF0A7D 		.ascii	"\022\277\012}I\241\230\023\325 \255\214B\341mZ\030#"
 3513      49A19813 
 3513      D520AD8C 
 3513      42E16D5A 
 3513      1823
 3514 0157 BF2D6BD4 		.ascii	"\277-k\324\3411\360\0104\212\230\256\247\367J\340\023"
 3514      E131F008 
 3514      348A98AE 
 3514      A7F74AE0 
 3514      13
 3515 0168 D66381C5 		.ascii	"\326c\201\305?_\336\212\244P\015\244\316\207\273\031"
 3515      3F5FDE8A 
 3515      A4500DA4 
 3515      CE87BB19 
 3516 0178 CD8212CD 		.ascii	"\315\202\022\315\271VN\261%+\236\342\246l\310\214U<"
 3516      B9564EB1 
 3516      252B9EE2 
 3516      A66CC88C 
 3516      553C
 3517 018a E3580EC6 		.ascii	"\343X\016\306\220X\215kI\201\262\204\365\377\012\317"
 3517      90588D6B 
 3517      4981B284 
 3517      F5FF0ACF 
 3518 019a 4B0A9BA9 		.ascii	"K\012\233\251-x\301)\245\"j\301K\216\205)\372m{Rh\246"
 3518      2D78C129 
 3518      A5226AC1 
 3518      4B8E8529 
ARM GAS  C:\Users\angio\AppData\Local\Temp\ccSeXO4x.s 			page 115


 3518      FA6D7B52 
 3519 01b0 2D0BA8D2 		.ascii	"-\013\250\322_\003\023\271\030^\241\314\023Xb\236j\362"
 3519      5F0313B9 
 3519      185EA1CC 
 3519      1358629E 
 3519      6AF2
 3520 01c2 E6D766D9 		.ascii	"\346\327f\331\217\305d\252ULv\266\225\235\"W\335W=^"
 3520      8FC564AA 
 3520      554C76B6 
 3520      959D2257 
 3520      DD573D5E 
 3521 01d6 3359ABF4 		.ascii	"3Y\253\364\365u\217l\354\015\347,\245\306\322\215\262"
 3521      F5758F6C 
 3521      EC0DE72C 
 3521      A5C6D28D 
 3521      B2
 3522 01e7 C24AA5C2 		.ascii	"\302J\245\302\205\205x~\243#)-\262i\006\361\255\210"
 3522      8585787E 
 3522      A323292D 
 3522      B26906F1 
 3522      AD88
 3523 01f9 AA5BC12A 		.ascii	"\252[\301*\242\207i\0373\327\363\031\275\211\177\203"
 3523      A287691F 
 3523      33D7F319 
 3523      BD897F83 
 3524 0209 6DE6A722 		.ascii	"m\346\247\"\327\017\304>}\370x\025\374\027\261\004\031"
 3524      D70FC43E 
 3524      7DF87815 
 3524      FC17B104 
 3524      19
 3525 021a 578CEA2B 		.ascii	"W\214\352+&j\357\354\350\357\034\366y|\275\341\310\240"
 3525      266AEFEC 
 3525      E8EF1CF6 
 3525      797CBDE1 
 3525      C8A0
 3526 022c CFDF7FDA 		.ascii	"\317\337\177\332\037<\025\012\234\364\016\015DBC\301"
 3526      1F3C150A 
 3526      9CF40E0D 
 3526      444243C1 
 3527 023c FE9EBE96 		.ascii	"\376\236\276\226\336\276\243m\256n\367AwOW\313\261\023"
 3527      DEBEA36D 
 3527      AE6EF741 
 3527      774F57CB 
 3527      B113
 3528 024e 9D47BA8E 		.ascii	"\235G\272\216\267\273\251\331nw\360\343\225L\177\310"
 3528      B7BBA9D9 
 3528      6E77F0E3 
 3528      954C7FC8 
 3529 025e E5743A1D 		.ascii	"\345t:\035\376\220#\030v\204\202^\316\206\274\303\203"
 3529      FE902318 
 3529      7684825E 
 3529      CE86BCC3 
 3529      83
 3530 026f 762F2901 		.ascii	"v/)\001\227\255\034\330\017\270[\017y\332=2\353T\302"
 3530      97AD1CD8 
 3530      0FB85B0F 
 3530      79DA3D32 
ARM GAS  C:\Users\angio\AppData\Local\Temp\ccSeXO4x.s 			page 116


 3530      EB54C2
 3531 0282 01E1F705 		.ascii	"\001\341\367\005\376\001R\3746X"
 3531      FE0152FC 
 3531      3658
 3532              		.text
 3533              		.section	.gnu.lto_chSchDoPreemption.346.1f2b0c6e,"e",%progbits
 3534 0000 789C8554 		.ascii	"x\234\205T[HTQ\024\335\353\356;\2439\2259\025\365\021"
 3534      5B485451 
 3534      14DDEBEE 
 3534      3BA33995 
 3534      3915F511 
 3535 0014 64454181 		.ascii	"dEA\201:Sf%\375I\364\323\003z\374\011\2227!\211\232"
 3535      3A536625 
 3535      FD49F4D3 
 3535      037AFC09 
 3535      92372189 
 3536 0029 61468DFA 		.ascii	"aF\215\372\310\233I\331s&\213\230\017\233`\232b\240"
 3536      C89B49D9 
 3536      73268B98 
 3536      0F9B609A 
 3536      62A0
 3537 003b 8F9A8F4A 		.ascii	"\217\232\217J{\232\226V\224\220TT\364P\374\351\313D"
 3537      7B9A9656 
 3537      94905454 
 3537      F450FCE9 
 3537      CB44
 3538 004d 821202DB 		.ascii	"\202\022\002\333\347\314C\223\240\303\275\303\331{\257"
 3538      E7CC4393 
 3538      A0C3BDC3 
 3538      D97BAF
 3539 005c B5F6E39C 		.ascii	"\265\366\343\234;\353L\242kDT$/\231\204\326s'\015\032"
 3539      3BEB4CA2 
 3539      6B445424 
 3539      2F9984D6 
 3539      73270D1A 
 3540 0070 1F1F6F34 		.ascii	"\037\037o4\015\234\227=\036@[\214#\246\336\200\032\015"
 3540      0D9C973D 
 3540      1E405B8C 
 3540      23A6DE80 
 3540      1A0D
 3541 0082 4623CEF3 		.ascii	"F#\316\363r\333\266\177]\215\236I\316\267\023\235\210"
 3541      72DBB67F 
 3541      5D8D9E49 
 3541      CEB7139D 
 3541      88
 3542 0093 33519429 		.ascii	"3Q\224)\263\332\030\255\034g\300L\357\014\024\312\216"
 3542      B3DA18AD 
 3542      1C67C04C 
 3542      EF0C14CA 
 3542      8E
 3543 00a4 AB546469 		.ascii	"\253Tdi\247m\217D\222?\006`\267\332\302d\334\201pq\033"
 3543      A76D8F44 
 3543      923F0660 
 3543      B7DAC264 
 3543      DC817071 
 3544 00b9 B805C5B6 		.ascii	"\270\005\305\266\256\273\025\270!\003\276\031J\372\237"
 3544      AEBB15B8 
ARM GAS  C:\Users\angio\AppData\Local\Temp\ccSeXO4x.s 			page 117


 3544      2103BE19 
 3544      4AFA9F
 3545 00c8 D9A64276 		.ascii	"\331\246BvLAF5\362PV\366l21\230\2265qo\012\370\234\333"
 3545      4C414635 
 3545      F25056F6 
 3545      6C323198 
 3545      9635716F 
 3546 00e0 49B80FDC 		.ascii	"I\270\017\334\005\332\221*\027\212~X\321\271\011Y\225"
 3546      05DA912A 
 3546      178A7E58 
 3546      D1B90959 
 3546      95
 3547 00f1 4FC9D333 		.ascii	"O\311\3233\303\217[\014\225\361\321d\021<\004Y=:\347"
 3547      C38F5B0C 
 3547      95F1D164 
 3547      113C0459 
 3547      3D3AE7
 3548 0104 710DE753 		.ascii	"q\015\347SYV\270\315\356l^\234\2538]\177q\036\013\247"
 3548      5956B8CD 
 3548      EE6C5E9C 
 3548      AB385D7F 
 3548      711E0BA7 
 3549 0118 43A5EE06 		.ascii	"C\245\356\006:A2S\262\332\335\022qd\213I\205n\364;\272"
 3549      3A413253 
 3549      B2DADD12 
 3549      71648B49 
 3549      856EF43B 
 3550 012d ECDFE321 		.ascii	"\354\337\343!\333\376\336\202\301\336\237=\005\371\240"
 3550      DBFEDE82 
 3550      C1DE9F3D 
 3550      05F9A0
 3551 013c 383B0CF9 		.ascii	"8;\014\371q\262*\335A\202\317!a\270\324\216(\304\352"
 3551      71B22ADD 
 3551      4182CF21 
 3551      61B8D48E 
 3551      28C4EA
 3552 014f B8F45A28 		.ascii	"\270\364Z(f\230\215\011\0234\214\246\013'\177\266t\347"
 3552      66988D09 
 3552      13348CA6 
 3552      0B277FB6 
 3552      74E7
 3553 0161 C598D307 		.ascii	"\305\230\323\007a\352z\233!\275\231\011\326'uM%\311"
 3553      61EA7A9B 
 3553      21BD9909 
 3553      D627754D 
 3553      25C9
 3554 0173 410FF014 		.ascii	"A\017\360\024\324\214&\333N,P\300^\021\024\205\373c"
 3554      D48C26DB 
 3554      4E2C50C0 
 3554      5E111485 
 3554      FB63
 3555 0185 BD91F218 		.ascii	"\275\221\362\030;4R\016\375\333\\A\213\240B\213\317"
 3555      3B34520E 
 3555      FDDB5C41 
 3555      8BA0428B 
 3555      CF
 3556 0196 232E693A 		.ascii	"#.i:\027\317qIM4m3^\210\255\346\256\213\370z\342\212"
ARM GAS  C:\Users\angio\AppData\Local\Temp\ccSeXO4x.s 			page 118


 3556      17CF7149 
 3556      4D346D33 
 3556      5E88ADE6 
 3556      AE8BF87A 
 3557 01ac 33C6C868 		.ascii	"3\306\310h\344\376[\342eJb\3025\015\257\304e\220\224"
 3557      E4FE5BE2 
 3557      654A62C2 
 3557      350DAFC4 
 3557      659094
 3558 01bf 957238D0 		.ascii	"\225r8\320'\232#h.\214q\216\356\"/\252\262\210v\234"
 3558      279A2368 
 3558      2E8C718E 
 3558      EE222FAA 
 3558      B288769C 
 3559 01d3 5D2AD768 		.ascii	"]*\327h{_d}\272Y\006e2&\304\234.\034\274F\246\304\031"
 3559      7B5F647D 
 3559      BA590665 
 3559      3226C49C 
 3559      2E1CBC46 
 3560 01ea E8177149 		.ascii	"\350\027qI\250\2403S\343\2728\326\027q\376\247\312\267"
 3560      A8A03353 
 3560      E3BA38D6 
 3560      1771FEA7 
 3560      CAB7
 3561 01fc 531A7D97 		.ascii	"S\032}\227jT\304\365\270:\336D*cld\023\317\320\211\035"
 3561      6A54C4F5 
 3561      B83ADE44 
 3561      2A636C64 
 3561      13CFD089 
 3562 0211 2AF1844A 		.ascii	"*\361\204J>\336\013\313\314\366\372-_5\373A|\216\224"
 3562      3EDE0BCB 
 3562      CCF6FA2D 
 3562      5F35FB41 
 3562      7C8E94
 3563 0224 72625E9C 		.ascii	"rb^\234g\341\2438\234\372\213\0123O>Y\231\300@r\350"
 3563      67E1A338 
 3563      9CFA8B0A 
 3563      334F3E59 
 3563      99C04072 
 3564 0239 1962ECD2 		.ascii	"\031b\354\322S(\210\252)I\2328\273u\037\035\303\221"
 3564      532888AA 
 3564      29499A38 
 3564      BB751F1D 
 3564      C391
 3565 024b 6578A22E 		.ascii	"ex\242.V\272\256\213\323\344\206\011\234\276\343\350"
 3565      56BAAE8B 
 3565      D3E48609 
 3565      9CBEE3E8 
 3566 025b 62834061 		.ascii	"b\203@au\032\213\332pL\312\231-[S}\016\237!\177\003"
 3566      751A8BDA 
 3566      704CCA99 
 3566      2D5B537D 
 3566      0E9F217F 
 3567 0270 842FFAA6 		.ascii	"\204/\372\246\376#>\220\212\017*a\035\277\254\343st"
 3567      FE233E90 
 3567      8A0F2A61 
 3567      1DBFACE3 
ARM GAS  C:\Users\angio\AppData\Local\Temp\ccSeXO4x.s 			page 119


 3567      7374
 3568 0282 7048A630 		.ascii	"pH\2460\212\246\201{C-P\267\\\255\020c\362\005%*\253"
 3568      8AA6817B 
 3568      432D50B7 
 3568      5CAD1063 
 3568      F205252A 
 3569 0297 28AFACD8 		.ascii	"(\257\254\330S[]\273\275\256~w\255\257\362\200/\260"
 3569      535B5DBB 
 3569      BDAE7E77 
 3569      ADAFF280 
 3569      2FB0
 3570 02a9 37E8DF65 		.ascii	"7\350\337e\325T\325\007k\002\225\333v\024m\337\261y"
 3570      D554D507 
 3570      6B0295DB 
 3570      76146DDF 
 3570      B179
 3571 02bb D5CA8DA5 		.ascii	"\325\312\215\245kJ\267m(\332\262\263b\323\206\255e\245"
 3571      6B4AB76D 
 3571      28DAB2B3 
 3571      62D386AD 
 3571      65A5
 3572 02cd B4B4B8B8 		.ascii	"\264\264\270\270D\036K1}\301\225^\257\267\304\027,\011"
 3572      441E4B31 
 3572      7DC1955E 
 3572      AFB7C417 
 3572      2C09
 3573 02df D4950403 		.ascii	"\324\225\004\003\226x\203\326\236\335\305\026\361\376"
 3573      967883D6 
 3573      9EDDC516 
 3573      F1FE
 3574 02ed 3ABF3B63 		.ascii	":\277;c\025\257.\365\254\255.\253\026\267\257\316\317"
 3574      15AF2EF5 
 3574      ACAD2EAB 
 3574      16B7AFCE 
 3574      CF
 3575 02fe BE5A3FAF 		.ascii	"\276Z?\257\010x\315*e\254\010x\314*\001\273\202\015"
 3575      0878CD2A 
 3575      65AC0878 
 3575      CC2A01BB 
 3575      820D
 3576 0310 56A15A4B 		.ascii	"V\241ZK<d\004(g_\315>_\340 \375\001=\341w\375"
 3576      3C640428 
 3576      675FCD3E 
 3576      5FE020FD 
 3576      013DE177 
 3577              		.text
 3578              		.section	.gnu.lto_chSchPreemption.347.1f2b0c6e,"e",%progbits
 3579 0000 789C6D53 		.ascii	"x\234mS\335K\223Q\034>\317\373{\267\346RkQ\024\021\350"
 3579      DD4B9351 
 3579      1C3ECFFB 
 3579      7BB7E652 
 3579      6B511411 
 3580 0015 45425DB8 		.ascii	"EB]\2709[\026\336\212t\323\027jw\202\264\0318\272\330"
 3580      395B16DE 
 3580      8A74D317 
 3580      6A7782B4 
 3580      1938BAD8 
ARM GAS  C:\Users\angio\AppData\Local\Temp\ccSeXO4x.s 			page 120


 3581 0029 D8948220 		.ascii	"\330\224\202 O\272\020\354bj^\030\324.\336V\354\256"
 3581      4FBA10EC 
 3581      626A5E18 
 3581      D42EDE56 
 3581      ECAE
 3582 003b 76D1871F 		.ascii	"v\321\207\037\325\314B\243\017\323\177 #\260\244\010"
 3582      D5CC42A3 
 3582      0FD37F20 
 3582      23B0A408 
 3583 004b 89202D6D 		.ascii	"\211 -m\375\316\273wsH/\333\331\371=\347y\236\337\307"
 3583      FDCEBB77 
 3583      73482FDB 
 3583      D9F93DE7 
 3583      799EDFC7 
 3584 005f 79274988 		.ascii	"y'I\210\313B\210F\376\012\233\300\320`\277&\262\331"
 3584      CB428846 
 3584      FE0A9BC0 
 3584      D060BF26 
 3584      B2D9
 3585 0071 6CB7AE69 		.ascii	"l\267\256i\275\203\3274<\203\031\305\006\313\315_\302"
 3585      BD83D734 
 3585      3C8319C5 
 3585      06CBCD5F 
 3585      C2
 3586 0082 7081A1E3 		.ascii	"p\201\241\343\312\376\3749D\267F:\272q\235\016J)W\356"
 3586      CAFEFC39 
 3586      44B7463A 
 3586      BA719D0E 
 3586      4A2957EE 
 3587 0096 2456D27B 		.ascii	"$V\322{d*\203$'H\220\310?7\011C\224$@\267v\032*yGm\352"
 3587      642A8324 
 3587      274890C8 
 3587      3F370943 
 3587      942440B7 
 3588 00b1 A42A23E5 		.ascii	"\244*#\345\362Z\372\333\002\344\220d%\341\021X\213\207"
 3588      F25AFADB 
 3588      02E49064 
 3588      25E11158 
 3588      8B87
 3589 00c3 C00328B5 		.ascii	"\300\003(\265\377\227K\221\273\362\344\373\177\322\341"
 3589      FF974B91 
 3589      BBF2E4FB 
 3589      7FD2E1
 3590 00d2 19A92BE6 		.ascii	"\031\251+\346\350&\346W\223y\261`\373;\3753o\253c|\023"
 3590      E826E657 
 3590      9379B160 
 3590      FB3BFD33 
 3590      6FAB637C 
 3591 00e7 F98349BE 		.ascii	"\371\203I\276T \257\246S\037-\262\015O6\221\347]v\201"
 3591      5420AFA6 
 3591      531F2DB2 
 3591      0D4F3691 
 3591      E75D7681 
 3592 00fb A7C00430 		.ascii	"\247\300\0040\006<\206\325\036\037\352\305\360\275y"
 3592      063C86D5 
 3592      1E1FEAC5 
 3592      F0BD79
ARM GAS  C:\Users\angio\AppData\Local\Temp\ccSeXO4x.s 			page 121


 3593 010a 5B46AE65 		.ascii	"[F\256e\343RN\30719}\373\255\253\024\"Iv\215\227-\304"
 3593      E3524EC7 
 3593      31397DFB 
 3593      ADAB1422 
 3593      49768D97 
 3594 0120 8B43578B 		.ascii	"\213CW\213\351\345\020,+\021,t\012\345(\342\244Fl>\025"
 3594      E9E5102C 
 3594      2B112C74 
 3594      0AE528E2 
 3594      A4466C3E 
 3595 0135 1C0E90B6 		.ascii	"\034\016\220\266\021B|G\317p\377l|\312i\220\335\032"
 3595      11427C47 
 3595      CF70FF6C 
 3595      7CCA6990 
 3595      DD1A
 3596 0147 A30DAAF8 		.ascii	"\243\015\252\370\0304\336\246\310\234\363]\225\256\004"
 3596      1834DEA6 
 3596      C89CF35D 
 3596      95AE04
 3597 0156 93400622 		.ascii	"\223@\006\"\206\036)S\373\024\3619\033\262\303\304\350"
 3597      861E2953 
 3597      FB14F139 
 3597      1BB2C3C4 
 3597      E8
 3598 0167 FA48BD41 		.ascii	"\372H\275A\016\223\311W\226\332\305l6Tl\306j\030r$\311"
 3598      0E93C957 
 3598      96DAC56C 
 3598      36546CC6 
 3598      6A187224 
 3599 017c 8917B8A5 		.ascii	"\211\027\270\245\372\263b\035/9V\203P\026\253\353#\247"
 3599      FAB3621D 
 3599      2F395683 
 3599      5016ABEB 
 3599      23A7
 3600 018e 0D42DEC2 		.ascii	"\015B\336\302\361\177\207\351\234\303\006\264\0253\014"
 3600      F17F87E9 
 3600      9CC306B4 
 3600      15330C
 3601 019d 6905533B 		.ascii	"i\005S;^qL\226\351R\231A%V[v\210B};Y\310\311\360\032"
 3601      5E714C96 
 3601      E9529941 
 3601      25565B76 
 3601      88427D3B 
 3602 01b6 791DE10D 		.ascii	"y\035\341\015\353tK7\372w\244\316 \247\245\324\213\224"
 3602      EB744B37 
 3602      FA77A4CE 
 3602      20A7A5D4 
 3602      8B94
 3603 01c8 DC592977 		.ascii	"\334Y)w\212w\305u\225a\226\305\266B]_v\253\302\3363"
 3603      8A77C575 
 3603      956196C5 
 3603      B6425D5F 
 3603      76ABC2DE 
 3604 01dd 66CF1596 		.ascii	"f\317\025\226\252P\031\346\012\031z\307\372>\337\370"
 3604      AA5019E6 
 3604      0A197AC7 
 3604      FA3EDFF8 
ARM GAS  C:\Users\angio\AppData\Local\Temp\ccSeXO4x.s 			page 122


 3605 01ed 04833443 		.ascii	"\004\2034C\265\351TI\327\3728&\206\3042\256V\032\244"
 3605      B5E95449 
 3605      D7FA3826 
 3605      86C432AE 
 3605      561AA4
 3606 0200 C7604F52 		.ascii	"\307`ORyBM\210\017T!\016\360[\264M,!\2664\265\227\031"
 3606      79424D88 
 3606      0F54210E 
 3606      F05BB44D 
 3606      2C21B634 
 3607 0217 392CF76F 		.ascii	"9,\367o\030 *\276\327e\364.\214/\036\020\3465nO\250"
 3607      18202ABE 
 3607      D765F42E 
 3607      8C2F1E10 
 3607      E6356E4F 
 3608 022c 0925C965 		.ascii	"\011%\311e\362\364b\336\017\364,\314-:L\2138\241\370"
 3608      F2F462DE 
 3608      0FF42CCC 
 3608      2D3A4C8B 
 3608      38A1F8
 3609 023f 4D11A2AE 		.ascii	"M\021\242\256\241\276\265\241#\350\0176wv\265\007C\255"
 3609      A1BEB5A1 
 3609      23E80F36 
 3609      7776B507 
 3609      43AD
 3610 0251 174291F3 		.ascii	"\027B\221\363\321\360\331\300\271\266\256\350\271Hk"
 3610      D1F0D9C0 
 3610      B9B6AEE8 
 3610      B9486B
 3611 0260 534B7573 		.ascii	"SKus\313\211C\265\307|G|M\215\325'\3174\034o<U\347\023"
 3611      CB8943B5 
 3611      C77C477C 
 3611      4D8DD527 
 3611      CF341C6F 
 3612 0278 556EB787 		.ascii	"Un\267\207?\001\245\014Ek\275^\257'\024\365D:=\321H"
 3612      3F01A50C 
 3612      456BBD5E 
 3612      AF2714F5 
 3612      443A3DD1 
 3613 028d 80D168A0 		.ascii	"\200\321h\240\243\335\035\020Z\270vG>p\037\366\325\034"
 3613      A3DD1D10 
 3613      5AB87647 
 3613      3E701FF6 
 3613      D51C
 3614 029f F5D7F915 		.ascii	"\365\327\371\025\352\325:\303\024\012\206\377\001M?"
 3614      EAD53AC3 
 3614      140A86FF 
 3614      014D3F
 3615 02ae 52FF     		.ascii	"R\377"
 3616              		.text
 3617              		.section	.gnu.lto_chSchDoYieldS.348.1f2b0c6e,"e",%progbits
 3618 0000 789C6D52 		.ascii	"x\234mRKh\023Q\024\275g\356L\034\323ZMA\020\021\354"
 3618      4B681351 
 3618      14BD67EE 
 3618      4C1CD35A 
 3618      4D411011 
 3619 0015 C2822E9A 		.ascii	"\302\202.\232\2645V\351\266\0247~\240\255\273B1i\241"
ARM GAS  C:\Users\angio\AppData\Local\Temp\ccSeXO4x.s 			page 123


 3619      B43556E9 
 3619      B614377E 
 3619      A0ADBB42 
 3619      3169A1
 3620 0028 C1454AD2 		.ascii	"\301EJ\322\242\273<\333\210P\027ijAJ5`\210\022p\341"
 3620      A2BB3CDB 
 3620      88501769 
 3620      6A414A35 
 3620      60881270 
 3621 003d A2687F51 		.ascii	"\242h\177Q\"U*\376\026n\334i]H\351F\212\270pQ\210\367"
 3621      22552AFE 
 3621      166EDC69 
 3621      5D48E946 
 3621      8AB87051 
 3622 0053 4D269F8A 		.ascii	"M&\237\212Cr\347\335\363\3169\367\335;\257\231\211n"
 3622      4372E7DD 
 3622      F3CE39F7 
 3622      DD3BAF99 
 3622      896E
 3623 0065 1051AFFC 		.ascii	"\020Q\257\374\311\"\314\246\247\015*\225J\011\3230\246"
 3623      C922CCA6 
 3623      A70D2A95 
 3623      4A09D330 
 3623      A6
 3624 0076 D2770CAC 		.ascii	"\322w\014\254\301\311\222\351&\347\315\230\2532L\334"
 3624      C1C992E9 
 3624      26E7CD98 
 3624      AB324CDC 
 3625 0086 3C51D907 		.ascii	"<Q\331\007%\0146\221\300]>\245\224\372\363(\263\272"
 3625      250C3691 
 3625      C05D3EA5 
 3625      94FAF328 
 3625      B3BA
 3626 0098 7844E58B 		.ascii	"xD\345\213\310I\201\014S\345\271\317\230\345\034\003"
 3626      C849810C 
 3626      53E5B9CF 
 3626      98E51C03 
 3627 00a8 A6BB32D0 		.ascii	"\246\2732\320\"+\036\322;\255E\245v\012\213\2777\241"
 3627      222B1ED2 
 3627      3BAD45A5 
 3627      760A8BBF 
 3627      37A1
 3628 00ba 66952819 		.ascii	"f\225(\031K\020-\236\003\317\240\325\241e\237&OT\311"
 3628      4B102D9E 
 3628      03CFA0D5 
 3628      A1659F26 
 3628      4F54C9
 3629 00cd 6B8BF9EF 		.ascii	"k\213\371\357.\331\304\312?\344'>\017a\025X\206{\002"
 3629      2ED9C4CA 
 3629      3FE4273E 
 3629      0F611558 
 3629      867B02
 3630 00e0 818D32F0 		.ascii	"\201\2152\360\364\263UT\273\245\224R_\026\360pc\351"
 3630      F4B35554 
 3630      BBA59452 
 3630      5F16F070 
 3630      63E9
ARM GAS  C:\Users\angio\AppData\Local\Temp\ccSeXO4x.s 			page 124


 3631 00f2 93AF1194 		.ascii	"\223\257\021\224c\313\220\340a\035L\011\373,\011\266"
 3631      63CB90E0 
 3631      611D4C09 
 3631      FB2C09B6 
 3632 0102 47075B3B 		.ascii	"G\007[;yI{Q\212u\377\316s\\\322\0316j)\350'&\347\246"
 3632      79497B51 
 3632      8A75FFCE 
 3632      735CD219 
 3632      366A29E8 
 3633 011a BF2DAC7B 		.ascii	"\277-\254{\263l\273=\312td\225\204!\313<;Cx\254\313"
 3633      B36CBB3D 
 3633      CA746495 
 3633      8421CB3C 
 3633      3B4378AC 
 3634 012f EDC70BA0 		.ascii	"\355\307\013\240\000JbR\251\3741M|)\206\342PX\371:\337"
 3634      004A6252 
 3634      A9FC314D 
 3634      7C2986E2 
 3634      5058F93A 
 3635 0144 9D65AFC3 		.ascii	"\235e\257\303\224y\346\017\013[\0145[\260v\201\354\034"
 3635      9479E60F 
 3635      0B5B0C35 
 3635      5BB07681 
 3635      EC1C
 3636 0156 7B51C403 		.ascii	"{Q\304\003\335\231\2333^I\256\233w,~\3147e\031\025\013"
 3636      DD999B33 
 3636      5E49AE9B 
 3636      772C7ECC 
 3636      37651915 
 3637 016b FBFF0EEB 		.ascii	"\373\377\016\353e\207\032\324\200\327\002\031US\013"
 3637      65871AD4 
 3637      80D70219 
 3637      55530B
 3638 017a 6F2467D7 		.ascii	"o$g\327T,\014\267+\013T\347\335 \245\260\201\212\252"
 3638      542C0CB7 
 3638      2B0B54E7 
 3638      DD20A5B0 
 3638      818AAA
 3639 018d 116F4565 		.ascii	"\021oEe\326T\354\252x\217\352\200\364\210w\365'j\302"
 3639      D654ECAA 
 3639      788FEA80 
 3639      F48877F5 
 3639      276AC2
 3640 01a0 7B115A7B 		.ascii	"{\021Z{O\364A \017\325\274?V\275\247\012\267\221eSN"
 3640      4FF44120 
 3640      0FD5BC3F 
 3640      56BDA70A 
 3640      B7916553 
 3641 01b5 252574AD 		.ascii	"%%t\255]\235[\002\321\016n\265d\331\223\204'\307\007"
 3641      5D9D5B02 
 3641      D10E6EB5 
 3641      64D99384 
 3641      27C707
 3642 01c8 337A2CB2 		.ascii	"3z,\262\241\217`C\256\313!\332Fr{\375\2500\312X\371"
 3642      A18F6043 
 3642      AECB21DA 
 3642      46727BFD 
ARM GAS  C:\Users\angio\AppData\Local\Temp\ccSeXO4x.s 			page 125


 3642      A830CA58 
 3643 01dd 7ECE30D7 		.ascii	"~\3160\327\177\314\035Lm\336\333:I\316\267\363e\364"
 3643      7FCC1D4C 
 3643      6DDEDB3A 
 3643      49CEB7F3 
 3643      65F4
 3644 01ef 5872DCEC 		.ascii	"Xr\334\354\360\314z\336/Ln.l\331\216E\212Q\177=\210"
 3644      F0CC7ADE 
 3644      2F4C6E2E 
 3644      6CD98E45 
 3644      8A517F3D 
 3645 0204 BA7ABA07 		.ascii	"\272z\272\007{F#\241H\377\370\304p$:x=\032\273\026\037"
 3645      7B4623A1 
 3645      48FFF8C4 
 3645      70243A78 
 3645      3D1ABB16 
 3646 0219 BB1A1E19 		.ascii	"\273\032\036\031\232\210\217\304\006\373\006\332\372"
 3646      9A888FC4 
 3646      06FB06DA 
 3646      FA
 3647 0226 072E9EEE 		.ascii	"\007.\236\356<\037<\033\354\353m\273t\245\347B\357\345"
 3647      3C1F3C1B 
 3647      ECEB6DBB 
 3647      74A5E742 
 3647      EFE5
 3648 0238 AE20B5FA 		.ascii	"\256 \265\372\375\001\371\205\2652\032\357\354\350\350"
 3648      FD01F985 
 3648      B5321AEF 
 3648      ECE8E8
 3649 0247 0844E381 		.ascii	"\010D\343\201\330x \036\013\013\032\017\217\016\373"
 3649      D878201E 
 3649      0B0B1A0F 
 3649      8F0EFB
 3650 0256 C3648C8F 		.ascii	"\303d\214\2175W\022\377\231`\373\271PW(L\034\215\214"
 3650      355712FF 
 3650      9960FBB9 
 3650      5057284C 
 3650      1C8D8C
 3651 0269 FD05B6A8 		.ascii	"\375\005\266\250(\001"
 3651      2801
 3652              		.text
 3653              		.section	.gnu.lto_chSchSelectFirst.349.1f2b0c6e,"e",%progbits
 3654 0000 789C8553 		.ascii	"x\234\205S]H\223Q\030>\317w\276M\363'\235\020A\004\011"
 3654      5D489351 
 3654      183ECF77 
 3654      BE4DF327 
 3654      9D104104 
 3655 0015 E145909B 		.ascii	"\341E\220\233\332\262\020/\012\221\272\350\007\324\356"
 3655      DAB2102F 
 3655      0A91BAE8 
 3655      07D4EE
 3656 0024 06925370 		.ascii	"\006\222Sp\004ml\263 \010\217:o\204\362\227bT\223\326"
 3656      046D6CB3 
 3656      20088F3A 
 3656      6F84F297 
 3656      625493D6 
 3657 0038 8ADD152C 		.ascii	"\212\335\025,\311\277hb\250Q\240\2307]\265\256\0223"
ARM GAS  C:\Users\angio\AppData\Local\Temp\ccSeXO4x.s 			page 126


 3657      C9BF6862 
 3657      A851A098 
 3657      375DB5AE 
 3657      1233
 3658 004a 1B129290 		.ascii	"\033\022\222\220\254\367\234\375h#\350\360}\037\347"
 3658      ACF79CFD 
 3658      6823E8F0 
 3658      7D1FE7
 3659 0059 7DBFE77D 		.ascii	"}\277\347}\236\367y\277\363\215r\306n3\306j\351f\006"
 3659      9EF779BF 
 3659      F38D72C6 
 3659      6E33C66A 
 3659      E96606
 3660 006c 86A1C13E 		.ascii	"\206\241\301>\215%\022\211N]\3030\355\361\032*\342\030"
 3660      8D251289 
 3660      4E5DC330 
 3660      EDF11A2A 
 3660      E218
 3661 007e 19ECFB11 		.ascii	"\031\354\373\021\2365\252HG\227\2566`\235\032\327\321"
 3661      9E35AA48 
 3661      4797AE36 
 3661      609D1AD7 
 3661      D1
 3662 008f 8961FE90 		.ascii	"\211a\376\220c\210\2078\203\236\332\001\245\307\242"
 3662      63888738 
 3662      839EDA01 
 3662      A5C7A2
 3663 009e 42FC7A1A 		.ascii	"B\374z\032\370\0269>\323\323{>\3045\026 \300\030\360"
 3663      F816393E 
 3663      D3D37B3E 
 3663      C4351620 
 3663      C018F0
 3664 00b1 124C2D82 		.ascii	"\022L-\202\362f\371,#d|#\3623\0061$@H\274\302_X\373"
 3664      F266F92C 
 3664      23647C23 
 3664      F2330631 
 3664      244048BC 
 3665 00c9 8049826F 		.ascii	"\200I\202o\244\301/\276G\\\013B\227\310\211,d\217B\336"
 3665      A4C12FBE 
 3665      475C0B42 
 3665      97C8892C 
 3665      648F42DE 
 3666 00dd CAD0AE47 		.ascii	"\312\320\256G\302_R\264\034SY\340\255b#\30340\011\214"
 3666      C25F52B4 
 3666      1C5359E0 
 3666      AD6223C3 
 3666      3430098C 
 3667 00f1 43B6478B 		.ascii	"C\266G\213\336\350e\321^\021\2773\266\032;\333\225l"
 3667      DEE865D1 
 3667      5E11BF33 
 3667      B61A3BDB 
 3667      956C
 3668 0103 28ABF54C 		.ascii	"(\253\365L\315\363eCT\374N\364\013\3619\200\307\357"
 3668      CDF36543 
 3668      54FC4EF4 
 3668      0BF13980 
 3668      C7EF
ARM GAS  C:\Users\angio\AppData\Local\Temp\ccSeXO4x.s 			page 127


 3669 0115 A6564C05 		.ascii	"\246VL\005`!\256k\3640p\211\243\261N\"\207\0216\237"
 3669      6021AE6B 
 3669      F4307089 
 3669      A3B14E22 
 3669      8711369F 
 3670 0129 4922D6CF 		.ascii	"I\"\326\317\345\210\325:Bl\003\\\333\015\3016\320=\322"
 3670      E588D53A 
 3670      426C035C 
 3670      DB0DC136 
 3670      D03DD2
 3671 013c F735309B 		.ascii	"\36750\233\027\344\351\241rH3>h\264\015s5\266gR\304"
 3671      17E4E9A1 
 3671      7248333E 
 3671      68B40D73 
 3671      35B66752 
 3672 0151 8828F006 		.ascii	"\210(\360\006\314\207n!\302\207%p\206\010\211az{\313"
 3672      CC876E21 
 3672      C2872570 
 3672      86088961 
 3672      7A7BCB
 3673 0164 5F13E406 		.ascii	"_\023\344\006\205\024B\254\036 4\021J4\345*(\225\033"
 3673      851442AC 
 3673      1E203411 
 3673      4A34E52A 
 3673      28951B
 3674 0177 E23998C5 		.ascii	"\3429\230\305#i9\025kxK\2614\250\232X\034}B5Hs\344\376"
 3674      23693915 
 3674      6B784BB1 
 3674      34A89A58 
 3674      1C7D4235 
 3675 018f 9B622E49 		.ascii	"\233b.I\261\233\312\305<\245\310\247/U\245c\2018\343"
 3675      B19BCAC5 
 3675      3CA5C8A7 
 3675      2F55A563 
 3675      8138E3
 3676 01a2 F0950679 		.ascii	"\360\225\006y\216r\261/ U\210;\304\363\244\326\346\370"
 3676      8E72B12F 
 3676      2055883B 
 3676      C4F3A4D6 
 3676      E6F8
 3677 01b4 8EBF3665 		.ascii	"\216\2776eV\003K+\206)\314\247\032\274G\272\305\002"
 3677      56034B2B 
 3677      8629CCA7 
 3677      1ABC47BA 
 3677      C502
 3678 01c6 7C207212 		.ascii	"| r\022\224\320\302\344\270\356m\357\370\215\377\351"
 3678      94D0C2E4 
 3678      B8EE6DEF 
 3678      F88DFFE9 
 3679 01d6 7231CBE8 		.ascii	"r1\313\350R\322(\221\253qM$\374\266 \3272\302\205J\330"
 3679      52D22891 
 3679      AB714D24 
 3679      FCB620D7 
 3679      32C2854A 
 3680 01eb 20857759 		.ascii	" \205wY\366c\231\252\364\214\327\325\"i\366#\345\014"
 3680      F66399AA 
 3680      F48CD7D5 
ARM GAS  C:\Users\angio\AppData\Local\Temp\ccSeXO4x.s 			page 128


 3680      2269F623 
 3680      E50C
 3681 01fd 49E6F0C1 		.ascii	"I\346\360\301\020/\302\012%\214\352\220\014p\276\367"
 3681      102FC20A 
 3681      258CEA90 
 3681      0C70BEF7 
 3682 020d CBD20462 		.ascii	"\313\322\004b\367\327\226\344\367\242\031\024\007\344"
 3682      F7D796E4 
 3682      F7A21914 
 3682      07E4
 3683 021b 8C4824C4 		.ascii	"\214H$\304M\312\305\247\271CAeWU\352{*\261\216\2563"
 3683      4DCAC5A7 
 3683      B9434165 
 3683      5755EA7B 
 3683      2AB18EAE 
 3684 0230 EC2829C4 		.ascii	"\354()\304\357\216\371\204N\325%\251\263*\327&\272c"
 3684      EF8EF984 
 3684      4ED525A9 
 3684      B32AD726 
 3684      BA63
 3685 0242 0FD6964C 		.ascii	"\017\326\226L\364\263\022\201\314\364s\354=a\214U\327"
 3685      F4B31281 
 3685      CCF473EC 
 3685      3D618C55 
 3685      D7
 3686 0253 D5D8EADA 		.ascii	"\325\330\352\332\035-\216FoG\253\303i\273\351t_\363"
 3686      1D2D8E46 
 3686      6F47ABC3 
 3686      69BBE974 
 3686      5FF3
 3687 0265 B8AEDADB 		.ascii	"\270\256\332\333\232;<mn[CSyc\323\305\023U\347\254\247"
 3687      9A3B3C6D 
 3687      6E5B4353 
 3687      7963D3C5 
 3687      1355E7AC 
 3688 027a AC0DF5E5 		.ascii	"\254\015\365\345\227\256\324]\250\277\\meef\263\205"
 3688      97AED45D 
 3688      A8BF5C6D 
 3688      656566B3 
 3688      85
 3689 028b 2EBBAC74 		.ascii	".\273\254tz\252*++-N\217\305\355\265x\334v\312z\354"
 3689      7AAA2A2B 
 3689      2B2D4E8F 
 3689      C5EDB578 
 3689      DC76CA7A 
 3690 02a0 EDAD663B 		.ascii	"\355\255f;\343\327\275\256\222td>i\2558\335R\335Bi\247"
 3690      E3D7BDAE 
 3690      9274643E 
 3690      69AD38DD 
 3690      52DD4269 
 3691 02b5 D7C59D0E 		.ascii	"\327\305\235\016\327\037\206I[\353"
 3691      D71F8649 
 3691      5BEB
 3692              		.text
 3693              		.section	.gnu.lto_.symbol_nodes.1f2b0c6e,"e",%progbits
 3694 0000 789C7DD3 		.ascii	"x\234}\323YN\303@\014\006\340\031\273M\232\204\264i"
 3694      594EC340 
ARM GAS  C:\Users\angio\AppData\Local\Temp\ccSeXO4x.s 			page 129


 3694      0C06E019 
 3694      BB4D9A84 
 3694      B469
 3695 0012 E9425944 		.ascii	"\351BYD%.\300\0358\005\317\034\344O\224\013p\005\324"
 3695      252EC01D 
 3695      3805CF1C 
 3695      E44F940B 
 3695      7005D4
 3696 0025 6B0012F0 		.ascii	"k\000\022\360\212\330\367E\010\025\2368\004\244\022"
 3696      8AD8F745 
 3696      08159E38 
 3696      04A412
 3697 0034 085B553D 		.ascii	"\010[U=o\226?{\026y\266\353\3169\032\302}\377\256u\277"
 3697      6F963F7B 
 3697      1679B6EB 
 3697      CE391AC2 
 3697      7DFFAE75 
 3698 0049 7BE61C9C 		.ascii	"{\346\034\234;\310\213b\323y7]\264\002o\203#\017\262"
 3698      3BC88B62 
 3698      D379375D 
 3698      B4026F83 
 3698      230FB2
 3699 005c C5B107DB 		.ascii	"\305\261\007\333\342\324\243f\213/\217\272-V\021\330"
 3699      E2D4A366 
 3699      8B2F8FBA 
 3699      2D5611D8 
 3700 006c 600DA10D 		.ascii	"`\015\241\015\316\011\215\031\261_\010qM\210f\305\236"
 3700      CE098D19 
 3700      B15F0871 
 3700      4D8866C5 
 3700      9E
 3701 007d 101784D8 		.ascii	"\020\027\204\330\356qIHLQ\177'7\232\312+\302\202\335"
 3701      EE714948 
 3701      4C517F27 
 3701      379ACA2B 
 3701      C282DD
 3702 0090 EB8690CE 		.ascii	"\353\206\220\316\210\303\242\360\177\340\226\3204\301"
 3702      88C3A2F0 
 3702      7FE096D0 
 3702      34C1
 3703 009e 1DA16582 		.ascii	"\035\241e\202{Bf\202\007B\333\004\217\204\216\011\236"
 3703      7B426682 
 3703      0742DB04 
 3703      8F848E09 
 3703      9E
 3704 00af 088B2678 		.ascii	"\010\213&x&tM\360B\350\231\340\225\320\267\200\177#"
 3704      26744DF0 
 3704      42E899E0 
 3704      95D0B780 
 3704      7F23
 3705 00c1 0C34702E 		.ascii	"\0144p.\317\363i\326\177\022\226\346\345>\010\30399"
 3705      CFF369D6 
 3705      7F1296E6 
 3705      E53E08C3 
 3705      3939
 3706 00d3 0E44D5C4 		.ascii	"\016D\325\304s\250\303\206\030\327\261\347H|\242-\216"
 3706      73A8C386 
ARM GAS  C:\Users\angio\AppData\Local\Temp\ccSeXO4x.s 			page 130


 3706      18D7B1E7 
 3706      487CA22D 
 3706      8E
 3707 00e4 58D948CC 		.ascii	"X\331H\314\3768\344H\374\3312\346HL\355$V\265e\302\261"
 3707      FE38E448 
 3707      FCD932E6 
 3707      484CED24 
 3707      56B565C2 
 3708 00f9 98FA6A9F 		.ascii	"\230\372j\237D|\347\262\012Em\031p\252\263i\254\262"
 3708      447CE7B2 
 3708      0A456D19 
 3708      70AAB369 
 3708      ACB2
 3709 010b 4D8137B8 		.ascii	"M\2017\270%l\3258[\376\017w8k\251FYM[\361f\325\365$"
 3709      256CD538 
 3709      5BFE0F77 
 3709      386BA946 
 3709      594D5BF1 
 3710 0123 1E07DC16 		.ascii	"\036\007\334\026\017U\355\332\026\273\236T\2418\323"
 3710      0F55EDDA 
 3710      16BB9E54 
 3710      A138D3
 3711 0132 24E08EC6 		.ascii	"$\340\216\306\235T\341\256\276OW\337\247\247k{\272\266"
 3711      9D54E1AE 
 3711      BE4F57DF 
 3711      A7A76B7B 
 3711      BAB6
 3712 0144 AFB3FD44 		.ascii	"\257\263\375De\007\272\363@uv?\331d\206W"
 3712      6507BAF3 
 3712      4075763F 
 3712      D9648657 
 3713              		.text
 3714              		.section	.gnu.lto_.refs.1f2b0c6e,"e",%progbits
 3715 0000 789C1DC8 		.ascii	"x\234\035\310\271\015\000 \014\003@;T\010\020?\214\304"
 3715      B90D0020 
 3715      0C03403B 
 3715      5408103F 
 3715      8CC4
 3716 0012 FE1BA1B8 		.ascii	"\376\033\241\270\271\342\036\000&\313\004\213\254\256"
 3716      B9E21E00 
 3716      26CB048B 
 3716      ACAE
 3717 0020 35B83180 		.ascii	"5\2701\200];\344\224Kny\344u\361\001IV\001\310"
 3717      5D3BE494 
 3717      4B6E79E4 
 3717      75F10149 
 3717      5601C8
 3718              		.text
 3719              		.section	.gnu.lto_.decls.1f2b0c6e,"e",%progbits
 3720 0000 789CC55A 		.ascii	"x\234\305ZyTTW\232\177\337\273\257\026\2125\202\211"
 3720      79545457 
 3720      9A7FDFBB 
 3720      AF168A35 
 3720      8289
 3721 0012 26393D4E 		.ascii	"&9=N\332t\354>I\\b'\351>3=I\333I\332\323\235L:&\323"
 3721      DA74EC3E 
 3721      495C6227 
ARM GAS  C:\Users\angio\AppData\Local\Temp\ccSeXO4x.s 			page 131


 3721      E93E333D 
 3721      49DB49DA 
 3722 002c 27393D53 		.ascii	"'9=S\215T\011t\330\272\252P3\377\244\020\025\024\024"
 3722      8D540974 
 3722      D8BAAA50 
 3722      33FFA410 
 3722      151414
 3723 003f 14171414 		.ascii	"\024\027\024\024\"\032qAKqA\321\210\340\202(\212;\032"
 3723      221A7141 
 3723      4B7141D1 
 3723      88E08228 
 3723      8A3B1A
 3724 0052 54700345 		.ascii	"Tp\003E\004\\QQ\346\273\367\276\255\026\332\234\231"
 3724      045C5151 
 3724      E6BBF7BE 
 3724      AD16DA9C 
 3724      99
 3725 0063 9ED375BC 		.ascii	"\236\323u\274\324[~\337\367\375\276\345~\367\276W6\275"
 3725      D45B7EDF 
 3725      F7FDBEE5 
 3725      7EF7BE57 
 3725      36BD
 3726 0075 2E081BCC 		.ascii	".\010\033\314\202P\032,\010}\370\031$\010\302QA\373"
 3726      82501A2C 
 3726      087DF819 
 3726      2408C251 
 3726      41FB
 3727 0087 3C8F630F 		.ascii	"<\217c\017\216z\034\0158\216\341\270\200\243\015G\007"
 3727      8E7A1C0D 
 3727      388EE1B8 
 3727      80A30D47 
 3727      07
 3728 0098 8E4E1C3D 		.ascii	"\216N\034=8\372p\000\010\002\301a\300a\302\021\216\343"
 3728      38FA7000 
 3728      0802C161 
 3728      C061C211 
 3728      8EE3
 3729 00aa 451CFF8C 		.ascii	"E\034\377\214\343\3078~\202c\030\216\237\341x\025\307"
 3729      E3C7387E 
 3729      8263188E 
 3729      9FE17815 
 3729      C7
 3730 00bb 701CBFC4 		.ascii	"p\034\277\304\361+\034\277\305\201\377\2041\242\340"
 3730      F12B1CBF 
 3730      C581FF84 
 3730      31A2E0
 3731 00ca F59941F5 		.ascii	"\365\231A\365\341\367\000\034Q8~\203\367'\340\2658<"
 3731      E1F7001C 
 3731      51387E83 
 3731      F727E0B5 
 3731      383C
 3732 00dc A6501B1E 		.ascii	"\246P\033\036\333e\331=\202\377\247\300G\376=\024j\324"
 3732      DB65D93D 
 3732      82FFA7C0 
 3732      47FE3D14 
 3732      6AD4
 3733 00ee C99FC0E3 		.ascii	"\311\237\300\343S\262|}\000\371\357\361F\260\217\374"
ARM GAS  C:\Users\angio\AppData\Local\Temp\ccSeXO4x.s 			page 132


 3733      53B27C7D 
 3733      00F9EFF1 
 3733      46B08FFC 
 3734 00fe 2BF87D0E 		.ascii	"+\370}\016\207Q\340\272>\305\361>^\377@\344z\211\254"
 3734      8751E0BA 
 3734      3EC5F13E 
 3734      5EFF40E4 
 3734      7A89AC
 3735 0111 F7B4AC5B 		.ascii	"\367\264\254[\224cE}\365\375\\\370;\351\357\354G\377"
 3735      9463457D 
 3735      F5FD5CF8 
 3735      3BE9EFEC 
 3735      47FF
 3736 0123 37C0F5C4 		.ascii	"7\300\365\304\351l\254\307kcQ\350#9\326\222\234\333"
 3736      E96CACC7 
 3736      6B6351E8 
 3736      2339D692 
 3736      9CDB
 3737 0135 4FF1FC8F 		.ascii	"O\361\374\2178\276\020\375\365\254\370\201z\216\311"
 3737      38BE10FD 
 3737      F5ACF881 
 3737      7A8EC9
 3738 0144 7AFE13C7 		.ascii	"z\376\023\307\237\003\350\331\2052A\262\177\212\236"
 3738      9F03E8D9 
 3738      853241B2 
 3738      7F8A9E
 3739 0153 BF20EE4B 		.ascii	"\277 \356K\034\3618\022p$\212\272\374\342\237\027E\236"
 3739      1CF13812 
 3739      70248ABA 
 3739      FCE29F17 
 3739      459E
 3740 0165 9F0B01F2 		.ascii	"\237\013\001\362s\224\326\232\017\257T\221su\341w\212"
 3740      7394D69A 
 3740      0FAF5491 
 3740      7375E177 
 3740      8A
 3741 0176 2CEB90BF 		.ascii	",\353\220\277\333\002\350\350\246\265\252\223\237\210"
 3741      DB02E8E8 
 3741      A6B5AA93 
 3741      9F88
 3742 0184 D84922CF 		.ascii	"\330I\"\317\005\275\027B\353\030\257\377\032\317G\310"
 3742      05BD1742 
 3742      EB18AFFF 
 3742      1ACF47C8 
 3743 0194 F5D38463 		.ascii	"\365\323\204c2\036\337\220mS{7\361Z\013\216\177\301"
 3743      321EDF90 
 3743      6D537B37 
 3743      F15A0B8E 
 3743      7FC1
 3744 01a6 EBAFE368 		.ascii	"\353\257\343h\306\343sr~\350\034\2415@9\244\371\304"
 3744      C6E37372 
 3744      7EE81CA1 
 3744      354039A4 
 3744      F9C4
 3745 01b8 8588FFFF 		.ascii	"\205\210\377\377\366\351\334\354\224\355g\372\3307\341"
 3745      F6E9DCEC 
 3745      94ED67FA 
ARM GAS  C:\Users\angio\AppData\Local\Temp\ccSeXO4x.s 			page 133


 3745      D837E1
 3746 01c7 F9409F18 		.ascii	"\371@\237\030\3529\274\342c{\006~\037\022\274\2715\311"
 3746      EA39BCE2 
 3746      637B067E 
 3746      1F12BCB9 
 3746      35C9
 3747 01d9 753A13EF 		.ascii	"u:\023\357\335\027\264\272\240\271\241|^\2259Q\216\012"
 3747      DD17B4BA 
 3747      A0B9A17C 
 3747      5E953951 
 3747      8E0A
 3748 01eb 2F5ABFB4 		.ascii	"/Z\277\264\226i\317\250\227c\024\250\007\004\377\203"
 3748      9669CFA8 
 3748      976314A8 
 3748      0704FF83 
 3749 01fb F919647E 		.ascii	"\371\031d~\320O\217\352\303\213/\370\360\313FL\254\314"
 3749      D04F8FEA 
 3749      C38B2FF8 
 3749      F0CB464C 
 3749      ACCC
 3750 020d 93DAFF02 		.ascii	"\223\332\377\002\307l<\316\021y\017\313\305qD\307\361"
 3750      C76C3CCE 
 3750      11790FCB 
 3750      C57144C7 
 3750      F1
 3751 021e 6B1CB3F0 		.ascii	"k\034\263\360\332\034\034\2552_\332\347\346\342y\015"
 3751      DA1C1CAD 
 3751      325FDAE7 
 3751      E6E2790D 
 3752 022e 9E3F2FCF 		.ascii	"\236?/\317?\205\277I\316w+\2164\034\323e\336\347qL\221"
 3752      3F85BF49 
 3752      CE772B8E 
 3752      341CD365 
 3752      DEE7714C 
 3753 0243 B1B4272B 		.ascii	"\261\264'+=\233\326\375\0369\306\276\237py\276\350c"
 3753      3D9BD6FD 
 3753      1E39C6BE 
 3753      9F7079BE 
 3753      E863
 3754 0255 ABD88993 		.ascii	"\253\330\211\2231\324e\332\323\225\034\345\373\304\340"
 3754      31D465DA 
 3754      D3951CE5 
 3754      FBC4E0
 3755 0264 9FF03C52 		.ascii	"\237\360<R\306S\177\236\226'\352\267>W\372\034\005\312"
 3755      C6537F9E 
 3755      9627EAB7 
 3755      3E57FA1C 
 3755      05CA
 3756 0276 0DF5555F 		.ascii	"\015\365U_\323\247\345\272\016\227sC\217\213E\377\334"
 3756      D3A7E5BA 
 3756      0E977343 
 3756      8F8B45FF 
 3756      DC
 3757 0287 FC02CF07 		.ascii	"\374\002\317\007\351|{^\216w\024pnY\"\357E\224\243\302"
 3757      E97C7B5E 
 3757      8E771470 
 3757      6E5922EF 
ARM GAS  C:\Users\angio\AppData\Local\Temp\ccSeXO4x.s 			page 134


 3757      4594A3C2 
 3758 029b ED1B91E7 		.ascii	"\355\033\221\347\357]\304|\200c\031\036\207\341w\011"
 3758      EF5DC47C 
 3758      8063191E 
 3758      87E17709 
 3759 02ab 7E9F47EC 		.ascii	"~\237G\354r\374\376W\340>|-\257%\222\216k\253.\007/"
 3759      72FCFE57 
 3759      E03E7C2D 
 3759      AF25928E 
 3759      6BAB2E07 
 3760 02c0 CA6B5B9F 		.ascii	"\312k[\237\314\225\366\260_\365SGcd\256\276uN9O\362"
 3760      CC95F6B0 
 3760      5FF55347 
 3760      6364AEBE 
 3760      754E394F 
 3761 02d5 5917F471 		.ascii	"Y\027\364q\374Z\356\007\276k\205\222Ce\016(q5\007\340"
 3761      FC5AEE07 
 3761      BE6B8592 
 3761      43650E28 
 3761      713507E0 
 3762 02e9 AA8F2B8D 		.ascii	"\252\217+\2155\365\207\256\333\277Tr.\307{u\200\030"
 3762      35F587AE 
 3762      DBBF5472 
 3762      2EC77B75 
 3762      8018
 3763 02fb 7FA0CB7D 		.ascii	"\177\240\313}\177y\367\345\255p\355\226\271+\234\225"
 3763      7F79F7E5 
 3763      AD70ED96 
 3763      B92B9C95 
 3764 030b 79E13B2F 		.ascii	"y\341;/\225\365N\341I\347\345\217e~\206~\342\371!\236"
 3764      95F54EE1 
 3764      49E7E58F 
 3764      657E867E 
 3764      E2F9219E 
 3765 031f 870ADE6B 		.ascii	"\207\012\336k\315\247\340\315M\317G\341\022\367\003"
 3765      CDA7E0CD 
 3765      4DCF47E1 
 3765      12F703
 3766 032e EC537B3F 		.ascii	"\354S{?\351\307\356\037\376\301\375j\330S\372\325g\""
 3766      E9C7EE1F 
 3766      FEC1FD6A 
 3766      D853FAD5 
 3766      6722
 3767 0340 E7A5E7E7 		.ascii	"\347\245\347\347\033\227@\371\372\277\344\352gO\311"
 3767      1B9740F9 
 3767      FABFE4EA 
 3767      674FC9
 3768 034f D5E7FFA0 		.ascii	"\325\347\377\240\032zU\346E\372\341e\225y\375\275\362"
 3768      1A7A55E6 
 3768      45FAE165 
 3768      9579FDBD 
 3768      F2
 3769 0360 18A8B602 		.ascii	"\030\250\266\002\345p\370SrX@\304+'\316\357\267\\\001"
 3769      E570F853 
 3769      725840C4 
 3769      2B27CEEF 
 3769      B75C01
ARM GAS  C:\Users\angio\AppData\Local\Temp\ccSeXO4x.s 			page 135


 3770 0373 762AD900 		.ascii	"v*\331\000\240\361M\374c\021\276 B\224[t\213F\033\021"
 3770      A0F14DFC 
 3770      6311BE20 
 3770      42945B74 
 3770      8B461B11 
 3771 0387 2DC4426C 		.ascii	"-\304Bl\226Z\370\321\260;\344\035\2638,\334b.\255\201"
 3771      965AF8D1 
 3771      B03BE41D 
 3771      B3382CDC 
 3771      622EAD81 
 3772 039b 088BC12C 		.ascii	"\010\213\301,\212m&\233e\330CX+\026\033\207\274\343"
 3772      8A6D269B 
 3772      65D84358 
 3772      2B161B87 
 3772      BCE3
 3773 03ad 966CD903 		.ascii	"\226l\331\003\333Ln1\367\243\2507\336\301\277m\246Z"
 3773      DB4C6E31 
 3773      F7A3A837 
 3773      DEC1BF6D 
 3773      A65A
 3774 03bf B0A1D4C7 		.ascii	"\260\241\324\307\2229\002\217\332L\226;\244x\226\321"
 3774      9239028F 
 3774      DA4C963B 
 3774      A47896D1 
 3775 03cf 562F66BE 		.ascii	"V/f\276\002\265`\261\215\212r\273\335\357\230\315?\012"
 3775      02B560B1 
 3775      8D8A72BB 
 3775      DDEF98CD 
 3775      3F0A
 3776 03e1 AF26D5E4 		.ascii	"\257&\325\344}l+f\317\272\201\2266S8\252\030f\033\022"
 3776      7D6C2B66 
 3776      CFBA8196 
 3776      365338AA 
 3776      18661B12 
 3777 03f5 611B125E 		.ascii	"a\033\022^\013\006\233\315\0225L@\022\266Q\243\336\021"
 3777      0B069BCD 
 3777      12354C40 
 3777      12B651A3 
 3777      DE11
 3778 0407 2DA85932 		.ascii	"-\250Y2\327\302(\002!\243\334-\355\317Y\014\226\240"
 3778      D7C22802 
 3778      21A3DC2D 
 3778      EDCF590C 
 3778      96A0
 3779 0419 1F0D1986 		.ascii	"\037\015\031\206\033=L\037\352%}\312\007Lh\323\246\235"
 3779      1B3D4C1F 
 3779      EA257DCA 
 3779      074C68D3 
 3779      A69D
 3780 042b 020CB388 		.ascii	"\002\014\263\210\243D\362\2736\214\237(\016\021\004"
 3780      A344F2BB 
 3780      368C9F28 
 3780      0E1104
 3781 043a B7640E09 		.ascii	"\267d\016\011\0017~\005Y\177g\373x\224Eh\303\255\214"
 3781      01377E05 
 3781      597F67FB 
 3781      78944568 
ARM GAS  C:\Users\angio\AppData\Local\Temp\ccSeXO4x.s 			page 136


 3781      C3AD8C
 3782 044d 284649E0 		.ascii	"(FI\340\026A\223\264\0301\204r\374X8A\037Iz\242a\005"
 3782      164193B4 
 3782      18318472 
 3782      FC583841 
 3782      1F497AA2 
 3783 0463 EDBE08CA 		.ascii	"\355\276\010\312m\216\363\222Ru\361\014\251\372\025"
 3783      6D8EF392 
 3783      5275F10C 
 3783      A9FA15
 3784 0472 014D4CA7 		.ascii	"\001ML\247\034|\304\201~\350_\275\200\306Q\265/\252"
 3784      1C7CC481 
 3784      7EE85FBD 
 3784      80C651B5 
 3784      2FAA
 3785 0484 B44083F8 		.ascii	"\264@\203\370\020\007P\305\374\210\322\017Q\312fw\336"
 3785      100750C5 
 3785      FC88D20F 
 3785      51CA6677 
 3785      DE
 3786 0495 F71986AB 		.ascii	"\367\031\206\253\0306w~\024\014\314}G\000\362\202@^"
 3786      1836777E 
 3786      140CCC7D 
 3786      4700F282 
 3786      405E
 3787 04a7 1586BBD9 		.ascii	"\025\206\273\331g\331_\004\330\3125|\021<\227\300\000"
 3787      67D95F04 
 3787      D8CA357C 
 3787      113C97C0 
 3787      00
 3788 04b8 90F06F14 		.ascii	"\220\360o\024\014!\211T\372\342\235\262\225b$\207Vq"
 3788      0C218954 
 3788      FAE29DB2 
 3788      95622487 
 3788      5671
 3789 04ca 8295003B 		.ascii	"\202\225\000;\000*\350\011\231H1yu3\332-\336\230\235"
 3789      002AE809 
 3789      99483179 
 3789      7533DA2D 
 3789      DE989D
 3790 04dd 1A862AE9 		.ascii	"\032\206*\351H\2575\207T\271\335]\356\342j\011\276\003"
 3790      48AF3587 
 3790      54B9DD5D 
 3790      EEE26A09 
 3790      BE03
 3791 04ef D80EB08D 		.ascii	"\330\016\260\215R\247\217\007\010(mh*\015\243K\020^"
 3791      52A78F07 
 3791      08286D68 
 3791      2A0DA34B 
 3791      105E
 3792 0501 8064C642 		.ascii	"\200d\306Bd,\"\250\364\346\015\245\306\347P\367\015"
 3792      642C22A8 
 3792      F4E60DA5 
 3792      C6E750F7 
 3792      0D
 3793 0512 B73B8A02 		.ascii	"\267;\212\002\252\001vS\341\032t\237\332{)7\327\335"
 3793      AA017653 
ARM GAS  C:\Users\angio\AppData\Local\Temp\ccSeXO4x.s 			page 137


 3793      E11A749F 
 3793      DA7B2937 
 3793      D7DD
 3794 0524 9337B3B7 		.ascii	"\2237\263\267\372\3376ed\270\033\020\231\013\364.l\221"
 3794      FADF3665 
 3794      64B81B10 
 3794      990BF42E 
 3794      6C91
 3795 0536 29087824 		.ascii	")\010x$\300f\200M\360E\332\013\344\022\010\244\027\250"
 3795      C066804D 
 3795      F045DA0B 
 3795      E41208A4 
 3795      17A8
 3796 0548 DD829D37 		.ascii	"\335\202\2357\334&o\346\373\000\366+\336\341\006\016"
 3796      DC266FE6 
 3796      FB00F62B 
 3796      DEE1060E 
 3797 0558 415757EF 		.ascii	"AWW\357\273\001\336\240Z\015\204\000O\325\311\235F\315"
 3797      BB01DEA0 
 3797      5A0D8400 
 3797      4FD5C99D 
 3797      46CD
 3798 056a BD039A7B 		.ascii	"\275\003\232{u\334\275\365\307\312\247\2042\367\352"
 3798      75DCBDF5 
 3798      C7CAA784 
 3798      32F7EA
 3799 0579 D03DBC70 		.ascii	"\320=\274p\340\370\315\205\341\252Ku\232K\207\220\347"
 3799      E0F8CD85 
 3799      E1AA4B75 
 3799      9A4B8790 
 3799      E7
 3800 058a 41D9A5AE 		.ascii	"A\331\245\256\332\254\2740\356\015^\207\275\2523{Ug"
 3800      DAACBC30 
 3800      EE0D5E87 
 3800      BDAA337B 
 3800      5567
 3801 059c 4E3F4F96 		.ascii	"N?O\2261\216\031\225\263\017ZT\205q\252\276#\010M\226"
 3801      318E1995 
 3801      B30F5A54 
 3801      8571AABE 
 3801      23084D96 
 3802 05b0 23742A2F 		.ascii	"#t*/+'\270\320]5\005\335\220\360\016\034V5\036V5V\016"
 3802      2B27B8D0 
 3802      5D3505DD 
 3802      90F00E1C 
 3802      56351E56 
 3803 05c7 264D22C3 		.ascii	"&M\"\303{\266\345d\270#T\360Q\025|T\005o\034L:E\214"
 3803      7BB6E564 
 3803      B82354F0 
 3803      51157C54 
 3803      056F1C4C 
 3804 05de 25A330AB 		.ascii	"%\2430\253y\371\332 \3570\235\0008\251\304r\026\241"
 3804      79F9DA20 
 3804      EF309D00 
 3804      38A9C472 
 3804      16A1
 3805 05f0 A0BEB4E6 		.ascii	"\240\276\264\346\033\274\234\252\024\320)\015\204\200"
ARM GAS  C:\Users\angio\AppData\Local\Temp\ccSeXO4x.s 			page 138


 3805      1BBC9CAA 
 3805      14D0290D 
 3805      8480
 3806 05fe 6FAF6EB9 		.ascii	"o\257n\271\252\213\345i-\226\215<\226\363VT\2357\262"
 3806      AA8BE569 
 3806      2D968D3C 
 3806      96F35654 
 3806      9D37B2
 3807 0611 5836622C 		.ascii	"X6b,\311\022\252\326\270}\346\246\022\351\005\000\374"
 3807      C912AAD6 
 3807      B87DE6A6 
 3807      12E90500 
 3807      FC
 3808 0622 1724C239 		.ascii	"\027$\3029@\326\022~\241\2326\367\324\020\001\336\200"
 3808      40D6127E 
 3808      A19A36F7 
 3808      D41001DE 
 3808      80
 3809 0633 11029C05 		.ascii	"\021\002\234\005\274$\300\367\000M\200\212n\227-l1\253"
 3809      BC24C0F7 
 3809      004D808A 
 3809      6E972D6C 
 3809      31AB
 3810 0645 213BA7E5 		.ascii	"!;\247\345\000\267\324pF\316A\305\202\202\236\014\223"
 3810      00B7D470 
 3810      46CE41C5 
 3810      82829E0C 
 3810      93
 3811 0656 BB1461BF 		.ascii	"\273\024a\277\305\033p\\\215\302q5\0129\203\311A\"\220"
 3811      C51B705C 
 3811      8DC27135 
 3811      0A3983C9 
 3811      412290
 3812 0669 26E6E09E 		.ascii	"&\346\340\236+\307s\015\336Qh\001\270\250D\341\032\003"
 3812      2BC7730D 
 3812      DE516801 
 3812      B8A844E1 
 3812      1A03
 3813 067b 755E9CBB 		.ascii	"u^\234\2735\304\033tI\003Q-\015\307\246\210Z\024.kQ"
 3813      35C41B74 
 3813      4903512D 
 3813      0DC7A688 
 3813      5A142E6B 
 3814 0690 B8C2A3D0 		.ascii	"\270\302\243\320\221>\263\321\314\242p\205WT\336\315"
 3814      913EB3D1 
 3814      CCA27085 
 3814      5754DECD 
 3815 06a0 B28B4101 		.ascii	"\262\213A\001\012\000\367{pUq\346l\321\371i\2123\255"
 3815      0A00F77B 
 3815      705571E6 
 3815      6CD1F969 
 3815      8A33AD
 3816 06b3 00CDAA33 		.ascii	"\000\315\2523\315\2523\335\203\310R)`\315.]\326\324"
 3816      CDAA33DD 
 3816      83C85229 
 3816      60CD2E5D 
 3816      D6D4
ARM GAS  C:\Users\angio\AppData\Local\Temp\ccSeXO4x.s 			page 139


 3817 06c5 AB5EB84E 		.ascii	"\253^\270N#X\324\266\350\277\003\025\361\015\324\326"
 3817      2358D4B6 
 3817      E8BF0315 
 3817      F10DD4D6 
 3818 06d5 AECCCBAE 		.ascii	"\256\314\313\256\254\216\254H\265\352n\000\\S\255^S"
 3818      AC8EAC48 
 3818      B5EA6E00 
 3818      5C53AD5E 
 3818      53
 3819 06e6 AD963D4F 		.ascii	"\255\226=O\266H\274\352V\317R\253\016\3017U\360M\025"
 3819      B648BCEA 
 3819      56CF52AB 
 3819      0EC13755 
 3819      F04D15
 3820 06f9 9CFE3CA9 		.ascii	"\234\376<\251\227\004\322\314hN\315Xt\300\247?u\003"
 3820      9704D2CC 
 3820      684ECD58 
 3820      74C0A73F 
 3820      7503
 3821 070b DC52E27D 		.ascii	"\334R\342}\235\203\356\026\335\363I\312m\015\204\200"
 3821      9D83EE16 
 3821      DDF349CA 
 3821      6D0D8480 
 3822 071b 538B16AD 		.ascii	"S\213\026\255\327\305\373\216\026\357\273<\336k\347"
 3822      D7C5FB8E 
 3822      16EFBB3C 
 3822      DE6BE7
 3823 072a AE38CFE3 		.ascii	"\2568\317\343}\227G\343\233;\275\027\014\252\363w5\347"
 3823      7D9747E3 
 3823      9B3BBD17 
 3823      0CAAF377 
 3823      35E7
 3824 073c EF23CF7B 		.ascii	"\357#\317{\212\363\247Z=\033\206U\247\263\220\277\203"
 3824      8AF3A75A 
 3824      3D1B8655 
 3824      A7B390BF 
 3824      83
 3825 074d B7A04BF5 		.ascii	"\267\240K\365\247K\365g\353 \262\310@\215\\\353\231"
 3825      A74BF567 
 3825      EB20B2C8 
 3825      408D5CEB 
 3825      99
 3826 075e DA1ECE8C 		.ascii	"\332\036\316\214\3042\033\345\231;\232}\312\304{\262"
 3826      C4321BE5 
 3826      993B9A7D 
 3826      CAC47BB2 
 3827 076e A4CD9F35 		.ascii	"\244\315\2375\335\242\321~\244\321\356\345\264\013\216"
 3827      DDA2D17E 
 3827      A4D1EEE5 
 3827      B40B8E
 3828 077d E6780C4C 		.ascii	"\346x\014Lc/\300C\232\263\216\013Mq\001\312\344\011"
 3828      632FC043 
 3828      9AB38E0B 
 3828      4D7101CA 
 3828      E409
 3829 078f B279ACF4 		.ascii	"\262y\254\364\235\336\025\031\254\357\270\001\257\303"
 3829      9DDE1519 
ARM GAS  C:\Users\angio\AppData\Local\Temp\ccSeXO4x.s 			page 140


 3829      ACEFB801 
 3829      AFC3
 3830 079d 0395F203 		.ascii	"\003\225\362\003\225\362\266g\311\267\006\016>T3S\001"
 3830      95F2B667 
 3830      C9B7060E 
 3830      3E543353 
 3830      01
 3831 07ae A37FB80E 		.ascii	"\243\177\270\016\313`\267\250\200\037?G*dp_\211\252"
 3831      CB60B7A8 
 3831      801F3F47 
 3831      2A64705F 
 3831      89AA
 3832 07c0 195BCA14 		.ascii	"\031[\312\024\025<E\005o|\2164p\260\347\340"
 3832      153C4505 
 3832      6F7C8E34 
 3832      70B0E7E0 
 3833 07d0 345E096E 		.ascii	"4^\011n\326\177\246\252\340\251*\270\365Y\322\312\""
 3833      D67FA6AA 
 3833      E0A92AB8 
 3833      F559D2CA 
 3833      22
 3834 07e1 B7AF3BA3 		.ascii	"\267\257;\243Q|)\037-T\\\233\256\2433]\025\232\256\321"
 3834      517C291F 
 3834      2D545C9B 
 3834      AEA3335D 
 3834      159AAED1 
 3835 07f5 19486E1B 		.ascii	"\031Hn\033\004\\]^\204>`_\002I3R-\347\036\254=\036j"
 3835      045C5D5E 
 3835      843E605F 
 3835      02493352 
 3835      2DE71EAC 
 3836 080c 614DA33A 		.ascii	"aM\243:\215\310]#KDD\005\300L\021f\210\010\252)-\332"
 3836      8DC85D23 
 3836      4B444405 
 3836      C04C1166 
 3836      8808AA29 
 3837 0822 2AB29066 		.ascii	"*\262\220f\213,K\033so6\207\006\010).\036@\237\360\021"
 3837      8B2C4B1B 
 3837      736F3687 
 3837      0608292E 
 3837      1E409FF0 
 3838 0837 F264E5DC 		.ascii	"\362d\345\334V#\243w\355\300_y-\314\026!S%\227\251\222"
 3838      5623A377 
 3838      EDC05F79 
 3838      2DCC1621 
 3838      532597A9 
 3839 084c 4B1B4866 		.ascii	"K\033Hf\032)\271W\330~&\234\035\011\244\210\361;\\["
 3839      1A29B957 
 3839      D87E269C 
 3839      1D09A488 
 3839      F13B5C5B 
 3840 0860 752FCCC2 		.ascii	"u/\314\302\322]55H\220\223\015y\"b\220\341\\\021\346"
 3840      D25D3535 
 3840      4890930D 
 3840      79226290 
 3840      E15C11E6 
 3841 0874 5086C7D7 		.ascii	"P\206\307\327\337;\303ku\036g\270\376T\321F\213By>]"
ARM GAS  C:\Users\angio\AppData\Local\Temp\ccSeXO4x.s 			page 141


 3841      DF3BC36B 
 3841      751E67B8 
 3841      FE54D146 
 3841      8B42793E 
 3842 0889 588D4CBB 		.ascii	"X\215L\273\211\035\321`M&e\314B\347\251\223\325F\213"
 3842      891DD160 
 3842      4D2665CC 
 3842      42E7A993 
 3842      D5468B
 3843 089c DBD7C222 		.ascii	"\333\327\302\"\021qh!_\204\205\324\302\321\226\2022"
 3843      11716821 
 3843      5F8485D4 
 3843      C2D19682 
 3843      32
 3844 08ad ADD92C16 		.ascii	"\255\331,\026U\237\013\320\221\005\334\347\333\217\033"
 3844      559F0BD0 
 3844      9105DCE7 
 3844      DB8F1B
 3845 08bc AF1898CF 		.ascii	"\257\030\230\317G\332e\237\013D\310U}\316U}\256\214"
 3845      47DA659F 
 3845      0B44C855 
 3845      7DCE557D 
 3845      AE8C
 3846 08ce 22E5CC7A 		.ascii	"\"\345\314z\373w}\023\031\315\305\234\367\374E\353n"
 3846      FB777D13 
 3846      19CDC59C 
 3846      F7FC45EB 
 3846      6E
 3847 08df AB936E29 		.ascii	"\253\223n)5\354\251>~\204\004\210u1*+\342v\317T>*\016"
 3847      35ECA93E 
 3847      7E840488 
 3847      75312A2B 
 3847      E276CF54 
 3848 08f6 667697D4 		.ascii	"fv\227\324\313v\213EX\242\332]\242\332\335\025I\252"
 3848      CB768B45 
 3848      58A2DA5D 
 3848      A2DADD15 
 3848      49AA
 3849 0908 98DDDE33 		.ascii	"\230\335\3363\213\353C\251\210gq\216\276\344\226\251"
 3849      8BEB43A9 
 3849      8867718E 
 3849      BEE496A9 
 3850 0918 42CB54A1 		.ascii	"B\313T\241\374Hr\224\011}[U\320\014\201\226\217\025"
 3850      FC487294 
 3850      097D5B55 
 3850      D00C8196 
 3850      8F15
 3851 092a 225B72E9 		.ascii	"\"[r\351\374\235\263\362Q\030\323[\257\351]!\302rU\357"
 3851      FC9DB3F2 
 3851      5118D35B 
 3851      AFE95D21 
 3851      C27255EF 
 3852 093e 7255EFC9 		.ascii	"rU\357\311\001\244\235\351\315\273R_&1\241Y\033R8\177"
 3852      01A49DE9 
 3852      CDBB525F 
 3852      2631A159 
 3852      1B52387F 
ARM GAS  C:\Users\angio\AppData\Local\Temp\ccSeXO4x.s 			page 142


 3853 0952 A4B25215 		.ascii	"\244\262R\025Y\251\212L\035@\0363\221u\017\213\376\213"
 3853      59A98A4C 
 3853      1D401E33 
 3853      91750F8B 
 3853      FE8B
 3854 0964 49F4E824 		.ascii	"I\364\350$V\251\022\253T\211\275\317\220Y&*\361`M\317"
 3854      56A912AB 
 3854      5489BDCF 
 3854      9059262A 
 3854      F1604DCF 
 3855 0978 7B4C627B 		.ascii	"{Lb{\271&\261F\225X\243J,}\206\0240\211\375\367\033"
 3855      B926B146 
 3855      9558A34A 
 3855      2C7D8614 
 3855      3089FDF7 
 3856 098d B65902F5 		.ascii	"\266Y\002\365\273u\252\273\275\205\235G-,\362\355\345"
 3856      BB75AABB 
 3856      BD859D47 
 3856      2D2CF2ED 
 3856      E5
 3857 099e 379AC13D 		.ascii	"7\232\301=\023\321\021x\037\312T\305e\252\342+\021d"
 3857      13D11178 
 3857      1FCA54C5 
 3857      65AAE22B 
 3857      1164
 3858 09b0 AD49203B 		.ascii	"\255I ;\231\362[\347\233JC0\321\260\001sHj\330\265M"
 3858      99F25BE7 
 3858      9B4A4330 
 3858      D1B00173 
 3858      486AD8B5 
 3859 09c5 ED7905B4 		.ascii	"\355y\005\264uA9\312l\024I-\273Z\375\375\225V\023\275"
 3859      754139CA 
 3859      6C14492D 
 3859      BB5AFDFD 
 3859      955613BD 
 3860 09d9 BA19AF6E 		.ascii	"\272\031\257n\242%\321Z\276h\016\337:\032Y\321\344\357"
 3860      A225D15A 
 3860      BE680EDF 
 3860      3A1A59D1 
 3860      E4EF
 3861 09eb DE39DF24 		.ascii	"\3369\337$\237o\245\200)\2755\015\032s\243J|\033j\250"
 3861      9F6FA580 
 3861      29BD350D 
 3861      1A73A34A 
 3861      7C1B6AA8 
 3862 09ff E03573B6 		.ascii	"\3405s\266\261c\271\371\245\302LwfF\325\307\351\356"
 3862      B163B9F9 
 3862      A5C24C77 
 3862      6646D5C7 
 3862      E9EE
 3863 0a11 AA0A11EF 		.ascii	"\252\012\021\357\202\207\323\206-\010\364\260\355>i"
 3863      8287D386 
 3863      2D08F4B0 
 3863      ED3E69
 3864 0a20 60243667 		.ascii	"`$6g\224W\230\225\256JmV\224\255\332\026h\367\265\023"
 3864      94579895 
 3864      AE4A6D56 
ARM GAS  C:\Users\angio\AppData\Local\Temp\ccSeXO4x.s 			page 143


 3864      94ADDA16 
 3864      68F7B513 
 3865 0a34 25777013 		.ascii	"%wp\023\373\326\334\272\204\323\301\355\356YP\2604\335"
 3865      FBD6DCBA 
 3865      84D3C1ED 
 3865      EE5950B0 
 3865      34DD
 3866 0a46 58E8AE16 		.ascii	"X\350\256\026\3616T\252\241\251\344\026\316\231\002"
 3866      F13654AA 
 3866      A1A9E416 
 3866      CE9902
 3867 0a55 AD0487F6 		.ascii	"\255\004\207\366v\366\206h\215\376\211\326\350w3\005"
 3867      76F68668 
 3867      8DFE89D6 
 3867      E8773305 
 3868 0a65 A48D899D 		.ascii	"\244\215\211\235\235vz\2431\000\014\320\030\007\"\350"
 3868      9D767AA3 
 3868      31000CD0 
 3868      180722E8 
 3869 0a75 52F5D20E 		.ascii	"R\365\322\016`\272kD\250\242\021*\276\226\236\033\244"
 3869      60BA6B44 
 3869      A8A2112A 
 3869      BE969E1B 
 3869      A4
 3870 0a86 348C3DAC 		.ascii	"4\214=\254\205\324\315\251\027\025\017\367\322+\373"
 3870      85D4CDA9 
 3870      17150FF7 
 3870      D22BFB
 3871 0a95 B7A6A789 		.ascii	"\267\246\247\211\001\\\334\217.\356\343.\326u-\233\035"
 3871      015CDC8F 
 3871      2EEEE32E 
 3871      D6752D9B 
 3871      1D
 3872 0aa6 4C5DF42C 		.ascii	"L]\364,N\317\250\212\020\361\036\354R\375\333\305\375"
 3872      4ECFA88A 
 3872      10F11EEC 
 3872      52FDDBC5 
 3872      FD
 3873 0ab7 EB36096C 		.ascii	"\3536\011l{\357\001\266\277w\363G\216R`_o\263\277]\002"
 3873      7BEF01B6 
 3873      BF77F347 
 3873      8E52605F 
 3873      6FB3BF5D 
 3874 0acc BF652277 		.ascii	"\277e\"wep\233@\334f\201\3140S3'\335\365\205f\377.x"
 3874      65709B40 
 3874      DC6681CC 
 3874      30533327 
 3874      DDF58566 
 3875 0ae3 5CDF0599 		.ascii	"\\\337\005\231T\263@\346\240\324\"&u\371\366\332;\341"
 3875      54B340E6 
 3875      A0D42226 
 3875      75F9F6DA 
 3875      3BE1
 3876 0af5 DE6BE969 		.ascii	"\336k\351i\021\032Eu-\355l^\264N\027b\274\243\204\370"
 3876      111A4575 
 3876      2DED6C5E 
 3876      B44E1762 
ARM GAS  C:\Users\angio\AppData\Local\Temp\ccSeXO4x.s 			page 144


 3876      BCA384F8 
 3877 0b09 0C2DCA65 		.ascii	"\014-\312e\250i\015\323\264\357\356\301\371\006\177"
 3877      A8690DD3 
 3877      B4EFEEC1 
 3877      F9067F
 3878 0b18 FBDFFBD9 		.ascii	"\373\337\373\331o\344\344\315\314\233*\201lE\025U8\366"
 3878      6FE4E4CD 
 3878      CC9B2A81 
 3878      6C451555 
 3878      38F6
 3879 0b2a 5235C6D3 		.ascii	"R5\306\3237\273\213\202#\207\016E>S\351nG\200\013\""
 3879      37BB8B82 
 3879      23870E45 
 3879      3E53E96E 
 3879      47800B22 
 3880 0b3e 9C17D9E3 		.ascii	"\234\027\331\343\325%J\013\256\210p\231\006\015M\341"
 3880      D5254A0B 
 3880      AE887099 
 3880      060D4DE1 
 3881 0b4e 2E2AA726 		.ascii	".*\247&\014wQSC\350\003\320E\221B\024~\303\005J\202"
 3881      0C775153 
 3881      43E803D0 
 3881      45914214 
 3881      7EC3054A 
 3882 0b63 C23CB3D3 		.ascii	"\302<\263\323\261\317pL\213\037f${\211p\373\342Q\266"
 3882      B1CF704C 
 3882      8B1F6624 
 3882      7B8970FB 
 3882      E251B6
 3883 0b76 A7F036BA 		.ascii	"\247\3606\272\323\327(\243\336 \220:$|\214\371\275g"
 3883      D3D728A3 
 3883      DE20903A 
 3883      247C8CF9 
 3883      BD67
 3884 0b88 79CF75E2 		.ascii	"y\317u\342\035\301k\"\\\227#H\3162\320*\317\235<\237"
 3884      1DC16B22 
 3884      5C972348 
 3884      CE32D02A 
 3884      CF9D3C9F 
 3885 0b9c 07AA760D 		.ascii	"\007\252v\015\204\200e\335\225\031\006-\31474\212\035"
 3885      848065DD 
 3885      9519062D 
 3885      CC37348A 
 3885      1D
 3886 0bad AC8AA4BE 		.ascii	"\254\212\244\276\035+O\213\221C\331\032\304\030\312"
 3886      1D2B4F8B 
 3886      9143D91A 
 3886      C418CA
 3887 0bbc F1455B37 		.ascii	"\361E[7\031\303N9&\236\007\025nwP\010\312Q_o\006\360"
 3887      19C34E39 
 3887      269E0715 
 3887      6E775008 
 3887      CA515F6F 
 3888 0bd2 B5F4EEBD 		.ascii	"\265\364\356\275o\245H?M\355^\232\310e\364\360*\216"
 3888      6FA5483F 
 3888      4DED5E9A 
 3888      C865F4F0 
ARM GAS  C:\Users\angio\AppData\Local\Temp\ccSeXO4x.s 			page 145


 3888      2A8E
 3889 0be4 0E1C7778 		.ascii	"\016\034wx\206\357\257[\023\256q\274\250\333\015\322"
 3889      86EFAF5B 
 3889      13AE71BC 
 3889      A8DB0DD2 
 3890 0bf4 527884C0 		.ascii	"Rx\204\300\364 ,\307 \266u\274\263\362|h\200\255#\364"
 3890      F4202CC7 
 3890      20B675BC 
 3890      B3F27C68 
 3890      80AD23F4 
 3891 0c08 88CAE6B1 		.ascii	"\210\312\346\261\265uqI\260\006y\240Q}H\365\025\242"
 3891      B5757149 
 3891      B00679A0 
 3891      517D48F5 
 3891      15A2
 3892 0c1a AE121C6B 		.ascii	"\256\022\034k\251\276\001\227+\333\227\301\320\250\241"
 3892      A9BE0197 
 3892      2BDB97C1 
 3892      D0A8A1
 3893 0c29 FC43737F 		.ascii	"\374Cs\177jM\313\302\237\356Iw\327V\001\326\"\334\026"
 3893      6A4DCBC2 
 3893      9FEE4977 
 3893      D75601D6 
 3893      22DC16
 3894 0c3c A1CFD759 		.ascii	"\241\317\327Y_\037\005\012A\017\247\020\230F`*\2014"
 3894      5F1F050A 
 3894      410FA710 
 3894      9846602A 
 3894      8134
 3895 0c4e 026E02D3 		.ascii	"\002n\002\323\011<\021!\235\276\032\240\022\205\253"
 3895      093C1121 
 3895      9DBE1AA0 
 3895      1285AB
 3896 0c5d E686E5E2 		.ascii	"\346\206\345\342\035\\n\357\005PJ\011\347\034\340\220"
 3896      1D5C6EEF 
 3896      05504A09 
 3896      E71CE090 
 3897 0c6d 8722DCEF 		.ascii	"\207\"\334\357\307\356\365\225\252\226\307\201\265x"
 3897      C7EEF595 
 3897      AA96C781 
 3897      B578
 3898 0c7b 0ECFE065 		.ascii	"\016\317\340e\331$\302\255~\014e\312\206b\341Q?v\036"
 3898      D924C2AD 
 3898      7E0C65CA 
 3898      8662E151 
 3898      3F761E
 3899 0c8e 68767AFB 		.ascii	"hvz\373QR&+\271+\302\235\000\0206\021G\260\312\256\305"
 3899      5152262B 
 3899      B92BC29D 
 3899      00103611 
 3899      47B0CAAE 
 3900 0ca3 E7070CF9 		.ascii	"\347\007\014\371\025\226\302\255\027\322\226\005\373"
 3900      1596C2AD 
 3900      17D29605 
 3900      FB
 3901 0cb0 EEFB6612 		.ascii	"\356\373f\022\335\276\217I\016#\035(r\233\211tnlj\365"
 3901      DDBE8F49 
ARM GAS  C:\Users\angio\AppData\Local\Temp\ccSeXO4x.s 			page 146


 3901      0E231D28 
 3901      729B8974 
 3901      6E6C6AF5 
 3902 0cc4 DB2ACED6 		.ascii	"\333*\316\326\213\220G\010N\263P\243\303\340k\366W "
 3902      8B904708 
 3902      4EB350A3 
 3902      C3E06BF6 
 3902      5720
 3903 0cd6 99162A3C 		.ascii	"\231\026*<\345|A)\353`w\334U\371\271Fu\022\316\243 "
 3903      E57C4129 
 3903      EB6077DC 
 3903      55F9B946 
 3903      7512CEA3 
 3904 0ceb 94CF23D8 		.ascii	"\224\317#\330\016\021W?%{g\230V7\363\211\352\317\002"
 3904      0E11573F 
 3904      257B6798 
 3904      5637F389 
 3904      EACF02
 3905 0cfe 22CF506C 		.ascii	"\"\317Pl+y\026\201\344S\275\306\307'N6\230,\3741\330"
 3905      2B791681 
 3905      E453BDC6 
 3905      C7274E36 
 3905      982CFC31 
 3906 0d13 87DA228C 		.ascii	"\207\332\"\214\033\036\027\020($\"\036\342^\244\367"
 3906      1B1E1710 
 3906      2824221E 
 3906      E25EA4F7 
 3907 0d23 9FF09B76 		.ascii	"\237\360\233v\377'\015\253\270\367U\201\361\210\271"
 3907      FF270DAB 
 3907      B8F75581 
 3907      F188B9
 3908 0d32 B0A4688E 		.ascii	"\260\244h\216\2569.\321\230,E&d\011R(a\256\255\335\222"
 3908      AE392ED1 
 3908      982C4526 
 3908      64095228 
 3908      61AEADDD 
 3909 0d47 BD5CF29E 		.ascii	"\275\\\362\236\377\305\004\276!r\223\330\310@\3055\225"
 3909      FFC504BE 
 3909      217293D8 
 3909      C840C535 
 3909      95
 3910 0d58 877D3AC9 		.ascii	"\207}:\3112\015\204\200\334\246\016I\263V\242Y[N\255"
 3910      320D8480 
 3910      DCA60E49 
 3910      B356A259 
 3910      5B4EAD
 3911 0d6b 5559B8EF 		.ascii	"UY\270\357\257\262\2544\213d\277|a\030\357\264\"9(_"
 3911      AFB2AC34 
 3911      8B64BF7C 
 3911      6118EFB4 
 3911      2239285F 
 3912 0d7f 18421A90 		.ascii	"\030B\032\220\331if\364\306\336k\207B\375\333\366:\242"
 3912      D96966F4 
 3912      C6DE6B87 
 3912      42FDDBF6 
 3912      3AA2
 3913 0d91 6BDBA459 		.ascii	"k\333\244Y\026\034D.\243`\233|\026A\332\361\354&\216"
ARM GAS  C:\Users\angio\AppData\Local\Temp\ccSeXO4x.s 			page 147


 3913      161C442E 
 3913      A3609B7C 
 3913      1641DAF1 
 3913      EC268E
 3914 0da4 6E1C7770 		.ascii	"n\034wp\334\307\361\020\307\224`T\375\354\221\357:\273"
 3914      DCC7F110 
 3914      C7946054 
 3914      FDEC91EF 
 3914      3ABB
 3915 0db6 C5A14323 		.ascii	"\305\241C#\207\352&\355\216\355-\027^\256\341\223v="
 3915      87EA26ED 
 3915      8EED2D17 
 3915      5EAEE193 
 3915      763D
 3916 0dc8 817202DF 		.ascii	"\201r\002\337inl \352\324\350\231\305\247\006b\266{"
 3916      696E6C20 
 3916      EAD4E899 
 3916      C5A70662 
 3916      B67B
 3917 0dda 61D4C297 		.ascii	"a\324\302\227\033\365j\002\2530#\225\014\204\204w\022"
 3917      1BF56A02 
 3917      AB302395 
 3917      0C848477 
 3917      12
 3918 0deb D84DA086 		.ascii	"\330M\240\206\300.\002{\011T\021\330A`\037\201=\004"
 3918      C02E027B 
 3918      095411D8 
 3918      41601F81 
 3918      3D04
 3919 0dfd AA89DC21 		.ascii	"\252\211\334!\037i\312\267z)\307jS\327\214\307\032h"
 3919      1F69CAB7 
 3919      7A29C76A 
 3919      53D78CC7 
 3919      1A68
 3920 0e0f B3176813 		.ascii	"\263\027h\023\321@\0174\3206?\2322&;G\305\224ya\326"
 3920      D1400F34 
 3920      D0363F9A 
 3920      32263B47 
 3920      C5947961 
 3921 0e24 EA143DD4 		.ascii	"\352\024=\324\024U\370S\3421\311\324\024y\374\025qL"
 3921      1455F853 
 3921      E231C9D4 
 3921      1479FC15 
 3921      714C
 3922 0e36 AFA6678B 		.ascii	"\257\246g\213?k\216\351\3230\033\375\343\217\204\310"
 3922      3F6B8EE9 
 3922      D3301BFD 
 3922      E38F84C8 
 3923 0e46 BE60811C 		.ascii	"\276`\201\034\2409\024{2.\255\016\363y\311G\340\200"
 3923      A039147B 
 3923      322EAD0E 
 3923      F379C947 
 3923      E080
 3924 0e58 56930557 		.ascii	"V\223\005W\233;u\213\302\001M[\035-\312\223T\213qI\321"
 3924      9B3B758B 
 3924      C2014D5B 
 3924      1D2DCA93 
ARM GAS  C:\Users\angio\AppData\Local\Temp\ccSeXO4x.s 			page 148


 3924      548B7149 
 3925 0e6d A1348295 		.ascii	"\2414\202\225@a\265Gf\263fTG`?\201\303\0012\333u`\375"
 3925      4061B547 
 3925      66B36654 
 3925      47603F81 
 3925      C30132DB 
 3926 0e84 471481CC 		.ascii	"G\024\201\314\3260\004\317\261\032T-\371+\011|\213\311"
 3926      D63004CF 
 3926      B11A542D 
 3926      F92B097C 
 3926      8BC9
 3927 0e96 3FC85098 		.ascii	"?\310P\230\374C\004\352\211\262J\207\360y \220\213\350"
 3927      FC4304EA 
 3927      89B24A87 
 3927      F0792090 
 3927      8BE8
 3928 0ea8 CD551C1D 		.ascii	"\315U\034\035\224\213y\335\374\27263-J\276\177X\247"
 3928      948B79DD 
 3928      FCBA3633 
 3928      2D4ABE7F 
 3928      58A7
 3929 0eba EC1FEAD8 		.ascii	"\354\037\352\330\336\340d\377\225\326@\340\010a/BO2"
 3929      DEE064FF 
 3929      95D640E0 
 3929      08612F42 
 3929      4F32
 3930 0ecc 6327089C 		.ascii	"c'\010\234\"pZ)\252\365\362\036\243\216\355CN\006*\205"
 3930      22705A29 
 3930      AAF5F21E 
 3930      A38EED43 
 3930      4E062A85 
 3931 0ee0 AE8A12EE 		.ascii	"\256\212\022\356\373\011\021\216\023=F\3162}\201\342"
 3931      FB09118E 
 3931      133D46CE 
 3931      327D81E2 
 3932 0ef0 B9536C8C 		.ascii	"\271Sl\214\364\263Z\033\300*\271\205N\3650\247Z\237"
 3932      F4B35A1B 
 3932      C02AB985 
 3932      4EF530A7 
 3932      5A9F
 3933 0f02 94B684D2 		.ascii	"\224\266\204\322\325\321\315\026\306\335g\206\312\013"
 3933      D5D1CD16 
 3933      C6DD6786 
 3933      CA0B
 3934 0f10 63970867 		.ascii	"c\227\010g\0114=\315+\201BP\373\367\004\316\0238'\257"
 3934      09343DCD 
 3934      2B814250 
 3934      FBF704CE 
 3934      133827AF 
 3935 0f24 849EA615 		.ascii	"\204\236\246\025n\346S#\201cL\213\202V\265x\032e\310"
 3935      6EE65323 
 3935      81634C8B 
 3935      8256B578 
 3935      1A65C8
 3936 0f37 5511CE30 		.ascii	"U\021\3160\010o\332\012\204<\246\374^\232q#\273\014"
 3936      086FDA0A 
 3936      843CA6FC 
ARM GAS  C:\Users\angio\AppData\Local\Temp\ccSeXO4x.s 			page 149


 3936      5E9A7123 
 3936      BB0C
 3937 0f49 86EA3FB4 		.ascii	"\206\352?\264+\320\\\237[a\240<Q\360(\201\016_\0134"
 3937      2BD05C9F 
 3937      5B61A03C 
 3937      51F02881 
 3937      0E5F0B34 
 3938 0f5d 688FF6F2 		.ascii	"h\217\366\362\325k9\201\"\006Q\\Y\250\225tf\006\017"
 3938      D56B3981 
 3938      2206515C 
 3938      59A89574 
 3938      66060F
 3939 0f70 FE5202F9 		.ascii	"\376R\002\371\376\0309\372\353W\316\015\365\340r\237"
 3939      FE1839FA 
 3939      EB57CE0D 
 3939      F5E0729F 
 3940 0f80 45600603 		.ascii	"E`\006\003\321\226.@&\205d\020\346M\373*\325\233f\221"
 3940      D1962E40 
 3940      26856410 
 3940      E64DFB2A 
 3940      D59B6691 
 3941 0f94 42146FCE 		.ascii	"B\024o\316\211\252\30775\217W\020"
 3941      89AAC737 
 3941      358F5710 
 3942 0fa0 3DA65E9B 		.ascii	"=\246^\233\252\253\367OwG\244\205@\016\201Y\276\246"
 3942      AAABF74F 
 3942      7747A485 
 3942      400E8159 
 3942      BEA6
 3943 0fb2 B2B9A946 		.ascii	"\262\271\251Fy\361\307\345\270[\324SnU\325te\036\344"
 3943      79F1C7E5 
 3943      B85BD453 
 3943      6E55D574 
 3943      651EE4
 3944 0fc5 AEE3F6E6 		.ascii	"\256\343\366\346\224\027\346\244\256Q\025dqE\261p\301"
 3944      9417E6A4 
 3944      AE511564 
 3944      7145B170 
 3944      C1
 3945 0fd6 CBF5A31A 		.ascii	"\313\365\243\032\246+{\315\\\245\360\216\211~ \316\371"
 3945      A62B7BCD 
 3945      5CA5F08E 
 3945      897E20CE 
 3945      F9
 3946 0fe7 81B61B39 		.ascii	"\201\266\0339\353o\214\023Z\264\237\353Y@`\216\227\261"
 3946      EB6F8C13 
 3946      5AB49FEB 
 3946      5940608E 
 3946      97B1
 3947 0ff9 4CE25357 		.ascii	"L\342SWGD8"
 3947      474438
 3948 1000 2CB2978E 		.ascii	",\262\227\216\035\254\262\232\011t\021\270B\240\205"
 3948      1DACB29A 
 3948      097411B8 
 3948      42A085
 3949 100f C0450237 		.ascii	"\300E\0027\010\334$p\225\300%\002\255\004:\011\\&\320"
 3949      08DC2470 
ARM GAS  C:\Users\angio\AppData\Local\Temp\ccSeXO4x.s 			page 150


 3949      95C02502 
 3949      AD043A09 
 3949      5C26D0
 3950 1022 4EA08DC0 		.ascii	"N\240\215\300u\002\327\344I\325\265TNY\266\010\271\276"
 3950      7502D7E4 
 3950      49D5B554 
 3950      4E59B608 
 3950      B9BE
 3951 1034 71E49DC0 		.ascii	"q\344\235\300sN\246\215\225\336\346\037G\031tM\316\031"
 3951      734EA68D 
 3951      95DEE61F 
 3951      4719744D 
 3951      CE19
 3952 1046 B68952A6 		.ascii	"\266\211R\246\207w\016\255\343\343\314\273\233ul\241"
 3952      87770EAD 
 3952      E3E3CCBB 
 3952      9B756CA1 
 3953 1056 39D2CF83 		.ascii	"9\322\317\203\333\377{\017Hz\210@f\206P\345\215\013"
 3953      DBFF7B0F 
 3953      487A8840 
 3953      668650E5 
 3953      8D0B
 3954 1068 8E17FAFC 		.ascii	"\216\027\372\374Xr\233\300\035e\003P\314@{6\255\033"
 3954      58729BC0 
 3954      1D650350 
 3954      CC407B36 
 3954      AD1B
 3955 107a ECFD23C0 		.ascii	"\354\375#\300]\015\203\367W\3548\277Q\327k\357i\276"
 3955      5D0D83F7 
 3955      57EC38BF 
 3955      51D76BEF 
 3955      69BE
 3956 108c DE57363E 		.ascii	"\336W6>#\310f\264\271\035G5\216\375L\355w\351\333\263"
 3956      23C866B4 
 3956      B91D4735 
 3956      8EFD4CED 
 3956      77E9DBB3 
 3957 10a0 82FC97F8 		.ascii	"\202\374\227\370^\342\365~L\3325e\332L\221\365\350\212"
 3957      5EE2F57E 
 3957      4CDA3565 
 3957      DA4C91F5 
 3957      E88A
 3958 10b2 5357D3DE 		.ascii	"SW\323\336\340]\3611\201G\004\372\002ui\257\207\207"
 3958      E05DF131 
 3958      814704FA 
 3958      027569AF 
 3958      8787
 3959 10c4 870C84DA 		.ascii	"\207\014\204\332\2360\307\0373\303s\026|\033\344\377"
 3959      9E30C71F 
 3959      33C37316 
 3959      7C1BE4FF 
 3960 10d4 9CE196BC 		.ascii	"\234\341\226\274\240SC)\363\317\325\367z\237\343\372"
 3960      A0534329 
 3960      F3CFD5F7 
 3960      7A9FE3FA 
 3961 10e4 931D4AC5 		.ascii	"\223\035J\305\227O?\323\027\340\211r\232\204\030\024"
 3961      974F3FD3 
ARM GAS  C:\Users\angio\AppData\Local\Temp\ccSeXO4x.s 			page 151


 3961      17E08972 
 3961      9A841814 
 3962 10f4 9F2A41BA 		.ascii	"\237*A\272D\026\204\012d)\205K\313j\013\013,\221\376"
 3962      4416840A 
 3962      6429854B 
 3962      CB6A0B0B 
 3962      2C91FE
 3963 1107 0F8E9912 		.ascii	"\017\216\231\022\314\220\330\376S\342m\255\002\033\344"
 3963      CC90D8FE 
 3963      53E26DAD 
 3963      021BE4
 3964 1116 1FD2987B 		.ascii	"\037\322\230{\274k\341m\237\256\265\232\021\250\315"
 3964      BC6BE16D 
 3964      9FAEB59A 
 3964      11A8CD
 3965 1125 5A981BEE 		.ascii	"Z\230\033\356\377P\230\345\245\220o\256\200lF\";p\354"
 3965      FF5098E5 
 3965      A5906FAE 
 3965      806C4622 
 3965      3B70EC
 3966 1138 65A2E5E9 		.ascii	"e\242\345\351K\363B\374\271\347J\372m\325\021\204\237"
 3966      4BF342FC 
 3966      B9E74AFA 
 3966      6DD51184 
 3966      9F
 3967 1149 64F07DC7 		.ascii	"d\360}\307\016\334\362)\217<\011\346Iry\\\342:\257o"
 3967      0EDCF229 
 3967      8F3C09E6 
 3967      4972795C 
 3967      E23AAF6F 
 3968 115d DD6FF406 		.ascii	"\335o\364\006\315\327@\010\270\263d\306\012\223V\037"
 3968      CDD74008 
 3968      B8B364C6 
 3968      0A93561F 
 3969 116d 0B24AD0D 		.ascii	"\013$\255\015\"Sr\233j1\367<\356\3136h\353\337\221\022"
 3969      2253729B 
 3969      6A31F73C 
 3969      EECB3668 
 3969      EBDF9112 
 3970 1181 79FD9B27 		.ascii	"y\375\233'B\276\004\213%\3375\311o)\312c(t\242P\202"
 3970      42BE048B 
 3970      25DF35C9 
 3970      6F29CA63 
 3970      2874A250 
 3971 1196 02091649 		.ascii	"\002\011\026I\362\\=\\\303\027\267\205\022]\000u\212"
 3971      F25C3D5C 
 3971      C317B785 
 3971      125D0075 
 3971      8A
 3972 11a7 747BA17A 		.ascii	"t{\241zy\221DL\213\037\206\255\177\031\265\327.X\374"
 3972      7991444C 
 3972      8B1F86AD 
 3972      7F19B5D7 
 3972      2E58FC
 3973 11ba D7BFF901 		.ascii	"\327\277\371\001\214\222\007\030\277\3340\201,\016\243"
 3973      8C920718 
 3973      BFDC3081 
ARM GAS  C:\Users\angio\AppData\Local\Temp\ccSeXO4x.s 			page 152


 3973      2C0EA3
 3974 11c9 925BAE14 		.ascii	"\222[\256\0244Z,\315~\217\017\305\222\327\343\203\371"
 3974      345A2CCD 
 3974      7E8F0FC5 
 3974      92D7E383 
 3974      F9
 3975 11da C4DAC20C 		.ascii	"\304\332\302\014\266-\345keZ\345\320yn\266V.\221`\256"
 3975      B62DE56B 
 3975      655AE5D0 
 3975      796EB656 
 3975      2E9160AE 
 3976 11ee 04CB259F 		.ascii	"\004\313%\2375\250\205\366\306\022\344\235\217\230o"
 3976      35A885F6 
 3976      C612E49D 
 3976      8F986F
 3977 11fd 24286218 		.ascii	"$(b\030\245`6y5\276A\002\314\222\350>\012\2262\024\232"
 3977      A5603679 
 3977      35BE4102 
 3977      CC92E83E 
 3977      0A963214 
 3978 1212 5D26C10A 		.ascii	"]&\301\012\334\254\313Q\362\264\313\021\230#A\016\203"
 3978      DCACCB51 
 3978      F2B4CB11 
 3978      9823410E 
 3978      83
 3979 1223 F8EE3D49 		.ascii	"\370\356=I\011\363\246|j\361\036C\244\237\332o\003\250"
 3979      09F3A67C 
 3979      6AF11E43 
 3979      A49FDA6F 
 3979      03A8
 3980 1235 E5AF8580 		.ascii	"\345\257\205\200l\303P\354\302QO\025\030wW\347\317\242"
 3980      6CC350EC 
 3980      C2514F15 
 3980      187757E7 
 3980      CFA2
 3981 1247 79A6A9A9 		.ascii	"y\246\251\251\227\327\221\273\000k$(\3637\252\305\273"
 3981      97D791BB 
 3981      006B2428 
 3981      F337AAC5 
 3981      BB
 3982 1258 54A22EC1 		.ascii	"T\242.\301j\006C;\353$X+\317\233\256\003k>\241Z\370"
 3982      6A06433B 
 3982      EB24582B 
 3982      CF9BAE03 
 3982      6B3EA15A 
 3983 126d 6EA0CC37 		.ascii	"n\240\3147N\344$#>k\323\321\032C\244\237\302\365\276"
 3983      4EE42423 
 3983      3E6BD3D1 
 3983      1A43A49F 
 3983      C2F5BE
 3984 1280 0AC945A4 		.ascii	"\012\311E\244z\025\307=&6\367v\311\255\320\220\346~"
 3984      7A15C73D 
 3984      2636F776 
 3984      C9ADD090 
 3984      E67E
 3985 1292 1EA5707A 		.ascii	"\036\245pzo,\3321=hh$f\243'\367a\313\206\021\362\006"
 3985      6F2CDA31 
ARM GAS  C:\Users\angio\AppData\Local\Temp\ccSeXO4x.s 			page 153


 3985      3D686824 
 3985      66A327F7 
 3985      61CB8611 
 3986 12a8 679304E5 		.ascii	"g\223\004\345\022l\361\255$\277\256\263\221\201\320"
 3986      126CF1AD 
 3986      24BFAEB3 
 3986      9181D0
 3987 12b7 FE66667C 		.ascii	"\376ff|M85ZU\321\275\321\342\337\241\266za\013\310\200"
 3987      4D38355A 
 3987      55D1BDD1 
 3987      E2DFA1B6 
 3987      7A610BC8 
 3988 12cc 1277FB89 		.ascii	"\022w\373\2110\365A\206\327\315\234\323/\313u\223-A"
 3988      30F54186 
 3988      D7CD9CD3 
 3988      2FCB7593 
 3988      2D41
 3989 12de 06DAD76A 		.ascii	"\006\332\327jb\225oM\034\024\241Nd\217|\333\231\336"
 3989      62956F4D 
 3989      1C14A14E 
 3989      648F7CDB 
 3989      99DE
 3990 12f0 1D12EC94 		.ascii	"\035\022\354\224`\233\004\273$\250\224\240J\202\357"
 3990      609B04BB 
 3990      24A894A0 
 3990      4A82EF
 3991 12ff 24D82D87 		.ascii	"$\330-\207\331sH\336\237\247I\360\200I(\256\365\350"
 3991      D97348DE 
 3991      9FA749F0 
 3991      804928AE 
 3991      F5E8
 3992 1311 96BDA565 		.ascii	"\226\275\245e|E\363H\260\212\031\347q\326o\315VS\010"
 3992      7C45F348 
 3992      B08A19E7 
 3992      71D66FCD 
 3992      565308
 3993 1324 2DDA9512 		.ascii	"-\332\225\022\314f\030^D\372\242\365\234\223\365t\343"
 3993      CC66185E 
 3993      44FAA2F5 
 3993      9C93F574 
 3993      E3
 3994 1335 D64BA418 		.ascii	"\326K\244\030\276\354\311\273\031y\332~'3\232.\301\024"
 3994      BEECC9BB 
 3994      1979DA7E 
 3994      27339A2E 
 3994      C114
 3995 1347 C98F11DF 		.ascii	"\311\217\021\337\032\234\251\3475v\237\300-/\326\365"
 3995      1A9CA9E7 
 3995      35769FC0 
 3995      2D2FD6F5 
 3996 1357 6A1FE9BA 		.ascii	"j\037\351\272V\3061\025\310\303K\317!m\031.\330\337"
 3996      56C63115 
 3996      C8C34BCF 
 3996      216D192E 
 3996      D8DF
 3997 1369 D9698EF4 		.ascii	"\331i\216\364\213\335\262\247\307\216\376\012~j\366"
 3997      8BDDB2A7 
ARM GAS  C:\Users\angio\AppData\Local\Temp\ccSeXO4x.s 			page 154


 3997      C78EFE0A 
 3997      7E6AF6
 3998 1378 D69097E9 		.ascii	"\326\220\227\351\353\344Sy3\016\006\247\271\253\007"
 3998      EBE45379 
 3998      330E06A7 
 3998      B9AB07
 3999 1387 017D2A61 		.ascii	"\001}*ao}\270&\001\317\204/\312\351\377\240\250\333"
 3999      6F7DB826 
 3999      01CF842F 
 3999      CAE9FFA0 
 3999      A8DB
 4000 1399 915DA87B 		.ascii	"\221]\250{|\277\252\275\030\331#1u]\355\217\232t\377"
 4000      7CBFAABD 
 4000      18D92331 
 4000      755DED8F 
 4000      9A74FF
 4001 13ac 41A3512B 		.ascii	"A\243Q+\312\275\034P:\317sW\007\330\246i\330\307\001"
 4001      CABD1C50 
 4001      3ACF7357 
 4001      07D8A669 
 4001      D8C701
 4002 13bf 4B0EDEBF 		.ascii	"K\016\336\277\313\177\005\253\352\357-\373\346\233\275"
 4002      CB7F05AB 
 4002      EAEF2DFB 
 4002      E69BBD
 4003 13ce 1E83FAE3 		.ascii	"\036\203\372\343\022\256\341\212\212Z\254\310\3410\202"
 4003      12AEE18A 
 4003      8A5AACC8 
 4003      E13082
 4004 13dd BEDB2D79 		.ascii	"\276\333-y\270\203\014\3401\3713,&\252\232\003\022\203"
 4004      B8830CE0 
 4004      31F9332C 
 4004      26AA9A03 
 4004      1283
 4005 13ef F1B5DF88 		.ascii	"\361\265\337\210\310\225\3332\017\006\005Rv\220)\253"
 4005      C895DB32 
 4005      0F060552 
 4005      769029AB 
 4006 13ff 9318D2C4 		.ascii	"\223\030\322\304Z\306\333\364\215\366\245\253\325\341"
 4006      5AC6DBF4 
 4006      8DF6A5AB 
 4006      D5E1
 4007 140d 7ACDF512 		.ascii	"z\315\365\022\034\242?$\034\226\230\014\356%\302\005"
 4007      1CA23F24 
 4007      1C96980C 
 4007      EE25C205 
 4008 141d 52CB664B 		.ascii	"R\313fKVuM!\375/\006\320\300}\313\315<\361&{\031\216"
 4008      56754D21 
 4008      FD2F06D0 
 4008      C07DCBCD 
 4008      3CF1267B 
 4009 1433 0F92F46D 		.ascii	"\017\222\364m\374\331Y\213f\230\002\274\013?\216\252"
 4009      FCD9598B 
 4009      669802BC 
 4009      0B3F8EAA 
 4010 1443 8E49F24F 		.ascii	"\216I\362O\277MO6<z\255\206\375\364\233[\213\217AXp"
 4010      BF4D4F36 
ARM GAS  C:\Users\angio\AppData\Local\Temp\ccSeXO4x.s 			page 155


 4010      3C7AAD86 
 4010      FDF49B5B 
 4010      8B8F4158 
 4011 1458 7C0183A3 		.ascii	"|\001\203\243\022\234\240g\312O!m\203\311\342\010?\273"
 4011      129CA067 
 4011      CA4F216D 
 4011      83C9E208 
 4011      3FBB
 4012 146a EC07FB1D 		.ascii	"\354\007\373\035\3337\344\231\370\217\347\273\243\350"
 4012      DB37E499 
 4012      F88FE7BB 
 4012      A3E8
 4013 1478 6F342765 		.ascii	"o4'e\035\247$8-\341\231\242\343\302`\262<\260\016\317"
 4013      1DA72438 
 4013      2DE199A2 
 4013      E3C260B2 
 4013      3CB00ECF 
 4014 148c D96D2932 		.ascii	"\331m)2\007\224o\224\345\317Hp\026\363\254\312\327\017"
 4014      07946F94 
 4014      E5CF4870 
 4014      16F3ACCA 
 4014      D70F
 4015 149e 265BFB91 		.ascii	"&[\373\221\337\245\227\377^\226o\222\340\234\204g\212"
 4015      DFA597FF 
 4015      5E966F92 
 4015      E09C8467 
 4015      8A
 4016 14af FCA9C1A4 		.ascii	"\374\251\301\244\246\037\371\016\275\374yY\376\202\004"
 4016      A61FF90E 
 4016      BDFC7959 
 4016      FE8204
 4017 14be CD129E29 		.ascii	"\315\022\236)\362{\006\223\306\010\2014\341h\241z,\253"
 4017      F27B0693 
 4017      C6088134 
 4017      E168A17A 
 4017      2CAB
 4018 14d0 4A578C65 		.ascii	"JW\214e\217O\274\011u\227{/^m\276M\231=\367\324(\357"
 4018      8F4FBC09 
 4018      75977B2F 
 4018      5E6DBE4D 
 4018      993DF7D4 
 4019 14e6 105B18C2 		.ascii	"\020[\030\302\377\225@\327\232\022\016\251\021\341\242"
 4019      FF9540D7 
 4019      9A120EA9 
 4019      11E1A2
 4020 14f5 1746FF46 		.ascii	"\027F\377F\244R^\272p\247p\311_\221\327*\"\257V'\200"
 4020      A4525EBA 
 4020      70A770C9 
 4020      5F91D72A 
 4020      22AF5627 
 4021 150a C270EA5D 		.ascii	"\302p\352]\306\331%\301\025\011Z\345\211\372\270\347"
 4021      C6D925C1 
 4021      15095AE5 
 4021      89FAB8E7 
 4022 151a 58159FE5 		.ascii	"X\025\237\345Uz\201S\375\012\224\357>\267\223h3\355"
 4022      557A8153 
 4022      FD0A94EF 
ARM GAS  C:\Users\angio\AppData\Local\Temp\ccSeXO4x.s 			page 156


 4022      3EB79368 
 4022      33ED
 4023 152c 9A66FD3A 		.ascii	"\232f\375:\257\3063\207\233\016\203\356]\234\006h\347"
 4023      AFC63387 
 4023      9B0E83EE 
 4023      5D9C0668 
 4023      E7
 4024 153d 80EC4D97 		.ascii	"\200\354M\227\362\303t&\377\306\316\002\321\2317r\257"
 4024      F2C37426 
 4024      FFC6CE02 
 4024      D1993772 
 4024      AF
 4025 154e F0DE5015 		.ascii	"\360\336P\025@\035i\303\214\334`\231-\317Z\225#\371"
 4025      401D69C3 
 4025      8CDC6099 
 4025      2DCF5A95 
 4025      23F9
 4026 1560 FF36DC29 		.ascii	"\3776\334)y\3756l\\\222[>\313\344\365\273\206l\277\005"
 4026      79FD366C 
 4026      5C925B3E 
 4026      CBE4F5BB 
 4026      866CBF05 
 4027 1574 A09BD9BF 		.ascii	"\240\233\331\277-\301-y\011\3509[\324\351\340\333\262"
 4027      2DC12D79 
 4027      09E8395B 
 4027      D4E9E0DB 
 4027      B2
 4028 1585 2E096E4A 		.ascii	".\011nJ\024\341\277-\363tLao\372\371&\266\333w\023K"
 4028      14E1BF2D 
 4028      F3744C61 
 4028      6FFAF926 
 4028      B6DB7713 
 4029 159a DF4FA665 		.ascii	"\337O\246e;\375\367R\227|-\"rWqe\216\376u\275f\357."
 4029      3BFDF752 
 4029      977C2D22 
 4029      72577165 
 4029      8EFE75BD 
 4030 15b1 8F5E5AE3 		.ascii	"\217^Z\343\3513\272\275e\267\326\012\357I\362/h\323"
 4030      E933BABD 
 4030      65B7D60A 
 4030      EF49F22F 
 4030      68D3
 4031 15c3 9A1FFC48 		.ascii	"\232\037\374HCTk*\356s\025\213{\016_\322\375o\222\033"
 4031      43546B2A 
 4031      EE73158B 
 4031      7B0E5FD2 
 4031      FD6F921B 
 4032 15d7 DAEF073D 		.ascii	"\332\357\007=4\244\267\"x\033\213d\315)\037\310c\371"
 4032      34A4B722 
 4032      781B8B64 
 4032      CD291FC8 
 4032      63F9
 4033 15e9 C200942D 		.ascii	"\302\000\224-\234\331{\333\034\250\257=a}\355\261\204"
 4033      9CD97BDB 
 4033      1CA8AF3D 
 4033      617DEDB1 
 4033      84
ARM GAS  C:\Users\angio\AppData\Local\Temp\ccSeXO4x.s 			page 157


 4034 15fa 98998F3D 		.ascii	"\230\231\217=+D}/{$\301C:\347\372$\206c\277\245W\037"
 4034      2B447D2F 
 4034      7B24C143 
 4034      3AE7FA24 
 4034      8663BFA5 
 4035 1610 DE675631 		.ascii	"\336gV1K\3741/\317c\377?\245aCHZqU\332\020p\033\240"
 4035      4BFC312F 
 4035      CF63FF3F 
 4035      A5614348 
 4035      5A7155DA 
 4036 1628 57821E50 		.ascii	"W\202\036P\201\017$H\372\342\330 2\375\031\276\361\312"
 4036      810F2448 
 4036      FAE2D820 
 4036      32FD19BE 
 4036      F1CA
 4037 163a E5BFD13D 		.ascii	"\345\277\321=\203\312\267]\331q@\012Dr\232\201\222\234"
 4037      83CAB75D 
 4037      D971400A 
 4037      44729A81 
 4037      929C
 4038 164c 6AA04D73 		.ascii	"j\240Msi\345\026\213\236d\272\001\331#f\272\201\341"
 4038      69E5168B 
 4038      9E64BA01 
 4038      D92366BA 
 4038      81E1
 4039 165e D8A2713D 		.ascii	"\330\242q=\247\030\364$}1\224\244\347p\211;3\002\031"
 4039      A718F424 
 4039      7D3194A4 
 4039      E770893B 
 4039      330219
 4040 1671 66308669 		.ascii	"f0\206i\242\212\232b@\206\371\203P\321\206s\231\035"
 4040      A28A9A62 
 4040      4086F983 
 4040      50D18673 
 4040      991D
 4041 1683 BA1F3E0F 		.ascii	"\272\037>\017i\021\237\301-=\352\352\233\253{\245|_"
 4041      69119FC1 
 4041      2D3DEAEA 
 4041      9BAB7BA5 
 4041      7C5F
 4042 1695 03CCE480 		.ascii	"\003\314\344\200\245\367o\0360E\372M\354\376\347\351"
 4042      A5F76F1E 
 4042      3045FA4D 
 4042      ECFEE7E9 
 4043 16a5 F54DEB2A 		.ascii	"\365M\353*t\032\263\014\252\306l\256\361f\307\311\033"
 4043      741AB30C 
 4043      AAC66CAE 
 4043      F166C7C9 
 4043      1B
 4044 16b6 61010A89 		.ascii	"a\001\012\211\3760\244\226\322\305\031\345\307u\345"
 4044      FE30A496 
 4044      D2C519E5 
 4044      C775E5
 4045 16c5 384BD332 		.ascii	"8K\3232\233ki\250\333\337\252/G\255\330r8\240\256\311"
 4045      9B6B69A8 
 4045      DBDFAA2F 
 4045      47ADD872 
ARM GAS  C:\Users\angio\AppData\Local\Temp\ccSeXO4x.s 			page 158


 4045      38A0AEC9 
 4046 16d9 F348B732 		.ascii	"\363H\2672\037\321<\313\345\200\352\243g\316\353~}j"
 4046      1FD13CCB 
 4046      E580EAA3 
 4046      67CEEB7E 
 4046      7D6A
 4047 16eb D5007338 		.ascii	"\325\000s8\2404'\277[\267;\250\321\000s\021@\346<\303"
 4047      A03427BF 
 4047      5BB73BA8 
 4047      D1007311 
 4047      40E63CC3 
 4048 16ff AB3318A1 		.ascii	"\2533\030\241'N\036\277\034p\011\237\317\022?\217&>"
 4048      274E1EBF 
 4048      1C70099F 
 4048      CF123F8F 
 4048      263E
 4049 1711 3B6BFF1D 		.ascii	";k\377\035\203>\361J\243^``8j\362\3417\371\233\303\364"
 4049      833EF14A 
 4049      A35E6060 
 4049      386AF2E1 
 4049      37F99BC3 
 4050 1726 89F7C5B0 		.ascii	"\211\367\305\260\304W\256\342\211_\310\022\237!\252"
 4050      C457AEE2 
 4050      895FC812 
 4050      9F21AA
 4051 1735 A83C9AF8 		.ascii	"\250<\232\370\305\317\222B\231Z\030+\320.~\022J\367"
 4051      C5CF9242 
 4051      995A182B 
 4051      D02E7E12 
 4051      4AF7
 4052 1747 115BD216 		.ascii	"\021[\322\026\005\007\342\271\204\361,\244<WO]\277\336"
 4052      0507E2B9 
 4052      84F12CA4 
 4052      3C574F5D 
 4052      BFDE
 4053 1759 6B161518 		.ascii	"k\026\025\030`\261\201\356\303\015\014Gyn[s{\271E\317"
 4053      60B181EE 
 4053      C30D0C47 
 4053      796E5B73 
 4053      7BB945CF 
 4054 176d D317C378 		.ascii	"\323\027\303x\366\310<\213\030\317\034QE-\242<\253\007"
 4054      F6C83C8B 
 4054      18CF1C51 
 4054      452DA23C 
 4054      AB07
 4055 177f A2A2CAEE 		.ascii	"\242\242\312\356\252)AZ\214\367k\373\247o\270\245\364"
 4055      AA29415A 
 4055      8CF76BFB 
 4055      A76FB8A5 
 4055      F4
 4056 1790 FAD62C5D 		.ascii	"\372\326,]\317\230\255\001\226q\300\261\202\334\003"
 4056      CF98AD01 
 4056      9671C0B1 
 4056      82DC03
 4057 179f 3AC0792D 		.ascii	":\300y-K%\034\260zk\321\036\335/\253;5\015\313i\032"
 4057      4B251CB0 
 4057      7A6BD11E 
ARM GAS  C:\Users\angio\AppData\Local\Temp\ccSeXO4x.s 			page 159


 4057      DD2FAB3B 
 4057      350DCB69 
 4058 17b4 57CAD3B8 		.ascii	"W\312\323\270\215\375\037\200\246\015\205\246@\361Y"
 4058      8DFD1F80 
 4058      A60D85A6 
 4058      40F159
 4059 17c3 C9E27384 		.ascii	"\311\342s\204\376\346sd\371\354\206 }"
 4059      FEE67364 
 4059      F9EC8620 
 4059      7D
 4060 17d0 7CBE3560 		.ascii	"|\2765`\340\020Sj`8\252\347\373\205-\031^\361\361\305"
 4060      E010536A 
 4060      6038AAE7 
 4060      FB852D19 
 4060      5EF1F1C5 
 4061 17e4 B0F8AC29 		.ascii	"\260\370\254)\343\361Y\305\342\363\215\250\242V\320"
 4061      E3F159C5 
 4061      E2F38DA8 
 4061      A256D0
 4062 17f3 F8B8A304 		.ascii	"\370\270\243\0042\362M!(\332\2218\361-\373k\211\202"
 4062      32F24D21 
 4062      28DA9138 
 4062      F12DFB6B 
 4062      8982
 4063 1805 2526D9E1 		.ascii	"%&\331\341\262O~-q\264\020\021\023g\375k\252=\325n\265"
 4063      B24F7E2D 
 4063      71B41011 
 4063      1367FD6B 
 4063      AA3DD56E 
 4064 181a D9D9F7D0 		.ascii	"\331\331\367\320\327_\037\216\377b\342\342\307\307'"
 4064      D75F1F8E 
 4064      FF62E2E2 
 4064      C7C727
 4065 1829 3B478D1C 		.ascii	";G\215\0349rx\262s\270\3035\334\351\210\301\253\316"
 4065      397278B2 
 4065      73B8C335 
 4065      DCE988C1 
 4065      ABCE
 4066 183b 9838DBEB 		.ascii	"\2308\333\3531\346\017>\372l\310\230\221o\011\003\224"
 4066      31E60F3E 
 4066      FA6CC898 
 4066      916F0903 
 4066      94
 4067 184c 2BAFFF7C 		.ascii	"+\257\377|\364\210\267\307\2779>F0+\032-\252j\327\233"
 4067      F488B7C7 
 4067      BF393E46 
 4067      302B1A2D 
 4067      AA6AD79B 
 4068 1860 637EF9A7 		.ascii	"c~\371\2471T\3438W\252->\371O\223\222\035_:S\242c\354"
 4068      3154E338 
 4068      57AA2D3E 
 4068      F94F9392 
 4068      1D5F3A53 
 4069 1877 D654A7DD 		.ascii	"\326T\247\335\361\247O>}m\334\247\037\2761\352\203\321"
 4069      F1A74F3E 
 4069      7D6DDCA7 
 4069      1FBE31EA 
ARM GAS  C:\Users\angio\AppData\Local\Temp\ccSeXO4x.s 			page 160


 4069      83D1
 4070 1889 6F8DFEE4 		.ascii	"o\215\376\344\275\327>\372l\314\357\337\373\3677G\013"
 4070      BDD73EFA 
 4070      6CCCEFDF 
 4070      FBF73747 
 4070      0B
 4071 189a 3FEB8F4B 		.ascii	"?\353\217K|RLB\252\315\216w\022\342\235.\347\353q\302"
 4071      7C524C42 
 4071      AACD8E77 
 4071      12E29D2E 
 4071      E7EB71C2 
 4072 18ae 203496C2 		.ascii	" 4\226\302\2559\354\211\311\023\355\326\270\370\330"
 4072      AD39EC89 
 4072      C913EDD6 
 4072      B8F8D8
 4073 18bd 38BBD3F5 		.ascii	"8\273\323\365\014\275\341\210Ov\304\273\276\342t\"\375"
 4073      0CBDE188 
 4073      4F76C4BB 
 4073      BEE27422 
 4073      FD
 4074 18ce AE585D18 		.ascii	"\256X]\030\206q_9\177\237\034\363\345\373\216\344\304"
 4074      86715F39 
 4074      7F9F1CF3 
 4074      E5FB8EE4 
 4074      C4
 4075 18df B1E33E19 		.ascii	"\261\343>\031\366t\323\316\257\250\341\001L\362\263"
 4075      F674D3CE 
 4075      AFA8E101 
 4075      4CF2B3
 4076 18ee A4044D36 		.ascii	"\244\004M6$&\356?>\035\353|\327\221h\267\215\245\001"
 4076      2426EE3F 
 4076      3E1DEB7C 
 4076      D79168B7 
 4076      8DA501
 4077 1901 9E18EF70 		.ascii	"\236\030\357p\245F'X]\361\211vG\270\327\231\325e\260"
 4077      A5462758 
 4077      5DF18976 
 4077      47B8D799 
 4077      D565B0
 4078 1914 FE3A3939 		.ascii	"\376:99\341\225\247\333\233\350Bs\224\250=\361\375h"
 4078      E195A7DB 
 4078      9BE84273 
 4078      94A83DF1 
 4078      FD68
 4079 1926 A76B5C7C 		.ascii	"\247k\\|lRt\302X4fu\332\023\243S\342\222\035\366`\365"
 4079      6C5274C2 
 4079      58346675 
 4079      DA13A353 
 4079      E2921DF6 
 4080 193c C8EAFA21 		.ascii	"\310\352\372!\036\330\023Q\345sZ\350\342\2230\035.\353"
 4080      1ED81351 
 4080      E5735AE8 
 4080      E293301D 
 4080      2EEB
 4081 194e 787B5C7C 		.ascii	"x{\\|\222\355Y\277\353\321q\366h\333\000\253\025S\216"
 4081      92ED59BF 
 4081      EBD171F6 
ARM GAS  C:\Users\angio\AppData\Local\Temp\ccSeXO4x.s 			page 161


 4081      68DB00AB 
 4081      15538E
 4082 1961 518EB67D 		.ascii	"Q\216\266}%#\203\360\334\025G\257\230\371\227\325\365"
 4082      252383F0 
 4082      DC1547AF 
 4082      98F997D5 
 4082      F5
 4083 1972 F20F2923 		.ascii	"\362\017)#!\204\353\232\024\375\245=5\345\031\275bf"
 4083      2184EB9A 
 4083      14FDA53D 
 4083      35E519BD 
 4083      6266
 4084 1984 EA39E50A 		.ascii	"\3529\345\012\376\265\333R\023\354\0123\277\353\014"
 4084      FEB5DB52 
 4084      13EC0A33 
 4084      BFEB0C
 4085 1993 1E8CB189 		.ascii	"\036\214\261\211\211\373\204\312\217\015e\307\037$\217"
 4085      89FB84CA 
 4085      8F0D65C7 
 4085      1F248F
 4086 19a2 4BB0DB53 		.ascii	"K\260\333S\306\231]NW\264\013\203\022\245\277\374)&"
 4086      C6995D4E 
 4086      57B40B83 
 4086      12A5BFFC 
 4086      2926
 4087 19b4 2039D535 		.ascii	" 9\3255.\0243\031\237\344\262;&\322\254\030\022\235"
 4087      2E143319 
 4087      9FE4B23B 
 4087      26D2AC18 
 4087      129D
 4088 19c6 B1565708 		.ascii	"\261VW\010\003\376\221\021\033\027!+V\314\215\033\314"
 4088      03FE9111 
 4088      1B17212B 
 4088      56CC8D1B 
 4088      CC
 4089 19d7 2E8C757E 		.ascii	".\214u~\354\260\333\023S\\\361\311I\237\340\354\211"
 4089      ECB0DB13 
 4089      535CF1C9 
 4089      499FE0EC 
 4089      89
 4090 19e8 77D86DCF 		.ascii	"w\330m\317\260;\277I\326\356\204\263+\332y\250\214\370"
 4090      B03BBF49 
 4090      D6EE84B3 
 4090      2BDA79A8 
 4090      8CF8
 4091 19fa 3CDE9E60 		.ascii	"<\336\236`\223U\217\263'\330c\\\357\307;\234\256\010"
 4091      93558FB3 
 4091      27D8635C 
 4091      EFC73B9C 
 4091      AE08
 4092 1a0c AB757C6A 		.ascii	"\253u|j|\202+>\311j\237\234\202W\0151\311IN\227\224"
 4092      7C822B3E 
 4092      C96A9F9C 
 4092      82570D31 
 4092      C9494E97 
 4093 1a21 608F9E60 		.ascii	"`\217\236`JJ\306\370&Ob\005\366\233d$dw\215\265\360"
 4093      4A4AC6F8 
ARM GAS  C:\Users\angio\AppData\Local\Temp\ccSeXO4x.s 			page 162


 4093      264F6205 
 4093      F69B6424 
 4093      64778DB5 
 4094 1a36 93717868 		.ascii	"\223qxh\236\350\232\220\232\024cu\221\230\270\021\226"
 4094      9EE89A90 
 4094      9A146375 
 4094      9198B811 
 4094      96
 4095 1a47 C468748A 		.ascii	"\304ht\212g\005\377$\320\2227\271\350_\253\313\224\350"
 4095      6705FF24 
 4095      D09237B9 
 4095      E85FABCB 
 4095      94E8
 4096 1a59 9A4C670E 		.ascii	"\232Lg\016\235\253\211\251\330\012\314\366\024{\222"
 4096      9DAB89A9 
 4096      D80ACCF6 
 4096      147B92
 4097 1a68 2D3E2936 		.ascii	"->)6\330>\321\236\344J\214v~iu\2311\022,\377R\222}\262"
 4097      D83ED19E 
 4097      E44A8C76 
 4097      7E697599 
 4097      31122CFF 
 4098 1a80 4B4A71D8 		.ascii	"KJq\330'\232&E\307#\265X\023\012R\005A\362\267\325\005"
 4098      279A2645 
 4098      C723B558 
 4098      130A5205 
 4098      41F2B7D5 
 4099 1a95 A946FB24 		.ascii	"\251F\373$*g\234\344B\355)\370\205\345\225brRu\316X"
 4099      2A679CE4 
 4099      42ED29F8 
 4099      85E59562 
 4099      725275CE 
 4100 1aaa C32497CB 		.ascii	"\303$\227\313\2212@.\017\207}\202\335aO\302\371\357"
 4100      9132402E 
 4100      0F877D82 
 4100      DD614FC2 
 4100      F9EF
 4101 1abc 425CF2F8 		.ascii	"B\\\362\370\277\244\230\355\223\343]1\3116\273\321a"
 4101      BFA498ED 
 4101      93E35D31 
 4101      C936BBD1 
 4101      61
 4102 1acd FB0AF1AF 		.ascii	"\373\012\361\257>\275zQ\014\303C\347\240\204\372\234"
 4102      3EBD7A51 
 4102      0CC343E7 
 4102      A084FA9C 
 4103 1add 2617FD8B 		.ascii	"&\027\375\213\371\233\220\020\035\213g\211\250\014\317"
 4103      F99B9010 
 4103      1D8B6789 
 4103      A80CCF
 4104 1aec 58E28D93 		.ascii	"X\342\215\223\242\307G;\355\026\247\353\313\350\004"
 4104      A2C7473B 
 4104      ED16A7EB 
 4104      CBE804
 4105 1afb 9C375697 		.ascii	"\2347V\227\224\024\235h\227b\342\242\035\206\344IIv"
 4105      94149D68 
 4105      9762E2A2 
ARM GAS  C:\Users\angio\AppData\Local\Temp\ccSeXO4x.s 			page 163


 4105      1D86E449 
 4105      4976
 4106 1b0d 47183A92 		.ascii	"G\030:\222\354\244\205\356\212F^\241\272c\344\350`a"
 4106      ECA485EE 
 4106      8A465EA1 
 4106      BA63E4E8 
 4106      6061
 4107 1b1f 2031AEC9 		.ascii	" 1\256\311h*\326iLp`rb\314\251\030\3407Fa\270\035#G"
 4107      682AD669 
 4107      4C706072 
 4107      62CCA918 
 4107      E0374661 
 4108 1b37 E218213A 		.ascii	"\342\030!:~!:\336\026\035o\211\2167E\307\317E\307h\023"
 4108      7E213ADE 
 4108      161D6F89 
 4108      8E3745C7 
 4108      CF45C768 
 4109 1b4c 358B310F 		.ascii	"5\2131\017N\301\216\213\032]\250\342\255\200\256\305"
 4109      4EC18E8B 
 4109      1A5DA8E2 
 4109      AD80AEC5 
 4110 1b5c 24272626 		.ascii	"$'&&'\015\2478\347\360w?\371p\342[\257}\370\332\273"
 4110      270DA738 
 4110      E7F0773F 
 4110      F970E25B 
 4110      AF7DF8DA 
 4111 1b71 BFFF1471 		.ascii	"\277\377\024q\330\255\355\350\245\350L\341j0\031\250"
 4111      D8ADEDE8 
 4111      A5E84CE1 
 4111      6A3019A8 
 4112 1b81 26841D63 		.ascii	"&\204\035cq`\372\\$\316\3460\362\311*\321\024\033\370"
 4112      7160FA5C 
 4112      24CEE630 
 4112      F2C92AD1 
 4112      141BF8
 4113 1b94 214D8D21 		.ascii	"!M\215!1\005\373\213\021\201\023\342c\007z\273i\345"
 4113      3105FB8B 
 4113      118113E2 
 4113      63077ABB 
 4113      69E5
 4114 1ba6 57A3FC2F 		.ascii	"W\243\374/a\204\034\023bRi\236\351\267D3\033L\217\254"
 4114      61841C13 
 4114      6252699E 
 4114      E9B74433 
 4114      1B4C8FAC 
 4115 1bba BC367EFA 		.ascii	"\2746~\372\364\374P4\32262)\227\211za\215\307^\301\277"
 4115      F4FC5034 
 4115      D2363229 
 4115      97897A61 
 4115      8DC75EC1 
 4116 1bcf F10A8692 		.ascii	"\361\012\206\222\022\014fS9\026\217\034_Y\224\003\014"
 4116      120C6653 
 4116      39168F1C 
 4116      5F599403 
 4116      0C
 4117 1be0 FA44172B 		.ascii	"\372D\027+\321\004\354u\264U\006\341,\245\337\230S\033"
 4117      D104EC75 
ARM GAS  C:\Users\angio\AppData\Local\Temp\ccSeXO4x.s 			page 164


 4117      B45506E1 
 4117      2CA5DF98 
 4117      531B
 4118 1bf2 BD81F308 		.ascii	"\275\201\363\010\327\254\004W4+\300p\2573\212\241'\317"
 4118      D7AC0457 
 4118      342BC070 
 4118      AF338AA1 
 4118      27CF
 4119 1c04 FA365F27 		.ascii	"\3726_'\257Z\252\023\335MLa)|s\264\32550\000\014\265"
 4119      AF5AAA13 
 4119      DD4D4C61 
 4119      297C73B4 
 4119      D5353000 
 4120 1c1a 38144BBC 		.ascii	"8\024K\274+\3213SL\252\003k\327\025\242]\302\012\260"
 4120      2BD13353 
 4120      4CAA036B 
 4120      D715A25D 
 4120      C20AB0
 4121 1c2d 8D8FA514 		.ascii	"\215\217\245\024(G{\"2\031\237\032\033\224\022\235\024"
 4121      28477B22 
 4121      32199F1A 
 4121      1B94129D 
 4121      14
 4122 1c3e 1F63C562 		.ascii	"\037c\305b\376\001\353\030\223\300h\205\3515X]\241\330"
 4122      FE01EB18 
 4122      93C06885 
 4122      E935585D 
 4122      A1D8
 4123 1c50 E9EC2EEB 		.ascii	"\351\354.\353\257\337\035\367\336\307\237\214\015\215"
 4123      AFDF1DF7 
 4123      DEC79F8C 
 4123      0D8D
 4124 1c5e 4E9814FD 		.ascii	"N\230\024\375\025\315UB|\222}\314\337\252#\254\011Z"
 4124      15CD5542 
 4124      7C927DCC 
 4124      DFAA23AC 
 4124      095A
 4125 1c70 45C3C77C 		.ascii	"E\303\307|8n\354\270\341c0\346\303\307*\306\022\235"
 4125      386EECB8 
 4125      E16330E6 
 4125      C3C72AC6 
 4125      129D
 4126 1c82 F14E6B6C 		.ascii	"\361NklL\014\232\013bED\327\256\001\352\221u\002.c\326"
 4126      4C0C9A0B 
 4126      624544D7 
 4126      AE01EA91 
 4126      75022E63 
 4127 1c97 78A78357 		.ascii	"x\247\203W[*[\332\242t\307*\200\244D;$\332q\214\016"
 4127      5B2A5BDA 
 4127      A274C72A 
 4127      80A4443B 
 4127      24DA718C 
 4128 1cac 7B4272B4 		.ascii	"{Br\264\215\304$a\273J\302xX\254V\326\211\254\257\217"
 4128      8DC42461 
 4128      BB4AC278 
 4128      58AC56D6 
 4128      89ACAF8F 
ARM GAS  C:\Users\angio\AppData\Local\Temp\ccSeXO4x.s 			page 165


 4129 1cc0 362B87DA 		.ascii	"6+\207\332\2657\264\303Q\332\341H\355p\304\377\000\202"
 4129      B537B4C3 
 4129      51DAE148 
 4129      ED70C4FF 
 4129      0082
 4130 1cd2 130893   		.ascii	"\023\010\223"
 4131              		.text
 4132              		.section	.gnu.lto_.symtab.1f2b0c6e,"e",%progbits
 4133 0000 63685363 		.ascii	"chSchReadyI\000"
 4133      68526561 
 4133      64794900 
 4134 000c 00       		.ascii	"\000"
 4135 000d 00       		.ascii	"\000"
 4136 000e 00       		.ascii	"\000"
 4137 000f 00000000 		.ascii	"\000\000\000\000\000\000\000\000"
 4137      00000000 
 4138 0017 07010000 		.ascii	"\007\001\000\000"
 4139 001b 63685363 		.ascii	"chSchGoSleepS\000"
 4139      68476F53 
 4139      6C656570 
 4139      5300
 4140 0029 00       		.ascii	"\000"
 4141 002a 00       		.ascii	"\000"
 4142 002b 00       		.ascii	"\000"
 4143 002c 00000000 		.ascii	"\000\000\000\000\000\000\000\000"
 4143      00000000 
 4144 0034 0F010000 		.ascii	"\017\001\000\000"
 4145 0038 63685363 		.ascii	"chSchGoSleepTimeoutS\000"
 4145      68476F53 
 4145      6C656570 
 4145      54696D65 
 4145      6F757453 
 4146 004d 00       		.ascii	"\000"
 4147 004e 00       		.ascii	"\000"
 4148 004f 00       		.ascii	"\000"
 4149 0050 00000000 		.ascii	"\000\000\000\000\000\000\000\000"
 4149      00000000 
 4150 0058 1C010000 		.ascii	"\034\001\000\000"
 4151 005c 63685363 		.ascii	"chSchWakeupS\000"
 4151      6857616B 
 4151      65757053 
 4151      00
 4152 0069 00       		.ascii	"\000"
 4153 006a 00       		.ascii	"\000"
 4154 006b 00       		.ascii	"\000"
 4155 006c 00000000 		.ascii	"\000\000\000\000\000\000\000\000"
 4155      00000000 
 4156 0074 21010000 		.ascii	"!\001\000\000"
 4157 0078 63685363 		.ascii	"chSchRescheduleS\000"
 4157      68526573 
 4157      63686564 
 4157      756C6553 
 4157      00
 4158 0089 00       		.ascii	"\000"
 4159 008a 00       		.ascii	"\000"
 4160 008b 00       		.ascii	"\000"
 4161 008c 00000000 		.ascii	"\000\000\000\000\000\000\000\000"
ARM GAS  C:\Users\angio\AppData\Local\Temp\ccSeXO4x.s 			page 166


 4161      00000000 
 4162 0094 23010000 		.ascii	"#\001\000\000"
 4163 0098 63685363 		.ascii	"chSchIsPreemptionRequired\000"
 4163      68497350 
 4163      7265656D 
 4163      7074696F 
 4163      6E526571 
 4164 00b2 00       		.ascii	"\000"
 4165 00b3 00       		.ascii	"\000"
 4166 00b4 00       		.ascii	"\000"
 4167 00b5 00000000 		.ascii	"\000\000\000\000\000\000\000\000"
 4167      00000000 
 4168 00bd 26010000 		.ascii	"&\001\000\000"
 4169 00c1 63685363 		.ascii	"chSchDoPreemption\000"
 4169      68446F50 
 4169      7265656D 
 4169      7074696F 
 4169      6E00
 4170 00d3 00       		.ascii	"\000"
 4171 00d4 00       		.ascii	"\000"
 4172 00d5 00       		.ascii	"\000"
 4173 00d6 00000000 		.ascii	"\000\000\000\000\000\000\000\000"
 4173      00000000 
 4174 00de 28010000 		.ascii	"(\001\000\000"
 4175 00e2 63685363 		.ascii	"chSchPreemption\000"
 4175      68507265 
 4175      656D7074 
 4175      696F6E00 
 4176 00f2 00       		.ascii	"\000"
 4177 00f3 00       		.ascii	"\000"
 4178 00f4 00       		.ascii	"\000"
 4179 00f5 00000000 		.ascii	"\000\000\000\000\000\000\000\000"
 4179      00000000 
 4180 00fd 2A010000 		.ascii	"*\001\000\000"
 4181 0101 63685363 		.ascii	"chSchDoYieldS\000"
 4181      68446F59 
 4181      69656C64 
 4181      5300
 4182 010f 00       		.ascii	"\000"
 4183 0110 00       		.ascii	"\000"
 4184 0111 00       		.ascii	"\000"
 4185 0112 00000000 		.ascii	"\000\000\000\000\000\000\000\000"
 4185      00000000 
 4186 011a 2C010000 		.ascii	",\001\000\000"
 4187 011e 63685363 		.ascii	"chSchSelectFirst\000"
 4187      6853656C 
 4187      65637446 
 4187      69727374 
 4187      00
 4188 012f 00       		.ascii	"\000"
 4189 0130 00       		.ascii	"\000"
 4190 0131 00       		.ascii	"\000"
 4191 0132 00000000 		.ascii	"\000\000\000\000\000\000\000\000"
 4191      00000000 
 4192 013a 2F010000 		.ascii	"/\001\000\000"
 4193 013e 63683000 		.ascii	"ch0\000"
 4194 0142 00       		.ascii	"\000"
ARM GAS  C:\Users\angio\AppData\Local\Temp\ccSeXO4x.s 			page 167


 4195 0143 02       		.ascii	"\002"
 4196 0144 00       		.ascii	"\000"
 4197 0145 00000000 		.ascii	"\000\000\000\000\000\000\000\000"
 4197      00000000 
 4198 014d 43020000 		.ascii	"C\002\000\000"
 4199 0151 63685654 		.ascii	"chVTDoResetI\000"
 4199      446F5265 
 4199      73657449 
 4199      00
 4200 015e 00       		.ascii	"\000"
 4201 015f 02       		.ascii	"\002"
 4202 0160 00       		.ascii	"\000"
 4203 0161 00000000 		.ascii	"\000\000\000\000\000\000\000\000"
 4203      00000000 
 4204 0169 3E010000 		.ascii	">\001\000\000"
 4205 016d 63685654 		.ascii	"chVTDoSetI\000"
 4205      446F5365 
 4205      744900
 4206 0178 00       		.ascii	"\000"
 4207 0179 02       		.ascii	"\002"
 4208 017a 00       		.ascii	"\000"
 4209 017b 00000000 		.ascii	"\000\000\000\000\000\000\000\000"
 4209      00000000 
 4210 0183 48010000 		.ascii	"H\001\000\000"
 4211              		.text
 4212              		.section	.gnu.lto_.ext_symtab.1f2b0c6e,"e",%progbits
 4213 0000 01       		.ascii	"\001"
 4214 0001 01       		.ascii	"\001"
 4215 0002 00       		.ascii	"\000"
 4216 0003 01       		.ascii	"\001"
 4217 0004 00       		.ascii	"\000"
 4218 0005 01       		.ascii	"\001"
 4219 0006 00       		.ascii	"\000"
 4220 0007 01       		.ascii	"\001"
 4221 0008 00       		.ascii	"\000"
 4222 0009 01       		.ascii	"\001"
 4223 000a 00       		.ascii	"\000"
 4224 000b 01       		.ascii	"\001"
 4225 000c 00       		.ascii	"\000"
 4226 000d 01       		.ascii	"\001"
 4227 000e 00       		.ascii	"\000"
 4228 000f 01       		.ascii	"\001"
 4229 0010 00       		.ascii	"\000"
 4230 0011 01       		.ascii	"\001"
 4231 0012 00       		.ascii	"\000"
 4232 0013 01       		.ascii	"\001"
 4233 0014 00       		.ascii	"\000"
 4234 0015 02       		.ascii	"\002"
 4235 0016 01       		.ascii	"\001"
 4236 0017 01       		.ascii	"\001"
 4237 0018 00       		.ascii	"\000"
 4238 0019 01       		.ascii	"\001"
 4239 001a 00       		.ascii	"\000"
 4240              		.text
 4241              		.section	.gnu.lto_.opts,"e",%progbits
 4242 0000 272D666E 		.ascii	"'-fno-openmp' '-fno-openacc' '-fno-pie' '-fcf-prote"
 4242      6F2D6F70 
ARM GAS  C:\Users\angio\AppData\Local\Temp\ccSeXO4x.s 			page 168


 4242      656E6D70 
 4242      2720272D 
 4242      666E6F2D 
 4243 0033 6374696F 		.ascii	"ction=none' '-g' '-mcpu=cortex-m4' '-mthumb' '-mflo"
 4243      6E3D6E6F 
 4243      6E652720 
 4243      272D6727 
 4243      20272D6D 
 4244 0066 61742D61 		.ascii	"at-abi=soft' '-mlibarch=armv7e-m' '-march=armv7e-m'"
 4244      62693D73 
 4244      6F667427 
 4244      20272D6D 
 4244      6C696261 
 4245 0099 20272D4F 		.ascii	" '-O0' '-fomit-frame-pointer' '-falign-functions=16"
 4245      30272027 
 4245      2D666F6D 
 4245      69742D66 
 4245      72616D65 
 4246 00cc 2720272D 		.ascii	"' '-ffunction-sections' '-fdata-sections' '-fno-com"
 4246      6666756E 
 4246      6374696F 
 4246      6E2D7365 
 4246      6374696F 
 4247 00ff 6D6F6E27 		.ascii	"mon' '-flto' '-Xassembler' '-alms=./build/lst/chsch"
 4247      20272D66 
 4247      6C746F27 
 4247      20272D58 
 4247      61737365 
 4248 0132 642E6C73 		.ascii	"d.lst'\000"
 4248      742700
 4249              		.text
 4250              		.comm	__gnu_lto_slim,1,1
 4251              		.ident	"GCC: (GNU Arm Embedded Toolchain 10.3-2021.10) 10.3.1 20210824 (release)"
ARM GAS  C:\Users\angio\AppData\Local\Temp\ccSeXO4x.s 			page 169


DEFINED SYMBOLS
                            *ABS*:00000000 chschd.c
C:\Users\angio\AppData\Local\Temp\ccSeXO4x.s:34     .gnu.debuglto_.debug_info:00000000 chschd.c.5408b6bc
                            *COM*:00000001 __gnu_lto_slim

NO UNDEFINED SYMBOLS
