ARM GAS  C:\Users\angio\AppData\Local\Temp\ccyaVgOo.s 			page 1


   1              		.cpu cortex-m4
   2              		.arch armv7e-m
   3              		.fpu softvfp
   4              		.eabi_attribute 20, 1
   5              		.eabi_attribute 21, 1
   6              		.eabi_attribute 23, 3
   7              		.eabi_attribute 24, 1
   8              		.eabi_attribute 25, 1
   9              		.eabi_attribute 26, 1
  10              		.eabi_attribute 30, 6
  11              		.eabi_attribute 34, 1
  12              		.eabi_attribute 18, 4
  13              		.file	"chsys.c"
  14              		.file 1 "c:\\chibistudio\\tools\\gnu tools arm embedded\\10.3 2021.10\\lib\\gcc\\arm-none-eabi\\10
  15              		.file 2 "c:\\chibistudio\\tools\\gnu tools arm embedded\\10.3 2021.10\\arm-none-eabi\\include\\mac
  16              		.file 3 "c:\\chibistudio\\tools\\gnu tools arm embedded\\10.3 2021.10\\arm-none-eabi\\include\\sys
  17              		.file 4 "../../chibios2111/os/common/ports/ARM-common/chtypes.h"
  18              		.file 5 "../../chibios2111/os/rt/include/chearly.h"
  19              		.file 6 "../../chibios2111/os/rt/include/chobjects.h"
  20              		.file 7 "../../chibios2111/os/rt/include/chrfcu.h"
  21              		.file 8 "../../chibios2111/os/rt/include/chdebug.h"
  22              		.file 9 "../../chibios2111/os/rt/include/chtime.h"
  23              		.file 10 "../../chibios2111/os/rt/include/chlists.h"
  24              		.file 11 "../../chibios2111/os/common/ext/ARM/CMSIS/Core/Include/core_cm4.h"
  25              		.file 12 "../../chibios2111/os/common/ports/ARMv7-M-ALT/chcore.h"
  26              		.file 13 "../../chibios2111/os/rt/include/chtm.h"
  27              		.file 14 "../../chibios2111/os/rt/include/chsem.h"
  28              		.file 15 "../../chibios2111/os/rt/include/chmtx.h"
  29              		.file 16 "../../chibios2111/os/rt/include/chsys.h"
  30              		.file 17 "../../chibios2111/os/rt/src/chsys.c"
  31              		.file 18 "../../chibios2111/os/oslib/include/chlib.h"
  32              		.file 19 "../../chibios2111/os/common/ext/ARM/CMSIS/Core/Include/cmsis_gcc.h"
  33              		.section	.gnu.debuglto_.debug_info,"e",%progbits
  34              	.Ldebug_info0:
  35              		.hidden	chsys.c.e5040eea
  36              		.weak	chsys.c.e5040eea
  37              	chsys.c.e5040eea:
  38 0000 FF0D0000 		.4byte	0xdff
  39 0004 0400     		.2byte	0x4
  40 0006 00000000 		.4byte	.Ldebug_abbrev0
  41 000a 04       		.byte	0x4
  42 000b 01       		.uleb128 0x1
  43 000c 6E060000 		.4byte	.LASF198
  44 0010 0C       		.byte	0xc
  45 0011 9F080000 		.4byte	.LASF199
  46 0015 77010000 		.4byte	.LASF200
  47 0019 00000000 		.4byte	.Ldebug_line0
  48 001d 02       		.uleb128 0x2
  49 001e 04       		.byte	0x4
  50 001f 05       		.byte	0x5
  51 0020 696E7400 		.ascii	"int\000"
  52 0024 03       		.uleb128 0x3
  53 0025 12000000 		.4byte	.LASF4
  54 0029 01       		.byte	0x1
  55 002a D1       		.byte	0xd1
  56 002b 17       		.byte	0x17
  57 002c 30000000 		.4byte	0x30
ARM GAS  C:\Users\angio\AppData\Local\Temp\ccyaVgOo.s 			page 2


  58 0030 04       		.uleb128 0x4
  59 0031 04       		.byte	0x4
  60 0032 07       		.byte	0x7
  61 0033 A6020000 		.4byte	.LASF0
  62 0037 04       		.uleb128 0x4
  63 0038 08       		.byte	0x8
  64 0039 05       		.byte	0x5
  65 003a 38010000 		.4byte	.LASF1
  66 003e 04       		.uleb128 0x4
  67 003f 08       		.byte	0x8
  68 0040 04       		.byte	0x4
  69 0041 1D040000 		.4byte	.LASF2
  70 0045 04       		.uleb128 0x4
  71 0046 01       		.byte	0x1
  72 0047 06       		.byte	0x6
  73 0048 46010000 		.4byte	.LASF3
  74 004c 03       		.uleb128 0x3
  75 004d 43000000 		.4byte	.LASF5
  76 0051 02       		.byte	0x2
  77 0052 2B       		.byte	0x2b
  78 0053 18       		.byte	0x18
  79 0054 58000000 		.4byte	0x58
  80 0058 04       		.uleb128 0x4
  81 0059 01       		.byte	0x1
  82 005a 08       		.byte	0x8
  83 005b 42050000 		.4byte	.LASF6
  84 005f 04       		.uleb128 0x4
  85 0060 02       		.byte	0x2
  86 0061 05       		.byte	0x5
  87 0062 78050000 		.4byte	.LASF7
  88 0066 04       		.uleb128 0x4
  89 0067 02       		.byte	0x2
  90 0068 07       		.byte	0x7
  91 0069 05080000 		.4byte	.LASF8
  92 006d 03       		.uleb128 0x3
  93 006e A2070000 		.4byte	.LASF9
  94 0072 02       		.byte	0x2
  95 0073 4D       		.byte	0x4d
  96 0074 18       		.byte	0x18
  97 0075 79000000 		.4byte	0x79
  98 0079 04       		.uleb128 0x4
  99 007a 04       		.byte	0x4
 100 007b 05       		.byte	0x5
 101 007c CF010000 		.4byte	.LASF10
 102 0080 03       		.uleb128 0x3
 103 0081 2A020000 		.4byte	.LASF11
 104 0085 02       		.byte	0x2
 105 0086 4F       		.byte	0x4f
 106 0087 19       		.byte	0x19
 107 0088 8C000000 		.4byte	0x8c
 108 008c 04       		.uleb128 0x4
 109 008d 04       		.byte	0x4
 110 008e 07       		.byte	0x7
 111 008f 3B060000 		.4byte	.LASF12
 112 0093 03       		.uleb128 0x3
 113 0094 9D040000 		.4byte	.LASF13
 114 0098 02       		.byte	0x2
ARM GAS  C:\Users\angio\AppData\Local\Temp\ccyaVgOo.s 			page 3


 115 0099 69       		.byte	0x69
 116 009a 19       		.byte	0x19
 117 009b 9F000000 		.4byte	0x9f
 118 009f 04       		.uleb128 0x4
 119 00a0 08       		.byte	0x8
 120 00a1 07       		.byte	0x7
 121 00a2 C5000000 		.4byte	.LASF14
 122 00a6 03       		.uleb128 0x3
 123 00a7 E6080000 		.4byte	.LASF15
 124 00ab 03       		.byte	0x3
 125 00ac 18       		.byte	0x18
 126 00ad 13       		.byte	0x13
 127 00ae 4C000000 		.4byte	0x4c
 128 00b2 03       		.uleb128 0x3
 129 00b3 3A050000 		.4byte	.LASF16
 130 00b7 03       		.byte	0x3
 131 00b8 2C       		.byte	0x2c
 132 00b9 13       		.byte	0x13
 133 00ba 6D000000 		.4byte	0x6d
 134 00be 03       		.uleb128 0x3
 135 00bf F9050000 		.4byte	.LASF17
 136 00c3 03       		.byte	0x3
 137 00c4 30       		.byte	0x30
 138 00c5 14       		.byte	0x14
 139 00c6 80000000 		.4byte	0x80
 140 00ca 05       		.uleb128 0x5
 141 00cb BE000000 		.4byte	0xbe
 142 00cf 06       		.uleb128 0x6
 143 00d0 CA000000 		.4byte	0xca
 144 00d4 03       		.uleb128 0x3
 145 00d5 3A000000 		.4byte	.LASF18
 146 00d9 03       		.byte	0x3
 147 00da 3C       		.byte	0x3c
 148 00db 14       		.byte	0x14
 149 00dc 93000000 		.4byte	0x93
 150 00e0 05       		.uleb128 0x5
 151 00e1 D4000000 		.4byte	0xd4
 152 00e5 03       		.uleb128 0x3
 153 00e6 44040000 		.4byte	.LASF19
 154 00ea 04       		.byte	0x4
 155 00eb 36       		.byte	0x36
 156 00ec 1D       		.byte	0x1d
 157 00ed BE000000 		.4byte	0xbe
 158 00f1 03       		.uleb128 0x3
 159 00f2 F4080000 		.4byte	.LASF20
 160 00f6 04       		.byte	0x4
 161 00f7 3B       		.byte	0x3b
 162 00f8 1D       		.byte	0x1d
 163 00f9 D4000000 		.4byte	0xd4
 164 00fd 03       		.uleb128 0x3
 165 00fe 4D000000 		.4byte	.LASF21
 166 0102 04       		.byte	0x4
 167 0103 40       		.byte	0x40
 168 0104 1D       		.byte	0x1d
 169 0105 BE000000 		.4byte	0xbe
 170 0109 03       		.uleb128 0x3
 171 010a 09060000 		.4byte	.LASF22
ARM GAS  C:\Users\angio\AppData\Local\Temp\ccyaVgOo.s 			page 4


 172 010e 04       		.byte	0x4
 173 010f 48       		.byte	0x48
 174 0110 1D       		.byte	0x1d
 175 0111 D4000000 		.4byte	0xd4
 176 0115 03       		.uleb128 0x3
 177 0116 EB030000 		.4byte	.LASF23
 178 011a 05       		.byte	0x5
 179 011b 4D       		.byte	0x4d
 180 011c 19       		.byte	0x19
 181 011d E5000000 		.4byte	0xe5
 182 0121 03       		.uleb128 0x3
 183 0122 2A010000 		.4byte	.LASF24
 184 0126 05       		.byte	0x5
 185 0127 4E       		.byte	0x4e
 186 0128 19       		.byte	0x19
 187 0129 F1000000 		.4byte	0xf1
 188 012d 03       		.uleb128 0x3
 189 012e 46080000 		.4byte	.LASF25
 190 0132 05       		.byte	0x5
 191 0133 4F       		.byte	0x4f
 192 0134 19       		.byte	0x19
 193 0135 FD000000 		.4byte	0xfd
 194 0139 03       		.uleb128 0x3
 195 013a 82030000 		.4byte	.LASF26
 196 013e 05       		.byte	0x5
 197 013f 50       		.byte	0x50
 198 0140 19       		.byte	0x19
 199 0141 09010000 		.4byte	0x109
 200 0145 03       		.uleb128 0x3
 201 0146 A8050000 		.4byte	.LASF27
 202 014a 05       		.byte	0x5
 203 014b 53       		.byte	0x53
 204 014c 19       		.byte	0x19
 205 014d A6000000 		.4byte	0xa6
 206 0151 03       		.uleb128 0x3
 207 0152 E5010000 		.4byte	.LASF28
 208 0156 05       		.byte	0x5
 209 0157 54       		.byte	0x54
 210 0158 19       		.byte	0x19
 211 0159 A6000000 		.4byte	0xa6
 212 015d 03       		.uleb128 0x3
 213 015e 97080000 		.4byte	.LASF29
 214 0162 05       		.byte	0x5
 215 0163 55       		.byte	0x55
 216 0164 19       		.byte	0x19
 217 0165 A6000000 		.4byte	0xa6
 218 0169 03       		.uleb128 0x3
 219 016a 0E050000 		.4byte	.LASF30
 220 016e 05       		.byte	0x5
 221 016f 57       		.byte	0x57
 222 0170 19       		.byte	0x19
 223 0171 BE000000 		.4byte	0xbe
 224 0175 03       		.uleb128 0x3
 225 0176 24030000 		.4byte	.LASF31
 226 017a 05       		.byte	0x5
 227 017b 58       		.byte	0x58
 228 017c 19       		.byte	0x19
ARM GAS  C:\Users\angio\AppData\Local\Temp\ccyaVgOo.s 			page 5


 229 017d B2000000 		.4byte	0xb2
 230 0181 03       		.uleb128 0x3
 231 0182 68030000 		.4byte	.LASF32
 232 0186 05       		.byte	0x5
 233 0187 5A       		.byte	0x5a
 234 0188 19       		.byte	0x19
 235 0189 BE000000 		.4byte	0xbe
 236 018d 03       		.uleb128 0x3
 237 018e A0020000 		.4byte	.LASF33
 238 0192 05       		.byte	0x5
 239 0193 5C       		.byte	0x5c
 240 0194 19       		.byte	0x19
 241 0195 B2000000 		.4byte	0xb2
 242 0199 03       		.uleb128 0x3
 243 019a 2F030000 		.4byte	.LASF34
 244 019e 05       		.byte	0x5
 245 019f 5D       		.byte	0x5d
 246 01a0 19       		.byte	0x19
 247 01a1 BE000000 		.4byte	0xbe
 248 01a5 03       		.uleb128 0x3
 249 01a6 D5040000 		.4byte	.LASF35
 250 01aa 05       		.byte	0x5
 251 01ab 80       		.byte	0x80
 252 01ac 12       		.byte	0x12
 253 01ad 30000000 		.4byte	0x30
 254 01b1 03       		.uleb128 0x3
 255 01b2 48070000 		.4byte	.LASF36
 256 01b6 05       		.byte	0x5
 257 01b7 85       		.byte	0x85
 258 01b8 1A       		.byte	0x1a
 259 01b9 BD010000 		.4byte	0x1bd
 260 01bd 07       		.uleb128 0x7
 261 01be 13030000 		.4byte	.LASF51
 262 01c2 70       		.byte	0x70
 263 01c3 06       		.byte	0x6
 264 01c4 9C       		.byte	0x9c
 265 01c5 08       		.byte	0x8
 266 01c6 A0020000 		.4byte	0x2a0
 267 01ca 08       		.uleb128 0x8
 268 01cb 68647200 		.ascii	"hdr\000"
 269 01cf 06       		.byte	0x6
 270 01d0 AD       		.byte	0xad
 271 01d1 05       		.byte	0x5
 272 01d2 7F080000 		.4byte	0x87f
 273 01d6 00       		.byte	0
 274 01d7 08       		.uleb128 0x8
 275 01d8 63747800 		.ascii	"ctx\000"
 276 01dc 06       		.byte	0x6
 277 01dd B1       		.byte	0xb1
 278 01de 21       		.byte	0x21
 279 01df 22070000 		.4byte	0x722
 280 01e3 0C       		.byte	0xc
 281 01e4 09       		.uleb128 0x9
 282 01e5 DD020000 		.4byte	.LASF37
 283 01e9 06       		.byte	0x6
 284 01ea B6       		.byte	0xb6
 285 01eb 21       		.byte	0x21
ARM GAS  C:\Users\angio\AppData\Local\Temp\ccyaVgOo.s 			page 6


 286 01ec E1030000 		.4byte	0x3e1
 287 01f0 38       		.byte	0x38
 288 01f1 09       		.uleb128 0x9
 289 01f2 19060000 		.4byte	.LASF38
 290 01f6 06       		.byte	0x6
 291 01f7 BB       		.byte	0xbb
 292 01f8 22       		.byte	0x22
 293 01f9 8C090000 		.4byte	0x98c
 294 01fd 40       		.byte	0x40
 295 01fe 09       		.uleb128 0x9
 296 01ff EF020000 		.4byte	.LASF39
 297 0203 06       		.byte	0x6
 298 0204 C0       		.byte	0xc0
 299 0205 22       		.byte	0x22
 300 0206 79030000 		.4byte	0x379
 301 020a 44       		.byte	0x44
 302 020b 09       		.uleb128 0x9
 303 020c 4D060000 		.4byte	.LASF40
 304 0210 06       		.byte	0x6
 305 0211 C9       		.byte	0xc9
 306 0212 22       		.byte	0x22
 307 0213 52070000 		.4byte	0x752
 308 0217 48       		.byte	0x48
 309 0218 09       		.uleb128 0x9
 310 0219 C9010000 		.4byte	.LASF41
 311 021d 06       		.byte	0x6
 312 021e CE       		.byte	0xce
 313 021f 21       		.byte	0x21
 314 0220 51010000 		.4byte	0x151
 315 0224 4C       		.byte	0x4c
 316 0225 09       		.uleb128 0x9
 317 0226 EE080000 		.4byte	.LASF42
 318 022a 06       		.byte	0x6
 319 022b D2       		.byte	0xd2
 320 022c 21       		.byte	0x21
 321 022d 45010000 		.4byte	0x145
 322 0231 4D       		.byte	0x4d
 323 0232 09       		.uleb128 0x9
 324 0233 33010000 		.4byte	.LASF43
 325 0237 06       		.byte	0x6
 326 0238 D7       		.byte	0xd7
 327 0239 21       		.byte	0x21
 328 023a 5D010000 		.4byte	0x15d
 329 023e 4E       		.byte	0x4e
 330 023f 0A       		.uleb128 0xa
 331 0240 7500     		.ascii	"u\000"
 332 0242 06       		.byte	0x6
 333 0243 2801     		.2byte	0x128
 334 0245 21       		.byte	0x21
 335 0246 AD080000 		.4byte	0x8ad
 336 024a 50       		.byte	0x50
 337 024b 0B       		.uleb128 0xb
 338 024c 60020000 		.4byte	.LASF44
 339 0250 06       		.byte	0x6
 340 0251 2D01     		.2byte	0x12d
 341 0253 21       		.byte	0x21
 342 0254 B4030000 		.4byte	0x3b4
ARM GAS  C:\Users\angio\AppData\Local\Temp\ccyaVgOo.s 			page 7


 343 0258 54       		.byte	0x54
 344 0259 0B       		.uleb128 0xb
 345 025a C0010000 		.4byte	.LASF45
 346 025e 06       		.byte	0x6
 347 025f 3301     		.2byte	0x133
 348 0261 21       		.byte	0x21
 349 0262 E1030000 		.4byte	0x3e1
 350 0266 58       		.byte	0x58
 351 0267 0B       		.uleb128 0xb
 352 0268 36030000 		.4byte	.LASF46
 353 026c 06       		.byte	0x6
 354 026d 3901     		.2byte	0x139
 355 026f 21       		.byte	0x21
 356 0270 81010000 		.4byte	0x181
 357 0274 60       		.byte	0x60
 358 0275 0B       		.uleb128 0xb
 359 0276 8C090000 		.4byte	.LASF47
 360 027a 06       		.byte	0x6
 361 027b 4001     		.2byte	0x140
 362 027d 22       		.byte	0x22
 363 027e 86090000 		.4byte	0x986
 364 0282 64       		.byte	0x64
 365 0283 0B       		.uleb128 0xb
 366 0284 AE030000 		.4byte	.LASF48
 367 0288 06       		.byte	0x6
 368 0289 4401     		.2byte	0x144
 369 028b 21       		.byte	0x21
 370 028c 69010000 		.4byte	0x169
 371 0290 68       		.byte	0x68
 372 0291 0B       		.uleb128 0xb
 373 0292 F4020000 		.4byte	.LASF49
 374 0296 06       		.byte	0x6
 375 0297 4B01     		.2byte	0x14b
 376 0299 22       		.byte	0x22
 377 029a 58070000 		.4byte	0x758
 378 029e 6C       		.byte	0x6c
 379 029f 00       		.byte	0
 380 02a0 03       		.uleb128 0x3
 381 02a1 EF070000 		.4byte	.LASF50
 382 02a5 05       		.byte	0x5
 383 02a6 8A       		.byte	0x8a
 384 02a7 1F       		.byte	0x1f
 385 02a8 AC020000 		.4byte	0x2ac
 386 02ac 0C       		.uleb128 0xc
 387 02ad D9070000 		.4byte	.LASF52
 388 02b1 B0       		.byte	0xb0
 389 02b2 06       		.byte	0x6
 390 02b3 8A01     		.2byte	0x18a
 391 02b5 08       		.byte	0x8
 392 02b6 2B030000 		.4byte	0x32b
 393 02ba 0B       		.uleb128 0xb
 394 02bb CB080000 		.4byte	.LASF53
 395 02bf 06       		.byte	0x6
 396 02c0 8E01     		.2byte	0x18e
 397 02c2 21       		.byte	0x21
 398 02c3 BD090000 		.4byte	0x9bd
 399 02c7 00       		.byte	0
ARM GAS  C:\Users\angio\AppData\Local\Temp\ccyaVgOo.s 			page 8


 400 02c8 0B       		.uleb128 0xb
 401 02c9 AD010000 		.4byte	.LASF54
 402 02cd 06       		.byte	0x6
 403 02ce 9201     		.2byte	0x192
 404 02d0 21       		.byte	0x21
 405 02d1 3A080000 		.4byte	0x83a
 406 02d5 10       		.byte	0x10
 407 02d6 0B       		.uleb128 0xb
 408 02d7 FD070000 		.4byte	.LASF55
 409 02db 06       		.byte	0x6
 410 02dc 9901     		.2byte	0x199
 411 02de 21       		.byte	0x21
 412 02df 61080000 		.4byte	0x861
 413 02e3 28       		.byte	0x28
 414 02e4 0B       		.uleb128 0xb
 415 02e5 7B000000 		.4byte	.LASF56
 416 02e9 06       		.byte	0x6
 417 02ea 9E01     		.2byte	0x19e
 418 02ec 21       		.byte	0x21
 419 02ed A5010000 		.4byte	0x1a5
 420 02f1 30       		.byte	0x30
 421 02f2 0B       		.uleb128 0xb
 422 02f3 0D000000 		.4byte	.LASF57
 423 02f7 06       		.byte	0x6
 424 02f8 A401     		.2byte	0x1a4
 425 02fa 21       		.byte	0x21
 426 02fb 52030000 		.4byte	0x352
 427 02ff 34       		.byte	0x34
 428 0300 0B       		.uleb128 0xb
 429 0301 67060000 		.4byte	.LASF58
 430 0305 06       		.byte	0x6
 431 0306 A901     		.2byte	0x1a9
 432 0308 22       		.byte	0x22
 433 0309 310A0000 		.4byte	0xa31
 434 030d 38       		.byte	0x38
 435 030e 0B       		.uleb128 0xb
 436 030f FC000000 		.4byte	.LASF59
 437 0313 06       		.byte	0x6
 438 0314 AD01     		.2byte	0x1ad
 439 0316 21       		.byte	0x21
 440 0317 B1010000 		.4byte	0x1b1
 441 031b 3C       		.byte	0x3c
 442 031c 0A       		.uleb128 0xa
 443 031d 64626700 		.ascii	"dbg\000"
 444 0321 06       		.byte	0x6
 445 0322 B101     		.2byte	0x1b1
 446 0324 21       		.byte	0x21
 447 0325 90030000 		.4byte	0x390
 448 0329 AC       		.byte	0xac
 449 032a 00       		.byte	0
 450 032b 03       		.uleb128 0x3
 451 032c D4030000 		.4byte	.LASF60
 452 0330 07       		.byte	0x7
 453 0331 3F       		.byte	0x3f
 454 0332 12       		.byte	0x12
 455 0333 BE000000 		.4byte	0xbe
 456 0337 07       		.uleb128 0x7
ARM GAS  C:\Users\angio\AppData\Local\Temp\ccyaVgOo.s 			page 9


 457 0338 EE010000 		.4byte	.LASF61
 458 033c 04       		.byte	0x4
 459 033d 07       		.byte	0x7
 460 033e 44       		.byte	0x44
 461 033f 10       		.byte	0x10
 462 0340 52030000 		.4byte	0x352
 463 0344 09       		.uleb128 0x9
 464 0345 35020000 		.4byte	.LASF62
 465 0349 07       		.byte	0x7
 466 034a 48       		.byte	0x48
 467 034b 21       		.byte	0x21
 468 034c 2B030000 		.4byte	0x32b
 469 0350 00       		.byte	0
 470 0351 00       		.byte	0
 471 0352 03       		.uleb128 0x3
 472 0353 74030000 		.4byte	.LASF63
 473 0357 07       		.byte	0x7
 474 0358 49       		.byte	0x49
 475 0359 03       		.byte	0x3
 476 035a 37030000 		.4byte	0x337
 477 035e 07       		.uleb128 0x7
 478 035f 50020000 		.4byte	.LASF64
 479 0363 04       		.byte	0x4
 480 0364 08       		.byte	0x8
 481 0365 3E       		.byte	0x3e
 482 0366 10       		.byte	0x10
 483 0367 79030000 		.4byte	0x379
 484 036b 09       		.uleb128 0x9
 485 036c BA070000 		.4byte	.LASF65
 486 0370 08       		.byte	0x8
 487 0371 46       		.byte	0x46
 488 0372 24       		.byte	0x24
 489 0373 7F030000 		.4byte	0x37f
 490 0377 00       		.byte	0
 491 0378 00       		.byte	0
 492 0379 0D       		.uleb128 0xd
 493 037a 04       		.byte	0x4
 494 037b 8B030000 		.4byte	0x38b
 495 037f 05       		.uleb128 0x5
 496 0380 79030000 		.4byte	0x379
 497 0384 04       		.uleb128 0x4
 498 0385 01       		.byte	0x1
 499 0386 08       		.byte	0x8
 500 0387 54060000 		.4byte	.LASF66
 501 038b 06       		.uleb128 0x6
 502 038c 84030000 		.4byte	0x384
 503 0390 03       		.uleb128 0x3
 504 0391 6C000000 		.4byte	.LASF67
 505 0395 08       		.byte	0x8
 506 0396 51       		.byte	0x51
 507 0397 03       		.byte	0x3
 508 0398 5E030000 		.4byte	0x35e
 509 039c 03       		.uleb128 0x3
 510 039d 85070000 		.4byte	.LASF68
 511 03a1 09       		.byte	0x9
 512 03a2 6D       		.byte	0x6d
 513 03a3 12       		.byte	0x12
ARM GAS  C:\Users\angio\AppData\Local\Temp\ccyaVgOo.s 			page 10


 514 03a4 BE000000 		.4byte	0xbe
 515 03a8 03       		.uleb128 0x3
 516 03a9 92020000 		.4byte	.LASF69
 517 03ad 09       		.byte	0x9
 518 03ae 79       		.byte	0x79
 519 03af 12       		.byte	0x12
 520 03b0 BE000000 		.4byte	0xbe
 521 03b4 03       		.uleb128 0x3
 522 03b5 29040000 		.4byte	.LASF70
 523 03b9 0A       		.byte	0xa
 524 03ba 32       		.byte	0x32
 525 03bb 18       		.byte	0x18
 526 03bc C0030000 		.4byte	0x3c0
 527 03c0 07       		.uleb128 0x7
 528 03c1 52030000 		.4byte	.LASF71
 529 03c5 04       		.byte	0x4
 530 03c6 0A       		.byte	0xa
 531 03c7 38       		.byte	0x38
 532 03c8 08       		.byte	0x8
 533 03c9 DB030000 		.4byte	0x3db
 534 03cd 09       		.uleb128 0x9
 535 03ce 25010000 		.4byte	.LASF72
 536 03d2 0A       		.byte	0xa
 537 03d3 39       		.byte	0x39
 538 03d4 1A       		.byte	0x1a
 539 03d5 DB030000 		.4byte	0x3db
 540 03d9 00       		.byte	0
 541 03da 00       		.byte	0
 542 03db 0D       		.uleb128 0xd
 543 03dc 04       		.byte	0x4
 544 03dd B4030000 		.4byte	0x3b4
 545 03e1 03       		.uleb128 0x3
 546 03e2 E4020000 		.4byte	.LASF73
 547 03e6 0A       		.byte	0xa
 548 03e7 3F       		.byte	0x3f
 549 03e8 19       		.byte	0x19
 550 03e9 ED030000 		.4byte	0x3ed
 551 03ed 07       		.uleb128 0x7
 552 03ee F6010000 		.4byte	.LASF74
 553 03f2 08       		.byte	0x8
 554 03f3 0A       		.byte	0xa
 555 03f4 45       		.byte	0x45
 556 03f5 08       		.byte	0x8
 557 03f6 15040000 		.4byte	0x415
 558 03fa 09       		.uleb128 0x9
 559 03fb 25010000 		.4byte	.LASF72
 560 03ff 0A       		.byte	0xa
 561 0400 46       		.byte	0x46
 562 0401 1A       		.byte	0x1a
 563 0402 15040000 		.4byte	0x415
 564 0406 00       		.byte	0
 565 0407 09       		.uleb128 0x9
 566 0408 5B000000 		.4byte	.LASF75
 567 040c 0A       		.byte	0xa
 568 040d 47       		.byte	0x47
 569 040e 1A       		.byte	0x1a
 570 040f 15040000 		.4byte	0x415
ARM GAS  C:\Users\angio\AppData\Local\Temp\ccyaVgOo.s 			page 11


 571 0413 04       		.byte	0x4
 572 0414 00       		.byte	0
 573 0415 0D       		.uleb128 0xd
 574 0416 04       		.byte	0x4
 575 0417 E1030000 		.4byte	0x3e1
 576 041b 03       		.uleb128 0x3
 577 041c 83000000 		.4byte	.LASF76
 578 0420 0A       		.byte	0xa
 579 0421 4E       		.byte	0x4e
 580 0422 22       		.byte	0x22
 581 0423 27040000 		.4byte	0x427
 582 0427 07       		.uleb128 0x7
 583 0428 21080000 		.4byte	.LASF77
 584 042c 0C       		.byte	0xc
 585 042d 0A       		.byte	0xa
 586 042e 55       		.byte	0x55
 587 042f 08       		.byte	0x8
 588 0430 5C040000 		.4byte	0x45c
 589 0434 09       		.uleb128 0x9
 590 0435 25010000 		.4byte	.LASF72
 591 0439 0A       		.byte	0xa
 592 043a 56       		.byte	0x56
 593 043b 1A       		.byte	0x1a
 594 043c 5C040000 		.4byte	0x45c
 595 0440 00       		.byte	0
 596 0441 09       		.uleb128 0x9
 597 0442 5B000000 		.4byte	.LASF75
 598 0446 0A       		.byte	0xa
 599 0447 57       		.byte	0x57
 600 0448 1A       		.byte	0x1a
 601 0449 5C040000 		.4byte	0x45c
 602 044d 04       		.byte	0x4
 603 044e 09       		.uleb128 0x9
 604 044f 90040000 		.4byte	.LASF78
 605 0453 0A       		.byte	0xa
 606 0454 58       		.byte	0x58
 607 0455 19       		.byte	0x19
 608 0456 69010000 		.4byte	0x169
 609 045a 08       		.byte	0x8
 610 045b 00       		.byte	0
 611 045c 0D       		.uleb128 0xd
 612 045d 04       		.byte	0x4
 613 045e 1B040000 		.4byte	0x41b
 614 0462 03       		.uleb128 0x3
 615 0463 05020000 		.4byte	.LASF79
 616 0467 0A       		.byte	0xa
 617 0468 5F       		.byte	0x5f
 618 0469 1E       		.byte	0x1e
 619 046a 6E040000 		.4byte	0x46e
 620 046e 07       		.uleb128 0x7
 621 046f 5C010000 		.4byte	.LASF80
 622 0473 0C       		.byte	0xc
 623 0474 0A       		.byte	0xa
 624 0475 64       		.byte	0x64
 625 0476 08       		.byte	0x8
 626 0477 A3040000 		.4byte	0x4a3
 627 047b 09       		.uleb128 0x9
ARM GAS  C:\Users\angio\AppData\Local\Temp\ccyaVgOo.s 			page 12


 628 047c 25010000 		.4byte	.LASF72
 629 0480 0A       		.byte	0xa
 630 0481 65       		.byte	0x65
 631 0482 1A       		.byte	0x1a
 632 0483 A3040000 		.4byte	0x4a3
 633 0487 00       		.byte	0
 634 0488 09       		.uleb128 0x9
 635 0489 5B000000 		.4byte	.LASF75
 636 048d 0A       		.byte	0xa
 637 048e 66       		.byte	0x66
 638 048f 1A       		.byte	0x1a
 639 0490 A3040000 		.4byte	0x4a3
 640 0494 04       		.byte	0x4
 641 0495 09       		.uleb128 0x9
 642 0496 19000000 		.4byte	.LASF81
 643 049a 0A       		.byte	0xa
 644 049b 67       		.byte	0x67
 645 049c 19       		.byte	0x19
 646 049d A8030000 		.4byte	0x3a8
 647 04a1 08       		.byte	0x8
 648 04a2 00       		.byte	0
 649 04a3 0D       		.uleb128 0xd
 650 04a4 04       		.byte	0x4
 651 04a5 62040000 		.4byte	0x462
 652 04a9 0E       		.uleb128 0xe
 653 04aa BE000000 		.4byte	0xbe
 654 04ae B9040000 		.4byte	0x4b9
 655 04b2 0F       		.uleb128 0xf
 656 04b3 30000000 		.4byte	0x30
 657 04b7 00       		.byte	0
 658 04b8 00       		.byte	0
 659 04b9 10       		.uleb128 0x10
 660 04ba 5C       		.byte	0x5c
 661 04bb 0B       		.byte	0xb
 662 04bc 9203     		.2byte	0x392
 663 04be 09       		.byte	0x9
 664 04bf 06060000 		.4byte	0x606
 665 04c3 0B       		.uleb128 0xb
 666 04c4 4F080000 		.4byte	.LASF82
 667 04c8 0B       		.byte	0xb
 668 04c9 9403     		.2byte	0x394
 669 04cb 12       		.byte	0x12
 670 04cc CA000000 		.4byte	0xca
 671 04d0 00       		.byte	0
 672 04d1 0B       		.uleb128 0xb
 673 04d2 A7030000 		.4byte	.LASF83
 674 04d6 0B       		.byte	0xb
 675 04d7 9503     		.2byte	0x395
 676 04d9 12       		.byte	0x12
 677 04da CA000000 		.4byte	0xca
 678 04de 04       		.byte	0x4
 679 04df 0B       		.uleb128 0xb
 680 04e0 6A010000 		.4byte	.LASF84
 681 04e4 0B       		.byte	0xb
 682 04e5 9603     		.2byte	0x396
 683 04e7 12       		.byte	0x12
 684 04e8 CA000000 		.4byte	0xca
ARM GAS  C:\Users\angio\AppData\Local\Temp\ccyaVgOo.s 			page 13


 685 04ec 08       		.byte	0x8
 686 04ed 0B       		.uleb128 0xb
 687 04ee 1D030000 		.4byte	.LASF85
 688 04f2 0B       		.byte	0xb
 689 04f3 9703     		.2byte	0x397
 690 04f5 12       		.byte	0x12
 691 04f6 CA000000 		.4byte	0xca
 692 04fa 0C       		.byte	0xc
 693 04fb 0B       		.uleb128 0xb
 694 04fc 15020000 		.4byte	.LASF86
 695 0500 0B       		.byte	0xb
 696 0501 9803     		.2byte	0x398
 697 0503 12       		.byte	0x12
 698 0504 CA000000 		.4byte	0xca
 699 0508 10       		.byte	0x10
 700 0509 0B       		.uleb128 0xb
 701 050a F2050000 		.4byte	.LASF87
 702 050e 0B       		.byte	0xb
 703 050f 9903     		.2byte	0x399
 704 0511 12       		.byte	0x12
 705 0512 CA000000 		.4byte	0xca
 706 0516 14       		.byte	0x14
 707 0517 0B       		.uleb128 0xb
 708 0518 EB000000 		.4byte	.LASF88
 709 051c 0B       		.byte	0xb
 710 051d 9A03     		.2byte	0x39a
 711 051f 12       		.byte	0x12
 712 0520 CA000000 		.4byte	0xca
 713 0524 18       		.byte	0x18
 714 0525 0B       		.uleb128 0xb
 715 0526 29050000 		.4byte	.LASF89
 716 052a 0B       		.byte	0xb
 717 052b 9B03     		.2byte	0x39b
 718 052d 12       		.byte	0x12
 719 052e CF000000 		.4byte	0xcf
 720 0532 1C       		.byte	0x1c
 721 0533 0B       		.uleb128 0xb
 722 0534 78040000 		.4byte	.LASF90
 723 0538 0B       		.byte	0xb
 724 0539 9C03     		.2byte	0x39c
 725 053b 12       		.byte	0x12
 726 053c CA000000 		.4byte	0xca
 727 0540 20       		.byte	0x20
 728 0541 0B       		.uleb128 0xb
 729 0542 2E050000 		.4byte	.LASF91
 730 0546 0B       		.byte	0xb
 731 0547 9D03     		.2byte	0x39d
 732 0549 12       		.byte	0x12
 733 054a CA000000 		.4byte	0xca
 734 054e 24       		.byte	0x24
 735 054f 0B       		.uleb128 0xb
 736 0550 50050000 		.4byte	.LASF92
 737 0554 0B       		.byte	0xb
 738 0555 9E03     		.2byte	0x39e
 739 0557 12       		.byte	0x12
 740 0558 CA000000 		.4byte	0xca
 741 055c 28       		.byte	0x28
ARM GAS  C:\Users\angio\AppData\Local\Temp\ccyaVgOo.s 			page 14


 742 055d 0B       		.uleb128 0xb
 743 055e ED040000 		.4byte	.LASF93
 744 0562 0B       		.byte	0xb
 745 0563 9F03     		.2byte	0x39f
 746 0565 12       		.byte	0x12
 747 0566 A9040000 		.4byte	0x4a9
 748 056a 2C       		.byte	0x2c
 749 056b 0B       		.uleb128 0xb
 750 056c 7E040000 		.4byte	.LASF94
 751 0570 0B       		.byte	0xb
 752 0571 A003     		.2byte	0x3a0
 753 0573 12       		.byte	0x12
 754 0574 CA000000 		.4byte	0xca
 755 0578 30       		.byte	0x30
 756 0579 0B       		.uleb128 0xb
 757 057a C3050000 		.4byte	.LASF95
 758 057e 0B       		.byte	0xb
 759 057f A103     		.2byte	0x3a1
 760 0581 12       		.byte	0x12
 761 0582 CA000000 		.4byte	0xca
 762 0586 34       		.byte	0x34
 763 0587 0B       		.uleb128 0xb
 764 0588 5A050000 		.4byte	.LASF96
 765 058c 0B       		.byte	0xb
 766 058d A203     		.2byte	0x3a2
 767 058f 12       		.byte	0x12
 768 0590 CA000000 		.4byte	0xca
 769 0594 38       		.byte	0x38
 770 0595 0B       		.uleb128 0xb
 771 0596 F7040000 		.4byte	.LASF97
 772 059a 0B       		.byte	0xb
 773 059b A303     		.2byte	0x3a3
 774 059d 12       		.byte	0x12
 775 059e A9040000 		.4byte	0x4a9
 776 05a2 3C       		.byte	0x3c
 777 05a3 0B       		.uleb128 0xb
 778 05a4 84040000 		.4byte	.LASF98
 779 05a8 0B       		.byte	0xb
 780 05a9 A403     		.2byte	0x3a4
 781 05ab 12       		.byte	0x12
 782 05ac CA000000 		.4byte	0xca
 783 05b0 40       		.byte	0x40
 784 05b1 0B       		.uleb128 0xb
 785 05b2 BA020000 		.4byte	.LASF99
 786 05b6 0B       		.byte	0xb
 787 05b7 A503     		.2byte	0x3a5
 788 05b9 12       		.byte	0x12
 789 05ba CA000000 		.4byte	0xca
 790 05be 44       		.byte	0x44
 791 05bf 0B       		.uleb128 0xb
 792 05c0 64050000 		.4byte	.LASF100
 793 05c4 0B       		.byte	0xb
 794 05c5 A603     		.2byte	0x3a6
 795 05c7 12       		.byte	0x12
 796 05c8 CA000000 		.4byte	0xca
 797 05cc 48       		.byte	0x48
 798 05cd 0B       		.uleb128 0xb
ARM GAS  C:\Users\angio\AppData\Local\Temp\ccyaVgOo.s 			page 15


 799 05ce D0050000 		.4byte	.LASF101
 800 05d2 0B       		.byte	0xb
 801 05d3 A703     		.2byte	0x3a7
 802 05d5 12       		.byte	0x12
 803 05d6 A9040000 		.4byte	0x4a9
 804 05da 4C       		.byte	0x4c
 805 05db 0B       		.uleb128 0xb
 806 05dc 8A040000 		.4byte	.LASF102
 807 05e0 0B       		.byte	0xb
 808 05e1 A803     		.2byte	0x3a8
 809 05e3 12       		.byte	0x12
 810 05e4 CA000000 		.4byte	0xca
 811 05e8 50       		.byte	0x50
 812 05e9 0B       		.uleb128 0xb
 813 05ea CA020000 		.4byte	.LASF103
 814 05ee 0B       		.byte	0xb
 815 05ef A903     		.2byte	0x3a9
 816 05f1 12       		.byte	0x12
 817 05f2 CA000000 		.4byte	0xca
 818 05f6 54       		.byte	0x54
 819 05f7 0B       		.uleb128 0xb
 820 05f8 6E050000 		.4byte	.LASF104
 821 05fc 0B       		.byte	0xb
 822 05fd AA03     		.2byte	0x3aa
 823 05ff 12       		.byte	0x12
 824 0600 CA000000 		.4byte	0xca
 825 0604 58       		.byte	0x58
 826 0605 00       		.byte	0
 827 0606 11       		.uleb128 0x11
 828 0607 18080000 		.4byte	.LASF105
 829 060b 0B       		.byte	0xb
 830 060c AB03     		.2byte	0x3ab
 831 060e 03       		.byte	0x3
 832 060f B9040000 		.4byte	0x4b9
 833 0613 0C       		.uleb128 0xc
 834 0614 07030000 		.4byte	.LASF106
 835 0618 20       		.byte	0x20
 836 0619 0C       		.byte	0xc
 837 061a 9301     		.2byte	0x193
 838 061c 08       		.byte	0x8
 839 061d 8D060000 		.4byte	0x68d
 840 0621 0A       		.uleb128 0xa
 841 0622 723000   		.ascii	"r0\000"
 842 0625 0C       		.byte	0xc
 843 0626 9401     		.2byte	0x194
 844 0628 19       		.byte	0x19
 845 0629 BE000000 		.4byte	0xbe
 846 062d 00       		.byte	0
 847 062e 0A       		.uleb128 0xa
 848 062f 723100   		.ascii	"r1\000"
 849 0632 0C       		.byte	0xc
 850 0633 9501     		.2byte	0x195
 851 0635 19       		.byte	0x19
 852 0636 BE000000 		.4byte	0xbe
 853 063a 04       		.byte	0x4
 854 063b 0A       		.uleb128 0xa
 855 063c 723200   		.ascii	"r2\000"
ARM GAS  C:\Users\angio\AppData\Local\Temp\ccyaVgOo.s 			page 16


 856 063f 0C       		.byte	0xc
 857 0640 9601     		.2byte	0x196
 858 0642 19       		.byte	0x19
 859 0643 BE000000 		.4byte	0xbe
 860 0647 08       		.byte	0x8
 861 0648 0A       		.uleb128 0xa
 862 0649 723300   		.ascii	"r3\000"
 863 064c 0C       		.byte	0xc
 864 064d 9701     		.2byte	0x197
 865 064f 19       		.byte	0x19
 866 0650 BE000000 		.4byte	0xbe
 867 0654 0C       		.byte	0xc
 868 0655 0A       		.uleb128 0xa
 869 0656 72313200 		.ascii	"r12\000"
 870 065a 0C       		.byte	0xc
 871 065b 9801     		.2byte	0x198
 872 065d 19       		.byte	0x19
 873 065e BE000000 		.4byte	0xbe
 874 0662 10       		.byte	0x10
 875 0663 0B       		.uleb128 0xb
 876 0664 B3020000 		.4byte	.LASF107
 877 0668 0C       		.byte	0xc
 878 0669 9901     		.2byte	0x199
 879 066b 19       		.byte	0x19
 880 066c BE000000 		.4byte	0xbe
 881 0670 14       		.byte	0x14
 882 0671 0A       		.uleb128 0xa
 883 0672 706300   		.ascii	"pc\000"
 884 0675 0C       		.byte	0xc
 885 0676 9A01     		.2byte	0x19a
 886 0678 19       		.byte	0x19
 887 0679 BE000000 		.4byte	0xbe
 888 067d 18       		.byte	0x18
 889 067e 0B       		.uleb128 0xb
 890 067f 8B050000 		.4byte	.LASF108
 891 0683 0C       		.byte	0xc
 892 0684 9B01     		.2byte	0x19b
 893 0686 19       		.byte	0x19
 894 0687 BE000000 		.4byte	0xbe
 895 068b 1C       		.byte	0x1c
 896 068c 00       		.byte	0
 897 068d 0C       		.uleb128 0xc
 898 068e 60000000 		.4byte	.LASF109
 899 0692 28       		.byte	0x28
 900 0693 0C       		.byte	0xc
 901 0694 B701     		.2byte	0x1b7
 902 0696 08       		.byte	0x8
 903 0697 22070000 		.4byte	0x722
 904 069b 0B       		.uleb128 0xb
 905 069c FF020000 		.4byte	.LASF110
 906 06a0 0C       		.byte	0xc
 907 06a1 B801     		.2byte	0x1b8
 908 06a3 19       		.byte	0x19
 909 06a4 BE000000 		.4byte	0xbe
 910 06a8 00       		.byte	0
 911 06a9 0A       		.uleb128 0xa
 912 06aa 723400   		.ascii	"r4\000"
ARM GAS  C:\Users\angio\AppData\Local\Temp\ccyaVgOo.s 			page 17


 913 06ad 0C       		.byte	0xc
 914 06ae B901     		.2byte	0x1b9
 915 06b0 19       		.byte	0x19
 916 06b1 BE000000 		.4byte	0xbe
 917 06b5 04       		.byte	0x4
 918 06b6 0A       		.uleb128 0xa
 919 06b7 723500   		.ascii	"r5\000"
 920 06ba 0C       		.byte	0xc
 921 06bb BA01     		.2byte	0x1ba
 922 06bd 19       		.byte	0x19
 923 06be BE000000 		.4byte	0xbe
 924 06c2 08       		.byte	0x8
 925 06c3 0A       		.uleb128 0xa
 926 06c4 723600   		.ascii	"r6\000"
 927 06c7 0C       		.byte	0xc
 928 06c8 BB01     		.2byte	0x1bb
 929 06ca 19       		.byte	0x19
 930 06cb BE000000 		.4byte	0xbe
 931 06cf 0C       		.byte	0xc
 932 06d0 0A       		.uleb128 0xa
 933 06d1 723700   		.ascii	"r7\000"
 934 06d4 0C       		.byte	0xc
 935 06d5 BC01     		.2byte	0x1bc
 936 06d7 19       		.byte	0x19
 937 06d8 BE000000 		.4byte	0xbe
 938 06dc 10       		.byte	0x10
 939 06dd 0A       		.uleb128 0xa
 940 06de 723800   		.ascii	"r8\000"
 941 06e1 0C       		.byte	0xc
 942 06e2 BD01     		.2byte	0x1bd
 943 06e4 19       		.byte	0x19
 944 06e5 BE000000 		.4byte	0xbe
 945 06e9 14       		.byte	0x14
 946 06ea 0A       		.uleb128 0xa
 947 06eb 723900   		.ascii	"r9\000"
 948 06ee 0C       		.byte	0xc
 949 06ef BE01     		.2byte	0x1be
 950 06f1 19       		.byte	0x19
 951 06f2 BE000000 		.4byte	0xbe
 952 06f6 18       		.byte	0x18
 953 06f7 0A       		.uleb128 0xa
 954 06f8 72313000 		.ascii	"r10\000"
 955 06fc 0C       		.byte	0xc
 956 06fd BF01     		.2byte	0x1bf
 957 06ff 19       		.byte	0x19
 958 0700 BE000000 		.4byte	0xbe
 959 0704 1C       		.byte	0x1c
 960 0705 0A       		.uleb128 0xa
 961 0706 72313100 		.ascii	"r11\000"
 962 070a 0C       		.byte	0xc
 963 070b C001     		.2byte	0x1c0
 964 070d 19       		.byte	0x19
 965 070e BE000000 		.4byte	0xbe
 966 0712 20       		.byte	0x20
 967 0713 0B       		.uleb128 0xb
 968 0714 7B030000 		.4byte	.LASF111
 969 0718 0C       		.byte	0xc
ARM GAS  C:\Users\angio\AppData\Local\Temp\ccyaVgOo.s 			page 18


 970 0719 C401     		.2byte	0x1c4
 971 071b 19       		.byte	0x19
 972 071c BE000000 		.4byte	0xbe
 973 0720 24       		.byte	0x24
 974 0721 00       		.byte	0
 975 0722 0C       		.uleb128 0xc
 976 0723 C8040000 		.4byte	.LASF112
 977 0727 2C       		.byte	0x2c
 978 0728 0C       		.byte	0xc
 979 0729 DF01     		.2byte	0x1df
 980 072b 08       		.byte	0x8
 981 072c 4C070000 		.4byte	0x74c
 982 0730 0A       		.uleb128 0xa
 983 0731 737000   		.ascii	"sp\000"
 984 0734 0C       		.byte	0xc
 985 0735 E001     		.2byte	0x1e0
 986 0737 1A       		.byte	0x1a
 987 0738 4C070000 		.4byte	0x74c
 988 073c 00       		.byte	0
 989 073d 0B       		.uleb128 0xb
 990 073e 1F060000 		.4byte	.LASF113
 991 0742 0C       		.byte	0xc
 992 0743 E101     		.2byte	0x1e1
 993 0745 19       		.byte	0x19
 994 0746 8D060000 		.4byte	0x68d
 995 074a 04       		.byte	0x4
 996 074b 00       		.byte	0
 997 074c 0D       		.uleb128 0xd
 998 074d 04       		.byte	0x4
 999 074e 13060000 		.4byte	0x613
 1000 0752 0D       		.uleb128 0xd
 1001 0753 04       		.byte	0x4
 1002 0754 39010000 		.4byte	0x139
 1003 0758 12       		.uleb128 0x12
 1004 0759 04       		.byte	0x4
 1005 075a 13       		.uleb128 0x13
 1006 075b 04       		.byte	0x4
 1007 075c 0D       		.byte	0xd
 1008 075d 3F       		.byte	0x3f
 1009 075e 09       		.byte	0x9
 1010 075f 71070000 		.4byte	0x771
 1011 0763 09       		.uleb128 0x9
 1012 0764 E8070000 		.4byte	.LASF114
 1013 0768 0D       		.byte	0xd
 1014 0769 43       		.byte	0x43
 1015 076a 19       		.byte	0x19
 1016 076b 15010000 		.4byte	0x115
 1017 076f 00       		.byte	0
 1018 0770 00       		.byte	0
 1019 0771 03       		.uleb128 0x3
 1020 0772 33040000 		.4byte	.LASF115
 1021 0776 0D       		.byte	0xd
 1022 0777 44       		.byte	0x44
 1023 0778 03       		.byte	0x3
 1024 0779 5A070000 		.4byte	0x75a
 1025 077d 13       		.uleb128 0x13
 1026 077e 18       		.byte	0x18
ARM GAS  C:\Users\angio\AppData\Local\Temp\ccyaVgOo.s 			page 19


 1027 077f 0D       		.byte	0xd
 1028 0780 4F       		.byte	0x4f
 1029 0781 09       		.byte	0x9
 1030 0782 C6070000 		.4byte	0x7c6
 1031 0786 09       		.uleb128 0x9
 1032 0787 FA020000 		.4byte	.LASF116
 1033 078b 0D       		.byte	0xd
 1034 078c 50       		.byte	0x50
 1035 078d 19       		.byte	0x19
 1036 078e 15010000 		.4byte	0x115
 1037 0792 00       		.byte	0
 1038 0793 09       		.uleb128 0x9
 1039 0794 AC000000 		.4byte	.LASF117
 1040 0798 0D       		.byte	0xd
 1041 0799 51       		.byte	0x51
 1042 079a 19       		.byte	0x19
 1043 079b 15010000 		.4byte	0x115
 1044 079f 04       		.byte	0x4
 1045 07a0 09       		.uleb128 0x9
 1046 07a1 2A030000 		.4byte	.LASF118
 1047 07a5 0D       		.byte	0xd
 1048 07a6 52       		.byte	0x52
 1049 07a7 19       		.byte	0x19
 1050 07a8 15010000 		.4byte	0x115
 1051 07ac 08       		.byte	0x8
 1052 07ad 08       		.uleb128 0x8
 1053 07ae 6E00     		.ascii	"n\000"
 1054 07b0 0D       		.byte	0xd
 1055 07b1 53       		.byte	0x53
 1056 07b2 19       		.byte	0x19
 1057 07b3 99010000 		.4byte	0x199
 1058 07b7 0C       		.byte	0xc
 1059 07b8 09       		.uleb128 0x9
 1060 07b9 A8040000 		.4byte	.LASF119
 1061 07bd 0D       		.byte	0xd
 1062 07be 54       		.byte	0x54
 1063 07bf 19       		.byte	0x19
 1064 07c0 21010000 		.4byte	0x121
 1065 07c4 10       		.byte	0x10
 1066 07c5 00       		.byte	0
 1067 07c6 03       		.uleb128 0x3
 1068 07c7 B2000000 		.4byte	.LASF120
 1069 07cb 0D       		.byte	0xd
 1070 07cc 55       		.byte	0x55
 1071 07cd 03       		.byte	0x3
 1072 07ce 7D070000 		.4byte	0x77d
 1073 07d2 14       		.uleb128 0x14
 1074 07d3 07       		.byte	0x7
 1075 07d4 01       		.byte	0x1
 1076 07d5 58000000 		.4byte	0x58
 1077 07d9 06       		.byte	0x6
 1078 07da 32       		.byte	0x32
 1079 07db 0E       		.byte	0xe
 1080 07dc F9070000 		.4byte	0x7f9
 1081 07e0 15       		.uleb128 0x15
 1082 07e1 59060000 		.4byte	.LASF121
 1083 07e5 00       		.byte	0
ARM GAS  C:\Users\angio\AppData\Local\Temp\ccyaVgOo.s 			page 20


 1084 07e6 15       		.uleb128 0x15
 1085 07e7 70080000 		.4byte	.LASF122
 1086 07eb 01       		.byte	0x1
 1087 07ec 15       		.uleb128 0x15
 1088 07ed DC000000 		.4byte	.LASF123
 1089 07f1 02       		.byte	0x2
 1090 07f2 15       		.uleb128 0x15
 1091 07f3 51090000 		.4byte	.LASF124
 1092 07f7 03       		.byte	0x3
 1093 07f8 00       		.byte	0
 1094 07f9 03       		.uleb128 0x3
 1095 07fa 64090000 		.4byte	.LASF125
 1096 07fe 06       		.byte	0x6
 1097 07ff 37       		.byte	0x37
 1098 0800 03       		.byte	0x3
 1099 0801 D2070000 		.4byte	0x7d2
 1100 0805 07       		.uleb128 0x7
 1101 0806 06040000 		.4byte	.LASF126
 1102 080a 18       		.byte	0x18
 1103 080b 06       		.byte	0x6
 1104 080c 64       		.byte	0x64
 1105 080d 10       		.byte	0x10
 1106 080e 3A080000 		.4byte	0x83a
 1107 0812 09       		.uleb128 0x9
 1108 0813 7F070000 		.4byte	.LASF127
 1109 0817 06       		.byte	0x6
 1110 0818 68       		.byte	0x68
 1111 0819 21       		.byte	0x21
 1112 081a 62040000 		.4byte	0x462
 1113 081e 00       		.byte	0
 1114 081f 09       		.uleb128 0x9
 1115 0820 82050000 		.4byte	.LASF128
 1116 0824 06       		.byte	0x6
 1117 0825 73       		.byte	0x73
 1118 0826 21       		.byte	0x21
 1119 0827 9C030000 		.4byte	0x39c
 1120 082b 0C       		.byte	0xc
 1121 082c 09       		.uleb128 0x9
 1122 082d 9D030000 		.4byte	.LASF129
 1123 0831 06       		.byte	0x6
 1124 0832 79       		.byte	0x79
 1125 0833 21       		.byte	0x21
 1126 0834 E0000000 		.4byte	0xe0
 1127 0838 10       		.byte	0x10
 1128 0839 00       		.byte	0
 1129 083a 03       		.uleb128 0x3
 1130 083b 0F010000 		.4byte	.LASF130
 1131 083f 06       		.byte	0x6
 1132 0840 7B       		.byte	0x7b
 1133 0841 03       		.byte	0x3
 1134 0842 05080000 		.4byte	0x805
 1135 0846 07       		.uleb128 0x7
 1136 0847 1E020000 		.4byte	.LASF131
 1137 084b 08       		.byte	0x8
 1138 084c 06       		.byte	0x6
 1139 084d 80       		.byte	0x80
 1140 084e 10       		.byte	0x10
ARM GAS  C:\Users\angio\AppData\Local\Temp\ccyaVgOo.s 			page 21


 1141 084f 61080000 		.4byte	0x861
 1142 0853 09       		.uleb128 0x9
 1143 0854 FF010000 		.4byte	.LASF132
 1144 0858 06       		.byte	0x6
 1145 0859 84       		.byte	0x84
 1146 085a 21       		.byte	0x21
 1147 085b E1030000 		.4byte	0x3e1
 1148 085f 00       		.byte	0
 1149 0860 00       		.byte	0
 1150 0861 03       		.uleb128 0x3
 1151 0862 E7050000 		.4byte	.LASF133
 1152 0866 06       		.byte	0x6
 1153 0867 85       		.byte	0x85
 1154 0868 03       		.byte	0x3
 1155 0869 46080000 		.4byte	0x846
 1156 086d 03       		.uleb128 0x3
 1157 086e F3030000 		.4byte	.LASF134
 1158 0872 06       		.byte	0x6
 1159 0873 8A       		.byte	0x8a
 1160 0874 14       		.byte	0x14
 1161 0875 79080000 		.4byte	0x879
 1162 0879 0D       		.uleb128 0xd
 1163 087a 04       		.byte	0x4
 1164 087b B1010000 		.4byte	0x1b1
 1165 087f 16       		.uleb128 0x16
 1166 0880 0C       		.byte	0xc
 1167 0881 06       		.byte	0x6
 1168 0882 A0       		.byte	0xa0
 1169 0883 03       		.byte	0x3
 1170 0884 AD080000 		.4byte	0x8ad
 1171 0888 17       		.uleb128 0x17
 1172 0889 5F090000 		.4byte	.LASF135
 1173 088d 06       		.byte	0x6
 1174 088e A4       		.byte	0xa4
 1175 088f 21       		.byte	0x21
 1176 0890 B4030000 		.4byte	0x3b4
 1177 0894 17       		.uleb128 0x17
 1178 0895 FF010000 		.4byte	.LASF132
 1179 0899 06       		.byte	0x6
 1180 089a A8       		.byte	0xa8
 1181 089b 21       		.byte	0x21
 1182 089c E1030000 		.4byte	0x3e1
 1183 08a0 17       		.uleb128 0x17
 1184 08a1 C4070000 		.4byte	.LASF136
 1185 08a5 06       		.byte	0x6
 1186 08a6 AC       		.byte	0xac
 1187 08a7 21       		.byte	0x21
 1188 08a8 1B040000 		.4byte	0x41b
 1189 08ac 00       		.byte	0
 1190 08ad 16       		.uleb128 0x16
 1191 08ae 04       		.byte	0x4
 1192 08af 06       		.byte	0x6
 1193 08b0 EB       		.byte	0xeb
 1194 08b1 03       		.byte	0x3
 1195 08b2 1D090000 		.4byte	0x91d
 1196 08b6 17       		.uleb128 0x17
 1197 08b7 1F000000 		.4byte	.LASF137
ARM GAS  C:\Users\angio\AppData\Local\Temp\ccyaVgOo.s 			page 22


 1198 08bb 06       		.byte	0x6
 1199 08bc F2       		.byte	0xf2
 1200 08bd 21       		.byte	0x21
 1201 08be 75010000 		.4byte	0x175
 1202 08c2 17       		.uleb128 0x17
 1203 08c3 F3000000 		.4byte	.LASF138
 1204 08c7 06       		.byte	0x6
 1205 08c8 F9       		.byte	0xf9
 1206 08c9 21       		.byte	0x21
 1207 08ca 75010000 		.4byte	0x175
 1208 08ce 18       		.uleb128 0x18
 1209 08cf 4B030000 		.4byte	.LASF139
 1210 08d3 06       		.byte	0x6
 1211 08d4 0001     		.2byte	0x100
 1212 08d6 22       		.byte	0x22
 1213 08d7 58070000 		.4byte	0x758
 1214 08db 18       		.uleb128 0x18
 1215 08dc D7020000 		.4byte	.LASF140
 1216 08e0 06       		.byte	0x6
 1217 08e1 0701     		.2byte	0x107
 1218 08e3 22       		.byte	0x22
 1219 08e4 1D090000 		.4byte	0x91d
 1220 08e8 18       		.uleb128 0x18
 1221 08e9 07010000 		.4byte	.LASF141
 1222 08ed 06       		.byte	0x6
 1223 08ee 0C01     		.2byte	0x10c
 1224 08f0 21       		.byte	0x21
 1225 08f1 75010000 		.4byte	0x175
 1226 08f5 18       		.uleb128 0x18
 1227 08f6 D0020000 		.4byte	.LASF142
 1228 08fa 06       		.byte	0x6
 1229 08fb 1501     		.2byte	0x115
 1230 08fd 22       		.byte	0x22
 1231 08fe 4B090000 		.4byte	0x94b
 1232 0902 18       		.uleb128 0x18
 1233 0903 02060000 		.4byte	.LASF143
 1234 0907 06       		.byte	0x6
 1235 0908 1E01     		.2byte	0x11e
 1236 090a 22       		.byte	0x22
 1237 090b 86090000 		.4byte	0x986
 1238 090f 18       		.uleb128 0x18
 1239 0910 97050000 		.4byte	.LASF144
 1240 0914 06       		.byte	0x6
 1241 0915 2601     		.2byte	0x126
 1242 0917 21       		.byte	0x21
 1243 0918 81010000 		.4byte	0x181
 1244 091c 00       		.byte	0
 1245 091d 0D       		.uleb128 0xd
 1246 091e 04       		.byte	0x4
 1247 091f 6D080000 		.4byte	0x86d
 1248 0923 07       		.uleb128 0x7
 1249 0924 DA050000 		.4byte	.LASF145
 1250 0928 0C       		.byte	0xc
 1251 0929 0E       		.byte	0xe
 1252 092a 34       		.byte	0x34
 1253 092b 10       		.byte	0x10
 1254 092c 4B090000 		.4byte	0x94b
ARM GAS  C:\Users\angio\AppData\Local\Temp\ccyaVgOo.s 			page 23


 1255 0930 09       		.uleb128 0x9
 1256 0931 FF010000 		.4byte	.LASF132
 1257 0935 0E       		.byte	0xe
 1258 0936 35       		.byte	0x35
 1259 0937 19       		.byte	0x19
 1260 0938 E1030000 		.4byte	0x3e1
 1261 093c 00       		.byte	0
 1262 093d 08       		.uleb128 0x8
 1263 093e 636E7400 		.ascii	"cnt\000"
 1264 0942 0E       		.byte	0xe
 1265 0943 37       		.byte	0x37
 1266 0944 19       		.byte	0x19
 1267 0945 8D010000 		.4byte	0x18d
 1268 0949 08       		.byte	0x8
 1269 094a 00       		.byte	0
 1270 094b 0D       		.uleb128 0xd
 1271 094c 04       		.byte	0x4
 1272 094d 23090000 		.4byte	0x923
 1273 0951 07       		.uleb128 0x7
 1274 0952 8E080000 		.4byte	.LASF146
 1275 0956 10       		.byte	0x10
 1276 0957 0F       		.byte	0xf
 1277 0958 39       		.byte	0x39
 1278 0959 08       		.byte	0x8
 1279 095a 86090000 		.4byte	0x986
 1280 095e 09       		.uleb128 0x9
 1281 095f FF010000 		.4byte	.LASF132
 1282 0963 0F       		.byte	0xf
 1283 0964 3A       		.byte	0x3a
 1284 0965 19       		.byte	0x19
 1285 0966 E1030000 		.4byte	0x3e1
 1286 096a 00       		.byte	0
 1287 096b 09       		.uleb128 0x9
 1288 096c 19060000 		.4byte	.LASF38
 1289 0970 0F       		.byte	0xf
 1290 0971 3C       		.byte	0x3c
 1291 0972 1A       		.byte	0x1a
 1292 0973 79080000 		.4byte	0x879
 1293 0977 08       		.byte	0x8
 1294 0978 09       		.uleb128 0x9
 1295 0979 25010000 		.4byte	.LASF72
 1296 097d 0F       		.byte	0xf
 1297 097e 3E       		.byte	0x3e
 1298 097f 1A       		.byte	0x1a
 1299 0980 C00A0000 		.4byte	0xac0
 1300 0984 0C       		.byte	0xc
 1301 0985 00       		.byte	0
 1302 0986 0D       		.uleb128 0xd
 1303 0987 04       		.byte	0x4
 1304 0988 51090000 		.4byte	0x951
 1305 098c 0D       		.uleb128 0xd
 1306 098d 04       		.byte	0x4
 1307 098e A0020000 		.4byte	0x2a0
 1308 0992 0C       		.uleb128 0xc
 1309 0993 5A030000 		.4byte	.LASF147
 1310 0997 10       		.byte	0x10
 1311 0998 06       		.byte	0x6
ARM GAS  C:\Users\angio\AppData\Local\Temp\ccyaVgOo.s 			page 24


 1312 0999 5C01     		.2byte	0x15c
 1313 099b 10       		.byte	0x10
 1314 099c BD090000 		.4byte	0x9bd
 1315 09a0 0B       		.uleb128 0xb
 1316 09a1 C4070000 		.4byte	.LASF136
 1317 09a5 06       		.byte	0x6
 1318 09a6 6101     		.2byte	0x161
 1319 09a8 21       		.byte	0x21
 1320 09a9 1B040000 		.4byte	0x41b
 1321 09ad 00       		.byte	0
 1322 09ae 0B       		.uleb128 0xb
 1323 09af 95040000 		.4byte	.LASF148
 1324 09b3 06       		.byte	0x6
 1325 09b4 6501     		.2byte	0x165
 1326 09b6 22       		.byte	0x22
 1327 09b7 79080000 		.4byte	0x879
 1328 09bb 0C       		.byte	0xc
 1329 09bc 00       		.byte	0
 1330 09bd 11       		.uleb128 0x11
 1331 09be 00000000 		.4byte	.LASF149
 1332 09c2 06       		.byte	0x6
 1333 09c3 6601     		.2byte	0x166
 1334 09c5 03       		.byte	0x3
 1335 09c6 92090000 		.4byte	0x992
 1336 09ca 0C       		.uleb128 0xc
 1337 09cb 62040000 		.4byte	.LASF150
 1338 09cf 14       		.byte	0x14
 1339 09d0 06       		.byte	0x6
 1340 09d1 6B01     		.2byte	0x16b
 1341 09d3 10       		.byte	0x10
 1342 09d4 1F0A0000 		.4byte	0xa1f
 1343 09d8 0B       		.uleb128 0xb
 1344 09d9 EF020000 		.4byte	.LASF39
 1345 09dd 06       		.byte	0x6
 1346 09de 6F01     		.2byte	0x16f
 1347 09e0 22       		.byte	0x22
 1348 09e1 79030000 		.4byte	0x379
 1349 09e5 00       		.byte	0
 1350 09e6 0B       		.uleb128 0xb
 1351 09e7 7A020000 		.4byte	.LASF151
 1352 09eb 06       		.byte	0x6
 1353 09ec 7501     		.2byte	0x175
 1354 09ee 22       		.byte	0x22
 1355 09ef 52070000 		.4byte	0x752
 1356 09f3 04       		.byte	0x4
 1357 09f4 0B       		.uleb128 0xb
 1358 09f5 54080000 		.4byte	.LASF152
 1359 09f9 06       		.byte	0x6
 1360 09fa 7901     		.2byte	0x179
 1361 09fc 22       		.byte	0x22
 1362 09fd 52070000 		.4byte	0x752
 1363 0a01 08       		.byte	0x8
 1364 0a02 0B       		.uleb128 0xb
 1365 0a03 8D030000 		.4byte	.LASF153
 1366 0a07 06       		.byte	0x6
 1367 0a08 7F01     		.2byte	0x17f
 1368 0a0a 22       		.byte	0x22
ARM GAS  C:\Users\angio\AppData\Local\Temp\ccyaVgOo.s 			page 25


 1369 0a0b 52070000 		.4byte	0x752
 1370 0a0f 0C       		.byte	0xc
 1371 0a10 0B       		.uleb128 0xb
 1372 0a11 7D090000 		.4byte	.LASF154
 1373 0a15 06       		.byte	0x6
 1374 0a16 8301     		.2byte	0x183
 1375 0a18 22       		.byte	0x22
 1376 0a19 52070000 		.4byte	0x752
 1377 0a1d 10       		.byte	0x10
 1378 0a1e 00       		.byte	0
 1379 0a1f 11       		.uleb128 0x11
 1380 0a20 97000000 		.4byte	.LASF155
 1381 0a24 06       		.byte	0x6
 1382 0a25 8501     		.2byte	0x185
 1383 0a27 03       		.byte	0x3
 1384 0a28 CA090000 		.4byte	0x9ca
 1385 0a2c 06       		.uleb128 0x6
 1386 0a2d 1F0A0000 		.4byte	0xa1f
 1387 0a31 0D       		.uleb128 0xd
 1388 0a32 04       		.byte	0x4
 1389 0a33 2C0A0000 		.4byte	0xa2c
 1390 0a37 0C       		.uleb128 0xc
 1391 0a38 9E050000 		.4byte	.LASF156
 1392 0a3c 0C       		.byte	0xc
 1393 0a3d 06       		.byte	0x6
 1394 0a3e C901     		.2byte	0x1c9
 1395 0a40 10       		.byte	0x10
 1396 0a41 700A0000 		.4byte	0xa70
 1397 0a45 0B       		.uleb128 0xb
 1398 0a46 C9010000 		.4byte	.LASF41
 1399 0a4a 06       		.byte	0x6
 1400 0a4b CD01     		.2byte	0x1cd
 1401 0a4d 21       		.byte	0x21
 1402 0a4e F9070000 		.4byte	0x7f9
 1403 0a52 00       		.byte	0
 1404 0a53 0B       		.uleb128 0xb
 1405 0a54 C0020000 		.4byte	.LASF157
 1406 0a58 06       		.byte	0x6
 1407 0a59 D101     		.2byte	0x1d1
 1408 0a5b 22       		.byte	0x22
 1409 0a5c 700A0000 		.4byte	0xa70
 1410 0a60 04       		.byte	0x4
 1411 0a61 0A       		.uleb128 0xa
 1412 0a62 746D6300 		.ascii	"tmc\000"
 1413 0a66 06       		.byte	0x6
 1414 0a67 D601     		.2byte	0x1d6
 1415 0a69 21       		.byte	0x21
 1416 0a6a 71070000 		.4byte	0x771
 1417 0a6e 08       		.byte	0x8
 1418 0a6f 00       		.byte	0
 1419 0a70 0E       		.uleb128 0xe
 1420 0a71 8C090000 		.4byte	0x98c
 1421 0a75 800A0000 		.4byte	0xa80
 1422 0a79 0F       		.uleb128 0xf
 1423 0a7a 30000000 		.4byte	0x30
 1424 0a7e 00       		.byte	0
 1425 0a7f 00       		.byte	0
ARM GAS  C:\Users\angio\AppData\Local\Temp\ccyaVgOo.s 			page 26


 1426 0a80 11       		.uleb128 0x11
 1427 0a81 3F030000 		.4byte	.LASF158
 1428 0a85 06       		.byte	0x6
 1429 0a86 ED01     		.2byte	0x1ed
 1430 0a88 03       		.byte	0x3
 1431 0a89 370A0000 		.4byte	0xa37
 1432 0a8d 19       		.uleb128 0x19
 1433 0a8e 9E050000 		.4byte	.LASF156
 1434 0a92 10       		.byte	0x10
 1435 0a93 3E01     		.2byte	0x13e
 1436 0a95 14       		.byte	0x14
 1437 0a96 800A0000 		.4byte	0xa80
 1438 0a9a 19       		.uleb128 0x19
 1439 0a9b 01050000 		.4byte	.LASF159
 1440 0a9f 10       		.byte	0x10
 1441 0aa0 4001     		.2byte	0x140
 1442 0aa2 23       		.byte	0x23
 1443 0aa3 2C0A0000 		.4byte	0xa2c
 1444 0aa7 1A       		.uleb128 0x1a
 1445 0aa8 63683000 		.ascii	"ch0\000"
 1446 0aac 10       		.byte	0x10
 1447 0aad 4101     		.2byte	0x141
 1448 0aaf 16       		.byte	0x16
 1449 0ab0 A0020000 		.4byte	0x2a0
 1450 0ab4 03       		.uleb128 0x3
 1451 0ab5 8A020000 		.4byte	.LASF160
 1452 0ab9 0F       		.byte	0xf
 1453 0aba 34       		.byte	0x34
 1454 0abb 19       		.byte	0x19
 1455 0abc 51090000 		.4byte	0x951
 1456 0ac0 0D       		.uleb128 0xd
 1457 0ac1 04       		.byte	0x4
 1458 0ac2 B40A0000 		.4byte	0xab4
 1459 0ac6 04       		.uleb128 0x4
 1460 0ac7 01       		.byte	0x1
 1461 0ac8 02       		.byte	0x2
 1462 0ac9 34050000 		.4byte	.LASF161
 1463 0acd 1B       		.uleb128 0x1b
 1464 0ace 8D0A0000 		.4byte	0xa8d
 1465 0ad2 11       		.byte	0x11
 1466 0ad3 2D       		.byte	0x2d
 1467 0ad4 0D       		.byte	0xd
 1468 0ad5 1B       		.uleb128 0x1b
 1469 0ad6 A70A0000 		.4byte	0xaa7
 1470 0ada 11       		.byte	0x11
 1471 0adb 32       		.byte	0x32
 1472 0adc 23       		.byte	0x23
 1473 0add 0E       		.uleb128 0xe
 1474 0ade 39010000 		.4byte	0x139
 1475 0ae2 ED0A0000 		.4byte	0xaed
 1476 0ae6 0F       		.uleb128 0xf
 1477 0ae7 30000000 		.4byte	0x30
 1478 0aeb 19       		.byte	0x19
 1479 0aec 00       		.byte	0
 1480 0aed 1C       		.uleb128 0x1c
 1481 0aee D1080000 		.4byte	.LASF162
 1482 0af2 11       		.byte	0x11
ARM GAS  C:\Users\angio\AppData\Local\Temp\ccyaVgOo.s 			page 27


 1483 0af3 38       		.byte	0x38
 1484 0af4 1C       		.byte	0x1c
 1485 0af5 DD0A0000 		.4byte	0xadd
 1486 0af9 1B       		.uleb128 0x1b
 1487 0afa 9A0A0000 		.4byte	0xa9a
 1488 0afe 11       		.byte	0x11
 1489 0aff 43       		.byte	0x43
 1490 0b00 1C       		.byte	0x1c
 1491 0b01 1D       		.uleb128 0x1d
 1492 0b02 68020000 		.4byte	.LASF165
 1493 0b06 11       		.byte	0x11
 1494 0b07 EC01     		.2byte	0x1ec
 1495 0b09 06       		.byte	0x6
 1496 0b0a 360B0000 		.4byte	0xb36
 1497 0b0e 1E       		.uleb128 0x1e
 1498 0b0f 90050000 		.4byte	.LASF164
 1499 0b13 11       		.byte	0x11
 1500 0b14 EC01     		.2byte	0x1ec
 1501 0b16 20       		.byte	0x20
 1502 0b17 15010000 		.4byte	0x115
 1503 0b1b 1F       		.uleb128 0x1f
 1504 0b1c 71010000 		.4byte	.LASF163
 1505 0b20 11       		.byte	0x11
 1506 0b21 ED01     		.2byte	0x1ed
 1507 0b23 0B       		.byte	0xb
 1508 0b24 15010000 		.4byte	0x115
 1509 0b28 20       		.uleb128 0x20
 1510 0b29 656E6400 		.ascii	"end\000"
 1511 0b2d 11       		.byte	0x11
 1512 0b2e EE01     		.2byte	0x1ee
 1513 0b30 0B       		.byte	0xb
 1514 0b31 15010000 		.4byte	0x115
 1515 0b35 00       		.byte	0
 1516 0b36 21       		.uleb128 0x21
 1517 0b37 3A020000 		.4byte	.LASF167
 1518 0b3b 11       		.byte	0x11
 1519 0b3c DB01     		.2byte	0x1db
 1520 0b3e 06       		.byte	0x6
 1521 0b3f C60A0000 		.4byte	0xac6
 1522 0b43 6F0B0000 		.4byte	0xb6f
 1523 0b47 22       		.uleb128 0x22
 1524 0b48 636E7400 		.ascii	"cnt\000"
 1525 0b4c 11       		.byte	0x11
 1526 0b4d DB01     		.2byte	0x1db
 1527 0b4f 24       		.byte	0x24
 1528 0b50 15010000 		.4byte	0x115
 1529 0b54 1E       		.uleb128 0x1e
 1530 0b55 71010000 		.4byte	.LASF163
 1531 0b59 11       		.byte	0x11
 1532 0b5a DB01     		.2byte	0x1db
 1533 0b5c 31       		.byte	0x31
 1534 0b5d 15010000 		.4byte	0x115
 1535 0b61 22       		.uleb128 0x22
 1536 0b62 656E6400 		.ascii	"end\000"
 1537 0b66 11       		.byte	0x11
 1538 0b67 DB01     		.2byte	0x1db
 1539 0b69 40       		.byte	0x40
ARM GAS  C:\Users\angio\AppData\Local\Temp\ccyaVgOo.s 			page 28


 1540 0b6a 15010000 		.4byte	0x115
 1541 0b6e 00       		.byte	0
 1542 0b6f 1D       		.uleb128 0x1d
 1543 0b70 94090000 		.4byte	.LASF166
 1544 0b74 11       		.byte	0x11
 1545 0b75 BB01     		.2byte	0x1bb
 1546 0b77 06       		.byte	0x6
 1547 0b78 8A0B0000 		.4byte	0xb8a
 1548 0b7c 22       		.uleb128 0x22
 1549 0b7d 73747300 		.ascii	"sts\000"
 1550 0b81 11       		.byte	0x11
 1551 0b82 BB01     		.2byte	0x1bb
 1552 0b84 23       		.byte	0x23
 1553 0b85 2D010000 		.4byte	0x12d
 1554 0b89 00       		.byte	0
 1555 0b8a 21       		.uleb128 0x21
 1556 0b8b 24060000 		.4byte	.LASF168
 1557 0b8f 11       		.byte	0x11
 1558 0b90 A401     		.2byte	0x1a4
 1559 0b92 0A       		.byte	0xa
 1560 0b93 2D010000 		.4byte	0x12d
 1561 0b97 A90B0000 		.4byte	0xba9
 1562 0b9b 20       		.uleb128 0x20
 1563 0b9c 73747300 		.ascii	"sts\000"
 1564 0ba0 11       		.byte	0x11
 1565 0ba1 A601     		.2byte	0x1a6
 1566 0ba3 0C       		.byte	0xc
 1567 0ba4 2D010000 		.4byte	0x12d
 1568 0ba8 00       		.byte	0
 1569 0ba9 23       		.uleb128 0x23
 1570 0baa 8F070000 		.4byte	.LASF201
 1571 0bae 11       		.byte	0x11
 1572 0baf 8201     		.2byte	0x182
 1573 0bb1 06       		.byte	0x6
 1574 0bb2 21       		.uleb128 0x21
 1575 0bb3 30090000 		.4byte	.LASF169
 1576 0bb7 11       		.byte	0x11
 1577 0bb8 1801     		.2byte	0x118
 1578 0bba 06       		.byte	0x6
 1579 0bbb C60A0000 		.4byte	0xac6
 1580 0bbf 2A0C0000 		.4byte	0xc2a
 1581 0bc3 1E       		.uleb128 0x1e
 1582 0bc4 02090000 		.4byte	.LASF170
 1583 0bc8 11       		.byte	0x11
 1584 0bc9 1801     		.2byte	0x118
 1585 0bcb 24       		.byte	0x24
 1586 0bcc 30000000 		.4byte	0x30
 1587 0bd0 20       		.uleb128 0x20
 1588 0bd1 6F697000 		.ascii	"oip\000"
 1589 0bd5 11       		.byte	0x11
 1590 0bd6 1901     		.2byte	0x119
 1591 0bd8 12       		.byte	0x12
 1592 0bd9 8C090000 		.4byte	0x98c
 1593 0bdd 20       		.uleb128 0x20
 1594 0bde 6E00     		.ascii	"n\000"
 1595 0be0 11       		.byte	0x11
 1596 0be1 1A01     		.2byte	0x11a
ARM GAS  C:\Users\angio\AppData\Local\Temp\ccyaVgOo.s 			page 29


 1597 0be3 09       		.byte	0x9
 1598 0be4 8D010000 		.4byte	0x18d
 1599 0be8 24       		.uleb128 0x24
 1600 0be9 FB0B0000 		.4byte	0xbfb
 1601 0bed 20       		.uleb128 0x20
 1602 0bee 70717000 		.ascii	"pqp\000"
 1603 0bf2 11       		.byte	0x11
 1604 0bf3 2001     		.2byte	0x120
 1605 0bf5 1A       		.byte	0x1a
 1606 0bf6 5C040000 		.4byte	0x45c
 1607 0bfa 00       		.byte	0
 1608 0bfb 24       		.uleb128 0x24
 1609 0bfc 0E0C0000 		.4byte	0xc0e
 1610 0c00 20       		.uleb128 0x20
 1611 0c01 646C7000 		.ascii	"dlp\000"
 1612 0c05 11       		.byte	0x11
 1613 0c06 3901     		.2byte	0x139
 1614 0c08 16       		.byte	0x16
 1615 0c09 A3040000 		.4byte	0x4a3
 1616 0c0d 00       		.byte	0
 1617 0c0e 25       		.uleb128 0x25
 1618 0c0f 20       		.uleb128 0x20
 1619 0c10 717000   		.ascii	"qp\000"
 1620 0c13 11       		.byte	0x11
 1621 0c14 5201     		.2byte	0x152
 1622 0c16 11       		.byte	0x11
 1623 0c17 15040000 		.4byte	0x415
 1624 0c1b 20       		.uleb128 0x20
 1625 0c1c 72717000 		.ascii	"rqp\000"
 1626 0c20 11       		.byte	0x11
 1627 0c21 5201     		.2byte	0x152
 1628 0c23 16       		.byte	0x16
 1629 0c24 15040000 		.4byte	0x415
 1630 0c28 00       		.byte	0
 1631 0c29 00       		.byte	0
 1632 0c2a 26       		.uleb128 0x26
 1633 0c2b 6B070000 		.4byte	.LASF171
 1634 0c2f 11       		.byte	0x11
 1635 0c30 F8       		.byte	0xf8
 1636 0c31 0B       		.byte	0xb
 1637 0c32 79080000 		.4byte	0x879
 1638 0c36 4F0C0000 		.4byte	0xc4f
 1639 0c3a 27       		.uleb128 0x27
 1640 0c3b 747000   		.ascii	"tp\000"
 1641 0c3e 11       		.byte	0x11
 1642 0c3f F9       		.byte	0xf9
 1643 0c40 0D       		.byte	0xd
 1644 0c41 79080000 		.4byte	0x879
 1645 0c45 28       		.uleb128 0x28
 1646 0c46 B0050000 		.4byte	.LASF179
 1647 0c4a 5F0C0000 		.4byte	0xc5f
 1648 0c4e 00       		.byte	0
 1649 0c4f 0E       		.uleb128 0xe
 1650 0c50 8B030000 		.4byte	0x38b
 1651 0c54 5F0C0000 		.4byte	0xc5f
 1652 0c58 0F       		.uleb128 0xf
 1653 0c59 30000000 		.4byte	0x30
ARM GAS  C:\Users\angio\AppData\Local\Temp\ccyaVgOo.s 			page 30


 1654 0c5d 13       		.byte	0x13
 1655 0c5e 00       		.byte	0
 1656 0c5f 06       		.uleb128 0x6
 1657 0c60 4F0C0000 		.4byte	0xc4f
 1658 0c64 29       		.uleb128 0x29
 1659 0c65 84080000 		.4byte	.LASF172
 1660 0c69 11       		.byte	0x11
 1661 0c6a D1       		.byte	0xd1
 1662 0c6b 06       		.byte	0x6
 1663 0c6c 7D0C0000 		.4byte	0xc7d
 1664 0c70 2A       		.uleb128 0x2a
 1665 0c71 C9050000 		.4byte	.LASF173
 1666 0c75 11       		.byte	0x11
 1667 0c76 D1       		.byte	0xd1
 1668 0c77 1C       		.byte	0x1c
 1669 0c78 79030000 		.4byte	0x379
 1670 0c7c 00       		.byte	0
 1671 0c7d 29       		.uleb128 0x29
 1672 0c7e 52010000 		.4byte	.LASF174
 1673 0c82 11       		.byte	0x11
 1674 0c83 9F       		.byte	0x9f
 1675 0c84 06       		.byte	0x6
 1676 0c85 940C0000 		.4byte	0xc94
 1677 0c89 27       		.uleb128 0x27
 1678 0c8a 6900     		.ascii	"i\000"
 1679 0c8c 11       		.byte	0x11
 1680 0c8d A0       		.byte	0xa0
 1681 0c8e 0C       		.byte	0xc
 1682 0c8f 30000000 		.4byte	0x30
 1683 0c93 00       		.byte	0
 1684 0c94 29       		.uleb128 0x29
 1685 0c95 B3040000 		.4byte	.LASF175
 1686 0c99 11       		.byte	0x11
 1687 0c9a 8E       		.byte	0x8e
 1688 0c9b 06       		.byte	0x6
 1689 0c9c AD0C0000 		.4byte	0xcad
 1690 0ca0 2A       		.uleb128 0x2a
 1691 0ca1 C9010000 		.4byte	.LASF41
 1692 0ca5 11       		.byte	0x11
 1693 0ca6 8E       		.byte	0x8e
 1694 0ca7 2A       		.byte	0x2a
 1695 0ca8 F9070000 		.4byte	0x7f9
 1696 0cac 00       		.byte	0
 1697 0cad 2B       		.uleb128 0x2b
 1698 0cae 63080000 		.4byte	.LASF176
 1699 0cb2 12       		.byte	0x12
 1700 0cb3 F9       		.byte	0xf9
 1701 0cb4 14       		.byte	0x14
 1702 0cb5 2C       		.uleb128 0x2c
 1703 0cb6 16050000 		.4byte	.LASF177
 1704 0cba 10       		.byte	0x10
 1705 0cbb D901     		.2byte	0x1d9
 1706 0cbd 14       		.byte	0x14
 1707 0cbe 2C       		.uleb128 0x2c
 1708 0cbf 0B090000 		.4byte	.LASF178
 1709 0cc3 10       		.byte	0x10
 1710 0cc4 C301     		.2byte	0x1c3
ARM GAS  C:\Users\angio\AppData\Local\Temp\ccyaVgOo.s 			page 31


 1711 0cc6 14       		.byte	0x14
 1712 0cc7 2D       		.uleb128 0x2d
 1713 0cc8 45090000 		.4byte	.LASF181
 1714 0ccc 10       		.byte	0x10
 1715 0ccd A501     		.2byte	0x1a5
 1716 0ccf 14       		.byte	0x14
 1717 0cd0 DE0C0000 		.4byte	0xcde
 1718 0cd4 28       		.uleb128 0x28
 1719 0cd5 B0050000 		.4byte	.LASF179
 1720 0cd9 EE0C0000 		.4byte	0xcee
 1721 0cdd 00       		.byte	0
 1722 0cde 0E       		.uleb128 0xe
 1723 0cdf 8B030000 		.4byte	0x38b
 1724 0ce3 EE0C0000 		.4byte	0xcee
 1725 0ce7 0F       		.uleb128 0xf
 1726 0ce8 30000000 		.4byte	0x30
 1727 0cec 0B       		.byte	0xb
 1728 0ced 00       		.byte	0
 1729 0cee 06       		.uleb128 0x6
 1730 0cef DE0C0000 		.4byte	0xcde
 1731 0cf3 2C       		.uleb128 0x2c
 1732 0cf4 B9050000 		.4byte	.LASF180
 1733 0cf8 10       		.byte	0x10
 1734 0cf9 9701     		.2byte	0x197
 1735 0cfb 14       		.byte	0x14
 1736 0cfc 2E       		.uleb128 0x2e
 1737 0cfd B7030000 		.4byte	.LASF182
 1738 0d01 0D       		.byte	0xd
 1739 0d02 77       		.byte	0x77
 1740 0d03 14       		.byte	0x14
 1741 0d04 2A0D0000 		.4byte	0xd2a
 1742 0d08 2F       		.uleb128 0x2f
 1743 0d09 74637000 		.ascii	"tcp\000"
 1744 0d0d 0D       		.byte	0xd
 1745 0d0e 77       		.byte	0x77
 1746 0d0f 43       		.byte	0x43
 1747 0d10 2A0D0000 		.4byte	0xd2a
 1748 0d14 27       		.uleb128 0x27
 1749 0d15 6900     		.ascii	"i\000"
 1750 0d17 0D       		.byte	0xd
 1751 0d18 78       		.byte	0x78
 1752 0d19 0C       		.byte	0xc
 1753 0d1a 30000000 		.4byte	0x30
 1754 0d1e 27       		.uleb128 0x27
 1755 0d1f 746D00   		.ascii	"tm\000"
 1756 0d22 0D       		.byte	0xd
 1757 0d23 79       		.byte	0x79
 1758 0d24 16       		.byte	0x16
 1759 0d25 C6070000 		.4byte	0x7c6
 1760 0d29 00       		.byte	0
 1761 0d2a 0D       		.uleb128 0xd
 1762 0d2b 04       		.byte	0x4
 1763 0d2c 71070000 		.4byte	0x771
 1764 0d30 30       		.uleb128 0x30
 1765 0d31 51070000 		.4byte	.LASF188
 1766 0d35 0C       		.byte	0xc
 1767 0d36 6D03     		.2byte	0x36d
ARM GAS  C:\Users\angio\AppData\Local\Temp\ccyaVgOo.s 			page 32


 1768 0d38 1E       		.byte	0x1e
 1769 0d39 15010000 		.4byte	0x115
 1770 0d3d 2C       		.uleb128 0x2c
 1771 0d3e D8010000 		.4byte	.LASF183
 1772 0d42 0C       		.byte	0xc
 1773 0d43 3F03     		.2byte	0x33f
 1774 0d45 1B       		.byte	0x1b
 1775 0d46 2C       		.uleb128 0x2c
 1776 0d47 33070000 		.4byte	.LASF184
 1777 0d4b 0C       		.byte	0xc
 1778 0d4c 3503     		.2byte	0x335
 1779 0d4e 1B       		.byte	0x1b
 1780 0d4f 2C       		.uleb128 0x2c
 1781 0d50 33080000 		.4byte	.LASF185
 1782 0d54 0C       		.byte	0xc
 1783 0d55 2A03     		.2byte	0x32a
 1784 0d57 1B       		.byte	0x1b
 1785 0d58 2C       		.uleb128 0x2c
 1786 0d59 B4010000 		.4byte	.LASF186
 1787 0d5d 0C       		.byte	0xc
 1788 0d5e 1F03     		.2byte	0x31f
 1789 0d60 1B       		.byte	0x1b
 1790 0d61 2C       		.uleb128 0x2c
 1791 0d62 73090000 		.4byte	.LASF187
 1792 0d66 0C       		.byte	0xc
 1793 0d67 0B03     		.2byte	0x30b
 1794 0d69 1B       		.byte	0x1b
 1795 0d6a 30       		.uleb128 0x30
 1796 0d6b 26000000 		.4byte	.LASF189
 1797 0d6f 0C       		.byte	0xc
 1798 0d70 0103     		.2byte	0x301
 1799 0d72 1B       		.byte	0x1b
 1800 0d73 C60A0000 		.4byte	0xac6
 1801 0d77 31       		.uleb128 0x31
 1802 0d78 51040000 		.4byte	.LASF193
 1803 0d7c 0C       		.byte	0xc
 1804 0d7d F502     		.2byte	0x2f5
 1805 0d7f 1B       		.byte	0x1b
 1806 0d80 C60A0000 		.4byte	0xac6
 1807 0d84 960D0000 		.4byte	0xd96
 1808 0d88 22       		.uleb128 0x22
 1809 0d89 73747300 		.ascii	"sts\000"
 1810 0d8d 0C       		.byte	0xc
 1811 0d8e F502     		.2byte	0x2f5
 1812 0d90 35       		.byte	0x35
 1813 0d91 2D010000 		.4byte	0x12d
 1814 0d95 00       		.byte	0
 1815 0d96 30       		.uleb128 0x30
 1816 0d97 1C090000 		.4byte	.LASF190
 1817 0d9b 0C       		.byte	0xc
 1818 0d9c E702     		.2byte	0x2e7
 1819 0d9e 1F       		.byte	0x1f
 1820 0d9f 2D010000 		.4byte	0x12d
 1821 0da3 2D       		.uleb128 0x2d
 1822 0da4 AC070000 		.4byte	.LASF191
 1823 0da8 13       		.byte	0x13
 1824 0da9 EB01     		.2byte	0x1eb
ARM GAS  C:\Users\angio\AppData\Local\Temp\ccyaVgOo.s 			page 33


 1825 0dab 1B       		.byte	0x1b
 1826 0dac BE0D0000 		.4byte	0xdbe
 1827 0db0 1E       		.uleb128 0x1e
 1828 0db1 C3080000 		.4byte	.LASF192
 1829 0db5 13       		.byte	0x13
 1830 0db6 EB01     		.2byte	0x1eb
 1831 0db8 32       		.byte	0x32
 1832 0db9 BE000000 		.4byte	0xbe
 1833 0dbd 00       		.byte	0
 1834 0dbe 31       		.uleb128 0x31
 1835 0dbf CB070000 		.4byte	.LASF194
 1836 0dc3 13       		.byte	0x13
 1837 0dc4 CD01     		.2byte	0x1cd
 1838 0dc6 1F       		.byte	0x1f
 1839 0dc7 BE000000 		.4byte	0xbe
 1840 0dcb DD0D0000 		.4byte	0xddd
 1841 0dcf 1F       		.uleb128 0x1f
 1842 0dd0 A8090000 		.4byte	.LASF195
 1843 0dd4 13       		.byte	0x13
 1844 0dd5 CF01     		.2byte	0x1cf
 1845 0dd7 0C       		.byte	0xc
 1846 0dd8 BE000000 		.4byte	0xbe
 1847 0ddc 00       		.byte	0
 1848 0ddd 32       		.uleb128 0x32
 1849 0dde E0030000 		.4byte	.LASF196
 1850 0de2 13       		.byte	0x13
 1851 0de3 CD       		.byte	0xcd
 1852 0de4 1F       		.byte	0x1f
 1853 0de5 BE000000 		.4byte	0xbe
 1854 0de9 FA0D0000 		.4byte	0xdfa
 1855 0ded 1C       		.uleb128 0x1c
 1856 0dee A8090000 		.4byte	.LASF195
 1857 0df2 13       		.byte	0x13
 1858 0df3 CF       		.byte	0xcf
 1859 0df4 0C       		.byte	0xc
 1860 0df5 BE000000 		.4byte	0xbe
 1861 0df9 00       		.byte	0
 1862 0dfa 2B       		.uleb128 0x2b
 1863 0dfb DF040000 		.4byte	.LASF197
 1864 0dff 13       		.byte	0x13
 1865 0e00 8C       		.byte	0x8c
 1866 0e01 1B       		.byte	0x1b
 1867 0e02 00       		.byte	0
 1868              		.section	.gnu.debuglto_.debug_abbrev,"e",%progbits
 1869              	.Ldebug_abbrev0:
 1870 0000 01       		.uleb128 0x1
 1871 0001 11       		.uleb128 0x11
 1872 0002 01       		.byte	0x1
 1873 0003 25       		.uleb128 0x25
 1874 0004 0E       		.uleb128 0xe
 1875 0005 13       		.uleb128 0x13
 1876 0006 0B       		.uleb128 0xb
 1877 0007 03       		.uleb128 0x3
 1878 0008 0E       		.uleb128 0xe
 1879 0009 1B       		.uleb128 0x1b
 1880 000a 0E       		.uleb128 0xe
 1881 000b 10       		.uleb128 0x10
ARM GAS  C:\Users\angio\AppData\Local\Temp\ccyaVgOo.s 			page 34


 1882 000c 17       		.uleb128 0x17
 1883 000d 00       		.byte	0
 1884 000e 00       		.byte	0
 1885 000f 02       		.uleb128 0x2
 1886 0010 24       		.uleb128 0x24
 1887 0011 00       		.byte	0
 1888 0012 0B       		.uleb128 0xb
 1889 0013 0B       		.uleb128 0xb
 1890 0014 3E       		.uleb128 0x3e
 1891 0015 0B       		.uleb128 0xb
 1892 0016 03       		.uleb128 0x3
 1893 0017 08       		.uleb128 0x8
 1894 0018 00       		.byte	0
 1895 0019 00       		.byte	0
 1896 001a 03       		.uleb128 0x3
 1897 001b 16       		.uleb128 0x16
 1898 001c 00       		.byte	0
 1899 001d 03       		.uleb128 0x3
 1900 001e 0E       		.uleb128 0xe
 1901 001f 3A       		.uleb128 0x3a
 1902 0020 0B       		.uleb128 0xb
 1903 0021 3B       		.uleb128 0x3b
 1904 0022 0B       		.uleb128 0xb
 1905 0023 39       		.uleb128 0x39
 1906 0024 0B       		.uleb128 0xb
 1907 0025 49       		.uleb128 0x49
 1908 0026 13       		.uleb128 0x13
 1909 0027 00       		.byte	0
 1910 0028 00       		.byte	0
 1911 0029 04       		.uleb128 0x4
 1912 002a 24       		.uleb128 0x24
 1913 002b 00       		.byte	0
 1914 002c 0B       		.uleb128 0xb
 1915 002d 0B       		.uleb128 0xb
 1916 002e 3E       		.uleb128 0x3e
 1917 002f 0B       		.uleb128 0xb
 1918 0030 03       		.uleb128 0x3
 1919 0031 0E       		.uleb128 0xe
 1920 0032 00       		.byte	0
 1921 0033 00       		.byte	0
 1922 0034 05       		.uleb128 0x5
 1923 0035 35       		.uleb128 0x35
 1924 0036 00       		.byte	0
 1925 0037 49       		.uleb128 0x49
 1926 0038 13       		.uleb128 0x13
 1927 0039 00       		.byte	0
 1928 003a 00       		.byte	0
 1929 003b 06       		.uleb128 0x6
 1930 003c 26       		.uleb128 0x26
 1931 003d 00       		.byte	0
 1932 003e 49       		.uleb128 0x49
 1933 003f 13       		.uleb128 0x13
 1934 0040 00       		.byte	0
 1935 0041 00       		.byte	0
 1936 0042 07       		.uleb128 0x7
 1937 0043 13       		.uleb128 0x13
 1938 0044 01       		.byte	0x1
ARM GAS  C:\Users\angio\AppData\Local\Temp\ccyaVgOo.s 			page 35


 1939 0045 03       		.uleb128 0x3
 1940 0046 0E       		.uleb128 0xe
 1941 0047 0B       		.uleb128 0xb
 1942 0048 0B       		.uleb128 0xb
 1943 0049 3A       		.uleb128 0x3a
 1944 004a 0B       		.uleb128 0xb
 1945 004b 3B       		.uleb128 0x3b
 1946 004c 0B       		.uleb128 0xb
 1947 004d 39       		.uleb128 0x39
 1948 004e 0B       		.uleb128 0xb
 1949 004f 01       		.uleb128 0x1
 1950 0050 13       		.uleb128 0x13
 1951 0051 00       		.byte	0
 1952 0052 00       		.byte	0
 1953 0053 08       		.uleb128 0x8
 1954 0054 0D       		.uleb128 0xd
 1955 0055 00       		.byte	0
 1956 0056 03       		.uleb128 0x3
 1957 0057 08       		.uleb128 0x8
 1958 0058 3A       		.uleb128 0x3a
 1959 0059 0B       		.uleb128 0xb
 1960 005a 3B       		.uleb128 0x3b
 1961 005b 0B       		.uleb128 0xb
 1962 005c 39       		.uleb128 0x39
 1963 005d 0B       		.uleb128 0xb
 1964 005e 49       		.uleb128 0x49
 1965 005f 13       		.uleb128 0x13
 1966 0060 38       		.uleb128 0x38
 1967 0061 0B       		.uleb128 0xb
 1968 0062 00       		.byte	0
 1969 0063 00       		.byte	0
 1970 0064 09       		.uleb128 0x9
 1971 0065 0D       		.uleb128 0xd
 1972 0066 00       		.byte	0
 1973 0067 03       		.uleb128 0x3
 1974 0068 0E       		.uleb128 0xe
 1975 0069 3A       		.uleb128 0x3a
 1976 006a 0B       		.uleb128 0xb
 1977 006b 3B       		.uleb128 0x3b
 1978 006c 0B       		.uleb128 0xb
 1979 006d 39       		.uleb128 0x39
 1980 006e 0B       		.uleb128 0xb
 1981 006f 49       		.uleb128 0x49
 1982 0070 13       		.uleb128 0x13
 1983 0071 38       		.uleb128 0x38
 1984 0072 0B       		.uleb128 0xb
 1985 0073 00       		.byte	0
 1986 0074 00       		.byte	0
 1987 0075 0A       		.uleb128 0xa
 1988 0076 0D       		.uleb128 0xd
 1989 0077 00       		.byte	0
 1990 0078 03       		.uleb128 0x3
 1991 0079 08       		.uleb128 0x8
 1992 007a 3A       		.uleb128 0x3a
 1993 007b 0B       		.uleb128 0xb
 1994 007c 3B       		.uleb128 0x3b
 1995 007d 05       		.uleb128 0x5
ARM GAS  C:\Users\angio\AppData\Local\Temp\ccyaVgOo.s 			page 36


 1996 007e 39       		.uleb128 0x39
 1997 007f 0B       		.uleb128 0xb
 1998 0080 49       		.uleb128 0x49
 1999 0081 13       		.uleb128 0x13
 2000 0082 38       		.uleb128 0x38
 2001 0083 0B       		.uleb128 0xb
 2002 0084 00       		.byte	0
 2003 0085 00       		.byte	0
 2004 0086 0B       		.uleb128 0xb
 2005 0087 0D       		.uleb128 0xd
 2006 0088 00       		.byte	0
 2007 0089 03       		.uleb128 0x3
 2008 008a 0E       		.uleb128 0xe
 2009 008b 3A       		.uleb128 0x3a
 2010 008c 0B       		.uleb128 0xb
 2011 008d 3B       		.uleb128 0x3b
 2012 008e 05       		.uleb128 0x5
 2013 008f 39       		.uleb128 0x39
 2014 0090 0B       		.uleb128 0xb
 2015 0091 49       		.uleb128 0x49
 2016 0092 13       		.uleb128 0x13
 2017 0093 38       		.uleb128 0x38
 2018 0094 0B       		.uleb128 0xb
 2019 0095 00       		.byte	0
 2020 0096 00       		.byte	0
 2021 0097 0C       		.uleb128 0xc
 2022 0098 13       		.uleb128 0x13
 2023 0099 01       		.byte	0x1
 2024 009a 03       		.uleb128 0x3
 2025 009b 0E       		.uleb128 0xe
 2026 009c 0B       		.uleb128 0xb
 2027 009d 0B       		.uleb128 0xb
 2028 009e 3A       		.uleb128 0x3a
 2029 009f 0B       		.uleb128 0xb
 2030 00a0 3B       		.uleb128 0x3b
 2031 00a1 05       		.uleb128 0x5
 2032 00a2 39       		.uleb128 0x39
 2033 00a3 0B       		.uleb128 0xb
 2034 00a4 01       		.uleb128 0x1
 2035 00a5 13       		.uleb128 0x13
 2036 00a6 00       		.byte	0
 2037 00a7 00       		.byte	0
 2038 00a8 0D       		.uleb128 0xd
 2039 00a9 0F       		.uleb128 0xf
 2040 00aa 00       		.byte	0
 2041 00ab 0B       		.uleb128 0xb
 2042 00ac 0B       		.uleb128 0xb
 2043 00ad 49       		.uleb128 0x49
 2044 00ae 13       		.uleb128 0x13
 2045 00af 00       		.byte	0
 2046 00b0 00       		.byte	0
 2047 00b1 0E       		.uleb128 0xe
 2048 00b2 01       		.uleb128 0x1
 2049 00b3 01       		.byte	0x1
 2050 00b4 49       		.uleb128 0x49
 2051 00b5 13       		.uleb128 0x13
 2052 00b6 01       		.uleb128 0x1
ARM GAS  C:\Users\angio\AppData\Local\Temp\ccyaVgOo.s 			page 37


 2053 00b7 13       		.uleb128 0x13
 2054 00b8 00       		.byte	0
 2055 00b9 00       		.byte	0
 2056 00ba 0F       		.uleb128 0xf
 2057 00bb 21       		.uleb128 0x21
 2058 00bc 00       		.byte	0
 2059 00bd 49       		.uleb128 0x49
 2060 00be 13       		.uleb128 0x13
 2061 00bf 2F       		.uleb128 0x2f
 2062 00c0 0B       		.uleb128 0xb
 2063 00c1 00       		.byte	0
 2064 00c2 00       		.byte	0
 2065 00c3 10       		.uleb128 0x10
 2066 00c4 13       		.uleb128 0x13
 2067 00c5 01       		.byte	0x1
 2068 00c6 0B       		.uleb128 0xb
 2069 00c7 0B       		.uleb128 0xb
 2070 00c8 3A       		.uleb128 0x3a
 2071 00c9 0B       		.uleb128 0xb
 2072 00ca 3B       		.uleb128 0x3b
 2073 00cb 05       		.uleb128 0x5
 2074 00cc 39       		.uleb128 0x39
 2075 00cd 0B       		.uleb128 0xb
 2076 00ce 01       		.uleb128 0x1
 2077 00cf 13       		.uleb128 0x13
 2078 00d0 00       		.byte	0
 2079 00d1 00       		.byte	0
 2080 00d2 11       		.uleb128 0x11
 2081 00d3 16       		.uleb128 0x16
 2082 00d4 00       		.byte	0
 2083 00d5 03       		.uleb128 0x3
 2084 00d6 0E       		.uleb128 0xe
 2085 00d7 3A       		.uleb128 0x3a
 2086 00d8 0B       		.uleb128 0xb
 2087 00d9 3B       		.uleb128 0x3b
 2088 00da 05       		.uleb128 0x5
 2089 00db 39       		.uleb128 0x39
 2090 00dc 0B       		.uleb128 0xb
 2091 00dd 49       		.uleb128 0x49
 2092 00de 13       		.uleb128 0x13
 2093 00df 00       		.byte	0
 2094 00e0 00       		.byte	0
 2095 00e1 12       		.uleb128 0x12
 2096 00e2 0F       		.uleb128 0xf
 2097 00e3 00       		.byte	0
 2098 00e4 0B       		.uleb128 0xb
 2099 00e5 0B       		.uleb128 0xb
 2100 00e6 00       		.byte	0
 2101 00e7 00       		.byte	0
 2102 00e8 13       		.uleb128 0x13
 2103 00e9 13       		.uleb128 0x13
 2104 00ea 01       		.byte	0x1
 2105 00eb 0B       		.uleb128 0xb
 2106 00ec 0B       		.uleb128 0xb
 2107 00ed 3A       		.uleb128 0x3a
 2108 00ee 0B       		.uleb128 0xb
 2109 00ef 3B       		.uleb128 0x3b
ARM GAS  C:\Users\angio\AppData\Local\Temp\ccyaVgOo.s 			page 38


 2110 00f0 0B       		.uleb128 0xb
 2111 00f1 39       		.uleb128 0x39
 2112 00f2 0B       		.uleb128 0xb
 2113 00f3 01       		.uleb128 0x1
 2114 00f4 13       		.uleb128 0x13
 2115 00f5 00       		.byte	0
 2116 00f6 00       		.byte	0
 2117 00f7 14       		.uleb128 0x14
 2118 00f8 04       		.uleb128 0x4
 2119 00f9 01       		.byte	0x1
 2120 00fa 3E       		.uleb128 0x3e
 2121 00fb 0B       		.uleb128 0xb
 2122 00fc 0B       		.uleb128 0xb
 2123 00fd 0B       		.uleb128 0xb
 2124 00fe 49       		.uleb128 0x49
 2125 00ff 13       		.uleb128 0x13
 2126 0100 3A       		.uleb128 0x3a
 2127 0101 0B       		.uleb128 0xb
 2128 0102 3B       		.uleb128 0x3b
 2129 0103 0B       		.uleb128 0xb
 2130 0104 39       		.uleb128 0x39
 2131 0105 0B       		.uleb128 0xb
 2132 0106 01       		.uleb128 0x1
 2133 0107 13       		.uleb128 0x13
 2134 0108 00       		.byte	0
 2135 0109 00       		.byte	0
 2136 010a 15       		.uleb128 0x15
 2137 010b 28       		.uleb128 0x28
 2138 010c 00       		.byte	0
 2139 010d 03       		.uleb128 0x3
 2140 010e 0E       		.uleb128 0xe
 2141 010f 1C       		.uleb128 0x1c
 2142 0110 0B       		.uleb128 0xb
 2143 0111 00       		.byte	0
 2144 0112 00       		.byte	0
 2145 0113 16       		.uleb128 0x16
 2146 0114 17       		.uleb128 0x17
 2147 0115 01       		.byte	0x1
 2148 0116 0B       		.uleb128 0xb
 2149 0117 0B       		.uleb128 0xb
 2150 0118 3A       		.uleb128 0x3a
 2151 0119 0B       		.uleb128 0xb
 2152 011a 3B       		.uleb128 0x3b
 2153 011b 0B       		.uleb128 0xb
 2154 011c 39       		.uleb128 0x39
 2155 011d 0B       		.uleb128 0xb
 2156 011e 01       		.uleb128 0x1
 2157 011f 13       		.uleb128 0x13
 2158 0120 00       		.byte	0
 2159 0121 00       		.byte	0
 2160 0122 17       		.uleb128 0x17
 2161 0123 0D       		.uleb128 0xd
 2162 0124 00       		.byte	0
 2163 0125 03       		.uleb128 0x3
 2164 0126 0E       		.uleb128 0xe
 2165 0127 3A       		.uleb128 0x3a
 2166 0128 0B       		.uleb128 0xb
ARM GAS  C:\Users\angio\AppData\Local\Temp\ccyaVgOo.s 			page 39


 2167 0129 3B       		.uleb128 0x3b
 2168 012a 0B       		.uleb128 0xb
 2169 012b 39       		.uleb128 0x39
 2170 012c 0B       		.uleb128 0xb
 2171 012d 49       		.uleb128 0x49
 2172 012e 13       		.uleb128 0x13
 2173 012f 00       		.byte	0
 2174 0130 00       		.byte	0
 2175 0131 18       		.uleb128 0x18
 2176 0132 0D       		.uleb128 0xd
 2177 0133 00       		.byte	0
 2178 0134 03       		.uleb128 0x3
 2179 0135 0E       		.uleb128 0xe
 2180 0136 3A       		.uleb128 0x3a
 2181 0137 0B       		.uleb128 0xb
 2182 0138 3B       		.uleb128 0x3b
 2183 0139 05       		.uleb128 0x5
 2184 013a 39       		.uleb128 0x39
 2185 013b 0B       		.uleb128 0xb
 2186 013c 49       		.uleb128 0x49
 2187 013d 13       		.uleb128 0x13
 2188 013e 00       		.byte	0
 2189 013f 00       		.byte	0
 2190 0140 19       		.uleb128 0x19
 2191 0141 34       		.uleb128 0x34
 2192 0142 00       		.byte	0
 2193 0143 03       		.uleb128 0x3
 2194 0144 0E       		.uleb128 0xe
 2195 0145 3A       		.uleb128 0x3a
 2196 0146 0B       		.uleb128 0xb
 2197 0147 3B       		.uleb128 0x3b
 2198 0148 05       		.uleb128 0x5
 2199 0149 39       		.uleb128 0x39
 2200 014a 0B       		.uleb128 0xb
 2201 014b 49       		.uleb128 0x49
 2202 014c 13       		.uleb128 0x13
 2203 014d 3F       		.uleb128 0x3f
 2204 014e 19       		.uleb128 0x19
 2205 014f 3C       		.uleb128 0x3c
 2206 0150 19       		.uleb128 0x19
 2207 0151 00       		.byte	0
 2208 0152 00       		.byte	0
 2209 0153 1A       		.uleb128 0x1a
 2210 0154 34       		.uleb128 0x34
 2211 0155 00       		.byte	0
 2212 0156 03       		.uleb128 0x3
 2213 0157 08       		.uleb128 0x8
 2214 0158 3A       		.uleb128 0x3a
 2215 0159 0B       		.uleb128 0xb
 2216 015a 3B       		.uleb128 0x3b
 2217 015b 05       		.uleb128 0x5
 2218 015c 39       		.uleb128 0x39
 2219 015d 0B       		.uleb128 0xb
 2220 015e 49       		.uleb128 0x49
 2221 015f 13       		.uleb128 0x13
 2222 0160 3F       		.uleb128 0x3f
 2223 0161 19       		.uleb128 0x19
ARM GAS  C:\Users\angio\AppData\Local\Temp\ccyaVgOo.s 			page 40


 2224 0162 3C       		.uleb128 0x3c
 2225 0163 19       		.uleb128 0x19
 2226 0164 00       		.byte	0
 2227 0165 00       		.byte	0
 2228 0166 1B       		.uleb128 0x1b
 2229 0167 34       		.uleb128 0x34
 2230 0168 00       		.byte	0
 2231 0169 47       		.uleb128 0x47
 2232 016a 13       		.uleb128 0x13
 2233 016b 3A       		.uleb128 0x3a
 2234 016c 0B       		.uleb128 0xb
 2235 016d 3B       		.uleb128 0x3b
 2236 016e 0B       		.uleb128 0xb
 2237 016f 39       		.uleb128 0x39
 2238 0170 0B       		.uleb128 0xb
 2239 0171 00       		.byte	0
 2240 0172 00       		.byte	0
 2241 0173 1C       		.uleb128 0x1c
 2242 0174 34       		.uleb128 0x34
 2243 0175 00       		.byte	0
 2244 0176 03       		.uleb128 0x3
 2245 0177 0E       		.uleb128 0xe
 2246 0178 3A       		.uleb128 0x3a
 2247 0179 0B       		.uleb128 0xb
 2248 017a 3B       		.uleb128 0x3b
 2249 017b 0B       		.uleb128 0xb
 2250 017c 39       		.uleb128 0x39
 2251 017d 0B       		.uleb128 0xb
 2252 017e 49       		.uleb128 0x49
 2253 017f 13       		.uleb128 0x13
 2254 0180 00       		.byte	0
 2255 0181 00       		.byte	0
 2256 0182 1D       		.uleb128 0x1d
 2257 0183 2E       		.uleb128 0x2e
 2258 0184 01       		.byte	0x1
 2259 0185 3F       		.uleb128 0x3f
 2260 0186 19       		.uleb128 0x19
 2261 0187 03       		.uleb128 0x3
 2262 0188 0E       		.uleb128 0xe
 2263 0189 3A       		.uleb128 0x3a
 2264 018a 0B       		.uleb128 0xb
 2265 018b 3B       		.uleb128 0x3b
 2266 018c 05       		.uleb128 0x5
 2267 018d 39       		.uleb128 0x39
 2268 018e 0B       		.uleb128 0xb
 2269 018f 27       		.uleb128 0x27
 2270 0190 19       		.uleb128 0x19
 2271 0191 01       		.uleb128 0x1
 2272 0192 13       		.uleb128 0x13
 2273 0193 00       		.byte	0
 2274 0194 00       		.byte	0
 2275 0195 1E       		.uleb128 0x1e
 2276 0196 05       		.uleb128 0x5
 2277 0197 00       		.byte	0
 2278 0198 03       		.uleb128 0x3
 2279 0199 0E       		.uleb128 0xe
 2280 019a 3A       		.uleb128 0x3a
ARM GAS  C:\Users\angio\AppData\Local\Temp\ccyaVgOo.s 			page 41


 2281 019b 0B       		.uleb128 0xb
 2282 019c 3B       		.uleb128 0x3b
 2283 019d 05       		.uleb128 0x5
 2284 019e 39       		.uleb128 0x39
 2285 019f 0B       		.uleb128 0xb
 2286 01a0 49       		.uleb128 0x49
 2287 01a1 13       		.uleb128 0x13
 2288 01a2 00       		.byte	0
 2289 01a3 00       		.byte	0
 2290 01a4 1F       		.uleb128 0x1f
 2291 01a5 34       		.uleb128 0x34
 2292 01a6 00       		.byte	0
 2293 01a7 03       		.uleb128 0x3
 2294 01a8 0E       		.uleb128 0xe
 2295 01a9 3A       		.uleb128 0x3a
 2296 01aa 0B       		.uleb128 0xb
 2297 01ab 3B       		.uleb128 0x3b
 2298 01ac 05       		.uleb128 0x5
 2299 01ad 39       		.uleb128 0x39
 2300 01ae 0B       		.uleb128 0xb
 2301 01af 49       		.uleb128 0x49
 2302 01b0 13       		.uleb128 0x13
 2303 01b1 00       		.byte	0
 2304 01b2 00       		.byte	0
 2305 01b3 20       		.uleb128 0x20
 2306 01b4 34       		.uleb128 0x34
 2307 01b5 00       		.byte	0
 2308 01b6 03       		.uleb128 0x3
 2309 01b7 08       		.uleb128 0x8
 2310 01b8 3A       		.uleb128 0x3a
 2311 01b9 0B       		.uleb128 0xb
 2312 01ba 3B       		.uleb128 0x3b
 2313 01bb 05       		.uleb128 0x5
 2314 01bc 39       		.uleb128 0x39
 2315 01bd 0B       		.uleb128 0xb
 2316 01be 49       		.uleb128 0x49
 2317 01bf 13       		.uleb128 0x13
 2318 01c0 00       		.byte	0
 2319 01c1 00       		.byte	0
 2320 01c2 21       		.uleb128 0x21
 2321 01c3 2E       		.uleb128 0x2e
 2322 01c4 01       		.byte	0x1
 2323 01c5 3F       		.uleb128 0x3f
 2324 01c6 19       		.uleb128 0x19
 2325 01c7 03       		.uleb128 0x3
 2326 01c8 0E       		.uleb128 0xe
 2327 01c9 3A       		.uleb128 0x3a
 2328 01ca 0B       		.uleb128 0xb
 2329 01cb 3B       		.uleb128 0x3b
 2330 01cc 05       		.uleb128 0x5
 2331 01cd 39       		.uleb128 0x39
 2332 01ce 0B       		.uleb128 0xb
 2333 01cf 27       		.uleb128 0x27
 2334 01d0 19       		.uleb128 0x19
 2335 01d1 49       		.uleb128 0x49
 2336 01d2 13       		.uleb128 0x13
 2337 01d3 01       		.uleb128 0x1
ARM GAS  C:\Users\angio\AppData\Local\Temp\ccyaVgOo.s 			page 42


 2338 01d4 13       		.uleb128 0x13
 2339 01d5 00       		.byte	0
 2340 01d6 00       		.byte	0
 2341 01d7 22       		.uleb128 0x22
 2342 01d8 05       		.uleb128 0x5
 2343 01d9 00       		.byte	0
 2344 01da 03       		.uleb128 0x3
 2345 01db 08       		.uleb128 0x8
 2346 01dc 3A       		.uleb128 0x3a
 2347 01dd 0B       		.uleb128 0xb
 2348 01de 3B       		.uleb128 0x3b
 2349 01df 05       		.uleb128 0x5
 2350 01e0 39       		.uleb128 0x39
 2351 01e1 0B       		.uleb128 0xb
 2352 01e2 49       		.uleb128 0x49
 2353 01e3 13       		.uleb128 0x13
 2354 01e4 00       		.byte	0
 2355 01e5 00       		.byte	0
 2356 01e6 23       		.uleb128 0x23
 2357 01e7 2E       		.uleb128 0x2e
 2358 01e8 00       		.byte	0
 2359 01e9 3F       		.uleb128 0x3f
 2360 01ea 19       		.uleb128 0x19
 2361 01eb 03       		.uleb128 0x3
 2362 01ec 0E       		.uleb128 0xe
 2363 01ed 3A       		.uleb128 0x3a
 2364 01ee 0B       		.uleb128 0xb
 2365 01ef 3B       		.uleb128 0x3b
 2366 01f0 05       		.uleb128 0x5
 2367 01f1 39       		.uleb128 0x39
 2368 01f2 0B       		.uleb128 0xb
 2369 01f3 27       		.uleb128 0x27
 2370 01f4 19       		.uleb128 0x19
 2371 01f5 00       		.byte	0
 2372 01f6 00       		.byte	0
 2373 01f7 24       		.uleb128 0x24
 2374 01f8 0B       		.uleb128 0xb
 2375 01f9 01       		.byte	0x1
 2376 01fa 01       		.uleb128 0x1
 2377 01fb 13       		.uleb128 0x13
 2378 01fc 00       		.byte	0
 2379 01fd 00       		.byte	0
 2380 01fe 25       		.uleb128 0x25
 2381 01ff 0B       		.uleb128 0xb
 2382 0200 01       		.byte	0x1
 2383 0201 00       		.byte	0
 2384 0202 00       		.byte	0
 2385 0203 26       		.uleb128 0x26
 2386 0204 2E       		.uleb128 0x2e
 2387 0205 01       		.byte	0x1
 2388 0206 3F       		.uleb128 0x3f
 2389 0207 19       		.uleb128 0x19
 2390 0208 03       		.uleb128 0x3
 2391 0209 0E       		.uleb128 0xe
 2392 020a 3A       		.uleb128 0x3a
 2393 020b 0B       		.uleb128 0xb
 2394 020c 3B       		.uleb128 0x3b
ARM GAS  C:\Users\angio\AppData\Local\Temp\ccyaVgOo.s 			page 43


 2395 020d 0B       		.uleb128 0xb
 2396 020e 39       		.uleb128 0x39
 2397 020f 0B       		.uleb128 0xb
 2398 0210 27       		.uleb128 0x27
 2399 0211 19       		.uleb128 0x19
 2400 0212 49       		.uleb128 0x49
 2401 0213 13       		.uleb128 0x13
 2402 0214 01       		.uleb128 0x1
 2403 0215 13       		.uleb128 0x13
 2404 0216 00       		.byte	0
 2405 0217 00       		.byte	0
 2406 0218 27       		.uleb128 0x27
 2407 0219 34       		.uleb128 0x34
 2408 021a 00       		.byte	0
 2409 021b 03       		.uleb128 0x3
 2410 021c 08       		.uleb128 0x8
 2411 021d 3A       		.uleb128 0x3a
 2412 021e 0B       		.uleb128 0xb
 2413 021f 3B       		.uleb128 0x3b
 2414 0220 0B       		.uleb128 0xb
 2415 0221 39       		.uleb128 0x39
 2416 0222 0B       		.uleb128 0xb
 2417 0223 49       		.uleb128 0x49
 2418 0224 13       		.uleb128 0x13
 2419 0225 00       		.byte	0
 2420 0226 00       		.byte	0
 2421 0227 28       		.uleb128 0x28
 2422 0228 34       		.uleb128 0x34
 2423 0229 00       		.byte	0
 2424 022a 03       		.uleb128 0x3
 2425 022b 0E       		.uleb128 0xe
 2426 022c 49       		.uleb128 0x49
 2427 022d 13       		.uleb128 0x13
 2428 022e 34       		.uleb128 0x34
 2429 022f 19       		.uleb128 0x19
 2430 0230 00       		.byte	0
 2431 0231 00       		.byte	0
 2432 0232 29       		.uleb128 0x29
 2433 0233 2E       		.uleb128 0x2e
 2434 0234 01       		.byte	0x1
 2435 0235 3F       		.uleb128 0x3f
 2436 0236 19       		.uleb128 0x19
 2437 0237 03       		.uleb128 0x3
 2438 0238 0E       		.uleb128 0xe
 2439 0239 3A       		.uleb128 0x3a
 2440 023a 0B       		.uleb128 0xb
 2441 023b 3B       		.uleb128 0x3b
 2442 023c 0B       		.uleb128 0xb
 2443 023d 39       		.uleb128 0x39
 2444 023e 0B       		.uleb128 0xb
 2445 023f 27       		.uleb128 0x27
 2446 0240 19       		.uleb128 0x19
 2447 0241 01       		.uleb128 0x1
 2448 0242 13       		.uleb128 0x13
 2449 0243 00       		.byte	0
 2450 0244 00       		.byte	0
 2451 0245 2A       		.uleb128 0x2a
ARM GAS  C:\Users\angio\AppData\Local\Temp\ccyaVgOo.s 			page 44


 2452 0246 05       		.uleb128 0x5
 2453 0247 00       		.byte	0
 2454 0248 03       		.uleb128 0x3
 2455 0249 0E       		.uleb128 0xe
 2456 024a 3A       		.uleb128 0x3a
 2457 024b 0B       		.uleb128 0xb
 2458 024c 3B       		.uleb128 0x3b
 2459 024d 0B       		.uleb128 0xb
 2460 024e 39       		.uleb128 0x39
 2461 024f 0B       		.uleb128 0xb
 2462 0250 49       		.uleb128 0x49
 2463 0251 13       		.uleb128 0x13
 2464 0252 00       		.byte	0
 2465 0253 00       		.byte	0
 2466 0254 2B       		.uleb128 0x2b
 2467 0255 2E       		.uleb128 0x2e
 2468 0256 00       		.byte	0
 2469 0257 03       		.uleb128 0x3
 2470 0258 0E       		.uleb128 0xe
 2471 0259 3A       		.uleb128 0x3a
 2472 025a 0B       		.uleb128 0xb
 2473 025b 3B       		.uleb128 0x3b
 2474 025c 0B       		.uleb128 0xb
 2475 025d 39       		.uleb128 0x39
 2476 025e 0B       		.uleb128 0xb
 2477 025f 27       		.uleb128 0x27
 2478 0260 19       		.uleb128 0x19
 2479 0261 00       		.byte	0
 2480 0262 00       		.byte	0
 2481 0263 2C       		.uleb128 0x2c
 2482 0264 2E       		.uleb128 0x2e
 2483 0265 00       		.byte	0
 2484 0266 03       		.uleb128 0x3
 2485 0267 0E       		.uleb128 0xe
 2486 0268 3A       		.uleb128 0x3a
 2487 0269 0B       		.uleb128 0xb
 2488 026a 3B       		.uleb128 0x3b
 2489 026b 05       		.uleb128 0x5
 2490 026c 39       		.uleb128 0x39
 2491 026d 0B       		.uleb128 0xb
 2492 026e 27       		.uleb128 0x27
 2493 026f 19       		.uleb128 0x19
 2494 0270 00       		.byte	0
 2495 0271 00       		.byte	0
 2496 0272 2D       		.uleb128 0x2d
 2497 0273 2E       		.uleb128 0x2e
 2498 0274 01       		.byte	0x1
 2499 0275 03       		.uleb128 0x3
 2500 0276 0E       		.uleb128 0xe
 2501 0277 3A       		.uleb128 0x3a
 2502 0278 0B       		.uleb128 0xb
 2503 0279 3B       		.uleb128 0x3b
 2504 027a 05       		.uleb128 0x5
 2505 027b 39       		.uleb128 0x39
 2506 027c 0B       		.uleb128 0xb
 2507 027d 27       		.uleb128 0x27
 2508 027e 19       		.uleb128 0x19
ARM GAS  C:\Users\angio\AppData\Local\Temp\ccyaVgOo.s 			page 45


 2509 027f 01       		.uleb128 0x1
 2510 0280 13       		.uleb128 0x13
 2511 0281 00       		.byte	0
 2512 0282 00       		.byte	0
 2513 0283 2E       		.uleb128 0x2e
 2514 0284 2E       		.uleb128 0x2e
 2515 0285 01       		.byte	0x1
 2516 0286 03       		.uleb128 0x3
 2517 0287 0E       		.uleb128 0xe
 2518 0288 3A       		.uleb128 0x3a
 2519 0289 0B       		.uleb128 0xb
 2520 028a 3B       		.uleb128 0x3b
 2521 028b 0B       		.uleb128 0xb
 2522 028c 39       		.uleb128 0x39
 2523 028d 0B       		.uleb128 0xb
 2524 028e 27       		.uleb128 0x27
 2525 028f 19       		.uleb128 0x19
 2526 0290 01       		.uleb128 0x1
 2527 0291 13       		.uleb128 0x13
 2528 0292 00       		.byte	0
 2529 0293 00       		.byte	0
 2530 0294 2F       		.uleb128 0x2f
 2531 0295 05       		.uleb128 0x5
 2532 0296 00       		.byte	0
 2533 0297 03       		.uleb128 0x3
 2534 0298 08       		.uleb128 0x8
 2535 0299 3A       		.uleb128 0x3a
 2536 029a 0B       		.uleb128 0xb
 2537 029b 3B       		.uleb128 0x3b
 2538 029c 0B       		.uleb128 0xb
 2539 029d 39       		.uleb128 0x39
 2540 029e 0B       		.uleb128 0xb
 2541 029f 49       		.uleb128 0x49
 2542 02a0 13       		.uleb128 0x13
 2543 02a1 00       		.byte	0
 2544 02a2 00       		.byte	0
 2545 02a3 30       		.uleb128 0x30
 2546 02a4 2E       		.uleb128 0x2e
 2547 02a5 00       		.byte	0
 2548 02a6 03       		.uleb128 0x3
 2549 02a7 0E       		.uleb128 0xe
 2550 02a8 3A       		.uleb128 0x3a
 2551 02a9 0B       		.uleb128 0xb
 2552 02aa 3B       		.uleb128 0x3b
 2553 02ab 05       		.uleb128 0x5
 2554 02ac 39       		.uleb128 0x39
 2555 02ad 0B       		.uleb128 0xb
 2556 02ae 27       		.uleb128 0x27
 2557 02af 19       		.uleb128 0x19
 2558 02b0 49       		.uleb128 0x49
 2559 02b1 13       		.uleb128 0x13
 2560 02b2 00       		.byte	0
 2561 02b3 00       		.byte	0
 2562 02b4 31       		.uleb128 0x31
 2563 02b5 2E       		.uleb128 0x2e
 2564 02b6 01       		.byte	0x1
 2565 02b7 03       		.uleb128 0x3
ARM GAS  C:\Users\angio\AppData\Local\Temp\ccyaVgOo.s 			page 46


 2566 02b8 0E       		.uleb128 0xe
 2567 02b9 3A       		.uleb128 0x3a
 2568 02ba 0B       		.uleb128 0xb
 2569 02bb 3B       		.uleb128 0x3b
 2570 02bc 05       		.uleb128 0x5
 2571 02bd 39       		.uleb128 0x39
 2572 02be 0B       		.uleb128 0xb
 2573 02bf 27       		.uleb128 0x27
 2574 02c0 19       		.uleb128 0x19
 2575 02c1 49       		.uleb128 0x49
 2576 02c2 13       		.uleb128 0x13
 2577 02c3 01       		.uleb128 0x1
 2578 02c4 13       		.uleb128 0x13
 2579 02c5 00       		.byte	0
 2580 02c6 00       		.byte	0
 2581 02c7 32       		.uleb128 0x32
 2582 02c8 2E       		.uleb128 0x2e
 2583 02c9 01       		.byte	0x1
 2584 02ca 03       		.uleb128 0x3
 2585 02cb 0E       		.uleb128 0xe
 2586 02cc 3A       		.uleb128 0x3a
 2587 02cd 0B       		.uleb128 0xb
 2588 02ce 3B       		.uleb128 0x3b
 2589 02cf 0B       		.uleb128 0xb
 2590 02d0 39       		.uleb128 0x39
 2591 02d1 0B       		.uleb128 0xb
 2592 02d2 27       		.uleb128 0x27
 2593 02d3 19       		.uleb128 0x19
 2594 02d4 49       		.uleb128 0x49
 2595 02d5 13       		.uleb128 0x13
 2596 02d6 01       		.uleb128 0x1
 2597 02d7 13       		.uleb128 0x13
 2598 02d8 00       		.byte	0
 2599 02d9 00       		.byte	0
 2600 02da 00       		.byte	0
 2601              		.section	.gnu.debuglto_.debug_line,"e",%progbits
 2602              	.Ldebug_line0:
 2603 0000 05030000 		.4byte	.LELT0-.LSLT0
 2604              	.LSLT0:
 2605 0004 0400     		.2byte	0x4
 2606 0006 FF020000 		.4byte	.LELTP0-.LASLTP0
 2607              	.LASLTP0:
 2608 000a 01       		.byte	0x1
 2609 000b 01       		.byte	0x1
 2610 000c 01       		.byte	0x1
 2611 000d F6       		.byte	0xf6
 2612 000e F2       		.byte	0xf2
 2613 000f 0D       		.byte	0xd
 2614 0010 00       		.byte	0
 2615 0011 01       		.byte	0x1
 2616 0012 01       		.byte	0x1
 2617 0013 01       		.byte	0x1
 2618 0014 01       		.byte	0x1
 2619 0015 00       		.byte	0
 2620 0016 00       		.byte	0
 2621 0017 00       		.byte	0
 2622 0018 01       		.byte	0x1
ARM GAS  C:\Users\angio\AppData\Local\Temp\ccyaVgOo.s 			page 47


 2623 0019 00       		.byte	0
 2624 001a 00       		.byte	0
 2625 001b 01       		.byte	0x1
 2626 001c 2E2E2F2E 		.ascii	"../../chibios2111/os/common/ext/ARM/CMSIS/Core/Incl"
 2626      2E2F6368 
 2626      6962696F 
 2626      73323131 
 2626      312F6F73 
 2627 004f 756465   		.ascii	"ude"
 2628 0052 00       		.byte	0
 2629 0053 2E2E2F2E 		.ascii	"../../chibios2111/os/common/ports/ARM-common"
 2629      2E2F6368 
 2629      6962696F 
 2629      73323131 
 2629      312F6F73 
 2630 007f 00       		.byte	0
 2631 0080 2E2E2F2E 		.ascii	"../../chibios2111/os/common/ports/ARMv7-M-ALT"
 2631      2E2F6368 
 2631      6962696F 
 2631      73323131 
 2631      312F6F73 
 2632 00ad 00       		.byte	0
 2633 00ae 2E2E2F2E 		.ascii	"../../chibios2111/os/oslib/include"
 2633      2E2F6368 
 2633      6962696F 
 2633      73323131 
 2633      312F6F73 
 2634 00d0 00       		.byte	0
 2635 00d1 2E2E2F2E 		.ascii	"../../chibios2111/os/rt/include"
 2635      2E2F6368 
 2635      6962696F 
 2635      73323131 
 2635      312F6F73 
 2636 00f0 00       		.byte	0
 2637 00f1 2E2E2F2E 		.ascii	"../../chibios2111/os/rt/src"
 2637      2E2F6368 
 2637      6962696F 
 2637      73323131 
 2637      312F6F73 
 2638 010c 00       		.byte	0
 2639 010d 633A5C63 		.ascii	"c:\\chibistudio\\tools\\gnu tools arm embedded\\10."
 2639      68696269 
 2639      73747564 
 2639      696F5C74 
 2639      6F6F6C73 
 2640 013c 33203230 		.ascii	"3 2021.10\\arm-none-eabi\\include\\machine"
 2640      32312E31 
 2640      305C6172 
 2640      6D2D6E6F 
 2640      6E652D65 
 2641 0163 00       		.byte	0
 2642 0164 633A5C63 		.ascii	"c:\\chibistudio\\tools\\gnu tools arm embedded\\10."
 2642      68696269 
 2642      73747564 
 2642      696F5C74 
 2642      6F6F6C73 
 2643 0193 33203230 		.ascii	"3 2021.10\\arm-none-eabi\\include\\sys"
ARM GAS  C:\Users\angio\AppData\Local\Temp\ccyaVgOo.s 			page 48


 2643      32312E31 
 2643      305C6172 
 2643      6D2D6E6F 
 2643      6E652D65 
 2644 01b6 00       		.byte	0
 2645 01b7 633A5C63 		.ascii	"c:\\chibistudio\\tools\\gnu tools arm embedded\\10."
 2645      68696269 
 2645      73747564 
 2645      696F5C74 
 2645      6F6F6C73 
 2646 01e6 33203230 		.ascii	"3 2021.10\\lib\\gcc\\arm-none-eabi\\10.3.1\\include"
 2646      32312E31 
 2646      305C6C69 
 2646      625C6763 
 2646      635C6172 
 2647 0214 00       		.byte	0
 2648 0215 00       		.byte	0
 2649 0216 73746464 		.ascii	"stddef.h\000"
 2649      65662E68 
 2649      00
 2650 021f 09       		.uleb128 0x9
 2651 0220 00       		.uleb128 0
 2652 0221 00       		.uleb128 0
 2653 0222 5F646566 		.ascii	"_default_types.h\000"
 2653      61756C74 
 2653      5F747970 
 2653      65732E68 
 2653      00
 2654 0233 07       		.uleb128 0x7
 2655 0234 00       		.uleb128 0
 2656 0235 00       		.uleb128 0
 2657 0236 5F737464 		.ascii	"_stdint.h\000"
 2657      696E742E 
 2657      6800
 2658 0240 08       		.uleb128 0x8
 2659 0241 00       		.uleb128 0
 2660 0242 00       		.uleb128 0
 2661 0243 63687479 		.ascii	"chtypes.h\000"
 2661      7065732E 
 2661      6800
 2662 024d 02       		.uleb128 0x2
 2663 024e 00       		.uleb128 0
 2664 024f 00       		.uleb128 0
 2665 0250 63686561 		.ascii	"chearly.h\000"
 2665      726C792E 
 2665      6800
 2666 025a 05       		.uleb128 0x5
 2667 025b 00       		.uleb128 0
 2668 025c 00       		.uleb128 0
 2669 025d 63686F62 		.ascii	"chobjects.h\000"
 2669      6A656374 
 2669      732E6800 
 2670 0269 05       		.uleb128 0x5
 2671 026a 00       		.uleb128 0
 2672 026b 00       		.uleb128 0
 2673 026c 63687266 		.ascii	"chrfcu.h\000"
 2673      63752E68 
ARM GAS  C:\Users\angio\AppData\Local\Temp\ccyaVgOo.s 			page 49


 2673      00
 2674 0275 05       		.uleb128 0x5
 2675 0276 00       		.uleb128 0
 2676 0277 00       		.uleb128 0
 2677 0278 63686465 		.ascii	"chdebug.h\000"
 2677      6275672E 
 2677      6800
 2678 0282 05       		.uleb128 0x5
 2679 0283 00       		.uleb128 0
 2680 0284 00       		.uleb128 0
 2681 0285 63687469 		.ascii	"chtime.h\000"
 2681      6D652E68 
 2681      00
 2682 028e 05       		.uleb128 0x5
 2683 028f 00       		.uleb128 0
 2684 0290 00       		.uleb128 0
 2685 0291 63686C69 		.ascii	"chlists.h\000"
 2685      7374732E 
 2685      6800
 2686 029b 05       		.uleb128 0x5
 2687 029c 00       		.uleb128 0
 2688 029d 00       		.uleb128 0
 2689 029e 636F7265 		.ascii	"core_cm4.h\000"
 2689      5F636D34 
 2689      2E6800
 2690 02a9 01       		.uleb128 0x1
 2691 02aa 00       		.uleb128 0
 2692 02ab 00       		.uleb128 0
 2693 02ac 6368636F 		.ascii	"chcore.h\000"
 2693      72652E68 
 2693      00
 2694 02b5 03       		.uleb128 0x3
 2695 02b6 00       		.uleb128 0
 2696 02b7 00       		.uleb128 0
 2697 02b8 6368746D 		.ascii	"chtm.h\000"
 2697      2E6800
 2698 02bf 05       		.uleb128 0x5
 2699 02c0 00       		.uleb128 0
 2700 02c1 00       		.uleb128 0
 2701 02c2 63687365 		.ascii	"chsem.h\000"
 2701      6D2E6800 
 2702 02ca 05       		.uleb128 0x5
 2703 02cb 00       		.uleb128 0
 2704 02cc 00       		.uleb128 0
 2705 02cd 63686D74 		.ascii	"chmtx.h\000"
 2705      782E6800 
 2706 02d5 05       		.uleb128 0x5
 2707 02d6 00       		.uleb128 0
 2708 02d7 00       		.uleb128 0
 2709 02d8 63687379 		.ascii	"chsys.h\000"
 2709      732E6800 
 2710 02e0 05       		.uleb128 0x5
 2711 02e1 00       		.uleb128 0
 2712 02e2 00       		.uleb128 0
 2713 02e3 63687379 		.ascii	"chsys.c\000"
 2713      732E6300 
 2714 02eb 06       		.uleb128 0x6
ARM GAS  C:\Users\angio\AppData\Local\Temp\ccyaVgOo.s 			page 50


 2715 02ec 00       		.uleb128 0
 2716 02ed 00       		.uleb128 0
 2717 02ee 63686C69 		.ascii	"chlib.h\000"
 2717      622E6800 
 2718 02f6 04       		.uleb128 0x4
 2719 02f7 00       		.uleb128 0
 2720 02f8 00       		.uleb128 0
 2721 02f9 636D7369 		.ascii	"cmsis_gcc.h\000"
 2721      735F6763 
 2721      632E6800 
 2722 0305 01       		.uleb128 0x1
 2723 0306 00       		.uleb128 0
 2724 0307 00       		.uleb128 0
 2725 0308 00       		.byte	0
 2726              	.LELTP0:
 2727              	.LELT0:
 2728              		.section	.gnu.debuglto_.debug_str,"eMS",%progbits,1
 2729              	.LASF149:
 2730 0000 72656164 		.ascii	"ready_list_t\000"
 2730      795F6C69 
 2730      73745F74 
 2730      00
 2731              	.LASF57:
 2732 000d 72666375 		.ascii	"rfcu\000"
 2732      00
 2733              	.LASF4:
 2734 0012 73697A65 		.ascii	"size_t\000"
 2734      5F7400
 2735              	.LASF81:
 2736 0019 64656C74 		.ascii	"delta\000"
 2736      6100
 2737              	.LASF137:
 2738 001f 7264796D 		.ascii	"rdymsg\000"
 2738      736700
 2739              	.LASF189:
 2740 0026 706F7274 		.ascii	"port_is_isr_context\000"
 2740      5F69735F 
 2740      6973725F 
 2740      636F6E74 
 2740      65787400 
 2741              	.LASF18:
 2742 003a 75696E74 		.ascii	"uint64_t\000"
 2742      36345F74 
 2742      00
 2743              	.LASF5:
 2744 0043 5F5F7569 		.ascii	"__uint8_t\000"
 2744      6E74385F 
 2744      7400
 2745              	.LASF21:
 2746 004d 706F7274 		.ascii	"port_syssts_t\000"
 2746      5F737973 
 2746      7374735F 
 2746      7400
 2747              	.LASF75:
 2748 005b 70726576 		.ascii	"prev\000"
 2748      00
 2749              	.LASF109:
ARM GAS  C:\Users\angio\AppData\Local\Temp\ccyaVgOo.s 			page 51


 2750 0060 706F7274 		.ascii	"port_intctx\000"
 2750      5F696E74 
 2750      63747800 
 2751              	.LASF67:
 2752 006c 73797374 		.ascii	"system_debug_t\000"
 2752      656D5F64 
 2752      65627567 
 2752      5F7400
 2753              	.LASF56:
 2754 007b 636F7265 		.ascii	"core_id\000"
 2754      5F696400 
 2755              	.LASF76:
 2756 0083 63685F70 		.ascii	"ch_priority_queue_t\000"
 2756      72696F72 
 2756      6974795F 
 2756      71756575 
 2756      655F7400 
 2757              	.LASF155:
 2758 0097 6F735F69 		.ascii	"os_instance_config_t\000"
 2758      6E737461 
 2758      6E63655F 
 2758      636F6E66 
 2758      69675F74 
 2759              	.LASF117:
 2760 00ac 776F7273 		.ascii	"worst\000"
 2760      7400
 2761              	.LASF120:
 2762 00b2 74696D65 		.ascii	"time_measurement_t\000"
 2762      5F6D6561 
 2762      73757265 
 2762      6D656E74 
 2762      5F7400
 2763              	.LASF14:
 2764 00c5 6C6F6E67 		.ascii	"long long unsigned int\000"
 2764      206C6F6E 
 2764      6720756E 
 2764      7369676E 
 2764      65642069 
 2765              	.LASF123:
 2766 00dc 63685F73 		.ascii	"ch_sys_running\000"
 2766      79735F72 
 2766      756E6E69 
 2766      6E6700
 2767              	.LASF88:
 2768 00eb 464F4C44 		.ascii	"FOLDCNT\000"
 2768      434E5400 
 2769              	.LASF138:
 2770 00f3 65786974 		.ascii	"exitcode\000"
 2770      636F6465 
 2770      00
 2771              	.LASF59:
 2772 00fc 6D61696E 		.ascii	"mainthread\000"
 2772      74687265 
 2772      616400
 2773              	.LASF141:
 2774 0107 73656E74 		.ascii	"sentmsg\000"
 2774      6D736700 
ARM GAS  C:\Users\angio\AppData\Local\Temp\ccyaVgOo.s 			page 52


 2775              	.LASF130:
 2776 010f 76697274 		.ascii	"virtual_timers_list_t\000"
 2776      75616C5F 
 2776      74696D65 
 2776      72735F6C 
 2776      6973745F 
 2777              	.LASF72:
 2778 0125 6E657874 		.ascii	"next\000"
 2778      00
 2779              	.LASF24:
 2780 012a 72747469 		.ascii	"rttime_t\000"
 2780      6D655F74 
 2780      00
 2781              	.LASF43:
 2782 0133 72656673 		.ascii	"refs\000"
 2782      00
 2783              	.LASF1:
 2784 0138 6C6F6E67 		.ascii	"long long int\000"
 2784      206C6F6E 
 2784      6720696E 
 2784      7400
 2785              	.LASF3:
 2786 0146 7369676E 		.ascii	"signed char\000"
 2786      65642063 
 2786      68617200 
 2787              	.LASF174:
 2788 0152 63685379 		.ascii	"chSysInit\000"
 2788      73496E69 
 2788      7400
 2789              	.LASF80:
 2790 015c 63685F64 		.ascii	"ch_delta_list\000"
 2790      656C7461 
 2790      5F6C6973 
 2790      7400
 2791              	.LASF84:
 2792 016a 43504943 		.ascii	"CPICNT\000"
 2792      4E5400
 2793              	.LASF163:
 2794 0171 73746172 		.ascii	"start\000"
 2794      7400
 2795              	.LASF200:
 2796 0177 433A5C43 		.ascii	"C:\\ChibiStudio\\workspace_user\\RT-STM32G474RE-NUC"
 2796      68696269 
 2796      53747564 
 2796      696F5C77 
 2796      6F726B73 
 2797 01a7 4C454F36 		.ascii	"LEO64\000"
 2797      3400
 2798              	.LASF54:
 2799 01ad 76746C69 		.ascii	"vtlist\000"
 2799      737400
 2800              	.LASF186:
 2801 01b4 706F7274 		.ascii	"port_unlock\000"
 2801      5F756E6C 
 2801      6F636B00 
 2802              	.LASF45:
 2803 01c0 6D736771 		.ascii	"msgqueue\000"
ARM GAS  C:\Users\angio\AppData\Local\Temp\ccyaVgOo.s 			page 53


 2803      75657565 
 2803      00
 2804              	.LASF41:
 2805 01c9 73746174 		.ascii	"state\000"
 2805      6500
 2806              	.LASF10:
 2807 01cf 6C6F6E67 		.ascii	"long int\000"
 2807      20696E74 
 2807      00
 2808              	.LASF183:
 2809 01d8 706F7274 		.ascii	"port_disable\000"
 2809      5F646973 
 2809      61626C65 
 2809      00
 2810              	.LASF28:
 2811 01e5 74737461 		.ascii	"tstate_t\000"
 2811      74655F74 
 2811      00
 2812              	.LASF61:
 2813 01ee 63685F72 		.ascii	"ch_rfcu\000"
 2813      66637500 
 2814              	.LASF74:
 2815 01f6 63685F71 		.ascii	"ch_queue\000"
 2815      75657565 
 2815      00
 2816              	.LASF132:
 2817 01ff 71756575 		.ascii	"queue\000"
 2817      6500
 2818              	.LASF79:
 2819 0205 63685F64 		.ascii	"ch_delta_list_t\000"
 2819      656C7461 
 2819      5F6C6973 
 2819      745F7400 
 2820              	.LASF86:
 2821 0215 534C4545 		.ascii	"SLEEPCNT\000"
 2821      50434E54 
 2821      00
 2822              	.LASF131:
 2823 021e 63685F72 		.ascii	"ch_registry\000"
 2823      65676973 
 2823      74727900 
 2824              	.LASF11:
 2825 022a 5F5F7569 		.ascii	"__uint32_t\000"
 2825      6E743332 
 2825      5F7400
 2826              	.LASF62:
 2827 0235 6D61736B 		.ascii	"mask\000"
 2827      00
 2828              	.LASF167:
 2829 023a 63685379 		.ascii	"chSysIsCounterWithinX\000"
 2829      73497343 
 2829      6F756E74 
 2829      65725769 
 2829      7468696E 
 2830              	.LASF64:
 2831 0250 63685F73 		.ascii	"ch_system_debug\000"
 2831      79737465 
ARM GAS  C:\Users\angio\AppData\Local\Temp\ccyaVgOo.s 			page 54


 2831      6D5F6465 
 2831      62756700 
 2832              	.LASF44:
 2833 0260 77616974 		.ascii	"waiting\000"
 2833      696E6700 
 2834              	.LASF165:
 2835 0268 63685379 		.ascii	"chSysPolledDelayX\000"
 2835      73506F6C 
 2835      6C656444 
 2835      656C6179 
 2835      5800
 2836              	.LASF151:
 2837 027a 6D61696E 		.ascii	"mainthread_base\000"
 2837      74687265 
 2837      61645F62 
 2837      61736500 
 2838              	.LASF160:
 2839 028a 6D757465 		.ascii	"mutex_t\000"
 2839      785F7400 
 2840              	.LASF69:
 2841 0292 73797369 		.ascii	"sysinterval_t\000"
 2841      6E746572 
 2841      76616C5F 
 2841      7400
 2842              	.LASF33:
 2843 02a0 636E745F 		.ascii	"cnt_t\000"
 2843      7400
 2844              	.LASF0:
 2845 02a6 756E7369 		.ascii	"unsigned int\000"
 2845      676E6564 
 2845      20696E74 
 2845      00
 2846              	.LASF107:
 2847 02b3 6C725F74 		.ascii	"lr_thd\000"
 2847      686400
 2848              	.LASF99:
 2849 02ba 4D41534B 		.ascii	"MASK2\000"
 2849      3200
 2850              	.LASF157:
 2851 02c0 696E7374 		.ascii	"instances\000"
 2851      616E6365 
 2851      7300
 2852              	.LASF103:
 2853 02ca 4D41534B 		.ascii	"MASK3\000"
 2853      3300
 2854              	.LASF142:
 2855 02d0 77747365 		.ascii	"wtsemp\000"
 2855      6D7000
 2856              	.LASF140:
 2857 02d7 77747472 		.ascii	"wttrp\000"
 2857      7000
 2858              	.LASF37:
 2859 02dd 72717565 		.ascii	"rqueue\000"
 2859      756500
 2860              	.LASF73:
 2861 02e4 63685F71 		.ascii	"ch_queue_t\000"
 2861      75657565 
ARM GAS  C:\Users\angio\AppData\Local\Temp\ccyaVgOo.s 			page 55


 2861      5F7400
 2862              	.LASF39:
 2863 02ef 6E616D65 		.ascii	"name\000"
 2863      00
 2864              	.LASF49:
 2865 02f4 6D706F6F 		.ascii	"mpool\000"
 2865      6C00
 2866              	.LASF116:
 2867 02fa 62657374 		.ascii	"best\000"
 2867      00
 2868              	.LASF110:
 2869 02ff 62617365 		.ascii	"basepri\000"
 2869      70726900 
 2870              	.LASF106:
 2871 0307 706F7274 		.ascii	"port_extctx\000"
 2871      5F657874 
 2871      63747800 
 2872              	.LASF51:
 2873 0313 63685F74 		.ascii	"ch_thread\000"
 2873      68726561 
 2873      6400
 2874              	.LASF85:
 2875 031d 45584343 		.ascii	"EXCCNT\000"
 2875      4E5400
 2876              	.LASF31:
 2877 0324 6D73675F 		.ascii	"msg_t\000"
 2877      7400
 2878              	.LASF118:
 2879 032a 6C617374 		.ascii	"last\000"
 2879      00
 2880              	.LASF34:
 2881 032f 75636E74 		.ascii	"ucnt_t\000"
 2881      5F7400
 2882              	.LASF46:
 2883 0336 6570656E 		.ascii	"epending\000"
 2883      64696E67 
 2883      00
 2884              	.LASF158:
 2885 033f 63685F73 		.ascii	"ch_system_t\000"
 2885      79737465 
 2885      6D5F7400 
 2886              	.LASF139:
 2887 034b 77746F62 		.ascii	"wtobjp\000"
 2887      6A7000
 2888              	.LASF71:
 2889 0352 63685F6C 		.ascii	"ch_list\000"
 2889      69737400 
 2890              	.LASF147:
 2891 035a 63685F72 		.ascii	"ch_ready_list\000"
 2891      65616479 
 2891      5F6C6973 
 2891      7400
 2892              	.LASF32:
 2893 0368 6576656E 		.ascii	"eventmask_t\000"
 2893      746D6173 
 2893      6B5F7400 
 2894              	.LASF63:
ARM GAS  C:\Users\angio\AppData\Local\Temp\ccyaVgOo.s 			page 56


 2895 0374 72666375 		.ascii	"rfcu_t\000"
 2895      5F7400
 2896              	.LASF111:
 2897 037b 6C725F65 		.ascii	"lr_exc\000"
 2897      786300
 2898              	.LASF26:
 2899 0382 73746B61 		.ascii	"stkalign_t\000"
 2899      6C69676E 
 2899      5F7400
 2900              	.LASF153:
 2901 038d 69646C65 		.ascii	"idlethread_base\000"
 2901      74687265 
 2901      61645F62 
 2901      61736500 
 2902              	.LASF129:
 2903 039d 6C617374 		.ascii	"laststamp\000"
 2903      7374616D 
 2903      7000
 2904              	.LASF83:
 2905 03a7 43594343 		.ascii	"CYCCNT\000"
 2905      4E5400
 2906              	.LASF48:
 2907 03ae 7265616C 		.ascii	"realprio\000"
 2907      7072696F 
 2907      00
 2908              	.LASF182:
 2909 03b7 5F5F746D 		.ascii	"__tm_calibration_object_init\000"
 2909      5F63616C 
 2909      69627261 
 2909      74696F6E 
 2909      5F6F626A 
 2910              	.LASF60:
 2911 03d4 72666375 		.ascii	"rfcu_mask_t\000"
 2911      5F6D6173 
 2911      6B5F7400 
 2912              	.LASF196:
 2913 03e0 5F5F6765 		.ascii	"__get_IPSR\000"
 2913      745F4950 
 2913      535200
 2914              	.LASF23:
 2915 03eb 7274636E 		.ascii	"rtcnt_t\000"
 2915      745F7400 
 2916              	.LASF134:
 2917 03f3 74687265 		.ascii	"thread_reference_t\000"
 2917      61645F72 
 2917      65666572 
 2917      656E6365 
 2917      5F7400
 2918              	.LASF126:
 2919 0406 63685F76 		.ascii	"ch_virtual_timers_list\000"
 2919      69727475 
 2919      616C5F74 
 2919      696D6572 
 2919      735F6C69 
 2920              	.LASF2:
 2921 041d 6C6F6E67 		.ascii	"long double\000"
 2921      20646F75 
ARM GAS  C:\Users\angio\AppData\Local\Temp\ccyaVgOo.s 			page 57


 2921      626C6500 
 2922              	.LASF70:
 2923 0429 63685F6C 		.ascii	"ch_list_t\000"
 2923      6973745F 
 2923      7400
 2924              	.LASF115:
 2925 0433 746D5F63 		.ascii	"tm_calibration_t\000"
 2925      616C6962 
 2925      72617469 
 2925      6F6E5F74 
 2925      00
 2926              	.LASF19:
 2927 0444 706F7274 		.ascii	"port_rtcnt_t\000"
 2927      5F727463 
 2927      6E745F74 
 2927      00
 2928              	.LASF193:
 2929 0451 706F7274 		.ascii	"port_irq_enabled\000"
 2929      5F697271 
 2929      5F656E61 
 2929      626C6564 
 2929      00
 2930              	.LASF150:
 2931 0462 63685F6F 		.ascii	"ch_os_instance_config\000"
 2931      735F696E 
 2931      7374616E 
 2931      63655F63 
 2931      6F6E6669 
 2932              	.LASF90:
 2933 0478 434F4D50 		.ascii	"COMP0\000"
 2933      3000
 2934              	.LASF94:
 2935 047e 434F4D50 		.ascii	"COMP1\000"
 2935      3100
 2936              	.LASF98:
 2937 0484 434F4D50 		.ascii	"COMP2\000"
 2937      3200
 2938              	.LASF102:
 2939 048a 434F4D50 		.ascii	"COMP3\000"
 2939      3300
 2940              	.LASF78:
 2941 0490 7072696F 		.ascii	"prio\000"
 2941      00
 2942              	.LASF148:
 2943 0495 63757272 		.ascii	"current\000"
 2943      656E7400 
 2944              	.LASF13:
 2945 049d 5F5F7569 		.ascii	"__uint64_t\000"
 2945      6E743634 
 2945      5F7400
 2946              	.LASF119:
 2947 04a8 63756D75 		.ascii	"cumulative\000"
 2947      6C617469 
 2947      766500
 2948              	.LASF175:
 2949 04b3 63685379 		.ascii	"chSysWaitSystemState\000"
 2949      73576169 
ARM GAS  C:\Users\angio\AppData\Local\Temp\ccyaVgOo.s 			page 58


 2949      74537973 
 2949      74656D53 
 2949      74617465 
 2950              	.LASF112:
 2951 04c8 706F7274 		.ascii	"port_context\000"
 2951      5F636F6E 
 2951      74657874 
 2951      00
 2952              	.LASF35:
 2953 04d5 636F7265 		.ascii	"core_id_t\000"
 2953      5F69645F 
 2953      7400
 2954              	.LASF197:
 2955 04df 5F5F6469 		.ascii	"__disable_irq\000"
 2955      7361626C 
 2955      655F6972 
 2955      7100
 2956              	.LASF93:
 2957 04ed 52455345 		.ascii	"RESERVED0\000"
 2957      52564544 
 2957      3000
 2958              	.LASF97:
 2959 04f7 52455345 		.ascii	"RESERVED1\000"
 2959      52564544 
 2959      3100
 2960              	.LASF159:
 2961 0501 63685F63 		.ascii	"ch_core0_cfg\000"
 2961      6F726530 
 2961      5F636667 
 2961      00
 2962              	.LASF30:
 2963 050e 74707269 		.ascii	"tprio_t\000"
 2963      6F5F7400 
 2964              	.LASF177:
 2965 0516 63685379 		.ascii	"chSysUnlockFromISR\000"
 2965      73556E6C 
 2965      6F636B46 
 2965      726F6D49 
 2965      535200
 2966              	.LASF89:
 2967 0529 50435352 		.ascii	"PCSR\000"
 2967      00
 2968              	.LASF91:
 2969 052e 4D41534B 		.ascii	"MASK0\000"
 2969      3000
 2970              	.LASF161:
 2971 0534 5F426F6F 		.ascii	"_Bool\000"
 2971      6C00
 2972              	.LASF16:
 2973 053a 696E7433 		.ascii	"int32_t\000"
 2973      325F7400 
 2974              	.LASF6:
 2975 0542 756E7369 		.ascii	"unsigned char\000"
 2975      676E6564 
 2975      20636861 
 2975      7200
 2976              	.LASF92:
ARM GAS  C:\Users\angio\AppData\Local\Temp\ccyaVgOo.s 			page 59


 2977 0550 46554E43 		.ascii	"FUNCTION0\000"
 2977      54494F4E 
 2977      3000
 2978              	.LASF96:
 2979 055a 46554E43 		.ascii	"FUNCTION1\000"
 2979      54494F4E 
 2979      3100
 2980              	.LASF100:
 2981 0564 46554E43 		.ascii	"FUNCTION2\000"
 2981      54494F4E 
 2981      3200
 2982              	.LASF104:
 2983 056e 46554E43 		.ascii	"FUNCTION3\000"
 2983      54494F4E 
 2983      3300
 2984              	.LASF7:
 2985 0578 73686F72 		.ascii	"short int\000"
 2985      7420696E 
 2985      7400
 2986              	.LASF128:
 2987 0582 6C617374 		.ascii	"lasttime\000"
 2987      74696D65 
 2987      00
 2988              	.LASF108:
 2989 058b 78707372 		.ascii	"xpsr\000"
 2989      00
 2990              	.LASF164:
 2991 0590 6379636C 		.ascii	"cycles\000"
 2991      657300
 2992              	.LASF144:
 2993 0597 65776D61 		.ascii	"ewmask\000"
 2993      736B00
 2994              	.LASF156:
 2995 059e 63685F73 		.ascii	"ch_system\000"
 2995      79737465 
 2995      6D00
 2996              	.LASF27:
 2997 05a8 746D6F64 		.ascii	"tmode_t\000"
 2997      655F7400 
 2998              	.LASF179:
 2999 05b0 5F5F6675 		.ascii	"__func__\000"
 2999      6E635F5F 
 2999      00
 3000              	.LASF180:
 3001 05b9 63685379 		.ascii	"chSysLock\000"
 3001      734C6F63 
 3001      6B00
 3002              	.LASF95:
 3003 05c3 4D41534B 		.ascii	"MASK1\000"
 3003      3100
 3004              	.LASF173:
 3005 05c9 72656173 		.ascii	"reason\000"
 3005      6F6E00
 3006              	.LASF101:
 3007 05d0 52455345 		.ascii	"RESERVED2\000"
 3007      52564544 
 3007      3200
ARM GAS  C:\Users\angio\AppData\Local\Temp\ccyaVgOo.s 			page 60


 3008              	.LASF145:
 3009 05da 63685F73 		.ascii	"ch_semaphore\000"
 3009      656D6170 
 3009      686F7265 
 3009      00
 3010              	.LASF133:
 3011 05e7 72656769 		.ascii	"registry_t\000"
 3011      73747279 
 3011      5F7400
 3012              	.LASF87:
 3013 05f2 4C535543 		.ascii	"LSUCNT\000"
 3013      4E5400
 3014              	.LASF17:
 3015 05f9 75696E74 		.ascii	"uint32_t\000"
 3015      33325F74 
 3015      00
 3016              	.LASF143:
 3017 0602 77746D74 		.ascii	"wtmtxp\000"
 3017      787000
 3018              	.LASF22:
 3019 0609 706F7274 		.ascii	"port_stkalign_t\000"
 3019      5F73746B 
 3019      616C6967 
 3019      6E5F7400 
 3020              	.LASF38:
 3021 0619 6F776E65 		.ascii	"owner\000"
 3021      7200
 3022              	.LASF113:
 3023 061f 72656773 		.ascii	"regs\000"
 3023      00
 3024              	.LASF168:
 3025 0624 63685379 		.ascii	"chSysGetStatusAndLockX\000"
 3025      73476574 
 3025      53746174 
 3025      7573416E 
 3025      644C6F63 
 3026              	.LASF12:
 3027 063b 6C6F6E67 		.ascii	"long unsigned int\000"
 3027      20756E73 
 3027      69676E65 
 3027      6420696E 
 3027      7400
 3028              	.LASF40:
 3029 064d 77616261 		.ascii	"wabase\000"
 3029      736500
 3030              	.LASF66:
 3031 0654 63686172 		.ascii	"char\000"
 3031      00
 3032              	.LASF121:
 3033 0659 63685F73 		.ascii	"ch_sys_uninit\000"
 3033      79735F75 
 3033      6E696E69 
 3033      7400
 3034              	.LASF58:
 3035 0667 636F6E66 		.ascii	"config\000"
 3035      696700
 3036              	.LASF198:
ARM GAS  C:\Users\angio\AppData\Local\Temp\ccyaVgOo.s 			page 61


 3037 066e 474E5520 		.ascii	"GNU C17 10.3.1 20210824 (release) -mcpu=cortex-m4 -"
 3037      43313720 
 3037      31302E33 
 3037      2E312032 
 3037      30323130 
 3038 06a1 6D746875 		.ascii	"mthumb -mfloat-abi=soft -march=armv7e-m -ggdb -O0 -"
 3038      6D62202D 
 3038      6D666C6F 
 3038      61742D61 
 3038      62693D73 
 3039 06d4 666F6D69 		.ascii	"fomit-frame-pointer -falign-functions=16 -ffunction"
 3039      742D6672 
 3039      616D652D 
 3039      706F696E 
 3039      74657220 
 3040 0707 2D736563 		.ascii	"-sections -fdata-sections -fno-common -flto\000"
 3040      74696F6E 
 3040      73202D66 
 3040      64617461 
 3040      2D736563 
 3041              	.LASF184:
 3042 0733 706F7274 		.ascii	"port_unlock_from_isr\000"
 3042      5F756E6C 
 3042      6F636B5F 
 3042      66726F6D 
 3042      5F697372 
 3043              	.LASF36:
 3044 0748 74687265 		.ascii	"thread_t\000"
 3044      61645F74 
 3044      00
 3045              	.LASF188:
 3046 0751 706F7274 		.ascii	"port_rt_get_counter_value\000"
 3046      5F72745F 
 3046      6765745F 
 3046      636F756E 
 3046      7465725F 
 3047              	.LASF171:
 3048 076b 63685379 		.ascii	"chSysGetIdleThreadX\000"
 3048      73476574 
 3048      49646C65 
 3048      54687265 
 3048      61645800 
 3049              	.LASF127:
 3050 077f 646C6973 		.ascii	"dlist\000"
 3050      7400
 3051              	.LASF68:
 3052 0785 73797374 		.ascii	"systime_t\000"
 3052      696D655F 
 3052      7400
 3053              	.LASF201:
 3054 078f 63685379 		.ascii	"chSysTimerHandlerI\000"
 3054      7354696D 
 3054      65724861 
 3054      6E646C65 
 3054      724900
 3055              	.LASF9:
 3056 07a2 5F5F696E 		.ascii	"__int32_t\000"
ARM GAS  C:\Users\angio\AppData\Local\Temp\ccyaVgOo.s 			page 62


 3056      7433325F 
 3056      7400
 3057              	.LASF191:
 3058 07ac 5F5F7365 		.ascii	"__set_BASEPRI\000"
 3058      745F4241 
 3058      53455052 
 3058      4900
 3059              	.LASF65:
 3060 07ba 70616E69 		.ascii	"panic_msg\000"
 3060      635F6D73 
 3060      6700
 3061              	.LASF136:
 3062 07c4 70717565 		.ascii	"pqueue\000"
 3062      756500
 3063              	.LASF194:
 3064 07cb 5F5F6765 		.ascii	"__get_BASEPRI\000"
 3064      745F4241 
 3064      53455052 
 3064      4900
 3065              	.LASF52:
 3066 07d9 63685F6F 		.ascii	"ch_os_instance\000"
 3066      735F696E 
 3066      7374616E 
 3066      636500
 3067              	.LASF114:
 3068 07e8 6F666673 		.ascii	"offset\000"
 3068      657400
 3069              	.LASF50:
 3070 07ef 6F735F69 		.ascii	"os_instance_t\000"
 3070      6E737461 
 3070      6E63655F 
 3070      7400
 3071              	.LASF55:
 3072 07fd 7265676C 		.ascii	"reglist\000"
 3072      69737400 
 3073              	.LASF8:
 3074 0805 73686F72 		.ascii	"short unsigned int\000"
 3074      7420756E 
 3074      7369676E 
 3074      65642069 
 3074      6E7400
 3075              	.LASF105:
 3076 0818 4457545F 		.ascii	"DWT_Type\000"
 3076      54797065 
 3076      00
 3077              	.LASF77:
 3078 0821 63685F70 		.ascii	"ch_priority_queue\000"
 3078      72696F72 
 3078      6974795F 
 3078      71756575 
 3078      6500
 3079              	.LASF185:
 3080 0833 706F7274 		.ascii	"port_lock_from_isr\000"
 3080      5F6C6F63 
 3080      6B5F6672 
 3080      6F6D5F69 
 3080      737200
ARM GAS  C:\Users\angio\AppData\Local\Temp\ccyaVgOo.s 			page 63


 3081              	.LASF25:
 3082 0846 73797373 		.ascii	"syssts_t\000"
 3082      74735F74 
 3082      00
 3083              	.LASF82:
 3084 084f 4354524C 		.ascii	"CTRL\000"
 3084      00
 3085              	.LASF152:
 3086 0854 6D61696E 		.ascii	"mainthread_end\000"
 3086      74687265 
 3086      61645F65 
 3086      6E6400
 3087              	.LASF176:
 3088 0863 5F5F6F73 		.ascii	"__oslib_init\000"
 3088      6C69625F 
 3088      696E6974 
 3088      00
 3089              	.LASF122:
 3090 0870 63685F73 		.ascii	"ch_sys_initializing\000"
 3090      79735F69 
 3090      6E697469 
 3090      616C697A 
 3090      696E6700 
 3091              	.LASF172:
 3092 0884 63685379 		.ascii	"chSysHalt\000"
 3092      7348616C 
 3092      7400
 3093              	.LASF146:
 3094 088e 63685F6D 		.ascii	"ch_mutex\000"
 3094      75746578 
 3094      00
 3095              	.LASF29:
 3096 0897 74726566 		.ascii	"trefs_t\000"
 3096      735F7400 
 3097              	.LASF199:
 3098 089f 2E2E2F2E 		.ascii	"../../chibios2111/os/rt/src/chsys.c\000"
 3098      2E2F6368 
 3098      6962696F 
 3098      73323131 
 3098      312F6F73 
 3099              	.LASF192:
 3100 08c3 62617365 		.ascii	"basePri\000"
 3100      50726900 
 3101              	.LASF53:
 3102 08cb 726C6973 		.ascii	"rlist\000"
 3102      7400
 3103              	.LASF162:
 3104 08d1 63685F63 		.ascii	"ch_c0_idle_thread_wa\000"
 3104      305F6964 
 3104      6C655F74 
 3104      68726561 
 3104      645F7761 
 3105              	.LASF15:
 3106 08e6 75696E74 		.ascii	"uint8_t\000"
 3106      385F7400 
 3107              	.LASF42:
 3108 08ee 666C6167 		.ascii	"flags\000"
ARM GAS  C:\Users\angio\AppData\Local\Temp\ccyaVgOo.s 			page 64


 3108      7300
 3109              	.LASF20:
 3110 08f4 706F7274 		.ascii	"port_rttime_t\000"
 3110      5F727474 
 3110      696D655F 
 3110      7400
 3111              	.LASF170:
 3112 0902 74657374 		.ascii	"testmask\000"
 3112      6D61736B 
 3112      00
 3113              	.LASF178:
 3114 090b 63685379 		.ascii	"chSysLockFromISR\000"
 3114      734C6F63 
 3114      6B46726F 
 3114      6D495352 
 3114      00
 3115              	.LASF190:
 3116 091c 706F7274 		.ascii	"port_get_irq_status\000"
 3116      5F676574 
 3116      5F697271 
 3116      5F737461 
 3116      74757300 
 3117              	.LASF169:
 3118 0930 63685379 		.ascii	"chSysIntegrityCheckI\000"
 3118      73496E74 
 3118      65677269 
 3118      74794368 
 3118      65636B49 
 3119              	.LASF181:
 3120 0945 63685379 		.ascii	"chSysUnlock\000"
 3120      73556E6C 
 3120      6F636B00 
 3121              	.LASF124:
 3122 0951 63685F73 		.ascii	"ch_sys_halted\000"
 3122      79735F68 
 3122      616C7465 
 3122      6400
 3123              	.LASF135:
 3124 095f 6C697374 		.ascii	"list\000"
 3124      00
 3125              	.LASF125:
 3126 0964 73797374 		.ascii	"system_state_t\000"
 3126      656D5F73 
 3126      74617465 
 3126      5F7400
 3127              	.LASF187:
 3128 0973 706F7274 		.ascii	"port_lock\000"
 3128      5F6C6F63 
 3128      6B00
 3129              	.LASF154:
 3130 097d 69646C65 		.ascii	"idlethread_end\000"
 3130      74687265 
 3130      61645F65 
 3130      6E6400
 3131              	.LASF47:
 3132 098c 6D74786C 		.ascii	"mtxlist\000"
 3132      69737400 
ARM GAS  C:\Users\angio\AppData\Local\Temp\ccyaVgOo.s 			page 65


 3133              	.LASF166:
 3134 0994 63685379 		.ascii	"chSysRestoreStatusX\000"
 3134      73526573 
 3134      746F7265 
 3134      53746174 
 3134      75735800 
 3135              	.LASF195:
 3136 09a8 72657375 		.ascii	"result\000"
 3136      6C7400
 3137              		.text
 3138              		.section	.gnu.lto_.inline.1f2b66e5,"e",%progbits
 3139 0000 789C8591 		.ascii	"x\234\205\221\315\015\3020\014\205_\235\266\252\350"
 3139      CD0DC230 
 3139      0C855F9D 
 3139      B6AAE8
 3140 000f 7FC5204C 		.ascii	"\177\305 L\302\004\034\2410\005\202\01580\000\243\364"
 3140      C2041CA1 
 3140      3005820D 
 3140      383000A3 
 3140      F4
 3141 0020 C8911118 		.ascii	"\310\221\021\030\201#Gl7\215\324\026H*9\317\322g\307"
 3141      8123476C 
 3141      378DD416 
 3141      482A39CF 
 3141      D267C7
 3142 0033 CFBD12DC 		.ascii	"\317\275\022\334\251\200\360\304\307l\001r*\304\231"
 3142      A980F0C4 
 3142      C76C0172 
 3142      2AC499
 3143 0042 D5912064 		.ascii	"\325\221 d\340%\310K\030/\021\242\344\344N\007&\012"
 3143      E025C84B 
 3143      182F11A2 
 3143      E4E44E07 
 3143      260A
 3144 0054 21A89DBE 		.ascii	"!\250\235\276\222\0062\214\273t\264\010\261\302RF\252"
 3144      9206328C 
 3144      BB74B408 
 3144      B1C25246 
 3144      AA
 3145 0065 66E32F30 		.ascii	"f\343/0\211\261\326t\264\343\232dP\243\232\0045'7#]"
 3145      89B1D674 
 3145      B4E39A64 
 3145      50A39A04 
 3145      35273723 
 3146 007a 2B51B361 		.ascii	"+Q\263a\372N&S\3676\263#\245\210\234\327\370\253\327"
 3146      FA4E2653 
 3146      F736B323 
 3146      A5889CD7 
 3146      F8ABD7
 3147 008d CCBB8D1C 		.ascii	"\314\273\215\034+N\336jk3\250\021Q\330\036\255\307x"
 3147      2B4EDE6A 
 3147      6B33A811 
 3147      51D81EAD 
 3147      C778
 3148 009f 09D9E6CB 		.ascii	"\011\331\346\313\354\231[\262z\376\260\322\307J\351"
 3148      EC995BB2 
 3148      7AFEB0D2 
ARM GAS  C:\Users\angio\AppData\Local\Temp\ccyaVgOo.s 			page 66


 3148      C74AE9
 3149 00ae 4EDF6D54 		.ascii	"N\337mT\375\243\373X{\327\331 \347\344A2C&\204\231\022"
 3149      FDA3FB58 
 3149      7BD7D920 
 3149      E7E44132 
 3149      43268499 
 3150 00c3 51C13FD5 		.ascii	"Q\301?\325\\\326\362\341\003@K\200\024"
 3150      5CD6F2E1 
 3150      03404B80 
 3150      14
 3151              		.text
 3152              		.section	.gnu.lto_.jmpfuncs.1f2b66e5,"e",%progbits
 3153 0000 789C6362 		.ascii	"x\234cb@\006\000\000*\000\003"
 3153      40060000 
 3153      2A0003
 3154              		.text
 3155              		.section	.gnu.lto_.lto.1f2b66e5,"e",%progbits
 3156 0000 09000400 		.ascii	"\011\000\004\000\001\000\000\000"
 3156      01000000 
 3157              		.text
 3158              		.section	.gnu.lto___tm_calibration_object_init.187.1f2b66e5,"e",%progbits
 3159 0000 789C7D52 		.ascii	"x\234}R\317KTQ\024>\337=olr\302\012Z\210\213\212 \244"
 3159      CF4B5451 
 3159      143EDF3D 
 3159      6F6C72C2 
 3159      0A5A888B 
 3160 0017 8533A34D 		.ascii	"\2053\243MFmE\202\262\002\265\235\0206>pH\033qF\244"
 3160      466D4582 
 3160      B202B59D 
 3160      10363E70 
 3160      481B7146 
 3161 002c 5A787506 		.ascii	"Zxu\006\015\205\234\321!Z\330\004\303\024\356\202\240"
 3161      0D859CD1 
 3161      215AD804 
 3161      C314EE82 
 3161      A0
 3162 003d D4B29C32 		.ascii	"\324\262\2342p'\331\037\020\356\302MM\256,\212\327\271"
 3162      7027D91F 
 3162      10EEC24D 
 3162      4DAE2C8A 
 3162      D7B9
 3163 004f 6F4C87A8 		.ascii	"oL\207\250.\357\335w~|\3379\337;\367\026\024\321m\""
 3163      2EEFDD77 
 3163      7E7CDF39 
 3163      DF3BF716 
 3163      14D16D22 
 3164 0063 6A91973C 		.ascii	"j\221\227<\204\251\364\270\"\307q\206,\205\351t\245"
 3164      84A9F4B8 
 3164      22C77186 
 3164      2C85E974 
 3164      A5
 3165 0074 6BB14AA4 		.ascii	"k\261J\244'\024\226\340z\311t\225\373\2650l\271\006"
 3165      271496E0 
 3165      7AC97495 
 3165      FBB5306C 
 3165      B906
 3166 0086 6848B105 		.ascii	"hH\261\005\331hwM\363\011\255\365\326\243\354\227\204"
ARM GAS  C:\Users\angio\AppData\Local\Temp\ccyaVgOo.s 			page 67


 3166      D968774D 
 3166      F309ADF5 
 3166      D6A3EC97 
 3166      84
 3167 0097 4FCF1690 		.ascii	"O\317\026\220\227d\3667`\2061\305y\006\254mK\341\250"
 3167      9764F637 
 3167      608631C5 
 3167      7906AC6D 
 3167      4BE1A8
 3168 00aa 58DC49B5 		.ascii	"X\334I\265\005\255\337O$\306\364\001+\317\2149\010\007"
 3168      05ADDF4F 
 3168      24C6F401 
 3168      2BCF8C39 
 3168      0807
 3169 00bc CF816720 		.ascii	"\317\201g \222\200}\247\246\214]\275\303.\300\320\007"
 3169      92807DA7 
 3169      A68C5DBD 
 3169      C32EC0D0 
 3169      07
 3170 00cd 4DEA784A 		.ascii	"M\352xJ\353\342\267\345\013\251Q-M-\274tK\274\000\026"
 3170      EBE2B7E5 
 3170      0BA9512D 
 3170      4D2DBC74 
 3170      4BBC0016 
 3171 00e1 605ADBD9 		.ascii	"`Z\333\331\032\003\275\345B\245Yq+1V\225\032\366\346"
 3171      1A03BDE5 
 3171      42A55971 
 3171      2B315695 
 3171      1AF6E6
 3172 00f4 D98357E5 		.ascii	"\331\203W\345\335\004\232\251\251 \274\006\026\261-"
 3172      DD049AA9 
 3172      A920BC06 
 3172      16B12D
 3173 0103 5DC2AA14 		.ascii	"]\302\252\024x\362\301S\320?\234I\255\235\303\367\227"
 3173      78F2C153 
 3173      D03F9C49 
 3173      AD9DC3F7 
 3173      97
 3174 0114 9732A882 		.ascii	"\2272\250\202\350\253P\006\357\001\346\3415\226\317"
 3174      E8AB5006 
 3174      EF01E6E1 
 3174      3596CF
 3175 0123 6C44936C 		.ascii	"lD\223l&\352\256#\342\246X\355\272\240\317\030\331\234"
 3175      26EAAE23 
 3175      E2A658ED 
 3175      BAA0CF18 
 3175      D99C
 3176 0135 77BEF2F6 		.ascii	"w\276\362\366\3170\214\264\307\220\351\315\212\273'"
 3176      CF308CB4 
 3176      C790E9CD 
 3176      8ABB27
 3177 0144 27C20AA0 		.ascii	"'\302\012\240\240\370\"\322\2137x`\264\030h\205\024"
 3177      A0F822D2 
 3177      8B377860 
 3177      B4186885 
 3177      14
 3178 0155 2B22B9EE 		.ascii	"+\"\271\356\254\200\222Py\336\233\025\266\230%l\245"
ARM GAS  C:\Users\angio\AppData\Local\Temp\ccyaVgOo.s 			page 68


 3178      AC809250 
 3178      79DE9B15 
 3178      B698256C 
 3178      A5
 3179 0166 E89443CB 		.ascii	"\350\224C\313\263\257\324\343]k\216\275\206\347\201"
 3179      B3AFD4E3 
 3179      5D6B8EBD 
 3179      86E781
 3180 0175 45460697 		.ascii	"EF\006\227\311\200)\224\251\334\251\243\376Z\307\200"
 3180      C9802994 
 3180      A9DCA9A3 
 3180      FE5AC780 
 3181 0185 EEED82F8 		.ascii	"\356\355\202\370\037\315\0223\243\237f\367\345\330\227"
 3181      1FCD1233 
 3181      A39F66F7 
 3181      E5D897
 3182 0194 63556A68 		.ascii	"cUjh\272\354\247\015$7\226\3472,\231R\330\275\015\337"
 3182      BAECA70D 
 3182      243796E7 
 3182      322C9952 
 3182      D8BD0DDF 
 3183 01a8 A14498BA 		.ascii	"\241D\230\272\273vH\342\274\272V-\322\254?&\264\270"
 3183      BB7648E2 
 3183      BCBA562D 
 3183      D2AC3F26 
 3183      B4B8
 3184 01ba B0F2D493 		.ascii	"\260\362\324\223c\354\214aQ\306`\350\222+\216\377\304"
 3184      63EC8C61 
 3184      51C660E8 
 3184      922B8EFF 
 3184      C4
 3185 01cb 7F47B65A 		.ascii	"\177G\266Z\032\231\320\005\376\366\2439\2773\307\344"
 3185      1A99D005 
 3185      FEF6A339 
 3185      BF33C7E4 
 3186 01db 6ED02646 		.ascii	"n\320&F\326\037\236wEL2\312\317\210\250\261\351lGSw"
 3186      D61F9E77 
 3186      454C32CA 
 3186      CF88A8B1 
 3186      E96C4753 
 3187 01f0 E45AA42D 		.ascii	"\344Z\244->\320\025\211v\014F\373\257\307\372:\303\366"
 3187      3ED01589 
 3187      760C46FB 
 3187      AFC7FA3A 
 3187      C3F6
 3188 0202 D58198DD 		.ascii	"\325\201\230\335\337\321\332^\327\326~\361d\303\271"
 3188      DFD1DA5E 
 3188      D7D67EF1 
 3188      64C3B9
 3189 0211 D0E9506B 		.ascii	"\320\351Pks\335\245+M-\315\227\033CT\353\367\007\344"
 3189      73DDA52B 
 3189      4D2DCD97 
 3189      1B4354EB 
 3189      F707E4
 3190 0224 091B6634 		.ascii	"\011\033f4\326P__\037\210\306\002\375\361@\344F\270"
 3190      D6505F5F 
 3190      1F88C602 
ARM GAS  C:\Users\angio\AppData\Local\Temp\ccyaVgOo.s 			page 69


 3190      FDF140E4 
 3190      46B8
 3191 0236 67A0CB96 		.ascii	"g\240\313\226L\274\327\337M\034\017\367\035\014w\307"
 3191      4CBCD7DF 
 3191      4D1C0FF7 
 3191      1D0C77C7 
 3192 0246 6EC6FC61 		.ascii	"n\306\374a\277}*\030\012\332v'\251x/\"\277\000\2025"
 3192      BF7D2A18 
 3192      0ADA7627 
 3192      A9782F22 
 3192      BF008235 
 3193 025a 1F3D     		.ascii	"\037="
 3194              		.text
 3195              		.section	.gnu.lto_chSysLock.191.1f2b66e5,"e",%progbits
 3196 0000 789C7D50 		.ascii	"x\234}PMh\023Q\020\236\331\267i\225\036\254x\323\203"
 3196      4D681351 
 3196      109ED9B7 
 3196      69951EAC 
 3196      78D383
 3197 0013 E9A1A8D0 		.ascii	"\351\241\250\320d\223\032\023\360V\226P\012\215J\022"
 3197      64931A13 
 3197      F0569650 
 3197      0A8D4A12 
 3198 0023 2F1228C9 		.ascii	"/\022(\311v\261\213\246\033v\023\265\247\254-(\212M"
 3198      76B18BA6 
 3198      1B7613B5 
 3198      A7AC2D28 
 3198      8A4D
 3199 0035 63237830 		.ascii	"c#x0\364P\"xj<\370\323\324\252\253\265\340IA\020\017"
 3199      F4502278 
 3199      6A3CF8D3 
 3199      D4AAABB5 
 3199      E0494110 
 3200 004a 0A9E4444 		.ascii	"\012\236DD\374\241\027s\020\342\274\335\304\364 >vy"
 3200      FCA11773 
 3200      10E2BCDD 
 3200      C4F4203E 
 3200      7679
 3201 005c F3CDF7CD 		.ascii	"\363\315\367\3157\363f\023\001\366\320?\012t<\200\213"
 3201      37F36613 
 3201      01F6D03F 
 3201      0A743C80 
 3201      8B
 3202 006d D7AF0AD0 		.ascii	"\327\257\012\320j\265\212\242\200\225\322\267g\277\372"
 3202      6AB58AA2 
 3202      8095D2B7 
 3202      67BFFA
 3203 007c D0460733 		.ascii	"\320F\0073\274Qz1\267RBl\270\011\021/\276Zo\236\302"
 3203      BC517A31 
 3203      B752426C 
 3203      B809112F 
 3203      BE5A6F9E 
 3204 0091 FB2E4428 		.ascii	"\373.D(\012L\304\"V\330!\313\262\232\267\227\352\363"
 3204      0A4CC422 
 3204      56D821CB 
 3204      B29AB797 
 3204      EAF3
ARM GAS  C:\Users\angio\AppData\Local\Temp\ccyaVgOo.s 			page 70


 3205 00a3 7DD61D1B 		.ascii	"}\326\035\033k\014`\211A\347\364\264\021V\031:1\342"
 3205      6B0C6089 
 3205      41E7F4B4 
 3205      1156193A 
 3205      31E2
 3206 00b5 03840E10 		.ascii	"\003\204\016\020\360\241\013\270\305\2070\220;%\333"
 3206      F0A10BB8 
 3206      C5873090 
 3206      3B25DB
 3207 00c4 34AE629B 		.ascii	"4\256b\233^d5\252\023\333\221\200^\212X\2063\007l*\274"
 3207      5E6435AA 
 3207      13DB9180 
 3207      5E8A5886 
 3207      33076C2A 
 3208 00d9 77F9FDEB 		.ascii	"w\371\375\353\275U\313\026k\214\341:\362\036\217\020"
 3208      BD55CB16 
 3208      6B8CE13A 
 3208      F21E8F10 
 3209 00e9 D710F031 		.ascii	"\327\020\3601\215\303V\360\356>\222\016ri\271t\2531"
 3209      8DC356F0 
 3209      EE3E920E 
 3209      7269B974 
 3209      AB31
 3210 00fb B43167BD 		.ascii	"\2641g\275\264\376\212\241+\2469\333\303\254\276\255"
 3210      B4FE8AA1 
 3210      2BA639DB 
 3210      C3ACBEAD 
 3211 010b F6E0134A 		.ascii	"\366\340\023J6\270\035\177\005>u&'\015\022Q\177\343"
 3211      36B81D7F 
 3211      053E7526 
 3211      270D1251 
 3211      7FE3
 3212 011d B1ADDFAD 		.ascii	"\261\255\337\255\005\313\276\271\253>_\371\374U\020"
 3212      05CBBEB9 
 3212      AB3E5FF9 
 3212      FC5510
 3213 012c 05E005B0 		.ascii	"\005\340\005\260\300\370B\235\263\237`\231\011]\310"
 3213      C0F8429D 
 3213      B39F6099 
 3213      095DC8
 3214 013b E03BCE6E 		.ascii	"\340;\316n\365\3032\023\370C\030\006\340\007%\276\224"
 3214      F5C33213 
 3214      F8431806 
 3214      E00725BE 
 3214      94
 3215 014c D63EEEA4 		.ascii	"\326>\356\244\305s\367&_\324\300\025\341\322\216\032"
 3215      C573F726 
 3215      5FD4C015 
 3215      E1D28E1A 
 3216 015c E30F16F9 		.ascii	"\343\017\026\371\356\236#\320\215\033\270\354.g\340"
 3216      EE9E23D0 
 3216      8D1BB8EC 
 3216      2E67E0
 3217 016b 9AC37B1C 		.ascii	"\232\303{\034r\223\217Mm\331\366>e&n\207[8\373\363\323"
 3217      72938F4D 
 3217      6DD9F63E 
 3217      65266E87 
ARM GAS  C:\Users\angio\AppData\Local\Temp\ccyaVgOo.s 			page 71


 3217      5B38FBF3 
 3218 0180 C6BB28ED 		.ascii	"\306\273(\355\027\\5vi\201\022a\371hJ\236\3222Z\"_\230"
 3218      175C3576 
 3218      69811261 
 3218      F9684A9E 
 3218      D2325A22 
 3219 0196 D4F4D479 		.ascii	"\324\364\324y\3358c\346\322\212:Q0U#\025O\372\022\311"
 3219      DD3863E6 
 3219      D28A3A51 
 3219      30552315 
 3219      4FFA12C9 
 3220 01aa D8E1E1D1 		.ascii	"\330\341\341\321P$\024\217\372\216\235\224\307\243\307"
 3220      5024148F 
 3220      FA8E9D94 
 3220      C7A3C7
 3221 01b9 C32138E8 		.ascii	"\303!8\350\367K\364)\274R7\207\203\301\240\244\233\222"
 3221      F74BF429 
 3221      BC523787 
 3221      83C1A0A4 
 3221      9B92
 3222 01cb 9197B469 		.ascii	"\221\227\264i\345laR%\306\2341\375S\320\233I\233\352"
 3222      E56C6152 
 3222      25C69C31 
 3222      FD53D09B 
 3222      499BEA
 3223 01de 094393FF 		.ascii	"\011C\223\377Y\240\350\331\254>-\251\027\362\322H<&"
 3223      59A0E8D9 
 3223      AC3E2DA9 
 3223      17F2D248 
 3223      3C26
 3224 01f0 C9B1C458 		.ascii	"\311\261\304XB\222uC\225\306:>YS3'N+\012y\355vM\025"
 3224      42927543 
 3224      95C63A3E 
 3224      59533327 
 3224      4E2B0A79 
 3225 0208 BF7A2410 		.ascii	"\277z$\020\012\250j\032\"\377s\315\351F\336\344\276"
 3225      0AA86A1A 
 3225      22FF73CD 
 3225      E946DEE4 
 3225      BE
 3226 0219 E722BE98 		.ascii	"\347\"\276\230od<I:\205\274\311\251?\226\210{\371d9"
 3226      6F643C49 
 3226      3A85BCC9 
 3226      A93F9688 
 3226      7BF96439 
 3227 022d 431BF20E 		.ascii	"C\033\362\016\006@0\2407\253fuc\006\376\000\036\352"
 3227      064030A0 
 3227      37AB6675 
 3227      6306FE00 
 3227      1EEA
 3228 023f 0625     		.ascii	"\006%"
 3229              		.text
 3230              		.section	.gnu.lto_chSysUnlock.192.1f2b66e5,"e",%progbits
 3231 0000 789C7D51 		.ascii	"x\234}QMh\023Q\020\236yo\323*=X\361\246\007\333CQ\241"
 3231      4D681351 
 3231      109E796F 
 3231      D32A3D58 
ARM GAS  C:\Users\angio\AppData\Local\Temp\ccyaVgOo.s 			page 72


 3231      F1A607DB 
 3232 0017 C9263526 		.ascii	"\311&5&\340\255,A\012\215J\022\275X(\315v\261KM7\354"
 3232      E0AD2C41 
 3232      0A8D4A12 
 3232      BD5828CD 
 3232      76B14B4D 
 3233 002d A66A4F59 		.ascii	"\246jOY+(\212\246\265Q\274\204\036J\204\236T\374mkm"
 3233      2B288AA6 
 3233      B551BC84 
 3233      1E4A849E 
 3233      54FC6D6B 
 3234 0042 57ABE025 		.ascii	"W\253\340%\012\036\364 \322\213\036<X\245 \346 \304"
 3234      0A1EF420 
 3234      D28B1E3C 
 3234      58A520E6 
 3234      20C4
 3235 0054 79BB89AD 		.ascii	"y\273\211\255 >v\331\371\346\373\346\233y\263\357\021"
 3235      203E76D9 
 3235      F9E6FBE6 
 3235      9B79B3EF 
 3235      11
 3236 0065 6007BDC7 		.ascii	"`\007\275\307\201N\023\340\324\265\313\014j\265Z^bX"
 3236      814E13E0 
 3236      D4B5CB0C 
 3236      6AB55A5E 
 3236      6258
 3237 0077 A4181FA2 		.ascii	"\244\030\037\242\2138^/|}\366\263\005\035\017Kx\243"
 3237      8B385E2F 
 3237      7C7DF6B3 
 3237      051D0F4B 
 3237      78A3
 3238 0089 F062E55E 		.ascii	"\360b\345^\001q\336K\370\360\334\353\305w'\032z\204"
 3238      0171DE4B 
 3238      F8F0DCEB 
 3238      C577271A 
 3238      7A84
 3239 009b 3CE394CC 		.ascii	"<\343\224\314c\221\357\263m\273zk\272r\265\305\236u"
 3239      6391EFB3 
 3239      6DBB7A6B 
 3239      BA72B5C5 
 3239      9E75
 3240 00ad B0CC01A6 		.ascii	"\260\314\001\24694NS\035a\211\243\033#>Bh\000\206\217"
 3240      39344E53 
 3240      1D6189A3 
 3240      1B233E42 
 3240      6800868F 
 3241 00c1 3D401673 		.ascii	"=@\026s?\"@\366\224\254\3238\207uz\212\227\251N\252"
 3241      3F2240F6 
 3241      94ACD338 
 3241      87757A8A 
 3241      97A94EAA 
 3242 00d5 470CDB28 		.ascii	"G\014\333(\342i\301\354q\250\367\203\213\037\336\354"
 3242      E269C1EC 
 3242      71A8F783 
 3242      8B1FDEEC 
 3243 00e5 2CD98E54 		.ascii	",\331\216T\346\034\027Q\364x\202\270\200\200Oi\034~"
 3243      E61C1751 
ARM GAS  C:\Users\angio\AppData\Local\Temp\ccyaVgOo.s 			page 73


 3243      F47882B8 
 3243      80804F69 
 3243      1C7E
 3244 00f7 1BEFEE22 		.ascii	"\033\357\356\"i\207\220N\026\226\347;W\316\333\257\354"
 3244      6987904E 
 3244      1696E73B 
 3244      57CEDBAF 
 3244      EC
 3245 0108 3F62D810 		.ascii	"?b\330\020\323\234\365a\252\237JM\270D\311ya'n\201\313"
 3245      D39CF561 
 3245      AA9F4A4D 
 3245      B844C979 
 3245      61276E81 
 3246 011d EEE4A461 		.ascii	"\356\344\244a\263T\263\204w\336\372\034\373Wm\302vn"
 3246      B354B384 
 3246      77DEFA1C 
 3246      FB576DC2 
 3246      766E
 3247 012f 6EAB548A 		.ascii	"n\253T\212\253kLb\"\0170\301\305\212\335\263\333\205"
 3247      AB6B4C62 
 3247      220F30C1 
 3247      C58ADDB3 
 3247      DB85
 3248 0141 6C037298 		.ascii	"l\003r\230\344|3\\\303\361\365V\230\341L\\\215Z\301"
 3248      E47C335C 
 3248      C3F1F556 
 3248      98E14C5C 
 3248      8D5AC1
 3249 0154 374A7C29 		.ascii	"7J|),\254n\245\177!\372U\305\352\332/\261\013[\312\\"
 3249      2CAC6EA5 
 3249      7F21FA55 
 3249      C5EADA2F 
 3249      B10B5BCA 
 3250 0169 AC4012DB 		.ascii	"\254@\022\333|\216@_\\\301\031o]\355W\\\336\347\222"
 3250      7C8E405F 
 3250      5CC1196F 
 3250      5DED575C 
 3250      DEE792
 3251 017c 2FC545A8 		.ascii	"/\305E\250\255\364w[\337f\270\216\343\337?\337\377\030"
 3251      ADF4775B 
 3251      DF66B88E 
 3251      E3DF3FDF 
 3251      FF18
 3252 018e A38D83A7 		.ascii	"\243\215\203\247\306\015\232Q\"\242\034\354S\206\364"
 3252      C60D9A51 
 3252      22A21CEC 
 3252      5386F4
 3253 019d B49ECC8D 		.ascii	"\264\236\314\215\016\352F\337\031\303\034\266\262\003"
 3253      0EEA46DF 
 3253      19C31CB6 
 3253      B203
 3254 01ab AAD63F6A 		.ascii	"\252\326?jif_\"\345O\246\342\373\273\016\205\243\341"
 3254      69665F22 
 3254      E54FA6E2 
 3254      FBBB0E85 
 3254      A3E1
 3255 01bd 44CC7FF8 		.ascii	"D\314\177\370\230\322\033;\022\011\303\336@@\246G\025"
ARM GAS  C:\Users\angio\AppData\Local\Temp\ccyaVgOo.s 			page 74


 3255      98D21B3B 
 3255      1209C3DE 
 3255      4040A647 
 3255      15
 3256 01ce 9586D515 		.ascii	"\225\206\325\025\012\205d\303\222\315\234\254\217\250"
 3256      0A8564C3 
 3256      92CD9CAC 
 3256      8FA8
 3257 01dc A7460735 		.ascii	"\247F\0075b\2541+0\004\315\351\001K;j\352\312?\013T"
 3257      62AC312B 
 3257      3004CDE9 
 3257      014B3B6A 
 3257      EACA3F0B 
 3258 01f1 23933146 		.ascii	"#\2231Fd\355lN\356N\304e%\236\354I\312\212ajrO\303'"
 3258      64ED6C4E 
 3258      EE4EC465 
 3258      259EEC49 
 3258      CA8A616A 
 3259 0209 63E956FF 		.ascii	"c\351V\377IU%\257\355\236\251\032\320\016\004\303AM"
 3259      495525AF 
 3259      ED9EA91A 
 3259      D00E04C3 
 3259      414D
 3260 021b 1B80E8FF 		.ascii	"\033\200\350\377\\\263\206\231\263\204\357\351\250?"
 3260      5CB38699 
 3260      B384EFE9 
 3260      A83F
 3261 0229 EEEFEE4D 		.ascii	"\356\357\356M\221N%orj\215'\023mb\262\254\251w\266u"
 3261      914E256F 
 3261      726A8D27 
 3261      136D62B2 
 3261      ACA977B6 
 3262 023e 048199D0 		.ascii	"\004\201\231\320\234\3212\2069\006\277\001\341U\026"
 3262      9CD13286 
 3262      3906BF01 
 3262      E15516
 3263 024d 45       		.ascii	"E"
 3264              		.text
 3265              		.section	.gnu.lto_chSysLockFromISR.193.1f2b66e5,"e",%progbits
 3266 0000 789C7D52 		.ascii	"x\234}RMh\023A\024~og\323*=X\361\246\202\351\241\250"
 3266      4D681341 
 3266      147E6F67 
 3266      D32A3D58 
 3266      F1A682E9 
 3267 0016 D064D31A 		.ascii	"\320d\323\032\033\360V\226 \205F%\211x\011\226v\273"
 3267      1BF05696 
 3267      20854625 
 3267      89780996 
 3267      76BB
 3268 0028 D845D30D 		.ascii	"\330E\323\015\273\211\332S\266\015(\032Ij[+h\350\241"
 3268      BB89DA53 
 3268      B60D281A 
 3268      496A5B2B 
 3268      68E8A1
 3269 003b 445010ED 		.ascii	"DP\020\355E\373c\325\330b-\036\024\004O\036<\305c+\365"
 3269      45FB63D5 
 3269      D8622D1E 
ARM GAS  C:\Users\angio\AppData\Local\Temp\ccyaVgOo.s 			page 75


 3269      14044F1E 
 3269      3CC5632B 
 3270 0050 600521BE 		.ascii	"`\005!\276\331ML\016\342\260\260\363\275\357\373\336"
 3270      D94D4C0E 
 3270      E2B0B0F3 
 3270      BDEFFBDE 
 3271 0060 CFCC3001 		.ascii	"\317\3140\001`\037\002\234\003ZM\200\223\267o\012P\251"
 3271      601F029C 
 3271      035A4D80 
 3271      93B76F0A 
 3271      50A9
 3272 0072 54D2A280 		.ascii	"T\322\242\200S\271\362\352\317\026\\C\0333\234\316\225"
 3272      53B9F2EA 
 3272      CF165C43 
 3272      1B339CCE 
 3272      95
 3273 0083 C79EE410 		.ascii	"\307\236\344\020W\234\200\210w\036/\020\\v\240\013\307"
 3273      579C8088 
 3273      771E2F10 
 3273      5C76A00B 
 3273      C7
 3274 0094 3EACCC9F 		.ascii	">\254\314\237\307g\016DH\013\214\202i\234bG-\313\332"
 3274      C7670E44 
 3274      480B8C82 
 3274      699C6247 
 3274      2DCBDA
 3275 00a7 79309BCD 		.ascii	"y0\233\315\267X\017KXd\000\263\014j\253\251\212\260"
 3275      B7580F4B 
 3275      586400B3 
 3275      0C6AABA9 
 3275      8AB0
 3276 00b9 C0D0DE23 		.ascii	"\300\320\336#>G\250\001\001\027\352\200\341\242\003"
 3276      3E47A801 
 3276      0117EA80 
 3276      E1A203
 3277 00c8 78BEF500 		.ascii	"x\276\365\000P-\012Vi\\\302\006\272\360>\263y\020\250"
 3277      502D0A56 
 3277      695CC206 
 3277      BAF03EB3 
 3277      7910A8
 3278 00db 374A5113 		.ascii	"7JQ\023\274\300j\262IV\244*bu'\240\233v\354\236M\035"
 3278      BCC06AB2 
 3278      4956A42A 
 3278      627527A0 
 3278      9B76EC9E 
 3279 00f1 2E51EAE9 		.ascii	".Q\352\351\354\227\217\373\013VI,R\311\327\310[z\205"
 3279      EC978FFB 
 3279      0B56492C 
 3279      52C9D7C8 
 3279      5B7A85
 3280 0104 F8120179 		.ascii	"\370\022\001y\367\354\033\316\037 i\273-\275~\177\251"
 3280      F7EC1BCE 
 3280      1F2069BB 
 3280      2DBD7E7F 
 3280      A9
 3281 0115 632D636D 		.ascii	"c-cmX\177\305P\027\323X\325~\026?\027\232\360\015\005"
 3281      587FC550 
ARM GAS  C:\Users\angio\AppData\Local\Temp\ccyaVgOo.s 			page 76


 3281      17D358D5 
 3281      7E163F17 
 3281      9AF00D05 
 3282 0129 57783A3E 		.ascii	"Wx:>4\256\332\203\222\006\211x\372\311U\262~W\362V\351"
 3282      34AEDA83 
 3282      92068978 
 3282      FAC955B2 
 3282      7E57F256 
 3283 013e EE9EECD6 		.ascii	"\356\236\354\326\314\273_\202(\0007@\236\361\373\260"
 3283      CCBB5F82 
 3283      28003740 
 3283      9EF1FBB0 
 3284 014e D7218213 		.ascii	"\327!\202\023L\250C\006\2338\276\335\012sL\340\2230"
 3284      4CA84306 
 3284      9B38BEDD 
 3284      0A734CE0 
 3284      9330
 3285 0160 F4C11605 		.ascii	"\364\301\026\005\036\315,\177\335M\367\306\263\357\360"
 3285      1ECD2C7F 
 3285      DD4DF7C6 
 3285      B3EFF0
 3286 016f 736DBB21 		.ascii	"sm\273!\\\333Ud|b\221\037\365[\004\372\343:\3169\247"
 3286      5CDB5564 
 3286      7C62911F 
 3286      F55B04FA 
 3286      E33ACE39 
 3287 0184 D376CBE6 		.ascii	"\323v\313\346]6\271\301\333\246\262\254\261N\236\211"
 3287      5D36B9C1 
 3287      DBA6B2AC 
 3287      B14E9E89 
 3288 0194 8D7082B9 		.ascii	"\215p\202\271\032\3416\216\177/g~\004\351B\3001c\235"
 3288      1AE1368E 
 3288      7F2F677E 
 3288      04E942C0 
 3288      31639D
 3289 01a7 A61706DD 		.ascii	"\246\027\006\335\362\211\230<\254\015j\221djH\323cW"
 3289      F289983C 
 3289      AC0D6A91 
 3289      646A48D3 
 3289      6357
 3290 01b9 74E3A299 		.ascii	"t\343\242\231\030P\324\376\224\251\032\261p\324\023"
 3290      1850D4FE 
 3290      94A91AB1 
 3290      70D413
 3291 01c8 89868E75 		.ascii	"\211\206\216u\235\364\007\374\341\240\347\324Y\271/"
 3291      9DF407FC 
 3291      E1A0E7D4 
 3291      59B92F
 3292 01d7 78BADB0F 		.ascii	"x\272\333\017G\274^\211>\205;u\263\253\263\263S\322"
 3292      47BC5E89 
 3292      3E853B75 
 3292      B3ABB3B3 
 3292      53D2
 3293 01e9 4DC9484A 		.ascii	"M\311HJ\332\210r)5\244\022c\216\232\336a\010\374S\250"
 3293      DA887229 
 3293      35A41263 
 3293      8E9ADE61 
ARM GAS  C:\Users\angio\AppData\Local\Temp\ccyaVgOo.s 			page 77


 3293      08FC53A8 
 3294 01fd E8F1B83E 		.ascii	"\350\361\270>\"%t#iJ=\341\320\345\200'\344\351\351\213"
 3294      22257423 
 3294      694A3DE1 
 3294      D0E58027 
 3294      E4E9E98B 
 3295 0211 924ED10D 		.ascii	"\222N\321\015\225|\315\203\003\246z\306\320\344\377"
 3295      957CCD83 
 3295      03A67AC6 
 3295      D0E4FF
 3296 0220 F9D5AB49 		.ascii	"\371\325\253I\356\226\344P\2447\"\311\344\224zk\365"
 3296      EE96E450 
 3296      A43722C9 
 3296      E4947A6B 
 3296      F5
 3297 0231 E3A666F6 		.ascii	"\343\246f\366_P\024\312\265\327iF\361\252\307}~\237"
 3297      5F5014CA 
 3297      B5D76946 
 3297      F1AAC77D 
 3297      7E9F
 3298 0243 AA0E406B 		.ascii	"\252\016@k(\022v\363\012\011C\353p\267\373@0\2409\256"
 3298      281276F3 
 3298      0A0943EB 
 3298      70B7FB40 
 3298      30A039AE 
 3299 0257 C6756314 		.ascii	"\306uc\024\376\000,\233\037\213"
 3299      FE002C9B 
 3299      1F8B
 3300              		.text
 3301              		.section	.gnu.lto_chSysUnlockFromISR.194.1f2b66e5,"e",%progbits
 3302 0000 789C7D52 		.ascii	"x\234}RMh\023Q\020\236\331\267i\225\036\254xS\301\364"
 3302      4D681351 
 3302      109ED9B7 
 3302      69951EAC 
 3302      7853C1F4 
 3303 0014 505468B2 		.ascii	"PTh\262I\215\015x+!H\241QI\"^\202%\335.v\321t\303n\242"
 3303      498D0D78 
 3303      2B2148A1 
 3303      5149225E 
 3303      8225DD2E 
 3304 002e F694B582 		.ascii	"\366\224\265\202\242\226\244\266\325\202\204\036J\004"
 3304      A296A4B6 
 3304      D582841E 
 3304      4A04
 3305 003c 3D55047F 		.ascii	"=U\004\177Rc\2336(\305\203\202WA\017\032\217*\275\244"
 3305      52639B36 
 3305      28C58382 
 3305      57410F1A 
 3305      8F2ABDA4 
 3306 0050 6021CEDB 		.ascii	"`!\316\333ML\016\342ca\3377\3377\337\314\274\367\230"
 3306      4D4C0EE2 
 3306      6361DF37 
 3306      DF37DFCC 
 3306      BCF798
 3307 0063 00B00F01 		.ascii	"\000\260\017\001\316\001\255\016\300\331\273\267\005"
 3307      CE01AD0E 
 3307      C0D9BBB7 
ARM GAS  C:\Users\angio\AppData\Local\Temp\ccyaVgOo.s 			page 78


 3307      05
 3308 0070 A8D7EB19 		.ascii	"\250\327\353\031Q\300\271lu\243\326\205\025\2640\303"
 3308      51C0B96C 
 3308      75A3D685 
 3308      15B430C3 
 3309 0080 F96C75FD 		.ascii	"\371lu\375i\026\261d\007D\2747\275Jp\305\206\016\274"
 3309      6916B164 
 3309      0744BC37 
 3309      BD4A70C5 
 3309      860EBC
 3310 0093 F6BEB473 		.ascii	"\366\276\264s\036\237\331\020!#0\012fp\216\0355Ms\373"
 3310      1E9FD910 
 3310      2123300A 
 3310      66708E1D 
 3310      354D73FB 
 3311 00a7 E16231D7 		.ascii	"\341b1\327e>*c\201\001,2h\256\216\006\302<Ck\217\370"
 3311      653E2A63 
 3311      81012C32 
 3311      68AE8E06 
 3311      C23C436B 
 3312 00bd 1CA10904 		.ascii	"\034\241\011\004|\321\002\014_\332\200\373}\366\003"
 3312      7CD1020C 
 3312      5FDA80FB 
 3312      7DF603
 3313 00cc D5A26083 		.ascii	"\325\242`\203\306\"\266\321\371w\225\332A\240\336\310"
 3313      C622B6D1 
 3313      F97795DA 
 3313      41A0DEC8 
 3314 00dc A2297885 		.ascii	"\242)x\205\015\263YV\240*bc'\240\223v\354\201E\035."
 3314      0DB35956 
 3314      A02A6263 
 3314      27A09376 
 3314      EC81451D 
 3315 00f1 93F5FC9D 		.ascii	"\223\365\374\235O\037\366\347\315\262X\240\222k\310"
 3315      4F1FF6E7 
 3315      CDB258A0 
 3315      926BC8
 3316 0100 5B5A457C 		.ascii	"[ZE|\215\200\274{\366\035\237\034 i\257%\275\271V\354"
 3316      8D80BC7B 
 3316      F61D9F1C 
 3316      2069AF25 
 3316      BDB956EC 
 3317 0114 AB5C3737 		.ascii	"\253\\77\315\277bh\211i\254f\273\337\362\035\270N\301"
 3317      CDBF6268 
 3317      8969AC66 
 3317      BBDFF21D 
 3317      B84EC1
 3318 0127 12B7E343 		.ascii	"\022\267\343C\343\2065(i\220\210\345\217\216\262\271"
 3318      E3863528 
 3318      699088E5 
 3318      8F8EB2B9 
 3319 0137 53CF99E5 		.ascii	"S\317\231\345\205=\305\345\205\332oA\024\200'@\216\361"
 3319      853DC5E5 
 3319      85DA6F41 
 3319      14802740 
 3319      8EF1
 3320 0149 FBB0D621 		.ascii	"\373\260\326!\2023LhA\006?pj\253\033\226\230\300'!c"
ARM GAS  C:\Users\angio\AppData\Local\Temp\ccyaVgOo.s 			page 79


 3320      82334C68 
 3320      41063F70 
 3320      6AAB1B96 
 3320      98C02721 
 3321 015e F84981C7 		.ascii	"\370I\201\307\367W\276\354\246{\343\356\333\374\\{n"
 3321      F757BEEC 
 3321      A67BE3EE 
 3321      DBFC5C7B 
 3321      6E
 3322 016f 09377615 		.ascii	"\0117v\025\030\237X\344G\375\006\201\376\370\026\227"
 3322      189F58E4 
 3322      47FD0681 
 3322      FEF81697 
 3323 017f ECD3E999 		.ascii	"\354\323\351\231\266x\207En\362\266\251,k\257\223cb"
 3323      B6788745 
 3323      6EF2B6A9 
 3323      2C6BAF93 
 3323      6362
 3324 0191 3B9C618E 		.ascii	";\234a\216v\270\205S\277\252_kA\272\020\260\223\261"
 3324      76B88553 
 3324      BFAA5F6B 
 3324      41BA10B0 
 3324      93B1
 3325 01a3 45D30B83 		.ascii	"E\323\013\203\201\300\211X`\\\035U#\251\364\230\252"
 3325      81C08958 
 3325      605C1D55 
 3325      23A9F498 
 3325      AA
 3326 01b4 C5AE68FA 		.ascii	"\305\256h\372E#\031\227\225\221\264\241\350\261p\324"
 3326      45231997 
 3326      9591B4A1 
 3326      E8B170D4 
 3327 01c4 1589868E 		.ascii	"\025\211\206\216\365\237\364\371}\341\240\353\324\331"
 3327      F59FF4F9 
 3327      7DE1A0EB 
 3327      D4D9
 3328 01d2 C070F0F4 		.ascii	"\300p\360\364\200\017\216\270\335\022}2\317\324\214"
 3328      800F8EB8 
 3328      DD127D32 
 3328      CFD48C
 3329 01e1 7EAFD72B 		.ascii	"~\257\327+i\206\244\247$uB\276\224\036S\2101&\015\367"
 3329      6986A4A7 
 3329      247542BE 
 3329      941E5388 
 3329      31260DF7 
 3330 01f5 38F8FF29 		.ascii	"8\370\377)\224\265DB\233\220\222\232\2362\244\301p\350"
 3330      94B54442 
 3330      9B90929A 
 3330      9E32A4C1 
 3330      70E8
 3331 0207 B2DF1572 		.ascii	"\262\337\025r\015\016GI'k\272By\235\243qC9\243\253\201"
 3331      0D0E4749 
 3331      276BBA42 
 3331      799DA371 
 3331      4339A3AB 
 3332 021c FFE52B57 		.ascii	"\377\345+WS<[\012\204\"C\021)@\231\322P\263~\302P\215"
 3332      533C5B0A 
ARM GAS  C:\Users\angio\AppData\Local\Temp\ccyaVgOo.s 			page 80


 3332      84224311 
 3332      294099D2 
 3332      50B37EC2 
 3333 0232 910BB24C 		.ascii	"\221\013\262L^{\355fd\267r\334\343\363(J\034\272C\221"
 3333      5E7BED66 
 3333      64B772DC 
 3333      E3F3284A 
 3333      1CBA4391 
 3334 0246 B0935748 		.ascii	"\260\223WH\352j\237\263\327\003\202\016\235\011%\241"
 3334      EA6A9FB3 
 3334      D703820E 
 3334      9D0925A1 
 3335 0256 E993F007 		.ascii	"\351\223\360\007\220\340!Y"
 3335      90E02159 
 3336              		.text
 3337              		.section	.gnu.lto___oslib_init.334.1f2b66e5,"e",%progbits
 3338 0000 789CDBC5 		.ascii	"x\234\333\305\300\300\220\002\304\212@\314\300\314\300"
 3338      C0C09002 
 3338      C48A40CC 
 3338      C0CCC0
 3339 000f 38696217 		.ascii	"8ib\027\023\303\377\377\377\353Y\230\030\033U\030\267"
 3339      13C3FFFF 
 3339      FFEB5998 
 3339      181B5518 
 3339      B7
 3340 0020 3282D98C 		.ascii	"2\202\331\214\014\365L\214\365\214\223\2315\033\032"
 3340      0CF54C8C 
 3340      F58C9399 
 3340      351B1A
 3341 002f 1A7E2C9D 		.ascii	"\032~,\235\367\263\235\273a\305\001\306%\314\014\014"
 3341      F7B39DBB 
 3341      61C501C6 
 3341      25CC0C0C 
 3342 003f F3981960 		.ascii	"\363\230\031`\200\015\306c\004\342\365\227X\0174\374"
 3342      800DC663 
 3342      04E2F597 
 3342      580F34FC 
 3343 004f F9DFDFD0 		.ascii	"\371\337\337\320\360\367\011c\217&+\003C?3\310`0\220"
 3343      F0F70963 
 3343      8F262B03 
 3343      433F33C8 
 3343      603090
 3344 0062 07AA98C0 		.ascii	"\007\252\230\300\314\204\34022|`l~\360\363<#C\013#\323"
 3344      CC84E032 
 3344      327C606C 
 3344      7EF0F33C 
 3344      23430B23 
 3345 0077 1266C679 		.ascii	"\022f\306y\314@\025K\230\231\300\302\377\370\341\242"
 3345      CC40154B 
 3345      9899C0C2 
 3345      FFF8E1A2 
 3346 0087 4C08D129 		.ascii	"L\010\321)BpQf\210\350'\306\246\0073\203\300N\351gf"
 3346      42705166 
 3346      88E827C6 
 3346      A6073383 
 3346      C04EE967 
 3347 009c 44B68B81 		.ascii	"D\266\213\201\301\314\331*\3069#3)3\270\2444%3?\246"
ARM GAS  C:\Users\angio\AppData\Local\Temp\ccyaVgOo.s 			page 81


 3347      C1CCD92A 
 3347      C6392333 
 3347      2933B8A4 
 3347      3425333F 
 3348 00b1 3CBF28BB 		.ascii	"<\277(\273\270 195\276\2648\265(&(D78\304\327\330\310"
 3348      B8203139 
 3348      35BEB438 
 3348      B5282628 
 3348      443738C4 
 3349 00c8 DDC4DC24 		.ascii	"\335\304\334$\310U\327/\324\331\307\325\337\314\204"
 3349      C855D72F 
 3349      D4D9C7D5 
 3349      DFCC84
 3350 00d7 415B4F4F 		.ascii	"A[OO\037\210\222A:\363\213\215\014\015\015\365\363\213"
 3350      1F889241 
 3350      3AF38B8D 
 3350      0C0D0DF5 
 3350      F38B
 3351 00e9 81282733 		.ascii	"\201('3I?3/9\2474%\025(\011\344\351e0\000\000(\000n"
 3351      493F332F 
 3351      39A73425 
 3351      152809E4 
 3351      E9653000 
 3352 0101 76       		.ascii	"v"
 3353              		.text
 3354              		.section	.gnu.lto_ch_core0_cfg.338.1f2b66e5,"e",%progbits
 3355 0000 789C9BC0 		.ascii	"x\234\233\300\300\300\220\310\000\001s\230\031'1/af"
 3355      C0C090C8 
 3355      00017398 
 3355      1927312F 
 3355      6166
 3356 0012 60BCC008 		.ascii	"`\274\300\010d\2660654\374\231\324\177\376#\353\022"
 3356      64B63036 
 3356      3534FC99 
 3356      D47FFE23 
 3356      EB12
 3357 0024 66C615CC 		.ascii	"f\306\025\314`yo\240\030\307\022f&\306\255\214\214["
 3357      60796FA0 
 3357      18C71266 
 3357      26C6AD8C 
 3357      8C5B
 3358 0036 181960CA 		.ascii	"\030\031`\312n\234cD\250\001\231\301\004\226S\214k\003"
 3358      6E9C6344 
 3358      A80199C1 
 3358      0496538C 
 3358      6B03
 3359 0048 2A6606AB 		.ascii	"*f\006\253jkh\330q\314p\0113\013\343NF\006\313\246\216"
 3359      6A6B68D8 
 3359      71CC7009 
 3359      330BE34E 
 3359      4606CBA6 
 3360 005d 069125CC 		.ascii	"\006\221%\314\254s\201\226\355b\234\313\314\310\270"
 3360      AC738196 
 3360      ED629CCB 
 3360      CCC8B8
 3361 006c 03483281 		.ascii	"\003H2\201If\306\355@\222\205q\033#\203\231\263U\214"
 3361      4966C6ED 
ARM GAS  C:\Users\angio\AppData\Local\Temp\ccyaVgOo.s 			page 82


 3361      40928571 
 3361      1B238399 
 3361      B3558C
 3362 007f 73466652 		.ascii	"sFfRfpIiJf~Ly~QvqAbrj|iqjQLP\210np\210\257\261\221\273"
 3362      66704969 
 3362      4A667E4C 
 3362      797E5176 
 3362      71416272 
 3363 00a3 89B94990 		.ascii	"\211\271I\220\253\256_\250\263\217\253\277\231\011\203"
 3363      ABAE5FA8 
 3363      B38FABBF 
 3363      990983
 3364 00b2 8A9E9E3E 		.ascii	"\212\236\236>\020%\203t\346\027\033\031\032\032\352"
 3364      10258374 
 3364      E6171B19 
 3364      1A1AEA
 3365 00c1 E717EB17 		.ascii	"\347\027\353\027\225\350\027\027%\003E\213+\213\365"
 3365      95E81717 
 3365      2503458B 
 3365      2B8BF5
 3366 00d0 92199893 		.ascii	"\222\031\230\223\015\030\000\027\246F\372"
 3366      0D180017 
 3366      A646FA
 3367              		.text
 3368              		.section	.gnu.lto_chSysWaitSystemState.339.1f2b66e5,"e",%progbits
 3369 0000 789C4D8F 		.ascii	"x\234M\217=HBQ\024\307\317y\347\031E\0204:\265\024\321"
 3369      3D484251 
 3369      14C7CF79 
 3369      E7194510 
 3369      343AB514 
 3370 0015 E0F3F991 		.ascii	"\340\363\371\221A\253H\020}\220\332&\205\351\213\244"
 3370      41AB4810 
 3370      7D90DA26 
 3370      85E98BA4 
 3371 0025 C1F029D1 		.ascii	"\301\360)\321\344\315\234\\\374ZKB^!.\201\364e4\010"
 3371      E4CD9C5C 
 3371      FC5A4B42 
 3371      5E212E81 
 3371      F4653408 
 3372 0039 114D4144 		.ascii	"\021MAD-\321\320\024\270445\004v\337%\321\313\3758\377"
 3372      2DD1D014 
 3372      B8343435 
 3372      0476DF25 
 3372      D1CBFD38 
 3373 004e 73EE39E7 		.ascii	"s\3569\347w\254\010\220\002\200\025~\300\002X*\346$"
 3373      77AC0890 
 3373      0280157E 
 3373      C002582A 
 3373      E624
 3374 0060 E8743A69 		.ascii	"\350t:iY\302r1\367Po\310x\205\302A\322AqXX\331\342\210"
 3374      59C27231 
 3374      F7506FC8 
 3374      7885C241 
 3374      D2417158 
 3375 0078 7865DC7F 		.ascii	"xe\334\177\257\017\011\023!-\221\214\374\202\336*\323"
 3375      AF0F0913 
 3375      212D918C 
ARM GAS  C:\Users\angio\AppData\Local\Temp\ccyaVgOo.s 			page 83


 3375      FC82DE2A 
 3375      D3
 3376 0089 1463ECE7 		.ascii	"\024c\354\347\244R\271GVk\241\301\203\225\356\207CB"
 3376      A452B947 
 3376      566BA1C1 
 3376      8395EE87 
 3376      4342
 3377 009b 5A83C916 		.ascii	"Z\203\311\026cOo\347\214\021\030\204x\201<\216.T\301"
 3377      634F6FE7 
 3377      8C111884 
 3377      78813C8E 
 3377      2E54C1
 3378 00ae 94D1632B 		.ascii	"\224\321c+\300@7\207\223\302\331\263\245\305~;y\306"
 3378      C0403787 
 3378      93C2D9B3 
 3378      A5C57E3B 
 3378      79C6
 3379 00c0 1E3FB13E 		.ascii	"\036?\261>\301\333\032$\361\274K\036\314\223\011.\326"
 3379      C1DB1A24 
 3379      F1BC4B1E 
 3379      CC93092E 
 3379      D6
 3380 00d1 9890524F 		.ascii	"\230\220RO\"\024\210\372$~a\346\266\371\322\260T\011"
 3380      221488FA 
 3380      247E61E6 
 3380      B6F9D2B0 
 3380      5409
 3381 00e3 3948890C 		.ascii	"9H\211\014\"4\221\262(q\263F\202\357\324,/c\023\361"
 3381      223491B2 
 3381      2871B346 
 3381      82EFD42C 
 3381      2F6313F1 
 3382 00f7 1A41E5A3 		.ascii	"\032A\345\243\014\232\2147x$x\332\230m\337mV\211x\015"
 3382      0C9A8C37 
 3382      782478DA 
 3382      986DDF6D 
 3382      5689780D 
 3383 010b 315181E4 		.ascii	"1Q\201\344\376\216\337\230\371x\235\027\221<a?\032\200"
 3383      FE8EDF98 
 3383      F9789D17 
 3383      913C613F 
 3383      1A80
 3384 011d C73B1BF2 		.ascii	"\307;\033\362n\3056b\201d*\032\213\207v\343\211m}'\034"
 3384      6EC53662 
 3384      81642A1A 
 3384      8B8776E3 
 3384      896D7D27 
 3385 0132 D1D653BA 		.ascii	"\321\326S\272\226\010\371\203\266@p\321\345\234s\317"
 3385      9608F983 
 3385      B64070D1 
 3385      E59C73CF 
 3386 0142 B8FD3EDB 		.ascii	"\270\375>\333\322\252w\301\267\354q\303\270\242\330"
 3386      D2AA77C1 
 3386      B7EC71C3 
 3386      B8A2D8
 3387 0151 F98E9899 		.ascii	"\371\216\230\231q\335\351p8\354q\335\236H\332\365D\204"
 3387      71DDE970 
ARM GAS  C:\Users\angio\AppData\Local\Temp\ccyaVgOo.s 			page 84


 3387      38EC71DD 
 3387      9E48DAF5 
 3387      4484
 3388 0163 7BF53D5D 		.ascii	"{\365=]\211\200EO\206\223\332\350\277T\264i\325\255"
 3388      8980454F 
 3388      8693DAE8 
 3388      BF54B469 
 3388      D5AD
 3389 0175 6A5A18FE 		.ascii	"jZ\030\376\0009\217\245\243"
 3389      00398FA5 
 3389      A3
 3390              		.text
 3391              		.section	.gnu.lto_chSysInit.340.1f2b66e5,"e",%progbits
 3392 0000 789C7552 		.ascii	"x\234uRKHTa\024\376\277{\356\035\307\034\307\246VAQ"
 3392      4B485461 
 3392      14FEBF7B 
 3392      EE1DC71C 
 3392      C7A65641 
 3393 0015 8B0A22E6 		.ascii	"\213\012\"\346\241M\006mE\332\224\201\332N*\233\006"
 3393      A14D066D 
 3393      45DA9481 
 3393      DA4E2A9B 
 3393      06
 3394 0026 1A5A4CCD 		.ascii	"\032ZL\315U\242\225\327\361\021\331B\307\21266\213\341"
 3394      55A295D7 
 3394      F111D942 
 3394      C78A3636 
 3394      8BE1
 3395 0038 16834841 		.ascii	"\026\203HAa\331\003\234\314\310\010\245\304\366C\220"
 3395      61D9039C 
 3395      CCC808A5 
 3395      C4F64390 
 3396 0048 DA46C445 		.ascii	"\332F\304EH\014L\347\377\347\246S0\227y\234s\376\363"
 3396      480C4CE7 
 3396      FFE7A653 
 3396      3097799C 
 3396      73FEF3
 3397 005b 3DCE3DFF 		.ascii	"=\316=\377>\022\342\272\020\242\223\277\302%0\232\032"
 3397      3E12E2BA 
 3397      10A293BF 
 3397      C225309A 
 3397      1A
 3398 006c D244B158 		.ascii	"\322D\261X\354\3215\334K\015\255L\034\306+\250\234d"
 3398      ECD135DC 
 3398      4B0DAD4C 
 3398      1CC62BA8 
 3398      9C64
 3399 007e EE9CE95A 		.ascii	"\356\234\351Z_\352\216\366\367d \345U\377\006z\013\337"
 3399      5FEA8EF6 
 3399      F76420E5 
 3399      55FF067A 
 3399      0BDF
 3400 0090 AB5508D1 		.ascii	"\253U\010\321\243\021\027z4]l?w\351\210eY\233\217\322"
 3400      A311177A 
 3400      345D6C3F 
 3400      77E98865 
 3400      599B8FD2 
ARM GAS  C:\Users\angio\AppData\Local\Temp\ccyaVgOo.s 			page 85


 3401 00a4 D31F6065 		.ascii	"\323\037`es\260Y<M[\307c\204Q\262\011\320\235H\303\001"
 3401      73B0593C 
 3401      4D5BC763 
 3401      8451B209 
 3401      D09D48C3 
 3402 00b9 8EE8BC3C 		.ascii	"\216\350\274<9\224\263\254\365\271\201[\336\221^\267"
 3402      3994B3AC 
 3402      F5B9815B 
 3402      DE915EB7 
 3403 00c9 4D849760 		.ascii	"M\204\227`$^\000\223\220\330\213\267\367\260\373)8|"
 3403      245E0093 
 3403      90D88BB7 
 3403      F7B0FB29 
 3403      387C
 3404 00db 5C03674F 		.ascii	"\\\003gO\027\215\234U(\016[V\361\350\023\366V\013\331"
 3404      178D9C55 
 3404      280E5B56 
 3404      F1E813F6 
 3404      560BD9
 3405 00ee 63C81F8F 		.ascii	"c\310\037\217\352\026\303$'R\317~NGH\333N!\326\220\334"
 3405      EA16C324 
 3405      2752CF7E 
 3405      4E4748DB 
 3405      4E21D690 
 3406 0103 D8FCF1CC 		.ascii	"\330\374\361\314p\374\360X\034\365C\3430K\312\360c\010"
 3406      70FCF058 
 3406      1CF543E3 
 3406      304BCAF0 
 3406      6308
 3407 0115 9B0CBC01 		.ascii	"\233\014\274\001^C\204x\272\254\327&\027\336\342\241"
 3407      5E438478 
 3407      BAACD726 
 3407      17DEE2A1 
 3408 0125 F421412E 		.ascii	"\364!A.\207gj9C\0312d\211\224\345\021\2422-RZ\3133U"
 3408      87676A39 
 3408      43193264 
 3408      8994E511 
 3408      A2322D52 
 3409 013d 1514724A 		.ascii	"\025\024rJ\201s%RgS\025\336\261\01035\310\302^\233\334"
 3409      81732552 
 3409      675315DE 
 3409      B1083335 
 3409      C8C25E9B 
 3410 0152 98414651 		.ascii	"\230AFQK\0157\007k\350\033\033\\\231X\342\262'S\032"
 3410      4B0D3707 
 3410      6BE81B1B 
 3410      5C9958E2 
 3410      B227531A 
 3411 0166 81DFAE92 		.ascii	"\201\337\256\222\326\313\244\361\023\375\253\357\275"
 3411      D6CBA4F1 
 3411      13FDABEF 
 3411      BD
 3412 0173 DC8169E5 		.ascii	"\334\201i\345\3547\030ah\343\354\327C\343\265\334n\224"
 3412      EC371861 
 3412      68E3ECD7 
 3412      43E3B5DC 
 3412      6E94
ARM GAS  C:\Users\angio\AppData\Local\Temp\ccyaVgOo.s 			page 86


 3413 0185 BF9575F4 		.ascii	"\277\225u\364\347'?C(\233\325i)Y\301\364\307\177L\373"
 3413      E7273F43 
 3413      289BD569 
 3413      2959C1F4 
 3413      C77F4CFB 
 3414 0199 6DDA8139 		.ascii	"m\332\20196\255\011\306&-k\225o@\015>\201/\222M\036"
 3414      36AD09C6 
 3414      262D6B95 
 3414      6F400D3E 
 3414      812F924D 
 3415 01ae E6EDCBFF 		.ascii	"\346\355\313\377\252)\321\326\246e\227M^\256\016\344"
 3415      AA29D1D6 
 3415      A665974D 
 3415      5EAE0EE4 
 3416 01be 0B4EB52E 		.ascii	"\013N\265.M\264-\346\316\022\266\304vb\036\230E\211"
 3416      4DB42DE6 
 3416      CE12B6C4 
 3416      76621E98 
 3416      4589
 3417 01d0 D82DE75F 		.ascii	"\330-\347_\220\274\316\346|\316\346\\\034f\231Y\241"
 3417      90BCCEE6 
 3417      7CCEE65C 
 3417      1C669959 
 3417      A1
 3418 01e1 749B76E1 		.ascii	"t\233v\341+\360E\242\006\025\312\207\305\222\233\335"
 3418      2BF045A2 
 3418      0615CA87 
 3418      C5929BDD 
 3419 01f1 A5DDCF3E 		.ascii	"\245\335\317>7*\214\266\364\337\306\277\225o\\S\263"
 3419      372A8CB6 
 3419      F4DFC6BF 
 3419      956F5C53 
 3419      B3
 3420 0202 DC5FC0D6 		.ascii	"\334_\300\3260zi\230\015$\363\017Z\324m\037&\224\337"
 3420      307A6998 
 3420      0D24F30F 
 3420      5AD46D1F 
 3420      2694DF
 3421 0215 3C211A9B 		.ascii	"<!\032\233Nv4]\211]\212\265uu_\216\305;n\304\023W\315"
 3421      4E76345D 
 3421      895D8AB5 
 3421      75755F8E 
 3421      C53B6EC4 
 3422 022c 6B9D91E8 		.ascii	"k\235\221\350\205n3\232\350hm\367\267\265\2379\326p"
 3422      856E339A 
 3422      E8686DF7 
 3422      B7B59F39 
 3422      D670
 3423 023e 2A7C22DC 		.ascii	"*|\"\334\332\354o9\327t\272\371lcX\034\014\004\202\374"
 3423      DAEC6F39 
 3423      D774BAF9 
 3423      6C63581C 
 3423      0C0482FC 
 3424 0252 894864DC 		.ascii	"\211Hd\334l\250\257\257\017\306\315`\242+h&\"\\5o\232"
 3424      6CA8AFAF 
 3424      0FC6CD60 
 3424      A22B6826 
ARM GAS  C:\Users\angio\AppData\Local\Temp\ccyaVgOo.s 			page 87


 3424      225C356F 
 3425 0267 818840CC 		.ascii	"\201\210@\314\347\204\201\350\361P8\024\215v\212?\326"
 3425      E78481E8 
 3425      F1503814 
 3425      8D768A3F 
 3425      D6
 3426 0278 DD35D3   		.ascii	"\3355\323"
 3427              		.text
 3428              		.section	.gnu.lto_chSysHalt.341.1f2b66e5,"e",%progbits
 3429 0000 789C7D52 		.ascii	"x\234}RAH\024a\024~\337\274\335\325M*\202\016]\"\243"
 3429      41481461 
 3429      147EDFBC 
 3429      DDD54D2A 
 3429      820E5D22 
 3430 0015 203AECCE 		.ascii	" :\354\316\252\233B7Y$\004\267\300\265\233$6\016\271"
 3430      AA9B4237 
 3430      592404B7 
 3430      C0B59B24 
 3430      360EB9
 3431 0028 D43A32B3 		.ascii	"\324:2\263V\236\234\"\012:\264\346fB\250PL\265\236\""
 3431      569E9C22 
 3431      0A3AB4E6 
 3431      6642A850 
 3431      4CB59E22 
 3432 003c A2B2D4DA 		.ascii	"\242\262\324\332\324\250<H\004\321]\":\204\206\0352"
 3432      D4A83C48 
 3432      04D15D22 
 3432      3A84861D 
 3432      32
 3433 004d 30B637B3 		.ascii	"0\2667\263\233\356!\372\231\303\373\336\373\277\357"
 3433      9BEE21FA 
 3433      99C3FBDE 
 3433      FBBFEF
 3434 005c 7DFFC7B0 		.ascii	"}\377\307\260B\304 \322HN\2000t\375\252B\205Ba\300\247"
 3434      42C420D2 
 3434      484E8030 
 3434      74FDAA42 
 3434      854261C0 
 3435 0071 20BBB8B2 		.ascii	" \273\270\262t?\210\227\3600\343\306\342\317WK\327\200"
 3435      743F8897 
 3435      F030E3C6 
 3435      E2CF574B 
 3435      D780
 3436 0083 9962C387 		.ascii	"\231b\303\207\341\215\313~\014?\\\030\311|\313\356\303"
 3436      E18DCB7E 
 3436      0C3F5C18 
 3436      C97CCBEE 
 3436      C3
 3437 0094 B3E21434 		.ascii	"\263\342\0244\240\260\364\007\024?m\236,\037\264m{\355"
 3437      A0B0F407 
 3437      143F6D9E 
 3437      2C1FB46D 
 3437      7BED
 3438 00a6 EEF8C41B 		.ascii	"\356\370\304\033\330\271<\034&\032\347\322p\2241\304"
 3438      D8B93C1C 
 3438      261AE7D2 
 3438      709431C4 
ARM GAS  C:\Users\angio\AppData\Local\Temp\ccyaVgOo.s 			page 88


 3439 00b6 0E03BE52 		.ascii	"\016\003\276R\245\240Z*>A\007\362\266\375~z\322\266"
 3439      A5A05A2A 
 3439      3E4107F2 
 3439      B6FD7E7A 
 3439      D2B6
 3440 00c8 83E430E3 		.ascii	"\203\3440\343)\204\203'\300cq.\015\375\373.\327|Q\011"
 3440      29848327 
 3440      C063712E 
 3440      0DFDFB2E 
 3440      D77C5109 
 3441 00dc 42F16AE0 		.ascii	"B\361j\3409\350/P0U\004\356\372\217u$6\245Y\032c\032"
 3441      39E82F50 
 3441      305504EE 
 3441      FA8F7524 
 3441      36A5591A 
 3442 00f2 65E3D195 		.ascii	"e\343\321\225\271\371\335$\257\024\011W\025/<%YE\017"
 3442      B9F9DD24 
 3442      AF140957 
 3442      152F3C25 
 3442      59450F
 3443 0105 3EF8F3F6 		.ascii	">\370\363\366z!c\347G\266O\\\311~\232Q\002\0120)\243"
 3443      7A2163E7 
 3443      47B64F5C 
 3443      C97E9A51 
 3443      020A3029 
 3444 011a 0CBB4178 		.ascii	"\014\273Axg\217\300AV6!\323\012.\254\376\2769\275\340"
 3444      678FC041 
 3444      563621D3 
 3444      0A2EACFE 
 3444      BE39BDE0 
 3445 012e 862982F4 		.ascii	"\206)\202\364\3035\271w\035\227+\035\366\371\\\323y"
 3445      C335B977 
 3445      1D972B1D 
 3445      F6F95CD3 
 3445      79
 3446 013f 575E54B8 		.ascii	"W^T\270\2346\310\276r\270\214\331[3\277>\217M)\342\276"
 3446      9C36C8BE 
 3446      72B88CD9 
 3446      5B33BF3E 
 3446      8F4D29E2 
 3447 0154 1491DFB3 		.ascii	"\024\221\337\263}\011\212\2249\3662\274\007\311$\200"
 3447      7D098A94 
 3447      39F632BC 
 3447      07C92480 
 3448 0164 3960D61B 		.ascii	"9`\326\033F\344M_\267:\\\201y\214\271\011En\333vn\247"
 3448      46E44D5F 
 3448      B73A5C81 
 3448      798CB909 
 3448      456EDB76 
 3449 017a C395782D 		.ascii	"\303\225x-\015Y|G\222X\306\305\325\265/\217\374%\335"
 3449      0D597C47 
 3449      9258C6C5 
 3449      D5B52F8F 
 3449      FC25DD
 3450 018d E0A66E30 		.ascii	"\340\246n0\307\330\320\335\202\267\300\033\220+\232"
 3450      C7D8D0DD 
 3450      82B7C01B 
ARM GAS  C:\Users\angio\AppData\Local\Temp\ccyaVgOo.s 			page 89


 3450      902B9A
 3451 019c DBE67015 		.ascii	"\333\346p\025\336\211\206\374D.\251\012\354=\302_\346"
 3451      DE8986FC 
 3451      442EA90A 
 3451      EC3DC25F 
 3451      E6
 3452 01ad 1A194679 		.ascii	"\032\031Fy2D\365\261\303\355\261\356\344\311d\"\335"
 3452      3244F5B1 
 3452      C3EDB1EE 
 3452      E4C96422 
 3452      DD
 3453 01be D79534DA 		.ascii	"\327\2254\332\317\031\346i\253\267S\323;\372,\335lo"
 3453      CF19E669 
 3453      ABB753D3 
 3453      3BFA2CDD 
 3453      6C6F
 3454 01d0 6D0B25DA 		.ascii	"m\013%\332\342u\265G\242\015\321\326\246\320\321\343"
 3454      E275B547 
 3454      A20DD1D6 
 3454      A6D0D1E3 
 3455 01e0 B196A663 		.ascii	"\261\226\246c\365Q\332\037\016\253\362i.\323\260jkj"
 3455      F551DA1F 
 3455      0EABF269 
 3455      2ED3B06A 
 3455      6B6A
 3456 01f2 6A54C352 		.ascii	"jT\303R\315\264j\231\232t\255~+\254Q\300\324;-\243g"
 3456      CDB46A99 
 3456      9A74AD7E 
 3456      2BAC51C0 
 3456      D43B2DA3 
 3457 0207 470987F5 		.ascii	"G\011\207\365C\221hD\327;\251\341\237l\315H\245\214"
 3457      43916844 
 3457      D73BA9E1 
 3457      9F6CCD48 
 3457      A58C
 3458 0219 1EB5D730 		.ascii	"\036\265\3270\323\226\332\330\032?\333\020\212\207\032"
 3458      D396DAD8 
 3458      1A3FDB10 
 3458      8A871A
 3459 0228 5BDAE49E 		.ascii	"[\332\344\236f\230z\270\233b\377\343\351\347\323.K\215"
 3459      66987AB8 
 3459      9B62FFE3 
 3459      E9E7D32E 
 3459      4B8D
 3460 023a C513CD09 		.ascii	"\305\023\315\0115&\014\265\271G;\323\327\245\253Z\312"
 3460      35260CB5 
 3460      B9473BD3 
 3460      D7A5AB5A 
 3460      CA
 3461 024b 4A5A1DA7 		.ascii	"JZ\035\2474M4*\265^+\331U\235\244\212\224\2362\314~"
 3461      344D342A 
 3461      B55E2BD9 
 3461      559DA48A 
 3461      949E32CC 
 3462 0260 FA03E634 		.ascii	"\372\003\3464\034P"
 3462      1C50
 3463              		.text
ARM GAS  C:\Users\angio\AppData\Local\Temp\ccyaVgOo.s 			page 90


 3464              		.section	.gnu.lto_chSysGetIdleThreadX.342.1f2b66e5,"e",%progbits
 3465 0000 789C5D51 		.ascii	"x\234]Q=hSQ\024>\337=7\261.\202P\301\315\202\355\340"
 3465      3D685351 
 3465      143EDF3D 
 3465      37B12E82 
 3465      50C1CD82 
 3466 0016 D0FCD467 		.ascii	"\320\374\324g\005\035*\204\322\245Vh\353\026\224\030"
 3466      051D2A84 
 3466      D2A55668 
 3466      EB169418 
 3467 0026 1F181C52 		.ascii	"\037\030\034R\336K\221N\271)U\241\240I\177pj;h\264\031"
 3467      DE4B914E 
 3467      B92955A1 
 3467      A0497F70 
 3467      6A3B68B4 
 3468 003b 0417C5BF 		.ascii	"\004\027\305\277j\263ur\251\253\203\233\213hpj\260\366"
 3468      6AB37572 
 3468      A9AB839B 
 3468      8B68706A 
 3468      B0F6
 3469 004d F5DC9707 		.ascii	"\365\334\227\007\255=\274\3738\337w\276\363w\357K\020"
 3469      AD3DBCFB 
 3469      38DF77BE 
 3469      F377EF4B 
 3469      10
 3470 005e 79447459 		.ascii	"yDtY\016\305\010\213\013\363\212\202 (k\205%\361\361"
 3470      0EC5088B 
 3470      0BF38A82 
 3470      20286B85 
 3470      25F1F1
 3471 0071 1E21622C 		.ascii	"\036!b,/\314\377\336tB\240Q\321\241\003*+\326(c\211"
 3471      2FCCFFDE 
 3471      7442A051 
 3471      D1A1032A 
 3471      2BD62863 
 3472 0086 57188B5C 		.ascii	"W\030\213\\g\202\216<\240\347\\\323\230\235\347k;?\342"
 3472      67828E3C 
 3472      A0E75CD3 
 3472      989DE76B 
 3472      3B3FE2
 3473 0099 2B8DA6AE 		.ascii	"+\215\246\256\263\2425\021\274\001^\203B\023)\337\260"
 3473      B3A23511 
 3473      BC015E83 
 3473      421329DF 
 3473      B0
 3474 00aa FF3E51B6 		.ascii	"\377>Q\266\332\353\017O\324*]\242\303[\374\247\314}"
 3474      DAEB0F4F 
 3474      D42A5DA2 
 3474      C35BFCA7 
 3474      CC7D
 3475 00bc 381D27BC 		.ascii	"8\035'\274\203\315\027\023\216\373\232\367M\353\337"
 3475      83CD1713 
 3475      8EFB9AF7 
 3475      4DEBDF
 3476 00cb D683C7DD 		.ascii	"\326\203\307\335\235\224#\245E\334`z\265\035k\232\335"
 3476      9D9423A5 
 3476      45DC607A 
ARM GAS  C:\Users\angio\AppData\Local\Temp\ccyaVgOo.s 			page 91


 3476      B51D6B9A 
 3476      DD
 3477 00dc A06ACCD6 		.ascii	"\240j\314\326\320\227o\301q\255l\200\311\352\251\312"
 3477      D0976FC1 
 3477      71AD6C80 
 3477      C9EAA9CA 
 3478 00ec 76D1D0CE 		.ascii	"v\321\320\316HR\215\325\001\004\375\302\354F{\367+?"
 3478      48528DD5 
 3478      0104FDC2 
 3478      EC467BF7 
 3478      2B3F
 3479 00fe 65152DC4 		.ascii	"e\025-\304\260\223\316A\211\333\350\200\027\220R\032"
 3479      B093CE41 
 3479      89DBE880 
 3479      1790521A 
 3480 010e 1BC0C710 		.ascii	"\033\300\307\020\247\2141\215Su\216\341\023V\271\263"
 3480      A78C318D 
 3480      53758EE1 
 3480      1356B9B3 
 3481 011e A0E564C0 		.ascii	"\240\345d\3008>\013%}\"|\014\233\202U8l\215\371H\353"
 3481      383E0B25 
 3481      7D227C0C 
 3481      9B825538 
 3481      6C8DF948 
 3482 0133 27EDBD67 		.ascii	"'\355\275g\322\332v\017\343\372P\034?Q\271Bg\245Lko"
 3482      D2DA760F 
 3482      E3FA501C 
 3482      3F51B942 
 3482      67A54C6B 
 3483 0148 DDF4A0CE 		.ascii	"\335\364\240\316]\321\275X\373\203\331\357\177\253\217"
 3483      5DD1BD58 
 3483      FB83D9EF 
 3483      7FAB8F
 3484 0157 200F27F9 		.ascii	" \017'\371\226\2512\016\357I4\230\271\224\315\334)\334"
 3484      96A9320E 
 3484      EF493498 
 3484      B994CDDC 
 3484      29DC
 3485 0169 2A4C94A6 		.ascii	"*L\224\246o\027\212\331{E\357\256?\225\313\2737\247"
 3485      6F178AD9 
 3485      7B45EFAE 
 3485      3F95CBBB 
 3485      37A7
 3486 017b 7DD7CB8E 		.ascii	"}\327\313\216O\366OL^=?0\342\\t\306\207\373\307\256"
 3486      4FF64F4C 
 3486      5E3D3F30 
 3486      E25C74C6 
 3486      87FBC7AE 
 3487 018f 674687AF 		.ascii	"gF\207\257\015:\324\233H$\345\313\333\314\242?\220N"
 3487      0D3AD49B 
 3487      4824E5CB 
 3487      DBCCA23F 
 3487      904E
 3488 01a1 A793453F 		.ascii	"\247\223E?\351\225\222\276\227\027\326\237\361\023y"
 3488      E99592BE 
 3488      9717D69F 
 3488      F11379
ARM GAS  C:\Users\angio\AppData\Local\Temp\ccyaVgOo.s 			page 92


 3489 01b0 52A5A993 		.ascii	"R\245\251\223\221\237p/\244\234\224\353\346h\037\316"
 3489      919F702F 
 3489      A49C94EB 
 3489      E6681FCE 
 3490 01c0 71C97C   		.ascii	"q\311|"
 3491              		.text
 3492              		.section	.gnu.lto_chSysIntegrityCheckI.343.1f2b66e5,"e",%progbits
 3493 0000 789C8557 		.ascii	"x\234\205WyP\024g\026\377^\177=\323=\003sq\315p\203"
 3493      79501467 
 3493      16FF5E7F 
 3493      3DD33D03 
 3493      7371CD70 
 3494 0015 88379771 		.ascii	"\2107\227q\335\252\375+UVv\377\330\034U\346\370\313"
 3494      DDAAFD2B 
 3494      555676FF 
 3494      D81C55E6 
 3494      F8CB
 3495 0027 4ACA18CA 		.ascii	"J\312\030\312P\331\004d\264\266R\373\007\255\240l\341"
 3495      50D90464 
 3495      B4B652FB 
 3495      07ADA06C 
 3495      E1
 3496 0038 AA68126B 		.ascii	"\252h\022k\011\036U]\230`4&\232\003F\221\220\220\250"
 3496      091E555D 
 3496      98603426 
 3496      9A034691 
 3496      9090A8
 3497 004b 0402AE39 		.ascii	"\004\002\256961J*\256\007\224\012\256\233\215B\262\260"
 3497      36314A2A 
 3497      AE07940A 
 3497      AE9B8D42 
 3497      B2B0
 3498 005d EFF5D733 		.ascii	"\357\365\3273\364LS:E}\274\367\276w\376\336{==\262\207"
 3498      F44C533A 
 3498      457DBCF7 
 3498      BE77FEDE 
 3498      7B3D3DB2 
 3499 0072 B16D8CB1 		.ascii	"\261m\214\261*\011\217|\006\273v6Ilzz\272N\226\244\372"
 3499      2A098F7C 
 3499      06BB7636 
 3499      496C7A7A 
 3499      BA4E96A4 
 3500 0087 9D5B2538 		.ascii	"\235[%8\011\006\327\332|\251\020z\004\315\341\265\235"
 3500      0906D7DA 
 3500      7CA9107A 
 3500      04CDE1B5 
 3500      9D
 3501 0098 4DE303CB 		.ascii	"M\343\003\313\015F&\3064qH\015db\252m\331\3515\376;"
 3501      0D4626C6 
 3501      3471480D 
 3501      6462AA6D 
 3501      D9E935FE 
 3502 00ad E1EFBBF4 		.ascii	"\341\357\273\364\243\027\\\006\243\020S(\324U\251\321"
 3502      A3175C06 
 3502      A3105328 
 3502      D455A9D1 
 3503 00bd A2DED27C 		.ascii	"\242\336\322|I\020.\351\365\346c\261\250\202pC\367."
ARM GAS  C:\Users\angio\AppData\Local\Temp\ccyaVgOo.s 			page 93


 3503      49102EE9 
 3503      F5E663B1 
 3503      A8827043 
 3503      F72E
 3504 00cf FDDFD7FB 		.ascii	"\375\337\327\373\024\203K\222\3664\037+\214\246v\230"
 3504      14834B92 
 3504      F6341F2B 
 3504      8CA67698 
 3505 00df 52EB1574 		.ascii	"R\353\025t2\354C\275\251Q\247\301y\2103\203y\245\275"
 3505      32EC43BD 
 3505      A951A7C1 
 3505      79883383 
 3505      79A5BD
 3506 00f2 6463EAED 		.ascii	"dc\352\355\217:\366\301ALn[\222\301\370\2111\365\003"
 3506      8F3AF6C1 
 3506      414C6E5B 
 3506      92C1F889 
 3506      31F503
 3507 0105 52BB45FF 		.ascii	"R\273E\377\255\250~\212t(\232\334\341\250,\325HnO\277"
 3507      ADA87E8A 
 3507      74289ADC 
 3507      E1A82CD5 
 3507      486E4FBF 
 3508 0119 482E4D7A 		.ascii	"H.Mz\333\222\334IJ\356\214\240\323\341\035\324;q]$\227"
 3508      DB92DC49 
 3508      4AEE8CA0 
 3508      D3E11DD4 
 3508      3B715D24 
 3509 012e 419C192C 		.ascii	"A\234\031,(\035!\033S\2573\3528\004\3071\271\317Er\231"
 3509      281D211B 
 3509      53AF33EA 
 3509      3804C731 
 3509      B9CF4572 
 3510 0143 C498FA59 		.ascii	"\304\230\372YR\304\242\177\"\252\237-uE\223;\031\225"
 3510      52C4A27F 
 3510      22AA9F2D 
 3510      7545933B 
 3510      1995
 3511 0155 E518C97D 		.ascii	"\345\030\311}g&\227kp7\372\177\037\315/\0176\252\302"
 3511      6726976B 
 3511      7037FA7F 
 3511      1FCD2F0F 
 3511      36AAC2
 3512 0168 27B03A89 		.ascii	"'\260:\211\313\016\247\242\272\334I\311\036\257\317"
 3512      CB0EA7A2 
 3512      BADC49C9 
 3512      1EAFCF
 3513 0177 1F48494D 		.ascii	"\037HIMK\317\010\2062\263\262sr\363\240Nq\260\231\217"
 3513      4BCF0886 
 3513      32B3B273 
 3513      72F3A04E 
 3513      71B0998F 
 3514 018b 6AA1BD16 		.ascii	"j\241\275\026:`\241\203\026:\313B\277\302\027\366h\332"
 3514      3A60A183 
 3514      163ACB42 
 3514      BFC217F6 
 3514      68DA
ARM GAS  C:\Users\angio\AppData\Local\Temp\ccyaVgOo.s 			page 94


 3515 019d DD03FB3A 		.ascii	"\335\003\373:\373\340\365\366\036h\343\214\355\343\014"
 3515      FBE0F5F6 
 3515      1E68E38C 
 3515      EDE30C
 3516 01ac 1E8072BA 		.ascii	"\036\200r\272\336\303a\027o\343\000\262IIP\200\024\177"
 3516      DEC36117 
 3516      6FE300B2 
 3516      49495080 
 3516      147F
 3517 01be 9ACD47B3 		.ascii	"\232\315G\263\263\003\235\232\346bm\234C\007\220\325"
 3517      B3039D9A 
 3517      E6626D9C 
 3517      430790D5 
 3518 01ce 87001F00 		.ascii	"\207\000\037\000#\301\332\336\240a\315_\246\263X\323"
 3518      23C1DADE 
 3518      A061CD5F 
 3518      A6B358D3 
 3519 01de B45BC70F 		.ascii	"\264[\307\017n\3616oT\333\270\014\021\2536ck/\006I\365"
 3519      6EF1366F 
 3519      54DBB80C 
 3519      11AB3663 
 3519      6B2F0649 
 3520 01f3 2F862AFA 		.ascii	"/\206*\372\275\025\351k\022\252\0168\221\240z6\350d"
 3520      BD15E96B 
 3520      12AA0E38 
 3520      91A07A36 
 3520      E864
 3521 0205 D005701C 		.ascii	"\320\005p\034(O\3068Y\326\305,\317\364m\027\226N\350"
 3521      284FC638 
 3521      59D6C52C 
 3521      CFF46D17 
 3521      964EE8
 3522 0218 4EB0BC49 		.ascii	"N\260\274I\226\037\001C\274\331\332\021#b=\304\014'"
 3522      961F0143 
 3522      BCD9DA11 
 3522      23623DC4 
 3522      0C27
 3523 022a FAB60A43 		.ascii	"\372\266\012C\005>N0\324Bh\370\211i\370\213a\330\030"
 3523      053E4E30 
 3523      D44268F8 
 3523      8969F88B 
 3523      61D818
 3524 023d 337CF7AD 		.ascii	"3|\367\255\255\215\232\277\241\240\215\253\360i\202"
 3524      AD8D9ABF 
 3524      A1A08DAB 
 3524      F06982
 3525 024c 616B8874 		.ascii	"ak\210t\267\306t\317\036$\274\014\325S\011\252;(\306"
 3525      B7C674CF 
 3525      1E24BC0C 
 3525      D55309AA 
 3525      3B28C6
 3526 025f 6980CFCC 		.ascii	"i\200\317\3140\333C(W\212{6k\267\256\3675nK{WS\023Z"
 3526      30DB4328 
 3526      578A7B36 
 3526      6BB7AEF7 
 3526      356E4B7B 
 3527 0277 63A28015 		.ascii	"c\242\200\025an\302\364\235s\216\036\355\327\351\035"
ARM GAS  C:\Users\angio\AppData\Local\Temp\ccyaVgOo.s 			page 95


 3527      616EC2F4 
 3527      9D738E1E 
 3527      EDD7E91D 
 3528 0287 9A76FA8F 		.ascii	"\232v\372\217\303]\277\270\227\002\265B\302\303\311"
 3528      C35DBFB8 
 3528      9702B542 
 3528      C2C3C9
 3529 0296 E9908975 		.ascii	"\351\220\211u\340\2418\351P\210U\031:q\321\341\246#"
 3529      E0A138E9 
 3529      50885519 
 3529      3A71D1E1 
 3529      A623
 3530 02a8 898E643A 		.ascii	"\211\216d:<tx\0111\037\035~\202 @G\012%\232JG\032:`"
 3530      3C747809 
 3530      311F1D7E 
 3530      82204047 
 3530      0A259A4A 
 3531 02c0 E9944806 		.ascii	"\351\224H\006@'\004\311\"\223\224\263\350\310\246\333"
 3531      402704C9 
 3531      229394B3 
 3531      E8C8A6DB 
 3532 02d0 1C92E512 		.ascii	"\034\222\345\022\233GT>Q\005D\025\222\2539t\024\221"
 3532      9B47543E 
 3532      51054415 
 3532      92AB3974 
 3532      1491
 3533 02e2 DE5C9215 		.ascii	"\336\\\222\025\023;\217\250\371D-`X\323Bb\027Q\264\305"
 3533      133B8FA8 
 3533      F9442D60 
 3533      58D34262 
 3533      1751B4C5 
 3534 02f6 742C21E5 		.ascii	"t,!\345\022\222\225\022[FT9Q\025t\301\330\016N+d|\362"
 3534      12929512 
 3534      5B465439 
 3534      511574C1 
 3534      D80E4E2B 
 3535 030d 11C1662E 		.ascii	"\021\301f.\315\260\300\306`\323\253MC\375_\311\210\261"
 3535      CDB0C0C6 
 3535      60D3AB4D 
 3535      43FD5FC9 
 3535      88B1
 3536 031f CED3CD99 		.ascii	"\316\323\315\231v\030\015j\000\011\311vn\214\355\033"
 3536      76180D6A 
 3536      0009C976 
 3536      6E8CED1B 
 3537 032f 849C0BFA 		.ascii	"\204\234\013\372\001>\007\326\000\2334\255=\207\024"
 3537      013E07D6 
 3537      009B34AD 
 3537      3D8714
 3538 033e 07D0E718 		.ascii	"\007\320\347\030\324\357n\234\356_\251s\364\221A\016"
 3538      D4EF6E9C 
 3538      EE5FA973 
 3538      F491410E 
 3539 034e 703FD828 		.ascii	"p?\330(4\214\366f\351\302#\007\261]\315\234'\204\277"
 3539      348CF666 
 3539      E9C22307 
 3539      B15DCD9C 
ARM GAS  C:\Users\angio\AppData\Local\Temp\ccyaVgOo.s 			page 96


 3539      2784BF
 3540 0361 7DF7CA4F 		.ascii	"}\367\312O\364\234\325y\220\024\335\206\277M]\221\253"
 3540      F49CD579 
 3540      9014DD86 
 3540      BF4D5D91 
 3540      AB
 3541 0372 AF729D67 		.ascii	"\257r\235g\032\221qW\332}\030\035\023\244\350(+G\021"
 3541      1A917157 
 3541      DA7D181D 
 3541      13A4E828 
 3541      2B4711
 3542 0385 B63F09FE 		.ascii	"\266?\011\376\001{\271\330J\022\215d\264\361d8\2072"
 3542      017BB9D8 
 3542      4A128D64 
 3542      B4F16438 
 3542      8732
 3543 0397 F44282F6 		.ascii	"\364B\202\366<\232\373/Q \231\341\345\370\360\365{\266"
 3543      3C9AFB2F 
 3543      512099E1 
 3543      E5F8F0F5 
 3543      7BB6
 3544 03a9 DC1928D7 		.ascii	"\334\031(\327y\236\316U\012/\213\244\272&\256\275\217"
 3544      799ECE55 
 3544      0A2F8BA4 
 3544      BA26AEBD 
 3544      8F
 3545 03ba E1F34D3C 		.ascii	"\341\363M<\234\300b\211\244a\010\235{\341\033`f\026"
 3545      9CC06289 
 3545      A461089D 
 3545      7BE11B60 
 3545      6616
 3546 03cc 4EF8A725 		.ascii	"N\370\247%\200\303\006\357\370\300S:\227\242\016F\202"
 3546      80C306EF 
 3546      F8C0533A 
 3546      97A20E46 
 3546      82
 3547 03dd B357F25D 		.ascii	"\263W\362]\\%\355\371T\311yQI\203a\227N\221\276G\326"
 3547      5C25EDF9 
 3547      54C97951 
 3547      49836197 
 3547      4E91BE47 
 3548 03f2 00F625CC 		.ascii	"\000\366%\314A\027A'AE\360xwK.\326!\217\265\254\236"
 3548      41174127 
 3548      4145F078 
 3548      774B2ED6 
 3548      218FB5AC 
 3549 0407 04BCCAE4 		.ascii	"\004\274\312\344\203-\225X\202<\325\362\"\246\345LH"
 3549      832D9558 
 3549      823CD5F2 
 3549      22A6E54C 
 3549      48
 3550 0418 AB6BE226 		.ascii	"\253k\342&\001\234u?\200/\316\002\360p\"\300?\240\200"
 3550      019C753F 
 3550      802FCE02 
 3550      F07022C0 
 3550      3FA080
 3551 042b 9BF52B36 		.ascii	"\233\365+6\200\307\277@\200st\356\022\000\327\211\376"
ARM GAS  C:\Users\angio\AppData\Local\Temp\ccyaVgOo.s 			page 97


 3551      80C7BF40 
 3551      807374EE 
 3551      1200D789 
 3551      FE
 3552 043c 8E13C0B9 		.ascii	"\216\023\300\271\011\260\372\342`\275dq\253\332`\275"
 3552      09B0FAE2 
 3552      60BD6471 
 3552      ABDA60BD 
 3553 044c F605C2CA 		.ascii	"\366\005\302\312\357\007\353\345Y`\275b\203\365\252"
 3553      EF07EBE5 
 3553      5960BD62 
 3553      83F5AA
 3554 045b 05569F2E 		.ascii	"\005V\237.\202N\002\372S\361\021\201\311+\303\255?\252"
 3554      824E02FA 
 3554      53F11181 
 3554      C92BC3AD 
 3554      3FAA
 3555 046d 38A49380 		.ascii	"8\244\223\200\267Y\316\356VD6W\031k%d]\326\314\014'"
 3555      B759CEEE 
 3555      56443657 
 3555      196B2564 
 3555      5DD6CC0C 
 3556 0482 87DE0CC5 		.ascii	"\207\336\014\305\252\215\216\275\3336\366\377\275\214"
 3556      AA8D8EBD 
 3556      DB36F6FF 
 3556      BD8C
 3557 0490 00649316 		.ascii	"\000d\223\026CQ\263\244\235\221\015\315\244\004\000"
 3557      4351B3A4 
 3557      9D910DCD 
 3557      A40400
 3558 049f 77379E1E 		.ascii	"w7\236\036:'\366S\216\255\227\024[/\031\206\300\214"
 3558      3A27F653 
 3558      8EAD9714 
 3558      5B2F1986 
 3558      C08C
 3559 04b1 919C18A3 		.ascii	"\221\234\030\243s\012W\253\027\015\013\340\254\331\365"
 3559      730A57AB 
 3559      170D0BE0 
 3559      ACD9F5
 3560 04c0 29EA7AE1 		.ascii	")\352z\341\275\273\356\201\353\210\220<\203\032b\353"
 3560      BDBBEE81 
 3560      EB88903C 
 3560      831A62EB 
 3561 04d0 851B2873 		.ascii	"\205\033(s\314t]\201\233(p\232\241=\266\256O\017a\327"
 3561      CC745D81 
 3561      9B28709A 
 3561      A13DB6AE 
 3561      4F0F61D7 
 3562 04e4 E7E9B8D0 		.ascii	"\347\351\270\320_\213\320\221O?\300\320\363\315\225"
 3562      5F8BD091 
 3562      4F3FC0D0 
 3562      F3CD95
 3563 04f3 52E2570A 		.ascii	"R\342W\012\007\326\017\343\261\336+p\313\342\334k\353"
 3563      07D60FE3 
 3563      B1DE2B70 
 3563      CBE2DC6B 
 3563      EB
ARM GAS  C:\Users\angio\AppData\Local\Temp\ccyaVgOo.s 			page 98


 3564 0504 FD9D21EC 		.ascii	"\375\235!\354\275\343\336\275\367\300\355\270*F\362"
 3564      BDE3DEBD 
 3564      F7C0EDB8 
 3564      2A46F2
 3565 0513 A98AFF88 		.ascii	"\251\212\377\210*b\275W\340'K\357\375:w\210\336\273"
 3565      2A62BD57 
 3565      E0274BEF 
 3565      FD3A7788 
 3565      DEBB
 3566 0525 11B4E4C1 		.ascii	"\021\264\344\301\375\270R\363<S\373q\245\360\2520yx"
 3566      FDB852F3 
 3566      3C53FB71 
 3566      A5F0AA30 
 3566      7978
 3567 0537 3F367EBE 		.ascii	"?6~\276g\373Qj\274/q\245\"\247^\303\012\347\334\017"
 3567      67FB516A 
 3567      BC2F71A5 
 3567      22A75EC3 
 3567      0AE7DC0F 
 3568 054b DC9F6701 		.ascii	"\334\237g\001\367N\"\270wQ\240\230\365\373\355\317\254"
 3568      F74E22B8 
 3568      7751A098 
 3568      F5FBEDCF 
 3568      AC
 3569 055c 6F11DCB9 		.ascii	"o\021\334\271:\316\367\217f_O\023\270\305\011\220\006"
 3569      3ACEF78F 
 3569      665F4F13 
 3569      B8C50990 
 3569      06
 3570 056d E2209DB4 		.ascii	"\342 \235\264\270\014\330\237R\337\"\244\316\373A\372"
 3570      B80CD89F 
 3570      52DF22A4 
 3570      CEFB41FA 
 3571 057d EB2C90FE 		.ascii	"\353,\220\376\317\006\351\224\005\322\200.\3728\011"
 3571      CF06E994 
 3571      05D2802E 
 3571      FA3809
 3572 058c 49380C3E 		.ascii	"I8\014>Z\247\271\376\261\243\270N\275\230\021\336\316"
 3572      5AA7B9FE 
 3572      B1A3B84E 
 3572      BD9811DE 
 3572      CE
 3573 059d F10D1E45 		.ascii	"\361\015\036ET\213\375S\006\252)\266u\032?\034\242J"
 3573      548BFD53 
 3573      06AA29B6 
 3573      751A3F1C 
 3573      A24A
 3574 05af 47A2639E 		.ascii	"G\242c\236j\033\363\301+X|\021\214Z\327(\315\266FC\347"
 3574      6A1BF3C1 
 3574      2B587C11 
 3574      8C5AD728 
 3574      CDB64643 
 3575 05c4 CD355262 		.ascii	"\3155Rbk$\307\326H\231Y\243t\373\270\235?&\343\013\255"
 3575      6B24C7D6 
 3575      489959A3 
 3575      74FBB89D 
 3575      3F26E30B 
ARM GAS  C:\Users\angio\AppData\Local\Temp\ccyaVgOo.s 			page 99


 3576 05d9 CE17C4F0 		.ascii	"\316\027\304\360\361\314\206\217\0176J{\361\005\302"
 3576      F1CC868F 
 3576      0F364A7B 
 3576      F105C2
 3577 05e8 22F2C326 		.ascii	"\"\362\303&\024\271LxTz\323\251\227\230x\002\\\330\240"
 3577      14B94C78 
 3577      547AD3A9 
 3577      97987802 
 3577      5CD8A0
 3578 05fb F385D1CD 		.ascii	"\363\205\321\315\214\\\334\214E,2\327C\235Y\217\021"
 3578      8C5CDC8C 
 3578      452C32D7 
 3578      439D598F 
 3578      11
 3579 060c 6F1BCDE5 		.ascii	"o\033\315\345\002\330,E{\251\302\026t\3526\363\315\260"
 3579      02D82C45 
 3579      7BA9C216 
 3579      74EA36F3 
 3579      CDB0
 3580 061e 8DC7B5EF 		.ascii	"\215\307\265\357q<\312t|\324\231\27371|\000\235\227"
 3580      713CCA74 
 3580      7CD499BB 
 3580      37317C00 
 3580      9D97
 3581 0630 5B27135D 		.ascii	"['\023]\246\304\271\374\253\305e\320\336\204\267\263"
 3581      A6C4B9FC 
 3581      ABC565D0 
 3581      DE84B7B3 
 3582 0640 D100D310 		.ascii	"\321\000\323\020\275\304g\365\302\364}\035\270\036e"
 3582      BDC467F5 
 3582      C2F47D1D 
 3582      B81E65
 3583 064f 19831DB8 		.ascii	"\031\203\035\270\036x\265(\375\215\016\304\250<c\270"
 3583      1E78B528 
 3583      FD8D0EC4 
 3583      A83C63B8 
 3584 065f A30A7D84 		.ascii	"\243\012}\204l\3378\227\251\302\305\367\254\253\011"
 3584      6CDF3897 
 3584      A9C2C5F7 
 3584      ACAB09
 3585 066e 93483293 		.ascii	"\223H2\223\310\264\325\365\303\005\254\253D\30794\307"
 3585      C8B4D5F5 
 3585      C305ACAB 
 3585      44C73934 
 3585      C7
 3586 067f 3E7295EA 		.ascii	">r\225\352*M\250+5\316\345\337,.\263\354\317\352#XW"
 3586      2A4DA82B 
 3586      35CEE5DF 
 3586      2C2EB3EC 
 3586      CFEA2358 
 3587 0694 6AAC2E0F 		.ascii	"j\254.\017\202\026\242\031-\311\354\216\340\214\236"
 3587      8216A219 
 3587      2DC9EC8E 
 3587      E08C9E
 3588 06a3 C119C5DB 		.ascii	"\301\031\305\333\305\241\335\021,\2554s0B\245e\333\334"
 3588      C5A1DD11 
 3588      2CAD3473 
ARM GAS  C:\Users\angio\AppData\Local\Temp\ccyaVgOo.s 			page 100


 3588      3042A565 
 3588      DBDC
 3589 06b5 FCEB4888 		.ascii	"\374\353H\210\322\212\315h\216\355q\177\203ftI\374\214"
 3589      D28ACD68 
 3589      8EED717F 
 3589      83667449 
 3589      FC8C
 3590 06c7 E6DA26F9 		.ascii	"\346\332&\371\347\003E\306\210V\210\357\005\341,\317"
 3590      E70345C6 
 3590      885688EF 
 3590      05E12CCF 
 3591 06d7 AA760336 		.ascii	"\252v\0036>\310\212\350\347\303\315CZ\001\376<\011\210"
 3591      3EC88AE8 
 3591      E7C3CD43 
 3591      5A01FE3C 
 3591      0988
 3592 06e9 D77EE373 		.ascii	"\327~\343s\033$\235\247\031\225\244\341\227\213\273"
 3592      1B249DA7 
 3592      1995A4E1 
 3592      978BBB
 3593 06f8 7BEF846A 		.ascii	"{\357\204j\274[\025\245\236z\317a|\025,\311\331}\302"
 3593      BC5B15A5 
 3593      9E7ACF61 
 3593      7C152CC9 
 3593      D97DC2
 3594 070b 610C7345 		.ascii	"a\014sE\356\340\311Q\225^\256wp\230\011A~\226\257\370"
 3594      EEE0C951 
 3594      955EAE77 
 3594      70980941 
 3594      7E96AFF8 
 3595 071f DDAA15CF 		.ascii	"\335\252\025\317W=[\365\370\372\015\317UU\257\372su"
 3595      573D5BF5 
 3595      F8FA0DCF 
 3595      5555AFFA 
 3595      7375
 3596 0731 ED0BE19A 		.ascii	"\355\013\341\232\325k*\237\331\020\256\254]\265\362"
 3596      D56B2A9F 
 3596      D910AEAC 
 3596      5DB5F2
 3597 0740 8992C79F 		.ascii	"\211\222\307\237x\344\201\245\177X\366\333e+\037*y\364"
 3597      78E481A5 
 3597      7F58F6DB 
 3597      652B1F2A 
 3597      79F4
 3598 0752 C9150F3F 		.ascii	"\311\025\017?\364\330\362elnii\031\376\255!\313\352"
 3598      F4D8F265 
 3598      6C6E6969 
 3598      19FEAD21 
 3598      CBEA
 3599 0764 F0D28A8A 		.ascii	"\360\322\212\212\212\262\352pY\355\372\262p\355\032"
 3599      8AB2EA70 
 3599      59EDFAB2 
 3599      70ED1A
 3600 0773 94865F0E 		.ascii	"\224\206_\016\227\256a\352\372\312\360\372\027W\207"
 3600      97AE61EA 
 3600      FACAF0FA 
 3600      175787
ARM GAS  C:\Users\angio\AppData\Local\Temp\ccyaVgOo.s 			page 101


 3601 0782 5F089892 		.ascii	"_\010\230\222\322\312\337\224/+\257\254\\\315\340%^"
 3601      D2CADF94 
 3601      2F2BAFAC 
 3601      5CCDE025 
 3601      5E
 3602 0793 5D55C36B 		.ascii	"]U\303k\326\325\360\347\376T\303k\327\325H\353j\376"
 3602      D6D5F0E7 
 3602      FE54C36B 
 3602      D7D548EB 
 3602      6AFE
 3603 07a5 0F317388 		.ascii	"\0171s\210\016"
 3603      0E
 3604              		.text
 3605              		.section	.gnu.lto_chSysTimerHandlerI.344.1f2b66e5,"e",%progbits
 3606 0000 789CEB63 		.ascii	"x\234\353c``\210\005bE f`f`\2344\261\213\211\341\377"
 3606      60608805 
 3606      62452066 
 3606      6066609C 
 3606      34B18B89 
 3607 0016 FFFFF52C 		.ascii	"\377\377\365,L\214\215*\214[\031\301lF\206z&\306z\306"
 3607      4C8C8D2A 
 3607      8C5B19C1 
 3607      6C46867A 
 3607      26C67AC6 
 3608 002a C9CC9A0D 		.ascii	"\311\314\232\015\015\015?\226\316\353:\313\330\260\342"
 3608      0D0D3F96 
 3608      CEEB3ACB 
 3608      D8B0E2
 3609 0039 00E31266 		.ascii	"\000\343\022f\006\206y\314\0140\300\006\3431\002\361"
 3609      068679CC 
 3609      0C30C006 
 3609      E33102F1 
 3610 0049 FA4BAC07 		.ascii	"\372K\254\007\032\376\374\357oh\370\373\230q\255.P\274"
 3610      1AFEFCEF 
 3610      6F68F8FB 
 3610      9871AD2E 
 3610      50BC
 3611 005b 9F196430 		.ascii	"\237\031d0\030\310\003UL`fBp\031\031>06?\270~\213\221"
 3611      18C80355 
 3611      4C606642 
 3611      7019193E 
 3611      30363FB8 
 3612 0072 A1859169 		.ascii	"\241\205\221i\0113\343<f\240\212%\314L\014\237\030\233"
 3612      0933E33C 
 3612      66A08A25 
 3612      CC4C0C9F 
 3612      189B
 3613 0084 1EDC8E02 		.ascii	"\036\334\216\002\033\337\317\314\210\254\237\201\301"
 3613      1BDFCFCC 
 3613      88AC9F81 
 3613      C1
 3614 0091 CCD92AC6 		.ascii	"\314\331*\3069#3)3\270\2444%3?\246<\277(\273\270 19"
 3614      39233329 
 3614      33B8A434 
 3614      25333FA6 
 3614      3CBF28BB 
 3615 00a9 35BEB438 		.ascii	"5\276\2648\265(&(D78\304\327\330\310\335\304\334$\310"
ARM GAS  C:\Users\angio\AppData\Local\Temp\ccyaVgOo.s 			page 102


 3615      B5282628 
 3615      443738C4 
 3615      D7D8C8DD 
 3615      C4DC24C8 
 3616 00bd 55D72FD4 		.ascii	"U\327/\324\331\307\325\337\314\204AEOO\037\210\222A"
 3616      D9C7D5DF 
 3616      CC844145 
 3616      4F4F1F88 
 3616      9241
 3617 00cf 3AF38B8D 		.ascii	":\363\213\215\014\015\015\365\363\213\365\213J\364\213"
 3617      0C0D0DF5 
 3617      F38BF58B 
 3617      4AF48B
 3618 00de 8B9281A2 		.ascii	"\213\222\201\242\305\225\305z\311\014\000\367\340``"
 3618      C595C57A 
 3618      C90C00F7 
 3618      E06060
 3619              		.text
 3620              		.section	.gnu.lto_chSysGetStatusAndLockX.345.1f2b66e5,"e",%progbits
 3621 0000 789C8D56 		.ascii	"x\234\215V}PTU\024\277\347\335\267\313._\013~a\371G"
 3621      7D505455 
 3621      14BFE7DD 
 3621      B7CB2E5F 
 3621      0B7E61F9 
 3622 0015 38C66433 		.ascii	"8\306d3\302\242\222\31445\2231\232\316H\315\000\315"
 3622      C2A292CC 
 3622      34359331 
 3622      9ACE48CD 
 3622      00CD
 3623 0027 F4879323 		.ascii	"\364\207\223#\353N2\251\313\354[\254\376\362!\340\232"
 3623      EB4E32A9 
 3623      CBEC5BAC 
 3623      FEF221E0 
 3623      9A
 3624 0038 682C50F8 		.ascii	"h,P\370\001\341\264\221\222Mcc%P*k\204\230\211\037\244"
 3624      01E1B491 
 3624      924D6363 
 3624      25502A6B 
 3624      8498891F 
 3625 004d A53985D6 		.ascii	"\2459\205\326\224\332\200\020\315\010dI\347\336\373"
 3625      94DA8010 
 3625      CD086449 
 3625      E7DEFB
 3626 005c 1E7B17D8 		.ascii	"\036{\027\330\306\235\345q\357\271\347\374\316\357\374"
 3626      C69DE571 
 3626      EFB9E7FC 
 3626      CEEFFC
 3627 006b CEBDEFEE 		.ascii	"\316\275\357\356=;!\017\001!\211\370G\246\021\250\251"
 3627      3D3B210F 
 3627      012189F8 
 3627      47A611A8 
 3627      A9
 3628 007c DEA190B1 		.ascii	"\336\241\220\261\261\261-\252\002\265\325gZ\332/\374"
 3628      B1B12DAA 
 3628      02B5D567 
 3628      5ADA2FFC 
 3629 008c 7D44851E 		.ascii	"}D\205\036\340&\012o\253|\240\302;\325g\206{O\037\357"
ARM GAS  C:\Users\angio\AppData\Local\Temp\ccyaVgOo.s 			page 103


 3629      E0260A6F 
 3629      AB7CA0C2 
 3629      3BD56786 
 3629      7B4F1FEF 
 3630 00a0 580EDD62 		.ascii	"X\016\335b\315\002ub\315\012\273\253w\334;1\017\256"
 3630      CD027562 
 3630      CD0ABBAB 
 3630      77DC3B31 
 3630      0FAE
 3631 00b2 8A8518D8 		.ascii	"\212\205\030\330\363,\037\330\224\275\201#s\241M\230"
 3631      F32C1FD8 
 3631      94BD8123 
 3631      73A14D98 
 3632 00c2 9B03BF88 		.ascii	"\233\003\277\210\201\035\366\325\004G\357\372\017\035"
 3632      811DF6D5 
 3632      0447EFFA 
 3632      0F1D
 3633 00d0 5C0EA784 		.ascii	"\\\016\247\204)\026\352EH\0344\340\332\375\312\312\266"
 3633      2916EA45 
 3633      481C34E0 
 3633      DAFDCACA 
 3633      B6
 3634 00e1 F9C97052 		.ascii	"\371\311pR,\306\303\273b1Ai\224\360\366\233x\211\320"
 3634      2CC6C3BB 
 3634      62314169 
 3634      94F0F69B 
 3634      7889D0
 3635 00f4 5C131443 		.ascii	"\\\023\024C\007\033\316\025\345$\301\2075\301\266\241"
 3635      071BCE15 
 3635      E524C187 
 3635      35C1B6A1 
 3636 0104 D17EC58C 		.ascii	"\321~\305\214H\206R\301\030\310\026\205\252\026k\214"
 3636      488652C1 
 3636      18C81685 
 3636      AA166B8C 
 3637 0114 CD1E1B17 		.ascii	"\315\036\033\027\237\220\350HJ\206-PK\033(\324\320&"
 3637      9F90E848 
 3637      4A862D50 
 3637      4B1B28D4 
 3637      D026
 3638 0126 4A403546 		.ascii	"J@5F\000\251\217\207t}\344\203\306\263\335\326\206\346"
 3638      00A98F87 
 3638      747DE483 
 3638      C6B3DDD6 
 3638      86E6
 3639 0138 90DA4415 		.ascii	"\220\332D\025\322\210\016\237\003|\306\004\304\017\272"
 3639      D2880E9F 
 3639      037CC604 
 3639      C40FBA
 3640 0147 D297D933 		.ascii	"\322\227\3313\015=\007\317\355\362'\006Jm\350\007-\020"
 3640      0D3D07CF 
 3640      EDF22706 
 3640      4A6DE807 
 3640      2D10
 3641 0159 E159589F 		.ascii	"\341YX\237b%\320\012,\236\020\226\213\372\314\260\326"
 3641      6225D00A 
 3641      2C9E1096 
ARM GAS  C:\Users\angio\AppData\Local\Temp\ccyaVgOo.s 			page 104


 3641      8BFACCB0 
 3641      D6
 3642 016a BBFEFDFE 		.ascii	"\273\376\375\376\030\375\264\216\011(|\201\201`\004"
 3642      18FDB48E 
 3642      09287C81 
 3642      816004
 3643 0179 C297185C 		.ascii	"\302\227\030\\\330?\007\035\255|\302\226\216\001\341"
 3643      D83F071D 
 3643      AD7CC296 
 3643      8E01E1
 3644 0188 739C2870 		.ascii	"s\234(p\234O8\315\373\225o\266-x\277\254bv\023U\371"
 3644      9C4F38CD 
 3644      FB956FB6 
 3644      2D78BFAC 
 3644      62761355 
 3645 019d DA62C834 		.ascii	"\332b\3104(\246\205\312\365\221\241\033}Y\373\232C\245"
 3645      28A685CA 
 3645      F591A11B 
 3645      7D59FB9A 
 3645      43A5
 3646 01af A9629DF0 		.ascii	"\251b\235\360u8\001\302\305\252#\221\276:\012\355\230"
 3646      753801C2 
 3646      C5AA2391 
 3646      BE3A0AED 
 3646      98
 3647 01c0 B60D3928 		.ascii	"\266\0159(F\026\010\201\234\345\256\377\335\233\016"
 3647      46160881 
 3647      9CE5AEFF 
 3647      DD9B0E
 3648 01cf 21062561 		.ascii	"!\006%a\246R\036\316\243\243\254B\324#\011\006_I\271"
 3648      A6521ECE 
 3648      A3A3AC42 
 3648      D4230906 
 3648      5F49B9
 3649 01e2 463A1B0A 		.ascii	"F:\033\012\240\003\215'Y\275\246\024#\\\212\006=T\236"
 3649      A0038D27 
 3649      59BDA614 
 3649      235C8A06 
 3649      3D549E
 3650 01f5 6A6A4164 		.ascii	"jjAd-\010\312\320\211\343\257M\031X\320'\373\253\374"
 3650      2D08CAD0 
 3650      89E3AF4D 
 3650      1958D027 
 3650      FBABFC
 3651 0208 7A523882 		.ascii	"zR8\202\232\021]L\275\363\206z]L=\012\247\303\352\251"
 3651      9A115D4C 
 3651      BDF3867A 
 3651      5D4C3D0A 
 3651      A7C3EAA9 
 3652 021c F08DACDE 		.ascii	"\360\215\254\336\371\226\247\220\365\012\321dur]L?,"
 3652      F996A790 
 3652      F50AD164 
 3652      75725D4C 
 3652      3F2C
 3653 022e 9CE591B7 		.ascii	"\234\345\221\267\001\234\221\025\274y\300\002\337\032"
 3653      019C9115 
 3653      BC79C002 
ARM GAS  C:\Users\angio\AppData\Local\Temp\ccyaVgOo.s 			page 105


 3653      DF1A
 3654 023c 0AAAA682 		.ascii	"\012\252\246\202gA\316\204\012\016H\012\322I\231Z\221"
 3654      6741CE84 
 3654      0A0E480A 
 3654      D249995A 
 3654      91
 3655 024d 4BB69129 		.ascii	"K\266\221)B\277s\262~}\365/\301y4v\263\212e\375\252"
 3655      42BF73B2 
 3655      7E7DF52F 
 3655      C1793476 
 3655      B38A65FD 
 3656 0262 A2E8D765 		.ascii	"\242\350\327e\350w\021\307\027@\026\302\002\337\311"
 3656      E87711C7 
 3656      174016C2 
 3656      02DFC9
 3657 0271 42F4B748 		.ascii	"B\364\267H\333\310\362`\333\350\222A\3551\023\"\353"
 3657      DBC8F260 
 3657      DBE89241 
 3657      ED311322 
 3657      EB
 3658 0282 5499BEC2 		.ascii	"T\231\276\302<\010\026\223\303\367\200\246\302\355s"
 3658      3C081693 
 3658      C3F780A6 
 3658      C2ED73
 3659 0291 4CBA5C53 		.ascii	"L\272\\S\3016\362\310\240\247T\353\315\315\360\003\300"
 3659      C136F2C8 
 3659      A0A754EB 
 3659      CDCDF003 
 3659      C0
 3660 02a2 6543570B 		.ascii	"eCW\013a\242^\001\306\032\275\034i\241\012}\260\267"
 3660      61A25E01 
 3660      C61ABD1C 
 3660      69A10A7D 
 3660      B0B7
 3661 02b4 7BDB5B33 		.ascii	"{\333[3\304\331\233pF\361\324\211h\236\264\202\311;"
 3661      C4D99B70 
 3661      46F1D489 
 3661      689EB482 
 3661      C93B
 3662 02c6 902D5530 		.ascii	"\220-U0^!a\253\001\276B\"\212\273\306\200\260\255\006"
 3662      5E2161AB 
 3662      01BE4222 
 3662      8ABBC680 
 3662      B0AD06
 3663 02d9 008A7CE8 		.ascii	"\000\212|\350\260Uj\220\324B\201\301\327\310\204\356"
 3663      B0556A90 
 3663      D44281C1 
 3663      D7C884EE 
 3664 02e9 FDC4512E 		.ascii	"\375\304Q.\002v\315\004\272_y\265e\376I\343\250L\330"
 3664      0276CD04 
 3664      BA5F79B5 
 3664      65FE49E3 
 3664      A84CD8
 3665 02fc 76914811 		.ascii	"v\221H\021;\256\227#\265\313|\016\312|\340\201\370\334"
 3665      3BAE9723 
 3665      B5CB7C0E 
 3665      CA7CE081 
ARM GAS  C:\Users\angio\AppData\Local\Temp\ccyaVgOo.s 			page 106


 3665      F8DC
 3666 030e E0289D80 		.ascii	"\340(\235\200\2470\314\007_\275\357\225U\354a|\"^\""
 3666      A730CC07 
 3666      5FBDEF95 
 3666      55EC617C 
 3666      225E22
 3667 0321 51B5F995 		.ascii	"Q\265\371\225\241\034\356\261\204\364\177\306\252\364"
 3667      A11CEEB1 
 3667      84F47FC6 
 3667      AAF4
 3668 032f D06EC7D9 		.ascii	"\320n\307\331\376\332\256;\312l`n\012{XX\007l\254\006"
 3668      FEDAAE3B 
 3668      CA6C606E 
 3668      0A7B5858 
 3668      076CAC06 
 3669 0343 3BC146C4 		.ascii	";\301F\3042[\034\023\"\036G\226\004\366Hd\017\007#\223"
 3669      325B1C13 
 3669      221E4796 
 3669      04F64864 
 3669      0F072393 
 3670 0357 C446C9EC 		.ascii	"\304F\311\3541\215=\246\263\307\014\0261\2235`\026\301"
 3670      318D3DA6 
 3670      B3C70C16 
 3670      31933560 
 3670      16C1
 3671 0369 36A6B0D2 		.ascii	"6\246\260\322\011\251\242\354M\317?\217\3404@\225\360"
 3671      09A9A2EC 
 3671      4DCF3F8F 
 3671      E0344095 
 3671      F0
 3672 037a 94920128 		.ascii	"\224\222\001(\035\352\257\352\371\331\216\227\031\333"
 3672      1DEAAFEA 
 3672      F9D98E97 
 3672      19DB
 3673 0388 24C3ACC6 		.ascii	"$\303\254\306\271\333\225m\270A\2548TY\355\277\001\301"
 3673      B9DB956D 
 3673      B841AC38 
 3673      5459EDBF 
 3673      01C1
 3674 039a FFF03B04 		.ascii	"\377\360;\004i\034!w`k]\333\345\3354H\343\371\034!\251"
 3674      691C2177 
 3674      606B5DDB 
 3674      E5DD3448 
 3674      E3F91C21 
 3675 03af 0CD907A5 		.ascii	"\014\331\007\245\317\260\0359\017w\344\340G\207\365"
 3675      CFB01D39 
 3675      0F77E4E0 
 3675      4787F5
 3676 03be 54DCCB31 		.ascii	"T\334\3131\254\373\342&`\346\200\276\335&\214|\343\335"
 3676      ACFBE226 
 3676      60E680BE 
 3676      DD268C7C 
 3676      E3DD
 3677 03d0 62DA20EC 		.ascii	"b\332 \354`l\220& ,\307TeL\226\363\370Xg_\375\025\025"
 3677      606C9026 
 3677      202CC754 
 3677      654C96F3 
ARM GAS  C:\Users\angio\AppData\Local\Temp\ccyaVgOo.s 			page 107


 3677      F858675F 
 3678 03e7 0F729026 		.ascii	"\017r\220&\242#\367\262D\315\374cK\271\256*\"\213\032"
 3678      A223F7B2 
 3678      44CDFC63 
 3678      4BB9AE2A 
 3678      228B1A
 3679 03fa 35F51F52 		.ascii	"5\365\037R\352\231\210\313A\255\223R\217\266\036=\304"
 3679      EA9988CB 
 3679      41AD9352 
 3679      8FB61E3D 
 3679      C4
 3680 040b 6EC820B5 		.ascii	"n\310 \265\240\037\017\300\037\004AjG\003\316\312.t"
 3680      A01F0FC0 
 3680      1F04416A 
 3680      4703CECA 
 3680      2E74
 3681 041d 0DF78E9C 		.ascii	"\015\367\216\234\300k\377*\272 \224\235\335\213\012"
 3681      C06BFF2A 
 3681      BA20949D 
 3681      DD8B0A
 3682 042c DF59011A 		.ascii	"\337Y\001\032\023\225\343\210\304\321\022\225c\277\304"
 3682      1395E388 
 3682      C4D11295 
 3682      63BFC4
 3683 043b 7116C273 		.ascii	"q\026\302sP\333d\216\307\216\246p\212\370\235EnC\371"
 3683      50DB648E 
 3683      C78EA670 
 3683      8AF89D45 
 3683      6E43F9
 3684 044e ED8E8783 		.ascii	"\355\216\207\203\342\206V\215[8@\355S4\377\234\035\177"
 3684      E286568D 
 3684      5B3840ED 
 3684      5334FF9C 
 3684      1D7F
 3685 0460 61B0E6EF 		.ascii	"a\260\346\357T\246h\376\240h\376\237\210\3520\233_\213"
 3685      54A668FE 
 3685      A068FE9F 
 3685      88EA309B 
 3685      5F8B
 3686 0472 CD4FE273 		.ascii	"\315O\342s\204\214\215\336\374\203\343\315\207\250\325"
 3686      848C8DDE 
 3686      FC83E3CD 
 3686      87A8D5
 3687 0481 FD255597 		.ascii	"\375%U\227\214\260\0343n\212\346w6\\R\361\026\014\322"
 3687      8CB01C33 
 3687      6E8AE677 
 3687      365C52F1 
 3687      160CD2
 3688 0494 69E8C844 		.ascii	"i\350\310D\257\363\377\213<\246\243\201\325h\2011\346"
 3688      AFF3FF8B 
 3688      3CA6A381 
 3688      D5688131 
 3688      E6
 3689 04a5 5AD6E3BF 		.ascii	"Z\326\343\277\214>3pAXE\335\361QI\356l\013\367@\211"
 3689      8C3E3370 
 3689      415845DD 
 3689      F15149EE 
ARM GAS  C:\Users\angio\AppData\Local\Temp\ccyaVgOo.s 			page 108


 3689      6C0BF740 
 3690 04ba CA725862 		.ascii	"\312rXb\231\202\360\0344ar\017\256\037\335+\366\211"
 3690      9982F01C 
 3690      3461720F 
 3690      AE1FDD2B 
 3690      F689
 3691 04cc 827EA209 		.ascii	"\202~\242\011\2058\201\0010\032\220(\307\014B\331\365"
 3691      85388101 
 3691      301A9028 
 3691      C70C42D9 
 3691      F5
 3692 04dd 4FAF5152 		.ascii	"O\257QR\016H\300\326H\361}\335D\355\334\3171\321\257"
 3692      0E48C0D6 
 3692      48F17DDD 
 3692      44EDDCCF 
 3692      31D1AF
 3693 04f0 75CEB85B 		.ascii	"u\316\270[L\330-i\"\205\321\201\003(\212-\310\367S\200"
 3693      4CD82D69 
 3693      2285D181 
 3693      03288A2D 
 3693      C8F75380 
 3694 0504 264BEBC0 		.ascii	"&K\353\300\353\346E\337\372x\2743\304\370\014\301\326"
 3694      EBE645DF 
 3694      FA78BC33 
 3694      C4F80CC1 
 3694      D6
 3695 0515 EBEDF5BB 		.ascii	"\353\355\365\273\200\263\2671K\025\205p4\223fI\316\223"
 3695      80B3B731 
 3695      4B158570 
 3695      34936649 
 3695      CE93
 3696 0527 AB73D617 		.ascii	"\253s\326\027\025\026\345\373J\326\025yV\277\346\361"
 3696      1516E5FB 
 3696      4AD61579 
 3696      56BFE6F1 
 3697 0537 BEAA15AF 		.ascii	"\276\252\025\257u\271\327\224hn\357\352\274\202\364"
 3697      75B9D794 
 3697      686EEFEA 
 3697      BC82F4
 3698 0546 FC82DCC5 		.ascii	"\374\202\334\305\213\236\313\312\316\312[\226\376\374"
 3698      8B9ECBCA 
 3698      CECA5B96 
 3698      FEFC
 3699 0554 8B39AB96 		.ascii	"\2139\253\226\275\260$\213<\232\221\341\304\257\213"
 3699      BDB0248B 
 3699      3C9A91E1 
 3699      C4AF8B
 3700 0563 457AB445 		.ascii	"Ez\264E\013\027.tz4\247\327\347\324\274.\264joh\031"
 3700      0B172E74 
 3700      7A34A7D7 
 3700      E7D4BC2E 
 3700      B46A6F68 
 3701 0578 2E42359F 		.ascii	".B5\237\226lL2\334Odfe\272\335k\211\325\353\326J6\370"
 3701      966C4C32 
 3701      DC4F6466 
 3701      65BADD6B 
 3701      89D5EBD6 
ARM GAS  C:\Users\angio\AppData\Local\Temp\ccyaVgOo.s 			page 109


 3702 058f 72A64470 		.ascii	"r\246Dpy6n\364lr\272_\3679\227\346\345:sr\363W\346;"
 3702      79366EF4 
 3702      6C72BA5F 
 3702      F73997E6 
 3702      E53A7372 
 3703 05a7 733C5EB7 		.ascii	"s<^\267s\345&\327\206\222un\247k\243V\244\255y\305\345"
 3703      73E526D7 
 3703      8692756E 
 3703      A76BA356 
 3703      A4AD79C5 
 3704 05bc CA584FB2 		.ascii	"\312XO\262\377\017\243\330\343\365i\014esvzn\372\322"
 3704      FF0FA3D8 
 3704      E3F5690C 
 3704      6573767A 
 3704      6EFAD2
 3705 05cf 5505E8E7 		.ascii	"U\005\350\347B$\214K\312\315\313OM\313\\\220Z\270Vs"
 3705      42248C4B 
 3705      CACDCB4F 
 3705      4DCB5C90 
 3705      5AB85673 
 3706 05e3 177B8B08 		.ascii	"\027{\213\010}\332K\022LcQ\261\346%\377\001+,\010\232"
 3706      7DDA4B12 
 3706      4C6351B1 
 3706      E625FF01 
 3706      2B2C089A 
 3707              		.text
 3708              		.section	.gnu.lto_chSysRestoreStatusX.346.1f2b66e5,"e",%progbits
 3709 0000 789C8D54 		.ascii	"x\234\215Tmh[e\024~\317}on>\273.\023T\034h\212\226m"
 3709      6D685B65 
 3709      147ECF7D 
 3709      6F6E3EBB 
 3709      2E13541C 
 3710 0018 B026ED16 		.ascii	"\260&\355\026W\020\004g\230:X\024\232\372\257l\254Y"
 3710      57100467 
 3710      983A5814 
 3710      9AFAAF6C 
 3710      AC59
 3711 002a 70C17529 		.ascii	"p\301u)\271\351\324_\275]\0223\355\244i;\262\017\263"
 3711      B9E9D45F 
 3711      BD5D1233 
 3711      EDA4693B 
 3711      B20FB3
 3712 003d 8AB1B2A2 		.ascii	"\212\261\262\242?\204\201\246\331g\266\232}t\037\224"
 3712      3F8481A6 
 3712      D967B69A 
 3712      7D741F94 
 3713 004d 62D131D8 		.ascii	"b\3211\330\206\177d`\327R\244\315\330l<\357{o\232\333"
 3713      867F6460 
 3713      D752A4CD 
 3713      D86C3CEF 
 3713      7B6F9ADB 
 3714 0061 CE4E2FE1 		.ascii	"\316N/\341\346|>\3479\347\334\367U$BL@\310U\202O\025"
 3714      E67C3EE7 
 3714      39E7DCF7 
 3714      5524424C 
 3714      40C85582 
 3715 0077 81BEDECF 		.ascii	"\201\276\336\317\005R*\225:E\001\372{G\347\356\026\317"
ARM GAS  C:\Users\angio\AppData\Local\Temp\ccyaVgOo.s 			page 110


 3715      05522A95 
 3715      3A4501FA 
 3715      7B47E7EE 
 3715      16CF
 3716 0089 8DBC0537 		.ascii	"\215\274\0057\200\233(\034\022\271 \012\361\336n\001"
 3716      809B281C 
 3716      12B9200A 
 3716      F1DE6E01 
 3717 0099 72AA399D 		.ascii	"r\2529\235\374]\025\014\220\352\035\315\236\037;uR\204"
 3717      FC5D150C 
 3717      90EA1DCD 
 3717      9E1F3B75 
 3717      5284
 3718 00ab 4BAA4982 		.ascii	"K\252I\202\303j\212\021\216\364e\036\316ww\347\326\332"
 3718      C36A8A11 
 3718      8EF4651E 
 3718      CE7777E7 
 3718      D6DA
 3719 00bd E182EA34 		.ascii	"\341\202\3524\301\3217\271`\026\216%O\326\224\361\276"
 3719      C1D137B9 
 3719      60168E25 
 3719      4FD694F1 
 3719      BE
 3720 00ce 2CE35920 		.ascii	",\343Y \335\227QE+\023kTf6\350\272s&}\307T\216\007\322"
 3720      DD975145 
 3720      2B136B54 
 3720      6636E8BA 
 3720      73267DC7 
 3721 00e6 2950D120 		.ascii	")P\321 \031Mf\213\325\006\235\320O\327)\212R\374v\340"
 3721      194D668B 
 3721      D5069DD0 
 3721      4FD7298A 
 3721      52FC76E0 
 3722 00fa D10D5086 		.ascii	"\321\015P\206\3620H\011\031\240D}\322\024\372\350 \005"
 3722      F2304809 
 3722      19A0447D 
 3722      D214FAE8 
 3722      2005
 3723 010c 10354900 		.ascii	"\0205I\000\007Jt;Y\223W\224\261k\303\212b&\203\224B"
 3723      074A743B 
 3723      59935794 
 3723      B16BC38A 
 3723      62268394 
 3724 0121 1630077E 		.ascii	"\0260\007~\002\370\021\347\203\206\326\307\317\022\""
 3724      02F811E7 
 3724      8386D6C7 
 3724      CF1222
 3725 0130 6948024B 		.ascii	"iH\002K\2110\260Z\314*\316&\276J\030\323J>\346\030\244"
 3725      8930B05A 
 3725      CC2ACE26 
 3725      BE4A18D3 
 3725      4A3EE618 
 3726 0145 229CC24C 		.ascii	"\"\234\302L\3202\3414f\267N\256\306H\211+\314u\006\010"
 3726      D032E134 
 3726      66B74EAE 
 3726      C648892B 
 3726      CC750608 
ARM GAS  C:\Users\angio\AppData\Local\Temp\ccyaVgOo.s 			page 111


 3727 0159 D75111E0 		.ascii	"\327Q\021\340,W\3261\230\371\356\317r\353\277\211\306"
 3727      2C57D631 
 3727      98F9EECF 
 3727      72EBBF89 
 3727      C6
 3728 016a 9F1FA406 		.ascii	"\237\037\244\006\356\333\010\365\032\347\332|L)\316"
 3728      EEDB08F5 
 3728      1AE7DA7C 
 3728      4C29CE
 3729 0179 DC9ABA2E 		.ascii	"\334\232\272.\305\217(\242\352'\334\017\347@\015\221"
 3729      C58F28A2 
 3729      EA27DC0F 
 3729      E7400D91 
 3730 0189 B0E9E152 		.ascii	"\260\351\341R\212\302y,\233C\016\202V\005\362\240\257"
 3730      8AC2792C 
 3730      9B430E82 
 3730      5605F2A0 
 3730      AF
 3731 019a 329B38FE 		.ascii	"2\2338\376Guz(\217(\"\2510\325\325\341<F\242\361+\212"
 3731      47757A28 
 3731      8F2822A9 
 3731      30D5D5E1 
 3731      3C46A2F1 
 3732 01b0 16539E03 		.ascii	"\026S\236\003\\\324\325*\026\322\3150\202\306\013\254"
 3732      5CD4D52A 
 3732      16D2CD30 
 3732      82C60BAC 
 3733 01c0 DFA7CC82 		.ascii	"\337\247\314\202\350g\201#\204\002\312?/\032\003\205"
 3733      E8678123 
 3733      8402CA3F 
 3733      2F1A0385 
 3734 01d0 CBFA314C 		.ascii	"\313\3721Lfuc\240\377o\014W4jk\312\020\356KQ\345\235"
 3734      667563A0 
 3734      FF6F0C57 
 3734      346A6BCA 
 3734      10EE4B51 
 3735 01e6 F2266999 		.ascii	"\362&i\231\303(\260]\036X]\246\213`\007\215\012\357"
 3735      C328B05D 
 3735      1E585DA6 
 3735      8B60078D 
 3735      0AEF
 3736 01f8 74F1CE31 		.ascii	"t\361\3161R\327\353\374>\270\006pU\233,e\037\002\\\007"
 3736      52D7EBFC 
 3736      3EB80670 
 3736      559B2C65 
 3736      1F025C07 
 3737 020c C61AD809 		.ascii	"\306\032\330\011\342>\016\031g\305\247\262k\277\216"
 3737      E23E0E19 
 3737      67C5A7B2 
 3737      6BBF8E
 3738 021b 56182E74 		.ascii	"V\030.t@\230?yl(\337\345 \213\310\337d\265pqe\210\331"
 3738      40983F79 
 3738      6C28DFE5 
 3738      208BC8DF 
 3738      64B57071 
 3739 0232 C4772724 		.ascii	"\304w'$\334\021\037\342\342%\251\030\334G\226lg\214"
 3739      DC111FE2 
ARM GAS  C:\Users\angio\AppData\Local\Temp\ccyaVgOo.s 			page 112


 3739      E225A918 
 3739      DC47966C 
 3739      678C
 3740 0244 A31400B7 		.ascii	"\243\024\000\267R\341\202'N\317E\370O.\343\014\345\207"
 3740      52E18227 
 3740      4ECF45F8 
 3740      4F2EE30C 
 3740      E587
 3741 0256 71435E79 		.ascii	"qC^y\\\352Q\362\207\253\037}\221\232+\012\317\000\013"
 3741      5CEA51F2 
 3741      87AB1F7D 
 3741      919A2B0A 
 3741      CF000B
 3742 0269 13D8CB00 		.ascii	"\023\330\313\0000\014f\202][\230je5m(IU\354\265\202"
 3742      300C6682 
 3742      5D5B986A 
 3742      65356D28 
 3742      4955ECB5 
 3743 027e BDAAD96B 		.ascii	"\275\252\331k%\363\332\011\216f\025k\216\220\036\312"
 3743      25F3DA09 
 3743      8E66156B 
 3743      8E901ECA 
 3744 028e 8E307F5E 		.ascii	"\2160\177^B5I\205\212J\311\003\330?\215\327O\206\232"
 3744      42354985 
 3744      8A4AC903 
 3744      D83F8DD7 
 3744      4F869A
 3745 02a1 33C8E701 		.ascii	"3\310\347\001D\307./\\@\031jA;;\257\224O!I\251>\365"
 3745      44C72E2F 
 3745      5C40196A 
 3745      413B3BAF 
 3745      944F2149 
 3746 02b8 4FE87A83 		.ascii	"O\350z\203\355\352e\334\325t1\033SDA=\365\332\261g\366"
 3746      EDEA65DC 
 3746      D574311B 
 3746      5344413D 
 3746      F5DAB167 
 3747 02cd A472C054 		.ascii	"\244r\300T\271\012`\202\341\260\222\010lGx\016*.\341"
 3747      B90A6082 
 3747      E1B09208 
 3747      6C47780E 
 3747      2A2EE1
 3748 02e0 933AFBF0 		.ascii	"\223:\373\360\257\354s\270\363\014\305\237\235\334\207"
 3748      AFEC73B8 
 3748      F30CC59F 
 3748      9DDC87
 3749 02ef D8FD9117 		.ascii	"\330\375\221\0272\352\315aP\367\201i\006}\332\024t\315"
 3749      32EACD61 
 3749      50F78169 
 3749      067DDA14 
 3749      74CD
 3750 0301 4CF68CDF 		.ascii	"L\366\214\3374\343%\310\276\2169\266\214\232\270\360"
 3750      34E325C8 
 3750      BE8E39B6 
 3750      8C9AB8F0 
 3751 0311 295637A2 		.ascii	")V7\242(\262\352\277\001\301\177\270\205\250VN#\225"
 3751      28B2EABF 
ARM GAS  C:\Users\angio\AppData\Local\Temp\ccyaVgOo.s 			page 113


 3751      01C17FB8 
 3751      85A8564E 
 3751      2395
 3752 0323 9BE8A719 		.ascii	"\233\350\247\031j\343:BJ\313\266\367\375\011\305\241"
 3752      6AE33A42 
 3752      4ACBB6F7 
 3752      FD09C5A1 
 3753 0333 DD69B06C 		.ascii	"\335i\260lw\267u\335U!,\3074>\321]\251PH\377\"\342\011"
 3753      77B775DD 
 3753      55212CC7 
 3753      343ED15D 
 3753      A95048FF 
 3754 034a CED01518 		.ascii	"\316\320\025\030\310\206\236J\374\215<\252\321\300z"
 3754      C8869E4A 
 3754      FC8D3CAA 
 3754      D1C07A
 3755 0359 94A0C442 		.ascii	"\224\240\304B\243\343\211\011\214Y\211\016\325\252\366"
 3755      A3E38909 
 3755      8C59890E 
 3755      D5AAF6
 3756 0368 6D5A96E4 		.ascii	"mZ\226\344\301\\e\007\302\262,\357\352X\256Bx\016j~"
 3756      C15C6507 
 3756      C2B22CEF 
 3756      EA58AE42 
 3756      780E6A7E 
 3757 037c 7207C5EC 		.ascii	"r\007\305\354Q\201/A\3008u\011\255\250\300\257\240-"
 3757      51812F41 
 3757      C0387509 
 3757      ADA8C0AF 
 3757      A02D
 3758 038e C0A2CF99 		.ascii	"\300\242\317\231\206\350\275\322mJb\200\004L\003xF\360"
 3758      86E8BDD2 
 3758      6D4A6280 
 3758      044C0378 
 3758      46F0
 3759 03a0 3B34F338 		.ascii	";4\3638\353\322\270C/.\204\031\3240fMU\254R%\331\246"
 3759      EBD2B843 
 3759      2F2E8419 
 3759      D430664D 
 3759      55AC5225 
 3760 03b6 4F9E81FD 		.ascii	"O\236\201\375\367\216o\347\345{(T<\254\331M\236\327"
 3760      F78E6FE7 
 3760      E57B2854 
 3760      3CACD94D 
 3760      9ED7
 3761 03c8 5A3CBB83 		.ascii	"Z<\273\203\255A_\244cW0\324\362Q(\374\241\334\276\323"
 3761      AD415FA4 
 3761      635730D4 
 3761      F25128FC 
 3761      A1DCBED3 
 3762 03dc 1FD8D121 		.ascii	"\037\330\321!\007\302-M\315u\276f\357\306\015o\273\033"
 3762      07C22D4D 
 3762      CD75BE66 
 3762      EFC60D6F 
 3762      BB1B
 3763 03ee DD4D5BEA 		.ascii	"\335M[\352\336}\337\263m\313{\233\334\344\025\247\323"
 3763      DE7DDFB3 
ARM GAS  C:\Users\angio\AppData\Local\Temp\ccyaVgOo.s 			page 114


 3763      6DCB7B9B 
 3763      DCE415A7 
 3763      D3
 3764 03ff 853F3FCB 		.ascii	"\205??\313\014\311\033\032\032\032\\!\331\025\216\270"
 3764      0CC91B1A 
 3764      1A1A5C21 
 3764      D9158EB8 
 3765 040f E4B01FAD 		.ascii	"\344\260\037\255\362'\262\323O\250\034\221\355\232\342"
 3765      F227B2D3 
 3765      4FA81C91 
 3765      ED9AE2
 3766 041e 0CBC5AEF 		.ascii	"\014\274Z\357\256\017\004v\022)\034\220;\366D<\377\212"
 3766      AE0F0476 
 3766      12291C90 
 3766      3BF6443C 
 3766      FF8A
 3767 0430 E00FB5B5 		.ascii	"\340\017\265\265\205\366\272\002\037G\\\233\233\274"
 3767      85F6BA02 
 3767      1F475C9B 
 3767      9BBC
 3768 043e 2E8FD7B7 		.ascii	".\217\327\267\325\347\362\204\302\001\327\326\275\376"
 3768      D5E7F284 
 3768      C201D7D6 
 3768      BDFE
 3769 044c 3D1DBB02 		.ascii	"=\035\273\002.\177\233\034\224w|\340\367;w\223\306\247"
 3769      2E7F9B1C 
 3769      94777CE0 
 3769      F73B7793 
 3769      C6A7
 3770 045e 61B487C2 		.ascii	"a\264\207\302\021\231\241\354k\254\363\326m\336\326"
 3770      1199A1EC 
 3770      6BACF3D6 
 3770      6DDED6
 3771 046d 8C717E44 		.ascii	"\214q~D\302\274*o\223\317Q[\277\336\021l\227\303\204"
 3771      C2BC2A6F 
 3771      93CF515B 
 3771      BFDE116C 
 3771      97C384
 3772 0480 BE1E26FF 		.ascii	"\276\036&\377\000\373/\307o"
 3772      00FB2FC7 
 3772      6F
 3773              		.text
 3774              		.section	.gnu.lto_chSysIsCounterWithinX.347.1f2b66e5,"e",%progbits
 3775 0000 789C5D91 		.ascii	"x\234]\221MHTQ\030\206\277\367~\347\016\266+\010\267"
 3775      4D485451 
 3775      1886BFF7 
 3775      7EE70EB6 
 3775      2B08B7
 3776 0013 0925E2C2 		.ascii	"\011%\342\302\371\321\233A\253`\2206\376\200?\273\241"
 3776      F9D19B41 
 3776      AB609036 
 3776      FE803FBB 
 3776      A1
 3777 0024 18AF171A 		.ascii	"\030\257\027\032\002'\356\275\022*1\307$\025a0u\027"
 3777      0227EEBD 
 3777      122A31C7 
 3777      24156130 
ARM GAS  C:\Users\angio\AppData\Local\Temp\ccyaVgOo.s 			page 115


 3777      7517
 3778 0036 318BCB04 		.ascii	"1\213\313\004B\013[\224\371\323\320@\2136\201\021\356"
 3778      420B5B94 
 3778      F9D3D040 
 3778      8B368111 
 3778      EE
 3779 0047 B5651029 		.ascii	"\265e\020)\271\011\246\270\236sg0\231\217s\017\337y"
 3779      B909A6B8 
 3779      9E736730 
 3779      998F730F 
 3779      DF79
 3780 0059 79BE97F7 		.ascii	"y\276\227\367\234\373\032DO\210(\251>\022\204\265\325"
 3780      9CFB1A44 
 3780      4F8828A9 
 3780      3E1284B5 
 3780      D5
 3781 006a 6583C230 		.ascii	"e\203\3020,\010\003\353\253\313\307\265\267\002\025"
 3781      2C0803EB 
 3781      ABCBC7B5 
 3781      B70215
 3782 0079 4402634E 		.ascii	"D\002cND\015\250`0\012X\347\316\252\224\177^\225\366"
 3782      440DA860 
 3782      300A58E7 
 3782      CEAA947F 
 3782      5E95F6
 3783 008c F6F162A3 		.ascii	"\366\361b\243\2122\023\225\230\320\203\310\355%c\215"
 3783      8A321395 
 3783      98D083C8 
 3783      ED25638D 
 3784 009c CB0C8846 		.ascii	"\313\014\210Fg\240Mu|\217:\324\330\327/\333R^\24223"
 3784      67A04D75 
 3784      7C8F3AD4 
 3784      D8D72FDB 
 3784      525EA232 
 3785 00b1 DE434F6D 		.ascii	"\336COm\001\357T\030%\214\177n\325\234_\347~\234s;\315"
 3785      01EF5418 
 3785      258C7F6E 
 3785      D59C5FE7 
 3785      7E9C733B 
 3786 00c6 DC41C4CD 		.ascii	"\334A\304\315\324\271\245\371EyYhn\257\231\373\336J"
 3786      D4B9A5F9 
 3786      45795968 
 3786      6EAF99FB 
 3786      DE4A
 3787 00d8 148BB2A9 		.ascii	"\024\213\262\251R\032\332\253\317\344Ie\177\241x\365"
 3787      521ADAAB 
 3787      CFE44965 
 3787      7FA178F5 
 3788 00e8 8D6C698A 		.ascii	"\215li\212M\233\337\314\252\374\033\256Hy8[\374\024"
 3788      4D9BDFCC 
 3788      AAFC1BAE 
 3788      4879385B 
 3788      FC14
 3789 00fa 56D002E5 		.ascii	"V\320\002\345\"\014\275\251\333lC\000\2730\201\017\210"
 3789      220CBDA9 
 3789      DB6C4300 
 3789      BB30810F 
ARM GAS  C:\Users\angio\AppData\Local\Temp\ccyaVgOo.s 			page 116


 3789      88
 3790 010b 911EA615 		.ascii	"\221\036\246\025\326O\026\3255e\377\234\215\377G\320"
 3790      D64F16D5 
 3790      3565FF9C 
 3790      8DFF47D0 
 3791 011b 2FCC9716 		.ascii	"/\314\227\026\376q\300\010X\355\242.\234\316\006l\004"
 3791      FE71C008 
 3791      58EDA22E 
 3791      9CCE066C 
 3791      04
 3792 012c 6C3684AD 		.ascii	"l6\204\255\305\343\232\025p,\242\014\322&|\301\004?"
 3792      C5E39A15 
 3792      702CA20C 
 3792      D2267CC1 
 3792      043F
 3793 013e 317787AE 		.ascii	"1w\207\256K)O>n\3126\365\324f\343:\272~\343\351Q\255"
 3793      4B294F3E 
 3793      6ECA36F5 
 3793      D466E33A 
 3793      BA7EE3E9 
 3794 0154 5484FA53 		.ascii	"T\204\372S\312\202\242D\270\230\210\2507};\223~\220"
 3794      CA82A244 
 3794      B89888A8 
 3794      377D3B93 
 3794      7E90
 3795 0166 1BCF8DF8 		.ascii	"\033\317\215\370S\023\271|\346q\336}\350=\312\332\316"
 3795      5313B97C 
 3795      E671DE7D 
 3795      E83DCADA 
 3795      CE
 3796 0177 FD29CF71 		.ascii	"\375)\317q3\303\243]#\243\003=\335w\255[\326p_\327\340"
 3796      33C3A35D 
 3796      23A3033D 
 3796      DD77AD5B 
 3796      D6705FD7 
 3797 018c 58BABF6F 		.ascii	"X\272\277o\250\327\242\033\361xB-[O\346\275\356T*\225"
 3797      A8D7A21B 
 3797      F178422D 
 3797      5B4FE6BD 
 3797      EE542A95 
 3798 01a0 C87B09D7 		.ascii	"\310{\011\327Ox\256\255To\332\213\333\304\366\244\177"
 3798      4F78AEAD 
 3798      546FDA8B 
 3798      DBC4F6A4 
 3798      7F
 3799 01b1 A571883B 		.ascii	"\245q\210;7\223V\322q\262dz~\326\365\331\231\2348\003"
 3799      379356D2 
 3799      71B2647A 
 3799      7ED6F5D9 
 3799      999C3803 
 3800 01c5 111FC726 		.ascii	"\021\037\307&"
 3801              		.text
 3802              		.section	.gnu.lto_chSysPolledDelayX.348.1f2b66e5,"e",%progbits
 3803 0000 789C8553 		.ascii	"x\234\205SKL\023a\020\236\331\177w\333\362\250z\341"
 3803      4B4C1361 
 3803      109ED97F 
 3803      77DBF2A8 
ARM GAS  C:\Users\angio\AppData\Local\Temp\ccyaVgOo.s 			page 117


 3803      7AE1
 3804 0012 2A091AC3 		.ascii	"*\011\032\303\201\026\264\202\361\244!D\017\240\011"
 3804      8116B482 
 3804      F1A42144 
 3804      0FA009
 3805 0021 E08D48B0 		.ascii	"\340\215H\260\256\201\370\250\351V\211\361\300\217\024"
 3805      AE81F8A8 
 3805      E95689F1 
 3805      C08F14
 3806 0030 7CC61654 		.ascii	"|\306\026T0\021\010V4$\036\324\203\212\274,\240\006"
 3806      30110856 
 3806      34241ED4 
 3806      838ABC2C 
 3806      A006
 3807 0042 3506351A 		.ascii	"5\0065\032/\200\217\223&\006*!\261&*\316\277\333\322"
 3807      2F808F93 
 3807      26062A21 
 3807      B1262ACE 
 3807      BFDBD2
 3808 0055 024637DB 		.ascii	"\002F7\333\315\2773\337|\363}\263\323\"\031\240\027"
 3808      CDBF33DF 
 3808      7CF37DB3 
 3808      D32219A0 
 3808      17
 3809 0066 002ED20F 		.ascii	"\000.\322\017l\200-\315g$\230\237\237\257\223%\274\320"
 3809      6C802DCD 
 3809      6724989F 
 3809      9FAF9325 
 3809      BCD0
 3810 0078 FCACED55 		.ascii	"\374\254\355Ut\362\3326|\214F\210\341E\3318\310x\211"
 3810      74F2DA36 
 3810      7C8C4688 
 3810      E145D938 
 3810      C87889
 3811 008b 7281B9B6 		.ascii	"r\201\271\266,\0344S\012\266.\240G\314\220\212m&\332"
 3811      2C1C3453 
 3811      0AB62EA0 
 3811      47CC908A 
 3811      6D26DA
 3812 009e 2235DE39 		.ascii	"\"5\3369+\305\221\227\203\237\314\203\025\353\247\006"
 3812      2BC59197 
 3812      839FCC83 
 3812      15EBA706 
 3813 00ae DE541A67 		.ascii	"\336T\032g\204:\211\311\212j\261b\235\244@\342\272\300"
 3813      843A89C9 
 3813      8A6AB162 
 3813      9DA440E2 
 3813      BAC0
 3814 00c0 B239E7D1 		.ascii	"\2629\347\321\353\235\023\343\310{\302\330\315\000:"
 3814      EB9D13E3 
 3814      C87BC2D8 
 3814      CD003A
 3815 00cf 592CD9CE 		.ascii	"Y,\331\316\260\205u3D9v\2220\223Nl7\254\013s\376r\254"
 3815      B0857533 
 3815      44397692 
 3815      30934E6C 
 3815      37AC0B73 
ARM GAS  C:\Users\angio\AppData\Local\Temp\ccyaVgOo.s 			page 118


 3816 00e6 97731B74 		.ascii	"\227s\033t3\206\367\221j\360\036\342]\004\021\320\316"
 3816      3386F791 
 3816      6AF01EE2 
 3816      5D0411D0 
 3816      CE
 3817 00f7 6718D5AC 		.ascii	"g\030\325\254V<\327\022825\323d\017\326[\005\372A2\032"
 3817      563CD712 
 3817      383235D3 
 3817      640FD65B 
 3817      05FA4132 
 3818 010c 40EBC910 		.ascii	"@\353\311\020\320\343q\350\355\311\300I\276\322\237"
 3818      D0E371E8 
 3818      EDC9C049 
 3818      BED29F
 3819 011b 29A0FD4B 		.ascii	")\240\375K\240W2T\300\001\304>4UJT\243\012\305\210C"
 3819      A0573254 
 3819      C001C43E 
 3819      34554A54 
 3819      A30AC588 
 3820 0130 2808B289 		.ascii	"(\010\262\211 \332rf\262\177\323hC\343v\2420r\013\004"
 3820      20DA7266 
 3820      B27FD368 
 3820      43E376A2 
 3820      30720B04 
 3821 0144 460B3F8F 		.ascii	"F\013?\217\316~\374u\316\3228\306e\023\021o\201\017"
 3821      CE7EFC75 
 3821      CED238C6 
 3821      6513116F 
 3821      810F
 3822 0156 D104A934 		.ascii	"\321\004\2514\224\336\271\2236\014Sp\220D P\033\034"
 3822      94DEB993 
 3822      360C5370 
 3822      90442050 
 3822      1B1C
 3823 0168 8EB71124 		.ascii	"\216\267\021$\221\211\361o]\370o\216\350\364}\005G\027"
 3823      9189F16F 
 3823      5DF86F8E 
 3823      E8F47D05 
 3823      4717
 3824 017a 713C3238 		.ascii	"q<28\010\243\232F(m\0206\012\335\357\373]\303\015\011"
 3824      08A39A46 
 3824      286D1036 
 3824      0ADDEFFB 
 3824      5DC30D09 
 3825 018e 5D49CA41 		.ascii	"]I\312A \202\355=a\177&,i\370D\000H\351\177\020\267"
 3825      2082ED3D 
 3825      617F262C 
 3825      69F84400 
 3825      48E97F10 
 3826 01a3 5E2B61FE 		.ascii	"^+a\376s>\300\303m+&\002\255\357~K+\220\200\262D\017"
 3826      733EC0C3 
 3826      6D2B2602 
 3826      ADEF7E4B 
 3826      2B9080B2 
 3827 01b9 45116355 		.ascii	"E\021cU\021{\321\002$J|V5EdS\305)M\234\322\201\244\332"
 3827      117BD102 
 3827      244A7C56 
ARM GAS  C:\Users\angio\AppData\Local\Temp\ccyaVgOo.s 			page 119


 3827      35456453 
 3827      C5294D9C 
 3828 01d1 45238000 		.ascii	"E#\200\000\023Kl\\\253\3515\310\244\304+\203i<1;p\372"
 3828      134B6C5C 
 3828      ABE935C8 
 3828      A4C42B83 
 3828      693C313B 
 3829 01e7 F14C479F 		.ascii	"\361LG\237L\253\035b6\261;*\362.\316\355\224\034\031"
 3829      4CAB1D62 
 3829      36B13B2A 
 3829      F22ECEED 
 3829      941C19
 3830 01fa B085584A 		.ascii	"\260\205XJl\245Tc\2367\204\022\013!\361\031B\356U\316"
 3830      6CA55463 
 3830      9E378412 
 3830      0B21F119 
 3830      42EE55CE 
 3831 020e 6951ACF8 		.ascii	"iQ\254\370\034;\23011\020-Xr\213\257X\277E\024f\321"
 3831      1C3B9831 
 3831      31102D58 
 3831      728BAF58 
 3831      BF451466 
 3832 0223 90239FFB 		.ascii	"\220#\237\373\375\\\226\314\3255\207\005\"\036\344\247"
 3832      FD5C96CC 
 3832      D5358705 
 3832      221EE4A7 
 3833 0233 AC897DC6 		.ascii	"\254\211}\306\027\"E\322\")!\226N\002\014Ry\211\356"
 3833      172245D2 
 3833      22292196 
 3833      4E020C52 
 3833      7989EE
 3834 0246 D6C11F73 		.ascii	"\326\301\037sC7\305\237)\304\024\302Q\254\241\275\351"
 3834      4337C59F 
 3834      29C414C2 
 3834      51ACA1BD 
 3834      E9
 3835 0257 FBAFFC90 		.ascii	"\373\257\374\220\220G\021\325(S\222\3120\331\356\010"
 3835      904711D5 
 3835      285392CA 
 3835      30D9EE08 
 3836 0267 D5A5E253 		.ascii	"\325\245\342S\214\333LK2\227\272\310\334\270in\3304"
 3836      8CDB4C4B 
 3836      3297BAC8 
 3836      DCB8696E 
 3836      D834
 3837 0279 A72E33B7 		.ascii	"\247.3\267\314\3312\023v\2427\212-K\324\220\211\256"
 3837      CCD93213 
 3837      76A2378A 
 3837      2D4BD490 
 3837      89AE
 3838 028b 8763A609 		.ascii	"\207c\246\011\272\355\020\301\246\256\215!&\371\221"
 3838      BAED10C1 
 3838      A6AE8D21 
 3838      26F991
 3839 029a B86C9D4C 		.ascii	"\270l\235L\00202\344\307\322M\223\370\202\376/\243\373"
 3839      023032E4 
 3839      C7D24D93 
ARM GAS  C:\Users\angio\AppData\Local\Temp\ccyaVgOo.s 			page 120


 3839      F882FE2F 
 3839      A3FB
 3840 02ac 0820BE88 		.ascii	"\010 \276\210\022\033a\220Y\223E\315\342\211\017o+\215"
 3840      121B6190 
 3840      599345CD 
 3840      E2890F6F 
 3840      2B8D
 3841 02be 4C806122 		.ascii	"L\200a\"C\\\220_\270\271\242\260\272fOM\231\357\310"
 3841      435C905F 
 3841      B8B9A2B0 
 3841      BA664F4D 
 3841      99EFC8
 3842 02d1 DE1A4F45 		.ascii	"\336\032OE\255\307\273_?\\\345\326*\217\350\232\267"
 3842      ADC7BB5F 
 3842      3F5CE5D6 
 3842      2A8FE89A 
 3842      B7
 3843 02e2 A2B43CA7 		.ascii	"\242\264<\247\254\274d\303\372m\256\002WiQ\316\216]"
 3843      ACBC64C3 
 3843      FA6DAE02 
 3843      576951CE 
 3843      8E5D
 3844 02f4 85C5453B 		.ascii	"\205\305E;\363]\260\306\341p\322\355\026\225\036}}^"
 3844      F35DB0C6 
 3844      E170D2ED 
 3844      16951E7D 
 3844      7D5E
 3845 0306 5E9ED3A3 		.ascii	"^\236\323\243;\275>\247\356uST?\246;\334\240\272\217"
 3845      3BBD3EA7 
 3845      EE755354 
 3845      3FA63BDC 
 3845      A0BA8F
 3846 0319 B90F68FA 		.ascii	"\271\017h\372\252\330\273C\333\230\353\312\325\264*"
 3846      AAD8BB43 
 3846      DB98EBCA 
 3846      D5B42A
 3847 0328 60DAA1BD 		.ascii	"`\332\241\275\212\356\253\362\372\012\376\312\343\366"
 3847      8AEEABF2 
 3847      FA0AFECA 
 3847      E3F6
 3848 0336 1C3CE839 		.ascii	"\034<\3509\344<\354\361\372t\347\326\322\222\243\005"
 3848      E43CECF1 
 3848      FA74E7D6 
 3848      D292A305 
 3849 0346 3925395B 		.ascii	"9%9[\213\313\011\347\366x5G5\374\001K\304\331\015"
 3849      8BCB09E7 
 3849      F6783547 
 3849      35FC014B 
 3849      C4D90D
 3850              		.text
 3851              		.section	.gnu.lto_.symbol_nodes.1f2b66e5,"e",%progbits
 3852 0000 789C7D93 		.ascii	"x\234}\223YN\303@\014\206\355\337I\033ZHB\331\312\""
 3852      594EC340 
 3852      0C86EDDF 
 3852      491B5A48 
 3852      42D9CA22 
 3853 0014 F1C00510 		.ascii	"\361\300\005\020G\200\243p\020'\252\004\257\334\201"
ARM GAS  C:\Users\angio\AppData\Local\Temp\ccyaVgOo.s 			page 121


 3853      4780A370 
 3853      1027AA04 
 3853      AFDC81
 3854 0023 6320D6BE 		.ascii	"c \326\276\227}\337\211\004\307\200\026*a\204\306\363"
 3854      977DDF89 
 3854      04C78016 
 3854      2A6184C6 
 3854      F3
 3855 0034 667D9FC7 		.ascii	"f}\237\307\243\231\371W\"\"\302>+}\016\327\"o\365\210"
 3855      A399F957 
 3855      2222C23E 
 3855      2B7D0ED7 
 3855      226FF588 
 3856 0048 9468B728 		.ascii	"\224h\267(\313eb\032,\034\260\262o\034\262\3027\216"
 3856      CB65621A 
 3856      2C1CB0B2 
 3856      6F1CB2C2 
 3856      378E
 3857 005a 58C53776 		.ascii	"X\3057vX#\337\350Ac\3378\207\326\376\031{e\311C!>\006"
 3857      5823DFE8 
 3857      4163DF38 
 3857      87D6FE19 
 3857      7B65C943 
 3858 0071 6DAE0ECC 		.ascii	"m\256\016\314\013h\3355O\300\337f|\006\374\264\\B\023"
 3858      0B68DD35 
 3858      4FC0DF66 
 3858      7C06FCB4 
 3858      5C4213
 3859 0084 AF0557D0 		.ascii	"\257\005W\320\021W\270\2066\\\341\006\332t\205[\350"
 3859      1157B886 
 3859      365CE106 
 3859      DA74855B 
 3859      E8
 3860 0095 A82BDC41 		.ascii	"\250+\334A\307\\\341\036\232\272\302\0034so\346\024"
 3860      C75CE11E 
 3860      9ABAC203 
 3860      34736FE6 
 3860      14
 3861 00a6 B2D1BF10 		.ascii	"\262\321\277\020\341\027h\376\327$*\212b\240\3613t<"
 3861      E11768FE 
 3861      D7242A8A 
 3861      62A0F133 
 3861      743C
 3862 00b8 C49EA0AD 		.ascii	"\304\236\240\255\020\253\240\023!\366\006\235\014\261"
 3862      10ABA013 
 3862      21F6069D 
 3862      0CB1
 3863 00c6 57E85488 		.ascii	"W\350T\210=B\247C\354\035:\023b\037\320v\200Idv\\\223"
 3863      3D42A743 
 3863      EC1D3A13 
 3863      621FD076 
 3863      80496476 
 3864 00dc C8CCDE66 		.ascii	"\310\314\336f\211\3141\273,\361\354o\271$q\333v\306"
 3864      89CC31BB 
 3864      2CF1EC6F 
 3864      B92471DB 
 3864      76C6
ARM GAS  C:\Users\angio\AppData\Local\Temp\ccyaVgOo.s 			page 122


 3865 00ee 66FABA24 		.ascii	"f\372\272$&\001\025Kb\276{\247&\311\234\231\322/M(\253"
 3865      2601154B 
 3865      62BE7BA7 
 3865      26C99C99 
 3865      D22F4D28 
 3866 0103 9AA4F376 		.ascii	"\232\244\363vJf\362\330M%3\021\257R\311M\026\273\015"
 3866      4A66F2D8 
 3866      4D253311 
 3866      AF52C94D 
 3866      16BB0D
 3867 0116 C9170CED 		.ascii	"\311\027\014\355\227f\343NSZ\346!;u\372\002\240\354"
 3867      9766E34E 
 3867      535AE621 
 3867      3B75FA02 
 3867      A0EC
 3868 0128 E166     		.ascii	"\341f"
 3869              		.text
 3870              		.section	.gnu.lto_.refs.1f2b66e5,"e",%progbits
 3871 0000 789C1D8A 		.ascii	"x\234\035\212A\012\3000\020\002G\013\331n\232\234\372"
 3871      410AC030 
 3871      1002470B 
 3871      D96E9A9C 
 3871      FA
 3872 0011 9EFEFF5B 		.ascii	"\236\376\377[\225 \214\014\372\001\032\224\030\267B"
 3872      95208C0C 
 3872      FA011A94 
 3872      18B742
 3873 0020 D585AB70 		.ascii	"\325\205\253p7\236\035\237i\277\311\243\366\331\265"
 3873      379E1D9F 
 3873      69BFC9A3 
 3873      F6D9B5
 3874 002f E83CB743 		.ascii	"\350<\267C~.\271\001E"
 3874      7E2EB901 
 3874      45
 3875              		.text
 3876              		.section	.gnu.lto_.decls.1f2b66e5,"e",%progbits
 3877 0000 789CAD7B 		.ascii	"x\234\255{\011T\024\327\236w\375\353V\321M\263\031A"
 3877      095414D7 
 3877      9E77FDEB 
 3877      56D14DB3 
 3877      1941
 3878 0012 13E34CC6 		.ascii	"\023\343L\306y\237\371\342\2337\211\270\304\274Y\276"
 3878      799FF9E2 
 3878      9B3789B8 
 3878      C4BC59BE 
 3879 0022 9924C6BC 		.ascii	"\231$\306\274\347y1q\300L\222\231wN\017\201\026\371"
 3879      E7793171 
 3879      C04C9299 
 3879      774E0F81 
 3879      16F9
 3880 0034 C2F6BA1B 		.ascii	"\302\366\272\033\215\3379s\246\021\005\025\027\024w"
 3880      8DDF3973 
 3880      A6110515 
 3880      171477
 3881 0043 505054DC 		.ascii	"PPT\334\305\035A\026Q\001wT\3347pE@\005A\005\334\276"
 3881      C51D4116 
 3881      51017754 
ARM GAS  C:\Users\angio\AppData\Local\Temp\ccyaVgOo.s 			page 123


 3881      DC377045 
 3881      40054105 
 3882 0059 FFBDB7BA 		.ascii	"\377\275\267\272\252\272\253\2358s\246\217\177\252\253"
 3882      AABAAB9D 
 3882      3873A68F 
 3882      7FAAAB
 3883 0068 EAF7DFFF 		.ascii	"\352\367\337\377\367\177\357\255j\007\214\020\204M\001"
 3883      F77FEFAD 
 3883      6A078C10 
 3883      844D01
 3884 0077 8230DD4F 		.ascii	"\2020\335O\020^\341\247\267 \010\247\004\355\323\017"
 3884      105EE1A7 
 3884      B72008A7 
 3884      04EDD30F 
 3885 0087 691F5239 		.ascii	"i\037R9R%R\025\3221\244\023H\347\221.\"\335DjA\352@"
 3885      52255215 
 3885      D231A413 
 3885      48E7912E 
 3885      22DD446A 
 3886 009e 7A8CF49C 		.ascii	"z\214\364\2342\202 \230\221\002\221\372\"\365C\352\217"
 3886      32822098 
 3886      910291FA 
 3886      22F543EA 
 3886      8F
 3887 00af F4E7487F 		.ascii	"\364\347H\177\201\364\227H\341HC\221\206#I\310\362\271"
 3887      81F49748 
 3887      E1484391 
 3887      862349C8 
 3887      F2B9
 3888 00c1 28085F20 		.ascii	"(\010_ E\"\375\213(x|\226RYx\234\200Dm\014C\372W\304"
 3888      4522FD8B 
 3888      28787C96 
 3888      5259789C 
 3888      80446D0C 
 3889 00d9 FC84F403 		.ascii	"\374\204\364\003~\377\000\351\357\360;A\\<\036\023\220"
 3889      7EFF00E9 
 3889      EFF03B41 
 3889      5C3C1E13 
 3889      90
 3890 00ea FAE0772A 		.ascii	"\372\340w*\346o\360O\254\310uP\333\373+\366P\273\274"
 3890      E66FF04F 
 3890      ACC87550 
 3890      DBFB2BF6 
 3890      50BBBC
 3891 00fd 3F93F19A 		.ascii	"?\223\361\232\237\227\236<\274\226\204\374N\305&\242"
 3891      9F979E3C 
 3891      BC9684FC 
 3891      4EC526A2 
 3892 010d C4E4FFE1 		.ascii	"\304\344\377\341\371\277\213F\031\377\376\2062\312\025"
 3892      F9BF8B46 
 3892      19FFFE86 
 3892      32CA15
 3893 011c 192E9185 		.ascii	"\031.\221\205K\310\360\222\225\372\006r$%/n[f\372\260"
 3893      4BC8F092 
 3893      95FA0672 
 3893      24252F6E 
 3893      5B66FAB0 
ARM GAS  C:\Users\angio\AppData\Local\Temp\ccyaVgOo.s 			page 124


 3894 0130 67DA1BCA 		.ascii	"g\332\033\312\251\322\3313\333\207\234\345\300\355\246"
 3894      A9D2D933 
 3894      DB879CE5 
 3894      C0EDA6
 3895 013f 72E6E0FD 		.ascii	"r\346\340\375RA\343\245\365\360\227Jn\377\334G\\\013"
 3895      5241E3A5 
 3895      F5F0974A 
 3895      6EFFDC47 
 3895      5C0B
 3896 0151 256E03D5 		.ascii	"%n\003\325?\027y\347!&\033\217\013\220\"\220d\274\376"
 3896      3F1779E7 
 3896      21261B8F 
 3896      0B902290 
 3896      64BCFE
 3897 0164 4F781C8B 		.ascii	"Ox\034\2134\006\351k\244o\024\033\2508\357z\330\012"
 3897      3406E96B 
 3897      A46F141B 
 3897      A838EF7A 
 3897      D80A
 3898 0176 9C87DA52 		.ascii	"\234\207\332R\217t\032i!b>Sb\371\367\312\361\274\302"
 3898      8F741A69 
 3898      21623E53 
 3898      62F9F7CA 
 3898      F1BCC2
 3899 0189 FFB917FF 		.ascii	"\377\271\027\377\016\340q\320\307\344\007\235\014*s"
 3899      0EE071D0 
 3899      C7E4079D 
 3899      0C2A73
 3900 0198 041E3F46 		.ascii	"\004\036?FZ$\362\332\242\365vT\347\373b<\016GZ\242\370"
 3900      5A24F2DA 
 3900      A2F57654 
 3900      E7FB623C 
 3900      0E475AA2 
 3901 01ad 3058890F 		.ascii	"0X\211\017\325\375\017H\377\250\370E\307\210{\314\320"
 3901      D5FD0F48 
 3901      FFA8F845 
 3901      C7887BCC 
 3901      D0
 3902 01be 9AA77927 		.ascii	"\232\247y'\202g\275\353?5>j\275A\340\271\372X\321\371"
 3902      8267BDEB 
 3902      3F353E6A 
 3902      BD41E0B9 
 3902      FA58D1F9 
 3903 01d2 5748FF5B 		.ascii	"WH\377[\364\264\227\312\034\206\337?\020\271\015\364"
 3903      F4B497CA 
 3903      1C86DF3F 
 3903      10B90DF4 
 3904 01e2 9C8ECD1C 		.ascii	"\234\216\315\034\374\276B\344c\201\352\363\216\305y"
 3904      FCBE42E4 
 3904      6381EAF3 
 3904      8EC579
 3905 01f1 D4E7AFD3 		.ascii	"\324\347\257\323\225\247\3233\200\372\214\367\363En"
 3905      95A7D333 
 3905      80FA8CF7 
 3905      F3456E
 3906 0200 0F95F911 		.ascii	"\017\225\371\021~\177\017\3510\360\330\322\261OE\256"
 3906      7E7F0FE9 
ARM GAS  C:\Users\angio\AppData\Local\Temp\ccyaVgOo.s 			page 125


 3906      30F0D8D2 
 3906      B14F45AE 
 3907 0210 55FCD17F 		.ascii	"U\374\321\177\356\002\227\333\356\025\347u\212\016*"
 3907      EE0297DB 
 3907      EE15E775 
 3907      8A0E2A
 3908 021f 773DD206 		.ascii	"w=\322\006E\037\255\021\267\316\267\361\030\204\324"
 3908      451FAD11 
 3908      B7CEB7F1 
 3908      1884D4
 3909 022e 83DF7F00 		.ascii	"\203\337\177\000\256?P\247\237\306\211\3320\030\277"
 3909      AE3F50A7 
 3909      9FC689DA 
 3909      3018BF
 3910 023d F7460A44 		.ascii	"\367F\012D\012@\372\015R\027^\377\036\351;\305\306\016"
 3910      0A40FA0D 
 3910      52175EFF 
 3910      1EE93BC5 
 3910      C60E
 3911 024f A50EBCED 		.ascii	"\245\016\274\355kyMMS\030\355eC}\324r7^\263\350\374"
 3911      6B794D4D 
 3911      5318ED65 
 3911      437DD472 
 3911      375EB3E8 
 3912 0264 E911F878 		.ascii	"\351\021\370x\242>\322>\224-\032\345\231\005\336\027"
 3912      A23ED23E 
 3912      942D1AE5 
 3912      9905DE17 
 3913 0274 B7E0B5ED 		.ascii	"\267\340\265\355H\273\220\212\221\312D>~\367\031\325"
 3913      48BB908A 
 3913      91CA443E 
 3913      7EF719D5 
 3914 0284 0820723D 		.ascii	"\010 r=\372:\360\245K\257\307$pG\335z\250|:\256\207"
 3914      FA3AF0A5 
 3914      4BAFC724 
 3914      7047DD7A 
 3914      A87C3AAE 
 3915 0299 2B75E7FD 		.ascii	"+u\347\375yK\211\271>?\264\207~\240\350U\304\261^\356"
 3915      794B89B9 
 3915      3E3FB487 
 3915      7EA0E855 
 3915      C4B15EEE 
 3916 02ad FDE947E3 		.ascii	"\375\351G\343\355e\237\233\227\312\353\304\373\035H"
 3916      ED659F9B 
 3916      97CAEBC4 
 3916      FB1D48
 3917 02bc 15488F91 		.ascii	"\025H\217\221LJ..+\265I\347\206n\321\267\354\034\"\336"
 3917      4C4A2E2E 
 3917      2BB549E7 
 3917      866ED1B7 
 3917      EC1C22DE 
 3918 02d0 AEBF5663 		.ascii	"\256\277Vc\271\315\357I1\000pa\004\376\261\010\377B"
 3918      B9CDEF49 
 3918      31007061 
 3918      04FEB108 
 3918      FF42
 3919 02e2 843097E8 		.ascii	"\2040\227\350\022\375b\210h!\026\022c\251\205\367\006"
ARM GAS  C:\Users\angio\AppData\Local\Temp\ccyaVgOo.s 			page 126


 3919      12FD6288 
 3919      68211612 
 3919      63A985F7 
 3919      06
 3920 02f3 75924FCD 		.ascii	"u\222O\315\342\240\020\213y\335\001\350e\221\315\242"
 3920      E2A0108B 
 3920      79DD01E8 
 3920      6591CDA2 
 3921 0303 D8648AB1 		.ascii	"\330d\212\261\014\352\201Mb\276\337\200O]R\314\254>"
 3921      0CEA814D 
 3921      62BEDF80 
 3921      4F5D52CC 
 3921      AC3E
 3922 0315 4D269798 		.ascii	"M&\227\230\365u\330\260O\361o\223\251\026b\220k\254"
 3922      F575D8B0 
 3922      4FF16F93 
 3922      A9166290 
 3922      6BAC
 3923 0327 64EE85DF 		.ascii	"d\356\205\337\232L\226N\222?\333/\346\2708\375\003\250"
 3923      9A4C964E 
 3923      923FDB2F 
 3923      E6B838FD 
 3923      03A8
 3924 0339 054BCCD0 		.ascii	"\005K\314\3200\227\313\365\251\331\374^H\025\251\"_"
 3924      3097CBF5 
 3924      A9D9FC5E 
 3924      4815A922 
 3924      5F
 3925 034a A299E6A2 		.ascii	"\242\231\346\242-},M\246\020\0241(f@\257\230\001!\265"
 3925      2D7D2C4D 
 3925      A6101431 
 3925      286640AF 
 3925      980121B5 
 3926 035e 20C7C458 		.ascii	" \307\304X\302\006\011hD\314\320\241\237\212\026\224"
 3926      C2060968 
 3926      44CCD0A1 
 3926      9F8A1694 
 3927 036e 2C996B61 		.ascii	",\231ka(\201\300\241\256\306\226\267-\262\305\377\275"
 3927      2881C0A1 
 3927      AEC696B7 
 3927      2DB2C5FF 
 3927      BD
 3928 037f 01830421 		.ascii	"\001\203\004!F\370RD\271\344\225\373\003&\324\031\243"
 3928      46F85244 
 3928      B9E495FB 
 3928      0326D419 
 3928      A3
 3929 0390 9D020CB2 		.ascii	"\235\002\014\262\210CE\362\207&\314\241(\016\300>,\231"
 3929      884345F2 
 3929      8726CCA1 
 3929      280EC03E 
 3929      2C99
 3930 03a2 0303C185 		.ascii	"\003\003\301\205\007\177\353\037b\306\016\265\010M&"
 3930      077FEB1F 
 3930      62C60EB5 
 3930      084D26
 3931 03b1 116F8549 		.ascii	"\021o\205I\340\022A\343\264\370aX\265^\011\202G<\351"
ARM GAS  C:\Users\angio\AppData\Local\Temp\ccyaVgOo.s 			page 127


 3931      E01241E3 
 3931      B4F86158 
 3931      B55E0982 
 3931      473CE9
 3932 03c4 898615B4 		.ascii	"\211\206\025\264\373\"\270os\234!\013<]\300I\324]\365"
 3932      FB22B86F 
 3932      739C210B 
 3932      3C5DC049 
 3932      D45DF5
 3933 03d7 60D30907 		.ascii	"`\323\011\007/v\240\037\372W\317\240\331\250\352\027"
 3933      2F76A01F 
 3933      FA57CFA0 
 3933      D9A8EA17 
 3934 03e7 55B34083 		.ascii	"U\263@\203x\031\316\244\200\333 \343\207\270\313f\177"
 3934      7819CEA4 
 3934      80DB20E3 
 3934      87B8CB66 
 3934      7F
 3935 03f8 F6E50CF9 		.ascii	"\366\345\014\371\016\206\315\265$\014\372d}*\000\351"
 3935      0E86CDB5 
 3935      240CFA64 
 3935      7D2A00E9 
 3936 0408 2F90F785 		.ascii	"/\220\367\205\301.\366Y5^\200=\\BD\300|\002\275A\304"
 3936      C12EF659 
 3936      355E803D 
 3936      5C4244C0 
 3936      7C02BD41 
 3937 041d BF61D00B 		.ascii	"\277a\320\013Y3J\347\034\265\274\215\240V\227+\014&"
 3937      59334AE7 
 3937      1CB5BC8D 
 3937      A056972B 
 3937      0C26
 3938 042f 4009C05E 		.ascii	"@\011\300^\252\260\024\365&\011\302\257\262\262\\]K"
 3938      AAB014F5 
 3938      2609C2AF 
 3938      B2B25C5D 
 3938      4B
 3939 0440 6BAEDEF8 		.ascii	"k\256\336\370M\365\264\014W\035\342\262\200\336\204"
 3939      4DF5B40C 
 3939      571DE2B2 
 3939      80DE84
 3940 044f DD00C5DC 		.ascii	"\335\000\305\334\231\335xa\027\300N\210\350\350G\016"
 3940      99DD7861 
 3940      17C04E88 
 3940      E8E8470E 
 3941 045f 0263293A 		.ascii	"\002c):>;\303\325k\212\313U)Qp\231\012.S\3015\375H\235"
 3941      3E3BC3D5 
 3941      6B8ACB55 
 3941      29517099 
 3941      0A2E53C1 
 3942 0477 02CE9CAB 		.ascii	"\002\316\234\253\007W\250\340\012\025\\\336\2174*\340"
 3942      0757A8E0 
 3942      0A155CDE 
 3942      8F342AE0 
 3943 0487 BD1EE0FD 		.ascii	"\275\036\340\375*x\277\012\336\325\217t\202\300\374"
 3943      2A78BF0A 
 3943      DED58F74 
ARM GAS  C:\Users\angio\AppData\Local\Temp\ccyaVgOo.s 			page 128


 3943      82C0FC
 3944 0496 94989F03 		.ascii	"\224\230\237\003\320\317\313\323\266\315\201P\036\217"
 3944      D0CFCBD3 
 3944      B6CD8150 
 3944      1E8F
 3945 04a4 4A259FD5 		.ascii	"J%\237\325\0123\231'\322(\346\334\330\324\023\342\001"
 3945      0A339927 
 3945      D228E6DC 
 3945      D8D413E2 
 3945      01
 3946 04b5 811A5041 		.ascii	"\201\032PA\010(\253\334\334n\011\254t\271\332\\\371"
 3946      0828ABDC 
 3946      DC6E09AC 
 3946      74B9DA5C 
 3946      F9
 3947 04c6 55125636 		.ascii	"U\022V6\034\0028H\243E[2\002j\253\037\3354\321\245\001"
 3947      1C023848 
 3947      A3455B32 
 3947      026AAB1F 
 3947      DD34D1A5 
 3948 04db 5E8024BC 		.ascii	"^\200$\274\260\354\360\272\227A>\242\213\255\036\216"
 3948      B0ECF0BA 
 3948      97413EA2 
 3948      8BAD1E8E 
 3949 04eb 000F6FF1 		.ascii	"\000\017o\361\202\354\207i&\327:D\375\036o\300\001\325"
 3949      82EC8769 
 3949      26D73A44 
 3949      FD1E6FC0 
 3949      01D5
 3950 04fd A503AA4B 		.ascii	"\245\003\252K\317\373\221#\"G_[\324\235\341Fc\000\216"
 3950      CFFB9123 
 3950      22475F5B 
 3950      D49DE146 
 3950      63008E
 3951 0510 ABE8E32A 		.ascii	"\253\350\343*zs?\222Fh\000\376\014^\001;P\343\366\254"
 3951      7A733F92 
 3951      466800FE 
 3951      0C5E013B 
 3951      50E3F6AC 
 3952 0524 7A566D31 		.ascii	"zVm1\243\365M\323\033\320=\030\006\341\310u\232\362"
 3952      A3F54DD3 
 3952      1BD03D18 
 3952      06E1C875 
 3952      9AF2
 3953 0536 C329803A 		.ascii	"\303)\200: K\010\305\325\3159w-\330\013\007g@\217D\324"
 3953      204B08C5 
 3953      D5CD3977 
 3953      2DD80B07 
 3953      67408F44 
 3954 054b ADE52FDB 		.ascii	"\255\345/\333\374\230\253\365\334\325#=\363\267H>\\"
 3954      FC98ABF5 
 3954      DCD5233D 
 3954      F3B7483E 
 3954      5C
 3955 055c 3D8722CE 		.ascii	"=\207\"\316\362\360\\\3568\375\330\374\253%XQ+rV\034"
 3955      F2F05CEE 
 3955      38FDD8FC 
ARM GAS  C:\Users\angio\AppData\Local\Temp\ccyaVgOo.s 			page 129


 3955      AB255851 
 3955      2B72561C 
 3956 0570 825C5725 		.ascii	"\202\\W%\346\321%!\004N\252n\234T\335X\320\217\034c"
 3956      E6D12521 
 3956      044EAA6E 
 3956      9C54DD58 
 3956      D08F1C63 
 3957 0584 16752CEB 		.ascii	"\026u,\353Xe\241|E\025\323x\362],\371\027T\246\013*"
 3957      5865A17C 
 3957      4515D378 
 3957      F25D2CF9 
 3957      1754A60B 
 3958 0599 D38B77C8 		.ascii	"\323\213w\3109\"\220\006\312\350\367\242\376l\235\311"
 3958      39229006 
 3958      CAE8F7A2 
 3958      FE6C9DC9 
 3959 05a9 D21F00FF 		.ascii	"\322\037\000\377Q\207\\U\251Dq\3502\300\025d\272\012"
 3959      51875C55 
 3959      A94471E8 
 3959      32C01564 
 3959      BA0A
 3960 05bb 700D44FC 		.ascii	"p\015D\374\212B\237\377\005\036Q]\376\313\272\365\001"
 3960      8A429FFF 
 3960      051E515D 
 3960      FECBBAF5 
 3960      01
 3961 05cc 168AAFF4 		.ascii	"\026\212\257\364\215G\314\365\345y\363\002\265R\270"
 3961      8D47CCF5 
 3961      E579F302 
 3961      B552B8
 3962 05db AE954203 		.ascii	"\256\225B\003\367\265\372|\365V\177\026\237\006\036"
 3962      F7B5FA7C 
 3962      F5567F16 
 3962      9F061E
 3963 05ea 9F3D0FB7 		.ascii	"\237=\017\267\225\006\372\210\317\015\224\332\310y\362"
 3963      9506FA88 
 3963      CF0D94DA 
 3963      C879F2
 3964 05f9 9F4E6BE3 		.ascii	"\237Nk\343~\256\317P\375\274\001pI\365\363\222\352\347"
 3964      7EAECF50 
 3964      FDBC0170 
 3964      49F5F392 
 3964      EAE7
 3965 060b AD77C86D 		.ascii	"\255w\310m\364\263\233\005hj\306\322\303\242g\345\336"
 3965      F4B39B05 
 3965      686AC6D2 
 3965      C3A267E5 
 3965      DE
 3966 061c 06B8E32E 		.ascii	"\006\270\343.\3574\211\201\036\347=\221=Aw5\020\002"
 3966      EF348981 
 3966      1EE73D91 
 3966      3D417735 
 3966      1002
 3967 062e CE2D5DBA 		.ascii	"\316-]\272U\324|j\322|\272\307\355\253yZ\267W\353\025"
 3967      55D47C6A 
 3967      D27CBAC7 
 3967      EDAB795A 
ARM GAS  C:\Users\angio\AppData\Local\Temp\ccyaVgOo.s 			page 130


 3967      B757EB15 
 3968 0642 F740F5A1 		.ascii	"\367@\365\241\2317\013\204\254}p{\007s\241\255\353n"
 3968      99370B84 
 3968      AC7D707B 
 3968      0773A1AD 
 3968      EB6E
 3969 0654 7A30ED17 		.ascii	"z0\355\027.\300\333pKu\341\226\352\302\206w\310,f\331"
 3969      2EC0DB70 
 3969      4B75E196 
 3969      EAC28677 
 3969      C82C66D9 
 3970 0668 A3FC65B5 		.ascii	"\243\374e\2652\213\325\017\220DV\322k~%3w\026H<s\376"
 3970      328BD50F 
 3970      904456D2 
 3970      6B7E2533 
 3970      7716483C 
 3971 067e 22B4D3FC 		.ascii	"\"\264\323\374Hx`Y\234\032\250$\345\001\340%\001\036"
 3971      48786059 
 3971      9C1AA824 
 3971      E501E025 
 3971      011E
 3972 0690 02B4D1A4 		.ascii	"\002\264\321\244\334\331\271\370\205V\202\355\232}\217"
 3972      DCD9B9F8 
 3972      855682ED 
 3972      9A7D8F
 3973 069f 10749FFB 		.ascii	"\020t\237\373\220>\273`\245\310\014,>\374':\212>\305"
 3973      903EBB60 
 3973      A5C80C2C 
 3973      3EFC273A 
 3973      8A3EC5
 3974 06b2 BBD0AA9A 		.ascii	"\273\320\252\232\327\252\232\267\375mR\310\314\233\331"
 3974      D7AA9AB7 
 3974      FD6D52C8 
 3974      CC9BD9
 3975 06c1 B07C372B 		.ascii	"\260|7+\333\242\231\263\365\345\327\2512u\252L\353\337"
 3975      DBA299B3 
 3975      F5E5D7A9 
 3975      3275AA4C 
 3975      EBDF
 3976 06d3 2625121D 		.ascii	"&%\022\035z\037\260\311*\204}\023\310)&\350j\313\325"
 3976      7A1FB0C9 
 3976      2A847D13 
 3976      C82926E8 
 3976      6ACBD5
 3977 06e6 F9411616 		.ascii	"\371A\026\026\340\312\251\376\202\022^\350\006\304\340"
 3977      E0CAA9FE 
 3977      82125EE8 
 3977      06C4E0
 3978 06f5 D0EA0278 		.ascii	"\320\352\002xJ\335\230\371\250&UV\335\350\321\334x\246"
 3978      4ADD98F9 
 3978      A8265556 
 3978      DDE8D1DC 
 3978      78A6
 3979 0707 86F9EEF2 		.ascii	"\206\371\356\362\216[2\363\342\330q5\314\317\000\236"
 3979      8E5B32F3 
 3979      E2D87135 
 3979      CCCF009E 
ARM GAS  C:\Users\angio\AppData\Local\Temp\ccyaVgOo.s 			page 131


 3980 0717 A8263D51 		.ascii	"\250&=QM\232\3716\271\304\324w\334*\236\031\300\302"
 3980      4D9AF936 
 3980      B9C4D477 
 3980      DC2A9E19 
 3980      C0C2
 3981 0729 DCC34BB2 		.ascii	"\334\303K\262\270\356i\225\331GI\342\224\011/y\270\272"
 3981      B8EE6995 
 3981      D94749E2 
 3981      94092F79 
 3981      B8BA
 3982 073b 6AF6BD0A 		.ascii	"j\366\275\012f\212\236\035W\302\205\363\322\013U\315"
 3982      668A9E1D 
 3982      57C285F3 
 3982      D20B55CD 
 3983 074b 0B55CDC3 		.ascii	"\013U\315\303\276\344\201$\220\2512e;\275\375@\224\321"
 3983      BEE48124 
 3983      90A93265 
 3983      3BBDFD40 
 3983      94D1
 3984 075d D129A2A7 		.ascii	"\321)\242\247\243S\037\024\256\024\231Ai\"3\350Az\303"
 3984      A3531F14 
 3984      AE149941 
 3984      692233E8 
 3984      417AC3
 3985 0770 4A705F98 		.ascii	"Jp_\230*\342\225i\317j3\203\334W\246\321+\327gm\271"
 3985      2AE29569 
 3985      CF6A3383 
 3985      DC57A6D1 
 3985      2BD7676D 
 3986 0785 12E02BC9 		.ascii	"\022\340+\311\270\225\204t\221Y\335zl\377&\3022V:W\315"
 3986      B8958474 
 3986      9159DD7A 
 3986      6CFF26C2 
 3986      32563A57 
 3987 079a 588608A9 		.ascii	"X\206\010\251\242\333\356T\321m\367\356\276d\026\263"
 3987      A2DBEE54 
 3987      D16DF7EE 
 3987      BE6416B3 
 3988 07aa D9604D49 		.ascii	"\331`MI\346\2612\331Gx2\221w&W\364jy\371!\211)\272\242"
 3988      E6B132D9 
 3988      47783291 
 3988      772657F4 
 3988      6A79F921 
 3989 07c2 29CA1461 		.ascii	")\312\024a\206\252h\206\252(\265/Y!"
 3989      86AA6886 
 3989      AA28B52F 
 3989      5921
 3990 07d0 0B640753 		.ascii	"\013d\007S\266\250\24227\004\225\301\034.\310\327\364"
 3990      B6A8A232 
 3990      370495C1 
 3990      1C2EC8D7 
 3990      F4
 3991 07e1 94A50821 		.ascii	"\224\245\010!\373\030K[y\353S\311s\374\316\023U\020"
 3991      FB184B5B 
 3991      79EB53C9 
 3991      73FCCE13 
 3991      5510
ARM GAS  C:\Users\angio\AppData\Local\Temp\ccyaVgOo.s 			page 132


 3992 07f3 028E6F6F 		.ascii	"\002\216oo_\013\332\370\235/\252\3437\233+9r\271\376"
 3992      5F0BDAF8 
 3992      9D2FAAE3 
 3992      379B2B39 
 3992      72B9FE
 3993 0806 BE857998 		.ascii	"\276\205y\230\315=<\361\344e\226\277\017\017q\207\005"
 3993      CD3D3CF1 
 3993      E46596BF 
 3993      0F0F7187 
 3993      05
 3994 0817 0B38CFEA 		.ascii	"\0138\317\352\362\025k\261\000\\\256\256\005\331\307"
 3994      F2156BB1 
 3994      005CAEAE 
 3994      05D9C7
 3995 0826 0A2CB9AE 		.ascii	"\012,\271\256\252)X\003\013E\230\315\025\003\356l\201"
 3995      AA295803 
 3995      0B4598CD 
 3995      1503EE6C 
 3995      81
 3996 0837 EF9CC949 		.ascii	"\357\234\311I\237\256\265<\257\317\014\244\022\212\216"
 3996      9FAEB53C 
 3996      AFCF0CA4 
 3996      128A8E
 3997 0846 A66554F6 		.ascii	"\246eT\366R\330\027+\354\270\221\204\305\234\3756c_"
 3997      52D8172B 
 3997      ECB89184 
 3997      C59CFD36 
 3997      635F
 3998 0858 9D75A050 		.ascii	"\235u\240P\242\360\266#i\351s\\0\226\242\227\251\361"
 3998      A2F0B623 
 3998      69E9735C 
 3998      3096A297 
 3998      A9F1
 3999 086a 5CC6B19D 		.ascii	"\\\306\261\235\014\273\366\341\232W\314\270\342E\217"
 3999      0CBBF6E1 
 3999      9A57CCB8 
 3999      E2458F
 4000 0879 2AF7E284 		.ascii	"*\367\342\204R%\322\201\231\253\242s9z\207\037E\037"
 4000      5225D281 
 4000      99ABA273 
 4000      397A871F 
 4000      451F
 4001 088b 3E3F758E 		.ascii	">?u\216\314\320/;\352\376\321\015^\241\202Wpp\033\003"
 4001      CCD02F3B 
 4001      EAFED10D 
 4001      5EA18257 
 4001      70701B03 
 4002 089f 9F7CB6F7 		.ascii	"\237|\266\367)\007w=-R\301\371*8\237\2037\231\004\262"
 4002      2907773D 
 4002      2D52C1F9 
 4002      2A389F83 
 4002      379904B2 
 4003 08b3 DF44192E 		.ascii	"\337D\031.,:\223\353\231A(\020a\265;\207\347\031\350"
 4003      2C3A93EB 
 4003      99412810 
 4003      61B53B87 
 4003      E719E8
ARM GAS  C:\Users\angio\AppData\Local\Temp\ccyaVgOo.s 			page 133


 4004 08c6 E0CE2DFD 		.ascii	"\340\316-\375\030\246\322\215Y\243a\360\376\232}\327"
 4004      18A6D28D 
 4004      59A361F0 
 4004      FE9A7DD7 
 4005 08d6 B6876829 		.ascii	"\266\207h)\\\253\245\260\220\007\363\345\302y+x\012"
 4005      5CABA5B0 
 4005      9007F3E5 
 4005      C2792B78 
 4005      0A
 4006 08e7 0B3185A4 		.ascii	"\0131\205\244\225I\335\264{\326j\257\312X/\302\006\267"
 4006      9549DDB4 
 4006      7BD66AAF 
 4006      CA582FC2 
 4006      06B7
 4007 08f9 EA670C94 		.ascii	"\352g\014\224\177\240\364\004\361\004m\324@\010\310"
 4007      7FA0F404 
 4007      F1046DD4 
 4007      4008C8
 4008 0908 BA725FD2 		.ascii	"\272r_\322To\322To\346\252\213O\225\227\360\301\271"
 4008      546FD254 
 4008      6FE6AA8B 
 4008      4F9597F0 
 4008      C1B9
 4009 091a 59847574 		.ascii	"Y\204ut(\326\027v\264\372Z\335l\305\234n\341L\267:\366"
 4009      28D61776 
 4009      B4FA5ADD 
 4009      6CC59C6E 
 4009      E14CB73A 
 4010 092f 9F145918 		.ascii	"\237\024Y\030\267\257\2327\214\205q\253\010\253\324"
 4010      B7AF9A37 
 4010      8C8571AB 
 4010      08ABD4
 4011 093e 30AEE261 		.ascii	"0\256\342a,6Sp\371\275\234\212 \006^\2626\365cw\314"
 4011      2C365370 
 4011      F9BD9C8A 
 4011      20065EB2 
 4011      36F56377 
 4012 0953 B7A9E06D 		.ascii	"\267\251\340m\034\334\312\30072O\227\023\006\356)\334"
 4012      1CDCCAC0 
 4012      37324F97 
 4012      1306EE29 
 4012      DC
 4013 0964 F69D1BBC 		.ascii	"\366\235\033\274C\005\357\340\340B\177\276\022\014d"
 4013      4305EFE0 
 4013      E0427FBE 
 4013      120C64
 4014 0973 2BC1067E 		.ascii	"+\301\006~b&\333\374\251\214\212sO\016\372Y\\J\237\302"
 4014      6226DBFC 
 4014      A98C8A73 
 4014      4F0EFA59 
 4014      5C4A9FC2 
 4015 0987 1B6E974B 		.ascii	"\033n\227K\320\203\3010\230\201\327\001;\374\226\375"
 4015      D083C130 
 4015      9881D701 
 4015      3BFC96FD 
 4016 0997 6D13981C 		.ascii	"m\023\230\034\227\211\224*\202\233\004R\355\217\265"
 4016      9789942A 
ARM GAS  C:\Users\angio\AppData\Local\Temp\ccyaVgOo.s 			page 134


 4016      829B0452 
 4016      ED8FB5
 4017 09a6 CF049E75 		.ascii	"\317\004\236u\035\3175\033\033_\225\276\3611\256\006"
 4017      1DCF351B 
 4017      1B5F95BE 
 4017      F131AE06 
 4018 09b6 AC08E4BA 		.ascii	"\254\010\344\272\356\317\203\264\251\323k\341Y-B\215"
 4018      EECF83B4 
 4018      A9D36BE1 
 4018      592D428D 
 4019 09c6 969A870D 		.ascii	"\226\232\207\015K\267\350V\0335Znj\351\276\262\011%"
 4019      4BB7E856 
 4019      1B355A6E 
 4019      6AE9BEB2 
 4019      0925
 4020 09d8 B53349D5 		.ascii	"\2653I\325\217\217.\224\215\372\217\030\364_\340~T\012"
 4020      8F8F2E94 
 4020      8DFA8F18 
 4020      F45FE07E 
 4020      540A
 4021 09ea E40532A7 		.ascii	"\344\0052\247[\004\222iaQ\355\334\\\350\265\222\250"
 4021      5B049269 
 4021      6151EDDC 
 4021      5CE8B592 
 4021      A8
 4022 09fb 13E194BB 		.ascii	"\023\341\224\273\224\0260P\366\221\031-\026O\320i\015"
 4022      94163050 
 4022      F691192D 
 4022      164FD069 
 4022      0D
 4023 0a0c 44A5DC4F 		.ascii	"D\245\334O\2535k\366\236\321\354\255\247\366\346Q)~"
 4023      AB356BF6 
 4023      9ED1ECAD 
 4023      A7F6E651 
 4023      297E
 4024 0a1e E71FB4E7 		.ascii	"\347\037\264\347\005\204\016\034\210B\246\322\345<\256"
 4024      05840E1C 
 4024      8842A6D2 
 4024      E53CAE
 4025 0a2d 605182C8 		.ascii	"`Q\202\310\024\236\243\262\340\202\010\347i\026QP\327"
 4025      149EA3B2 
 4025      E08208E7 
 4025      69165150 
 4025      D7
 4026 0a3e 921DEDDB 		.ascii	"\222\035\355\333\006\035Hs\325V\002\012\201\263\014"
 4026      061D4873 
 4026      D556020A 
 4026      81B30C
 4027 0a4d E3963A58 		.ascii	"\343\226:X\240\256R\\\321\2344\354\303S\003)\346\244"
 4027      A0AE525C 
 4027      D19C34EC 
 4027      C3530329 
 4027      E6A4
 4028 0a5f 013384ED 		.ascii	"\0013\204\355\261;n\234\012\0145h=\355\255\225\305\251"
 4028      B13B6E9C 
 4028      0A0C3568 
 4028      3DEDAD95 
ARM GAS  C:\Users\angio\AppData\Local\Temp\ccyaVgOo.s 			page 135


 4028      C5A9
 4029 0a71 0E338BC1 		.ascii	"\0163\213\3019\317\374>\270\272\253\331k\010]\021\341"
 4029      39CFFC3E 
 4029      B8BAABD9 
 4029      6B085D11 
 4029      E1
 4030 0a82 AA3B38D7 		.ascii	"\252;8\327\031h}Qg\266\311\023tM\003!`U{i\206\254[:"
 4030      19687D51 
 4030      67B6C913 
 4030      744D0321 
 4030      60557B69 
 4031 0a9a 6A2636B0 		.ascii	"j&6\2601#\275\332Wx^\014\035\310\312\222Y\250d\021u"
 4031      3123BDDA 
 4031      57785E0C 
 4031      1DC8CA92 
 4031      59A86411 
 4032 0aaf 35320B6F 		.ascii	"52\013o(A)\352.v\271\374\003\221\217\372\332\350\303"
 4032      284129EA 
 4032      2E76B9FC 
 4032      03918FFA 
 4032      DAE8C3
 4033 0ac2 D7758F9F 		.ascii	"\327u\217\237\254e\235\301S\3225\017I\344\036z\330\202"
 4033      AC659DC1 
 4033      53D2350F 
 4033      49E41E7A 
 4033      D882
 4034 0ad4 F408A91B 		.ascii	"\364\010\251\033\311\025\300\274\275}&\313k\275\330"
 4034      C915C0BC 
 4034      BD7D26CB 
 4034      6BBDD8
 4035 0ae3 24C23DCD 		.ascii	"$\302=\315\221\352\247[6\352\232\325=M\1773\315\362"
 4035      91EAA75B 
 4035      36EA9AD5 
 4035      3D4D7F33 
 4035      CDF2
 4036 0af5 EC001A42 		.ascii	"\354\000\032B?\266\0162\261oT\322\317d!\223\376\360"
 4036      3FB60E32 
 4036      B16F54D2 
 4036      CF642193 
 4036      FEF0
 4037 0b07 DCD92A6D 		.ascii	"\334\331*m\350\251\226=\020\021\207\206\335\027\241"
 4037      E8A9963D 
 4037      10118786 
 4037      DD17A1
 4038 0b16 55243901 		.ascii	"U$9\001\002Y\311\340\347:\013\257\005\371X\233B\273"
 4038      0259C9E0 
 4038      E73A0BAF 
 4038      05F9589B 
 4038      42BB
 4039 0b28 E85E9DDE 		.ascii	"\350^\235\336\275\273\254 @\203<\322\314\241\017d\310"
 4039      BDBBAC20 
 4039      40833CD2 
 4039      CCA10F64 
 4039      C8
 4040 0b39 4E94558A 		.ascii	"N\224U\212t\220\312\353}\253\264e\025\014\014\033\310"
 4040      7490CAEB 
 4040      7DABB465 
ARM GAS  C:\Users\angio\AppData\Local\Temp\ccyaVgOo.s 			page 136


 4040      150C0C1B 
 4040      C8
 4041 0b4a 3FB4C076 		.ascii	"?\264\300v\2277.\376\365A^`\265\"\334\021\241\313;\240"
 4041      97372EFE 
 4041      F5415E60 
 4041      B522DC11 
 4041      A1CB3BA0 
 4042 0b5e DE711428 		.ascii	"\336q\024(\004\215}&\302K\021^\210\320#B\267\010\257"
 4042      048D7D26 
 4042      C24B115E 
 4042      88D02342 
 4042      B708AF
 4043 0b71 44782AC2 		.ascii	"Dx*\302s\032Z\312\221\273~~pV*\201\207\"\264\370\020"
 4043      731A5ACA 
 4043      91BB7E7E 
 4043      70562A81 
 4043      8722B4F8 
 4044 0b86 4A0D9E7B 		.ascii	"J\015\236{\230C:Dh{\215\336\346BU\312\023\337R\212N"
 4044      98433A44 
 4044      687B8DDE 
 4044      E64255CA 
 4044      13DF528A 
 4045 0b9b CCE0A57F 		.ascii	"\314\340\245\177T\204\333\257Q4]Q\024\013\235\257\321"
 4045      5484DBAF 
 4045      51345D51 
 4045      140B9DAF 
 4045      D1
 4046 0bac D3ADE979 		.ascii	"\323\255\351y\374\032!\233\025!\315\"\334\365\001a\215"
 4046      FC1A219B 
 4046      1521CD22 
 4046      DCF50161 
 4046      8D
 4047 0bbd 259C8D9E 		.ascii	"%\234\215\236Z\201ta\310_\260\024\356\271\236\272\212"
 4047      5A817461 
 4047      C85FB014 
 4047      EEB99EBA 
 4047      8A
 4048 0bce 6FAB74DB 		.ascii	"o\253t\333\2604\272;uo+\031\347 2-\020\273Q +\222\355"
 4048      B034BA3B 
 4048      756F2B19 
 4048      E720322D 
 4048      10BB5120 
 4049 0be5 57EE0679 		.ascii	"W\356\006y\263d\350YH6\202\2272\360\325\356Mg\014\340"
 4049      B364E859 
 4049      48368297 
 4049      32F0D5EE 
 4049      4D670CE0 
 4050 0bf9 991EE055 		.ascii	"\231\036\340U\201\324\272A\360\037\354\257@\3263\306"
 4050      81D4BA41 
 4050      F01FECAF 
 4050      40D633C6 
 4051 0c09 29D772D6 		.ascii	")\327r\326\261\246\335\351\252\\\222\345\247v\204\271"
 4051      B1A6DDE9 
 4051      AA5C92E5 
 4051      A77684B9 
 4052 0c19 1484BC73 		.ascii	"\024\204\274s\010\314&t}5eVY\260V`YDu|\036Q\332\005"
 4052      08CC2674 
ARM GAS  C:\Users\angio\AppData\Local\Temp\ccyaVgOo.s 			page 137


 4052      7D356556 
 4052      59B05660 
 4052      5944757C 
 4053 0c31 F6D39D68 		.ascii	"\366\323\235h\320^\244\212@~\351\257\371\304#\222j\345"
 4053      D05EA48A 
 4053      407EE9AF 
 4053      F9C42392 
 4053      6AE5
 4054 0c43 C220DE79 		.ascii	"\302 \336yErD\2710\200\234D\3749fK\353\241{\307|l\021"
 4054      457244B9 
 4054      30809C44 
 4054      FC39664B 
 4054      EBA17BC7 
 4055 0c5a 56105D03 		.ascii	"V\020]\003'\327\025\306w\310Md\274\253\234\365\"\315"
 4055      27D715C6 
 4055      77C84D64 
 4055      BCAB9CF5 
 4055      22CD
 4056 0c6c 78761FA9 		.ascii	"xv\037\251\015\251\003\351\011R7Rj\020\212\356{\262"
 4056      0DA903E9 
 4056      09523752 
 4056      6A108AEE 
 4056      7BB2
 4057 0c7e FC61BB38 		.ascii	"\374a\2738p`\350@]\321\22747^\177_\351\252y\004\012"
 4057      7060E840 
 4057      5DD19734 
 4057      375E7F5F 
 4057      E9AA7904 
 4058 0c93 086CD1BC 		.ascii	"\010l\321\274ZI\324\322\352\232\315K\0131\033<0j\341"
 4058      5A49D4D2 
 4058      EA9ACD4B 
 4058      0B311B3C 
 4058      306AE1
 4059 0ca6 28CD7419 		.ascii	"(\315t\031\201\245\030\373\215\014\204\006o&\260\215"
 4059      81A518FB 
 4059      8D0C8406 
 4059      6F26B08D 
 4060 0cb6 C00E025B 		.ascii	"\300\016\002[\011\354\"PD`\023\201\335\004v\022\330"
 4060      09EC2250 
 4060      44601381 
 4060      DD047612 
 4060      D8
 4061 0cc7 4E942EF6 		.ascii	"N\224.\366L\023^\350!\234>,v\367\365\027\032h\215\007"
 4061      4C135EE8 
 4061      219C3E2C 
 4061      76F7F517 
 4061      1A688D07 
 4062 0cdb 6835D140 		.ascii	"h5\321@\335\032h\275\301L\0053k\256\212Y\356\201\311"
 4062      DD1A68BD 
 4062      C14C0533 
 4062      6BAE8A59 
 4062      EE81C9
 4063 0cee D509EAD1 		.ascii	"\325\011\352\321\004\2553\232\304c2]\023\224o\024\304"
 4063      04AD339A 
 4063      C463325D 
 4063      13946F14 
 4063      C4
ARM GAS  C:\Users\angio\AppData\Local\Temp\ccyaVgOo.s 			page 138


 4064 0cff 31CF3539 		.ascii	"1\31759k\215Vs\314+\015\263\312\030\1774\210\034\012"
 4064      6B8D5673 
 4064      CC2B0DB3 
 4064      CA187F34 
 4064      881C0A
 4065 0d12 12486D10 		.ascii	"\022Hm\020\333\216e\334\334\020\354\331\223\213\011"
 4065      DB8E65DC 
 4065      DC10ECD9 
 4065      938B09
 4066 0d21 EC256A4F 		.ascii	"\354%jO\316\271\323\360P\327\223\367j\322JP\032\251"
 4066      CEB9D3F0 
 4066      50D793F7 
 4066      6AD24A50 
 4066      1AA9
 4067 0d33 A752FC96 		.ascii	"\247R\374\226\347\035K%X\011\024V{r\016\033\314%\004"
 4067      E71D4B25 
 4067      58091456 
 4067      7B720E1B 
 4067      CC2504
 4068 0d46 F61028F7 		.ascii	"\366\020(\367\221\331\266\303[\277\246\010\264,\207"
 4068      91D9B6C3 
 4068      5BBFA608 
 4068      B42C87
 4069 0d55 21788ED5 		.ascii	"!x\216\325\240j\311_L`\021&\277\224\2410\371\373\010"
 4069      A06AC95F 
 4069      4C601126 
 4069      BF94A130 
 4069      F9FB08
 4070 0d68 94D12493 		.ascii	"\224\321$\223Ft\3406R+s\"\247\254\325\3455C\356'P\245"
 4070      4674E036 
 4070      522B7322 
 4070      A7ACD5E5 
 4070      3543EE27 
 4071 0d7e 38415E32 		.ascii	"8A^2\320\235\015\325\255^\313\351\003\032\010\001E\225"
 4071      D09D0DD5 
 4071      AD5ECBE9 
 4071      031A0801 
 4071      4595
 4072 0d90 67CBFC34 		.ascii	"g\313\3744O\017j\226\037\242\236\316\017F\220y\313\302"
 4072      4F0F6A96 
 4072      1FA29ECE 
 4072      0F469079 
 4072      CBC2
 4073 0da2 234D665A 		.ascii	"#MfZ\362|\011\321\270\313\275\2048D\350\224Y\373\372"
 4073      F27C09D1 
 4073      B8CBBD84 
 4073      3844E894 
 4073      59FBFA
 4074 0db5 42DE23C2 		.ascii	"B\336#\302n\221\031V\313|\251!p\230\300\021w\315nU\226"
 4074      6E911956 
 4074      CB7CA921 
 4074      7098C011 
 4074      77CD6E55 
 4075 0dca 1928E7AC 		.ascii	"\031(\347\254A\016/\242\266\342\002\036\332\003\"T\023"
 4075      410E2FA2 
 4075      B6E2021E 
 4075      DA032254 
ARM GAS  C:\Users\angio\AppData\Local\Temp\ccyaVgOo.s 			page 139


 4075      13
 4076 0ddb 3D462922 		.ascii	"=F)\"tbeQg\276_\250A\353\001\037Z\311\342`\201,g^\335"
 4076      74626551 
 4076      67BE5FA8 
 4076      41EB011F 
 4076      5AC9E260 
 4077 0df4 7DB9AE31 		.ascii	"}\271\2561\210N^.6o\355\2778P\231\267n\212p\034\035"
 4077      884E5E2E 
 4077      366FEDBF 
 4077      385099B7 
 4077      6E8A701C 
 4078 0e09 FB25AF04 		.ascii	"\373%\257\004\012A\351'\010\234\"PG\370DUte\215\213"
 4078      0A41E927 
 4078      089C2250 
 4078      47F84455 
 4078      74658D8B 
 4079 0e1d CF1F042A 		.ascii	"\317\037\004*\231\0247Z\225RtA\201\\\024\341\030\203"
 4079      9914375A 
 4079      95527441 
 4079      815C14E1 
 4079      1883
 4080 0e2f F056E986 		.ascii	"\360V\351\206\220U\324\276_\315h\235\265\031\006\352"
 4080      9055D4BE 
 4080      5FCD689D 
 4080      B51906EA 
 4081 0e3f 3FB4E9D0 		.ascii	"?\264\351\320R\272\272F\246v\"c\005\201\006o\0154h\317"
 4081      52BABA46 
 4081      A6762263 
 4081      0581066F 
 4081      0D3468CF 
 4082 0e53 0EF1C905 		.ascii	"\016\361\311\005\367\030\013\030\304\355\312|m\304L"
 4082      F7180B18 
 4082      C4EDCA7C 
 4082      6DC44C
 4083 0e62 CFE0C16F 		.ascii	"\317\340\301o\000\3106b\224\350o-\234\037T\344\"0\225"
 4083      00C83662 
 4083      94E86F2D 
 4083      9C1F54E4 
 4083      223095
 4084 0e75 C01406E2 		.ascii	"\300\024\006\342\317;S)\304E\2307-\353UoN\210\024\342"
 4084      CF3B5329 
 4084      C4459837 
 4084      2DEB556F 
 4084      4E8814E2 
 4085 0e89 F6E698A8 		.ascii	"\366\346\230\250z\374@\363x!\321c\366i\235`CM\272\253"
 4085      7AFC40F3 
 4085      7821D163 
 4085      F6699D60 
 4085      434DBAAB 
 4086 0e9d 576A204C 		.ascii	"Wj L'\220\356\255j\032WuA\231\233q\266\274%\352M\276"
 4086      2790EEAD 
 4086      6A1A5775 
 4086      41999B71 
 4086      B6BC25EA 
 4087 0eb3 A48A699B 		.ascii	"\244\212i\233~\224\273\216\253\217C\036\230\203\272"
 4087      7E94BB8E 
 4087      AB8F431E 
ARM GAS  C:\Users\angio\AppData\Local\Temp\ccyaVgOo.s 			page 140


 4087      9883BA
 4088 0ec2 3E9893C9 		.ascii	">\230\223\311\005\305\302i\017\327+5L\333\254\215\363"
 4088      05C5C269 
 4088      0FD72B35 
 4088      4CDBAC8D 
 4088      F3
 4089 0ed3 DD85B75F 		.ascii	"\335\205\267_4\200\270\315\335\332b\341\260Q\0317hi"
 4089      3480B8CD 
 4089      DDDA62E1 
 4089      B0511937 
 4089      6869
 4090 0ee5 0D97338F 		.ascii	"\015\2273\217\300,\017e\251\304\253\256\312E(\023\331"
 4090      C02C0F65 
 4090      A9C4ABAE 
 4090      CA452813 
 4090      D9
 4091 0ef6 43C70656 		.ascii	"C\307\006VYg\010\334$p\201@=\216\017\002\327\0114\022"
 4091      596708DC 
 4091      24708140 
 4091      3D8E0F02 
 4091      D7093412 
 4092 0f0a B848E01C 		.ascii	"\270H\340\034\201K\004n\0208O\340\032\201\313\004\256"
 4092      814B046E 
 4092      10384FE0 
 4092      1A81CB04 
 4092      AE
 4093 0f1b 12B8A20C 		.ascii	"\022\270\242\014\252\266\025J\3122\011\314\360\216#"
 4093      AAB6154A 
 4093      CA3209CC 
 4093      F08E23
 4094 0f2a 6F344557 		.ascii	"o4EW\025\263\261\322/\033\343\250\200\356)9\303.\264"
 4094      15B3B1D2 
 4094      2F1BE3A8 
 4094      80EE2939 
 4094      C32EB4
 4095 0f3d 84C9E18D 		.ascii	"\204\311\341\215I\233Pp\344=\316<\275\330\034j\360\340"
 4095      499B5070 
 4095      E43DCE3C 
 4095      BDD81C6A 
 4095      F0E0
 4096 0f4f EE7FDF03 		.ascii	"\356\177\337\003\262.\230O\304\341d+\016\325\235H\373"
 4096      B22E984F 
 4096      C4E1642B 
 4096      0ED59D48 
 4096      FB
 4097 0f60 90F607B3 		.ascii	"\220\366\007\263\255mZI\246\277q^o&\036O\304\244\212"
 4097      AD6D5A49 
 4097      A6BF715E 
 4097      6F261E4F 
 4097      C4A48A
 4098 0f73 29D3668A 		.ascii	")\323f\212\2541\027\227<I\305\375r%\272\321B\340\036"
 4098      AC311797 
 4098      3C49C5FD 
 4098      7225BAD1 
 4098      42E01E
 4099 0f86 81FBBE5A 		.ascii	"\201\373\276Z\263\307\252\276\211\201PZ+3\347)S<o\321"
 4099      B3C7AABE 
ARM GAS  C:\Users\angio\AppData\Local\Temp\ccyaVgOo.s 			page 141


 4099      8981505A 
 4099      2B33E729 
 4099      533C6FD1 
 4100 0f9a 5A7FE306 		.ascii	"Z\177\343\006\340\201"
 4100      E081
 4101 0fa0 27F425B3 		.ascii	"'\364%\263\374\007\365\221\345\0178\351\244\207\260"
 4101      FC07F591 
 4101      E50F38E9 
 4101      A487B0
 4102 0faf A731E917 		.ascii	"\2471\351\027_\371\330PvP\014\262?\"\320NHV\210@\226"
 4102      5FF9D850 
 4102      76500CB2 
 4102      3F22D04E 
 4102      48568840 
 4103 0fc4 50B8B4AA 		.ascii	"P\270\264\25267\307\022j\334\322=!\360\224\351\353R"
 4103      3637C712 
 4103      6ADCD23D 
 4103      21F094E9 
 4103      EB52
 4104 0fd6 9A4D31B6 		.ascii	"\232M1\266\255\177Je\356\361^\362\324\320KV3\003j3\027"
 4104      AD7F4A65 
 4104      EEF15EF2 
 4104      D4D04B56 
 4104      33036A33 
 4105 0feb 67851877 		.ascii	"g\205\030wk\335\036\002\371\212\012\310V4d7R\005c\335"
 4105      6BDD1E02 
 4105      F98A0AC8 
 4105      56346437 
 4105      520563DD 
 4106 0fff 91       		.ascii	"\221"
 4107 1000 B6223BD0 		.ascii	"\266\";\320h\373K\217\265\324a\204\237d\360\352\323"
 4107      68FB4B8F 
 4107      B5D46184 
 4107      9F64F0EA 
 4107      D3
 4108 1011 871F79CD 		.ascii	"\207\037y\3158\251\022L\221\224i\351*\227\331\274\247"
 4108      38A9124C 
 4108      919469E9 
 4108      2A97D9BC 
 4108      A7
 4109 1022 C6CF1394 		.ascii	"\306\317\023\224\246\201\020\320\271|\306\032\2236-"
 4109      A68110D0 
 4109      B97CC61A 
 4109      93362D
 4110 1031 4D95D4AC 		.ascii	"M\225\324\254M\223P\312}T\327\301$\235\250\255|\022"
 4110      4D9350CA 
 4110      7D54D7C1 
 4110      249DA8AD 
 4110      7C12
 4111 1043 6CB42E43 		.ascii	"l\264.C\362\250\010s\327\213W\263dm\006k\337;P\231\301"
 4111      F2A80873 
 4111      D78B57B3 
 4111      646D066B 
 4111      DF3B5099 
 4112 1058 A64B902E 		.ascii	"\246K\220.\301L\311{V1L&\251\014\205\"gI\220)\301\014"
 4112      C14CC97B 
 4112      56314C26 
ARM GAS  C:\Users\angio\AppData\Local\Temp\ccyaVgOo.s 			page 142


 4112      A90C8522 
 4112      67499029 
 4113 106e 49196D27 		.ascii	"I\031m'\016\360\351i\232D\2470\235 \335b\351\2702\315"
 4113      0EF0E969 
 4113      9A44A730 
 4113      9D20DD62 
 4113      E9B832CD 
 4114 1082 21E6A401 		.ascii	"!\346\244\001\303f\260\214\332{\327-\306\031,\315\207"
 4114      C366B08C 
 4114      DA7BD72D 
 4114      C6192CCD 
 4114      87
 4115 1093 5292DA0B 		.ascii	"R\222\332\013\353\004iU/\312\271\373v\316\005\213\245"
 4115      EB046955 
 4115      2FCAB9FB 
 4115      76CE058B 
 4115      A5
 4116 10a4 C1B0ECCE 		.ascii	"\301\260\354\316\222<\226\335\346\372M\271\031l\335"
 4116      923C96DD 
 4116      E6FA4DB9 
 4116      196CDD
 4117 10b3 CA67BBD4 		.ascii	"\312g\273\324\322\201\013\\,\002\263%pI\260@\362\232"
 4117      D2810B5C 
 4117      2C02B325 
 4117      7049B040 
 4117      F29A
 4118 10c5 451A6977 		.ascii	"E\032iw+@\273\227 f\236\004s\031\306]\\\253=Z\327;\002"
 4118      2B40BB97 
 4118      20669E04 
 4118      7319C65D 
 4118      5CAB3D5A 
 4119 10dc 3C2374A1 		.ascii	"<#t\241\005s\030\012\325\316\227`\241\004\331J\224\212"
 4119      0573180A 
 4119      D5CE9760 
 4119      A104D94A 
 4119      948A
 4120 10ee 5A9408BC 		.ascii	"Z\224\010\274\"\360\202P\210\367\342\224ld\336\354\230"
 4120      22F08250 
 4120      88F7E294 
 4120      6C64DEEC 
 4120      98
 4121 10ff 9A7F500E 		.ascii	"\232\177P\0165\210]\344C,\177\202\004d?\206\242\006"
 4121      35885DE4 
 4121      432C7F82 
 4121      04643F86 
 4121      A206
 4122 1111 E92C15E0 		.ascii	"\351,\025\340\267\277j\311l\232h\232\232\343\312Lp\017"
 4122      B7BF6AC9 
 4122      6C9A689A 
 4122      9AE3CA4C 
 4122      700F
 4123 1123 204782E5 		.ascii	" G\202\345F\245Z\274\227H\324%X\306`\250g\205\004\271"
 4123      46A55ABC 
 4123      9748D425 
 4123      58C660A8 
 4123      678504B9 
 4124 1137 92B2F33C 		.ascii	"\222\262\363<\2741\202J\341\363\371r\3578\221\253\314"
ARM GAS  C:\Users\angio\AppData\Local\Temp\ccyaVgOo.s 			page 143


 4124      BC31824A 
 4124      E1F3F972 
 4124      EF3891AB 
 4124      CC
 4125 1148 F0D93B4F 		.ascii	"\360\331;O\035\220C\015\002\363\274\005\262\326V\304"
 4125      1D90430D 
 4125      02F3BC05 
 4125      B2D656C4 
 4126 1158 F768AE00 		.ascii	"\367h\256\000\322\214\206?@z\311\204\314\357(x\024\024"
 4126      D28C863F 
 4126      407AC984 
 4126      CCEF2878 
 4126      1414
 4127 116a D8F0DAD7 		.ascii	"\330\360\332\327a\322\366\274}\351\376\003C17]E\033"
 4127      61D2F6BC 
 4127      7DE9FE03 
 4127      4331375D 
 4127      451B
 4128 117c 6E6C0B57 		.ascii	"nl\013W\026,k%X#\301:\357\2722\364\253\325\014\204\326"
 4128      162C6B25 
 4128      5823C13A 
 4128      EFBA32F4 
 4128      ABD50C84 
 4129 1191 14B242DA 		.ascii	"\024\262B\332\361\026UZY\334\276\335b\354m\353=\260"
 4129      F116555A 
 4129      59DCBEDD 
 4129      62EC6DEB 
 4129      3DB0
 4130 11a3 B8D72F70 		.ascii	"\270\327/p\265\324\007\253\373\036^E\363\316\277\257"
 4130      B5D407AB 
 4130      FB1E5E45 
 4130      F3CEBFAF 
 4131 11b3 54510F81 		.ascii	"TQ\017\201\307\270+\321*d\251w\205\254\222`\245\304"
 4131      C7B82BD1 
 4131      2A64A977 
 4131      85AC9260 
 4131      A5C4
 4132 11c5 1EA96E62 		.ascii	"\036\251nbr\267H\260U\202\215\022l\223`\263\004\333"
 4132      72B748B0 
 4132      55828D12 
 4132      6C9360B3 
 4132      04DB
 4133 11d7 25289260 		.ascii	"%(\222`\207\022\364\242c\312r\376!\201\273L\256\333"
 4133      8712F4A2 
 4133      63CA72FE 
 4133      2181BB4C 
 4133      AEDB
 4134 11e9 B53BBA69 		.ascii	"\265;\272il\305f>C\345K\260T\242 \036u\375Rk\003\205"
 4134      6CC5663E 
 4134      43E54BB0 
 4134      54A2201E 
 4134      75FD526B 
 4135 11ff D0125E2C 		.ascii	"\320\022^,\301s&\210\227\224\276\204\213\256*rn\341"
 4135      C1732688 
 4135      9794BE84 
 4135      8BAE2A72 
 4135      6EE1
ARM GAS  C:\Users\angio\AppData\Local\Temp\ccyaVgOo.s 			page 144


 4136 1211 828A99C7 		.ascii	"\202\212\231\307\2471eu\242\014\342r\305\242N\002mF"
 4136      A7316575 
 4136      A20CE272 
 4136      C5A24E02 
 4136      6D46
 4137 1223 8BF8547F 		.ascii	"\213\370T\177\3618\257\270B\021n{`\366\251]\245\355"
 4137      F138AFB8 
 4137      42116E7B 
 4137      60F6A95D 
 4137      A5ED
 4138 1235 DE668ED9 		.ascii	"\336f\216\331 A\201\244\307\224j\323jN\315\303\207\346"
 4138      204181A4 
 4138      C7946AD3 
 4138      6A4ECDC3 
 4138      87E6
 4139 1247 5043EC36 		.ascii	"PC\3546\376r\354\350\313\236\206\356\367\264\326\271"
 4139      FE72ECE8 
 4139      CB9E86EE 
 4139      F7B4D6B9 
 4140 1257 5353B04B 		.ascii	"SS\260Kb\367\267\036\257X\000\275y\302\363E\274\252"
 4140      62F7B71E 
 4140      AF5800BD 
 4140      79C2F345 
 4140      BCAA
 4141 1269 02764BEC 		.ascii	"\002vK\354\231\255@\252\336\022H5\255\016)\357P\363"
 4141      99AD40AA 
 4141      DE124835 
 4141      AD0E29EF 
 4141      50F3
 4142 127b 49605369 		.ascii	"I`Si\327\202\354\314\202`>\227\246a\222%(\371\245\202"
 4142      D782ECCC 
 4142      82603E97 
 4142      A6619225 
 4142      28F9A582 
 4143 128f 132804CD 		.ascii	"\023(\004\315\335\253X\266u\301\374]\001\306R\253\001"
 4143      DDAB58B6 
 4143      75C1FC5D 
 4143      01C652AB 
 4143      01
 4144 12a0 4F9CF9F0 		.ascii	"O\234\371\360\252c\277r7\353\335\345\247:\336_\235\346"
 4144      AA63BF72 
 4144      37EBDDE5 
 4144      A73ADE5F 
 4144      9DE6
 4145 12b2 A239AC07 		.ascii	"\2429\254\007\272\242)\223\224\025\315k6\033\273D\012"
 4145      BAA22993 
 4145      9415CD6B 
 4145      361BBB44 
 4145      0A
 4146 12c3 A11B274C 		.ascii	"\241\033'L\244\004\025\356q\274\376$\017\374n\334\320"
 4146      A40415EE 
 4146      71BCFE24 
 4146      0FFC6EDC 
 4146      D0
 4147 12d4 318857A7 		.ascii	"1\210W\247\246\230-[9\246\024\207\271\244\307(\323\002"
 4147      A6982D5B 
 4147      39A61487 
ARM GAS  C:\Users\angio\AppData\Local\Temp\ccyaVgOo.s 			page 145


 4147      B9A4C728 
 4147      D302
 4148 12e6 39CEC6CC 		.ascii	"9\316\306\314\206\331+\333\202\214\355\272R2jFt\352"
 4148      86D92BDB 
 4148      828CEDBA 
 4148      52326A46 
 4148      74EA
 4149 12f8 9A0B6BFC 		.ascii	"\232\013k\374\337\347/\354\257\376m*\375\315\305~\211"
 4149      DFE72FEC 
 4149      AFFE6D2A 
 4149      FDCDC57E 
 4149      89
 4150 1309 9A894877 		.ascii	"\232\211Hw3\331%\012\021\307\373\220\213L|\301\271\007"
 4150      33D9250A 
 4150      11C7FB90 
 4150      8B4C7CC1 
 4150      B907
 4151 131b 5325CAD0 		.ascii	"S%\312\320\326\274H\306\3450\346\360\000\223\313\353"
 4151      D6BC48C6 
 4151      E530E6F0 
 4151      0093CBEB 
 4152 132b 00773692 		.ascii	"\000w6\222\020q\266\017\271\372\026\357'a\254\235\344"
 4152      1071B60F 
 4152      B9FA16EF 
 4152      2761AC9D 
 4152      E4
 4153 133c 0369C6BC 		.ascii	"\003i\306\274\365 \315\350-\220\245\275QT\340\345\214"
 4153      F520CDE8 
 4153      2D90A5BD 
 4153      5154E0E5 
 4153      8C
 4154 134d 9DE78243 		.ascii	"\235\347\202C\335CV1\267F\202j\211\275X9\306\304\236"
 4154      DD435631 
 4154      B746826A 
 4154      89BD5839 
 4154      C6C49E
 4155 1360 92A00E47 		.ascii	"\222\240\016G\256\004'p\202RZ6\035\335\025\356'y\270"
 4155      AE042770 
 4155      82525A36 
 4155      1DDD15EE 
 4155      2779B8
 4156 1373 743D2C51 		.ascii	"t=,Q\260\217\015\374+e)\215\230Z#F\031<\231\263U\320"
 4156      B08F0DFC 
 4156      2B65298D 
 4156      985A2346 
 4156      193C99B3 
 4157 1389 510F906E 		.ascii	"Q\017\220n\007\177_\023t\304\003\243\233I\257g\352\367"
 4157      077F5F13 
 4157      74C403A3 
 4157      9B49AF67 
 4157      EAF7
 4158 139b 2CC77CCC 		.ascii	",\307|\314\244+w\235\\\315\226jS+\365\276\256y\255\257"
 4158      A42B779D 
 4158      5CCD966A 
 4158      532BF5BE 
 4158      AE79ADAF 
 4159 13af F47151D9 		.ascii	"\364qQ\331\213\305\246\367sY\2022\323BX\206N\243l\306"
ARM GAS  C:\Users\angio\AppData\Local\Temp\ccyaVgOo.s 			page 146


 4159      8BC5A6F7 
 4159      73598232 
 4159      D3425886 
 4159      4EA36CC6 
 4160 13c3 C00508F4 		.ascii	"\300\005\010\364,1\242\273\017Y\327[y\246\2554\361 "
 4160      2C31A2BB 
 4160      0F59D75B 
 4160      79A6AD34 
 4160      F120
 4161 13d5 76D60FC5 		.ascii	"v\326\017\305\234oz\030\342\3535\310\005\211\276\006"
 4161      9C6F7A18 
 4161      E2EB35C8 
 4161      0589BE06 
 4162 13e5 392F2124 		.ascii	"9/!$\263}^\215_o\236\211\374@\372\360\353\034\256\033"
 4162      B37D5E8D 
 4162      5F6F9E89 
 4162      FC40FAF0 
 4162      EB1CAE1B 
 4163 13f9 A8F88B12 		.ascii	"\250\370\213\022\003\012\357\323_\347tMq\271\336\002"
 4163      030AEFD3 
 4163      5FE7744D 
 4163      71B9DE02 
 4164 1409 BC06F5CC 		.ascii	"\274\006\365\314\0067\250\036\363~\277\017\312\351)"
 4164      0637A81E 
 4164      F37EBF0F 
 4164      CAE929
 4165 1418 DFB951F7 		.ascii	"\337\271Q\367 \267T\013\304e\272>*\303\374W\320\374"
 4165      20B7540B 
 4165      C465BA3E 
 4165      2AC3FC57 
 4165      D0FC
 4166 142a 8BCDAEF4 		.ascii	"\213\315\256\364!\306\345\321U\375\362\210T#\372(\322"
 4166      21C6E5D1 
 4166      55FDF288 
 4166      5423FA28 
 4166      D2
 4167 143b 29A47348 		.ascii	")\244sH\215\214s\303\234\314\303\301>\236\347\335\364"
 4167      8D8C73C3 
 4167      9CCCC3C1 
 4167      3E9EE7DD 
 4167      F4
 4168 144c 5C5804E6 		.ascii	"\\X\004\346?\\\376$\304\243\302\324y\033\2672\314\374"
 4168      3F5CFE24 
 4168      C4A3C2D4 
 4168      791BB732 
 4168      CCFC
 4169 145e BB12DC91 		.ascii	"\273\022\334\221\240I\202{\0224\273\353kA\366z];i\220"
 4169      A049827B 
 4169      1234BBEB 
 4169      6B41F67A 
 4169      5D3B6990 
 4170 1472 28D647C6 		.ascii	"(\326G\306\327)+\007\3044\0320\312\306Q\203\\\367\200"
 4170      D7292B07 
 4170      C4341A30 
 4170      CAC65183 
 4170      5CF780
 4171 1485 E8AA74A3 		.ascii	"\350\252t\243\202\271&\301\025#F\321\265\311\275\336"
ARM GAS  C:\Users\angio\AppData\Local\Temp\ccyaVgOo.s 			page 147


 4171      82B926C1 
 4171      152346D1 
 4171      B5C9BDDE 
 4172 1495 B925C10D 		.ascii	"\271%\301\015\206\362Z\357`X\362\356\325\255\0164\256"
 4172      86F25AEF 
 4172      6058F2EE 
 4172      D5AD0E34 
 4172      AE
 4173 14a6 50E689AF 		.ascii	"P\346\211\257\363\225>\362\314\333\270\236h\331Z\250"
 4173      F3953EF2 
 4173      CCDBB89E 
 4173      68D95AA8 
 4174 14b6 3DEB6DE5 		.ascii	"=\353m\345-\371\364\323\216,\335;\347\026\315\274\373"
 4174      2DF9F4D3 
 4174      8E2CDD3B 
 4174      E716CDBC 
 4174      FB
 4175 14c7 1CB0EBC1 		.ascii	"\034\260\353\301\363\"\331Wm=`\265\025N_\232\025\364"
 4175      F322D957 
 4175      6D3D60B5 
 4175      154E5F9A 
 4175      15F4
 4176 14d9 EC234A69 		.ascii	"\354#Ji\375\033\\\321\336\350?\224\030\214W\255\037"
 4176      FD1B5CD1 
 4176      DEE83F94 
 4176      188C57AD 
 4176      1F
 4177 14ea 220BF74E 		.ascii	"\"\013\367N?\352\357KX;\023\326&1\244\211\225\367o\021"
 4177      3FEAEF4B 
 4177      583B13D6 
 4177      2631A489 
 4177      95F76F11 
 4178 14fe 7FE6E69D 		.ascii	"\177\346\346\235\252\020\275\344\016\011\036\321r\354"
 4178      AA10BDE4 
 4178      0E091ED1 
 4178      72EC
 4179 150c 94188F40 		.ascii	"\224\030\217@\232\261j\272X\325dV\035\310\245?h\202"
 4179      9AB16ABA 
 4179      58D56456 
 4179      1DC8A53F 
 4179      6882
 4180 151e 27DCF0AC 		.ascii	"'\334\360\254\351\365#\330\333\316<\302\336\225_\232"
 4180      E9F523D8 
 4180      DBCE3CC2 
 4180      DE955F9A 
 4181 152e BD7486C9 		.ascii	"\275t\206\311\307\313\316n\024\325%)\277\224\313-\331"
 4181      C7CBCE6E 
 4181      14D52529 
 4181      BF94CB2D 
 4181      D9
 4182 153f FEEC435C 		.ascii	"\376\354C\\\240\257s\271\262p\033\337-\301c\2765\200"
 4182      A0AF73B9 
 4182      B2701BDF 
 4182      2DC163BE 
 4182      3580
 4183 1551 A712F4D0 		.ascii	"\247\022\364\3203\367\257\001\012\372\223#\241\006\275"
 4183      33F7AF01 
ARM GAS  C:\Users\angio\AppData\Local\Temp\ccyaVgOo.s 			page 148


 4183      0AFA9323 
 4183      A106BD
 4184 1560 EC175E25 		.ascii	"\354\027^%\315\333\262M\374\307Q\373\303\350K\315g\212"
 4184      CDDBB24D 
 4184      FCC751FB 
 4184      C3E84BCD 
 4184      678A
 4185 1572 8CE712BC 		.ascii	"\214\347\022\274\300e\200*\243\361]R\357[FQ\305\336"
 4185      C065802A 
 4185      A3F15D52 
 4185      EF5B4651 
 4185      C5DE
 4186 1584 64C506E4 		.ascii	"d\305\006\344\177\251\360\277\302\005\263\214gn\376"
 4186      7FA9F0BF 
 4186      C205B38C 
 4186      676EFE
 4187 1593 0BEF9286 		.ascii	"\013\357\222\206P\201\264\204\362\010\007\320W\272g"
 4187      5081B484 
 4187      F20807D0 
 4187      57BA67
 4188 15a2 CFDCF299 		.ascii	"\317\334\362\231\256\2512\215p\232\214\230Y\2315\235"
 4188      AEA9328D 
 4188      709A8C98 
 4188      5999359D 
 4189 15b2 B23EAAEE 		.ascii	"\262>\252\356\251`\232\314p\324\242\236\225Kv\005\253"
 4189      A9609ACC 
 4189      70D4A29E 
 4189      954B7605 
 4189      AB
 4190 15c3 98EB46CC 		.ascii	"\230\353F\314\373\0130\\Of^KH\315\257L\035\000\3512"
 4190      FB0B305C 
 4190      4F665E4B 
 4190      48CDAF4C 
 4190      1D00E932 
 4191 15d7 4C91A15C 		.ascii	"L\221\241\\\303\245\312\330\264\352\373\221N\337\016"
 4191      C3A5CAD8 
 4191      B4EAFB91 
 4191      4EDF0E
 4192 15e6 769534AF 		.ascii	"v\2254\257\3141\225\026\273\\\323\\\256)\277f?I\234"
 4192      CC319516 
 4192      BB5CD35C 
 4192      AE29BF66 
 4192      3F499C
 4193 15f9 2E733767 		.ascii	".s7g\3100S\3063\267\233'\337%\031a\276\303t_\037\246"
 4193      C83053C6 
 4193      33B79B27 
 4193      DF251961 
 4193      BEC3745F 
 4194 160f 4C857F96 		.ascii	"L\205\177\226\014\263e<s\363W\277K\177;q\245\350\231"
 4194      0CB3653C 
 4194      73F357BF 
 4194      4B7F3B71 
 4194      A5E899
 4195 1622 EE9566A9 		.ascii	"\356\225f\251\266\302\235\303=\316\256{\221\240\335"
 4195      B6C29DC3 
 4195      3DCEAE7B 
 4195      91A0DD
ARM GAS  C:\Users\angio\AppData\Local\Temp\ccyaVgOo.s 			page 149


 4196 1631 BFA80D84 		.ascii	"\277\250\015\204\271\374~\341\305KkD_\221\315b\221\335"
 4196      B9FC7EE1 
 4196      C54B6B44 
 4196      5F91CD62 
 4196      91DD
 4197 1643 CBDFCB12 		.ascii	"\313\337\313\022V\273\357 ~\372\324e\263@\037\345\371"
 4197      56BBEF20 
 4197      7EFAD465 
 4197      B3401FE5 
 4197      F9
 4198 1654 32CC4351 		.ascii	"2\314CQ\220-3\036\366\346\242%c\217\256\231f\313\252"
 4198      902D331E 
 4198      F6E6A225 
 4198      638FAE99 
 4198      66CBAA
 4199 1667 D0051C30 		.ascii	"\320\005\0340\357\351\272M\272w\215\3735\253\026r@\305"
 4199      EFE9BA4D 
 4199      BA778DFB 
 4199      35AB1672 
 4199      40C5
 4200 1679 E585A5BA 		.ascii	"\345\205\245\272\001~Tsk\021\007t\2666\\\326I\330\252"
 4200      017E5473 
 4200      6B110774 
 4200      B6365CD6 
 4200      49D8AA
 4201 168c 7580C51C 		.ascii	"u\200\305\034\260{y\331\012\335\357\006Nk*\226 \200"
 4201      B07B79D9 
 4201      0ADDEF06 
 4201      4E6B2A96 
 4201      2080
 4202 169e E4FA8E7C 		.ascii	"\344\372\216|qnIU\244\276\306\227*\301_&C\216\214g\356"
 4202      716E4955 
 4202      A4BEC697 
 4202      2AC15F26 
 4202      438E8C67 
 4203 16b3 E0F7F427 		.ascii	"\340\367\364'\033^#\242\244\271=\317c\234\344*2\226"
 4203      1B5E23A2 
 4203      A4B93DCF 
 4203      639CE42A 
 4203      3296
 4204 16c5 CBB042C6 		.ascii	"\313\260B\3063\267\2142\232\300\324\013\347/\3526\346"
 4204      33B78C32 
 4204      9AC0D40B 
 4204      E72FEA36 
 4204      E6
 4205 16d6 B7B4C729 		.ascii	"\267\264\307)y\214\215\376\302\246\345\331\025]\216"
 4205      798C8DFE 
 4205      C2A6E5D9 
 4205      155D8E
 4206 16e5 8F6A907C 		.ascii	"\217j\220|\352\312\2360>NB\351oI^\276xl\362\225\315"
 4206      EACA9E30 
 4206      3E4E42E9 
 4206      6F495EBE 
 4206      786CF295 
 4207 16fa 0296CD55 		.ascii	"\002\226\315Ut\234\\\256\353y\024\254\317\240{B^-3\034"
 4207      749C5CAE 
 4207      EB7914AC 
ARM GAS  C:\Users\angio\AppData\Local\Temp\ccyaVgOo.s 			page 150


 4207      CFA07B42 
 4207      5E2D331C 
 4208 170e 55D93873 		.ascii	"U\3318swG\210~\234xc\3308Y\221\363,\226\217\2235l\234"
 4208      7747887E 
 4208      9C7863D8 
 4208      385991F3 
 4208      2C968F93 
 4209 1725 B468B895 		.ascii	"\264h\270\225t\234\034z\207T\261 \355\310\\?W2\276U"
 4209      749C1C7A 
 4209      8754B120 
 4209      EDC85C3F 
 4209      5732BE55 
 4210 1739 2D94756F 		.ascii	"-\224uoU\021v\361\304\225\023\272\256=[\313\331zn\326"
 4210      551176F1 
 4210      C49513BA 
 4210      AE3D5BCB 
 4210      D97A6ED6 
 4211 174d 917DB372 		.ascii	"\221}\263ru?8\270\250e}\003\215D\2551#\264\217\317\177"
 4211      753F38B8 
 4211      A8657D03 
 4211      8D44AD31 
 4211      23B48FCF 
 4212 1762 7944543B 		.ascii	"yDT;$\266Mw\213\334,k\277%\316-9\335\361\367Z\207\334"
 4212      24B64D77 
 4212      8BDC2C6B 
 4212      BF25CE2D 
 4212      39DDF1F7 
 4213 1779 2CC34625 		.ascii	",\303F%k\233d\330B\317\334Y\273\332\237\234\361\251"
 4213      6B9B64D8 
 4213      42CFDC59 
 4213      BBDA9F9C 
 4213      F1A9
 4214 178b 676D654E 		.ascii	"gmeN\003\370\372\005\3306\235\236\222\346y\363\364\375"
 4214      03F8FA05 
 4214      D8369D9E 
 4214      92E679F3 
 4214      F4FD
 4215 179d 619B0C5B 		.ascii	"a\233\014[\025EE2l\247gnE\315\357\222\273\276K\214Y"
 4215      15454532 
 4215      6CA7676E 
 4215      45CDEF92 
 4215      BBBE4B8C 
 4216 17b2 FB7F3CAC 		.ascii	"\373\177<\254\335\241\010\331)\303.z\246\376B\271?y"
 4216      DDA108D9 
 4216      29C32E7A 
 4216      A6FE42B9 
 4216      3F79
 4217 17c4 FCFA3AED 		.ascii	"\374\372:\355\366S\353\364\031\300nE"
 4217      F653EBF4 
 4217      19C06E45 
 4218 17d0 C61E3CCA 		.ascii	"\306\036<\312x\346\226\261\250?\231\321\307\227\307"
 4218      78E696B1 
 4218      A83F99D1 
 4218      C797C7
 4219 17df 865FEE1D 		.ascii	"\206_\356\035m]\335d\361\025\202}(\254T\346\212\333"
 4219      6D5DDD64 
 4219      F115827D 
ARM GAS  C:\Users\angio\AppData\Local\Temp\ccyaVgOo.s 			page 151


 4219      28AC54E6 
 4219      8ADB
 4220 17f1 EEEF696D 		.ascii	"\356\357im\004\327L,\256\010\274\001{\025\265%2\224"
 4220      04D74C2C 
 4220      AE08BC01 
 4220      7B15B525 
 4220      3294
 4221 1803 D133B7DA 		.ascii	"\3213\267\332\247\357\222eLmz\345\335:\263\245\341?"
 4221      A7EF9265 
 4221      4C6D7AE5 
 4221      DD3AB3A5 
 4221      E13F
 4222 1815 7FF998DF 		.ascii	"\177\371\230\337G k\031\374\301\313\031\347\202\265"
 4222      47206B19 
 4222      FCC1CB19 
 4222      E782B5
 4223 1824 ED589E36 		.ascii	"\355X\2366\\\252de;V\204\340\022\244J\244j\244:\244"
 4223      5CAA6465 
 4223      3B5684E0 
 4223      12A44AA4 
 4223      6AA43AA4 
 4224 1838 4B480D48 		.ascii	"KH\015Hw\220\332\220z\220\\}\005\222\336\227\012\355"
 4224      7790DA90 
 4224      7A905C7D 
 4224      0592DE97 
 4224      0AED
 4225 184a 2EE86921 		.ascii	".\350i!\314\206\312\327\333\220\211\360l\244eH\005H"
 4225      CC86CAD7 
 4225      DB9089F0 
 4225      6CA46548 
 4225      0548
 4226 185c 1B90B621 		.ascii	"\033\220\266!\025\367\345#\364\012\177\306\322 \223"
 4226      15F7E523 
 4226      F40A7FC6 
 4226      D22093
 4227 186b 322A347C 		.ascii	"2*4|[\306\331\345\362@\343\207-\376\3503\211\025O\036"
 4227      5BC6D9E5 
 4227      F240E387 
 4227      2DFEE833 
 4227      89154F1E 
 4228 187f 9D356DC0 		.ascii	"\2355m\300j\231\361\016T\310pF\206\373\262a\241E\037"
 4228      6A99F10E 
 4228      54C87046 
 4228      86FBB261 
 4228      A1451F
 4229 1892 2C6D2E4B 		.ascii	",m.K\246\333\012\304\234\365\300\014\326 \207UH\255"
 4229      A6DB0AC4 
 4229      9CF5C00C 
 4229      D6208755 
 4229      48AD
 4230 18a4 07C4BDFF 		.ascii	"\007\304\275\377\277\215\230R\2169)\303\011\017\214"
 4230      BF8D9852 
 4230      8E3929C3 
 4230      090F8C
 4231 18b3 FB951F95 		.ascii	"\373\225\037\225\263W\225s\312\003\263Z\207\331\242"
 4231      B3579573 
 4231      CA03B35A 
ARM GAS  C:\Users\angio\AppData\Local\Temp\ccyaVgOo.s 			page 152


 4231      87D9A2
 4232 18c2 62EA8D26 		.ascii	"b\352\215&\363G\004'9\244J\206\375\036\020\375S\365"
 4232      F3470427 
 4232      39A44A86 
 4232      FD1E10FD 
 4232      53F5
 4233 18d4 0A1573C4 		.ascii	"\012\025s\304\003\263T\247j\237\252\352\270\007Fy\333"
 4233      03B354A7 
 4233      6A9FAAEA 
 4233      B8074679 
 4233      DB
 4234 18e5 49211754 		.ascii	"I!\027TH\245\007Dy\307A!%*\244\316\3508\207\034S!\207"
 4234      48A50744 
 4234      79C74121 
 4234      252AA4CE 
 4234      E838871C 
 4235 18fc 3C20F335 		.ascii	"< \3635H\231\0129f\264E\261\367\222\212\271\350\201"
 4235      48990A39 
 4235      66B445B1 
 4235      F7928AB9 
 4235      E881
 4236 190e 39A619B3 		.ascii	"9\246\031\263I\205\2343$\223#.\252\210r\243G\212\242"
 4236      49859C33 
 4236      2493232E 
 4236      AA8872A3 
 4236      478AA2
 4237 1921 621573DA 		.ascii	"b\025s\332\230'.\346\210\012\251\361\200\354\323l9\241"
 4237      98272EE6 
 4237      880AA9F1 
 4237      80ECD36C 
 4237      39A1
 4238 1933 420E18D3 		.ascii	"B\016\030\323\244\177VpA\206\363t\031p\237\216fh\222"
 4238      A47F5670 
 4238      4186F374 
 4238      19709F8E 
 4238      666892
 4239 1946 E1B20CD7 		.ascii	"\341\262\014\327e\270$C\263\014\327d\270%\303U\031n"
 4239      65B82443 
 4239      B30CD764 
 4239      B825C355 
 4239      196E
 4240 1958 C8704786 		.ascii	"\310pG\206\20724\312\360@\206+8g\310\320.\303m\031\332"
 4240      873234CA 
 4240      F040862B 
 4240      3867C8D0 
 4240      2EC36D19 
 4241 196d 64689571 		.ascii	"dh\225ql\300M\031\356\311p\227\376w=jA\255j\301ac\335"
 4241      6CC04D19 
 4241      EEC97097 
 4241      FE773D6A 
 4241      41AD6AC1 
 4242 1984 7223CB55 		.ascii	"r#\313U\310Qc\235p\310q\025r\320\230=\245\334\216\252"
 4242      C851639D 
 4242      70C87115 
 4242      72D0983D 
 4242      A5DC8EAA 
 4243 1998 E5566D0C 		.ascii	"\345Vm\014\007}\244:\363m\326\012.=\372!\324\333qx$"
ARM GAS  C:\Users\angio\AppData\Local\Temp\ccyaVgOo.s 			page 153


 4243      077DA43A 
 4243      F36DD60A 
 4243      2E3DFA21 
 4243      D4DB7178 
 4244 19ad FFCFBA4E 		.ascii	"\377\317\272N\373^\351\351<\335\253\344\016\315\242"
 4244      FB5EE9E9 
 4244      3CDDABE4 
 4244      0ECDA2
 4245 19bc 4E3E1D5E 		.ascii	"N>\035^\3379\367\211n\276\314\320\246\303\307t:\314"
 4245      DF39F789 
 4245      6EBECCD0 
 4245      A6C3C774 
 4245      3ACC
 4246 19ce 7EDB57D3 		.ascii	"~\333W\323N\277\177\361\037\324\026\215;<w\213\356\362"
 4246      4EBF7FF1 
 4246      1FD4168D 
 4246      3B3C778B 
 4246      EEF2
 4247 19e0 98A54E95 		.ascii	"\230\245N\225\232\312\265Y\252K\206'J\227~*C7=sw\351"
 4247      9ACAB559 
 4247      AA4B8627 
 4247      4A977E2A 
 4247      43373D73 
 4248 19f6 A2770532 		.ascii	"\242w\0052d\204\340\037eO\230\370\211\355\303\004\301"
 4248      6484E01F 
 4248      654F98F8 
 4248      89EDC304 
 4248      C1
 4249 1a07 129D6477 		.ascii	"\022\235dw\332~\3760a\270\340\037=!r\262\343\253\244"
 4249      DA7EFE30 
 4249      61B8E01F 
 4249      3D2172B2 
 4249      E3ABA4
 4250 1a1a E89FFED7 		.ascii	"\350\237\376\327G\037\015\306\177\321\023\342~\214K"
 4250      471F0DC6 
 4250      7FD113E2 
 4250      7E8C4B
 4251 1a29 720C1D32 		.ascii	"r\014\0352d\310\340$\307`\273s\260\303\036\215W\035"
 4251      64C8E024 
 4251      C760BB73 
 4251      B0C31E8D 
 4251      571D
 4252 1a3b 931D1F45 		.ascii	"\223\035\037E\233\177\367\365\267\003F\016\371DxK\271"
 4252      9B7FF7F5 
 4252      B703460E 
 4252      F944784B 
 4252      B9
 4253 1a4c F091EDE3 		.ascii	"\360\221\355\343\360\341\3416[\2240b\344\337\376q$\345"
 4253      F0E1E136 
 4253      5B943062 
 4253      E4DFFE71 
 4253      24E5
 4254 1a5e 8D74A6C4 		.ascii	"\215t\246\304\304%\375qR\222\375'GrT\264\315\232\342"
 4254      C425FD71 
 4254      5292FD27 
 4254      477254B4 
 4254      CD9AE2
ARM GAS  C:\Users\angio\AppData\Local\Temp\ccyaVgOo.s 			page 154


 4255 1a71 B0D9FF18 		.ascii	"\260\331\377\0301\356\303\310qc\206\015\375\335\360"
 4255      31EEC3C8 
 4255      7163860D 
 4255      FDDDF0
 4256 1a80 4F86478C 		.ascii	"O\206G\214\372\360\353oG~5\352\233\021\303\205A\257"
 4256      FAF0EB6F 
 4256      477E35EA 
 4256      9B11C385 
 4256      41AF
 4257 1a92 D31A9718 		.ascii	"\323\032\227\030\035\237\022cS4O\020\002\230\241\337"
 4257      1D9F1263 
 4257      53344F10 
 4257      0298A1DF 
 4258 1aa2 26C6A3A9 		.ascii	"&\306\243\251\275T\243\277\264'%\214\216\214\350\255"
 4258      BD54A3BF 
 4258      B427258C 
 4258      8E8CE8AD 
 4259 1ab2 BBA95CFA 		.ascii	"\273\251\\\3723\253\325\231`\215\216\212\217\373\321"
 4259      33ABD599 
 4259      608D8E8A 
 4259      8FFBD1
 4260 1ac1 1EE58C4B 		.ascii	"\036\345\214KJ\264&\375\370\177m\321Nk\\b\234\263\227"
 4260      4AB426FD 
 4260      F87F6DD1 
 4260      4E6B5C62 
 4260      9CB397
 4261 1ad4 D72DE707 		.ascii	"\327-\347\007\277l\2063\001\255\010\264Z\223\034\310"
 4261      BF6C8633 
 4261      01AD08B4 
 4261      5A931CC8 
 4262 1ae4 C7A4FCC6 		.ascii	"\307\244\374\306'\023\273\257\343\3033d\014c\026~\027"
 4262      2713BBAF 
 4262      E3C33364 
 4262      0C63167E 
 4262      17
 4263 1af5 15E7C483 		.ascii	"\025\347\304\203\323\226\020\351\214r\332\202\035\354"
 4263      D39610E9 
 4263      8C72DA82 
 4263      1DEC
 4264 1b03 BBD5414F 		.ascii	"\273\325AO\254\316\201o\220\001%a\243Q=\377\366\373"
 4264      ACCE816F 
 4264      90012561 
 4264      A3513DFF 
 4264      F6FB
 4265 1b15 A878A714 		.ascii	"\250x\247\024=!\312\036\312N\177gs\216\216\211\267\215"
 4265      3D21CA1E 
 4265      CA4E7F67 
 4265      738E8E89 
 4265      B78D
 4266 1b27 9B60B745 		.ascii	"\233`\267E\305|\217\020\253\223}5\363\203\325\031\246"
 4266      C57C8F10 
 4266      AB937D35 
 4266      F383D519 
 4266      A6
 4267 1b38 F03B6DB1 		.ascii	"\360;m\261\3668\347\344\221\023l\321?\215\226\255\237"
 4267      F638E7E4 
 4267      91136CD1 
ARM GAS  C:\Users\angio\AppData\Local\Temp\ccyaVgOo.s 			page 155


 4267      3F8D96AD 
 4267      9F
 4268 1b49 2725C5F3 		.ascii	"'%\305\363(\216\213K\260\331\177\037\225\210R\354\243"
 4268      288E8B4B 
 4268      B0D97F1F 
 4268      958852EC 
 4268      A3
 4269 1b5a FBBA8552 		.ascii	"\373\272\205R{S\034\237%\306\320\250\177oF[\034N\207"
 4269      7B531C9F 
 4269      25C6D0A8 
 4269      7F6F465B 
 4269      1C4E87
 4270 1b6d D5C99546 		.ascii	"\325\311\225F\330\034\316$\273\215c\276\357\30358F&"
 4270      D81CCE24 
 4270      BB8D63BE 
 4270      EFC33538 
 4270      4626
 4271 1b7f A5A016FB 		.ascii	"\245\240\026\373wq\316\011q\211\337\233\354\316\350"
 4271      7771CE09 
 4271      7189DF9B 
 4271      ECCEE8
 4272 1b8e 44A7D5F9 		.ascii	"D\247\325\371\026\273;6)>\336\026\363\205->j\362\367"
 4272      16BB3B36 
 4272      293EDE16 
 4272      F3852D3E 
 4272      6AF2F7
 4273 1ba1 68D1B831 		.ascii	"h\321\2701\221\316\244\3441\266(G\212\335\226`Kt~oN"
 4273      91CEA4E4 
 4273      31B62847 
 4273      8ADD9660 
 4273      4B747E6F 
 4274 1bb6 4C8A4B8C 		.ascii	"L\212K\214\217K\264\365v\242=\326\004\355\226\325\331"
 4274      8F4BB4F5 
 4274      76A23DD6 
 4274      04ED96D5 
 4274      D9
 4275 1bc7 873344D9 		.ascii	"\2073D\331\235z\216`z\365\033\226c\032\235`\253u|T4"
 4275      9D7A8E60 
 4275      7AF51B96 
 4275      631A9D60 
 4275      AB757C54 
 4276 1bdc 9A3599E5 		.ascii	"\2325\231\345j\360\033\345J\341\240\345f\265N\260E%"
 4276      6AF01BE5 
 4276      4AE1A0E5 
 4276      66B54EB0 
 4276      4525
 4277 1bee 33DEF037 		.ascii	"3\336\3607\342M\260%P\016\007g\306\021f\373/(Ff\312"
 4277      E24DB025 
 4277      500E0767 
 4277      C61166FB 
 4277      2F284666 
 4278 1c03 C10B6574 		.ascii	"\301\013et\"\026Db\264Ms\006=\306\272Cy\374\006JO\034"
 4278      22164462 
 4278      B44D7306 
 4278      3DC6BA43 
 4278      79FC064A 
 4279 1c19 1F171B66 		.ascii	"\037\027\033f\274du\006{B\203\364\030\347G\277\\\346"
ARM GAS  C:\Users\angio\AppData\Local\Temp\ccyaVgOo.s 			page 156


 4279      BC647506 
 4279      7B4283F4 
 4279      18E747BF 
 4279      5CE6
 4280 1c2b 6EB032E6 		.ascii	"n\2602\346\376y\334\027I\343\342\260D\336`\204Lt\"\017"
 4280      FE79DC17 
 4280      49E3E2B0 
 4280      44DE6084 
 4280      4C74220F 
 4281 1c3f 1D9BD113 		.ascii	"\035\233\321\023\260\"\242'\330bR\342m\221\277~\203"
 4281      B022A227 
 4281      D86252E2 
 4281      6D91BF7E 
 4281      83
 4282 1c50 111E3D21 		.ascii	"\021\036=!\006Yi\265\362\021\341\257ZaI\210\212KTJ\030"
 4282      065969B5 
 4282      F211E1AF 
 4282      5A614988 
 4282      8A4B544A 
 4283 1c65 FFC427DB 		.ascii	"\377\304'\333\343\222LN\372\327\3524%8\177\216\217s"
 4283      E3924C4E 
 4283      FAD7EA34 
 4283      25387F8E 
 4283      8F73
 4284 1c77 38CDC897 		.ascii	"8\315\310\227\220\202\015\315lK\266%\306\304%\306\006"
 4284      90820DCD 
 4284      6C4BB625 
 4284      C6C425C6 
 4284      06
 4285 1c88 D8266249 		.ascii	"\330&bI$D9~\262:\315\011\216\330?\245\330RlR\242\355"
 4285      2444397E 
 4285      B23ACD09 
 4285      8ED83FA5 
 4285      D8526C52 
 4286 1c9e 67866567 		.ascii	"g\206eg\026\367\027\253SJ\266\333&\376\325/\233Iu\321"
 4286      16F717AB 
 4286      534AB6DB 
 4286      26FED52F 
 4286      9B4975D1 
 4287 1cb2 B09826E1 		.ascii	"\260\230&\3410F-&\024A\257\371+G\253\023R\374l\223\250"
 4287      30462D26 
 4287      1441AFF9 
 4287      2B47AB13 
 4287      52FC6C93 
 4288 1cc7 5ABF494E 		.ascii	"Z\277IN4.\031\017\016[Br u\314\226\020\225<\001slrP"
 4288      342E190F 
 4288      0E5B4272 
 4288      2075CC96 
 4288      10953C01 
 4289 1cdf D31CB132 		.ascii	"\323\034\2612\222\325)Or:\355\311\275\225\321i\267\215"
 4289      92D5294F 
 4289      723AEDC9 
 4289      BD95D169 
 4289      B78D
 4290 1cf1 B7D96D2C 		.ascii	"\267\331m,U\310\212\015+\331l\3739\316\031\235\024c"
 4290      55C88A0D 
 4290      2BD96CFB 
ARM GAS  C:\Users\angio\AppData\Local\Temp\ccyaVgOo.s 			page 157


 4290      39CE199D 
 4290      1463
 4291 1d03 F3B3C74C 		.ascii	"\363\263\307LF\216\277\376e3y\237\243\206J(\317ar\322"
 4291      468EBFFE 
 4291      6533799F 
 4291      A3864A28 
 4291      CF6172D2 
 4292 1d17 BFA8697C 		.ascii	"\277\250i||T,\236%\2400<c=\307\354TZ\217\337\244\250"
 4292      7C542C9E 
 4292      25A0303C 
 4292      633DC7EC 
 4292      545A8FDF 
 4293 1d2d 1FA31C36 		.ascii	"\037\243\0346\213\303\371\023\266\305X\354\210RbT\202"
 4293      8BC3F913 
 4293      B6C558EC 
 4293      88526254 
 4293      82
 4294 1d3e 4D4E9A94 		.ascii	"MN\232\224h\263\373\331Y\240H\264\363g\224\030\353\360"
 4294      68B3FBD9 
 4294      59A048B4 
 4294      F3679418 
 4294      EBF0
 4295 1d50 8BB75B6D 		.ascii	"\213\267[m?G\233S03\303\206Z\235\304>d\010R\270h\377"
 4295      3F479B53 
 4295      3033C386 
 4295      5A9DC43E 
 4295      640852B8 
 4296 1d66 1BD1FE5B 		.ascii	"\033\321\376[\321\376\211h\037!\332?\026\355\303MT("
 4296      D1FE8968 
 4296      1F21DA3F 
 4296      16EDC34D 
 4296      5428
 4297 1d78 262B2019 		.ascii	"&+ \031'\034\254C'\212\370\304\247\007\321I\011\011"
 4297      271CAC43 
 4297      278AF8C4 
 4297      A707D149 
 4297      0909
 4298 1d8a 49898329 		.ascii	"I\211\203)\3161\370\263\2101\023?\371p\314\207\237}"
 4298      CE31F8B3 
 4298      8831133F 
 4298      F970CC87 
 4298      9F7D
 4299 1d9c 350E71CA 		.ascii	"5\016q\312\300\020\035\311\\\014f\021\305\004\262\357"
 4299      C0101DC9 
 4299      5C0C6611 
 4299      C504B2EF 
 4300 1dac 58F59877 		.ascii	"X\365\230w'\231\020c\367KfVb\177\261\322\362\240\315"
 4300      27991063 
 4300      F74B6656 
 4300      627FB1D2 
 4300      F2A0CD
 4301 1dbf 8D2738D4 		.ascii	"\215'8\324p\205\245<.I\346eAS''$c\003\364\343\203H\262"
 4301      7085A53C 
 4301      2E49E665 
 4301      41532727 
 4301      246303F4 
 4302 1dd7 8F8F4EA1 		.ascii	"\217\217N\241\311\245G\211\2463\200~\263\362zz\203z"
ARM GAS  C:\Users\angio\AppData\Local\Temp\ccyaVgOo.s 			page 158


 4302      C9A54789 
 4302      A633807E 
 4302      B3F27A7A 
 4302      837A
 4303 1de9 A668B4D8 		.ascii	"\246h\264\330\217q9M\274\027\304\370+G\274\202Q\244"
 4303      8F71394D 
 4303      BC17C4F8 
 4303      2B47BC82 
 4303      51A4
 4304 1dfb 5A03A80E 		.ascii	"Z\003\250\016[,~\263O\266\270\277`2&:YY\307G9\234\264"
 4304      5B2C7EB3 
 4304      4FB6B8BF 
 4304      6032263A 
 4304      5959C747 
 4305 1e12 FBF9D341 		.ascii	"\373\371\323AA\273\240S\216\2417\202\220-\306\026\357"
 4305      41BBA053 
 4305      8EA13782 
 4305      902DC616 
 4305      EF
 4306 1e23 8C625517 		.ascii	"\214bU\027\342qF1\364$\010y\342h\373\235\030\025oub"
 4306      E2714631 
 4306      F4240879 
 4306      E268FB9D 
 4306      18156F75 
 4307 1e38 1BB74E8C 		.ascii	"\033\267N\214\263;S\350\011\355\357\016^\270T\003V@"
 4307      B33B53E8 
 4307      09EDEF0E 
 4307      5EB85403 
 4307      5640
 4308 1e4a 4232CBE5 		.ascii	"B2\313\345\210\341\330[}\300P\246\335\255\227\226\351"
 4308      88E1D85B 
 4308      7DC050A6 
 4308      DDAD9796 
 4308      E9
 4309 1e5b 6476D514 		.ascii	"dv\325\024\235b\307Zu\006j\227\260\024b~\214\015Q\207"
 4309      9D62C75A 
 4309      75066A97 
 4309      B014627E 
 4309      8C0D5187 
 4310 1e6f 31DAF563 		.ascii	"1\332\365cJ\254\177rTb\\\264\025\213\367\015\306\030"
 4310      4AAC7F72 
 4310      54625CB4 
 4310      158BF70D 
 4310      C618
 4311 1e81 E3C0D805 		.ascii	"\343\300\330\005\353%\240\\gB\264_\322\370\361\016\033"
 4311      EB25A05C 
 4311      6742B45F 
 4311      D2F8F10E 
 4311      1B
 4312 1e92 0B9A72D3 		.ascii	"\013\232r\323I\242'\204\323\301E#\033n\215\036\037\033"
 4312      49A22784 
 4312      D3C14523 
 4312      1B6E8D1E 
 4312      1F1B
 4313 1ea4 1287D396 		.ascii	"\022\207\323\2262\230h\355\005k\355\303\212\255!Dw\312"
 4313      329868ED 
 4313      056BEDC3 
ARM GAS  C:\Users\angio\AppData\Local\Temp\ccyaVgOo.s 			page 159


 4313      8AAD2144 
 4313      77CA
 4314 1eb6 6EEBE078 		.ascii	"n\353\340x;\214\212\012\267\322\213\312\264i\235\024"
 4314      3B8C8A0A 
 4314      B7D28BCA 
 4314      B4699D14 
 4315 1ec6 05897E29 		.ascii	"\005\211~)l\346\222h\264d\\\3278\234\322\2178\343Y\242"
 4315      6CE69268 
 4315      B4645CD7 
 4315      389CD28F 
 4315      38E359A2 
 4316 1eda 531252E2 		.ascii	"S\022R\342q\0011\321f\266;y\202\202\2548\320\235\326"
 4316      710131D1 
 4316      66B63B79 
 4316      8282AC38 
 4316      D09DD6
 4317 1eed CF3F8B1C 		.ascii	"\317?\213\03456btPT\374\244\250\311\264\001\323\231"
 4317      35366274 
 4317      5054FCA4 
 4317      A8C9B401 
 4317      D399
 4318 1eff 6CE47F56 		.ascii	"l\344\177V\370X\304\264\354\007\217\034\0239:r\360H"
 4318      F858C4B4 
 4318      EC078F1C 
 4318      13393A72 
 4318      F048
 4319 1f11 F467F068 		.ascii	"\364g\360hwP\022\034q\016klt4m\221\254\352\3512\207"
 4319      7750121C 
 4319      710E6B6C 
 4319      74346D91 
 4319      ACEAE932 
 4320 1f26 8F8514B6 		.ascii	"\217\205\024\266\344\261\340\\\227\222\030m\265~4\304"
 4320      E4B1E05C 
 4320      9792186D 
 4320      B57E34C4 
 4321 1f36 ECFEDA5B 		.ascii	"\354\376\332[EZ\307\343\212\310\032\347\260\207\351"
 4321      455AC7E3 
 4321      8AC81AE7 
 4321      B087E9
 4322 1f45 58D48B68 		.ascii	"X\324\213hqL\234#\352Gt9\316\376'>\252\224\013\232\330"
 4322      714C9C23 
 4322      EA477439 
 4322      CEFE273E 
 4322      AA940B9A 
 4323 1f5a 70994500 		.ascii	"p\231E\000/\304\242w\243\307FF\204\362\021\355\240\""
 4323      2FC4A277 
 4323      A3C74646 
 4323      84F211ED 
 4323      A022
 4324 1f6c DCA33088 		.ascii	"\334\2430\210\337V\234\347\010z\001\345\262%N\212\243"
 4324      DF569CE7 
 4324      087A01E5 
 4324      B2254E8A 
 4324      A3
 4325 1f7d 17E7C273 		.ascii	"\027\347\302s[\"\325\020#\217\371,\362\017\303\344\221"
 4325      5B22D510 
 4325      238FF92C 
ARM GAS  C:\Users\angio\AppData\Local\Temp\ccyaVgOo.s 			page 160


 4325      F20FC3E4 
 4325      91
 4326 1f8e DF8C193B 		.ascii	"\337\214\031;\314?bT\344\250\210\177\036\365\305P\377"
 4326      CC3F6254 
 4326      E4A8887F 
 4326      1EF5C550 
 4326      FF
 4327 1f9f 2F       		.ascii	"/"
 4328 1fa0 BFFD7AE4 		.ascii	"\277\375z\344\270\321\337|=\224\335\037\312\356\017"
 4328      B8D1DF7C 
 4328      3D94DD1F 
 4328      CAEE0F
 4329 1faf 55EF0F51 		.ascii	"U\357\017Q\357\017a\367\207\260\373C\324\373\341\352"
 4329      EF0F61F7 
 4329      87B0FB43 
 4329      D4FBE1EA 
 4330 1fbf FD70763F 		.ascii	"\375pv?\234\335\017\227\306\216\214\2140}\371\315W_"
 4330      9CDD0F97 
 4330      C68E8C8C 
 4330      307DF9CD 
 4330      575F
 4331 1fd1 8CFC7A9C 		.ascii	"\214\374z\234\337W\221\337\342\301\034\371\325\250Q"
 4331      DF5791DF 
 4331      E2C11CF9 
 4331      D5A851
 4332 1fe0 63E9F9A8 		.ascii	"c\351\371\250\357G\322\303\310\261\243\331\341\007z"
 4332      EF47D2C3 
 4332      C8B1A3D9 
 4332      E1077A
 4333 1fef 268D1C17 		.ascii	"&\215\034\027\361\225*l\330\347\377\335\004\322q\037"
 4333      F1952A6C 
 4333      D8E7FFDD 
 4333      04D2711F 
 4334 1fff 9D       		.ascii	"\235"
 4335 2000 301CF367 		.ascii	"0\034\363g\376\342\273q\326q\223\223m\375X$\224\000"
 4335      FEE2BB71 
 4335      D6719393 
 4335      6DFD5824 
 4335      9400
 4336 2012 45F39592 		.ascii	"E\363\225\222\025\307j\212\355\377\003\342\242\275\206"
 4336      15C76A8A 
 4336      EDFF03E2 
 4336      A2BD86
 4337              		.text
 4338              		.section	.gnu.lto_.symtab.1f2b66e5,"e",%progbits
 4339 0000 63685379 		.ascii	"chSysWaitSystemState\000"
 4339      73576169 
 4339      74537973 
 4339      74656D53 
 4339      74617465 
 4340 0015 00       		.ascii	"\000"
 4341 0016 00       		.ascii	"\000"
 4342 0017 00       		.ascii	"\000"
 4343 0018 00000000 		.ascii	"\000\000\000\000\000\000\000\000"
 4343      00000000 
 4344 0020 D7000000 		.ascii	"\327\000\000\000"
 4345 0024 63685F73 		.ascii	"ch_system\000"
ARM GAS  C:\Users\angio\AppData\Local\Temp\ccyaVgOo.s 			page 161


 4345      79737465 
 4345      6D00
 4346 002e 00       		.ascii	"\000"
 4347 002f 00       		.ascii	"\000"
 4348 0030 00       		.ascii	"\000"
 4349 0031 00000000 		.ascii	"\000\000\000\000\000\000\000\000"
 4349      00000000 
 4350 0039 42020000 		.ascii	"B\002\000\000"
 4351 003d 63685379 		.ascii	"chSysInit\000"
 4351      73496E69 
 4351      7400
 4352 0047 00       		.ascii	"\000"
 4353 0048 00       		.ascii	"\000"
 4354 0049 00       		.ascii	"\000"
 4355 004a 00000000 		.ascii	"\000\000\000\000\000\000\000\000"
 4355      00000000 
 4356 0052 D9000000 		.ascii	"\331\000\000\000"
 4357 0056 63683000 		.ascii	"ch0\000"
 4358 005a 00       		.ascii	"\000"
 4359 005b 00       		.ascii	"\000"
 4360 005c 00       		.ascii	"\000"
 4361 005d 00000000 		.ascii	"\000\000\000\000\000\000\000\000"
 4361      00000000 
 4362 0065 44020000 		.ascii	"D\002\000\000"
 4363 0069 63685F63 		.ascii	"ch_core0_cfg\000"
 4363      6F726530 
 4363      5F636667 
 4363      00
 4364 0076 00       		.ascii	"\000"
 4365 0077 00       		.ascii	"\000"
 4366 0078 00       		.ascii	"\000"
 4367 0079 00000000 		.ascii	"\000\000\000\000\000\000\000\000"
 4367      00000000 
 4368 0081 53020000 		.ascii	"S\002\000\000"
 4369 0085 63685379 		.ascii	"chSysHalt\000"
 4369      7348616C 
 4369      7400
 4370 008f 00       		.ascii	"\000"
 4371 0090 00       		.ascii	"\000"
 4372 0091 00       		.ascii	"\000"
 4373 0092 00000000 		.ascii	"\000\000\000\000\000\000\000\000"
 4373      00000000 
 4374 009a E3000000 		.ascii	"\343\000\000\000"
 4375 009e 63685379 		.ascii	"chSysGetIdleThreadX\000"
 4375      73476574 
 4375      49646C65 
 4375      54687265 
 4375      61645800 
 4376 00b2 00       		.ascii	"\000"
 4377 00b3 00       		.ascii	"\000"
 4378 00b4 00       		.ascii	"\000"
 4379 00b5 00000000 		.ascii	"\000\000\000\000\000\000\000\000"
 4379      00000000 
 4380 00bd EB000000 		.ascii	"\353\000\000\000"
 4381 00c1 63685379 		.ascii	"chSysIntegrityCheckI\000"
 4381      73496E74 
 4381      65677269 
ARM GAS  C:\Users\angio\AppData\Local\Temp\ccyaVgOo.s 			page 162


 4381      74794368 
 4381      65636B49 
 4382 00d6 00       		.ascii	"\000"
 4383 00d7 00       		.ascii	"\000"
 4384 00d8 00       		.ascii	"\000"
 4385 00d9 00000000 		.ascii	"\000\000\000\000\000\000\000\000"
 4385      00000000 
 4386 00e1 F3000000 		.ascii	"\363\000\000\000"
 4387 00e5 63685379 		.ascii	"chSysTimerHandlerI\000"
 4387      7354696D 
 4387      65724861 
 4387      6E646C65 
 4387      724900
 4388 00f8 00       		.ascii	"\000"
 4389 00f9 00       		.ascii	"\000"
 4390 00fa 00       		.ascii	"\000"
 4391 00fb 00000000 		.ascii	"\000\000\000\000\000\000\000\000"
 4391      00000000 
 4392 0103 F5000000 		.ascii	"\365\000\000\000"
 4393 0107 63685379 		.ascii	"chSysGetStatusAndLockX\000"
 4393      73476574 
 4393      53746174 
 4393      7573416E 
 4393      644C6F63 
 4394 011e 00       		.ascii	"\000"
 4395 011f 00       		.ascii	"\000"
 4396 0120 00       		.ascii	"\000"
 4397 0121 00000000 		.ascii	"\000\000\000\000\000\000\000\000"
 4397      00000000 
 4398 0129 FC000000 		.ascii	"\374\000\000\000"
 4399 012d 63685379 		.ascii	"chSysRestoreStatusX\000"
 4399      73526573 
 4399      746F7265 
 4399      53746174 
 4399      75735800 
 4400 0141 00       		.ascii	"\000"
 4401 0142 00       		.ascii	"\000"
 4402 0143 00       		.ascii	"\000"
 4403 0144 00000000 		.ascii	"\000\000\000\000\000\000\000\000"
 4403      00000000 
 4404 014c 00010000 		.ascii	"\000\001\000\000"
 4405 0150 63685379 		.ascii	"chSysIsCounterWithinX\000"
 4405      73497343 
 4405      6F756E74 
 4405      65725769 
 4405      7468696E 
 4406 0166 00       		.ascii	"\000"
 4407 0167 00       		.ascii	"\000"
 4408 0168 00       		.ascii	"\000"
 4409 0169 00000000 		.ascii	"\000\000\000\000\000\000\000\000"
 4409      00000000 
 4410 0171 08010000 		.ascii	"\010\001\000\000"
 4411 0175 63685379 		.ascii	"chSysPolledDelayX\000"
 4411      73506F6C 
 4411      6C656444 
 4411      656C6179 
 4411      5800
ARM GAS  C:\Users\angio\AppData\Local\Temp\ccyaVgOo.s 			page 163


 4412 0187 00       		.ascii	"\000"
 4413 0188 00       		.ascii	"\000"
 4414 0189 00       		.ascii	"\000"
 4415 018a 00000000 		.ascii	"\000\000\000\000\000\000\000\000"
 4415      00000000 
 4416 0192 0C010000 		.ascii	"\014\001\000\000"
 4417 0196 6368544D 		.ascii	"chTMStopMeasurementX\000"
 4417      53746F70 
 4417      4D656173 
 4417      7572656D 
 4417      656E7458 
 4418 01ab 00       		.ascii	"\000"
 4419 01ac 02       		.ascii	"\002"
 4420 01ad 00       		.ascii	"\000"
 4421 01ae 00000000 		.ascii	"\000\000\000\000\000\000\000\000"
 4421      00000000 
 4422 01b6 16010000 		.ascii	"\026\001\000\000"
 4423 01ba 6368544D 		.ascii	"chTMStartMeasurementX\000"
 4423      53746172 
 4423      744D6561 
 4423      73757265 
 4423      6D656E74 
 4424 01d0 00       		.ascii	"\000"
 4425 01d1 02       		.ascii	"\002"
 4426 01d2 00       		.ascii	"\000"
 4427 01d3 00000000 		.ascii	"\000\000\000\000\000\000\000\000"
 4427      00000000 
 4428 01db 19010000 		.ascii	"\031\001\000\000"
 4429 01df 6368544D 		.ascii	"chTMObjectInit\000"
 4429      4F626A65 
 4429      6374496E 
 4429      697400
 4430 01ee 00       		.ascii	"\000"
 4431 01ef 02       		.ascii	"\002"
 4432 01f0 00       		.ascii	"\000"
 4433 01f1 00000000 		.ascii	"\000\000\000\000\000\000\000\000"
 4433      00000000 
 4434 01f9 1B010000 		.ascii	"\033\001\000\000"
 4435 01fd 5F5F6661 		.ascii	"__factory_init\000"
 4435      63746F72 
 4435      795F696E 
 4435      697400
 4436 020c 00       		.ascii	"\000"
 4437 020d 02       		.ascii	"\002"
 4438 020e 00       		.ascii	"\000"
 4439 020f 00000000 		.ascii	"\000\000\000\000\000\000\000\000"
 4439      00000000 
 4440 0217 1D010000 		.ascii	"\035\001\000\000"
 4441 021b 5F5F6865 		.ascii	"__heap_init\000"
 4441      61705F69 
 4441      6E697400 
 4442 0227 00       		.ascii	"\000"
 4443 0228 02       		.ascii	"\002"
 4444 0229 00       		.ascii	"\000"
 4445 022a 00000000 		.ascii	"\000\000\000\000\000\000\000\000"
 4445      00000000 
 4446 0232 1F010000 		.ascii	"\037\001\000\000"
ARM GAS  C:\Users\angio\AppData\Local\Temp\ccyaVgOo.s 			page 164


 4447 0236 5F5F636F 		.ascii	"__core_init\000"
 4447      72655F69 
 4447      6E697400 
 4448 0242 00       		.ascii	"\000"
 4449 0243 02       		.ascii	"\002"
 4450 0244 00       		.ascii	"\000"
 4451 0245 00000000 		.ascii	"\000\000\000\000\000\000\000\000"
 4451      00000000 
 4452 024d 21010000 		.ascii	"!\001\000\000"
 4453 0251 6368496E 		.ascii	"chInstanceObjectInit\000"
 4453      7374616E 
 4453      63654F62 
 4453      6A656374 
 4453      496E6974 
 4454 0266 00       		.ascii	"\000"
 4455 0267 02       		.ascii	"\002"
 4456 0268 00       		.ascii	"\000"
 4457 0269 00000000 		.ascii	"\000\000\000\000\000\000\000\000"
 4457      00000000 
 4458 0271 30010000 		.ascii	"0\001\000\000"
 4459 0275 63685654 		.ascii	"chVTDoTickI\000"
 4459      446F5469 
 4459      636B4900 
 4460 0281 00       		.ascii	"\000"
 4461 0282 02       		.ascii	"\002"
 4462 0283 00       		.ascii	"\000"
 4463 0284 00000000 		.ascii	"\000\000\000\000\000\000\000\000"
 4463      00000000 
 4464 028c 32010000 		.ascii	"2\001\000\000"
 4465 0290 63685363 		.ascii	"chSchRescheduleS\000"
 4465      68526573 
 4465      63686564 
 4465      756C6553 
 4465      00
 4466 02a1 00       		.ascii	"\000"
 4467 02a2 02       		.ascii	"\002"
 4468 02a3 00       		.ascii	"\000"
 4469 02a4 00000000 		.ascii	"\000\000\000\000\000\000\000\000"
 4469      00000000 
 4470 02ac 34010000 		.ascii	"4\001\000\000"
 4471              		.text
 4472              		.section	.gnu.lto_.ext_symtab.1f2b66e5,"e",%progbits
 4473 0000 01       		.ascii	"\001"
 4474 0001 01       		.ascii	"\001"
 4475 0002 00       		.ascii	"\000"
 4476 0003 02       		.ascii	"\002"
 4477 0004 01       		.ascii	"\001"
 4478 0005 01       		.ascii	"\001"
 4479 0006 00       		.ascii	"\000"
 4480 0007 02       		.ascii	"\002"
 4481 0008 01       		.ascii	"\001"
 4482 0009 02       		.ascii	"\002"
 4483 000a 00       		.ascii	"\000"
 4484 000b 01       		.ascii	"\001"
 4485 000c 00       		.ascii	"\000"
 4486 000d 01       		.ascii	"\001"
 4487 000e 00       		.ascii	"\000"
ARM GAS  C:\Users\angio\AppData\Local\Temp\ccyaVgOo.s 			page 165


 4488 000f 01       		.ascii	"\001"
 4489 0010 00       		.ascii	"\000"
 4490 0011 01       		.ascii	"\001"
 4491 0012 00       		.ascii	"\000"
 4492 0013 01       		.ascii	"\001"
 4493 0014 00       		.ascii	"\000"
 4494 0015 01       		.ascii	"\001"
 4495 0016 00       		.ascii	"\000"
 4496 0017 01       		.ascii	"\001"
 4497 0018 00       		.ascii	"\000"
 4498 0019 01       		.ascii	"\001"
 4499 001a 00       		.ascii	"\000"
 4500 001b 01       		.ascii	"\001"
 4501 001c 00       		.ascii	"\000"
 4502 001d 01       		.ascii	"\001"
 4503 001e 00       		.ascii	"\000"
 4504 001f 01       		.ascii	"\001"
 4505 0020 00       		.ascii	"\000"
 4506 0021 01       		.ascii	"\001"
 4507 0022 00       		.ascii	"\000"
 4508 0023 01       		.ascii	"\001"
 4509 0024 00       		.ascii	"\000"
 4510 0025 01       		.ascii	"\001"
 4511 0026 00       		.ascii	"\000"
 4512 0027 01       		.ascii	"\001"
 4513 0028 00       		.ascii	"\000"
 4514 0029 01       		.ascii	"\001"
 4515 002a 00       		.ascii	"\000"
 4516 002b 01       		.ascii	"\001"
 4517 002c 00       		.ascii	"\000"
 4518              		.text
 4519              		.section	.gnu.lto_.opts,"e",%progbits
 4520 0000 272D666E 		.ascii	"'-fno-openmp' '-fno-openacc' '-fno-pie' '-fcf-prote"
 4520      6F2D6F70 
 4520      656E6D70 
 4520      2720272D 
 4520      666E6F2D 
 4521 0033 6374696F 		.ascii	"ction=none' '-g' '-mcpu=cortex-m4' '-mthumb' '-mflo"
 4521      6E3D6E6F 
 4521      6E652720 
 4521      272D6727 
 4521      20272D6D 
 4522 0066 61742D61 		.ascii	"at-abi=soft' '-mlibarch=armv7e-m' '-march=armv7e-m'"
 4522      62693D73 
 4522      6F667427 
 4522      20272D6D 
 4522      6C696261 
 4523 0099 20272D4F 		.ascii	" '-O0' '-fomit-frame-pointer' '-falign-functions=16"
 4523      30272027 
 4523      2D666F6D 
 4523      69742D66 
 4523      72616D65 
 4524 00cc 2720272D 		.ascii	"' '-ffunction-sections' '-fdata-sections' '-fno-com"
 4524      6666756E 
 4524      6374696F 
 4524      6E2D7365 
 4524      6374696F 
ARM GAS  C:\Users\angio\AppData\Local\Temp\ccyaVgOo.s 			page 166


 4525 00ff 6D6F6E27 		.ascii	"mon' '-flto' '-Xassembler' '-alms=./build/lst/chsys"
 4525      20272D66 
 4525      6C746F27 
 4525      20272D58 
 4525      61737365 
 4526 0132 2E6C7374 		.ascii	".lst'\000"
 4526      2700
 4527              		.text
 4528              		.comm	__gnu_lto_slim,1,1
 4529              		.ident	"GCC: (GNU Arm Embedded Toolchain 10.3-2021.10) 10.3.1 20210824 (release)"
ARM GAS  C:\Users\angio\AppData\Local\Temp\ccyaVgOo.s 			page 167


DEFINED SYMBOLS
                            *ABS*:00000000 chsys.c
C:\Users\angio\AppData\Local\Temp\ccyaVgOo.s:37     .gnu.debuglto_.debug_info:00000000 chsys.c.e5040eea
                            *COM*:00000001 __gnu_lto_slim

NO UNDEFINED SYMBOLS
