ARM GAS  C:\Users\angio\AppData\Local\Temp\cct64V7j.s 			page 1


   1              		.cpu cortex-m4
   2              		.arch armv7e-m
   3              		.fpu softvfp
   4              		.eabi_attribute 20, 1
   5              		.eabi_attribute 21, 1
   6              		.eabi_attribute 23, 3
   7              		.eabi_attribute 24, 1
   8              		.eabi_attribute 25, 1
   9              		.eabi_attribute 26, 1
  10              		.eabi_attribute 30, 6
  11              		.eabi_attribute 34, 1
  12              		.eabi_attribute 18, 4
  13              		.file	"hal_gpt_lld.c"
  14              		.file 1 "c:\\chibistudio\\tools\\gnu tools arm embedded\\10.3 2021.10\\arm-none-eabi\\include\\mac
  15              		.file 2 "c:\\chibistudio\\tools\\gnu tools arm embedded\\10.3 2021.10\\arm-none-eabi\\include\\sys
  16              		.file 3 "../../chibios2111/os/common/ext/ST/STM32G4xx/stm32g474xx.h"
  17              		.file 4 "../../chibios2111/os/hal/ports/STM32/LLD/TIMv1/stm32_tim.h"
  18              		.file 5 "../../chibios2111/os/hal/include/hal_gpt.h"
  19              		.file 6 "../../chibios2111/os/hal/ports/STM32/LLD/TIMv1/hal_gpt_lld.h"
  20              		.file 7 "../../chibios2111/os/hal/ports/STM32/LLD/TIMv1/hal_gpt_lld.c"
  21              		.section	.gnu.debuglto_.debug_info,"e",%progbits
  22              	.Ldebug_info0:
  23              		.hidden	hal_gpt_lld.c.c095cc58
  24              		.weak	hal_gpt_lld.c.c095cc58
  25              	hal_gpt_lld.c.c095cc58:
  26 0000 0A070000 		.4byte	0x70a
  27 0004 0400     		.2byte	0x4
  28 0006 00000000 		.4byte	.Ldebug_abbrev0
  29 000a 04       		.byte	0x4
  30 000b 01       		.uleb128 0x1
  31 000c 46000000 		.4byte	.LASF94
  32 0010 0C       		.byte	0xc
  33 0011 9B010000 		.4byte	.LASF95
  34 0015 10000000 		.4byte	.LASF96
  35 0019 00000000 		.4byte	.Ldebug_line0
  36 001d 02       		.uleb128 0x2
  37 001e 04       		.byte	0x4
  38 001f 05       		.byte	0x5
  39 0020 696E7400 		.ascii	"int\000"
  40 0024 03       		.uleb128 0x3
  41 0025 04       		.byte	0x4
  42 0026 07       		.byte	0x7
  43 0027 F7020000 		.4byte	.LASF0
  44 002b 03       		.uleb128 0x3
  45 002c 08       		.byte	0x8
  46 002d 05       		.byte	0x5
  47 002e 2B020000 		.4byte	.LASF1
  48 0032 03       		.uleb128 0x3
  49 0033 08       		.byte	0x8
  50 0034 04       		.byte	0x4
  51 0035 51010000 		.4byte	.LASF2
  52 0039 03       		.uleb128 0x3
  53 003a 01       		.byte	0x1
  54 003b 06       		.byte	0x6
  55 003c C4020000 		.4byte	.LASF3
  56 0040 03       		.uleb128 0x3
  57 0041 01       		.byte	0x1
ARM GAS  C:\Users\angio\AppData\Local\Temp\cct64V7j.s 			page 2


  58 0042 08       		.byte	0x8
  59 0043 92020000 		.4byte	.LASF4
  60 0047 03       		.uleb128 0x3
  61 0048 02       		.byte	0x2
  62 0049 05       		.byte	0x5
  63 004a 91010000 		.4byte	.LASF5
  64 004e 04       		.uleb128 0x4
  65 004f 71010000 		.4byte	.LASF8
  66 0053 01       		.byte	0x1
  67 0054 39       		.byte	0x39
  68 0055 19       		.byte	0x19
  69 0056 5A000000 		.4byte	0x5a
  70 005a 03       		.uleb128 0x3
  71 005b 02       		.byte	0x2
  72 005c 07       		.byte	0x7
  73 005d 1A040000 		.4byte	.LASF6
  74 0061 03       		.uleb128 0x3
  75 0062 04       		.byte	0x4
  76 0063 05       		.byte	0x5
  77 0064 44020000 		.4byte	.LASF7
  78 0068 04       		.uleb128 0x4
  79 0069 5D010000 		.4byte	.LASF9
  80 006d 01       		.byte	0x1
  81 006e 4F       		.byte	0x4f
  82 006f 19       		.byte	0x19
  83 0070 74000000 		.4byte	0x74
  84 0074 03       		.uleb128 0x3
  85 0075 04       		.byte	0x4
  86 0076 07       		.byte	0x7
  87 0077 24030000 		.4byte	.LASF10
  88 007b 03       		.uleb128 0x3
  89 007c 08       		.byte	0x8
  90 007d 07       		.byte	0x7
  91 007e D0020000 		.4byte	.LASF11
  92 0082 04       		.uleb128 0x4
  93 0083 0D030000 		.4byte	.LASF12
  94 0087 02       		.byte	0x2
  95 0088 24       		.byte	0x24
  96 0089 14       		.byte	0x14
  97 008a 4E000000 		.4byte	0x4e
  98 008e 04       		.uleb128 0x4
  99 008f F0010000 		.4byte	.LASF13
 100 0093 02       		.byte	0x2
 101 0094 30       		.byte	0x30
 102 0095 14       		.byte	0x14
 103 0096 68000000 		.4byte	0x68
 104 009a 05       		.uleb128 0x5
 105 009b 8E000000 		.4byte	0x8e
 106 009f 03       		.uleb128 0x3
 107 00a0 01       		.byte	0x1
 108 00a1 08       		.byte	0x8
 109 00a2 5A030000 		.4byte	.LASF14
 110 00a6 06       		.uleb128 0x6
 111 00a7 9F000000 		.4byte	0x9f
 112 00ab 07       		.uleb128 0x7
 113 00ac 9A000000 		.4byte	0x9a
 114 00b0 BB000000 		.4byte	0xbb
ARM GAS  C:\Users\angio\AppData\Local\Temp\cct64V7j.s 			page 3


 115 00b4 08       		.uleb128 0x8
 116 00b5 24000000 		.4byte	0x24
 117 00b9 01       		.byte	0x1
 118 00ba 00       		.byte	0
 119 00bb 05       		.uleb128 0x5
 120 00bc AB000000 		.4byte	0xab
 121 00c0 09       		.uleb128 0x9
 122 00c1 A0       		.byte	0xa0
 123 00c2 03       		.byte	0x3
 124 00c3 9902     		.2byte	0x299
 125 00c5 09       		.byte	0x9
 126 00c6 FA020000 		.4byte	0x2fa
 127 00ca 0A       		.uleb128 0xa
 128 00cb 435200   		.ascii	"CR\000"
 129 00ce 03       		.byte	0x3
 130 00cf 9B02     		.2byte	0x29b
 131 00d1 11       		.byte	0x11
 132 00d2 9A000000 		.4byte	0x9a
 133 00d6 00       		.byte	0
 134 00d7 0B       		.uleb128 0xb
 135 00d8 54030000 		.4byte	.LASF15
 136 00dc 03       		.byte	0x3
 137 00dd 9C02     		.2byte	0x29c
 138 00df 11       		.byte	0x11
 139 00e0 9A000000 		.4byte	0x9a
 140 00e4 04       		.byte	0x4
 141 00e5 0B       		.uleb128 0xb
 142 00e6 DF010000 		.4byte	.LASF16
 143 00ea 03       		.byte	0x3
 144 00eb 9D02     		.2byte	0x29d
 145 00ed 11       		.byte	0x11
 146 00ee 9A000000 		.4byte	0x9a
 147 00f2 08       		.byte	0x8
 148 00f3 0B       		.uleb128 0xb
 149 00f4 AE020000 		.4byte	.LASF17
 150 00f8 03       		.byte	0x3
 151 00f9 9E02     		.2byte	0x29e
 152 00fb 11       		.byte	0x11
 153 00fc 9A000000 		.4byte	0x9a
 154 0100 0C       		.byte	0xc
 155 0101 0B       		.uleb128 0xb
 156 0102 A8030000 		.4byte	.LASF18
 157 0106 03       		.byte	0x3
 158 0107 9F02     		.2byte	0x29f
 159 0109 11       		.byte	0x11
 160 010a 8E000000 		.4byte	0x8e
 161 010e 10       		.byte	0x10
 162 010f 0B       		.uleb128 0xb
 163 0110 B2030000 		.4byte	.LASF19
 164 0114 03       		.byte	0x3
 165 0115 A002     		.2byte	0x2a0
 166 0117 11       		.byte	0x11
 167 0118 8E000000 		.4byte	0x8e
 168 011c 14       		.byte	0x14
 169 011d 0B       		.uleb128 0xb
 170 011e 3E010000 		.4byte	.LASF20
 171 0122 03       		.byte	0x3
ARM GAS  C:\Users\angio\AppData\Local\Temp\cct64V7j.s 			page 4


 172 0123 A102     		.2byte	0x2a1
 173 0125 11       		.byte	0x11
 174 0126 9A000000 		.4byte	0x9a
 175 012a 18       		.byte	0x18
 176 012b 0B       		.uleb128 0xb
 177 012c 15040000 		.4byte	.LASF21
 178 0130 03       		.byte	0x3
 179 0131 A202     		.2byte	0x2a2
 180 0133 11       		.byte	0x11
 181 0134 9A000000 		.4byte	0x9a
 182 0138 1C       		.byte	0x1c
 183 0139 0B       		.uleb128 0xb
 184 013a F2020000 		.4byte	.LASF22
 185 013e 03       		.byte	0x3
 186 013f A302     		.2byte	0x2a3
 187 0141 11       		.byte	0x11
 188 0142 9A000000 		.4byte	0x9a
 189 0146 20       		.byte	0x20
 190 0147 0B       		.uleb128 0xb
 191 0148 BC030000 		.4byte	.LASF23
 192 014c 03       		.byte	0x3
 193 014d A402     		.2byte	0x2a4
 194 014f 11       		.byte	0x11
 195 0150 8E000000 		.4byte	0x8e
 196 0154 24       		.byte	0x24
 197 0155 0B       		.uleb128 0xb
 198 0156 7D040000 		.4byte	.LASF24
 199 015a 03       		.byte	0x3
 200 015b A502     		.2byte	0x2a5
 201 015d 11       		.byte	0x11
 202 015e 9A000000 		.4byte	0x9a
 203 0162 28       		.byte	0x28
 204 0163 0B       		.uleb128 0xb
 205 0164 04030000 		.4byte	.LASF25
 206 0168 03       		.byte	0x3
 207 0169 A602     		.2byte	0x2a6
 208 016b 11       		.byte	0x11
 209 016c 9A000000 		.4byte	0x9a
 210 0170 2C       		.byte	0x2c
 211 0171 0B       		.uleb128 0xb
 212 0172 9A040000 		.4byte	.LASF26
 213 0176 03       		.byte	0x3
 214 0177 A702     		.2byte	0x2a7
 215 0179 11       		.byte	0x11
 216 017a 9A000000 		.4byte	0x9a
 217 017e 30       		.byte	0x30
 218 017f 0B       		.uleb128 0xb
 219 0180 C6030000 		.4byte	.LASF27
 220 0184 03       		.byte	0x3
 221 0185 A802     		.2byte	0x2a8
 222 0187 11       		.byte	0x11
 223 0188 8E000000 		.4byte	0x8e
 224 018c 34       		.byte	0x34
 225 018d 0B       		.uleb128 0xb
 226 018e 86040000 		.4byte	.LASF28
 227 0192 03       		.byte	0x3
 228 0193 A902     		.2byte	0x2a9
ARM GAS  C:\Users\angio\AppData\Local\Temp\cct64V7j.s 			page 5


 229 0195 11       		.byte	0x11
 230 0196 9A000000 		.4byte	0x9a
 231 019a 38       		.byte	0x38
 232 019b 0B       		.uleb128 0xb
 233 019c 0B010000 		.4byte	.LASF29
 234 01a0 03       		.byte	0x3
 235 01a1 AA02     		.2byte	0x2aa
 236 01a3 11       		.byte	0x11
 237 01a4 9A000000 		.4byte	0x9a
 238 01a8 3C       		.byte	0x3c
 239 01a9 0B       		.uleb128 0xb
 240 01aa 69020000 		.4byte	.LASF30
 241 01ae 03       		.byte	0x3
 242 01af AB02     		.2byte	0x2ab
 243 01b1 11       		.byte	0x11
 244 01b2 9A000000 		.4byte	0x9a
 245 01b6 40       		.byte	0x40
 246 01b7 0B       		.uleb128 0xb
 247 01b8 D0030000 		.4byte	.LASF31
 248 01bc 03       		.byte	0x3
 249 01bd AC02     		.2byte	0x2ac
 250 01bf 11       		.byte	0x11
 251 01c0 8E000000 		.4byte	0x8e
 252 01c4 44       		.byte	0x44
 253 01c5 0B       		.uleb128 0xb
 254 01c6 3A040000 		.4byte	.LASF32
 255 01ca 03       		.byte	0x3
 256 01cb AD02     		.2byte	0x2ad
 257 01cd 11       		.byte	0x11
 258 01ce 9A000000 		.4byte	0x9a
 259 01d2 48       		.byte	0x48
 260 01d3 0B       		.uleb128 0xb
 261 01d4 15010000 		.4byte	.LASF33
 262 01d8 03       		.byte	0x3
 263 01d9 AE02     		.2byte	0x2ae
 264 01db 11       		.byte	0x11
 265 01dc 9A000000 		.4byte	0x9a
 266 01e0 4C       		.byte	0x4c
 267 01e1 0B       		.uleb128 0xb
 268 01e2 10020000 		.4byte	.LASF34
 269 01e6 03       		.byte	0x3
 270 01e7 AF02     		.2byte	0x2af
 271 01e9 11       		.byte	0x11
 272 01ea 9A000000 		.4byte	0x9a
 273 01ee 50       		.byte	0x50
 274 01ef 0B       		.uleb128 0xb
 275 01f0 DA030000 		.4byte	.LASF35
 276 01f4 03       		.byte	0x3
 277 01f5 B002     		.2byte	0x2b0
 278 01f7 11       		.byte	0x11
 279 01f8 8E000000 		.4byte	0x8e
 280 01fc 54       		.byte	0x54
 281 01fd 0B       		.uleb128 0xb
 282 01fe 3B030000 		.4byte	.LASF36
 283 0202 03       		.byte	0x3
 284 0203 B102     		.2byte	0x2b1
 285 0205 11       		.byte	0x11
ARM GAS  C:\Users\angio\AppData\Local\Temp\cct64V7j.s 			page 6


 286 0206 9A000000 		.4byte	0x9a
 287 020a 58       		.byte	0x58
 288 020b 0B       		.uleb128 0xb
 289 020c 44030000 		.4byte	.LASF37
 290 0210 03       		.byte	0x3
 291 0211 B202     		.2byte	0x2b2
 292 0213 11       		.byte	0x11
 293 0214 9A000000 		.4byte	0x9a
 294 0218 5C       		.byte	0x5c
 295 0219 0B       		.uleb128 0xb
 296 021a B6020000 		.4byte	.LASF38
 297 021e 03       		.byte	0x3
 298 021f B302     		.2byte	0x2b3
 299 0221 11       		.byte	0x11
 300 0222 9A000000 		.4byte	0x9a
 301 0226 60       		.byte	0x60
 302 0227 0B       		.uleb128 0xb
 303 0228 E4030000 		.4byte	.LASF39
 304 022c 03       		.byte	0x3
 305 022d B402     		.2byte	0x2b4
 306 022f 11       		.byte	0x11
 307 0230 8E000000 		.4byte	0x8e
 308 0234 64       		.byte	0x64
 309 0235 0B       		.uleb128 0xb
 310 0236 90040000 		.4byte	.LASF40
 311 023a 03       		.byte	0x3
 312 023b B502     		.2byte	0x2b5
 313 023d 11       		.byte	0x11
 314 023e 9A000000 		.4byte	0x9a
 315 0242 68       		.byte	0x68
 316 0243 0B       		.uleb128 0xb
 317 0244 5F020000 		.4byte	.LASF41
 318 0248 03       		.byte	0x3
 319 0249 B602     		.2byte	0x2b6
 320 024b 11       		.byte	0x11
 321 024c 9A000000 		.4byte	0x9a
 322 0250 6C       		.byte	0x6c
 323 0251 0B       		.uleb128 0xb
 324 0252 73040000 		.4byte	.LASF42
 325 0256 03       		.byte	0x3
 326 0257 B702     		.2byte	0x2b7
 327 0259 11       		.byte	0x11
 328 025a 9A000000 		.4byte	0x9a
 329 025e 70       		.byte	0x70
 330 025f 0B       		.uleb128 0xb
 331 0260 EE030000 		.4byte	.LASF43
 332 0264 03       		.byte	0x3
 333 0265 B802     		.2byte	0x2b8
 334 0267 11       		.byte	0x11
 335 0268 8E000000 		.4byte	0x8e
 336 026c 74       		.byte	0x74
 337 026d 0B       		.uleb128 0xb
 338 026e E7020000 		.4byte	.LASF44
 339 0272 03       		.byte	0x3
 340 0273 B902     		.2byte	0x2b9
 341 0275 11       		.byte	0x11
 342 0276 9A000000 		.4byte	0x9a
ARM GAS  C:\Users\angio\AppData\Local\Temp\cct64V7j.s 			page 7


 343 027a 78       		.byte	0x78
 344 027b 0B       		.uleb128 0xb
 345 027c 39020000 		.4byte	.LASF45
 346 0280 03       		.byte	0x3
 347 0281 BA02     		.2byte	0x2ba
 348 0283 11       		.byte	0x11
 349 0284 9A000000 		.4byte	0x9a
 350 0288 7C       		.byte	0x7c
 351 0289 0B       		.uleb128 0xb
 352 028a 5F030000 		.4byte	.LASF46
 353 028e 03       		.byte	0x3
 354 028f BB02     		.2byte	0x2bb
 355 0291 11       		.byte	0x11
 356 0292 9A000000 		.4byte	0x9a
 357 0296 80       		.byte	0x80
 358 0297 0B       		.uleb128 0xb
 359 0298 F8030000 		.4byte	.LASF47
 360 029c 03       		.byte	0x3
 361 029d BC02     		.2byte	0x2bc
 362 029f 11       		.byte	0x11
 363 02a0 8E000000 		.4byte	0x8e
 364 02a4 84       		.byte	0x84
 365 02a5 0B       		.uleb128 0xb
 366 02a6 38010000 		.4byte	.LASF48
 367 02aa 03       		.byte	0x3
 368 02ab BD02     		.2byte	0x2bd
 369 02ad 11       		.byte	0x11
 370 02ae 9A000000 		.4byte	0x9a
 371 02b2 88       		.byte	0x88
 372 02b3 0B       		.uleb128 0xb
 373 02b4 02040000 		.4byte	.LASF49
 374 02b8 03       		.byte	0x3
 375 02b9 BE02     		.2byte	0x2be
 376 02bb 11       		.byte	0x11
 377 02bc 8E000000 		.4byte	0x8e
 378 02c0 8C       		.byte	0x8c
 379 02c1 0B       		.uleb128 0xb
 380 02c2 33010000 		.4byte	.LASF50
 381 02c6 03       		.byte	0x3
 382 02c7 BF02     		.2byte	0x2bf
 383 02c9 11       		.byte	0x11
 384 02ca 9A000000 		.4byte	0x9a
 385 02ce 90       		.byte	0x90
 386 02cf 0A       		.uleb128 0xa
 387 02d0 43535200 		.ascii	"CSR\000"
 388 02d4 03       		.byte	0x3
 389 02d5 C002     		.2byte	0x2c0
 390 02d7 11       		.byte	0x11
 391 02d8 9A000000 		.4byte	0x9a
 392 02dc 94       		.byte	0x94
 393 02dd 0B       		.uleb128 0xb
 394 02de BE020000 		.4byte	.LASF51
 395 02e2 03       		.byte	0x3
 396 02e3 C102     		.2byte	0x2c1
 397 02e5 11       		.byte	0x11
 398 02e6 9A000000 		.4byte	0x9a
 399 02ea 98       		.byte	0x98
ARM GAS  C:\Users\angio\AppData\Local\Temp\cct64V7j.s 			page 8


 400 02eb 0B       		.uleb128 0xb
 401 02ec 4D030000 		.4byte	.LASF52
 402 02f0 03       		.byte	0x3
 403 02f1 C202     		.2byte	0x2c2
 404 02f3 11       		.byte	0x11
 405 02f4 9A000000 		.4byte	0x9a
 406 02f8 9C       		.byte	0x9c
 407 02f9 00       		.byte	0
 408 02fa 0C       		.uleb128 0xc
 409 02fb 53020000 		.4byte	.LASF53
 410 02ff 03       		.byte	0x3
 411 0300 C302     		.2byte	0x2c3
 412 0302 03       		.byte	0x3
 413 0303 C0000000 		.4byte	0xc0
 414 0307 07       		.uleb128 0x7
 415 0308 9A000000 		.4byte	0x9a
 416 030c 17030000 		.4byte	0x317
 417 0310 08       		.uleb128 0x8
 418 0311 24000000 		.4byte	0x24
 419 0315 03       		.byte	0x3
 420 0316 00       		.byte	0
 421 0317 05       		.uleb128 0x5
 422 0318 07030000 		.4byte	0x307
 423 031c 03       		.uleb128 0x3
 424 031d 01       		.byte	0x1
 425 031e 02       		.byte	0x2
 426 031f 7F030000 		.4byte	.LASF54
 427 0323 0D       		.uleb128 0xd
 428 0324 E403     		.2byte	0x3e4
 429 0326 04       		.byte	0x4
 430 0327 F601     		.2byte	0x1f6
 431 0329 09       		.byte	0x9
 432 032a 9B040000 		.4byte	0x49b
 433 032e 0A       		.uleb128 0xa
 434 032f 43523100 		.ascii	"CR1\000"
 435 0333 04       		.byte	0x4
 436 0334 F701     		.2byte	0x1f7
 437 0336 19       		.byte	0x19
 438 0337 9A000000 		.4byte	0x9a
 439 033b 00       		.byte	0
 440 033c 0A       		.uleb128 0xa
 441 033d 43523200 		.ascii	"CR2\000"
 442 0341 04       		.byte	0x4
 443 0342 F801     		.2byte	0x1f8
 444 0344 19       		.byte	0x19
 445 0345 9A000000 		.4byte	0x9a
 446 0349 04       		.byte	0x4
 447 034a 0B       		.uleb128 0xb
 448 034b A0020000 		.4byte	.LASF55
 449 034f 04       		.byte	0x4
 450 0350 F901     		.2byte	0x1f9
 451 0352 19       		.byte	0x19
 452 0353 9A000000 		.4byte	0x9a
 453 0357 08       		.byte	0x8
 454 0358 0B       		.uleb128 0xb
 455 0359 36030000 		.4byte	.LASF56
 456 035d 04       		.byte	0x4
ARM GAS  C:\Users\angio\AppData\Local\Temp\cct64V7j.s 			page 9


 457 035e FA01     		.2byte	0x1fa
 458 0360 19       		.byte	0x19
 459 0361 9A000000 		.4byte	0x9a
 460 0365 0C       		.byte	0xc
 461 0366 0A       		.uleb128 0xa
 462 0367 535200   		.ascii	"SR\000"
 463 036a 04       		.byte	0x4
 464 036b FB01     		.2byte	0x1fb
 465 036d 19       		.byte	0x19
 466 036e 9A000000 		.4byte	0x9a
 467 0372 10       		.byte	0x10
 468 0373 0A       		.uleb128 0xa
 469 0374 45475200 		.ascii	"EGR\000"
 470 0378 04       		.byte	0x4
 471 0379 FC01     		.2byte	0x1fc
 472 037b 19       		.byte	0x19
 473 037c 9A000000 		.4byte	0x9a
 474 0380 14       		.byte	0x14
 475 0381 0B       		.uleb128 0xb
 476 0382 86020000 		.4byte	.LASF57
 477 0386 04       		.byte	0x4
 478 0387 FD01     		.2byte	0x1fd
 479 0389 19       		.byte	0x19
 480 038a 9A000000 		.4byte	0x9a
 481 038e 18       		.byte	0x18
 482 038f 0B       		.uleb128 0xb
 483 0390 28010000 		.4byte	.LASF58
 484 0394 04       		.byte	0x4
 485 0395 FE01     		.2byte	0x1fe
 486 0397 19       		.byte	0x19
 487 0398 9A000000 		.4byte	0x9a
 488 039c 1C       		.byte	0x1c
 489 039d 0B       		.uleb128 0xb
 490 039e 00000000 		.4byte	.LASF59
 491 03a2 04       		.byte	0x4
 492 03a3 FF01     		.2byte	0x1ff
 493 03a5 19       		.byte	0x19
 494 03a6 9A000000 		.4byte	0x9a
 495 03aa 20       		.byte	0x20
 496 03ab 0A       		.uleb128 0xa
 497 03ac 434E5400 		.ascii	"CNT\000"
 498 03b0 04       		.byte	0x4
 499 03b1 0002     		.2byte	0x200
 500 03b3 19       		.byte	0x19
 501 03b4 9A000000 		.4byte	0x9a
 502 03b8 24       		.byte	0x24
 503 03b9 0A       		.uleb128 0xa
 504 03ba 50534300 		.ascii	"PSC\000"
 505 03be 04       		.byte	0x4
 506 03bf 0102     		.2byte	0x201
 507 03c1 19       		.byte	0x19
 508 03c2 9A000000 		.4byte	0x9a
 509 03c6 28       		.byte	0x28
 510 03c7 0A       		.uleb128 0xa
 511 03c8 41525200 		.ascii	"ARR\000"
 512 03cc 04       		.byte	0x4
 513 03cd 0202     		.2byte	0x202
ARM GAS  C:\Users\angio\AppData\Local\Temp\cct64V7j.s 			page 10


 514 03cf 19       		.byte	0x19
 515 03d0 9A000000 		.4byte	0x9a
 516 03d4 2C       		.byte	0x2c
 517 03d5 0A       		.uleb128 0xa
 518 03d6 52435200 		.ascii	"RCR\000"
 519 03da 04       		.byte	0x4
 520 03db 0302     		.2byte	0x203
 521 03dd 19       		.byte	0x19
 522 03de 9A000000 		.4byte	0x9a
 523 03e2 30       		.byte	0x30
 524 03e3 0A       		.uleb128 0xa
 525 03e4 43435200 		.ascii	"CCR\000"
 526 03e8 04       		.byte	0x4
 527 03e9 0402     		.2byte	0x204
 528 03eb 19       		.byte	0x19
 529 03ec 17030000 		.4byte	0x317
 530 03f0 34       		.byte	0x34
 531 03f1 0B       		.uleb128 0xb
 532 03f2 75030000 		.4byte	.LASF60
 533 03f6 04       		.byte	0x4
 534 03f7 0502     		.2byte	0x205
 535 03f9 19       		.byte	0x19
 536 03fa 9A000000 		.4byte	0x9a
 537 03fe 44       		.byte	0x44
 538 03ff 0B       		.uleb128 0xb
 539 0400 2E010000 		.4byte	.LASF61
 540 0404 04       		.byte	0x4
 541 0405 0702     		.2byte	0x207
 542 0407 19       		.byte	0x19
 543 0408 BB000000 		.4byte	0xbb
 544 040c 48       		.byte	0x48
 545 040d 0B       		.uleb128 0xb
 546 040e 8C020000 		.4byte	.LASF62
 547 0412 04       		.byte	0x4
 548 0413 0802     		.2byte	0x208
 549 0415 19       		.byte	0x19
 550 0416 9A000000 		.4byte	0x9a
 551 041a 50       		.byte	0x50
 552 041b 0B       		.uleb128 0xb
 553 041c 7A030000 		.4byte	.LASF63
 554 0420 04       		.byte	0x4
 555 0421 0902     		.2byte	0x209
 556 0423 19       		.byte	0x19
 557 0424 9A000000 		.4byte	0x9a
 558 0428 54       		.byte	0x54
 559 0429 0A       		.uleb128 0xa
 560 042a 45435200 		.ascii	"ECR\000"
 561 042e 04       		.byte	0x4
 562 042f 0A02     		.2byte	0x20a
 563 0431 19       		.byte	0x19
 564 0432 9A000000 		.4byte	0x9a
 565 0436 58       		.byte	0x58
 566 0437 0B       		.uleb128 0xb
 567 0438 F9010000 		.4byte	.LASF64
 568 043c 04       		.byte	0x4
 569 043d 0B02     		.2byte	0x20b
 570 043f 19       		.byte	0x19
ARM GAS  C:\Users\angio\AppData\Local\Temp\cct64V7j.s 			page 11


 571 0440 9A000000 		.4byte	0x9a
 572 0444 5C       		.byte	0x5c
 573 0445 0A       		.uleb128 0xa
 574 0446 41463100 		.ascii	"AF1\000"
 575 044a 04       		.byte	0x4
 576 044b 0C02     		.2byte	0x20c
 577 044d 19       		.byte	0x19
 578 044e 9A000000 		.4byte	0x9a
 579 0452 60       		.byte	0x60
 580 0453 0A       		.uleb128 0xa
 581 0454 41463200 		.ascii	"AF2\000"
 582 0458 04       		.byte	0x4
 583 0459 0D02     		.2byte	0x20d
 584 045b 19       		.byte	0x19
 585 045c 9A000000 		.4byte	0x9a
 586 0460 64       		.byte	0x64
 587 0461 0A       		.uleb128 0xa
 588 0462 4F5200   		.ascii	"OR\000"
 589 0465 04       		.byte	0x4
 590 0466 0E02     		.2byte	0x20e
 591 0468 19       		.byte	0x19
 592 0469 9A000000 		.4byte	0x9a
 593 046d 68       		.byte	0x68
 594 046e 0B       		.uleb128 0xb
 595 046f A8030000 		.4byte	.LASF18
 596 0473 04       		.byte	0x4
 597 0474 0F02     		.2byte	0x20f
 598 0476 19       		.byte	0x19
 599 0477 AB040000 		.4byte	0x4ab
 600 047b 6C       		.byte	0x6c
 601 047c 0E       		.uleb128 0xe
 602 047d 44435200 		.ascii	"DCR\000"
 603 0481 04       		.byte	0x4
 604 0482 1002     		.2byte	0x210
 605 0484 19       		.byte	0x19
 606 0485 9A000000 		.4byte	0x9a
 607 0489 DC03     		.2byte	0x3dc
 608 048b 0F       		.uleb128 0xf
 609 048c 1D010000 		.4byte	.LASF65
 610 0490 04       		.byte	0x4
 611 0491 1102     		.2byte	0x211
 612 0493 19       		.byte	0x19
 613 0494 9A000000 		.4byte	0x9a
 614 0498 E003     		.2byte	0x3e0
 615 049a 00       		.byte	0
 616 049b 07       		.uleb128 0x7
 617 049c 9A000000 		.4byte	0x9a
 618 04a0 AB040000 		.4byte	0x4ab
 619 04a4 08       		.uleb128 0x8
 620 04a5 24000000 		.4byte	0x24
 621 04a9 DB       		.byte	0xdb
 622 04aa 00       		.byte	0
 623 04ab 05       		.uleb128 0x5
 624 04ac 9B040000 		.4byte	0x49b
 625 04b0 0C       		.uleb128 0xc
 626 04b1 69030000 		.4byte	.LASF66
 627 04b5 04       		.byte	0x4
ARM GAS  C:\Users\angio\AppData\Local\Temp\cct64V7j.s 			page 12


 628 04b6 1902     		.2byte	0x219
 629 04b8 03       		.byte	0x3
 630 04b9 23030000 		.4byte	0x323
 631 04bd 10       		.uleb128 0x10
 632 04be 07       		.byte	0x7
 633 04bf 01       		.byte	0x1
 634 04c0 40000000 		.4byte	0x40
 635 04c4 05       		.byte	0x5
 636 04c5 31       		.byte	0x31
 637 04c6 0E       		.byte	0xe
 638 04c7 EA040000 		.4byte	0x4ea
 639 04cb 11       		.uleb128 0x11
 640 04cc 05000000 		.4byte	.LASF67
 641 04d0 00       		.byte	0
 642 04d1 11       		.uleb128 0x11
 643 04d2 A3040000 		.4byte	.LASF68
 644 04d6 01       		.byte	0x1
 645 04d7 11       		.uleb128 0x11
 646 04d8 94030000 		.4byte	.LASF69
 647 04dc 02       		.byte	0x2
 648 04dd 11       		.uleb128 0x11
 649 04de 85030000 		.4byte	.LASF70
 650 04e2 03       		.byte	0x3
 651 04e3 11       		.uleb128 0x11
 652 04e4 E4010000 		.4byte	.LASF71
 653 04e8 04       		.byte	0x4
 654 04e9 00       		.byte	0
 655 04ea 04       		.uleb128 0x4
 656 04eb FF010000 		.4byte	.LASF72
 657 04ef 05       		.byte	0x5
 658 04f0 37       		.byte	0x37
 659 04f1 03       		.byte	0x3
 660 04f2 BD040000 		.4byte	0x4bd
 661 04f6 04       		.uleb128 0x4
 662 04f7 9E030000 		.4byte	.LASF73
 663 04fb 05       		.byte	0x5
 664 04fc 3C       		.byte	0x3c
 665 04fd 1A       		.byte	0x1a
 666 04fe 02050000 		.4byte	0x502
 667 0502 12       		.uleb128 0x12
 668 0503 9E030000 		.4byte	.LASF73
 669 0507 10       		.byte	0x10
 670 0508 06       		.byte	0x6
 671 0509 3003     		.2byte	0x330
 672 050b 08       		.byte	0x8
 673 050c 49050000 		.4byte	0x549
 674 0510 0B       		.uleb128 0xb
 675 0511 22010000 		.4byte	.LASF74
 676 0515 06       		.byte	0x6
 677 0516 3403     		.2byte	0x334
 678 0518 1D       		.byte	0x1d
 679 0519 EA040000 		.4byte	0x4ea
 680 051d 00       		.byte	0
 681 051e 0B       		.uleb128 0xb
 682 051f D8010000 		.4byte	.LASF75
 683 0523 06       		.byte	0x6
 684 0524 3803     		.2byte	0x338
ARM GAS  C:\Users\angio\AppData\Local\Temp\cct64V7j.s 			page 13


 685 0526 1E       		.byte	0x1e
 686 0527 DB050000 		.4byte	0x5db
 687 052b 04       		.byte	0x4
 688 052c 0B       		.uleb128 0xb
 689 052d 4D020000 		.4byte	.LASF76
 690 0531 06       		.byte	0x6
 691 0532 4003     		.2byte	0x340
 692 0534 1D       		.byte	0x1d
 693 0535 8E000000 		.4byte	0x8e
 694 0539 08       		.byte	0x8
 695 053a 0A       		.uleb128 0xa
 696 053b 74696D00 		.ascii	"tim\000"
 697 053f 06       		.byte	0x6
 698 0540 4403     		.2byte	0x344
 699 0542 1E       		.byte	0x1e
 700 0543 E1050000 		.4byte	0x5e1
 701 0547 0C       		.byte	0xc
 702 0548 00       		.byte	0
 703 0549 04       		.uleb128 0x4
 704 054a 43010000 		.4byte	.LASF77
 705 054e 05       		.byte	0x5
 706 054f 43       		.byte	0x43
 707 0550 10       		.byte	0x10
 708 0551 55050000 		.4byte	0x555
 709 0555 13       		.uleb128 0x13
 710 0556 04       		.byte	0x4
 711 0557 5B050000 		.4byte	0x55b
 712 055b 14       		.uleb128 0x14
 713 055c 66050000 		.4byte	0x566
 714 0560 15       		.uleb128 0x15
 715 0561 66050000 		.4byte	0x566
 716 0565 00       		.byte	0
 717 0566 13       		.uleb128 0x13
 718 0567 04       		.byte	0x4
 719 0568 F6040000 		.4byte	0x4f6
 720 056c 0C       		.uleb128 0xc
 721 056d AC040000 		.4byte	.LASF78
 722 0571 06       		.byte	0x6
 723 0572 0603     		.2byte	0x306
 724 0574 12       		.byte	0x12
 725 0575 8E000000 		.4byte	0x8e
 726 0579 0C       		.uleb128 0xc
 727 057a 68010000 		.4byte	.LASF79
 728 057e 06       		.byte	0x6
 729 057f 0B03     		.2byte	0x30b
 730 0581 12       		.byte	0x12
 731 0582 8E000000 		.4byte	0x8e
 732 0586 09       		.uleb128 0x9
 733 0587 10       		.byte	0x10
 734 0588 06       		.byte	0x6
 735 0589 1103     		.2byte	0x311
 736 058b 09       		.byte	0x9
 737 058c C9050000 		.4byte	0x5c9
 738 0590 0B       		.uleb128 0xb
 739 0591 56040000 		.4byte	.LASF80
 740 0595 06       		.byte	0x6
 741 0596 1703     		.2byte	0x317
ARM GAS  C:\Users\angio\AppData\Local\Temp\cct64V7j.s 			page 14


 742 0598 1D       		.byte	0x1d
 743 0599 6C050000 		.4byte	0x56c
 744 059d 00       		.byte	0
 745 059e 0B       		.uleb128 0xb
 746 059f CE040000 		.4byte	.LASF81
 747 05a3 06       		.byte	0x6
 748 05a4 1E03     		.2byte	0x31e
 749 05a6 1D       		.byte	0x1d
 750 05a7 49050000 		.4byte	0x549
 751 05ab 04       		.byte	0x4
 752 05ac 0A       		.uleb128 0xa
 753 05ad 63723200 		.ascii	"cr2\000"
 754 05b1 06       		.byte	0x6
 755 05b2 2403     		.2byte	0x324
 756 05b4 1D       		.byte	0x1d
 757 05b5 8E000000 		.4byte	0x8e
 758 05b9 08       		.byte	0x8
 759 05ba 0B       		.uleb128 0xb
 760 05bb 51040000 		.4byte	.LASF82
 761 05bf 06       		.byte	0x6
 762 05c0 2A03     		.2byte	0x32a
 763 05c2 1D       		.byte	0x1d
 764 05c3 8E000000 		.4byte	0x8e
 765 05c7 0C       		.byte	0xc
 766 05c8 00       		.byte	0
 767 05c9 0C       		.uleb128 0xc
 768 05ca 47040000 		.4byte	.LASF83
 769 05ce 06       		.byte	0x6
 770 05cf 2B03     		.2byte	0x32b
 771 05d1 03       		.byte	0x3
 772 05d2 86050000 		.4byte	0x586
 773 05d6 06       		.uleb128 0x6
 774 05d7 C9050000 		.4byte	0x5c9
 775 05db 13       		.uleb128 0x13
 776 05dc 04       		.byte	0x4
 777 05dd D6050000 		.4byte	0x5d6
 778 05e1 13       		.uleb128 0x13
 779 05e2 04       		.byte	0x4
 780 05e3 B0040000 		.4byte	0x4b0
 781 05e7 16       		.uleb128 0x16
 782 05e8 0A020000 		.4byte	.LASF84
 783 05ec 06       		.byte	0x6
 784 05ed 7F03     		.2byte	0x37f
 785 05ef 12       		.byte	0x12
 786 05f0 F6040000 		.4byte	0x4f6
 787 05f4 16       		.uleb128 0x16
 788 05f5 25020000 		.4byte	.LASF85
 789 05f9 06       		.byte	0x6
 790 05fa 8B03     		.2byte	0x38b
 791 05fc 12       		.byte	0x12
 792 05fd F6040000 		.4byte	0x4f6
 793 0601 17       		.uleb128 0x17
 794 0602 E7050000 		.4byte	0x5e7
 795 0606 07       		.byte	0x7
 796 0607 3A       		.byte	0x3a
 797 0608 0B       		.byte	0xb
 798 0609 17       		.uleb128 0x17
ARM GAS  C:\Users\angio\AppData\Local\Temp\cct64V7j.s 			page 15


 799 060a F4050000 		.4byte	0x5f4
 800 060e 07       		.byte	0x7
 801 060f 52       		.byte	0x52
 802 0610 0B       		.byte	0xb
 803 0611 18       		.uleb128 0x18
 804 0612 B6040000 		.4byte	.LASF86
 805 0616 07       		.byte	0x7
 806 0617 7504     		.2byte	0x475
 807 0619 06       		.byte	0x6
 808 061a 38060000 		.4byte	0x638
 809 061e 19       		.uleb128 0x19
 810 061f 42040000 		.4byte	.LASF88
 811 0623 07       		.byte	0x7
 812 0624 7504     		.2byte	0x475
 813 0626 29       		.byte	0x29
 814 0627 66050000 		.4byte	0x566
 815 062b 1A       		.uleb128 0x1a
 816 062c 737200   		.ascii	"sr\000"
 817 062f 07       		.byte	0x7
 818 0630 7604     		.2byte	0x476
 819 0632 0C       		.byte	0xc
 820 0633 8E000000 		.4byte	0x8e
 821 0637 00       		.byte	0
 822 0638 18       		.uleb128 0x18
 823 0639 7C010000 		.4byte	.LASF87
 824 063d 07       		.byte	0x7
 825 063e 6204     		.2byte	0x462
 826 0640 06       		.byte	0x6
 827 0641 60060000 		.4byte	0x660
 828 0645 19       		.uleb128 0x19
 829 0646 42040000 		.4byte	.LASF88
 830 064a 07       		.byte	0x7
 831 064b 6204     		.2byte	0x462
 832 064d 26       		.byte	0x26
 833 064e 66050000 		.4byte	0x566
 834 0652 19       		.uleb128 0x19
 835 0653 0C040000 		.4byte	.LASF89
 836 0657 07       		.byte	0x7
 837 0658 6204     		.2byte	0x462
 838 065a 35       		.byte	0x35
 839 065b 79050000 		.4byte	0x579
 840 065f 00       		.byte	0
 841 0660 18       		.uleb128 0x18
 842 0661 60040000 		.4byte	.LASF90
 843 0665 07       		.byte	0x7
 844 0666 4E04     		.2byte	0x44e
 845 0668 06       		.byte	0x6
 846 0669 7B060000 		.4byte	0x67b
 847 066d 19       		.uleb128 0x19
 848 066e 42040000 		.4byte	.LASF88
 849 0672 07       		.byte	0x7
 850 0673 4E04     		.2byte	0x44e
 851 0675 24       		.byte	0x24
 852 0676 66050000 		.4byte	0x566
 853 067a 00       		.byte	0
 854 067b 18       		.uleb128 0x18
 855 067c 72020000 		.4byte	.LASF91
ARM GAS  C:\Users\angio\AppData\Local\Temp\cct64V7j.s 			page 16


 856 0680 07       		.byte	0x7
 857 0681 3804     		.2byte	0x438
 858 0683 06       		.byte	0x6
 859 0684 A3060000 		.4byte	0x6a3
 860 0688 19       		.uleb128 0x19
 861 0689 42040000 		.4byte	.LASF88
 862 068d 07       		.byte	0x7
 863 068e 3804     		.2byte	0x438
 864 0690 25       		.byte	0x25
 865 0691 66050000 		.4byte	0x566
 866 0695 19       		.uleb128 0x19
 867 0696 0C040000 		.4byte	.LASF89
 868 069a 07       		.byte	0x7
 869 069b 3804     		.2byte	0x438
 870 069d 34       		.byte	0x34
 871 069e 79050000 		.4byte	0x579
 872 06a2 00       		.byte	0
 873 06a3 18       		.uleb128 0x18
 874 06a4 2D040000 		.4byte	.LASF92
 875 06a8 07       		.byte	0x7
 876 06a9 8503     		.2byte	0x385
 877 06ab 06       		.byte	0x6
 878 06ac BE060000 		.4byte	0x6be
 879 06b0 19       		.uleb128 0x19
 880 06b1 42040000 		.4byte	.LASF88
 881 06b5 07       		.byte	0x7
 882 06b6 8503     		.2byte	0x385
 883 06b8 1E       		.byte	0x1e
 884 06b9 66050000 		.4byte	0x566
 885 06bd 00       		.byte	0
 886 06be 18       		.uleb128 0x18
 887 06bf 16030000 		.4byte	.LASF93
 888 06c3 07       		.byte	0x7
 889 06c4 5602     		.2byte	0x256
 890 06c6 06       		.byte	0x6
 891 06c7 EF060000 		.4byte	0x6ef
 892 06cb 19       		.uleb128 0x19
 893 06cc 42040000 		.4byte	.LASF88
 894 06d0 07       		.byte	0x7
 895 06d1 5602     		.2byte	0x256
 896 06d3 1F       		.byte	0x1f
 897 06d4 66050000 		.4byte	0x566
 898 06d8 1A       		.uleb128 0x1a
 899 06d9 70736300 		.ascii	"psc\000"
 900 06dd 07       		.byte	0x7
 901 06de 5702     		.2byte	0x257
 902 06e0 0C       		.byte	0xc
 903 06e1 82000000 		.4byte	0x82
 904 06e5 1B       		.uleb128 0x1b
 905 06e6 A5020000 		.4byte	.LASF97
 906 06ea FF060000 		.4byte	0x6ff
 907 06ee 00       		.byte	0
 908 06ef 07       		.uleb128 0x7
 909 06f0 A6000000 		.4byte	0xa6
 910 06f4 FF060000 		.4byte	0x6ff
 911 06f8 08       		.uleb128 0x8
 912 06f9 24000000 		.4byte	0x24
ARM GAS  C:\Users\angio\AppData\Local\Temp\cct64V7j.s 			page 17


 913 06fd 0D       		.byte	0xd
 914 06fe 00       		.byte	0
 915 06ff 06       		.uleb128 0x6
 916 0700 EF060000 		.4byte	0x6ef
 917 0704 1C       		.uleb128 0x1c
 918 0705 18020000 		.4byte	.LASF98
 919 0709 07       		.byte	0x7
 920 070a DA01     		.2byte	0x1da
 921 070c 06       		.byte	0x6
 922 070d 00       		.byte	0
 923              		.section	.gnu.debuglto_.debug_abbrev,"e",%progbits
 924              	.Ldebug_abbrev0:
 925 0000 01       		.uleb128 0x1
 926 0001 11       		.uleb128 0x11
 927 0002 01       		.byte	0x1
 928 0003 25       		.uleb128 0x25
 929 0004 0E       		.uleb128 0xe
 930 0005 13       		.uleb128 0x13
 931 0006 0B       		.uleb128 0xb
 932 0007 03       		.uleb128 0x3
 933 0008 0E       		.uleb128 0xe
 934 0009 1B       		.uleb128 0x1b
 935 000a 0E       		.uleb128 0xe
 936 000b 10       		.uleb128 0x10
 937 000c 17       		.uleb128 0x17
 938 000d 00       		.byte	0
 939 000e 00       		.byte	0
 940 000f 02       		.uleb128 0x2
 941 0010 24       		.uleb128 0x24
 942 0011 00       		.byte	0
 943 0012 0B       		.uleb128 0xb
 944 0013 0B       		.uleb128 0xb
 945 0014 3E       		.uleb128 0x3e
 946 0015 0B       		.uleb128 0xb
 947 0016 03       		.uleb128 0x3
 948 0017 08       		.uleb128 0x8
 949 0018 00       		.byte	0
 950 0019 00       		.byte	0
 951 001a 03       		.uleb128 0x3
 952 001b 24       		.uleb128 0x24
 953 001c 00       		.byte	0
 954 001d 0B       		.uleb128 0xb
 955 001e 0B       		.uleb128 0xb
 956 001f 3E       		.uleb128 0x3e
 957 0020 0B       		.uleb128 0xb
 958 0021 03       		.uleb128 0x3
 959 0022 0E       		.uleb128 0xe
 960 0023 00       		.byte	0
 961 0024 00       		.byte	0
 962 0025 04       		.uleb128 0x4
 963 0026 16       		.uleb128 0x16
 964 0027 00       		.byte	0
 965 0028 03       		.uleb128 0x3
 966 0029 0E       		.uleb128 0xe
 967 002a 3A       		.uleb128 0x3a
 968 002b 0B       		.uleb128 0xb
 969 002c 3B       		.uleb128 0x3b
ARM GAS  C:\Users\angio\AppData\Local\Temp\cct64V7j.s 			page 18


 970 002d 0B       		.uleb128 0xb
 971 002e 39       		.uleb128 0x39
 972 002f 0B       		.uleb128 0xb
 973 0030 49       		.uleb128 0x49
 974 0031 13       		.uleb128 0x13
 975 0032 00       		.byte	0
 976 0033 00       		.byte	0
 977 0034 05       		.uleb128 0x5
 978 0035 35       		.uleb128 0x35
 979 0036 00       		.byte	0
 980 0037 49       		.uleb128 0x49
 981 0038 13       		.uleb128 0x13
 982 0039 00       		.byte	0
 983 003a 00       		.byte	0
 984 003b 06       		.uleb128 0x6
 985 003c 26       		.uleb128 0x26
 986 003d 00       		.byte	0
 987 003e 49       		.uleb128 0x49
 988 003f 13       		.uleb128 0x13
 989 0040 00       		.byte	0
 990 0041 00       		.byte	0
 991 0042 07       		.uleb128 0x7
 992 0043 01       		.uleb128 0x1
 993 0044 01       		.byte	0x1
 994 0045 49       		.uleb128 0x49
 995 0046 13       		.uleb128 0x13
 996 0047 01       		.uleb128 0x1
 997 0048 13       		.uleb128 0x13
 998 0049 00       		.byte	0
 999 004a 00       		.byte	0
 1000 004b 08       		.uleb128 0x8
 1001 004c 21       		.uleb128 0x21
 1002 004d 00       		.byte	0
 1003 004e 49       		.uleb128 0x49
 1004 004f 13       		.uleb128 0x13
 1005 0050 2F       		.uleb128 0x2f
 1006 0051 0B       		.uleb128 0xb
 1007 0052 00       		.byte	0
 1008 0053 00       		.byte	0
 1009 0054 09       		.uleb128 0x9
 1010 0055 13       		.uleb128 0x13
 1011 0056 01       		.byte	0x1
 1012 0057 0B       		.uleb128 0xb
 1013 0058 0B       		.uleb128 0xb
 1014 0059 3A       		.uleb128 0x3a
 1015 005a 0B       		.uleb128 0xb
 1016 005b 3B       		.uleb128 0x3b
 1017 005c 05       		.uleb128 0x5
 1018 005d 39       		.uleb128 0x39
 1019 005e 0B       		.uleb128 0xb
 1020 005f 01       		.uleb128 0x1
 1021 0060 13       		.uleb128 0x13
 1022 0061 00       		.byte	0
 1023 0062 00       		.byte	0
 1024 0063 0A       		.uleb128 0xa
 1025 0064 0D       		.uleb128 0xd
 1026 0065 00       		.byte	0
ARM GAS  C:\Users\angio\AppData\Local\Temp\cct64V7j.s 			page 19


 1027 0066 03       		.uleb128 0x3
 1028 0067 08       		.uleb128 0x8
 1029 0068 3A       		.uleb128 0x3a
 1030 0069 0B       		.uleb128 0xb
 1031 006a 3B       		.uleb128 0x3b
 1032 006b 05       		.uleb128 0x5
 1033 006c 39       		.uleb128 0x39
 1034 006d 0B       		.uleb128 0xb
 1035 006e 49       		.uleb128 0x49
 1036 006f 13       		.uleb128 0x13
 1037 0070 38       		.uleb128 0x38
 1038 0071 0B       		.uleb128 0xb
 1039 0072 00       		.byte	0
 1040 0073 00       		.byte	0
 1041 0074 0B       		.uleb128 0xb
 1042 0075 0D       		.uleb128 0xd
 1043 0076 00       		.byte	0
 1044 0077 03       		.uleb128 0x3
 1045 0078 0E       		.uleb128 0xe
 1046 0079 3A       		.uleb128 0x3a
 1047 007a 0B       		.uleb128 0xb
 1048 007b 3B       		.uleb128 0x3b
 1049 007c 05       		.uleb128 0x5
 1050 007d 39       		.uleb128 0x39
 1051 007e 0B       		.uleb128 0xb
 1052 007f 49       		.uleb128 0x49
 1053 0080 13       		.uleb128 0x13
 1054 0081 38       		.uleb128 0x38
 1055 0082 0B       		.uleb128 0xb
 1056 0083 00       		.byte	0
 1057 0084 00       		.byte	0
 1058 0085 0C       		.uleb128 0xc
 1059 0086 16       		.uleb128 0x16
 1060 0087 00       		.byte	0
 1061 0088 03       		.uleb128 0x3
 1062 0089 0E       		.uleb128 0xe
 1063 008a 3A       		.uleb128 0x3a
 1064 008b 0B       		.uleb128 0xb
 1065 008c 3B       		.uleb128 0x3b
 1066 008d 05       		.uleb128 0x5
 1067 008e 39       		.uleb128 0x39
 1068 008f 0B       		.uleb128 0xb
 1069 0090 49       		.uleb128 0x49
 1070 0091 13       		.uleb128 0x13
 1071 0092 00       		.byte	0
 1072 0093 00       		.byte	0
 1073 0094 0D       		.uleb128 0xd
 1074 0095 13       		.uleb128 0x13
 1075 0096 01       		.byte	0x1
 1076 0097 0B       		.uleb128 0xb
 1077 0098 05       		.uleb128 0x5
 1078 0099 3A       		.uleb128 0x3a
 1079 009a 0B       		.uleb128 0xb
 1080 009b 3B       		.uleb128 0x3b
 1081 009c 05       		.uleb128 0x5
 1082 009d 39       		.uleb128 0x39
 1083 009e 0B       		.uleb128 0xb
ARM GAS  C:\Users\angio\AppData\Local\Temp\cct64V7j.s 			page 20


 1084 009f 01       		.uleb128 0x1
 1085 00a0 13       		.uleb128 0x13
 1086 00a1 00       		.byte	0
 1087 00a2 00       		.byte	0
 1088 00a3 0E       		.uleb128 0xe
 1089 00a4 0D       		.uleb128 0xd
 1090 00a5 00       		.byte	0
 1091 00a6 03       		.uleb128 0x3
 1092 00a7 08       		.uleb128 0x8
 1093 00a8 3A       		.uleb128 0x3a
 1094 00a9 0B       		.uleb128 0xb
 1095 00aa 3B       		.uleb128 0x3b
 1096 00ab 05       		.uleb128 0x5
 1097 00ac 39       		.uleb128 0x39
 1098 00ad 0B       		.uleb128 0xb
 1099 00ae 49       		.uleb128 0x49
 1100 00af 13       		.uleb128 0x13
 1101 00b0 38       		.uleb128 0x38
 1102 00b1 05       		.uleb128 0x5
 1103 00b2 00       		.byte	0
 1104 00b3 00       		.byte	0
 1105 00b4 0F       		.uleb128 0xf
 1106 00b5 0D       		.uleb128 0xd
 1107 00b6 00       		.byte	0
 1108 00b7 03       		.uleb128 0x3
 1109 00b8 0E       		.uleb128 0xe
 1110 00b9 3A       		.uleb128 0x3a
 1111 00ba 0B       		.uleb128 0xb
 1112 00bb 3B       		.uleb128 0x3b
 1113 00bc 05       		.uleb128 0x5
 1114 00bd 39       		.uleb128 0x39
 1115 00be 0B       		.uleb128 0xb
 1116 00bf 49       		.uleb128 0x49
 1117 00c0 13       		.uleb128 0x13
 1118 00c1 38       		.uleb128 0x38
 1119 00c2 05       		.uleb128 0x5
 1120 00c3 00       		.byte	0
 1121 00c4 00       		.byte	0
 1122 00c5 10       		.uleb128 0x10
 1123 00c6 04       		.uleb128 0x4
 1124 00c7 01       		.byte	0x1
 1125 00c8 3E       		.uleb128 0x3e
 1126 00c9 0B       		.uleb128 0xb
 1127 00ca 0B       		.uleb128 0xb
 1128 00cb 0B       		.uleb128 0xb
 1129 00cc 49       		.uleb128 0x49
 1130 00cd 13       		.uleb128 0x13
 1131 00ce 3A       		.uleb128 0x3a
 1132 00cf 0B       		.uleb128 0xb
 1133 00d0 3B       		.uleb128 0x3b
 1134 00d1 0B       		.uleb128 0xb
 1135 00d2 39       		.uleb128 0x39
 1136 00d3 0B       		.uleb128 0xb
 1137 00d4 01       		.uleb128 0x1
 1138 00d5 13       		.uleb128 0x13
 1139 00d6 00       		.byte	0
 1140 00d7 00       		.byte	0
ARM GAS  C:\Users\angio\AppData\Local\Temp\cct64V7j.s 			page 21


 1141 00d8 11       		.uleb128 0x11
 1142 00d9 28       		.uleb128 0x28
 1143 00da 00       		.byte	0
 1144 00db 03       		.uleb128 0x3
 1145 00dc 0E       		.uleb128 0xe
 1146 00dd 1C       		.uleb128 0x1c
 1147 00de 0B       		.uleb128 0xb
 1148 00df 00       		.byte	0
 1149 00e0 00       		.byte	0
 1150 00e1 12       		.uleb128 0x12
 1151 00e2 13       		.uleb128 0x13
 1152 00e3 01       		.byte	0x1
 1153 00e4 03       		.uleb128 0x3
 1154 00e5 0E       		.uleb128 0xe
 1155 00e6 0B       		.uleb128 0xb
 1156 00e7 0B       		.uleb128 0xb
 1157 00e8 3A       		.uleb128 0x3a
 1158 00e9 0B       		.uleb128 0xb
 1159 00ea 3B       		.uleb128 0x3b
 1160 00eb 05       		.uleb128 0x5
 1161 00ec 39       		.uleb128 0x39
 1162 00ed 0B       		.uleb128 0xb
 1163 00ee 01       		.uleb128 0x1
 1164 00ef 13       		.uleb128 0x13
 1165 00f0 00       		.byte	0
 1166 00f1 00       		.byte	0
 1167 00f2 13       		.uleb128 0x13
 1168 00f3 0F       		.uleb128 0xf
 1169 00f4 00       		.byte	0
 1170 00f5 0B       		.uleb128 0xb
 1171 00f6 0B       		.uleb128 0xb
 1172 00f7 49       		.uleb128 0x49
 1173 00f8 13       		.uleb128 0x13
 1174 00f9 00       		.byte	0
 1175 00fa 00       		.byte	0
 1176 00fb 14       		.uleb128 0x14
 1177 00fc 15       		.uleb128 0x15
 1178 00fd 01       		.byte	0x1
 1179 00fe 27       		.uleb128 0x27
 1180 00ff 19       		.uleb128 0x19
 1181 0100 01       		.uleb128 0x1
 1182 0101 13       		.uleb128 0x13
 1183 0102 00       		.byte	0
 1184 0103 00       		.byte	0
 1185 0104 15       		.uleb128 0x15
 1186 0105 05       		.uleb128 0x5
 1187 0106 00       		.byte	0
 1188 0107 49       		.uleb128 0x49
 1189 0108 13       		.uleb128 0x13
 1190 0109 00       		.byte	0
 1191 010a 00       		.byte	0
 1192 010b 16       		.uleb128 0x16
 1193 010c 34       		.uleb128 0x34
 1194 010d 00       		.byte	0
 1195 010e 03       		.uleb128 0x3
 1196 010f 0E       		.uleb128 0xe
 1197 0110 3A       		.uleb128 0x3a
ARM GAS  C:\Users\angio\AppData\Local\Temp\cct64V7j.s 			page 22


 1198 0111 0B       		.uleb128 0xb
 1199 0112 3B       		.uleb128 0x3b
 1200 0113 05       		.uleb128 0x5
 1201 0114 39       		.uleb128 0x39
 1202 0115 0B       		.uleb128 0xb
 1203 0116 49       		.uleb128 0x49
 1204 0117 13       		.uleb128 0x13
 1205 0118 3F       		.uleb128 0x3f
 1206 0119 19       		.uleb128 0x19
 1207 011a 3C       		.uleb128 0x3c
 1208 011b 19       		.uleb128 0x19
 1209 011c 00       		.byte	0
 1210 011d 00       		.byte	0
 1211 011e 17       		.uleb128 0x17
 1212 011f 34       		.uleb128 0x34
 1213 0120 00       		.byte	0
 1214 0121 47       		.uleb128 0x47
 1215 0122 13       		.uleb128 0x13
 1216 0123 3A       		.uleb128 0x3a
 1217 0124 0B       		.uleb128 0xb
 1218 0125 3B       		.uleb128 0x3b
 1219 0126 0B       		.uleb128 0xb
 1220 0127 39       		.uleb128 0x39
 1221 0128 0B       		.uleb128 0xb
 1222 0129 00       		.byte	0
 1223 012a 00       		.byte	0
 1224 012b 18       		.uleb128 0x18
 1225 012c 2E       		.uleb128 0x2e
 1226 012d 01       		.byte	0x1
 1227 012e 3F       		.uleb128 0x3f
 1228 012f 19       		.uleb128 0x19
 1229 0130 03       		.uleb128 0x3
 1230 0131 0E       		.uleb128 0xe
 1231 0132 3A       		.uleb128 0x3a
 1232 0133 0B       		.uleb128 0xb
 1233 0134 3B       		.uleb128 0x3b
 1234 0135 05       		.uleb128 0x5
 1235 0136 39       		.uleb128 0x39
 1236 0137 0B       		.uleb128 0xb
 1237 0138 27       		.uleb128 0x27
 1238 0139 19       		.uleb128 0x19
 1239 013a 01       		.uleb128 0x1
 1240 013b 13       		.uleb128 0x13
 1241 013c 00       		.byte	0
 1242 013d 00       		.byte	0
 1243 013e 19       		.uleb128 0x19
 1244 013f 05       		.uleb128 0x5
 1245 0140 00       		.byte	0
 1246 0141 03       		.uleb128 0x3
 1247 0142 0E       		.uleb128 0xe
 1248 0143 3A       		.uleb128 0x3a
 1249 0144 0B       		.uleb128 0xb
 1250 0145 3B       		.uleb128 0x3b
 1251 0146 05       		.uleb128 0x5
 1252 0147 39       		.uleb128 0x39
 1253 0148 0B       		.uleb128 0xb
 1254 0149 49       		.uleb128 0x49
ARM GAS  C:\Users\angio\AppData\Local\Temp\cct64V7j.s 			page 23


 1255 014a 13       		.uleb128 0x13
 1256 014b 00       		.byte	0
 1257 014c 00       		.byte	0
 1258 014d 1A       		.uleb128 0x1a
 1259 014e 34       		.uleb128 0x34
 1260 014f 00       		.byte	0
 1261 0150 03       		.uleb128 0x3
 1262 0151 08       		.uleb128 0x8
 1263 0152 3A       		.uleb128 0x3a
 1264 0153 0B       		.uleb128 0xb
 1265 0154 3B       		.uleb128 0x3b
 1266 0155 05       		.uleb128 0x5
 1267 0156 39       		.uleb128 0x39
 1268 0157 0B       		.uleb128 0xb
 1269 0158 49       		.uleb128 0x49
 1270 0159 13       		.uleb128 0x13
 1271 015a 00       		.byte	0
 1272 015b 00       		.byte	0
 1273 015c 1B       		.uleb128 0x1b
 1274 015d 34       		.uleb128 0x34
 1275 015e 00       		.byte	0
 1276 015f 03       		.uleb128 0x3
 1277 0160 0E       		.uleb128 0xe
 1278 0161 49       		.uleb128 0x49
 1279 0162 13       		.uleb128 0x13
 1280 0163 34       		.uleb128 0x34
 1281 0164 19       		.uleb128 0x19
 1282 0165 00       		.byte	0
 1283 0166 00       		.byte	0
 1284 0167 1C       		.uleb128 0x1c
 1285 0168 2E       		.uleb128 0x2e
 1286 0169 00       		.byte	0
 1287 016a 3F       		.uleb128 0x3f
 1288 016b 19       		.uleb128 0x19
 1289 016c 03       		.uleb128 0x3
 1290 016d 0E       		.uleb128 0xe
 1291 016e 3A       		.uleb128 0x3a
 1292 016f 0B       		.uleb128 0xb
 1293 0170 3B       		.uleb128 0x3b
 1294 0171 05       		.uleb128 0x5
 1295 0172 39       		.uleb128 0x39
 1296 0173 0B       		.uleb128 0xb
 1297 0174 27       		.uleb128 0x27
 1298 0175 19       		.uleb128 0x19
 1299 0176 00       		.byte	0
 1300 0177 00       		.byte	0
 1301 0178 00       		.byte	0
 1302              		.section	.gnu.debuglto_.debug_line,"e",%progbits
 1303              	.Ldebug_line0:
 1304 0000 B1010000 		.4byte	.LELT0-.LSLT0
 1305              	.LSLT0:
 1306 0004 0400     		.2byte	0x4
 1307 0006 AB010000 		.4byte	.LELTP0-.LASLTP0
 1308              	.LASLTP0:
 1309 000a 01       		.byte	0x1
 1310 000b 01       		.byte	0x1
 1311 000c 01       		.byte	0x1
ARM GAS  C:\Users\angio\AppData\Local\Temp\cct64V7j.s 			page 24


 1312 000d F6       		.byte	0xf6
 1313 000e F2       		.byte	0xf2
 1314 000f 0D       		.byte	0xd
 1315 0010 00       		.byte	0
 1316 0011 01       		.byte	0x1
 1317 0012 01       		.byte	0x1
 1318 0013 01       		.byte	0x1
 1319 0014 01       		.byte	0x1
 1320 0015 00       		.byte	0
 1321 0016 00       		.byte	0
 1322 0017 00       		.byte	0
 1323 0018 01       		.byte	0x1
 1324 0019 00       		.byte	0
 1325 001a 00       		.byte	0
 1326 001b 01       		.byte	0x1
 1327 001c 2E2E2F2E 		.ascii	"../../chibios2111/os/common/ext/ST/STM32G4xx"
 1327      2E2F6368 
 1327      6962696F 
 1327      73323131 
 1327      312F6F73 
 1328 0048 00       		.byte	0
 1329 0049 2E2E2F2E 		.ascii	"../../chibios2111/os/hal/include"
 1329      2E2F6368 
 1329      6962696F 
 1329      73323131 
 1329      312F6F73 
 1330 0069 00       		.byte	0
 1331 006a 2E2E2F2E 		.ascii	"../../chibios2111/os/hal/ports/STM32/LLD/TIMv1"
 1331      2E2F6368 
 1331      6962696F 
 1331      73323131 
 1331      312F6F73 
 1332 0098 00       		.byte	0
 1333 0099 633A5C63 		.ascii	"c:\\chibistudio\\tools\\gnu tools arm embedded\\10."
 1333      68696269 
 1333      73747564 
 1333      696F5C74 
 1333      6F6F6C73 
 1334 00c8 33203230 		.ascii	"3 2021.10\\arm-none-eabi\\include\\machine"
 1334      32312E31 
 1334      305C6172 
 1334      6D2D6E6F 
 1334      6E652D65 
 1335 00ef 00       		.byte	0
 1336 00f0 633A5C63 		.ascii	"c:\\chibistudio\\tools\\gnu tools arm embedded\\10."
 1336      68696269 
 1336      73747564 
 1336      696F5C74 
 1336      6F6F6C73 
 1337 011f 33203230 		.ascii	"3 2021.10\\arm-none-eabi\\include\\sys"
 1337      32312E31 
 1337      305C6172 
 1337      6D2D6E6F 
 1337      6E652D65 
 1338 0142 00       		.byte	0
 1339 0143 00       		.byte	0
 1340 0144 5F646566 		.ascii	"_default_types.h\000"
ARM GAS  C:\Users\angio\AppData\Local\Temp\cct64V7j.s 			page 25


 1340      61756C74 
 1340      5F747970 
 1340      65732E68 
 1340      00
 1341 0155 04       		.uleb128 0x4
 1342 0156 00       		.uleb128 0
 1343 0157 00       		.uleb128 0
 1344 0158 5F737464 		.ascii	"_stdint.h\000"
 1344      696E742E 
 1344      6800
 1345 0162 05       		.uleb128 0x5
 1346 0163 00       		.uleb128 0
 1347 0164 00       		.uleb128 0
 1348 0165 73746D33 		.ascii	"stm32g474xx.h\000"
 1348      32673437 
 1348      3478782E 
 1348      6800
 1349 0173 01       		.uleb128 0x1
 1350 0174 00       		.uleb128 0
 1351 0175 00       		.uleb128 0
 1352 0176 73746D33 		.ascii	"stm32_tim.h\000"
 1352      325F7469 
 1352      6D2E6800 
 1353 0182 03       		.uleb128 0x3
 1354 0183 00       		.uleb128 0
 1355 0184 00       		.uleb128 0
 1356 0185 68616C5F 		.ascii	"hal_gpt.h\000"
 1356      6770742E 
 1356      6800
 1357 018f 02       		.uleb128 0x2
 1358 0190 00       		.uleb128 0
 1359 0191 00       		.uleb128 0
 1360 0192 68616C5F 		.ascii	"hal_gpt_lld.h\000"
 1360      6770745F 
 1360      6C6C642E 
 1360      6800
 1361 01a0 03       		.uleb128 0x3
 1362 01a1 00       		.uleb128 0
 1363 01a2 00       		.uleb128 0
 1364 01a3 68616C5F 		.ascii	"hal_gpt_lld.c\000"
 1364      6770745F 
 1364      6C6C642E 
 1364      6300
 1365 01b1 03       		.uleb128 0x3
 1366 01b2 00       		.uleb128 0
 1367 01b3 00       		.uleb128 0
 1368 01b4 00       		.byte	0
 1369              	.LELTP0:
 1370              	.LELT0:
 1371              		.section	.gnu.debuglto_.debug_str,"eMS",%progbits,1
 1372              	.LASF59:
 1373 0000 43434552 		.ascii	"CCER\000"
 1373      00
 1374              	.LASF67:
 1375 0005 4750545F 		.ascii	"GPT_UNINIT\000"
 1375      554E494E 
 1375      495400
ARM GAS  C:\Users\angio\AppData\Local\Temp\cct64V7j.s 			page 26


 1376              	.LASF96:
 1377 0010 433A5C43 		.ascii	"C:\\ChibiStudio\\workspace_user\\RT-STM32G474RE-NUC"
 1377      68696269 
 1377      53747564 
 1377      696F5C77 
 1377      6F726B73 
 1378 0040 4C454F36 		.ascii	"LEO64\000"
 1378      3400
 1379              	.LASF94:
 1380 0046 474E5520 		.ascii	"GNU C17 10.3.1 20210824 (release) -mcpu=cortex-m4 -"
 1380      43313720 
 1380      31302E33 
 1380      2E312032 
 1380      30323130 
 1381 0079 6D746875 		.ascii	"mthumb -mfloat-abi=soft -march=armv7e-m -ggdb -O0 -"
 1381      6D62202D 
 1381      6D666C6F 
 1381      61742D61 
 1381      62693D73 
 1382 00ac 666F6D69 		.ascii	"fomit-frame-pointer -falign-functions=16 -ffunction"
 1382      742D6672 
 1382      616D652D 
 1382      706F696E 
 1382      74657220 
 1383 00df 2D736563 		.ascii	"-sections -fdata-sections -fno-common -flto\000"
 1383      74696F6E 
 1383      73202D66 
 1383      64617461 
 1383      2D736563 
 1384              	.LASF29:
 1385 010b 41504231 		.ascii	"APB1RSTR2\000"
 1385      52535452 
 1385      3200
 1386              	.LASF33:
 1387 0115 41484232 		.ascii	"AHB2ENR\000"
 1387      454E5200 
 1388              	.LASF65:
 1389 011d 444D4152 		.ascii	"DMAR\000"
 1389      00
 1390              	.LASF74:
 1391 0122 73746174 		.ascii	"state\000"
 1391      6500
 1392              	.LASF58:
 1393 0128 43434D52 		.ascii	"CCMR2\000"
 1393      3200
 1394              	.LASF61:
 1395 012e 43435852 		.ascii	"CCXR\000"
 1395      00
 1396              	.LASF50:
 1397 0133 42444352 		.ascii	"BDCR\000"
 1397      00
 1398              	.LASF48:
 1399 0138 43434950 		.ascii	"CCIPR\000"
 1399      5200
 1400              	.LASF20:
 1401 013e 43494552 		.ascii	"CIER\000"
 1401      00
ARM GAS  C:\Users\angio\AppData\Local\Temp\cct64V7j.s 			page 27


 1402              	.LASF77:
 1403 0143 67707463 		.ascii	"gptcallback_t\000"
 1403      616C6C62 
 1403      61636B5F 
 1403      7400
 1404              	.LASF2:
 1405 0151 6C6F6E67 		.ascii	"long double\000"
 1405      20646F75 
 1405      626C6500 
 1406              	.LASF9:
 1407 015d 5F5F7569 		.ascii	"__uint32_t\000"
 1407      6E743332 
 1407      5F7400
 1408              	.LASF79:
 1409 0168 67707463 		.ascii	"gptcnt_t\000"
 1409      6E745F74 
 1409      00
 1410              	.LASF8:
 1411 0171 5F5F7569 		.ascii	"__uint16_t\000"
 1411      6E743136 
 1411      5F7400
 1412              	.LASF87:
 1413 017c 6770745F 		.ascii	"gpt_lld_polled_delay\000"
 1413      6C6C645F 
 1413      706F6C6C 
 1413      65645F64 
 1413      656C6179 
 1414              	.LASF5:
 1415 0191 73686F72 		.ascii	"short int\000"
 1415      7420696E 
 1415      7400
 1416              	.LASF95:
 1417 019b 2E2E2F2E 		.ascii	"../../chibios2111/os/hal/ports/STM32/LLD/TIMv1/hal_"
 1417      2E2F6368 
 1417      6962696F 
 1417      73323131 
 1417      312F6F73 
 1418 01ce 6770745F 		.ascii	"gpt_lld.c\000"
 1418      6C6C642E 
 1418      6300
 1419              	.LASF75:
 1420 01d8 636F6E66 		.ascii	"config\000"
 1420      696700
 1421              	.LASF16:
 1422 01df 43464752 		.ascii	"CFGR\000"
 1422      00
 1423              	.LASF71:
 1424 01e4 4750545F 		.ascii	"GPT_ONESHOT\000"
 1424      4F4E4553 
 1424      484F5400 
 1425              	.LASF13:
 1426 01f0 75696E74 		.ascii	"uint32_t\000"
 1426      33325F74 
 1426      00
 1427              	.LASF64:
 1428 01f9 54495345 		.ascii	"TISEL\000"
 1428      4C00
ARM GAS  C:\Users\angio\AppData\Local\Temp\cct64V7j.s 			page 28


 1429              	.LASF72:
 1430 01ff 67707473 		.ascii	"gptstate_t\000"
 1430      74617465 
 1430      5F7400
 1431              	.LASF84:
 1432 020a 47505444 		.ascii	"GPTD3\000"
 1432      3300
 1433              	.LASF34:
 1434 0210 41484233 		.ascii	"AHB3ENR\000"
 1434      454E5200 
 1435              	.LASF98:
 1436 0218 6770745F 		.ascii	"gpt_lld_init\000"
 1436      6C6C645F 
 1436      696E6974 
 1436      00
 1437              	.LASF85:
 1438 0225 47505444 		.ascii	"GPTD6\000"
 1438      3600
 1439              	.LASF1:
 1440 022b 6C6F6E67 		.ascii	"long long int\000"
 1440      206C6F6E 
 1440      6720696E 
 1440      7400
 1441              	.LASF45:
 1442 0239 41504231 		.ascii	"APB1SMENR2\000"
 1442      534D454E 
 1442      523200
 1443              	.LASF7:
 1444 0244 6C6F6E67 		.ascii	"long int\000"
 1444      20696E74 
 1444      00
 1445              	.LASF76:
 1446 024d 636C6F63 		.ascii	"clock\000"
 1446      6B00
 1447              	.LASF53:
 1448 0253 5243435F 		.ascii	"RCC_TypeDef\000"
 1448      54797065 
 1448      44656600 
 1449              	.LASF41:
 1450 025f 41484232 		.ascii	"AHB2SMENR\000"
 1450      534D454E 
 1450      5200
 1451              	.LASF30:
 1452 0269 41504232 		.ascii	"APB2RSTR\000"
 1452      52535452 
 1452      00
 1453              	.LASF91:
 1454 0272 6770745F 		.ascii	"gpt_lld_start_timer\000"
 1454      6C6C645F 
 1454      73746172 
 1454      745F7469 
 1454      6D657200 
 1455              	.LASF57:
 1456 0286 43434D52 		.ascii	"CCMR1\000"
 1456      3100
 1457              	.LASF62:
 1458 028c 43434D52 		.ascii	"CCMR3\000"
ARM GAS  C:\Users\angio\AppData\Local\Temp\cct64V7j.s 			page 29


 1458      3300
 1459              	.LASF4:
 1460 0292 756E7369 		.ascii	"unsigned char\000"
 1460      676E6564 
 1460      20636861 
 1460      7200
 1461              	.LASF55:
 1462 02a0 534D4352 		.ascii	"SMCR\000"
 1462      00
 1463              	.LASF97:
 1464 02a5 5F5F6675 		.ascii	"__func__\000"
 1464      6E635F5F 
 1464      00
 1465              	.LASF17:
 1466 02ae 504C4C43 		.ascii	"PLLCFGR\000"
 1466      46475200 
 1467              	.LASF38:
 1468 02b6 41504232 		.ascii	"APB2ENR\000"
 1468      454E5200 
 1469              	.LASF51:
 1470 02be 43525243 		.ascii	"CRRCR\000"
 1470      5200
 1471              	.LASF3:
 1472 02c4 7369676E 		.ascii	"signed char\000"
 1472      65642063 
 1472      68617200 
 1473              	.LASF11:
 1474 02d0 6C6F6E67 		.ascii	"long long unsigned int\000"
 1474      206C6F6E 
 1474      6720756E 
 1474      7369676E 
 1474      65642069 
 1475              	.LASF44:
 1476 02e7 41504231 		.ascii	"APB1SMENR1\000"
 1476      534D454E 
 1476      523100
 1477              	.LASF22:
 1478 02f2 43494352 		.ascii	"CICR\000"
 1478      00
 1479              	.LASF0:
 1480 02f7 756E7369 		.ascii	"unsigned int\000"
 1480      676E6564 
 1480      20696E74 
 1480      00
 1481              	.LASF25:
 1482 0304 41484232 		.ascii	"AHB2RSTR\000"
 1482      52535452 
 1482      00
 1483              	.LASF12:
 1484 030d 75696E74 		.ascii	"uint16_t\000"
 1484      31365F74 
 1484      00
 1485              	.LASF93:
 1486 0316 6770745F 		.ascii	"gpt_lld_start\000"
 1486      6C6C645F 
 1486      73746172 
 1486      7400
ARM GAS  C:\Users\angio\AppData\Local\Temp\cct64V7j.s 			page 30


 1487              	.LASF10:
 1488 0324 6C6F6E67 		.ascii	"long unsigned int\000"
 1488      20756E73 
 1488      69676E65 
 1488      6420696E 
 1488      7400
 1489              	.LASF56:
 1490 0336 44494552 		.ascii	"DIER\000"
 1490      00
 1491              	.LASF36:
 1492 033b 41504231 		.ascii	"APB1ENR1\000"
 1492      454E5231 
 1492      00
 1493              	.LASF37:
 1494 0344 41504231 		.ascii	"APB1ENR2\000"
 1494      454E5232 
 1494      00
 1495              	.LASF52:
 1496 034d 43434950 		.ascii	"CCIPR2\000"
 1496      523200
 1497              	.LASF15:
 1498 0354 49435343 		.ascii	"ICSCR\000"
 1498      5200
 1499              	.LASF14:
 1500 035a 63686172 		.ascii	"char\000"
 1500      00
 1501              	.LASF46:
 1502 035f 41504232 		.ascii	"APB2SMENR\000"
 1502      534D454E 
 1502      5200
 1503              	.LASF66:
 1504 0369 73746D33 		.ascii	"stm32_tim_t\000"
 1504      325F7469 
 1504      6D5F7400 
 1505              	.LASF60:
 1506 0375 42445452 		.ascii	"BDTR\000"
 1506      00
 1507              	.LASF63:
 1508 037a 44545232 		.ascii	"DTR2\000"
 1508      00
 1509              	.LASF54:
 1510 037f 5F426F6F 		.ascii	"_Bool\000"
 1510      6C00
 1511              	.LASF70:
 1512 0385 4750545F 		.ascii	"GPT_CONTINUOUS\000"
 1512      434F4E54 
 1512      494E554F 
 1512      555300
 1513              	.LASF69:
 1514 0394 4750545F 		.ascii	"GPT_READY\000"
 1514      52454144 
 1514      5900
 1515              	.LASF73:
 1516 039e 47505444 		.ascii	"GPTDriver\000"
 1516      72697665 
 1516      7200
 1517              	.LASF18:
ARM GAS  C:\Users\angio\AppData\Local\Temp\cct64V7j.s 			page 31


 1518 03a8 52455345 		.ascii	"RESERVED0\000"
 1518      52564544 
 1518      3000
 1519              	.LASF19:
 1520 03b2 52455345 		.ascii	"RESERVED1\000"
 1520      52564544 
 1520      3100
 1521              	.LASF23:
 1522 03bc 52455345 		.ascii	"RESERVED2\000"
 1522      52564544 
 1522      3200
 1523              	.LASF27:
 1524 03c6 52455345 		.ascii	"RESERVED3\000"
 1524      52564544 
 1524      3300
 1525              	.LASF31:
 1526 03d0 52455345 		.ascii	"RESERVED4\000"
 1526      52564544 
 1526      3400
 1527              	.LASF35:
 1528 03da 52455345 		.ascii	"RESERVED5\000"
 1528      52564544 
 1528      3500
 1529              	.LASF39:
 1530 03e4 52455345 		.ascii	"RESERVED6\000"
 1530      52564544 
 1530      3600
 1531              	.LASF43:
 1532 03ee 52455345 		.ascii	"RESERVED7\000"
 1532      52564544 
 1532      3700
 1533              	.LASF47:
 1534 03f8 52455345 		.ascii	"RESERVED8\000"
 1534      52564544 
 1534      3800
 1535              	.LASF49:
 1536 0402 52455345 		.ascii	"RESERVED9\000"
 1536      52564544 
 1536      3900
 1537              	.LASF89:
 1538 040c 696E7465 		.ascii	"interval\000"
 1538      7276616C 
 1538      00
 1539              	.LASF21:
 1540 0415 43494652 		.ascii	"CIFR\000"
 1540      00
 1541              	.LASF6:
 1542 041a 73686F72 		.ascii	"short unsigned int\000"
 1542      7420756E 
 1542      7369676E 
 1542      65642069 
 1542      6E7400
 1543              	.LASF92:
 1544 042d 6770745F 		.ascii	"gpt_lld_stop\000"
 1544      6C6C645F 
 1544      73746F70 
 1544      00
ARM GAS  C:\Users\angio\AppData\Local\Temp\cct64V7j.s 			page 32


 1545              	.LASF32:
 1546 043a 41484231 		.ascii	"AHB1ENR\000"
 1546      454E5200 
 1547              	.LASF88:
 1548 0442 67707470 		.ascii	"gptp\000"
 1548      00
 1549              	.LASF83:
 1550 0447 47505443 		.ascii	"GPTConfig\000"
 1550      6F6E6669 
 1550      6700
 1551              	.LASF82:
 1552 0451 64696572 		.ascii	"dier\000"
 1552      00
 1553              	.LASF80:
 1554 0456 66726571 		.ascii	"frequency\000"
 1554      75656E63 
 1554      7900
 1555              	.LASF90:
 1556 0460 6770745F 		.ascii	"gpt_lld_stop_timer\000"
 1556      6C6C645F 
 1556      73746F70 
 1556      5F74696D 
 1556      657200
 1557              	.LASF42:
 1558 0473 41484233 		.ascii	"AHB3SMENR\000"
 1558      534D454E 
 1558      5200
 1559              	.LASF24:
 1560 047d 41484231 		.ascii	"AHB1RSTR\000"
 1560      52535452 
 1560      00
 1561              	.LASF28:
 1562 0486 41504231 		.ascii	"APB1RSTR1\000"
 1562      52535452 
 1562      3100
 1563              	.LASF40:
 1564 0490 41484231 		.ascii	"AHB1SMENR\000"
 1564      534D454E 
 1564      5200
 1565              	.LASF26:
 1566 049a 41484233 		.ascii	"AHB3RSTR\000"
 1566      52535452 
 1566      00
 1567              	.LASF68:
 1568 04a3 4750545F 		.ascii	"GPT_STOP\000"
 1568      53544F50 
 1568      00
 1569              	.LASF78:
 1570 04ac 67707466 		.ascii	"gptfreq_t\000"
 1570      7265715F 
 1570      7400
 1571              	.LASF86:
 1572 04b6 6770745F 		.ascii	"gpt_lld_serve_interrupt\000"
 1572      6C6C645F 
 1572      73657276 
 1572      655F696E 
 1572      74657272 
ARM GAS  C:\Users\angio\AppData\Local\Temp\cct64V7j.s 			page 33


 1573              	.LASF81:
 1574 04ce 63616C6C 		.ascii	"callback\000"
 1574      6261636B 
 1574      00
 1575              		.text
 1576              		.section	.gnu.lto_.inline.1f2b7101,"e",%progbits
 1577 0000 789C9365 		.ascii	"x\234\223ed\200\003v\006\006\316\206\206\206\005\314"
 1577      64800376 
 1577      0606CE86 
 1577      868605CC 
 1578 0010 E90C0C4C 		.ascii	"\351\014\014Ll@V\003S*\003\003\013C#\220U\307\304\300"
 1578      6C405603 
 1578      532A0303 
 1578      0B432390 
 1578      55C7C4C0 
 1579 0024 0454C2C4 		.ascii	"\004T\302\304\015$\030a\0243\303!\006\240\334\007\246"
 1579      0D241861 
 1579      1433C321 
 1579      06A0DC07 
 1579      A6
 1580 0035 4CA04C09 		.ascii	"L\240L\011\2205\001\304B\321\300\314\003Q\011\241X\030"
 1580      903501C4 
 1580      42D1C0CC 
 1580      035109A1 
 1580      5818
 1581 0047 E4805217 		.ascii	"\344\200R\027\300\026X\300X(\352Y\031\304\201\234\007"
 1581      C01658C0 
 1581      5828EA59 
 1581      19C4819C 
 1581      07
 1582 0058 4C20155A 		.ascii	"L \025Z0\026\212\0126\006\036\260x\032P\205\010\214"
 1582      30168A0A 
 1582      36061EB0 
 1582      781A5085 
 1582      088C
 1583 006a 85A2829D 		.ascii	"\205\242\202\235A\024\3109\0006C\015\306BQ\301\301 "
 1583      4114C839 
 1583      0036430D 
 1583      C64251C1 
 1583      C120
 1584 007c 0FE4CC60 		.ascii	"\017\344\314`\316\000\252\320\003y\024\303\035\020\037"
 1584      CE00AAD0 
 1584      037914C3 
 1584      1D101F
 1585 008b 4EF06311 		.ascii	"N\360c\021\200\320\014\000\016\324;\301"
 1585      80D00C00 
 1585      0ED43BC1 
 1586              		.text
 1587              		.section	.gnu.lto_.jmpfuncs.1f2b7101,"e",%progbits
 1588 0000 789C6362 		.ascii	"x\234cb@\006\000\000*\000\003"
 1588      40060000 
 1588      2A0003
 1589              		.text
 1590              		.section	.gnu.lto_.lto.1f2b7101,"e",%progbits
 1591 0000 09000400 		.ascii	"\011\000\004\000\001\000\000\000"
 1591      01000000 
 1592              		.text
ARM GAS  C:\Users\angio\AppData\Local\Temp\cct64V7j.s 			page 34


 1593              		.section	.gnu.lto_gpt_lld_init.404.1f2b7101,"e",%progbits
 1594 0000 789C7590 		.ascii	"x\234u\220\317K\002Q\020\307gv\326\360\320\377\020A"
 1594      CF4B0251 
 1594      10C76776 
 1594      D6F0D0FF 
 1594      1041
 1595 0012 970EBAAD 		.ascii	"\227\016\272\255\211A\320\311$\002-P\273\011b*)\011"
 1595      8941D0C9 
 1595      24022D50 
 1595      BB09622A 
 1595      2909
 1596 0024 2BAEDAD1 		.ascii	"+\256\332\321\227x\210 ,\273\246t\330\302[\207(\245"
 1596      97788820 
 1596      2CBBA674 
 1596      D8C25B87 
 1596      28A5
 1597 0036 1FE4A18E 		.ascii	"\037\344\241\216\021t\351\230\020t+\302SP\264\275\335"
 1597      1174E998 
 1597      10742BC2 
 1597      5350B4BD 
 1597      DD
 1598 0047 5832A1E1 		.ascii	"X2\241\341=\230y\357}\277\363y\263\205\000E\000\030"
 1598      3D9879EF 
 1598      7DBFF379 
 1598      B3850045 
 1598      0018
 1599 0059 E51B08B0 		.ascii	"\345\033\010\260\266\263)\200\256\353%Q\300\3651<A3"
 1599      B6B32980 
 1599      AEEB2551 
 1599      C0F5313C 
 1599      4133
 1600 006b 47280958 		.ascii	"G(\011X\302]\032g\214\275\0374\316\356\2205;\250\021"
 1600      C25D1A67 
 1600      8CBD1F34 
 1600      CEEE9035 
 1600      3BA811
 1601 007e 4083C08A 		.ascii	"@\203\300\212!\253\342\236pto\353\260O\275\312\330\355"
 1601      21ABE29E 
 1601      70746FEB 
 1601      B04FBDCA 
 1601      D8ED
 1602 0090 13D68F45 		.ascii	"\023\326\217E~Y%\303\331\214\021\376d\233\204\337\022"
 1602      7E5925C3 
 1602      D98C11FE 
 1602      649B84DF 
 1602      12
 1603 00a1 E115CBBD 		.ascii	"\341\025\313\275\366\313\003\355\021\326H#~\302\263"
 1603      F6CB03ED 
 1603      11D64823 
 1603      7EC2B3
 1604 00b0 0A0A3C6D 		.ascii	"\012\012<mrW^\034\"h$`\013\361\024a\202\2234\2075\""
 1604      72575E1C 
 1604      22682460 
 1604      0BF11461 
 1604      82933487 
 1605 00c6 6C63DDE8 		.ascii	"lc\335\350j\210\010\331\006c\"\274a\245\333zD0\345b"
 1605      6A8808D9 
ARM GAS  C:\Users\angio\AppData\Local\Temp\cct64V7j.s 			page 35


 1605      066322BC 
 1605      61A5DB7A 
 1605      4430E562 
 1606 00da 8310FE33 		.ascii	"\203\020\3763\2730\315*Xf\314n4\275D\376g\215l?8_&\216"
 1606      BB30CD2A 
 1606      5866CC6E 
 1606      34BD44FE 
 1606      678D6C3F 
 1607 00f2 A5C33EDD 		.ascii	"\245\303>\335\325\000D\347\017\304\276\005\361\361/"
 1607      D50044E7 
 1607      0FC4BE05 
 1607      F1F12F
 1608 0101 44BFD9F5 		.ascii	"D\277\331\365\000\304\215\005\321\303r\367\374\331n"
 1608      00C48D05 
 1608      D1C372F7 
 1608      FCD96E
 1609 0110 4EB74AD8 		.ascii	"N\267J\330?=\000\217w:\342M\245\227\323\241|!\221V\""
 1609      3F3D008F 
 1609      773AE24D 
 1609      A597D3A1 
 1609      7C219156 
 1610 0125 6B4A6E55 		.ascii	"kJnU\315\306\342\311hAM\346\"\301\260#\024\016L\272"
 1610      CDC6E2C9 
 1610      68414DE6 
 1610      22C1B023 
 1610      140E4CBA 
 1611 0139 E6DC53EE 		.ascii	"\346\334S\356\240\317\261\260\344\365\373\026=n\230"
 1611      A0CFB1B0 
 1611      E4F5FB16 
 1611      3D6E98
 1612 0148 713A25BE 		.ascii	"q:%\276\342\206RQ]\262,K\212*\245b\031)\253\344\362"
 1612      E2865251 
 1612      5DB22C4B 
 1612      8A2AA562 
 1612      1929ABE4 
 1613 015d AA648A24 		.ascii	"\252d\212$\277\177V\012\317\007\212\262q\023]\311\346"
 1613      BF7F560A 
 1613      CF078AB2 
 1613      71135DC9 
 1613      E6
 1614 016e A3994CC2 		.ascii	"\243\231L\302\031\207o\214N\253("
 1614      19876F8C 
 1614      4EAB28
 1615              		.text
 1616              		.section	.gnu.lto_gpt_lld_start.405.1f2b7101,"e",%progbits
 1617 0000 789C8D56 		.ascii	"x\234\215VkL\024W\024\2363w\337\260\313\373\245\"\230"
 1617      6B4C1457 
 1617      149E3377 
 1617      DFB0CBFB 
 1617      A52298
 1618 0013 1411955D 		.ascii	"\024\021\225]^Z[\343\023PH\260M\324\37631\026M5%\201"
 1618      5E5A5BE3 
 1618      135048B0 
 1618      4DD4FE33 
 1618      31164D35 
 1619 0029 808F3F26 		.ascii	"\200\217?&\016B\245\245iyX\037(\240N\327\226\370\243"
 1619      0E42A5A5 
ARM GAS  C:\Users\angio\AppData\Local\Temp\cct64V7j.s 			page 36


 1619      6979581F 
 1619      28A04ED7 
 1619      96F8A3
 1620 003c 3625B6D8 		.ascii	"6%\266\330\332J\354\273\306ZMch\243\215m\223\026\037"
 1620      DA4AECBB 
 1620      C65A4D63 
 1620      68A38D6D 
 1620      93161F
 1621 004f A954DB20 		.ascii	"\251T\333 \021\245\347\334\231e\356]\026\322\015\334"
 1621      11A5E7DC 
 1621      9965EE5D 
 1621      16D20DDC 
 1622 005f FDEECCF9 		.ascii	"\375\356\314\371\276\363\335s\357\231\3312\257\242\234"
 1622      BEF3DD73 
 1622      EF99D932 
 1622      AFA29C
 1623 006e 5614A50F 		.ascii	"V\024\245\017\377\025\257\002\355m\315\252266\266\307"
 1623      FF15AF02 
 1623      ED6DCDAA 
 1623      323636B6 
 1623      C7
 1624 007f A6AA0D6D 		.ascii	"\246\252\015m\257\253\360)\360\331\321\326\337\014\300"
 1624      AFABF029 
 1624      F0D9D1D6 
 1624      DF0CC0
 1625 008e D4C6B628 		.ascii	"\324\306\266(\216\232\332|\374\333\006\007\332<\034"
 1625      8E9ADA7C 
 1625      FCDB0607 
 1625      DA3C1C
 1626 009d D9E1A089 		.ascii	"\331\341\240\211\034ph\\\310\251\036n\375`\326\004!"
 1626      1C70685C 
 1626      C8A91E6E 
 1626      FD60D604 
 1626      21
 1627 00ae 1774B4EB 		.ascii	"\027t\264\353\006t\303\221\020\364\300\321v}\226A\214"
 1627      0674C391 
 1627      10F4C0D1 
 1627      767D9641 
 1627      8C
 1628 00bf 824EC421 		.ascii	"\202N\304!b4\324\3338\000e\217\312lv\207\323\345\366"
 1628      6234D4DB 
 1628      3800658F 
 1628      CA6C7687 
 1628      D3E5F6
 1629 00d2 4445C31E 		.ascii	"DE\303\036\330\317r4M{x\262\373\275\336T\255\247\037"
 1629      D8CF7234 
 1629      4D7B78B2 
 1629      FBBDDE54 
 1629      ADA71F
 1630 00e5 824C51BA 		.ascii	"\202LQ\272\231b|:\031\264\263 \003\260\231H\205LDl\227"
 1630      99627C3A 
 1630      19B4B320 
 1630      03B09948 
 1630      854C446C 
 1631 00fa 92DDAF69 		.ascii	"\222\335\257i?\234\357\3234\267\022d\014>\002\344\300"
 1631      3F9CEFD3 
 1631      34B71264 
ARM GAS  C:\Users\angio\AppData\Local\Temp\cct64V7j.s 			page 37


 1631      0C3E02E4 
 1631      C0
 1632 010b 87006740 		.ascii	"\207\000g@\241\013\273/z\005\266:\316\216%\366[@\267"
 1632      A10BBB2F 
 1632      7A05B63A 
 1632      CE8E25F6 
 1632      5B40B7
 1633 011e B25061E8 		.ascii	"\262Pa\350t\357\320\000h\315\032\246\265\301'\\\344"
 1633      74EFD000 
 1633      68CD1AA6 
 1633      B5C1275C 
 1633      E4
 1634 012f 6380B340 		.ascii	"c\200\263@\311w\017x\035\012\234\003\323\016^s\020\373"
 1634      C9770F78 
 1634      1D0A9C03 
 1634      D30E5E73 
 1634      10FB
 1635 0141 302859FD 		.ascii	"0(Y\375\365\332\320\243\336\3167\023[\353]Af\207\317"
 1635      F5DAD0A3 
 1635      DECE3713 
 1635      5BEB5D41 
 1635      6687CF
 1636 0154 C4F4866F 		.ascii	"\304\364\206o\326m\304\275?\332;t\034\276\321l\024\327"
 1636      D66DC4BD 
 1636      3FDA3B74 
 1636      1CBED16C 
 1636      14D7
 1637 0166 1F212E68 		.ascii	"\037!.h\306\015\234\261\342.D\210;e\306\375$\304}\021"
 1637      C60D9CB1 
 1637      E22E4488 
 1637      3B65C6FD 
 1637      24C47D11 
 1638 017a 16876E7B 		.ascii	"\026\207n{\230r\372\252\275_\033\035k\321\264\341#p"
 1638      9872FAAA 
 1638      BD5F1B1D 
 1638      6BD1B4E1 
 1638      2370
 1639 018c E5DB07F7 		.ascii	"\345\333\007\367\342\326\002\026\305\241\342\340d8\330"
 1639      E2D60216 
 1639      C5A1E2E0 
 1639      6438D8
 1640 019b 6D84EC84 		.ascii	"m\204\354\204\034\204\234\204\\\204\250\232v\017\015"
 1640      1C849C84 
 1640      5C84A89A 
 1640      760F0D
 1641 01aa 5E1A7C74 		.ascii	"^\032|t-\206\206X\232\306\021\212'\224@(\221P\022\241"
 1641      2D868658 
 1641      9AC6118A 
 1641      27944028 
 1641      915012A1 
 1642 01be 64422984 		.ascii	"dB)\204R\011\245\021\232Fh:\241\031\204\322\011\315"
 1642      5209A511 
 1642      9A46683A 
 1642      A11984D2 
 1642      09CD
 1643 01d0 24944128 		.ascii	"$\224A(\223P\026\241\3314d\323t\016\241\034Bs\011\315"
 1643      935016A1 
ARM GAS  C:\Users\angio\AppData\Local\Temp\cct64V7j.s 			page 38


 1643      D93464D3 
 1643      740EA11C 
 1643      427309CD 
 1644 01e4 23349F50 		.ascii	"#4\237P.!?\241\000\241<\032\362qp\025\020*\244\241\010"
 1644      2E213FA1 
 1644      00A13C1A 
 1644      F2717015 
 1644      102AA4A1 
 1645 01f9 07F72280 		.ascii	"\007\367\"\200>XL\323\2454,\303\301\263\234\342V\020"
 1645      3E584CD3 
 1645      A5342CC3 
 1645      C1B39CE2 
 1645      5610
 1646 020b 5A49D78A 		.ascii	"ZI\327\212\011\225\020*%\264\212\356\256\246i\031M\313"
 1646      0995102A 
 1646      25B48AEE 
 1646      AEA66919 
 1646      4DCB
 1647 021d 0955F04D 		.ascii	"\011U\360MWZ\030\035d\376\311\300i+S\255)(\177\301\336"
 1647      575A181D 
 1647      64FEC9C0 
 1647      692B53AD 
 1647      29287FC1 
 1648 0232 7323D73B 		.ascii	"s#\327;\026\352\014\314\303\305\370\251z\007\3604\343"
 1648      16EA0CCC 
 1648      C3C5F8A9 
 1648      7A07F034 
 1648      E3
 1649 0243 9988D2D9 		.ascii	"\231\210\322\331\"\370\012\224<c\032\015_C\027?F\267"
 1649      22F80A94 
 1649      3C631A0D 
 1649      5F43173F 
 1649      46B7
 1650 0255 A071F0F3 		.ascii	"\240q\360\363i\272\301\211\006c\337Z\031\023\305y\314"
 1650      69BAC189 
 1650      0663DF5A 
 1650      1913C579 
 1650      CC
 1651 0266 9DCBF50C 		.ascii	"\235\313\365\014EP\263\021T\224\357\011%@\217Q\360\035"
 1651      4550B311 
 1651      5494EF09 
 1651      25408F51 
 1651      F01D
 1652 0278 907A23EC 		.ascii	"\220z#\354\325\264\301hJ~\321PB)[\230\317\373\017\037"
 1652      D5B4C168 
 1652      4A7ED150 
 1652      42295B98 
 1652      CFFB0F1F 
 1653 028c 77F874A6 		.ascii	"w\370t\246RB'h\307_\325lx\371\3029\267\316\230\351\335"
 1653      52422768 
 1653      C75FD56C 
 1653      78F9C239 
 1653      B7CE98E9 
 1654 02a1 2979F762 		.ascii	")y\367b0|\217\336g\005\231\017.\243q\322&%\227\216m"
 1654      307C8FDE 
 1654      6705990F 
 1654      2EA371D2 
ARM GAS  C:\Users\angio\AppData\Local\Temp\cct64V7j.s 			page 39


 1654      2625978E 
 1655 02b6 7289541B 		.ascii	"r\211T\033\332\233@gv\224 \276\035T\222\034j\006Y\306"
 1655      DA9B4067 
 1655      769420BE 
 1655      1D54921C 
 1655      6A0659C6 
 1656 02ca 66C95C35 		.ascii	"f\311\\5d\220\303M\332\005\223`J;\014i\356\314)\013"
 1656      6490C34D 
 1656      DA059360 
 1656      4A3B0C69 
 1656      EECC290B 
 1657 02de 392CA11F 		.ascii	"9,\241\037QH\265\374\270D?D\204+\020\321\213\313\222"
 1657      5148B5FC 
 1657      B8443F44 
 1657      842B10D1 
 1657      8BCB92
 1658 02f1 B8664860 		.ascii	"\270fH`<\367\342\020\274\330LY\237\340e\261,\344\343"
 1658      3CF7E210 
 1658      BCD84C59 
 1658      9FE065B1 
 1658      2CE4E3
 1659 0304 4227F8D4 		.ascii	"B'\370\324\007\003\202\235\303O\322t\026#0cef\214e\341"
 1659      0703829D 
 1659      C34FD274 
 1659      16233063 
 1659      65668C65 
 1660 0319 67A4316B 		.ascii	"g\2441k\025q\342*\342\2218\331*\342,\211\353\206\004"
 1660      1571E22A 
 1660      E29138D9 
 1660      2AE22C89 
 1660      EB8604
 1661 032c C6875412 		.ascii	"\306\207T\022\204\324\2112/\301\342\375\"\247N2S\037"
 1661      84D48932 
 1661      2FC1E2FD 
 1661      22A74E32 
 1661      531F
 1662 033e A4D4C948 		.ascii	"\244\324\311H46\3641\326#&\242\205$K\352\327\220\205"
 1662      3436F431 
 1662      D62326A2 
 1662      85244BEA 
 1662      D79085
 1663 0351 E4905A8A 		.ascii	"\344\220Z\212`a\251\314K\221\352\366\273\351b\010\032"
 1663      6061A9CC 
 1663      4B91EAF6 
 1663      BBE96208 
 1663      1A
 1664 0362 6F1EBA3D 		.ascii	"o\036\272=\250\352,\225\237\363\230n:&\344!\026\034"
 1664      A8EA2C95 
 1664      9FF3986E 
 1664      3A26E421 
 1664      161C
 1665 0374 411647C2 		.ascii	"A\026G\302C\3157\324\220\326\240wBs\305\303\237(f#\037"
 1665      43CD37D4 
 1665      90D6A077 
 1665      4273C5C3 
 1665      9F286623 
 1666 0389 A97C439D 		.ascii	"\251|C\235\023\232\351\374\265\360fR\205f\272\025\336"
ARM GAS  C:\Users\angio\AppData\Local\Temp\cct64V7j.s 			page 40


 1666      139AE9FC 
 1666      B5F06652 
 1666      8566BA15 
 1666      DE
 1667 039a 4CB7C79B 		.ascii	"L\267\307\233\311\025\336L}w\217`3\245\011\313\234&"
 1667      C915DE4C 
 1667      7D778F60 
 1667      33A509CB 
 1667      9C26
 1668 03ac 2F33CD2A 		.ascii	"/3\315*\317]\271u\246\213\233<\003\211F\245c#Vy\272"
 1668      CF5DB975 
 1668      A68B9B3C 
 1668      038946A5 
 1668      63235679 
 1669 03c1 25732FD4 		.ascii	"%s/\324:3\270%w\204\326I\027\374\314\224\205\322-\241"
 1669      3A33B825 
 1669      7784D649 
 1669      17FCCC94 
 1669      85D22DA1 
 1670 03d5 BFE5D6C9 		.ascii	"\277\345\326\311\020\375d\"\021\325\"z\311\260$\036"
 1670      10FD6422 
 1670      11D5227A 
 1670      C9B0241E 
 1671 03e5 845A2793 		.ascii	"\204Z'\223{\361Dh\235,\301\213G\026\312\222\216\300"
 1671      7BF14468 
 1671      9D2CC18B 
 1671      4716CA92 
 1671      8EC0
 1672 03f7 BF829D81 		.ascii	"\277\202\235\201\273\370L\234-0\263e\346l\313\302\260"
 1672      BBF84C9C 
 1672      2D30B365 
 1672      E66CCBC2 
 1672      B0
 1673 0408 7C7EE788 		.ascii	"|~\347\210\253\310A\342d\253\230cI\214\204\316mNHe\256"
 1673      ABC841E2 
 1673      64AB9863 
 1673      498C84CE 
 1673      6D4E4865 
 1674 041d 907A9ECC 		.ascii	"\220z\236\314\233k\361\036\311\251\347\213\255\223\213"
 1674      9B6BF11E 
 1674      C9A9E78B 
 1674      AD938B
 1675 042c 446343EF 		.ascii	"DcC\357M\332:\363-\251'!\013\271!5\277`\301+\363\374"
 1675      4DDA3AF3 
 1675      2DA92721 
 1675      0BB92135 
 1675      BF60C12B 
 1676 0442 52DD34D5 		.ascii	"R\3354\325j\235+w\250u\002B\353\300\037\360\177\333"
 1676      6A9D2B77 
 1676      A8750242 
 1676      EBC01FF0 
 1676      7FDB
 1677 0454 A64135DB 		.ascii	"\246A5\333&\30073j\302\013\356\237\256Z\235\345M\376"
 1677      26C03733 
 1677      6AC20BEE 
 1677      9FAE5A9D 
 1677      E54DFE
ARM GAS  C:\Users\angio\AppData\Local\Temp\cct64V7j.s 			page 41


 1678 0467 5A8B8757 		.ascii	"Z\213\207W\014\011\036~+[g\371\223\007\273\240\011\203"
 1678      0C091E7E 
 1678      2B5B67F9 
 1678      9307BBA0 
 1678      0983
 1679 0479 EDA1E080 		.ascii	"\355\241\340\200\316\012\314\327\217Kz\375$\240\012"
 1679      CE0ACCD7 
 1679      8F4B7AFD 
 1679      24A00A
 1680 0488 BCA62A79 		.ascii	"\274\246*y\215|\232\010\315HspZC\337\276K6\235\025\242"
 1680      8D7C9A08 
 1680      CD487370 
 1680      5A43DFBE 
 1680      4B369D15 
 1681 049d 296493CE 		.ascii	")d\223\316h\323%\254}\021^\243\333\235\373\226\350\254"
 1681      68D325AC 
 1681      7D115EA3 
 1681      DB9DFB96 
 1681      E8AC
 1682 04af 02E7A4EA 		.ascii	"\002\347\244\352\306\237\236\214/,:|a\035\303\351:["
 1682      C69F9E8C 
 1682      2F2C3A7C 
 1682      611DC3E9 
 1682      3A5B
 1683 04c1 36B9550F 		.ascii	"6\271U\017\274\2019\235<\347\205\373\203I\246O\217\345"
 1683      BC81399D 
 1683      3CE785FB 
 1683      8349A64F 
 1683      8FE5
 1684 04d3 B3C71764 		.ascii	"\263\307\027dI\250\001-\252\2651\255Hr\031\017/\037"
 1684      49A8012D 
 1684      AAB531AD 
 1684      4872190F 
 1684      2F1F
 1685 04e5 18CB1C19 		.ascii	"\030\313\034\031\246\022.\237\252*\373\305\252\340S"
 1685      A6122E9F 
 1685      AA2AFBC5 
 1685      AAE053
 1686 04f4 6AC554BE 		.ascii	"j\305T\276\016\214\373\302\340\247t\266R.\334r\241p"
 1686      0E8CFBC2 
 1686      E0A774B6 
 1686      522EDC72 
 1686      A170
 1687 0506 C9700883 		.ascii	"\311p\010\203\335\306\"\304\263`z_!y\357\300X\017\235"
 1687      DDC622C4 
 1687      B3607A5F 
 1687      2179EFC0 
 1687      580F9D
 1688 0519 85955CFB 		.ascii	"\205\225\\\373\354h\027>\346\212\247\262r\324\2622\332"
 1688      EC68173E 
 1688      E68AA7B2 
 1688      72D4B232 
 1688      DA
 1689 052a 74034F61 		.ascii	"t\003Oa\011\326>\354\330\233\251\212\245T]H\214\242"
 1689      09D63EEC 
 1689      D89BA98A 
 1689      A5545D48 
ARM GAS  C:\Users\angio\AppData\Local\Temp\cct64V7j.s 			page 42


 1689      8CA2
 1690 053c 54254689 		.ascii	"T%F\211x\252\322\251R\035\013\337\015Q\274T\022?\201"
 1690      78AAD2A9 
 1690      521D0BDF 
 1690      0D51BC54 
 1690      123F81
 1691 054f A1D1D805 		.ascii	"\241\321\330\005\355\252\261\216\307T\377US\325\377"
 1691      EDAAB18E 
 1691      C754FF55 
 1691      53D5FF
 1692 055e 6DB1FE58 		.ascii	"m\261\376X\322\325rIWI%=\211\301^a\263\312\246\262\375"
 1692      D2D57249 
 1692      5749253D 
 1692      89C15E61 
 1692      B3CAA6B2 
 1693 0573 EEB86D7C 		.ascii	"\356\270m|D|\211?\226\312Q\335xFhO\306\237\021\0236"
 1693      447C893F 
 1693      96CA51DD 
 1693      7846684F 
 1693      C69F1113 
 1694 0588 A64C5AD0 		.ascii	"\246LZ\320)\024\361Q\265\312\225\373\260\367\346\310"
 1694      2914F151 
 1694      B5CA95FB 
 1694      B0F7E6C8 
 1695 0598 B08BBF9A 		.ascii	"\260\213\277\232Z\030\210?O\025ea\361\263\033\212\267"
 1695      5A18883F 
 1695      4F156561 
 1695      F1B31B8A 
 1695      B7
 1696 05a9 6E7B71DB 		.ascii	"n{q\333\272\355;6o\253\336\260\253\272\366\345\272\232"
 1696      BAED3B36 
 1696      6FABDEB0 
 1696      ABBAF6E5 
 1696      BA9A
 1697 05bb 4D955B36 		.ascii	"M\225[6\356\250\333R\273a\355\372\334u\353\327\024\026"
 1697      EEA8DB52 
 1697      BB61EDFA 
 1697      DC75EBD7 
 1697      1416
 1698 05cd AC2E7ABA 		.ascii	"\254.z\272hmi\356s/\024W\224>\277\260HY\342\367\007"
 1698      686D69EE 
 1698      732F1457 
 1698      943EBFB0 
 1698      4859E2F7 
 1699 05e2 F0AF9298 		.ascii	"\360\257\222\230\325u\005\371\371\371\201\352\272\300"
 1699      D57505F9 
 1699      F9F981EA 
 1699      BAC0
 1700 05f0 D64D5581 		.ascii	"\326MU\201\232\352\332\355u\001N\012TT\224\004\326\227"
 1700      9AEADAED 
 1700      75014E0A 
 1700      54549404 
 1700      D697
 1701 0602 AFD9994F 		.ascii	"\257\331\231Ow6\276T\263}cU\325f\177\245bCX\223\"]\363"
 1701      7736BE54 
 1701      B37D6355 
 1701      D5667FA5 
ARM GAS  C:\Users\angio\AppData\Local\Temp\cct64V7j.s 			page 43


 1701      62435893 
 1702 0619 57E63DB3 		.ascii	"W\346=\263\240\262r\301\"\205\325\324U\332wVW\371\363"
 1702      A0B272C1 
 1702      2285D5D4 
 1702      55DA7756 
 1702      57F9F3
 1703 062c F898CFC7 		.ascii	"\370\230\317\307\002>\026\376\007kS\202\013"
 1703      023E16FE 
 1703      076B5382 
 1703      0B
 1704              		.text
 1705              		.section	.gnu.lto_gpt_lld_stop.406.1f2b7101,"e",%progbits
 1706 0000 789C7D54 		.ascii	"x\234}TYHTa\024\376\317\375\3572\343\350\270\244\026"
 1706      59485461 
 1706      14FECFFD 
 1706      EF32E3E8 
 1706      B8A416
 1707 0013 BE645444 		.ascii	"\276dTD\017\315\244\251-\320K\026\021XA\331\233 5FI"
 1707      0FCDA4A9 
 1707      2DD04B16 
 1707      115841D9 
 1707      9B203546 
 1708 0028 C288A3F5 		.ascii	"\302\210\243\365\022\370\273\264P\224\332\012QSMS\370"
 1708      12F8BBB4 
 1708      5094DA0A 
 1708      51534D53 
 1708      F8
 1709 0039 562F9585 		.ascii	"V/\225\205\232\255\266\323J\021\021E\030\323\202\212"
 1709      9AADB6D3 
 1709      4A111145 
 1709      18D3828A 
 1710 0049 10192DD3 		.ascii	"\020\031-\3239\367\316\365\336;\230\303\314\231\357"
 1710      39F7CEF5 
 1710      DE3B98C3 
 1710      CC99EF
 1711 0058 FFEFF9BE 		.ascii	"\377\357\371\276\263|\303,Q\031;\311\030\333\216\037"
 1711      B37CC32C 
 1711      51193BC9 
 1711      18DB8E1F 
 1712 0068 E66270A0 		.ascii	"\346bp\240c\217\304\342\361x\243,I-\035{%\270\002\372"
 1712      638FC4E2 
 1712      F178A32C 
 1712      492D1D7B 
 1712      25B802FA 
 1713 007c 69578757 		.ascii	"iW\207W\377\346Rk\207GG;\02272\034\036\343(\322\316"
 1713      FFE6526B 
 1713      8747473B 
 1713      1237321C 
 1713      1EE328D2 
 1714 0091 71382A1C 		.ascii	"q8*\034\035\313\320\240i\206\371\034X\243\304eE\325"
 1714      1DCBD0A0 
 1714      6986F91C 
 1714      58A3C465 
 1714      45D5
 1715 00a3 A0110EF2 		.ascii	"\240\021\016\362\331B\210\321\263\341}=SDg\037D9ca\316"
 1715      D94288D1 
 1715      B3E17D3D 
ARM GAS  C:\Users\angio\AppData\Local\Temp\cct64V7j.s 			page 44


 1715      5344671F 
 1715      44396361 
 1716 00b8 8CD7710E 		.ascii	"\214\327q\016\007x\224\003\310\011$A>\"\276\215\315"
 1716      07789403 
 1716      C8092441 
 1716      3E22BE8D 
 1716      CD
 1717 00c9 EA13E249 		.ascii	"\352\023\342Io\227\020n\026\345\034.\003r\340\022\300"
 1717      6F97106E 
 1717      16E51C2E 
 1717      0372E012 
 1717      C0
 1718 00da 456074B1 		.ascii	"E`t\261\375B\032c\252\251\204w\022\321\016\001\233\331"
 1718      FD421A63 
 1718      AAA98477 
 1718      12D10E01 
 1718      9BD9
 1719 00ec D724861F 		.ascii	"\327$\206\037\364\034\337\237\335\336\344\212r\031\256"
 1719      F41CDF9F 
 1719      DDDEE48A 
 1719      7219AE
 1720 00fb DA994649 		.ascii	"\332\231FI~\314\310\273\360\267g\370\024\334\0252\345"
 1720      7ECCC8BB 
 1720      F0B767F8 
 1720      14DC1532 
 1720      E5
 1721 010c 7527E59D 		.ascii	"u'\345\235\177\246\364\211\337\3616!\206bp\375\336\257"
 1721      7FA6F489 
 1721      DFF13621 
 1721      866270FD 
 1721      DEAF
 1722 011e 3B593300 		.ascii	";Y3\000++\022\006\225S\220)(\0304\025\203\254\021r\021"
 1722      2B2B1206 
 1722      95539029 
 1722      28183415 
 1722      83AC1172 
 1723 0133 A296B514 		.ascii	"\242\226\265\024B\036B\251\204\322\010y)\244\3231\203"
 1723      421E42A9 
 1723      84D20879 
 1723      29A4D331 
 1723      83
 1724 0144 5026A12C 		.ascii	"P&\241,B\223\010e\023\312!\224K(\017\240\013\362\351"
 1724      42930865 
 1724      13CA2194 
 1724      4B280FA0 
 1724      0BF2E9
 1725 0157 389D0263 		.ascii	"8\235\002cm\2346\255\277\246b\217\355\\\262\216\300"
 1725      6D9C36AD 
 1725      BFA6628F 
 1725      ED5CB28E 
 1725      C0
 1726 0168 06A1B9FB 		.ascii	"\006\241\271\373g\177\270$\302!\261K\0164\3549\300\365"
 1726      677FB824 
 1726      C221B14B 
 1726      0E34EC39 
 1726      C0F5
 1727 017a E3265C11 		.ascii	"\343&\\\021\236\007\275\300\346\032G7\\\203\023\372"
ARM GAS  C:\Users\angio\AppData\Local\Temp\cct64V7j.s 			page 45


 1727      9E07BDC0 
 1727      E61A4737 
 1727      5C8313FA 
 1728 018a F23E436B 		.ascii	"\362>Ck\354f^\304\340\270A\322\247o\347<Y\374\312\303"
 1728      EC665EC4 
 1728      E0B841D2 
 1728      A76FE73C 
 1728      59FCCAC3 
 1729 019e 7061844B 		.ascii	"pa\204K\377\227T\341\006J\322\366\006\341\306H,7\321"
 1729      FF9754E1 
 1729      064AD2F6 
 1729      06E1C648 
 1729      2C37D1
 1730 01b1 866AB5D1 		.ascii	"\206j\265\321\231\036\345)\250\001\267\220tZ'y\3406"
 1730      991EE529 
 1730      A801B790 
 1730      745A2779 
 1730      E036
 1731 01c3 92B028A5 		.ascii	"\222\260(\245z\200\031s\350\245\370D\245\356&\227\262"
 1731      7A801973 
 1731      E8A5F844 
 1731      A5EE2697 
 1731      B2
 1732 01d4 17E08E02 		.ascii	"\027\340\216\002\3671\025'\205\376\304\034\217H\\\236"
 1732      F7311527 
 1732      85FEC41C 
 1732      8F485C9E 
 1733 01e4 48FCE144 		.ascii	"H\374\341D\342\262C\3741\246\312\206\270\276\310\370"
 1733      E2B243FC 
 1733      31A6CA86 
 1733      B8BEC8F8 
 1734 01f4 F7268E72 		.ascii	"\367&\216r\310i\005\011=\350\344\314\030\037=t\301\023"
 1734      C8690509 
 1734      3DE8E4CC 
 1734      181F3D74 
 1734      C113
 1735 0206 A03AADD0 		.ascii	"\240:\255\320,D,\225\034zj\374\330p\337r\322\276GF\007"
 1735      2C442C95 
 1735      1C7A6AFC 
 1735      D870DF72 
 1735      D2BE4746 
 1736 021b C2DE0857 		.ascii	"\302\336\010Wh/\032\210S\273\205L\375t\273#\\MlVs\030"
 1736      682F1A88 
 1736      53BB854C 
 1736      FD74BB23 
 1736      5C4D6C56 
 1737 0231 9C8AC9F0 		.ascii	"\234\212\311\360\002[\233F}\275\304\276\024}\204\346"
 1737      025B9B46 
 1737      7DBDC4BE 
 1737      147D84E6 
 1738 0241 119C4F83 		.ascii	"\021\234O\203\347\244\332rd\027Dh^\225\3702\374\301"
 1738      E7A4DA72 
 1738      64174468 
 1738      5E95F832 
 1738      FCC1
 1739 0253 7AE9243B 		.ascii	"z\351$;\274\007\234R\232%\365\332\220B\236\251\3466"
 1739      BC079C52 
ARM GAS  C:\Users\angio\AppData\Local\Temp\cct64V7j.s 			page 46


 1739      9A25F5DA 
 1739      90429EA9 
 1739      E636
 1740 0265 D4F46652 		.ascii	"\324\364fR\234<\267\305{\203<\325j\301co\0013S\340\025"
 1740      9C3CB7C5 
 1740      7B833CD5 
 1740      6AC1636F 
 1740      013353E0 
 1741 027a 8C5BDA63 		.ascii	"\214[\332cI\2745$0\337TI\263\225\316w\362\322t\236i"
 1741      49BC3524 
 1741      30DF5449 
 1741      B395CE77 
 1741      F2D2749E 
 1742 028f CCBB4475 		.ascii	"\314\273Du\332\255b\337\255n\323\327\037\3116\201\315"
 1742      DAAD62DF 
 1742      AD6ED3D7 
 1742      1FC93681 
 1742      CD
 1743 02a0 A6F7C936 		.ascii	"\246\367\3116}\030\263IM\266\251+N6ymm\245;\333\362"
 1743      7D18B349 
 1743      4DB6A92B 
 1743      4E36796D 
 1743      6DA53BDB 
 1744 02b5 5AE37C74 		.ascii	"Z\343|t\232\222a\337H&\022\015S\206\376kJ\206%\365\311"
 1744      9A9261DF 
 1744      4826120D 
 1744      5386FE6B 
 1744      4A8625F5 
 1745 02ca 3425D354 		.ascii	"4%\323T\313\262\2650\311\311\313\262x1\247)\331\366"
 1745      CBB2B530 
 1745      C9C9CBB2 
 1745      7831A729 
 1745      D9F6
 1746 02dc 16729008 		.ascii	"\026r\220\010\003\343\233\222mI|1M\3111Urm\245\247;"
 1746      03E39B92 
 1746      6D497C31 
 1746      4DC93155 
 1746      726DA5A7 
 1747 02f1 79B90E53 		.ascii	"y\271\016S\276\331L\321\354\233\034\201\346\367=g\334"
 1747      BED94CD1 
 1747      EC9B1C81 
 1747      E6F73D67 
 1747      DC
 1748 0302 FAA3360E 		.ascii	"\372\2436\016\366\3779\306JJ\027U\224n\256\336P\275"
 1748      F6FF39C6 
 1748      4A4A1755 
 1748      946EAEDE 
 1748      50BD
 1749 0314 B6BEA1AA 		.ascii	"\266\276\241\252:X\261-X\267%T\273>\260\261\262!\264"
 1749      3A58B12D 
 1749      58B72554 
 1749      BB3EB0B1 
 1749      B221B4
 1750 0327 B1AE624D 		.ascii	"\261\256bM\371\234\265\345+\347\025./\232_\264f\331"
 1750      F99CB5E5 
 1750      2BE7152E 
 1750      2F9A5FB4 
ARM GAS  C:\Users\angio\AppData\Local\Temp\cct64V7j.s 			page 47


 1750      66D9
 1751 0339 9C55EB4A 		.ascii	"\234U\353J\313\226\255.)b\213}>?\276\003\304\014\206"
 1751      CB96AD2E 
 1751      29628B7D 
 1751      3E3FBE03 
 1751      C40C86
 1752 034c 0A0B0A0A 		.ascii	"\012\013\012\012\374\301\220\177\363\372\032\177m\260"
 1752      FCC1907F 
 1752      F3FA1A7F 
 1752      6DB0
 1753 035a AE3EE4D7 		.ascii	"\256>\344\327I\376\262\262\245\376\362\025+\267\026"
 1753      49FEB2B2 
 1753      A5FEF215 
 1753      2BB716
 1754 0369 D093CA4D 		.ascii	"\320\223\312M\265\365\22555U\276\000\223\021\326Nv\334"
 1754      B5F59535 
 1754      3555BE00 
 1754      9311D64E 
 1754      76DC
 1755 037b F9027317 		.ascii	"\371\002s\027\026\007\002\305\013\230\2625X\343+\322"
 1755      160702C5 
 1755      0B98B235 
 1755      58E32BD2 
 1756 038b 63F13F7D 		.ascii	"c\361?}&K%"
 1756      264B25
 1757              		.text
 1758              		.section	.gnu.lto_gpt_lld_start_timer.407.1f2b7101,"e",%progbits
 1759 0000 789C7D53 		.ascii	"x\234}S]H\024Q\024>g\316\314\376\273\372RF\020\025\004"
 1759      5D481451 
 1759      143E67CE 
 1759      CCFEBBFA 
 1759      52461015 
 1760 0015 D183BBAE 		.ascii	"\321\203\273\256\251\375@O&\021h\201ZO\202\330*\271"
 1760      A9FD404F 
 1760      26116881 
 1760      5A4F82D8 
 1760      2AB9
 1761 0027 B4B4CBEE 		.ascii	"\264\264\313\356\252/\202\223\332\017F\370\223=eB\313"
 1761      AA2F8293 
 1761      DA0F46F8 
 1761      933D6542 
 1761      CB
 1762 0038 26EB534F 		.ascii	"&\353SO\225\226\301\246\031\021I\231ED\020\022D,\224"
 1762      9596C1A6 
 1762      19114999 
 1762      45441012 
 1762      442C94
 1763 004b 84102854 		.ascii	"\204\020(T\333\2713\273\256c4\303\314\235s\356\375\316"
 1763      DBB933BB 
 1763      AE6334C3 
 1763      CC9D73EE 
 1763      FDCE
 1764 005d F79D73EF 		.ascii	"\367\235s\357\271\2032\300(\000T\363\007\012\340\360"
 1764      B98332C0 
 1764      280054F3 
 1764      070AE0F0 
 1765 006d 50BF0499 		.ascii	"P\277\004\231L\246[\226\244\336\241\253\022>B\315\353"
ARM GAS  C:\Users\angio\AppData\Local\Temp\cct64V7j.s 			page 48


 1765      4CA65B96 
 1765      A4DEA1AB 
 1765      123E42CD 
 1765      EB
 1766 007e 1B726B7F 		.ascii	"\033rk\177\302\221u\204\214\027\366\344\326\021\272"
 1766      C2917584 
 1766      8C17F6E4 
 1766      D611BA
 1767 008d 2592B11B 		.ascii	"%\222\261\033\257\323>UUW\357\214\255.lS\223)L\020\300"
 1767      AFD33E55 
 1767      5557EF8C 
 1767      AD2E6C53 
 1767      93294C10 
 1768 00a2 1881FE8C 		.ascii	"\030\201\376\214\022\016S\202\020\345\254%\341.\266"
 1768      120E5382 
 1768      10E5AC25 
 1768      E12EB6
 1769 00b1 A813F6A6 		.ascii	"\250\023\366\246T\365\365\374\244\252\332!A\204\017"
 1769      54F5F5FC 
 1769      A4AADA21 
 1769      41840F
 1770 00c0 9063F03E 		.ascii	"\220c\360>\342=\0041\321u\245@\340FP\007~\313\002e\234"
 1770      E23D0431 
 1770      D175A540 
 1770      E0465007 
 1770      7ECB0265 
 1771 00d5 3202E5AE 		.ascii	"2\002\345\256\033\005\000\226\234$\317\301\3357JJ\375"
 1771      1B050096 
 1771      9C24CFC1 
 1771      DD374A4A 
 1771      FD
 1772 00e6 951950D5 		.ascii	"\225\031P\325\237_\361\332\242\\\214\214S$\036,$,Y\014"
 1772      9F5FF1DA 
 1772      A25C8C8C 
 1772      53241E2C 
 1772      242C590C 
 1773 00fa 8A182C3C 		.ascii	"\212\030,<X\255<\330l\302\025\002\026\207\260\234\302"
 1773      58AD3CD8 
 1773      6CC21502 
 1773      1687B09C 
 1773      C2
 1774 010b 7209AB10 		.ascii	"r\011\253\020q\022\213\020\0372\363\000\211m\320\236"
 1774      71128B10 
 1774      1F32F300 
 1774      896DD09E 
 1775 011b 9DEC0E92 		.ascii	"\235\354\016\222\224w\021\226\261gz\352w\322\035'\314"
 1775      94771196 
 1775      B1677AEA 
 1775      77D21D27 
 1775      CC
 1776 012c D64A28EA 		.ascii	"\326J(\352\037G\336\036[\202\354q*\304i\204R\335U\360"
 1776      1F47DE1E 
 1776      5B82EC71 
 1776      2AC46984 
 1776      52DD55F0 
 1777 0140 31DED272 		.ascii	"1\336\322r^\306\336\321K_\2448\361[$\342,b\2073\205"
 1777      5EC6DED1 
ARM GAS  C:\Users\angio\AppData\Local\Temp\cct64V7j.s 			page 49


 1777      4B5FA438 
 1777      F15B24E2 
 1777      2C628733 
 1778 0155 BC30F3A3 		.ascii	"\2740\363\243\377\235\224eS\362lIw\202\034\254\203)"
 1778      FF9D9465 
 1778      53F26C49 
 1778      77821CAC 
 1778      8329
 1779 0167 A6BBADD1 		.ascii	"\246\273\255\3219\361\011\323qVL\243\245\262\246\245"
 1779      39F109D3 
 1779      71564CA3 
 1779      A5B2A6A5 
 1780 0177 426609CC 		.ascii	"Bf\011\314\256'0\263\222\334\262\211\234\014\344s\014"
 1780      AE2730B3 
 1780      92DCB289 
 1780      9C0CE473 
 1780      0C
 1781 0188 9500441E 		.ascii	"\225\000D\036\316\\\255\177\204\200l&\360\334L@6\010"
 1781      CE5CAD7F 
 1781      84806C26 
 1781      F0DC4C40 
 1781      3608
 1782 019a BC6028E5 		.ascii	"\274`(\345\004@\257\340\351\004\013(f\002\363f\002\212"
 1782      0440AFE0 
 1782      E9040B28 
 1782      6602F366 
 1782      028A
 1783 01ac 41E01543 		.ascii	"A\340\025C\271\365\361e6\373\271\211\323q\262\374\237"
 1783      B9F5F165 
 1783      36FBB989 
 1783      D371B2FC 
 1783      9F
 1784 01bd DC8A0B1C 		.ascii	"\334\212\013\034\241\200\236KzG\234\254\331\203\260"
 1784      A1809E4B 
 1784      7A479CAC 
 1784      D983B0
 1785 01cc 1A8ED5C5 		.ascii	"\032\216\325\305,\270\310a}\232[\200o9\214\373\021\322"
 1785      2CB8C861 
 1785      7D9A5B80 
 1785      6F398CFB 
 1785      11D2
 1786 01de D8979EDD 		.ascii	"\330\227\236\335\316a\"\306\215\372}\030$\332\3343k"
 1786      CE6122C6 
 1786      8DFA7D18 
 1786      24DADC33 
 1786      6B
 1787 01ef 73136571 		.ascii	"s\023eq\262\231\225\371>_\346tzk\234\354\033\300\\\250"
 1787      B29995F9 
 1787      3E5FE674 
 1787      7A6B9CEC 
 1787      1BC05CA8 
 1788 0203 4D2B74B7 		.ascii	"M+t\267\250\362\003#\255\271\23495\207\031\355\307|"
 1788      A8F20323 
 1788      ADB99C39 
 1788      358719ED 
 1788      C77C
 1789 0215 030E5FFE 		.ascii	"\003\016_\376\316\335\347dj\275\001Qo>4\0129\362B\237"
ARM GAS  C:\Users\angio\AppData\Local\Temp\cct64V7j.s 			page 50


 1789      CEDDE764 
 1789      6ABD0151 
 1789      6F3E340A 
 1789      39F2429F 
 1790 0229 74218ED1 		.ascii	"t!\216\321\252\222\377\271\011\317\304\341\271\314\344"
 1790      AA92FFB9 
 1790      09CFC4E1 
 1790      B9CCE4
 1791 0238 97CC0ECF 		.ascii	"\227\314\016\317e8\274\317\014\265\345\272\343\"\302"
 1791      6538BCCF 
 1791      0CB5E5BA 
 1791      E322C2
 1792 0247 0AF62CDD 		.ascii	"\012\366,\335\034\267k[:@\270\361V\002TV\035n\254j\013"
 1792      1CB76B5B 
 1792      3A40B8F1 
 1792      56025456 
 1792      1D6EAC6A 
 1793 025c 9C09D4C7 		.ascii	"\234\011\324\307\332[\002\241\306\316P\344\\4\334\354"
 1793      DA5B02A1 
 1793      C6CE50E4 
 1793      5C34DCEC 
 1794 026c 6F6D6A8F 		.ascii	"omj\217\266F\032\353\032J\352\033j\367\227\035+?P^W"
 1794      B6461AEB 
 1794      1A4AEA1B 
 1794      6AF7971D 
 1794      2B3F505E 
 1795 0281 5D72E254 		.ascii	"]r\342TUM\365\311\312r8\342\361x\371\365\213\310P\264"
 1795      554DF5C9 
 1795      CA7238E2 
 1795      F178F9F5 
 1795      8BC850B4 
 1796 0295 CCE7F379 		.ascii	"\314\347\363yCQo[s\320\033\016EbQ\257\026\344\255\251"
 1796      43516F5B 
 1796      73D01B0E 
 1796      456251AF 
 1796      16E4ADA9 
 1797 02a9 39EA6D38 		.ascii	"9\352m8^\333\341\023+Mg\303\261\246`\260\305\343\007"
 1797      5EDBE113 
 1797      2B4D67C3 
 1797      B1A660B0 
 1797      C5E307
 1798 02bc 99CD70B1 		.ascii	"\231\315p\261a\316\343/=T\341\367W\034\004[\340|\254"
 1798      61CEE32F 
 1798      3D54E1F7 
 1798      571C045B 
 1798      E07CAC
 1799 02cf 35D2D11C 		.ascii	"5\322\321\034\374\013\201?\253\355"
 1799      FC0B813F 
 1799      ABED
 1800              		.text
 1801              		.section	.gnu.lto_gpt_lld_stop_timer.408.1f2b7101,"e",%progbits
 1802 0000 789C7D52 		.ascii	"x\234}RMh\023Q\020\236y\3636n\241\324S\2617-\010\342"
 1802      4D681351 
 1802      109E79F3 
 1802      366EA1D4 
 1802      53B1372D 
 1803 0016 A1D9A6A6 		.ascii	"\241\331\246\246\255\012\236b\021!Uh\343-\020\352\266"
ARM GAS  C:\Users\angio\AppData\Local\Temp\cct64V7j.s 			page 51


 1803      AD0A9E62 
 1803      11215568 
 1803      E32D10EA 
 1803      B6
 1804 0027 D8606043 		.ascii	"\330``C6\265\027!\317z\020z\211\266\340I\003.k\211\007"
 1804      36B51721 
 1804      CF7A107A 
 1804      89B6E049 
 1804      032E6B89 
 1805 003c F1A4B65A 		.ascii	"\361\244\266Z%*\"B\017b\325\213\010^<\364`)=)\210\353"
 1805      252A2242 
 1805      0F62D58B 
 1805      085E3CF4 
 1805      60293D29 
 1806 0052 BC4D3489 		.ascii	"\274M4\211\207<v\207\231\331\357g\206\267\256\000X\006"
 1806      873C7687 
 1806      99D9EF67 
 1806      86B7AE00 
 1806      5806
 1807 0064 807E7E81 		.ascii	"\200~~\201\000\227n,\012\010\202\240$\005^9\210k\030"
 1807      00976E2C 
 1807      0A0882A0 
 1807      24055E39 
 1807      886B18
 1808 0077 E6082581 		.ascii	"\346\010%\201%\\\246\303J\251\037w+\225\315>U\255\241"
 1808      255CA6C3 
 1808      4AA91F77 
 1808      2B95CD3E 
 1808      55ADA1
 1809 008a 4F001582 		.ascii	"O\000\025\202\372\271E\270D>!\312F&\360\000g4\017\207"
 1809      FAB945B8 
 1809      443E21CA 
 1809      4626F000 
 1809      67340F87 
 1810 009e 6A4ABDDB 		.ascii	"jJ\275\333XU\252\013|\"|\214\314\301G\210\017\021t\343"
 1810      5855AA0B 
 1810      7C227C8C 
 1810      CCC14788 
 1810      0F1174E3 
 1811 00b2 F2F76E80 		.ascii	"\362\367n\200\310_%\356\301\203\367FM\375\012\312J}"
 1811      C85F25EE 
 1811      C183F746 
 1811      4DFD0ACA 
 1811      4A7D
 1812 00c4 FC86F737 		.ascii	"\374\206\3677e72N\012\035H\007\311\3010t\026\321\231"
 1812      6537324E 
 1812      0A1D4807 
 1812      C9C13074 
 1812      16D199
 1813 00d7 89B8CAB4 		.ascii	"\211\270\312\2642\351\301\303\263\237\313\353$\232%"
 1813      32E9C1C3 
 1813      B39FCBEB 
 1813      249A25
 1814 00e6 C2362EAC 		.ascii	"\3026.\254\257}\270\327\343\0216\346#\3243\257 \257"
 1814      AF7DB8D7 
 1814      E31136E6 
 1814      23D433AF 
ARM GAS  C:\Users\angio\AppData\Local\Temp\cct64V7j.s 			page 52


 1814      20AF
 1815 00f8 64FA14F1 		.ascii	"d\372\024\361\310\304'\010\203\365R\342S\274\035\016"
 1815      C8C42708 
 1815      83F552E2 
 1815      53BC1D0E 
 1816 0108 B48D2F77 		.ascii	"\264\215/w\253\275\015\216lr\252=>\355a5|\306\244;!"
 1816      ABBD0D8E 
 1816      6C72AA3D 
 1816      3EED6135 
 1816      7CC6A43B 
 1817 011d C9C4E74C 		.ascii	"\311\304\347Lbo\0155\021B\323\237\241\251\350d\365\342"
 1817      626F0D35 
 1817      1142D39F 
 1817      A1A9E864 
 1817      F5E2
 1818 012f 7FAB5603 		.ascii	"\177\253V\003\321f\360\212\241|eXkl\364I\213S'\361\327"
 1818      D166F08A 
 1818      A17C6558 
 1818      6B6CF449 
 1818      8B5327F1 
 1819 0144 4DF1F5AD 		.ascii	"M\361\365\255^\217d\013\230\345)\224\357\327\332o\030"
 1819      5E8F640B 
 1819      98E52994 
 1819      EFD7DA6F 
 1819      18
 1820 0155 49509F7A 		.ascii	"IP\237z\213<2:\311\276\375'{\365\346\265/\302\323\010"
 1820      8B3C323A 
 1820      C9BEFD27 
 1820      7BF5E6B5 
 1820      2FC2D308 
 1821 0169 A9F73650 		.ascii	"\251\3676P\375\016\202\275\332og\021\333\315\214\246"
 1821      FD0E82BD 
 1821      DA6F6711 
 1821      DBCD8CA6 
 1822 0179 D946DD8C 		.ascii	"\331F\335\214y\260\213\013_?\257t\205\177Q\231\260\365"
 1822      79B08B0B 
 1822      5F3FAF74 
 1822      857F5199 
 1822      B0F5
 1823 018b 12014612 		.ascii	"\022\001F\022\307\323\211\331\354\371\354dqn:\353\244"
 1823      C7D389D9 
 1823      ECF9EC64 
 1823      716E3AEB 
 1823      A4
 1824 019c E79DC245 		.ascii	"\347\235\302E7?e\317d\346\334\231Bz\"50\231\032?2t*"
 1824      373F65CF 
 1824      64E6DC99 
 1824      427A2235 
 1824      30991A3F 
 1825 01b3 3E1A9F18 		.ascii	">\032\237\030\0338s.\221\034;;\022\207\023\321\250\305"
 1825      1B38732E 
 1825      911C3B3B 
 1825      128713D1 
 1825      A8C5
 1826 01c5 8FAD998E 		.ascii	"\217\255\231\216;\024\213\305,\307\265f\247rV\336)\024"
 1826      3B148BC5 
 1826      2CC7B566 
ARM GAS  C:\Users\angio\AppData\Local\Temp\cct64V7j.s 			page 53


 1826      A77256DE 
 1826      2914
 1827 01d7 5D2B2459 		.ascii	"]+$Y\311\344I+uz\374RL\177\311\\\310\0273\271\334t\324"
 1827      C9E4492B 
 1827      757AFC52 
 1827      4C7FC95C 
 1827      C81733B9 
 1828 01ee 06C9697E 		.ascii	"\006\311i~_[/j\017\036\033\266\355\341\243\360\007\261"
 1828      5F5B2F6A 
 1828      0F1E1BB6 
 1828      EDE1A3F0 
 1828      07B1
 1829 0200 50F6A0   		.ascii	"P\366\240"
 1830              		.text
 1831              		.section	.gnu.lto_gpt_lld_polled_delay.409.1f2b7101,"e",%progbits
 1832 0000 789C7D93 		.ascii	"x\234}\223ML\023Q\020\200g\336\274\335\266X\353\005"
 1832      4D4C1351 
 1832      108067DE 
 1832      BCDDB658 
 1832      EB05
 1833 0012 7F6E7A33 		.ascii	"\177nz3&\322\245\010\370\223xB4&\240\006\360FB\260\240"
 1833      26D2A508 
 1833      F8937842 
 1833      3426A006 
 1833      F04642B0 
 1834 0027 3436B669 		.ascii	"46\266i\013\\HX\201h\302\005\012\304S!\261)\012'O*("
 1834      0B5C4858 
 1834      8168C205 
 1834      0AC45321 
 1834      B1290A27 
 1835 003e C646A231 		.ascii	"\306F\2421$\212\202\304\230h\364\242@\002\304pQ\022"
 1835      248A82C4 
 1835      9868F4A2 
 1835      4002C470 
 1835      5112
 1836 0050 4D7D6FB7 		.ascii	"M}o\267\265\335\036v\323\316\316\23373\337\233\231\267"
 1836      B5DD1E76 
 1836      D3CECE9B 
 1836      3733DF9B 
 1836      99B7
 1837 0062 47394002 		.ascii	"G9@\002\000\032\304\037\024\300\221\370 \203L&\323\313"
 1837      001AC41F 
 1837      14C091F8 
 1837      20834C26 
 1837      D3CB
 1838 0074 198EC607 		.ascii	"\031\216\306\007\027\307'\317\342S4\014\304\372\343"
 1838      17C727CF 
 1838      E253340C 
 1838      C4FAE3
 1839 0083 BB0C6D20 		.ascii	"\273\014m \3561\336\034o&~\215\231\273\010\275\2148"
 1839      EE31DE1C 
 1839      6F267E8D 
 1839      99BB08BD 
 1839      8C38
 1840 0095 0A01F967 		.ascii	"\012\001\371g\224\216\350\272\376{rba\371\200>\225\306"
 1840      948EE8BA 
 1840      FE7B7262 
ARM GAS  C:\Users\angio\AppData\Local\Temp\cct64V7j.s 			page 54


 1840      61F9803E 
 1840      95C6
 1841 00a7 94D89CC8 		.ascii	"\224\330\234\3109$\010G(E\210<\2531<$4\352\206\303i"
 1841      39240847 
 1841      2845883C 
 1841      AB313C24 
 1841      34EA86C3 
 1842 00bc 5D7FF776 		.ascii	"]\177\367vF\327]\220\"\302\307(b\360\021\342C\004i\350"
 1842      46D75D90 
 1842      22C2C728 
 1842      62F011E2 
 1842      430469E8 
 1843 00d0 79E9967E 		.ascii	"y\351\226~ch:nf\0359\316Z\035y\317\222\033@\315!\205"
 1843      63683A6E 
 1843      661D39CE 
 1843      5A1D79CF 
 1843      921B40CD 
 1844 00e6 0D1E2C29 		.ascii	"\015\036,)i\375OfH\327\377\256\342\347e^\212\302OaR"
 1844      69FD4F66 
 1844      48D7FFAE 
 1844      E2E7655E 
 1844      8AC24F61 
 1845 00fb 90102A97 		.ascii	"\220\020*\227\232\"\205*\205C\012\247\334\220\000\265"
 1845      9A22852A 
 1845      85430AA7 
 1845      DC9000B5 
 1846 010b 442EDD88 		.ascii	"D.\335\2103\350A|\"\362\015\221\354\225\361\034\024"
 1846      33E8417C 
 1846      22F20D91 
 1846      EC95F11C 
 1846      14
 1847 011c CB6162F9 		.ascii	"\313ab\371%\302\026\366\315\315\376\230\366$\011\263"
 1847      25C216F6 
 1847      CDCDFE98 
 1847      F62409B3 
 1848 012c 1512CAAA 		.ascii	"\025\022\312\252\357\241h\2123E\216$\271q\016\241\334"
 1848      EFA1688A 
 1848      33458E24 
 1848      B9710EA1 
 1848      DC
 1849 013d 5C2AF80C 		.ascii	"\\*\370\014\307\215\223n\341\213\355\251\275\331\030"
 1849      C78D936E 
 1849      E18BEDA9 
 1849      BDD918
 1850 014c 251F33E5 		.ascii	"%\0373\345I\221Sd\303\347\"\350\256\021\344\302\264"
 1850      49915364 
 1850      C3E722E8 
 1850      AE11E4C2 
 1850      B4
 1851 015d 08126CE9 		.ascii	"\010\022l\351\352Bf@w\014(\263C\315\377G\365'n}gI\242"
 1851      EA426640 
 1851      770C28B3 
 1851      43CDFF47 
 1851      F5276E7D 
 1852 0174 2479640E 		.ascii	"$yd\016U\2163\263G\236\341\347\340\012+B3\013\372\225"
 1852      558E33B3 
 1852      479EE1E7 
ARM GAS  C:\Users\angio\AppData\Local\Temp\cct64V7j.s 			page 55


 1852      E00A2B42 
 1852      330BFA95 
 1853 0188 48C20044 		.ascii	"H\302\000D\260Y\353\252\304r;\354\353\342\012\013\223"
 1853      B059EBAA 
 1853      C4723BEC 
 1853      EBE20A0B 
 1853      93
 1854 0199 734BF205 		.ascii	"sK\362\005\341J\271\272\314f\356\030\000\305\016\360"
 1854      E14AB9BA 
 1854      CC66EE18 
 1854      00C50EF0 
 1855 01a9 C60EA058 		.ascii	"\306\016\240X\000\213\302\225\347\000`V\260!\001\252"
 1855      008BC295 
 1855      E7006056 
 1855      B02101AA 
 1856 01b9 1D60C90E 		.ascii	"\035`\311\016\240Z\000\037\012'\263\033\344\375\240"
 1856      A05A001F 
 1856      0A27B31B 
 1856      E4FDA0
 1857 01c8 82FB8146 		.ascii	"\202\373\201FI\033\323\227\222\344\260#~\314\023\347"
 1857      491BD397 
 1857      92E4B023 
 1857      7ECC13E7 
 1858 01d8 D6F725C9 		.ascii	"\326\367%\311Y\340,\230\016\013\363\223Y\224\234\353"
 1858      59E02C98 
 1858      0E0BF393 
 1858      59949CEB 
 1859 01e8 9DDB2B62 		.ascii	"\235\333+b\250.\021`\316\025a\035\007\326\346\257\012"
 1859      A82E1160 
 1859      CE15611D 
 1859      07D6E6AF 
 1859      0A
 1860 01f9 9B69303F 		.ascii	"\233i0?\303a\342\305\227vgS\266\241\304\356P_\012\332"
 1860      C361E2C5 
 1860      97766753 
 1860      B6A1C4EE 
 1860      505F0ADA 
 1861 020d B0565AD4 		.ascii	"\260VZ\324\206\022\313\221\276\232G\302\367\010\333"
 1861      8612CB91 
 1861      BE9A47C2 
 1861      F708DB
 1862 021c D8F76DF6 		.ascii	"\330\367m\366\276\313\340\016\021\026~;\000\3255\247"
 1862      BECBE00E 
 1862      11167E3B 
 1862      00D535A7 
 1863 022c 9A6B3A02 		.ascii	"\232k:\002W\002\215\261\316\266@\250\271;\024\271\036"
 1863      57028DB1 
 1863      CEB640A8 
 1863      B93B14B9 
 1863      1E
 1864 023d 0DB7FADB 		.ascii	"\015\267\372\333[:\243\355\221\346\206\246\262\306\246"
 1864      5B3AA3ED 
 1864      91E686A6 
 1864      B2C6A6
 1865 024c FA6315E7 		.ascii	"\372c\025\347*\217W6\324\226]\270\\SW{\261\272\022N"
 1865      2A8F5736 
 1865      D4965DB8 
ARM GAS  C:\Users\angio\AppData\Local\Temp\cct64V7j.s 			page 56


 1865      5C53577B 
 1865      B1BA124E 
 1866 0260 7BBD9AF8 		.ascii	"{\275\232\370\371ed(Z\341\363\371\264PT\353h\015j\341"
 1866      F9656428 
 1866      5AE1F3F9 
 1866      B45054EB 
 1866      680D6AE1 
 1867 0274 502416D5 		.ascii	"P$\026\325\214 \255\256\356\214\326t\276\276\313'wZ"
 1867      8C20ADAE 
 1867      EE8CD674 
 1867      BEBECB27 
 1867      775A
 1868 0286 AE85632D 		.ascii	"\256\205c-\301`\233\327\017\\\250\341\375\026\233\327"
 1868      C1609BD7 
 1868      0F5CA8E1 
 1868      FD169BD7 
 1869 0296 5F7EB2CA 		.ascii	"_~\262\312\357\257:\001\316\300\215X{\244\2535\370\017"
 1869      EFAF3A01 
 1869      CEC08D58 
 1869      7BA4AB35 
 1869      F80F
 1870 02a8 0478971C 		.ascii	"\004x\227\034"
 1871              		.text
 1872              		.section	.gnu.lto_gpt_lld_serve_interrupt.410.1f2b7101,"e",%progbits
 1873 0000 789C7D53 		.ascii	"x\234}S]H\024Q\024\276\347\236\231\331]\377]\020\243"
 1873      5D481451 
 1873      14BEE79E 
 1873      99D95DFF 
 1873      5D10A3
 1874 0013 977C48A2 		.ascii	"\227|H\242\007]5\265\022z\010\223\010\264@\355M\020"
 1874      075D35B5 
 1874      127A0893 
 1874      08B440ED 
 1874      4D10
 1875 0025 5B252561 		.ascii	"[%%aeW\363Ep\324-\301\036\374\251\314\207\332h\330J"
 1875      6557F345 
 1875      70D42DC1 
 1875      1EFCA9CC 
 1875      87DA68D8 
 1876 003a E9A1A74A 		.ascii	"\351\241\247J\313bK\202(\354O\242\"$\203\202|\310\026"
 1876      CB624B82 
 1876      28EC4FA2 
 1876      22248382 
 1876      7CC816
 1877 004d 9F92B4ED 		.ascii	"\237\222\264\355\334;\323:K\265\303\354\235s\317\234"
 1877      DC3BD33A 
 1877      4BB5C3EC 
 1877      9D73CF9C 
 1878 005d EFE79CB9 		.ascii	"\357\347\234\271;\24106\316\030\353\241\037s2\030\033"
 1878      3BA13036 
 1878      CE18EBA1 
 1878      1F733218 
 1878      1B
 1879 006e 1DE22C16 		.ascii	"\035\342,\026\213\365*\234\017\214\236\341p\017\344"
 1879      8BF52A9C 
 1879      0F8C9EE1 
 1879      700FE4
ARM GAS  C:\Users\angio\AppData\Local\Temp\cct64V7j.s 			page 57


 1880 007d 6E703443 		.ascii	"np4C>\221\007GSet\312\312(p>\216Q\371\351\177`4\270"
 1880      3E910747 
 1880      536574CA 
 1880      CA28703E 
 1880      8E51F9E9 
 1881 0095 10AF7040 		.ascii	"\020\257p@\337\366?\357\201\365rTT\315\001\275p\026"
 1881      DFF63FEF 
 1881      81F57254 
 1881      54CD01BD 
 1881      7016
 1882 00a7 77EABAFE 		.ascii	"w\352\272\376\343j\350\333\302\026}2\002ad,\204\314"
 1882      E36AE8DB 
 1882      C2167D32 
 1882      0261642C 
 1882      84CC
 1883 00b9 BC2E228C 		.ascii	"\274.\"\214a\030\001\024+\342\220G\021v\263\035\021"
 1883      61180114 
 1883      2BE29047 
 1883      1176B31D 
 1883      11
 1884 00ca 5D7FF97E 		.ascii	"]\177\371~Z\327],\214\010w\2000p\033\340\0260\221\350"
 1884      5AD75D2C 
 1884      8C087780 
 1884      30701BE0 
 1884      163091E8 
 1885 00de 09A54934 		.ascii	"\011\245I4\236\003\361\310\247\352\350\312Bt\011\364"
 1885      9E03F1C8 
 1885      A7EAE8CA 
 1885      427409F4 
 1886 00ee 319D2414 		.ascii	"1\235$\024\230\261\003h\0127\3224\006w\301\222\246\034"
 1886      98B10368 
 1886      0A37D234 
 1886      0677C192 
 1886      A61C
 1887 0100 CF8FF4E9 		.ascii	"\317\217\364\351\321\265\205\317\237\366\367I\214\312"
 1887      D1B585CF 
 1887      9FF6F749 
 1887      8CCA
 1888 010e 1210A2FA 		.ascii	"\022\020\242\372\346k5\242\257\307\206u\375{\010V\237"
 1888      E66B35A2 
 1888      AFC78675 
 1888      FD7B0856 
 1888      9F
 1889 011f FD7CE1CE 		.ascii	"\375|\341\316\005R\327\270X\220\026U\021\221*\"M,\016"
 1889      0552D7B8 
 1889      58901655 
 1889      11912A22 
 1889      4D2C0E
 1890 0132 5A1C4E5A 		.ascii	"Z\034NZ\234\302\266+ED\251\"\312\004\230\206,\301\231"
 1890      9CC2B62B 
 1890      4544A922 
 1890      CA049886 
 1890      2CC199
 1891 0145 2DEADCD2 		.ascii	"-\352\334\322\013\033F1;ym\243\355\010\362\315-\260"
 1891      0B1B4631 
 1891      3B796DA3 
 1891      ED08F2CD 
ARM GAS  C:\Users\angio\AppData\Local\Temp\cct64V7j.s 			page 58


 1891      2DB0
 1892 0157 15E89F9D 		.ascii	"\025\350\237\235Y\237\2520\020\254\351\240l\366\032"
 1892      599FAA30 
 1892      10ACE9A0 
 1892      6CF61A
 1893 0166 D0409D61 		.ascii	"\320@\235aL10\023\356\003+2\267\032<\200K\262\273\025"
 1893      4C313013 
 1893      EE032B32 
 1893      B71A3C80 
 1893      4BB2BB15 
 1894 017a 7834BB8C 		.ascii	"x4\273\214\006fY0m\0236\231\023\306T\"\204\010\341\256"
 1894      06665930 
 1894      6D133699 
 1894      13C65422 
 1894      8408E1AE 
 1895 018e 485C1A3C 		.ascii	"H\\\032<$\034H\\\377\354\232\024\344\311d\346l2S9\006"
 1895      241C485C 
 1895      FFEC9A14 
 1895      E4C964E6 
 1895      6C325339 
 1896 01a3 A2AD98B8 		.ascii	"\242\255\230\270y\002\367c*\346\262x`|p\236Le\023@\230"
 1896      7902F763 
 1896      2AE6B278 
 1896      607C709E 
 1896      4C651340 
 1897 01b8 52210666 		.ascii	"R!\006f\266\314@\267\314g\231-oLe\030\250$s\360$\356"
 1897      B6CC40B7 
 1897      CC67992D 
 1897      6F4C6518 
 1897      A82473F0 
 1898 01ce A07F6270 		.ascii	"\240\177bp\221\033\250\022\205\360\023\035\232\217["
 1898      911BA812 
 1898      85F0131D 
 1898      9A8F5B
 1899 01dd 9FCC9076 		.ascii	"\237\314\220v\224\004;O\315V\011aj\177\274\374E3\220"
 1899      94043B4F 
 1899      CD560961 
 1899      6A7FBCFC 
 1899      453390
 1900 01f0 6EB7E909 		.ascii	"n\267\351\011\3302\004\227\347\266R\316L\230\347t\004"
 1900      D8320497 
 1900      E7B652CE 
 1900      4C98E774 
 1900      04
 1901 0201 F1AF2FF3 		.ascii	"\361\257/\363k\212|9\376o3\035\236\223\230\360I\224"
 1901      6B8A7C39 
 1901      FE6F331D 
 1901      9E9398F0 
 1901      4994
 1902 0213 5F2BA956 		.ascii	"_+\251V0\246\203b1*6F \306Ug2\256W&\227I\301Y\024\202"
 1902      30A68362 
 1902      312A3646 
 1902      20C65567 
 1902      32AE5726 
 1903 022d 792C089C 		.ascii	"y,\010\234\216V\310l(3\214\031\222W\265\361\242p\352"
 1903      8E56C86C 
 1903      28338C19 
ARM GAS  C:\Users\angio\AppData\Local\Temp\cct64V7j.s 			page 59


 1903      9257B5F1 
 1903      A270EA
 1904 0240 323009B5 		.ascii	"20\011\265\023\336\020\265b}~\252uY\247\306\231p\330"
 1904      13DE10B5 
 1904      627D7EAA 
 1904      7559A7C6 
 1904      9970D8
 1905 0253 328904DE 		.ascii	"2\211\004\336\022*(\267Y\360\216P\252\331\33425\347"
 1905      122A28B7 
 1905      59F08E50 
 1905      AAD9DC32 
 1905      35E7
 1906 0265 1290ECF8 		.ascii	"\022\220\354\370\2704\233\011\305\"NIf\342C\242\211"
 1906      B8349B09 
 1906      C5224E49 
 1906      66E243A2 
 1906      89
 1907 0276 D444E994 		.ascii	"\324D\351\224\004\351EKZ\016\201j\355\335;\354\337i"
 1907      04E9454B 
 1907      5A0E816A 
 1907      EDDD3BEC 
 1907      DF69
 1908 0288 15FA9736 		.ascii	"\025\372\2276\256\273\244\247a\004\373\177\215\261\362"
 1908      AEBBA4A7 
 1908      6104FB7F 
 1908      8DB1F2
 1909 0297 CA8A86CA 		.ascii	"\312\212\206\312\326\266cmu\235]\315m\276\206n\237\377"
 1909      D6B6636D 
 1909      759D5DCD 
 1909      6DBE866E 
 1909      9FFF
 1910 02a9 44A0A3C9 		.ascii	"D\240\243\311\333\322\330\025h\3617\324\326\027\324"
 1910      DBD2D815 
 1910      68F137D4 
 1910      D617D4
 1911 02b8 D5D7EC2A 		.ascii	"\325\327\354*9X\272\273\264\266\252\340\360\321\312"
 1911      3958BABB 
 1911      B4B6AAE0 
 1911      F0D1CA
 1912 02c7 EAAA23E5 		.ascii	"\352\252#\345\245l_a\241\207n\257@\372\002%\305\305"
 1912      A56C5F61 
 1912      A1876EAF 
 1912      40FA0225 
 1912      C5C5
 1913 02d9 C51E5FC0 		.ascii	"\305\036_\300\323\332\324\356\351\360\371;\003\036\011"
 1913      D3DAD4EE 
 1913      E9F0F93B 
 1913      031E09
 1914 02e8 F254571F 		.ascii	"\362TW\037\360\324\037\2529Y,\3364\036\357\350lloo."
 1914      F0D41FAA 
 1914      39592CDE 
 1914      341EEFE8 
 1914      6C6C6F6F 
 1915 02fd F43285C2 		.ascii	"\3642\205\302\216\334\204\\\241\267ho\231\327[\266\207"
 1915      8EDC845C 
 1915      A1B7686F 
 1915      99D75BB6 
ARM GAS  C:\Users\angio\AppData\Local\Temp\cct64V7j.s 			page 60


 1915      87
 1916 030e F180FF37 		.ascii	"\361\200\3777?\215\313\276"
 1916      3F8DCBBE 
 1917              		.text
 1918              		.section	.gnu.lto_.symbol_nodes.1f2b7101,"e",%progbits
 1919 0000 789C7D8E 		.ascii	"x\234}\216\273\015\302@\020Dgoll \240\000\002z\201\302"
 1919      BB0DC240 
 1919      1044676F 
 1919      6C6C20A0 
 1919      00027A81 
 1920 0015 E62C0202 		.ascii	"\346,\002\002\022\304\337@F\037\224@\023.\004t\010\211"
 1920      12C4DF40 
 1920      461F9440 
 1920      132E0474 
 1920      0889
 1921 0027 73C06E34 		.ascii	"s\300n4\243\367V\273k\003\020\366\024^\337\231\331\346"
 1921      A3F756BB 
 1921      6B0310F6 
 1921      145EDF99 
 1921      D9E6
 1922 0039 09087834 		.ascii	"\011\010x4\215!a\240\334\022\253y\012;\332'\204\003"
 1922      8D2161A0 
 1922      DC12AB79 
 1922      0A3BDA27 
 1922      8403
 1923 004b 65DE4A38 		.ascii	"e\336J8R\301\025N\024]\341L\025\256\320R\245+\\\250"
 1923      52C1154E 
 1923      145DE14C 
 1923      15AED052 
 1923      A52B5CA8 
 1924 005f 8127D895 		.ascii	"\201'\330\225\252\372\002\020cL\324nT\375\207\021\303"
 1924      AAFA0210 
 1924      634CD46E 
 1924      54FD8711 
 1924      C3
 1925 0070 1F59F4DA 		.ascii	"\037Y\364\332\322\310QV'\275\332MYg\037uU\221\235\270"
 1925      D2C85156 
 1925      27BDDA4D 
 1925      59671F75 
 1925      55919DB8 
 1926 0084 8FF10695 		.ascii	"\217\361\006\225\350\2526"
 1926      E8AA36
 1927              		.text
 1928              		.section	.gnu.lto_.refs.1f2b7101,"e",%progbits
 1929 0000 789C15C6 		.ascii	"x\234\025\306\241\001\000 \014\304\300|Z\303\002\310"
 1929      A1010020 
 1929      0CC4C07C 
 1929      5AC302C8 
 1930 0010 5AF6DF10 		.ascii	"Z\366\337\0208u\007h\222`$\026\332X\346o\260\315z\333"
 1930      38750768 
 1930      92602416 
 1930      DA58E66F 
 1930      B0CD7ADB 
 1931 0024 70010D40 		.ascii	"p\001\015@\000\233"
 1931      009B
 1932              		.text
 1933              		.section	.gnu.lto_.decls.1f2b7101,"e",%progbits
ARM GAS  C:\Users\angio\AppData\Local\Temp\cct64V7j.s 			page 61


 1934 0000 789CC558 		.ascii	"x\234\305X{PTW\232\277\337\371\272\351\246\305G))\247"
 1934      7B505457 
 1934      9ABFDFF9 
 1934      BAE9A6C5 
 1934      472929A7 
 1935 0014 2A5B196B 		.ascii	"*[\031k\313L\330\332\212Hk4\331\315liZ4\356\370\332"
 1935      CB4CD8DA 
 1935      8A486B34 
 1935      D9CD6C69 
 1935      5A34EEF8 
 1936 0029 86C94CA6 		.ascii	"\206\311L\246R\305\232\3566\262A`\261\315\232\177\246"
 1936      52C59AEE 
 1936      36B24160 
 1936      B1CD9A7F 
 1936      A6
 1937 003a 2EF842D1 		.ascii	".\370B\321H4\031\361\215\257\010\276\300'\276PDE\342"
 1937      483419F1 
 1937      8DAF08BE 
 1937      C027BE50 
 1937      4445E2
 1938 004d 1354E22B 		.ascii	"\023T\342+*\276Q\361\215\011\212\217\375\316\271\267"
 1938      2ABE51F1 
 1938      8D098A8F 
 1938      FDCEB9B7 
 1939 005d CFBD978B 		.ascii	"\317\275\227\213\2733555]|}\317\271\375\373~\337\357"
 1939      BB333535 
 1939      355D7C7D 
 1939      CFB9FDFB 
 1939      7EDFEF
 1940 0070 FBCEE31E 		.ascii	"\373\316\343\036n\356\353\212\322\317\251(E\250(/\351"
 1940      6EEEEB8A 
 1940      D2CFA928 
 1940      45A8282F 
 1940      E9
 1941 0081 E35614A5 		.ascii	"\343V\024\245V1>\321d;\311\366\223\035 \253!;Nv\222"
 1941      56313ED1 
 1941      643BC9F6 
 1941      931D20AB 
 1941      213B4E76 
 1942 0096 EC07B2D3 		.ascii	"\354\007\262\323d\227\311\030\007\003]A\261|\276\244"
 1942      6497C918 
 1942      07035D41 
 1942      B17CBEA4 
 1943 00a6 7E145D47 		.ascii	"~\024]G\223!\265_\322\365wt\375=\331>\315Ei\321\375"
 1943      9321B55F 
 1943      D2F57774 
 1943      FD3DD93E 
 1943      CD4569D1 
 1944 00bb 77EA7CAF 		.ascii	"w\352|\257\342\312\243~W\235\2533Y\254\316\371\011\331"
 1944      E2CAA37E 
 1944      579DAB33 
 1944      59ACCEF9 
 1944      09D9
 1945 00cd 5BD47E48 		.ascii	"[\324~H\266\225\332\007\310~\245\307\341\361\232\310"
 1945      B695DA07 
 1945      C87EA5C7 
 1945      E1F19AC8 
ARM GAS  C:\Users\angio\AppData\Local\Temp\cct64V7j.s 			page 62


 1946 00dd CAA8ED22 		.ascii	"\312\250\355\"\253&\373\230\372\227\310n\222UQ\377{"
 1946      AB26FB98 
 1946      FA97C86E 
 1946      925551FF 
 1946      7B
 1947 00ee B28FC80E 		.ascii	"\262\217\310\016\222u\244{/\310fS{)\331Z\262\247\324"
 1947      9275A47B 
 1947      2FC86653 
 1947      7B29D95A 
 1947      B2A7D4
 1948 0101 7F46B617 		.ascii	"\177F\266\0274\255\037\322u?\331\277\223\015\"{\237"
 1948      34AD1FD2 
 1948      753FD9BF 
 1948      930D227B 
 1948      9F
 1949 0112 AC926C38 		.ascii	"\254\222l8h\332\367\3535A\236\017\264\235\313L\352\267"
 1949      68DAF7EB 
 1949      35419E0F 
 1949      B49DCB4C 
 1949      EAB7
 1950 0124 6F239748 		.ascii	"o#\227H\036\\\373V\223\376\217t\375\"\017]cD\313p]C"
 1950      1E5CFB56 
 1950      93FE8F74 
 1950      FD220F5D 
 1950      6344CB70 
 1951 013a 4433E863 		.ascii	"D3\350c\365\252:.\321\363l\035\373\260\036\227k8\240"
 1951      F5AA3A2E 
 1951      D1F36C1D 
 1951      FBB01E97 
 1951      6B38A0
 1952 014d 8FD14B53 		.ascii	"\217\321KSl^\2533dgA\233\027<\376\177P\373\327d\311"
 1952      6C5EAB33 
 1952      6467419B 
 1952      173CFE7F 
 1952      50FBD764 
 1953 0162 BA065EA7 		.ascii	"\272\006^\247}\272\246\017u-5\212\375\263B\347h\255"
 1953      7DBAA60F 
 1953      752D358A 
 1953      FDB342E7 
 1953      68AD
 1954 0174 2112DF1C 		.ascii	"!\022\337\034\327a\312\365}\235\233\363\036o\203\267"
 1954      D761CAF5 
 1954      7D9D9BF3 
 1954      1E6F83B7 
 1955 0184 987EF0FC 		.ascii	"\230~\360\374?\271\231\271\235&\356H.\357\353\374'\333"
 1955      3FB999B9 
 1955      9D26EE48 
 1955      2EEFEBFC 
 1955      27DB
 1956 0196 E0E7F3A1 		.ascii	"\340\347\363\241s\033\374|.\275\245\307x\370\212\372"
 1956      731BFC7C 
 1956      2EBDA5C7 
 1956      78F88AFA 
 1957 01a6 F171E473 		.ascii	"\361q\344s\336\\\307(=~$/>\256\221\032\362\361\373\341"
 1957      DE5CC728 
 1957      3D7E242F 
 1957      3EAE911A 
ARM GAS  C:\Users\angio\AppData\Local\Temp\cct64V7j.s 			page 63


 1957      F2F1FBE1 
 1958 01ba 1579CE47 		.ascii	"\025y\316Gv\355\344\205\003\236k\332\330:\202\000p\272"
 1958      76EDE485 
 1958      039E6BDA 
 1958      D83A8200 
 1958      70BA
 1959 01cc 0F7D7994 		.ascii	"\017}y\224?\240\022\2532\225E\005\221y\320\203AO5\274"
 1959      3FA012AB 
 1959      32954505 
 1959      9179D083 
 1959      414F35BC 
 1960 01e0 11D784FD 		.ascii	"\021\327\204\375\334,\256\243\307]\264\027:y\234n\306"
 1960      DC2CAEA3 
 1960      C75DB417 
 1960      3A799C6E 
 1960      C6
 1961 01f1 1A5C414F 		.ascii	"\032\\AO\334SX\303\012\243\272\365S\035\301\351\257"
 1961      DC5358C3 
 1961      0AA3BAF5 
 1961      531DC1E9 
 1961      AF
 1962 0202 35B85496 		.ascii	"5\270T\226?,\266W?\372npUC\220\274F8\334\235\250\325"
 1962      3F2CB657 
 1962      3FFA6E70 
 1962      554390BC 
 1962      4638DC9D 
 1963 0218 E0F23461 		.ascii	"\340\3624a\341\214\250\340\021\226\373\026T\203'\350"
 1963      E18CA8E0 
 1963      1196FB16 
 1963      548327E8 
 1964 0228 8D5555B5 		.ascii	"\215UU\265\237\333\375F\307J\254\304\201\212\342v\227"
 1964      9FDBFD46 
 1964      C74AACC4 
 1964      818AE276 
 1964      97
 1965 0239 AE7BCDD3 		.ascii	"\256{\315\323\340\352H\024q\301n\235\202\335:V\2033"
 1965      E0EA4814 
 1965      71C16E9D 
 1965      82DD3A56 
 1965      8333
 1966 024b 18F4C4C6 		.ascii	"\030\364\304\306)$\"\350\365\366c\036bv\270\253\301"
 1966      292422E8 
 1966      F5F6631E 
 1966      6276B8AB 
 1966      C1
 1967 025c 8B10E355 		.ascii	"\213\020\343U/\335\356\352qz\242\337\350\026\247(Ae"
 1967      2FDDEEEA 
 1967      717AA2DF 
 1967      E816A728 
 1967      4165
 1968 026e 20235E7C 		.ascii	" #^|\031\371\200\213b\006\215.@\234\207y\031\376\246"
 1968      19F9808B 
 1968      62068D2E 
 1968      409C8779 
 1968      19FEA6
 1969 0281 81E63F63 		.ascii	"\201\346?c\335\024Eu\270cb@\245Kt\312o\202#\274\036"
 1969      DD144575 
ARM GAS  C:\Users\angio\AppData\Local\Temp\cct64V7j.s 			page 64


 1969      B8636240 
 1969      A54B74CA 
 1969      6F8223BC 
 1970 0296 A5C1C5E8 		.ascii	"\245\301\305\350\247X\007\250\014\014OO\024\015'\323"
 1970      A75807A8 
 1970      0C0C4F4F 
 1970      140D27D3 
 1971 02a6 EA2686D6 		.ascii	"\352&\206\326\262\036x\307\300*\306\357\332\262\221"
 1971      B21E78C7 
 1971      C02AC6EF 
 1971      DAB291
 1972 02b5 5868B58A 		.ascii	"Xh\265\212t.q\037$\177\304\301p3\221C+w\340\037\376"
 1972      742E711F 
 1972      247FC4C1 
 1972      70339143 
 1972      2B77E01F 
 1973 02ca 6D763034 		.ascii	"mv04\312\370L\312\002\003\322J\270`\201\210 \373\007"
 1973      CAF84CCA 
 1973      0203D24A 
 1973      B8608188 
 1973      20FB07
 1974 02dd 23D366CF 		.ascii	"#\323f\317\354sS\234\327\251ljA,\274\226\337O\001|]"
 1974      EC73539C 
 1974      D7A96C6A 
 1974      412CBC96 
 1974      DF4F017C 
 1975 02f2 C138255E 		.ascii	"\3018%^\025\237\245c\025(\323\030\322\333\315B\350\014"
 1975      159FA563 
 1975      1528D318 
 1975      D2DBCD42 
 1975      E80C
 1976 0304 8CBE63A1 		.ascii	"\214\276c\241\023\271N\331\361\325!OW\0025\252j,\214"
 1976      13B94ED9 
 1976      F1D5214F 
 1976      570235AA 
 1976      6A2C8C
 1977 0317 86ED00DB 		.ascii	"\206\355\000\333x\300\035\0247C\220Oo,\373\272\335?"
 1977      78C01D14 
 1977      3743904F 
 1977      6F2CFBBA 
 1977      DD3F
 1978 0329 16E4ABCD 		.ascii	"\026\344\253\315\013\017\276\250\354qc\253\252N\"\274"
 1978      0B0FBEA8 
 1978      EC7163AB 
 1978      AA4E22BC 
 1979 0339 9B63600B 		.ascii	"\233c`\013\300V-\247-\344\260\031`\023\244O\354\200"
 1979      C0562DA7 
 1979      2DE4B019 
 1979      6013A44F 
 1979      EC80
 1980 034b 2DA08838 		.ascii	"-\240\2108\016\021\247\033Ne\234iQ\376\206\023\321]"
 1980      0E11A71B 
 1980      4E659C69 
 1980      51FE8613 
 1980      D15D
 1981 035d 344D159A 		.ascii	"4M\025\232W\005\300\036\235\202\000WN\317,\306\230\012"
 1981      5705C01E 
ARM GAS  C:\Users\angio\AppData\Local\Temp\cct64V7j.s 			page 65


 1981      9D820057 
 1981      4ECF2CC6 
 1981      980A
 1982 036f 55BDAF16 		.ascii	"U\275\257\026V:\370/\273\001vq9|/&\300\325EM\205\300"
 1982      563AF82F 
 1982      BB017671 
 1982      397C2F26 
 1982      C0D5454D 
 1983 0385 F70EBA01 		.ascii	"\367\016\272\001\031t\343BN\323\037\333POK\015\366j"
 1983      1974E342 
 1983      4ED31FDB 
 1983      504F4B0D 
 1983      F66A
 1984 0397 2EBBCBCE 		.ascii	".\273\313\316\314\217\342\362K\327m\314,\342\363\233"
 1984      CC8FE2F2 
 1984      4BD76DCC 
 1984      2CE2F39B 
 1985 03a7 7E8572A9 		.ascii	"~\205r\251\273\\\352\336\325\036g\013\235y\017\266\037"
 1985      BB5CEADE 
 1985      D51E670B 
 1985      9D790FB6 
 1985      1F
 1986 03b8 EB205C66 		.ascii	"\353 \\f\224\033.U\322\245J\272,k\217\205\214\247\372"
 1986      941B2E55 
 1986      D2A54ABA 
 1986      2C6B8F85 
 1986      8CA7FA
 1987 03cb 96989B1D 		.ascii	"\226\230\233\035EK\301M\202\246v}\355\252v\036\221M"
 1987      454BC14D 
 1987      82A6767D 
 1987      EDAA761E 
 1987      914D
 1988 03dd C5C46845 		.ascii	"\305\304hE\317\005\016\001a\266\002\034\004\370\036"
 1988      CF050E01 
 1988      61B6021C 
 1988      04F81E
 1989 03ec 08767C6A 		.ascii	"\010v|j\3112-\247\303ZN\223N\225\357\366D\222<\302!"
 1989      C9322DA7 
 1989      C35A4E93 
 1989      4E95EFF6 
 1989      44923CC2 
 1990 0401 07F30EBF 		.ascii	"\007\363\016\277\210i#\315cDwTK\263\366\362\271\373"
 1990      886923CD 
 1990      63447754 
 1990      4BB3F6F2 
 1990      B9FB
 1991 0413 6EA1B9B9 		.ascii	"n\241\271\271V\327|\014h\361E4WK\315-1X.\364m*\276\361"
 1991      56D77C0C 
 1991      68F14534 
 1991      574BCD2D 
 1991      31582EF4 
 1992 042b 4FC263D1 		.ascii	"O\302c\321\011#\313Z\351Q+=\352c\260Fx\234\255\230Z"
 1992      0923CB5A 
 1992      E9512B3D 
 1992      EA63B046 
 1992      789CAD98 
 1993 0440 D851B81C 		.ascii	"\330Q\270\034<a\0049!]NH\227\2551xM\270\024\316\333"
ARM GAS  C:\Users\angio\AppData\Local\Temp\cct64V7j.s 			page 66


 1993      3C610439 
 1993      215D4E48 
 1993      97AD3178 
 1993      4DB814CE 
 1994 0455 B98C0997 		.ascii	"\271\214\011\227;\246(u\322\245N\272|\035\203\317\205"
 1994      3BA62875 
 1994      D2A54EBA 
 1994      7C1D83CF 
 1994      85
 1995 0466 CB84DBF7 		.ascii	"\313\204\333\367+h\304T\265y\313\274\371\223\242\026"
 1995      2B68C454 
 1995      B579CBBC 
 1995      F993A216 
 1996 0476 A8958CFB 		.ascii	"\250\225\214\373\234\222>\247\304\005\313\220W\376c"
 1996      9C923EA7 
 1996      C405CB90 
 1996      57FE63
 1997 0485 59F98FA9 		.ascii	"Y\371\217\251\362\307\2203,\231\177q\224\275\360?\002"
 1997      F2C79033 
 1997      2C997F71 
 1997      94BDF03F 
 1997      02
 1998 0496 41A8F0E7 		.ascii	"A\250\360\347\000\316\362\252^\335\260p\205K\324\371"
 1998      00CEF2AA 
 1998      5EDDB070 
 1998      854BD4F9 
 1999 04a6 3C151ECF 		.ascii	"<\025\036\317j\256\205-\347;\330}/\266\032\264\215\353"
 1999      6AAE852D 
 1999      E73BD87D 
 1999      2FB61AB4 
 1999      8DEB
 2000 04b8 57E71923 		.ascii	"W\347\031#R\017rH.\021\370\2026$\207\324\353\007\264"
 2000      520F7248 
 2000      2E11F882 
 2000      362487D4 
 2000      EB07B4
 2001 04cb 3C0A169F 		.ascii	"<\012\026\237\373\271\367\236\011\205q\3643\234\221"
 2001      FBB9F79E 
 2001      098571F4 
 2001      339C91
 2002 04da 799CD1F2 		.ascii	"y\234\321\362X\344\320\026K'\261XT\020\0357.w(\270\312"
 2002      58E4D016 
 2002      4B27B158 
 2002      54101D37 
 2002      2E7728B8 
 2003 04ef C1891AF7 		.ascii	"\301\211\032\367\337<\334\336\256\251\301\254\0117\012"
 2003      DF3CDCDE 
 2003      AEA9C1AC 
 2003      09370A
 2004 04fe E8B949EB 		.ascii	"\350\271I\353\277\002\313\022S\340\266\036\020\267\013"
 2004      BF02CB12 
 2004      53E0B61E 
 2004      10B70B
 2005 050d 48FE8427 		.ascii	"H\376\204'k]\002R\021Y\205\215 A\004\270\\Tr*\332X\205"
 2005      6B5D0252 
 2005      1159858D 
 2005      204104B8 
ARM GAS  C:\Users\angio\AppData\Local\Temp\cct64V7j.s 			page 67


 2005      5C54722A 
 2006 0524 778C5578 		.ascii	"w\214Ux\227\276p\237\220\373\017\360\022\304\205{\224"
 2006      97BE709F 
 2006      90FB0FF0 
 2006      12C4857B 
 2006      94
 2007 0535 2D6DA9F2 		.ascii	"-m\251\362\270\311\243!\267\236(\241\027\364$\364CN"
 2007      B8C9A321 
 2007      B79E28A1 
 2007      17F424F4 
 2007      434E
 2008 0547 090F00EE 		.ascii	"\011\017\000\356\003\036\024\241\277y\270\276\004[\341"
 2008      031E14A1 
 2008      BF79B8BE 
 2008      045BE1
 2009 0556 E0115890 		.ascii	"\340\021X\220u\257\314\343\247H\036g\004\344\361\345"
 2009      75AFCCE3 
 2009      A7481E67 
 2009      04E4F1E5 
 2010 0566 A54BD0BA 		.ascii	"\245K\320\272\233\374\014\022\304Um\231V\317\214<\232"
 2010      9BFC0C12 
 2010      C4556D99 
 2010      56CF8C3C 
 2010      9A
 2011 0577 8D3C9E88 		.ascii	"\215<\236\210\001\362<\317\311^\003\335\273w\357\322"
 2011      01F23CCF 
 2011      C95E03DD 
 2011      BB77EFD2 
 2012 0587 9D40CDF3 		.ascii	"\235@\315\363n\250\353]\345\264\273M\375\005\334\004"
 2012      6EA8EB5D 
 2012      E5B4BB4D 
 2012      FD05DC04 
 2013 0597 B801F0DC 		.ascii	"\270\001\360\334\360\270\316\277\022\024N6}G\363%Pg"
 2013      F0B8CEBF 
 2013      12144E36 
 2013      7D47F325 
 2013      5067
 2014 05a9 F5241678 		.ascii	"\365$\026xl\007\355\006\216*m\336\226YM\233\333]\200"
 2014      6C07ED06 
 2014      8E2A6DDE 
 2014      96594D9B 
 2014      DB5D80
 2015 05bc 5B164CBC 		.ascii	"[\026L\274\006!\315\023I\266C\201k\000WAl\204\317E\025"
 2015      0621CD13 
 2015      49B64381 
 2015      6B005741 
 2015      6C84CF45 
 2016 05d1 5E003C03 		.ascii	"^\000<\003x\012\320\302\323\340\001\033\2675\325\202"
 2016      780AD0C2 
 2016      D3E0011B 
 2016      B735D582 
 2017 05e1 3AB92734 		.ascii	":\271'4\001\334\0230\255\276\361B\022%Z\221?\345I\207"
 2017      01DC1330 
 2017      ADBEF142 
 2017      12255A91 
 2017      3FE54987 
 2018 05f5 2E7F2E25 		.ascii	".\177.%9|Ww\363\250\347M\276\245?\315{\332'\233\234"
ARM GAS  C:\Users\angio\AppData\Local\Temp\cct64V7j.s 			page 68


 2018      397C5777 
 2018      F3A8E74D 
 2018      BEA53FCD 
 2018      7BDA279B 
 2019 060a 6834E18A 		.ascii	"h4\341\212\000k\316\012\365\224\364\354\030\\\346\344"
 2019      006BCE0A 
 2019      F594F4EC 
 2019      185CE6E4 
 2020 061a 0EF3F7D6 		.ascii	"\016\363\367\326\227\272\271C\351\252e\252\332I\300"
 2020      97BAB943 
 2020      E9AA65AA 
 2020      DA49C0
 2021 0629 B399199E 		.ascii	"\263\231\031\236\315\224\364\2511\004\275\277rEK;\243"
 2021      CD94F4A9 
 2021      3104BDBF 
 2021      72454B3B 
 2021      A3
 2022 063a EA2F8DD4 		.ascii	"\352/\215\324'\320\363T\314\355z\227\270\234va\261`"
 2022      27D0F354 
 2022      CCED7A97 
 2022      B89C7661 
 2022      B160
 2023 064c 9F5C71A3 		.ascii	"\237\\q\243\306\355\251\377?\347\267\360h\320\374\357"
 2023      C6EDA9FF 
 2023      3FE7B7F0 
 2023      68D0FCEF 
 2024 065c 47692BA5 		.ascii	"Gi+\245/\256ujw\316\3615\271\340\356\201j\227G\325i"
 2024      2FAE756A 
 2024      77CEF135 
 2024      B9E0EE81 
 2024      6A9747D5 
 2025 0671 E86E24F0 		.ascii	"\350n$\360\014F\305\202\351\214\357-\017\212\3178:k"
 2025      0C46C582 
 2025      E98CEF2D 
 2025      0F8ACF38 
 2025      3A6B
 2026 0683 A52A647C 		.ascii	"\245*d|\234\2471\240\247\223\002_1\001\344zN\335\336"
 2026      9CA731A0 
 2026      A793025F 
 2026      3101E47A 
 2026      4EDDDE
 2027 0696 90030668 		.ascii	"\220\003\006h\012\263\201\260L\017\\O\253\312\251\340"
 2027      0AB381B0 
 2027      4C0F5C4F 
 2027      ABCAA9E0 
 2028 06a6 2EBD7B5A 		.ascii	".\275{Z\301J\352V\353\335\032\005\017S\267V\357V+Bw"
 2028      C14AEA56 
 2028      EBDD1A05 
 2028      0F53B756 
 2028      EF562B42 
 2029 06bb 8582A744 		.ascii	"\205\202\247D\336\233\357>+u\266%x\241\020\334\223\357"
 2029      DE9BEF3E 
 2029      2B75B625 
 2029      78A110DC 
 2029      93EF
 2030 06cd D13B0E15 		.ascii	"\321;\016\0251\213\336\371L\233g\213\230\300q\236\242"
 2030      318BDEF9 
ARM GAS  C:\Users\angio\AppData\Local\Temp\cct64V7j.s 			page 69


 2030      4C9B678B 
 2030      98C0719E 
 2030      A2
 2031 06de E5B70316 		.ascii	"\345\267\003\026\271\2551\":\205\375Q\027\322\023/\351"
 2031      B9AD3122 
 2031      3A85FD51 
 2031      17D2132F 
 2031      E9
 2032 06ef 2D24F7D9 		.ascii	"-$\367\331\267ZJb\332\222\261B\310X\316\353\266n\336"
 2032      B75A4A62 
 2032      DA92B142 
 2032      C858CEEB 
 2032      B66EDE
 2033 0702 B9A960D1 		.ascii	"\271\251`\321\021\031\370\357\230\000\212\275\376d\356"
 2033      1119F8EF 
 2033      98008ABD 
 2033      FE64EE
 2034 0711 8E761621 		.ascii	"\216v\026!\255AxM\217\033\2077\2510w\364^7|@\275\307"
 2034      AD41784D 
 2034      8F1B8737 
 2034      A93077F4 
 2034      5E377C40 
 2035 0727 7AEF17F8 		.ascii	"z\357\027\370\224zj\224\202\223\311\246\221\315 \233"
 2035      947A6A94 
 2035      8293C9A6 
 2035      91CD209B 
 2036 0737 4536876C 		.ascii	"E6\207l~\224\206\272\352\022\305,\3747\\\034E\301\373"
 2036      7E9486BA 
 2036      EA12C52C 
 2036      FC375C1C 
 2036      45C1FB
 2037 074a CCF971C3 		.ascii	"\314\371q\303\205\230\356\366O\027\375z\211\357\303"
 2037      8598EEF6 
 2037      4F17FD7A 
 2037      89EFC3
 2038 0759 8FEEBF7C 		.ascii	"\217\356\277|s\357\004\225\257LR\267\216\301Q&\263]"
 2038      73EF0495 
 2038      AF4C52B7 
 2038      8EC15126 
 2038      B35D
 2039 076b C3C47A22 		.ascii	"\303\304z\"\\i\313\314)j\247\2111\034\263\321\202\271"
 2039      5C69CBCC 
 2039      296AA789 
 2039      311CB3D1 
 2039      82B9
 2040 077d 0A12F3CC 		.ascii	"\012\022\363\314\300l\260ch\211/!\320\364\365\016\036"
 2040      C06CB063 
 2040      68892F21 
 2040      D0F4F50E 
 2040      1E
 2041 078e 6B258365 		.ascii	"k%\203e\002\023\251\307R\246a8\321\334\365\231\272\236"
 2041      0213A9C7 
 2041      52A66138 
 2041      D1DCF599 
 2041      BA9E
 2042 07a0 020BCF1C 		.ascii	"\002\013\317\034f\360,\326xf2\310\023\230\310|\3145"
 2042      66F02CD6 
ARM GAS  C:\Users\angio\AppData\Local\Temp\cct64V7j.s 			page 70


 2042      786632C8 
 2042      1398C87C 
 2042      CC35
 2043 07b2 F13C3104 		.ascii	"\361<1\004m\266\020]7D/\220\261f[ _\033\271/\224\220"
 2043      6DB6105D 
 2043      37442F90 
 2043      B1665B20 
 2043      5F1BB92F 
 2044 07c8 5976881E 		.ascii	"Yv\210\036j\206\304,"
 2044      6A86C42C 
 2045 07d0 B1600A4D 		.ascii	"\261`\012M\230y\022\363'\013\346\033#\324\013Cq\251"
 2045      987912F3 
 2045      270BE61B 
 2045      23D40B43 
 2045      71A9
 2046 07e2 055362E2 		.ascii	"\005Sb\342\231*yV[0\305\006\317=\203\247\314\202\321"
 2046      992A7956 
 2046      5B30C506 
 2046      CF3D83A7 
 2046      CC82D1
 2047 07f5 76485EC0 		.ascii	"vH^\300\231Z\001\0273X \020\221\0252\317`i6X\266\330"
 2047      995A0117 
 2047      33582010 
 2047      911532CF 
 2047      60693658 
 2048 080b 58743105 		.ascii	"Xt1\005R\314\\\373Xi4\317\015\232\365\366\2444L\236"
 2048      52CC5CFB 
 2048      586934CF 
 2048      0D9AF5F6 
 2048      A4344C9E 
 2049 081f A429B240 		.ascii	"\244)\262@\226j\020c'\337F{,\277wT\354\265\325\014\016"
 2049      966A1063 
 2049      27DF467B 
 2049      2CBF7754 
 2049      ECB5D50C 
 2050 0834 32D8C3E0 		.ascii	"2\330\303\340\030\203\235\014\312\031\034fP\305`\007"
 2050      18839D0C 
 2050      CA191C66 
 2050      50C56007 
 2051 0844 83930C0E 		.ascii	"\203\223\014\0160\250ep\204\301.:.1\370\236\301!bf\260"
 2051      30A86570 
 2051      84C12E3A 
 2051      2E31F89E 
 2051      C1216266 
 2052 0859 9F410D03 		.ascii	"\237A\015\003:C\355eP\307\240\202\301q\006'\370\377"
 2052      3A43ED65 
 2052      50C7A082 
 2052      C1710627 
 2052      F8FF
 2053 086b 365CCA53 		.ascii	"6\\\312SC\356&\373\254\321\323\236/\365~k\037K\0353"
 2053      43EE26FB 
 2053      ACD1D39E 
 2053      2FF57E6B 
 2053      1F4B1D33 
 2054 087f 4D6256D9 		.ascii	"MbV\331\307I\307\024I\314d\013f\222\011S,1\333-\230"
 2054      C749C714 
 2054      49CC640B 
ARM GAS  C:\Users\angio\AppData\Local\Temp\cct64V7j.s 			page 71


 2054      66920953 
 2054      2C31DB2D 
 2055 0894 8946F972 		.ascii	"\211F\371r%d\255}\005\3534\213$&\337\202\311e\221\247"
 2055      2564AD7D 
 2055      05EB348B 
 2055      2426DF82 
 2055      C96591A7 
 2056 08a8 E69C2317 		.ascii	"\346\234#\027\236u\354\322\272\326\374\014\361\267\251"
 2056      9E75ECD2 
 2056      BAD6FC0C 
 2056      F1B7A9
 2057 08b7 36DF6927 		.ascii	"6\337i'\334<n\372\377\346\007C\326)m\007m<_T\3472\000"
 2057      DC3C6EFA 
 2057      FFE60743 
 2057      D6296D07 
 2057      6D3C5F54 
 2058 08ce FB8C87E7 		.ascii	"\373\214\207\347i\256\211\357|\277\242\363.\212\253"
 2058      69AE89EF 
 2058      7CBFA2F3 
 2058      2E8AAB
 2059 08dd 82F57CE7 		.ascii	"\202\365|\347c?O.Z$\376\317hT+r\234\212~\024\205s\214"
 2059      633F4F2E 
 2059      5A24FECF 
 2059      68542B72 
 2059      9C8A7E14 
 2060 08f4 3094C759 		.ascii	"0\224\307Y\006g\230\3302\013\000o\352\273g>\340=\332"
 2060      066798D8 
 2060      320B006F 
 2060      EABB673E 
 2060      E03DDA
 2061 0907 4C1FE9DD 		.ascii	"L\037\351\335\\\300f\352\346\270\264\256\012\230\353"
 2061      5CC066EA 
 2061      E6B8B4AE 
 2061      0A98EB
 2062 0916 A22D57EF 		.ascii	"\242-W\3576+\270\200\272+\365\356}\0057Pw'Y\025Y\015"
 2062      362BB880 
 2062      BA2BF5EE 
 2062      7D053750 
 2062      77275915 
 2063 092c D959B2AB 		.ascii	"\331Y\262\253d\215d\217\311^\220\345\272\025\314'+ "
 2063      648D648F 
 2063      C95E90E5 
 2063      BA15CC27 
 2063      2B20
 2064 093e 2B245BE5 		.ascii	"+$[\345\326\334\337\305\215\324+';@VKv\226\354\012Y"
 2064      D6DCDFC5 
 2064      8DD42B27 
 2064      3B40564B 
 2064      7696EC0A 
 2065 0953 23D94F64 		.ascii	"#\331Od-dj\264\202\223\310f\222\315![@\2664Zc(\004\355"
 2065      2D646AB4 
 2065      8293C866 
 2065      92CD215B 
 2065      40B6345A 
 2066 096b F9EFC115 		.ascii	"\371\357\301\025\321T\000\377\312-9\327;\332w\374W|"
 2066      D15400FF 
 2066      CA2D39D7 
ARM GAS  C:\Users\angio\AppData\Local\Temp\cct64V7j.s 			page 72


 2066      3BDA77FC 
 2066      577C
 2067 097d F88360EB 		.ascii	"\370\203`\353\352%\027\243\212\265\263\036M\221\233"
 2067      EA2517A3 
 2067      8AB5B31E 
 2067      4D919B
 2068 098c 0CE6A02C 		.ascii	"\014\346\240,u\203i\032\355\334\034\231F\271h\306\230"
 2068      7583691A 
 2068      EDDC1C99 
 2068      46B968C6 
 2068      98
 2069 099d F6841D12 		.ascii	"\366\204\035\0222\325\006\321\346\353y\211\370\331\022"
 2069      32D506D1 
 2069      E6EB7989 
 2069      F8D912
 2070 09ac 48DF7CF8 		.ascii	"H\337|\370q\261Z\203\320su\222\205\344\252i\025\236"
 2070      71B15A83 
 2070      D0737592 
 2070      85E4AA69 
 2070      159E
 2071 09be 95342D16 		.ascii	"\2254-\026\232\247&\2757%\346\221\005c\332u[$\344\206"
 2071      9AA726BD 
 2071      3725E691 
 2071      0563DA75 
 2071      5B24E486 
 2072 09d2 0572CDB4 		.ascii	"\005r\315\264\300\312\"\220z\013\344\"3\016\270\273"
 2072      C0CA2290 
 2072      7A0BE422 
 2072      330EB8BB 
 2073 09e2 A5E23C66 		.ascii	"\245\342<fSl\336\303\362\020\246!\337#\221\317\306\231"
 2073      536CDEC3 
 2073      F210A621 
 2073      DF2391CF 
 2073      C699
 2074 09f4 085F2114 		.ascii	"\010_!\024!\314E\370\023\302\327\010%\010\013\220\316"
 2074      21CC45F8 
 2074      13C2D708 
 2074      25080B90 
 2074      CE
 2075 0a05 6FB00C61 		.ascii	"o\260\014a3B)\302w\010\205\010k\221\017\363j\204\002"
 2075      334229C2 
 2075      77088508 
 2075      6B910FF3 
 2075      6A8402
 2076 0a18 847C84E5 		.ascii	"\204|\204\345\010\305\010\213\020f#\314CX\217\260\012"
 2076      08C5088B 
 2076      106623CC 
 2076      43588FB0 
 2076      0A
 2077 0a29 6123C23A 		.ascii	"a#\302:\204\025\010\213\021\226\"\314@\370\006a%\302"
 2077      8415088B 
 2077      119622CC 
 2077      40F80661 
 2077      25C2
 2078 0a3b 12848508 		.ascii	"\022\204\205\010\033\020\276EX\203\260\011\265\243t"
 2078      1B10BE45 
 2078      5883B009 
ARM GAS  C:\Users\angio\AppData\Local\Temp\cct64V7j.s 			page 73


 2078      B5A374
 2079 0a4a E98F5274 		.ascii	"\351\217Rt\263E\264\371\301\265K\326g\262e(\314\033"
 2079      B345B4F9 
 2079      C1B54BD6 
 2079      67B26528 
 2079      CC1B
 2080 0a5c E22D8979 		.ascii	"\342-\211yh/\263\2169$19\026\036\3239\343\240\204L\260"
 2080      682FB38E 
 2080      39243139 
 2080      161ED339 
 2080      E3A0844C 
 2081 0a71 404A4C75 		.ascii	"@JLu~!%_\261\204\272l\3024HL\223\0053\307\204i\226\230"
 2081      7E21255F 
 2081      B184BA6C 
 2081      C234484C 
 2081      930533C7 
 2082 0a89 460BE6B6 		.ascii	"F\013\346\266\011sZb\236[0\346\343\312s\251\371\252"
 2082      09735A62 
 2082      9E5B30E6 
 2082      E3CA73A9 
 2082      F9AA
 2083 0a9b 5D8F96D6 		.ascii	"]\217\226\326\023\011\271e_X\332|?,#e\333\213\243G\272"
 2083      1309B965 
 2083      5F58DA7C 
 2083      3F2C2365 
 2083      DB8BA347 
 2084 0ab0 20697EB2 		.ascii	" i~\262/\033\035sOb\356\330\263\322\324\034\223\220"
 2084      2F1B1D73 
 2084      4F62EED8 
 2084      B3D2D41C 
 2084      9390
 2085 0ac2 17F6A434 		.ascii	"\027\366\24445\317\244\232\353\366%\241G*\2274S\354"
 2085      35CFA49A 
 2085      EBF625A1 
 2085      472A9734 
 2085      53EC
 2086 0ad4 D3428B74 		.ascii	"\323B\213tQB\036\333\207A\213\324(#\335\267@\314\247"
 2086      51421EDB 
 2086      87418BD4 
 2086      2823DDB7 
 2086      40CCA7
 2087 0ae7 AB7392E6 		.ascii	"\253s\222\346\211}\222j\221\246\312\005z\301\0029o@"
 2087      897D926A 
 2087      91A6CA05 
 2087      7AC10239 
 2087      6F40
 2088 0af9 CE489667 		.ascii	"\316H\226g\366\335B\203\334\225\220\273\026\210\371"
 2088      F6DD4283 
 2088      DC9590BB 
 2088      1688F9
 2089 0b08 54F9BDC4 		.ascii	"T\371\275\304L\264OQ\215\346\250\204\274\264\320\230"
 2089      4CB44F51 
 2089      8DE6A884 
 2089      BCB4D098 
 2090 0b18 9FFCB725 		.ascii	"\237\374\267%\346\201=o\215\346\245\204\\\262o:\032"
 2090      E6813D6F 
 2090      8DE6A584 
ARM GAS  C:\Users\angio\AppData\Local\Temp\cct64V7j.s 			page 74


 2090      5CB26F3A 
 2090      1A
 2091 0b29 E48E84DC 		.ascii	"\344\216\204\334\263\013\326 \323de\246\243\2552\272"
 2091      B30BD620 
 2091      D36465A6 
 2091      A3AD32BA 
 2092 0b39 98239246 		.ascii	"\230#\222FE\233\340\004\005\033\242\305\313\310\273"
 2092      459BE004 
 2092      051BA2C5 
 2092      CBC8BB
 2093 0b48 DFAE69D7 		.ascii	"\337\256i\327\245\365>\006[\360\357\276\223\3617\276"
 2093      A5F53E06 
 2093      5BF0EFBE 
 2093      93F137BE 
 2094 0b58 0517F6B9 		.ascii	"\005\027\366\271\215\203B\231\221\304VB`\023=-\233\311"
 2094      8D834299 
 2094      91C45642 
 2094      60133D2D 
 2094      9BC9
 2095 0b6a B23D1CBC 		.ascii	"\262=\034\274\356\350\332\202\016m\234*`\007\352\347"
 2095      EEE8DA82 
 2095      0E6D9C2A 
 2095      6007EAE7 
 2096 0b7a 0A9CE951 		.ascii	"\012\234\351Qp\256\000\237\237\2629\307i\177\331\264"
 2096      70AE009F 
 2096      9FB239C7 
 2096      697FD9B4 
 2097 0b8a 0BCD2F9B 		.ascii	"\013\315/\233\226q\250gV\336w\017\235\342i\333\372\335"
 2097      9671A867 
 2097      56DE770F 
 2097      9DE269DB 
 2097      FADD
 2098 0b9c 83027B44 		.ascii	"\203\002{D\215\366\"\354C\330\217P\251\357\300\315\363"
 2098      8DF622EC 
 2098      43D88F50 
 2098      A9EFC0CD 
 2098      F3
 2099 0bad 6E14CE37 		.ascii	"n\024\3167\275e\251@\216l\353\005J\211\366\002e7B\271"
 2099      BD65A940 
 2099      8E6CEB05 
 2099      4A89F602 
 2099      653742B9 
 2100 0bc1 05132FD7 		.ascii	"\005\023/\327\322.\015\261\023a\273\015\241\223\034"
 2100      D22E0DB1 
 2100      1361BB0D 
 2100      A1931C
 2101 0bd0 DE16596E 		.ascii	"\336\026Yn\333\354\201\304)\360\342\245c\247\230\030"
 2101      DBEC81C4 
 2101      29F0E2A5 
 2101      63A79818 
 2102 0be0 E50AF3BB 		.ascii	"\345\012\363\273\223Fh3\003rXy|\362AS\345\253\014\322"
 2102      93466833 
 2102      03725879 
 2102      7CF24153 
 2102      E5AB0CD2 
 2103 0bf4 032800FB 		.ascii	"\003(\000\373\326\356\233iz\355t\3118\303U\353\200\023"
 2103      D6EE9B69 
ARM GAS  C:\Users\angio\AppData\Local\Temp\cct64V7j.s 			page 75


 2103      7AED74C9 
 2103      38C355EB 
 2103      8013
 2104 0c06 8F2AB5F7 		.ascii	"\217*\265\367\302\025\257\2540\301\232\236\035\337\200"
 2104      C215AFAC 
 2104      30C19A9E 
 2104      1DDF80
 2105 0c15 7698F5AD 		.ascii	"v\230\365\255_\221G;\022u\020'\":\231m\324o\264'\206"
 2105      5F91473B 
 2105      12751027 
 2105      223A996D 
 2105      D46FB427 
 2106 0c2a BA2DD973 		.ascii	"\272-\331s\333\265\365\217}\015\362\177\354\217!\356"
 2106      DBB5F58F 
 2106      7D0DF27F 
 2106      EC8F21EE 
 2107 0c3a E4E318F5 		.ascii	"\344\343\030\365\374d]\215\313\363:\000\375\361\227"
 2107      FC645D8D 
 2107      CBF33A00 
 2107      FDF197
 2108 0c49 736A6536 		.ascii	"sje6\352/\347j\021\216S\373\004\302I\244\243,\346\250"
 2108      EA2FE76A 
 2108      118E53FB 
 2108      04C249A4 
 2108      A32CE6A8 
 2109 0c5d EAB35FD2 		.ascii	"\352\263_\322\225\330WM,)\211\274\232\370O\272\005G"
 2109      95D8574D 
 2109      2C2989BC 
 2109      9AF84FBA 
 2109      0547
 2110 0c6f 100EF307 		.ascii	"\020\016\363\007}\035\212\010\342\215\300\213\232b\221"
 2110      7D1D8A08 
 2110      E28DC08B 
 2110      9A6291
 2111 0c7e 6A4345DB 		.ascii	"jCE\333\234\204\331\266\372\321r\217\344\371\301\316"
 2111      9C84D9B6 
 2111      FAD1728F 
 2111      E4F9C1CE 
 2112 0c8e F3E637E2 		.ascii	"\363\3467\342E\325\255\0351\331\205\025\331\335\340"
 2112      45D5AD1D 
 2112      31D98515 
 2112      D9DDE0
 2113 0c9d 14C2511A 		.ascii	"\024\302Q\032\022\220\300C\010\351\351\327x\3069W\252"
 2113      1290C043 
 2113      08E9E9D7 
 2113      78C63957 
 2113      AA
 2114 0cae E680A87D 		.ascii	"\346\200\250}E\233\347g\376\326\267\256\252\252C\033"
 2114      459BE767 
 2114      FED6B7AE 
 2114      AAAA431B 
 2115 0cbe 10633128 		.ascii	"\020c1(\230\320G\211\036\2315\346\213\276\241\267\307"
 2115      98D04789 
 2115      1E9935E6 
 2115      8BBEA1B7 
 2115      C7
 2116 0ccf 289E4046 		.ascii	"(\236@FV84\376\3551\275\225\230\3172\303)ii\301\224"
ARM GAS  C:\Users\angio\AppData\Local\Temp\cct64V7j.s 			page 76


 2116      563834FE 
 2116      ED31BD95 
 2116      98CF32C3 
 2116      296969C1 
 2117 0ce4 D4F4D4F0 		.ascii	"\324\364\324\360\373=z\304\323_`t\352\247\251\031c\275"
 2117      FB3D7AC4 
 2117      D35F6074 
 2117      EAA7A919 
 2117      63BD
 2118 0cf6 090909F1 		.ascii	"\011\011\011\361\031c\343G\217L\213\317$\207\261\361"
 2118      1963E347 
 2118      8F4C8BCF 
 2118      2487B1F1 
 2119 0d06 49C9437B 		.ascii	"I\311C{y\343\207\014\031\020\237<x\350\027\011\374\227"
 2119      79E3870C 
 2119      19109F3C 
 2119      78E81709 
 2119      FC97
 2120 0d18 14DDBF47 		.ascii	"\024\335\277G\300=h\330o\273\371\022\372*]-\267{\004"
 2120      C03D68D8 
 2120      6FBBF912 
 2120      FA2A5D2D 
 2120      B77B04
 2121 0d2b 7ABEF74E 		.ascii	"z\276\367N \360\316\273J\037\337\277|\342\343\324I\341"
 2121      20F0CEBB 
 2121      4A1FDFBF 
 2121      7CE2E3D4 
 2121      49E1
 2122 0d3d 71C1D48C 		.ascii	"q\301\324\214O\376'#\353\363\261\231#\003\241\224qc"
 2122      4FFE2723 
 2122      EBF3B199 
 2122      2303A194 
 2122      7163
 2123 0d4f 43599FF8 		.ascii	"CY\237\370\223\337\026\374\203z\367\355\355O|{\330o"
 2123      93DF16FC 
 2123      837AF7ED 
 2123      ED4F7C7B 
 2123      D86F
 2124 0d61 7D431287 		.ascii	"}C\022\207\367\351\255\374\372\257\021\245\264\217\344"
 2124      F7E9ADFC 
 2124      FAAF11A5 
 2124      B48FE4
 2125 0d70 37363C32 		.ascii	"76<2+\034=hD\362\200\254\324/BY1\306\375\214\314.\026"
 2125      2B1C3D68 
 2125      44F280AC 
 2125      D42F4259 
 2125      31C6FD8C 
 2126 0d87 504A3875 		.ascii	"PJ8uL(\313M\367\002\351\324\351lFj\277\305Fnef\244\245"
 2126      4C28CB4D 
 2126      F702E9D4 
 2126      E96C466A 
 2126      BFC5466E 
 2127 0d9f 858229C1 		.ascii	"\205\202)\301P\332\310/\273J\\(\353\213\020\3253\034"
 2127      50DAC82F 
 2127      BB4A5C28 
 2127      EB8B10D5 
 2127      331C
ARM GAS  C:\Users\angio\AppData\Local\Temp\cct64V7j.s 			page 77


 2128 0db1 CACA1A97 		.ascii	"\312\312\032\227\031\346\012\206\177\372_\241@x0\225"
 2128      19E60A86 
 2128      7FFA5FA1 
 2128      40783095 
 2129 0dc1 F89F5F99 		.ascii	"\370\237_\231Mjz m\\0\024\321\337c\264VH\316\370Y(\234"
 2129      4D6A7A20 
 2129      6D5C3014 
 2129      D1DF63B4 
 2129      5648CEF8 
 2130 0dd8 1248CB08 		.ascii	"\022H\313\010|N\001\211\327C\367\003i\237S\270p45Ge"
 2130      7C4E0189 
 2130      D743F703 
 2130      699F53B8 
 2130      70343547 
 2131 0ded 85FE3B25 		.ascii	"\205\376;%\374\336\237U&\275\302\343\307\307\353\334"
 2131      FCDE9F55 
 2131      26BDC2E3 
 2131      C7C7EBDC 
 2132 0dfd 14C6C98B 		.ascii	"\024\306\311\213\322\313)\002\270\307\021\177/oJ8*\220"
 2132      D2CB2902 
 2132      B8C7117F 
 2132      2F6F4A38 
 2132      2A90
 2133 0e0f 913E2AF5 		.ascii	"\221>*\3653^0\237h9\2516\341\220\207\224\211FJ\030\251"
 2133      335E309F 
 2133      6839A936 
 2133      E1908794 
 2133      89464A18 
 2134 0e24 14EDC686 		.ascii	"\024\355\306\206\307pt\352\230\224\360_3N\272\210>8"
 2134      C77074EA 
 2134      9894F05F 
 2134      334EBA88 
 2134      3E38
 2135 0e36 C0E78FF6 		.ascii	"\300\347\217\366'&%\372?J\034\320\223\015\367c\377\201"
 2135      272625FA 
 2135      3F4A1CD0 
 2135      930DF763 
 2135      FF81
 2136 0e48 5EB20467 		.ascii	"^\262\004g\362\340\244\304!\230\350\363;\006$\373\275"
 2136      F2E0A4C4 
 2136      2198E8F3 
 2136      3B0624FB 
 2136      BD
 2137 0e59 4E9F6FA8 		.ascii	"N\237o\250\277\227\303\347\373\275\337\361\001\335@"
 2137      BF97C3E7 
 2137      FBBDDFF1 
 2137      01DD40
 2138 0e68 9FCF8F7E 		.ascii	"\237\317\217~\262\376~?\216H\362\241oX2\375\232\350"
 2138      B2FE7E3F 
 2138      8E48F2A1 
 2138      6F5832FD 
 2138      9AE8
 2139 0e7a 17400D9E 		.ascii	"\027@\015\236\200\211\203\374,\211\010\006'\372\035"
 2139      808983FC 
 2139      2C890806 
 2139      27FA1D
 2140 0e89 494309ED 		.ascii	"IC\011\355\363{\311\022\034\003\206\366\367\377\353"
ARM GAS  C:\Users\angio\AppData\Local\Temp\cct64V7j.s 			page 78


 2140      F37BC912 
 2140      1C0386F6 
 2140      F7FFEB
 2141 0e98 5F285F66 		.ascii	"_(_fN\342E\325\022\372\244\204\235>?W\341K\342\262L"
 2141      4EE245D5 
 2141      12FAA484 
 2141      9D3E3F57 
 2141      E14BE2B2 
 2142 0ead A9BC470A 		.ascii	"\251\274G\012\006\2170\372\357F\367\037\361\2017ih\342"
 2142      068F30FA 
 2142      EF46F71F 
 2142      F1813769 
 2142      68E2
 2143 0ebf 30BF875A 		.ascii	"0\277\207Z\011\242\3455\232\011\022\3317\272\377\207"
 2143      09A2E535 
 2143      9A0912D9 
 2143      37BAFF87 
 2144 0ecf 1FF41237 		.ascii	"\037\364\0227y\313+[\032P\342\372\2708#\335qs\022\316"
 2144      79CB2B5B 
 2144      1A50E2FA 
 2144      B83823DD 
 2144      717312CE 
 2145 0ee3 1669185C 		.ascii	"\026i\030\\\357\2708\027\335\342W\257~M0\263\364\346"
 2145      EFB83817 
 2145      DDE257AF 
 2145      7E4D30B3 
 2145      F4E6
 2146 0ef5 4E5E7F52 		.ascii	"N^\177R\262\237\013L\340\015\257l\031D\275\334\234\210"
 2146      B29F0B4C 
 2146      E00DAF6C 
 2146      1944BDDC 
 2146      9C88
 2147 0f07 DFE30D6F 		.ascii	"\337\343\015o\244!P\022\344u\370\006\323p\371\006\017"
 2147      A4215012 
 2147      E475F806 
 2147      D370F906 
 2147      0F
 2148 0f18 E45F89C6 		.ascii	"\344_\211\306\017\011\256\021C\206\370\006\016\242\333"
 2148      0F09AE11 
 2148      4386F806 
 2148      0EA2DB
 2149 0f27 F4E51CEC 		.ascii	"\364\345\034\354K\362\371\231\317\037%J\344m{\034\002"
 2149      4BF2F999 
 2149      CF1F254A 
 2149      E46D7B1C 
 2149      02
 2150 0f38 1963C664 		.ascii	"\031c\306d\244\307\207\306\207i L\263X\214\302g\264"
 2150      A4C787C6 
 2150      8769204C 
 2150      B3588CC2 
 2150      67B4
 2151 0f4a 638C1F4F 		.ascii	"c\214\037O\343\320\316\357\363\245$\177\231\031\032"
 2151      E3D0CEEF 
 2151      F3A5247F 
 2151      99191A
 2152 0f59 101A8581 		.ascii	"\020\032\205\201,\257;02-\355\323\221\201\317\371\032"
 2152      2CAF3B30 
ARM GAS  C:\Users\angio\AppData\Local\Temp\cct64V7j.s 			page 79


 2152      322DEDD3 
 2152      9181CFF9 
 2152      1A
 2153 0f6a 8CB469D1 		.ascii	"\214\264i\321\360\0253.\224\036\3702\232\356k\313\307"
 2153      F015332E 
 2153      941EF832 
 2153      9AEE6BCB 
 2153      C7
 2154 0f7b 114C0D65 		.ascii	"\021L\015eyRRF\215K\017\244\244\364\350\351\2164\035"
 2154      79525246 
 2154      8D4B0FA4 
 2154      A4F4E8E9 
 2154      8E341D
 2155 0f8e 81D123B3 		.ascii	"\201\321#\263\376\027\250\205\340\376"
 2155      FE17A885 
 2155      E0FE
 2156              		.text
 2157              		.section	.gnu.lto_.symtab.1f2b7101,"e",%progbits
 2158 0000 6770745F 		.ascii	"gpt_lld_init\000"
 2158      6C6C645F 
 2158      696E6974 
 2158      00
 2159 000d 00       		.ascii	"\000"
 2160 000e 00       		.ascii	"\000"
 2161 000f 00       		.ascii	"\000"
 2162 0010 00000000 		.ascii	"\000\000\000\000\000\000\000\000"
 2162      00000000 
 2163 0018 BC000000 		.ascii	"\274\000\000\000"
 2164 001c 47505444 		.ascii	"GPTD3\000"
 2164      3300
 2165 0022 00       		.ascii	"\000"
 2166 0023 00       		.ascii	"\000"
 2167 0024 00       		.ascii	"\000"
 2168 0025 00000000 		.ascii	"\000\000\000\000\000\000\000\000"
 2168      00000000 
 2169 002d 00010000 		.ascii	"\000\001\000\000"
 2170 0031 47505444 		.ascii	"GPTD6\000"
 2170      3600
 2171 0037 00       		.ascii	"\000"
 2172 0038 00       		.ascii	"\000"
 2173 0039 00       		.ascii	"\000"
 2174 003a 00000000 		.ascii	"\000\000\000\000\000\000\000\000"
 2174      00000000 
 2175 0042 02010000 		.ascii	"\002\001\000\000"
 2176 0046 6770745F 		.ascii	"gpt_lld_start\000"
 2176      6C6C645F 
 2176      73746172 
 2176      7400
 2177 0054 00       		.ascii	"\000"
 2178 0055 00       		.ascii	"\000"
 2179 0056 00       		.ascii	"\000"
 2180 0057 00000000 		.ascii	"\000\000\000\000\000\000\000\000"
 2180      00000000 
 2181 005f C5000000 		.ascii	"\305\000\000\000"
 2182 0063 6770745F 		.ascii	"gpt_lld_stop\000"
 2182      6C6C645F 
 2182      73746F70 
ARM GAS  C:\Users\angio\AppData\Local\Temp\cct64V7j.s 			page 80


 2182      00
 2183 0070 00       		.ascii	"\000"
 2184 0071 00       		.ascii	"\000"
 2185 0072 00       		.ascii	"\000"
 2186 0073 00000000 		.ascii	"\000\000\000\000\000\000\000\000"
 2186      00000000 
 2187 007b C7000000 		.ascii	"\307\000\000\000"
 2188 007f 6770745F 		.ascii	"gpt_lld_start_timer\000"
 2188      6C6C645F 
 2188      73746172 
 2188      745F7469 
 2188      6D657200 
 2189 0093 00       		.ascii	"\000"
 2190 0094 00       		.ascii	"\000"
 2191 0095 00       		.ascii	"\000"
 2192 0096 00000000 		.ascii	"\000\000\000\000\000\000\000\000"
 2192      00000000 
 2193 009e D0000000 		.ascii	"\320\000\000\000"
 2194 00a2 6770745F 		.ascii	"gpt_lld_stop_timer\000"
 2194      6C6C645F 
 2194      73746F70 
 2194      5F74696D 
 2194      657200
 2195 00b5 00       		.ascii	"\000"
 2196 00b6 00       		.ascii	"\000"
 2197 00b7 00       		.ascii	"\000"
 2198 00b8 00000000 		.ascii	"\000\000\000\000\000\000\000\000"
 2198      00000000 
 2199 00c0 D2000000 		.ascii	"\322\000\000\000"
 2200 00c4 6770745F 		.ascii	"gpt_lld_polled_delay\000"
 2200      6C6C645F 
 2200      706F6C6C 
 2200      65645F64 
 2200      656C6179 
 2201 00d9 00       		.ascii	"\000"
 2202 00da 00       		.ascii	"\000"
 2203 00db 00       		.ascii	"\000"
 2204 00dc 00000000 		.ascii	"\000\000\000\000\000\000\000\000"
 2204      00000000 
 2205 00e4 D4000000 		.ascii	"\324\000\000\000"
 2206 00e8 6770745F 		.ascii	"gpt_lld_serve_interrupt\000"
 2206      6C6C645F 
 2206      73657276 
 2206      655F696E 
 2206      74657272 
 2207 0100 00       		.ascii	"\000"
 2208 0101 00       		.ascii	"\000"
 2209 0102 00       		.ascii	"\000"
 2210 0103 00000000 		.ascii	"\000\000\000\000\000\000\000\000"
 2210      00000000 
 2211 010b D6000000 		.ascii	"\326\000\000\000"
 2212 010f 6770744F 		.ascii	"gptObjectInit\000"
 2212      626A6563 
 2212      74496E69 
 2212      7400
 2213 011d 00       		.ascii	"\000"
 2214 011e 02       		.ascii	"\002"
ARM GAS  C:\Users\angio\AppData\Local\Temp\cct64V7j.s 			page 81


 2215 011f 00       		.ascii	"\000"
 2216 0120 00000000 		.ascii	"\000\000\000\000\000\000\000\000"
 2216      00000000 
 2217 0128 D8000000 		.ascii	"\330\000\000\000"
 2218 012c 68616C5F 		.ascii	"hal_lld_get_clock_point\000"
 2218      6C6C645F 
 2218      6765745F 
 2218      636C6F63 
 2218      6B5F706F 
 2219 0144 00       		.ascii	"\000"
 2220 0145 02       		.ascii	"\002"
 2221 0146 00       		.ascii	"\000"
 2222 0147 00000000 		.ascii	"\000\000\000\000\000\000\000\000"
 2222      00000000 
 2223 014f E2000000 		.ascii	"\342\000\000\000"
 2224              		.text
 2225              		.section	.gnu.lto_.ext_symtab.1f2b7101,"e",%progbits
 2226 0000 01       		.ascii	"\001"
 2227 0001 01       		.ascii	"\001"
 2228 0002 00       		.ascii	"\000"
 2229 0003 02       		.ascii	"\002"
 2230 0004 01       		.ascii	"\001"
 2231 0005 02       		.ascii	"\002"
 2232 0006 01       		.ascii	"\001"
 2233 0007 01       		.ascii	"\001"
 2234 0008 00       		.ascii	"\000"
 2235 0009 01       		.ascii	"\001"
 2236 000a 00       		.ascii	"\000"
 2237 000b 01       		.ascii	"\001"
 2238 000c 00       		.ascii	"\000"
 2239 000d 01       		.ascii	"\001"
 2240 000e 00       		.ascii	"\000"
 2241 000f 01       		.ascii	"\001"
 2242 0010 00       		.ascii	"\000"
 2243 0011 01       		.ascii	"\001"
 2244 0012 00       		.ascii	"\000"
 2245 0013 01       		.ascii	"\001"
 2246 0014 00       		.ascii	"\000"
 2247 0015 01       		.ascii	"\001"
 2248 0016 00       		.ascii	"\000"
 2249              		.text
 2250              		.section	.gnu.lto_.opts,"e",%progbits
 2251 0000 272D666E 		.ascii	"'-fno-openmp' '-fno-openacc' '-fno-pie' '-fcf-prote"
 2251      6F2D6F70 
 2251      656E6D70 
 2251      2720272D 
 2251      666E6F2D 
 2252 0033 6374696F 		.ascii	"ction=none' '-g' '-mcpu=cortex-m4' '-mthumb' '-mflo"
 2252      6E3D6E6F 
 2252      6E652720 
 2252      272D6727 
 2252      20272D6D 
 2253 0066 61742D61 		.ascii	"at-abi=soft' '-mlibarch=armv7e-m' '-march=armv7e-m'"
 2253      62693D73 
 2253      6F667427 
 2253      20272D6D 
 2253      6C696261 
ARM GAS  C:\Users\angio\AppData\Local\Temp\cct64V7j.s 			page 82


 2254 0099 20272D4F 		.ascii	" '-O0' '-fomit-frame-pointer' '-falign-functions=16"
 2254      30272027 
 2254      2D666F6D 
 2254      69742D66 
 2254      72616D65 
 2255 00cc 2720272D 		.ascii	"' '-ffunction-sections' '-fdata-sections' '-fno-com"
 2255      6666756E 
 2255      6374696F 
 2255      6E2D7365 
 2255      6374696F 
 2256 00ff 6D6F6E27 		.ascii	"mon' '-flto' '-Xassembler' '-alms=./build/lst/hal_g"
 2256      20272D66 
 2256      6C746F27 
 2256      20272D58 
 2256      61737365 
 2257 0132 70745F6C 		.ascii	"pt_lld.lst'\000"
 2257      6C642E6C 
 2257      73742700 
 2258              		.text
 2259              		.comm	__gnu_lto_slim,1,1
 2260              		.ident	"GCC: (GNU Arm Embedded Toolchain 10.3-2021.10) 10.3.1 20210824 (release)"
ARM GAS  C:\Users\angio\AppData\Local\Temp\cct64V7j.s 			page 83


DEFINED SYMBOLS
                            *ABS*:00000000 hal_gpt_lld.c
C:\Users\angio\AppData\Local\Temp\cct64V7j.s:25     .gnu.debuglto_.debug_info:00000000 hal_gpt_lld.c.c095cc58
                            *COM*:00000001 __gnu_lto_slim

NO UNDEFINED SYMBOLS
