ARM GAS  C:\Users\angio\AppData\Local\Temp\cc9v9wKb.s 			page 1


   1              		.cpu cortex-m4
   2              		.arch armv7e-m
   3              		.fpu softvfp
   4              		.eabi_attribute 20, 1
   5              		.eabi_attribute 21, 1
   6              		.eabi_attribute 23, 3
   7              		.eabi_attribute 24, 1
   8              		.eabi_attribute 25, 1
   9              		.eabi_attribute 26, 1
  10              		.eabi_attribute 30, 6
  11              		.eabi_attribute 34, 1
  12              		.eabi_attribute 18, 4
  13              		.file	"hal_spi_v2_lld.c"
  14              		.file 1 "c:\\chibistudio\\tools\\gnu tools arm embedded\\10.3 2021.10\\lib\\gcc\\arm-none-eabi\\10
  15              		.file 2 "c:\\chibistudio\\tools\\gnu tools arm embedded\\10.3 2021.10\\arm-none-eabi\\include\\mac
  16              		.file 3 "c:\\chibistudio\\tools\\gnu tools arm embedded\\10.3 2021.10\\arm-none-eabi\\include\\sys
  17              		.file 4 "c:\\chibistudio\\tools\\gnu tools arm embedded\\10.3 2021.10\\arm-none-eabi\\include\\std
  18              		.file 5 "../../chibios2111/os/common/ports/ARM-common/chtypes.h"
  19              		.file 6 "../../chibios2111/os/rt/include/chearly.h"
  20              		.file 7 "../../chibios2111/os/rt/include/chobjects.h"
  21              		.file 8 "../../chibios2111/os/rt/include/chrfcu.h"
  22              		.file 9 "../../chibios2111/os/rt/include/chdebug.h"
  23              		.file 10 "../../chibios2111/os/rt/include/chtime.h"
  24              		.file 11 "../../chibios2111/os/rt/include/chlists.h"
  25              		.file 12 "../../chibios2111/os/common/ext/ST/STM32G4xx/stm32g474xx.h"
  26              		.file 13 "../../chibios2111/os/common/ports/ARMv7-M-ALT/chcore.h"
  27              		.file 14 "../../chibios2111/os/rt/include/chsem.h"
  28              		.file 15 "../../chibios2111/os/rt/include/chmtx.h"
  29              		.file 16 "../../chibios2111/os/hal/ports/STM32/LLD/DMAv1/stm32_dma.h"
  30              		.file 17 "../../chibios2111/os/hal/ports/STM32/LLD/GPIOv2/stm32_gpio.h"
  31              		.file 18 "../../chibios2111/os/hal/ports/STM32/LLD/GPIOv2/hal_pal_lld.h"
  32              		.file 19 "../../chibios2111/os/hal/include/hal_spi_v2.h"
  33              		.file 20 "../../chibios2111/os/hal/ports/STM32/LLD/SPIv2/hal_spi_v2_lld.c"
  34              		.file 21 "../../chibios2111/os/hal/osal/rt-nil/osal.h"
  35              		.file 22 "../../chibios2111/os/rt/include/chsys.h"
  36              		.file 23 "../../chibios2111/os/common/ext/ARM/CMSIS/Core/Include/cmsis_gcc.h"
  37              		.file 24 "../../chibios2111/os/hal/ports/STM32/LLD/SPIv2/hal_spi_v2_lld.h"
  38              		.section	.gnu.debuglto_.debug_info,"e",%progbits
  39              	.Ldebug_info0:
  40              		.hidden	hal_spi_v2_lld.c.64f38da0
  41              		.weak	hal_spi_v2_lld.c.64f38da0
  42              	hal_spi_v2_lld.c.64f38da0:
  43 0000 DC120000 		.4byte	0x12dc
  44 0004 0400     		.2byte	0x4
  45 0006 00000000 		.4byte	.Ldebug_abbrev0
  46 000a 04       		.byte	0x4
  47 000b 01       		.uleb128 0x1
  48 000c 46010000 		.4byte	.LASF247
  49 0010 0C       		.byte	0xc
  50 0011 44090000 		.4byte	.LASF248
  51 0015 E4030000 		.4byte	.LASF249
  52 0019 00000000 		.4byte	.Ldebug_line0
  53 001d 02       		.uleb128 0x2
  54 001e 04       		.byte	0x4
  55 001f 05       		.byte	0x5
  56 0020 696E7400 		.ascii	"int\000"
  57 0024 03       		.uleb128 0x3
ARM GAS  C:\Users\angio\AppData\Local\Temp\cc9v9wKb.s 			page 2


  58 0025 10000000 		.4byte	.LASF4
  59 0029 01       		.byte	0x1
  60 002a D1       		.byte	0xd1
  61 002b 17       		.byte	0x17
  62 002c 30000000 		.4byte	0x30
  63 0030 04       		.uleb128 0x4
  64 0031 04       		.byte	0x4
  65 0032 07       		.byte	0x7
  66 0033 02070000 		.4byte	.LASF0
  67 0037 04       		.uleb128 0x4
  68 0038 08       		.byte	0x8
  69 0039 05       		.byte	0x5
  70 003a 4B060000 		.4byte	.LASF1
  71 003e 04       		.uleb128 0x4
  72 003f 08       		.byte	0x8
  73 0040 04       		.byte	0x4
  74 0041 88070000 		.4byte	.LASF2
  75 0045 04       		.uleb128 0x4
  76 0046 01       		.byte	0x1
  77 0047 06       		.byte	0x6
  78 0048 E2020000 		.4byte	.LASF3
  79 004c 03       		.uleb128 0x3
  80 004d 3C010000 		.4byte	.LASF5
  81 0051 02       		.byte	0x2
  82 0052 2B       		.byte	0x2b
  83 0053 18       		.byte	0x18
  84 0054 58000000 		.4byte	0x58
  85 0058 04       		.uleb128 0x4
  86 0059 01       		.byte	0x1
  87 005a 08       		.byte	0x8
  88 005b 4E030000 		.4byte	.LASF6
  89 005f 04       		.uleb128 0x4
  90 0060 02       		.byte	0x2
  91 0061 05       		.byte	0x5
  92 0062 84090000 		.4byte	.LASF7
  93 0066 03       		.uleb128 0x3
  94 0067 37040000 		.4byte	.LASF8
  95 006b 02       		.byte	0x2
  96 006c 39       		.byte	0x39
  97 006d 19       		.byte	0x19
  98 006e 72000000 		.4byte	0x72
  99 0072 04       		.uleb128 0x4
 100 0073 02       		.byte	0x2
 101 0074 07       		.byte	0x7
 102 0075 DF0A0000 		.4byte	.LASF9
 103 0079 03       		.uleb128 0x3
 104 007a 1C0B0000 		.4byte	.LASF10
 105 007e 02       		.byte	0x2
 106 007f 4D       		.byte	0x4d
 107 0080 18       		.byte	0x18
 108 0081 85000000 		.4byte	0x85
 109 0085 04       		.uleb128 0x4
 110 0086 04       		.byte	0x4
 111 0087 05       		.byte	0x5
 112 0088 2C020000 		.4byte	.LASF11
 113 008c 03       		.uleb128 0x3
 114 008d 2E060000 		.4byte	.LASF12
ARM GAS  C:\Users\angio\AppData\Local\Temp\cc9v9wKb.s 			page 3


 115 0091 02       		.byte	0x2
 116 0092 4F       		.byte	0x4f
 117 0093 19       		.byte	0x19
 118 0094 98000000 		.4byte	0x98
 119 0098 04       		.uleb128 0x4
 120 0099 04       		.byte	0x4
 121 009a 07       		.byte	0x7
 122 009b 59050000 		.4byte	.LASF13
 123 009f 03       		.uleb128 0x3
 124 00a0 4E050000 		.4byte	.LASF14
 125 00a4 02       		.byte	0x2
 126 00a5 69       		.byte	0x69
 127 00a6 19       		.byte	0x19
 128 00a7 AB000000 		.4byte	0xab
 129 00ab 04       		.uleb128 0x4
 130 00ac 08       		.byte	0x8
 131 00ad 07       		.byte	0x7
 132 00ae 12080000 		.4byte	.LASF15
 133 00b2 03       		.uleb128 0x3
 134 00b3 F5020000 		.4byte	.LASF16
 135 00b7 03       		.byte	0x3
 136 00b8 18       		.byte	0x18
 137 00b9 13       		.byte	0x13
 138 00ba 4C000000 		.4byte	0x4c
 139 00be 05       		.uleb128 0x5
 140 00bf B2000000 		.4byte	0xb2
 141 00c3 03       		.uleb128 0x3
 142 00c4 29080000 		.4byte	.LASF17
 143 00c8 03       		.byte	0x3
 144 00c9 24       		.byte	0x24
 145 00ca 14       		.byte	0x14
 146 00cb 66000000 		.4byte	0x66
 147 00cf 05       		.uleb128 0x5
 148 00d0 C3000000 		.4byte	0xc3
 149 00d4 03       		.uleb128 0x3
 150 00d5 58000000 		.4byte	.LASF18
 151 00d9 03       		.byte	0x3
 152 00da 2C       		.byte	0x2c
 153 00db 13       		.byte	0x13
 154 00dc 79000000 		.4byte	0x79
 155 00e0 03       		.uleb128 0x3
 156 00e1 860A0000 		.4byte	.LASF19
 157 00e5 03       		.byte	0x3
 158 00e6 30       		.byte	0x30
 159 00e7 14       		.byte	0x14
 160 00e8 8C000000 		.4byte	0x8c
 161 00ec 05       		.uleb128 0x5
 162 00ed E0000000 		.4byte	0xe0
 163 00f1 03       		.uleb128 0x3
 164 00f2 B5090000 		.4byte	.LASF20
 165 00f6 03       		.byte	0x3
 166 00f7 3C       		.byte	0x3c
 167 00f8 14       		.byte	0x14
 168 00f9 9F000000 		.4byte	0x9f
 169 00fd 05       		.uleb128 0x5
 170 00fe F1000000 		.4byte	0xf1
 171 0102 03       		.uleb128 0x3
ARM GAS  C:\Users\angio\AppData\Local\Temp\cc9v9wKb.s 			page 4


 172 0103 0C090000 		.4byte	.LASF21
 173 0107 04       		.byte	0x4
 174 0108 34       		.byte	0x34
 175 0109 1F       		.byte	0x1f
 176 010a 30000000 		.4byte	0x30
 177 010e 03       		.uleb128 0x3
 178 010f 54080000 		.4byte	.LASF22
 179 0113 05       		.byte	0x5
 180 0114 48       		.byte	0x48
 181 0115 1D       		.byte	0x1d
 182 0116 F1000000 		.4byte	0xf1
 183 011a 03       		.uleb128 0x3
 184 011b 57040000 		.4byte	.LASF23
 185 011f 06       		.byte	0x6
 186 0120 50       		.byte	0x50
 187 0121 19       		.byte	0x19
 188 0122 0E010000 		.4byte	0x10e
 189 0126 03       		.uleb128 0x3
 190 0127 CF080000 		.4byte	.LASF24
 191 012b 06       		.byte	0x6
 192 012c 53       		.byte	0x53
 193 012d 19       		.byte	0x19
 194 012e B2000000 		.4byte	0xb2
 195 0132 03       		.uleb128 0x3
 196 0133 77020000 		.4byte	.LASF25
 197 0137 06       		.byte	0x6
 198 0138 54       		.byte	0x54
 199 0139 19       		.byte	0x19
 200 013a B2000000 		.4byte	0xb2
 201 013e 03       		.uleb128 0x3
 202 013f 5A0A0000 		.4byte	.LASF26
 203 0143 06       		.byte	0x6
 204 0144 55       		.byte	0x55
 205 0145 19       		.byte	0x19
 206 0146 B2000000 		.4byte	0xb2
 207 014a 03       		.uleb128 0x3
 208 014b 50000000 		.4byte	.LASF27
 209 014f 06       		.byte	0x6
 210 0150 57       		.byte	0x57
 211 0151 19       		.byte	0x19
 212 0152 E0000000 		.4byte	0xe0
 213 0156 03       		.uleb128 0x3
 214 0157 48080000 		.4byte	.LASF28
 215 015b 06       		.byte	0x6
 216 015c 58       		.byte	0x58
 217 015d 19       		.byte	0x19
 218 015e D4000000 		.4byte	0xd4
 219 0162 03       		.uleb128 0x3
 220 0163 07030000 		.4byte	.LASF29
 221 0167 06       		.byte	0x6
 222 0168 5A       		.byte	0x5a
 223 0169 19       		.byte	0x19
 224 016a E0000000 		.4byte	0xe0
 225 016e 03       		.uleb128 0x3
 226 016f B4040000 		.4byte	.LASF30
 227 0173 06       		.byte	0x6
 228 0174 5C       		.byte	0x5c
ARM GAS  C:\Users\angio\AppData\Local\Temp\cc9v9wKb.s 			page 5


 229 0175 19       		.byte	0x19
 230 0176 D4000000 		.4byte	0xd4
 231 017a 03       		.uleb128 0x3
 232 017b FD020000 		.4byte	.LASF31
 233 017f 06       		.byte	0x6
 234 0180 80       		.byte	0x80
 235 0181 12       		.byte	0x12
 236 0182 30000000 		.4byte	0x30
 237 0186 03       		.uleb128 0x3
 238 0187 70070000 		.4byte	.LASF32
 239 018b 06       		.byte	0x6
 240 018c 85       		.byte	0x85
 241 018d 1A       		.byte	0x1a
 242 018e 92010000 		.4byte	0x192
 243 0192 06       		.uleb128 0x6
 244 0193 9D050000 		.4byte	.LASF47
 245 0197 70       		.byte	0x70
 246 0198 07       		.byte	0x7
 247 0199 9C       		.byte	0x9c
 248 019a 08       		.byte	0x8
 249 019b 75020000 		.4byte	0x275
 250 019f 07       		.uleb128 0x7
 251 01a0 68647200 		.ascii	"hdr\000"
 252 01a4 07       		.byte	0x7
 253 01a5 AD       		.byte	0xad
 254 01a6 05       		.byte	0x5
 255 01a7 C4090000 		.4byte	0x9c4
 256 01ab 00       		.byte	0
 257 01ac 07       		.uleb128 0x7
 258 01ad 63747800 		.ascii	"ctx\000"
 259 01b1 07       		.byte	0x7
 260 01b2 B1       		.byte	0xb1
 261 01b3 21       		.byte	0x21
 262 01b4 12090000 		.4byte	0x912
 263 01b8 0C       		.byte	0xc
 264 01b9 08       		.uleb128 0x8
 265 01ba AD040000 		.4byte	.LASF33
 266 01be 07       		.byte	0x7
 267 01bf B6       		.byte	0xb6
 268 01c0 21       		.byte	0x21
 269 01c1 B6030000 		.4byte	0x3b6
 270 01c5 38       		.byte	0x38
 271 01c6 08       		.uleb128 0x8
 272 01c7 4A000000 		.4byte	.LASF34
 273 01cb 07       		.byte	0x7
 274 01cc BB       		.byte	0xbb
 275 01cd 22       		.byte	0x22
 276 01ce D10A0000 		.4byte	0xad1
 277 01d2 40       		.byte	0x40
 278 01d3 08       		.uleb128 0x8
 279 01d4 FD080000 		.4byte	.LASF35
 280 01d8 07       		.byte	0x7
 281 01d9 C0       		.byte	0xc0
 282 01da 22       		.byte	0x22
 283 01db 4E030000 		.4byte	0x34e
 284 01df 44       		.byte	0x44
 285 01e0 08       		.uleb128 0x8
ARM GAS  C:\Users\angio\AppData\Local\Temp\cc9v9wKb.s 			page 6


 286 01e1 A3080000 		.4byte	.LASF36
 287 01e5 07       		.byte	0x7
 288 01e6 C9       		.byte	0xc9
 289 01e7 22       		.byte	0x22
 290 01e8 42090000 		.4byte	0x942
 291 01ec 48       		.byte	0x48
 292 01ed 08       		.uleb128 0x8
 293 01ee BF000000 		.4byte	.LASF37
 294 01f2 07       		.byte	0x7
 295 01f3 CE       		.byte	0xce
 296 01f4 21       		.byte	0x21
 297 01f5 32010000 		.4byte	0x132
 298 01f9 4C       		.byte	0x4c
 299 01fa 08       		.uleb128 0x8
 300 01fb 51040000 		.4byte	.LASF38
 301 01ff 07       		.byte	0x7
 302 0200 D2       		.byte	0xd2
 303 0201 21       		.byte	0x21
 304 0202 26010000 		.4byte	0x126
 305 0206 4D       		.byte	0x4d
 306 0207 08       		.uleb128 0x8
 307 0208 71080000 		.4byte	.LASF39
 308 020c 07       		.byte	0x7
 309 020d D7       		.byte	0xd7
 310 020e 21       		.byte	0x21
 311 020f 3E010000 		.4byte	0x13e
 312 0213 4E       		.byte	0x4e
 313 0214 09       		.uleb128 0x9
 314 0215 7500     		.ascii	"u\000"
 315 0217 07       		.byte	0x7
 316 0218 2801     		.2byte	0x128
 317 021a 21       		.byte	0x21
 318 021b F2090000 		.4byte	0x9f2
 319 021f 50       		.byte	0x50
 320 0220 0A       		.uleb128 0xa
 321 0221 410A0000 		.4byte	.LASF40
 322 0225 07       		.byte	0x7
 323 0226 2D01     		.2byte	0x12d
 324 0228 21       		.byte	0x21
 325 0229 89030000 		.4byte	0x389
 326 022d 54       		.byte	0x54
 327 022e 0A       		.uleb128 0xa
 328 022f DC090000 		.4byte	.LASF41
 329 0233 07       		.byte	0x7
 330 0234 3301     		.2byte	0x133
 331 0236 21       		.byte	0x21
 332 0237 B6030000 		.4byte	0x3b6
 333 023b 58       		.byte	0x58
 334 023c 0A       		.uleb128 0xa
 335 023d 80020000 		.4byte	.LASF42
 336 0241 07       		.byte	0x7
 337 0242 3901     		.2byte	0x139
 338 0244 21       		.byte	0x21
 339 0245 62010000 		.4byte	0x162
 340 0249 60       		.byte	0x60
 341 024a 0A       		.uleb128 0xa
 342 024b 39060000 		.4byte	.LASF43
ARM GAS  C:\Users\angio\AppData\Local\Temp\cc9v9wKb.s 			page 7


 343 024f 07       		.byte	0x7
 344 0250 4001     		.2byte	0x140
 345 0252 22       		.byte	0x22
 346 0253 CB0A0000 		.4byte	0xacb
 347 0257 64       		.byte	0x64
 348 0258 0A       		.uleb128 0xa
 349 0259 E9050000 		.4byte	.LASF44
 350 025d 07       		.byte	0x7
 351 025e 4401     		.2byte	0x144
 352 0260 21       		.byte	0x21
 353 0261 4A010000 		.4byte	0x14a
 354 0265 68       		.byte	0x68
 355 0266 0A       		.uleb128 0xa
 356 0267 7F040000 		.4byte	.LASF45
 357 026b 07       		.byte	0x7
 358 026c 4B01     		.2byte	0x14b
 359 026e 22       		.byte	0x22
 360 026f 48090000 		.4byte	0x948
 361 0273 6C       		.byte	0x6c
 362 0274 00       		.byte	0
 363 0275 03       		.uleb128 0x3
 364 0276 24070000 		.4byte	.LASF46
 365 027a 06       		.byte	0x6
 366 027b 8A       		.byte	0x8a
 367 027c 1F       		.byte	0x1f
 368 027d 81020000 		.4byte	0x281
 369 0281 0B       		.uleb128 0xb
 370 0282 EE040000 		.4byte	.LASF48
 371 0286 B0       		.byte	0xb0
 372 0287 07       		.byte	0x7
 373 0288 8A01     		.2byte	0x18a
 374 028a 08       		.byte	0x8
 375 028b 00030000 		.4byte	0x300
 376 028f 0A       		.uleb128 0xa
 377 0290 C9080000 		.4byte	.LASF49
 378 0294 07       		.byte	0x7
 379 0295 8E01     		.2byte	0x18e
 380 0297 21       		.byte	0x21
 381 0298 020B0000 		.4byte	0xb02
 382 029c 00       		.byte	0
 383 029d 0A       		.uleb128 0xa
 384 029e 3A0A0000 		.4byte	.LASF50
 385 02a2 07       		.byte	0x7
 386 02a3 9201     		.2byte	0x192
 387 02a5 21       		.byte	0x21
 388 02a6 7F090000 		.4byte	0x97f
 389 02aa 10       		.byte	0x10
 390 02ab 0A       		.uleb128 0xa
 391 02ac FC090000 		.4byte	.LASF51
 392 02b0 07       		.byte	0x7
 393 02b1 9901     		.2byte	0x199
 394 02b3 21       		.byte	0x21
 395 02b4 A6090000 		.4byte	0x9a6
 396 02b8 28       		.byte	0x28
 397 02b9 0A       		.uleb128 0xa
 398 02ba 62040000 		.4byte	.LASF52
 399 02be 07       		.byte	0x7
ARM GAS  C:\Users\angio\AppData\Local\Temp\cc9v9wKb.s 			page 8


 400 02bf 9E01     		.2byte	0x19e
 401 02c1 21       		.byte	0x21
 402 02c2 7A010000 		.4byte	0x17a
 403 02c6 30       		.byte	0x30
 404 02c7 0A       		.uleb128 0xa
 405 02c8 D7090000 		.4byte	.LASF53
 406 02cc 07       		.byte	0x7
 407 02cd A401     		.2byte	0x1a4
 408 02cf 21       		.byte	0x21
 409 02d0 27030000 		.4byte	0x327
 410 02d4 34       		.byte	0x34
 411 02d5 0A       		.uleb128 0xa
 412 02d6 B8000000 		.4byte	.LASF54
 413 02da 07       		.byte	0x7
 414 02db A901     		.2byte	0x1a9
 415 02dd 22       		.byte	0x22
 416 02de 760B0000 		.4byte	0xb76
 417 02e2 38       		.byte	0x38
 418 02e3 0A       		.uleb128 0xa
 419 02e4 8A080000 		.4byte	.LASF55
 420 02e8 07       		.byte	0x7
 421 02e9 AD01     		.2byte	0x1ad
 422 02eb 21       		.byte	0x21
 423 02ec 86010000 		.4byte	0x186
 424 02f0 3C       		.byte	0x3c
 425 02f1 09       		.uleb128 0x9
 426 02f2 64626700 		.ascii	"dbg\000"
 427 02f6 07       		.byte	0x7
 428 02f7 B101     		.2byte	0x1b1
 429 02f9 21       		.byte	0x21
 430 02fa 65030000 		.4byte	0x365
 431 02fe AC       		.byte	0xac
 432 02ff 00       		.byte	0
 433 0300 03       		.uleb128 0x3
 434 0301 76050000 		.4byte	.LASF56
 435 0305 08       		.byte	0x8
 436 0306 3F       		.byte	0x3f
 437 0307 12       		.byte	0x12
 438 0308 E0000000 		.4byte	0xe0
 439 030c 06       		.uleb128 0x6
 440 030d CB000000 		.4byte	.LASF57
 441 0311 04       		.byte	0x4
 442 0312 08       		.byte	0x8
 443 0313 44       		.byte	0x44
 444 0314 10       		.byte	0x10
 445 0315 27030000 		.4byte	0x327
 446 0319 08       		.uleb128 0x8
 447 031a AC060000 		.4byte	.LASF58
 448 031e 08       		.byte	0x8
 449 031f 48       		.byte	0x48
 450 0320 21       		.byte	0x21
 451 0321 00030000 		.4byte	0x300
 452 0325 00       		.byte	0
 453 0326 00       		.byte	0
 454 0327 03       		.uleb128 0x3
 455 0328 0B060000 		.4byte	.LASF59
 456 032c 08       		.byte	0x8
ARM GAS  C:\Users\angio\AppData\Local\Temp\cc9v9wKb.s 			page 9


 457 032d 49       		.byte	0x49
 458 032e 03       		.byte	0x3
 459 032f 0C030000 		.4byte	0x30c
 460 0333 06       		.uleb128 0x6
 461 0334 EC090000 		.4byte	.LASF60
 462 0338 04       		.byte	0x4
 463 0339 09       		.byte	0x9
 464 033a 3E       		.byte	0x3e
 465 033b 10       		.byte	0x10
 466 033c 4E030000 		.4byte	0x34e
 467 0340 08       		.uleb128 0x8
 468 0341 AE030000 		.4byte	.LASF61
 469 0345 09       		.byte	0x9
 470 0346 46       		.byte	0x46
 471 0347 24       		.byte	0x24
 472 0348 54030000 		.4byte	0x354
 473 034c 00       		.byte	0
 474 034d 00       		.byte	0
 475 034e 0C       		.uleb128 0xc
 476 034f 04       		.byte	0x4
 477 0350 60030000 		.4byte	0x360
 478 0354 05       		.uleb128 0x5
 479 0355 4E030000 		.4byte	0x34e
 480 0359 04       		.uleb128 0x4
 481 035a 01       		.byte	0x1
 482 035b 08       		.byte	0x8
 483 035c 1A040000 		.4byte	.LASF62
 484 0360 0D       		.uleb128 0xd
 485 0361 59030000 		.4byte	0x359
 486 0365 03       		.uleb128 0x3
 487 0366 C5030000 		.4byte	.LASF63
 488 036a 09       		.byte	0x9
 489 036b 51       		.byte	0x51
 490 036c 03       		.byte	0x3
 491 036d 33030000 		.4byte	0x333
 492 0371 03       		.uleb128 0x3
 493 0372 2E000000 		.4byte	.LASF64
 494 0376 0A       		.byte	0xa
 495 0377 6D       		.byte	0x6d
 496 0378 12       		.byte	0x12
 497 0379 E0000000 		.4byte	0xe0
 498 037d 03       		.uleb128 0x3
 499 037e 59060000 		.4byte	.LASF65
 500 0382 0A       		.byte	0xa
 501 0383 79       		.byte	0x79
 502 0384 12       		.byte	0x12
 503 0385 E0000000 		.4byte	0xe0
 504 0389 03       		.uleb128 0x3
 505 038a 89020000 		.4byte	.LASF66
 506 038e 0B       		.byte	0xb
 507 038f 32       		.byte	0x32
 508 0390 18       		.byte	0x18
 509 0391 95030000 		.4byte	0x395
 510 0395 06       		.uleb128 0x6
 511 0396 CB020000 		.4byte	.LASF67
 512 039a 04       		.byte	0x4
 513 039b 0B       		.byte	0xb
ARM GAS  C:\Users\angio\AppData\Local\Temp\cc9v9wKb.s 			page 10


 514 039c 38       		.byte	0x38
 515 039d 08       		.byte	0x8
 516 039e B0030000 		.4byte	0x3b0
 517 03a2 08       		.uleb128 0x8
 518 03a3 3A0B0000 		.4byte	.LASF68
 519 03a7 0B       		.byte	0xb
 520 03a8 39       		.byte	0x39
 521 03a9 1A       		.byte	0x1a
 522 03aa B0030000 		.4byte	0x3b0
 523 03ae 00       		.byte	0
 524 03af 00       		.byte	0
 525 03b0 0C       		.uleb128 0xc
 526 03b1 04       		.byte	0x4
 527 03b2 89030000 		.4byte	0x389
 528 03b6 03       		.uleb128 0x3
 529 03b7 6B050000 		.4byte	.LASF69
 530 03bb 0B       		.byte	0xb
 531 03bc 3F       		.byte	0x3f
 532 03bd 19       		.byte	0x19
 533 03be C2030000 		.4byte	0x3c2
 534 03c2 06       		.uleb128 0x6
 535 03c3 040A0000 		.4byte	.LASF70
 536 03c7 08       		.byte	0x8
 537 03c8 0B       		.byte	0xb
 538 03c9 45       		.byte	0x45
 539 03ca 08       		.byte	0x8
 540 03cb EA030000 		.4byte	0x3ea
 541 03cf 08       		.uleb128 0x8
 542 03d0 3A0B0000 		.4byte	.LASF68
 543 03d4 0B       		.byte	0xb
 544 03d5 46       		.byte	0x46
 545 03d6 1A       		.byte	0x1a
 546 03d7 EA030000 		.4byte	0x3ea
 547 03db 00       		.byte	0
 548 03dc 08       		.uleb128 0x8
 549 03dd 3F0B0000 		.4byte	.LASF71
 550 03e1 0B       		.byte	0xb
 551 03e2 47       		.byte	0x47
 552 03e3 1A       		.byte	0x1a
 553 03e4 EA030000 		.4byte	0x3ea
 554 03e8 04       		.byte	0x4
 555 03e9 00       		.byte	0
 556 03ea 0C       		.uleb128 0xc
 557 03eb 04       		.byte	0x4
 558 03ec B6030000 		.4byte	0x3b6
 559 03f0 03       		.uleb128 0x3
 560 03f1 80060000 		.4byte	.LASF72
 561 03f5 0B       		.byte	0xb
 562 03f6 4E       		.byte	0x4e
 563 03f7 22       		.byte	0x22
 564 03f8 FC030000 		.4byte	0x3fc
 565 03fc 06       		.uleb128 0x6
 566 03fd A3090000 		.4byte	.LASF73
 567 0401 0C       		.byte	0xc
 568 0402 0B       		.byte	0xb
 569 0403 55       		.byte	0x55
 570 0404 08       		.byte	0x8
ARM GAS  C:\Users\angio\AppData\Local\Temp\cc9v9wKb.s 			page 11


 571 0405 31040000 		.4byte	0x431
 572 0409 08       		.uleb128 0x8
 573 040a 3A0B0000 		.4byte	.LASF68
 574 040e 0B       		.byte	0xb
 575 040f 56       		.byte	0x56
 576 0410 1A       		.byte	0x1a
 577 0411 31040000 		.4byte	0x431
 578 0415 00       		.byte	0
 579 0416 08       		.uleb128 0x8
 580 0417 3F0B0000 		.4byte	.LASF71
 581 041b 0B       		.byte	0xb
 582 041c 57       		.byte	0x57
 583 041d 1A       		.byte	0x1a
 584 041e 31040000 		.4byte	0x431
 585 0422 04       		.byte	0x4
 586 0423 08       		.uleb128 0x8
 587 0424 07010000 		.4byte	.LASF74
 588 0428 0B       		.byte	0xb
 589 0429 58       		.byte	0x58
 590 042a 19       		.byte	0x19
 591 042b 4A010000 		.4byte	0x14a
 592 042f 08       		.byte	0x8
 593 0430 00       		.byte	0
 594 0431 0C       		.uleb128 0xc
 595 0432 04       		.byte	0x4
 596 0433 F0030000 		.4byte	0x3f0
 597 0437 03       		.uleb128 0x3
 598 0438 00000000 		.4byte	.LASF75
 599 043c 0B       		.byte	0xb
 600 043d 5F       		.byte	0x5f
 601 043e 1E       		.byte	0x1e
 602 043f 43040000 		.4byte	0x443
 603 0443 06       		.uleb128 0x6
 604 0444 4A070000 		.4byte	.LASF76
 605 0448 0C       		.byte	0xc
 606 0449 0B       		.byte	0xb
 607 044a 64       		.byte	0x64
 608 044b 08       		.byte	0x8
 609 044c 78040000 		.4byte	0x478
 610 0450 08       		.uleb128 0x8
 611 0451 3A0B0000 		.4byte	.LASF68
 612 0455 0B       		.byte	0xb
 613 0456 65       		.byte	0x65
 614 0457 1A       		.byte	0x1a
 615 0458 78040000 		.4byte	0x478
 616 045c 00       		.byte	0
 617 045d 08       		.uleb128 0x8
 618 045e 3F0B0000 		.4byte	.LASF71
 619 0462 0B       		.byte	0xb
 620 0463 66       		.byte	0x66
 621 0464 1A       		.byte	0x1a
 622 0465 78040000 		.4byte	0x478
 623 0469 04       		.byte	0x4
 624 046a 08       		.uleb128 0x8
 625 046b 4E080000 		.4byte	.LASF77
 626 046f 0B       		.byte	0xb
 627 0470 67       		.byte	0x67
ARM GAS  C:\Users\angio\AppData\Local\Temp\cc9v9wKb.s 			page 12


 628 0471 19       		.byte	0x19
 629 0472 7D030000 		.4byte	0x37d
 630 0476 08       		.byte	0x8
 631 0477 00       		.byte	0
 632 0478 0C       		.uleb128 0xc
 633 0479 04       		.byte	0x4
 634 047a 37040000 		.4byte	0x437
 635 047e 0E       		.uleb128 0xe
 636 047f 10       		.byte	0x10
 637 0480 0C       		.byte	0xc
 638 0481 8701     		.2byte	0x187
 639 0483 09       		.byte	0x9
 640 0484 C1040000 		.4byte	0x4c1
 641 0488 09       		.uleb128 0x9
 642 0489 43435200 		.ascii	"CCR\000"
 643 048d 0C       		.byte	0xc
 644 048e 8901     		.2byte	0x189
 645 0490 11       		.byte	0x11
 646 0491 EC000000 		.4byte	0xec
 647 0495 00       		.byte	0
 648 0496 0A       		.uleb128 0xa
 649 0497 D3000000 		.4byte	.LASF78
 650 049b 0C       		.byte	0xc
 651 049c 8A01     		.2byte	0x18a
 652 049e 11       		.byte	0x11
 653 049f EC000000 		.4byte	0xec
 654 04a3 04       		.byte	0x4
 655 04a4 0A       		.uleb128 0xa
 656 04a5 DD020000 		.4byte	.LASF79
 657 04a9 0C       		.byte	0xc
 658 04aa 8B01     		.2byte	0x18b
 659 04ac 11       		.byte	0x11
 660 04ad EC000000 		.4byte	0xec
 661 04b1 08       		.byte	0x8
 662 04b2 0A       		.uleb128 0xa
 663 04b3 38070000 		.4byte	.LASF80
 664 04b7 0C       		.byte	0xc
 665 04b8 8C01     		.2byte	0x18c
 666 04ba 11       		.byte	0x11
 667 04bb EC000000 		.4byte	0xec
 668 04bf 0C       		.byte	0xc
 669 04c0 00       		.byte	0
 670 04c1 0F       		.uleb128 0xf
 671 04c2 E2070000 		.4byte	.LASF81
 672 04c6 0C       		.byte	0xc
 673 04c7 8D01     		.2byte	0x18d
 674 04c9 03       		.byte	0x3
 675 04ca 7E040000 		.4byte	0x47e
 676 04ce 0E       		.uleb128 0xe
 677 04cf 08       		.byte	0x8
 678 04d0 0C       		.byte	0xc
 679 04d1 8F01     		.2byte	0x18f
 680 04d3 09       		.byte	0x9
 681 04d4 F5040000 		.4byte	0x4f5
 682 04d8 09       		.uleb128 0x9
 683 04d9 49535200 		.ascii	"ISR\000"
 684 04dd 0C       		.byte	0xc
ARM GAS  C:\Users\angio\AppData\Local\Temp\cc9v9wKb.s 			page 13


 685 04de 9101     		.2byte	0x191
 686 04e0 11       		.byte	0x11
 687 04e1 EC000000 		.4byte	0xec
 688 04e5 00       		.byte	0
 689 04e6 0A       		.uleb128 0xa
 690 04e7 1F040000 		.4byte	.LASF82
 691 04eb 0C       		.byte	0xc
 692 04ec 9201     		.2byte	0x192
 693 04ee 11       		.byte	0x11
 694 04ef EC000000 		.4byte	0xec
 695 04f3 04       		.byte	0x4
 696 04f4 00       		.byte	0
 697 04f5 0F       		.uleb128 0xf
 698 04f6 A2030000 		.4byte	.LASF83
 699 04fa 0C       		.byte	0xc
 700 04fb 9301     		.2byte	0x193
 701 04fd 03       		.byte	0x3
 702 04fe CE040000 		.4byte	0x4ce
 703 0502 0E       		.uleb128 0xe
 704 0503 04       		.byte	0x4
 705 0504 0C       		.byte	0xc
 706 0505 9901     		.2byte	0x199
 707 0507 09       		.byte	0x9
 708 0508 1B050000 		.4byte	0x51b
 709 050c 09       		.uleb128 0x9
 710 050d 43435200 		.ascii	"CCR\000"
 711 0511 0C       		.byte	0xc
 712 0512 9B01     		.2byte	0x19b
 713 0514 13       		.byte	0x13
 714 0515 EC000000 		.4byte	0xec
 715 0519 00       		.byte	0
 716 051a 00       		.byte	0
 717 051b 0F       		.uleb128 0xf
 718 051c 0B020000 		.4byte	.LASF84
 719 0520 0C       		.byte	0xc
 720 0521 9C01     		.2byte	0x19c
 721 0523 02       		.byte	0x2
 722 0524 02050000 		.4byte	0x502
 723 0528 0E       		.uleb128 0xe
 724 0529 A0       		.byte	0xa0
 725 052a 0C       		.byte	0xc
 726 052b 9902     		.2byte	0x299
 727 052d 09       		.byte	0x9
 728 052e 62070000 		.4byte	0x762
 729 0532 09       		.uleb128 0x9
 730 0533 435200   		.ascii	"CR\000"
 731 0536 0C       		.byte	0xc
 732 0537 9B02     		.2byte	0x29b
 733 0539 11       		.byte	0x11
 734 053a EC000000 		.4byte	0xec
 735 053e 00       		.byte	0
 736 053f 0A       		.uleb128 0xa
 737 0540 AC000000 		.4byte	.LASF85
 738 0544 0C       		.byte	0xc
 739 0545 9C02     		.2byte	0x29c
 740 0547 11       		.byte	0x11
 741 0548 EC000000 		.4byte	0xec
ARM GAS  C:\Users\angio\AppData\Local\Temp\cc9v9wKb.s 			page 14


 742 054c 04       		.byte	0x4
 743 054d 0A       		.uleb128 0xa
 744 054e 19050000 		.4byte	.LASF86
 745 0552 0C       		.byte	0xc
 746 0553 9D02     		.2byte	0x29d
 747 0555 11       		.byte	0x11
 748 0556 EC000000 		.4byte	0xec
 749 055a 08       		.byte	0x8
 750 055b 0A       		.uleb128 0xa
 751 055c 1A060000 		.4byte	.LASF87
 752 0560 0C       		.byte	0xc
 753 0561 9E02     		.2byte	0x29e
 754 0563 11       		.byte	0x11
 755 0564 EC000000 		.4byte	0xec
 756 0568 0C       		.byte	0xc
 757 0569 0A       		.uleb128 0xa
 758 056a 3A030000 		.4byte	.LASF88
 759 056e 0C       		.byte	0xc
 760 056f 9F02     		.2byte	0x29f
 761 0571 11       		.byte	0x11
 762 0572 E0000000 		.4byte	0xe0
 763 0576 10       		.byte	0x10
 764 0577 0A       		.uleb128 0xa
 765 0578 44030000 		.4byte	.LASF89
 766 057c 0C       		.byte	0xc
 767 057d A002     		.2byte	0x2a0
 768 057f 11       		.byte	0x11
 769 0580 E0000000 		.4byte	0xe0
 770 0584 14       		.byte	0x14
 771 0585 0A       		.uleb128 0xa
 772 0586 C50A0000 		.4byte	.LASF90
 773 058a 0C       		.byte	0xc
 774 058b A102     		.2byte	0x2a1
 775 058d 11       		.byte	0x11
 776 058e EC000000 		.4byte	0xec
 777 0592 18       		.byte	0x18
 778 0593 0A       		.uleb128 0xa
 779 0594 170B0000 		.4byte	.LASF91
 780 0598 0C       		.byte	0xc
 781 0599 A202     		.2byte	0x2a2
 782 059b 11       		.byte	0x11
 783 059c EC000000 		.4byte	0xec
 784 05a0 1C       		.byte	0x1c
 785 05a1 0A       		.uleb128 0xa
 786 05a2 0D0A0000 		.4byte	.LASF92
 787 05a6 0C       		.byte	0xc
 788 05a7 A302     		.2byte	0x2a3
 789 05a9 11       		.byte	0x11
 790 05aa EC000000 		.4byte	0xec
 791 05ae 20       		.byte	0x20
 792 05af 0A       		.uleb128 0xa
 793 05b0 DA030000 		.4byte	.LASF93
 794 05b4 0C       		.byte	0xc
 795 05b5 A402     		.2byte	0x2a4
 796 05b7 11       		.byte	0x11
 797 05b8 E0000000 		.4byte	0xe0
 798 05bc 24       		.byte	0x24
ARM GAS  C:\Users\angio\AppData\Local\Temp\cc9v9wKb.s 			page 15


 799 05bd 0A       		.uleb128 0xa
 800 05be 24040000 		.4byte	.LASF94
 801 05c2 0C       		.byte	0xc
 802 05c3 A502     		.2byte	0x2a5
 803 05c5 11       		.byte	0x11
 804 05c6 EC000000 		.4byte	0xec
 805 05ca 28       		.byte	0x28
 806 05cb 0A       		.uleb128 0xa
 807 05cc F4080000 		.4byte	.LASF95
 808 05d0 0C       		.byte	0xc
 809 05d1 A602     		.2byte	0x2a6
 810 05d3 11       		.byte	0x11
 811 05d4 EC000000 		.4byte	0xec
 812 05d8 2C       		.byte	0x2c
 813 05d9 0A       		.uleb128 0xa
 814 05da 67070000 		.4byte	.LASF96
 815 05de 0C       		.byte	0xc
 816 05df A702     		.2byte	0x2a7
 817 05e1 11       		.byte	0x11
 818 05e2 EC000000 		.4byte	0xec
 819 05e6 30       		.byte	0x30
 820 05e7 0A       		.uleb128 0xa
 821 05e8 5C030000 		.4byte	.LASF97
 822 05ec 0C       		.byte	0xc
 823 05ed A802     		.2byte	0x2a8
 824 05ef 11       		.byte	0x11
 825 05f0 E0000000 		.4byte	0xe0
 826 05f4 34       		.byte	0x34
 827 05f5 0A       		.uleb128 0xa
 828 05f6 94040000 		.4byte	.LASF98
 829 05fa 0C       		.byte	0xc
 830 05fb A902     		.2byte	0x2a9
 831 05fd 11       		.byte	0x11
 832 05fe EC000000 		.4byte	0xec
 833 0602 38       		.byte	0x38
 834 0603 0A       		.uleb128 0xa
 835 0604 9E040000 		.4byte	.LASF99
 836 0608 0C       		.byte	0xc
 837 0609 AA02     		.2byte	0x2aa
 838 060b 11       		.byte	0x11
 839 060c EC000000 		.4byte	0xec
 840 0610 3C       		.byte	0x3c
 841 0611 0A       		.uleb128 0xa
 842 0612 A3060000 		.4byte	.LASF100
 843 0616 0C       		.byte	0xc
 844 0617 AB02     		.2byte	0x2ab
 845 0619 11       		.byte	0x11
 846 061a EC000000 		.4byte	0xec
 847 061e 40       		.byte	0x40
 848 061f 0A       		.uleb128 0xa
 849 0620 66030000 		.4byte	.LASF101
 850 0624 0C       		.byte	0xc
 851 0625 AC02     		.2byte	0x2ac
 852 0627 11       		.byte	0x11
 853 0628 E0000000 		.4byte	0xe0
 854 062c 44       		.byte	0x44
 855 062d 0A       		.uleb128 0xa
ARM GAS  C:\Users\angio\AppData\Local\Temp\cc9v9wKb.s 			page 16


 856 062e DD080000 		.4byte	.LASF102
 857 0632 0C       		.byte	0xc
 858 0633 AD02     		.2byte	0x2ad
 859 0635 11       		.byte	0x11
 860 0636 EC000000 		.4byte	0xec
 861 063a 48       		.byte	0x48
 862 063b 0A       		.uleb128 0xa
 863 063c 42040000 		.4byte	.LASF103
 864 0640 0C       		.byte	0xc
 865 0641 AE02     		.2byte	0x2ae
 866 0643 11       		.byte	0x11
 867 0644 EC000000 		.4byte	0xec
 868 0648 4C       		.byte	0x4c
 869 0649 0A       		.uleb128 0xa
 870 064a EC080000 		.4byte	.LASF104
 871 064e 0C       		.byte	0xc
 872 064f AF02     		.2byte	0x2af
 873 0651 11       		.byte	0x11
 874 0652 EC000000 		.4byte	0xec
 875 0656 50       		.byte	0x50
 876 0657 0A       		.uleb128 0xa
 877 0658 70030000 		.4byte	.LASF105
 878 065c 0C       		.byte	0xc
 879 065d B002     		.2byte	0x2b0
 880 065f 11       		.byte	0x11
 881 0660 E0000000 		.4byte	0xe0
 882 0664 54       		.byte	0x54
 883 0665 0A       		.uleb128 0xa
 884 0666 38000000 		.4byte	.LASF106
 885 066a 0C       		.byte	0xc
 886 066b B102     		.2byte	0x2b1
 887 066d 11       		.byte	0x11
 888 066e EC000000 		.4byte	0xec
 889 0672 58       		.byte	0x58
 890 0673 0A       		.uleb128 0xa
 891 0674 41000000 		.4byte	.LASF107
 892 0678 0C       		.byte	0xc
 893 0679 B202     		.2byte	0x2b2
 894 067b 11       		.byte	0x11
 895 067c EC000000 		.4byte	0xec
 896 0680 5C       		.byte	0x5c
 897 0681 0A       		.uleb128 0xa
 898 0682 C3020000 		.4byte	.LASF108
 899 0686 0C       		.byte	0xc
 900 0687 B302     		.2byte	0x2b3
 901 0689 11       		.byte	0x11
 902 068a EC000000 		.4byte	0xec
 903 068e 60       		.byte	0x60
 904 068f 0A       		.uleb128 0xa
 905 0690 7A030000 		.4byte	.LASF109
 906 0694 0C       		.byte	0xc
 907 0695 B402     		.2byte	0x2b4
 908 0697 11       		.byte	0x11
 909 0698 E0000000 		.4byte	0xe0
 910 069c 64       		.byte	0x64
 911 069d 0A       		.uleb128 0xa
 912 069e 9E0A0000 		.4byte	.LASF110
ARM GAS  C:\Users\angio\AppData\Local\Temp\cc9v9wKb.s 			page 17


 913 06a2 0C       		.byte	0xc
 914 06a3 B502     		.2byte	0x2b5
 915 06a5 11       		.byte	0x11
 916 06a6 EC000000 		.4byte	0xec
 917 06aa 68       		.byte	0x68
 918 06ab 0A       		.uleb128 0xa
 919 06ac B1060000 		.4byte	.LASF111
 920 06b0 0C       		.byte	0xc
 921 06b1 B602     		.2byte	0x2b6
 922 06b3 11       		.byte	0x11
 923 06b4 EC000000 		.4byte	0xec
 924 06b8 6C       		.byte	0x6c
 925 06b9 0A       		.uleb128 0xa
 926 06ba 22020000 		.4byte	.LASF112
 927 06be 0C       		.byte	0xc
 928 06bf B702     		.2byte	0x2b7
 929 06c1 11       		.byte	0x11
 930 06c2 EC000000 		.4byte	0xec
 931 06c6 70       		.byte	0x70
 932 06c7 0A       		.uleb128 0xa
 933 06c8 84030000 		.4byte	.LASF113
 934 06cc 0C       		.byte	0xc
 935 06cd B802     		.2byte	0x2b8
 936 06cf 11       		.byte	0x11
 937 06d0 E0000000 		.4byte	0xe0
 938 06d4 74       		.byte	0x74
 939 06d5 0A       		.uleb128 0xa
 940 06d6 240A0000 		.4byte	.LASF114
 941 06da 0C       		.byte	0xc
 942 06db B902     		.2byte	0x2b9
 943 06dd 11       		.byte	0x11
 944 06de EC000000 		.4byte	0xec
 945 06e2 78       		.byte	0x78
 946 06e3 0A       		.uleb128 0xa
 947 06e4 2F0A0000 		.4byte	.LASF115
 948 06e8 0C       		.byte	0xc
 949 06e9 BA02     		.2byte	0x2ba
 950 06eb 11       		.byte	0x11
 951 06ec EC000000 		.4byte	0xec
 952 06f0 7C       		.byte	0x7c
 953 06f1 0A       		.uleb128 0xa
 954 06f2 FD0A0000 		.4byte	.LASF116
 955 06f6 0C       		.byte	0xc
 956 06f7 BB02     		.2byte	0x2bb
 957 06f9 11       		.byte	0x11
 958 06fa EC000000 		.4byte	0xec
 959 06fe 80       		.byte	0x80
 960 06ff 0A       		.uleb128 0xa
 961 0700 8E030000 		.4byte	.LASF117
 962 0704 0C       		.byte	0xc
 963 0705 BC02     		.2byte	0x2bc
 964 0707 11       		.byte	0x11
 965 0708 E0000000 		.4byte	0xe0
 966 070c 84       		.byte	0x84
 967 070d 0A       		.uleb128 0xa
 968 070e 48050000 		.4byte	.LASF118
 969 0712 0C       		.byte	0xc
ARM GAS  C:\Users\angio\AppData\Local\Temp\cc9v9wKb.s 			page 18


 970 0713 BD02     		.2byte	0x2bd
 971 0715 11       		.byte	0x11
 972 0716 EC000000 		.4byte	0xec
 973 071a 88       		.byte	0x88
 974 071b 0A       		.uleb128 0xa
 975 071c 98030000 		.4byte	.LASF119
 976 0720 0C       		.byte	0xc
 977 0721 BE02     		.2byte	0x2be
 978 0723 11       		.byte	0x11
 979 0724 E0000000 		.4byte	0xe0
 980 0728 8C       		.byte	0x8c
 981 0729 0A       		.uleb128 0xa
 982 072a A8040000 		.4byte	.LASF120
 983 072e 0C       		.byte	0xc
 984 072f BF02     		.2byte	0x2bf
 985 0731 11       		.byte	0x11
 986 0732 EC000000 		.4byte	0xec
 987 0736 90       		.byte	0x90
 988 0737 09       		.uleb128 0x9
 989 0738 43535200 		.ascii	"CSR\000"
 990 073c 0C       		.byte	0xc
 991 073d C002     		.2byte	0x2c0
 992 073f 11       		.byte	0x11
 993 0740 EC000000 		.4byte	0xec
 994 0744 94       		.byte	0x94
 995 0745 0A       		.uleb128 0xa
 996 0746 E8040000 		.4byte	.LASF121
 997 074a 0C       		.byte	0xc
 998 074b C102     		.2byte	0x2c1
 999 074d 11       		.byte	0x11
 1000 074e EC000000 		.4byte	0xec
 1001 0752 98       		.byte	0x98
 1002 0753 0A       		.uleb128 0xa
 1003 0754 7B000000 		.4byte	.LASF122
 1004 0758 0C       		.byte	0xc
 1005 0759 C202     		.2byte	0x2c2
 1006 075b 11       		.byte	0x11
 1007 075c EC000000 		.4byte	0xec
 1008 0760 9C       		.byte	0x9c
 1009 0761 00       		.byte	0
 1010 0762 0F       		.uleb128 0xf
 1011 0763 19090000 		.4byte	.LASF123
 1012 0767 0C       		.byte	0xc
 1013 0768 C302     		.2byte	0x2c3
 1014 076a 03       		.byte	0x3
 1015 076b 28050000 		.4byte	0x528
 1016 076f 0E       		.uleb128 0xe
 1017 0770 24       		.byte	0x24
 1018 0771 0C       		.byte	0xc
 1019 0772 3E03     		.2byte	0x33e
 1020 0774 09       		.byte	0x9
 1021 0775 F6070000 		.4byte	0x7f6
 1022 0779 09       		.uleb128 0x9
 1023 077a 43523100 		.ascii	"CR1\000"
 1024 077e 0C       		.byte	0xc
 1025 077f 4003     		.2byte	0x340
 1026 0781 11       		.byte	0x11
ARM GAS  C:\Users\angio\AppData\Local\Temp\cc9v9wKb.s 			page 19


 1027 0782 EC000000 		.4byte	0xec
 1028 0786 00       		.byte	0
 1029 0787 09       		.uleb128 0x9
 1030 0788 43523200 		.ascii	"CR2\000"
 1031 078c 0C       		.byte	0xc
 1032 078d 4103     		.2byte	0x341
 1033 078f 11       		.byte	0x11
 1034 0790 EC000000 		.4byte	0xec
 1035 0794 04       		.byte	0x4
 1036 0795 09       		.uleb128 0x9
 1037 0796 535200   		.ascii	"SR\000"
 1038 0799 0C       		.byte	0xc
 1039 079a 4203     		.2byte	0x342
 1040 079c 11       		.byte	0x11
 1041 079d EC000000 		.4byte	0xec
 1042 07a1 08       		.byte	0x8
 1043 07a2 09       		.uleb128 0x9
 1044 07a3 445200   		.ascii	"DR\000"
 1045 07a6 0C       		.byte	0xc
 1046 07a7 4303     		.2byte	0x343
 1047 07a9 11       		.byte	0x11
 1048 07aa EC000000 		.4byte	0xec
 1049 07ae 0C       		.byte	0xc
 1050 07af 0A       		.uleb128 0xa
 1051 07b0 D7080000 		.4byte	.LASF124
 1052 07b4 0C       		.byte	0xc
 1053 07b5 4403     		.2byte	0x344
 1054 07b7 11       		.byte	0x11
 1055 07b8 EC000000 		.4byte	0xec
 1056 07bc 10       		.byte	0x10
 1057 07bd 0A       		.uleb128 0xa
 1058 07be D1060000 		.4byte	.LASF125
 1059 07c2 0C       		.byte	0xc
 1060 07c3 4503     		.2byte	0x345
 1061 07c5 11       		.byte	0x11
 1062 07c6 EC000000 		.4byte	0xec
 1063 07ca 14       		.byte	0x14
 1064 07cb 0A       		.uleb128 0xa
 1065 07cc B6080000 		.4byte	.LASF126
 1066 07d0 0C       		.byte	0xc
 1067 07d1 4603     		.2byte	0x346
 1068 07d3 11       		.byte	0x11
 1069 07d4 EC000000 		.4byte	0xec
 1070 07d8 18       		.byte	0x18
 1071 07d9 0A       		.uleb128 0xa
 1072 07da 34010000 		.4byte	.LASF127
 1073 07de 0C       		.byte	0xc
 1074 07df 4703     		.2byte	0x347
 1075 07e1 11       		.byte	0x11
 1076 07e2 EC000000 		.4byte	0xec
 1077 07e6 1C       		.byte	0x1c
 1078 07e7 0A       		.uleb128 0xa
 1079 07e8 8F0A0000 		.4byte	.LASF128
 1080 07ec 0C       		.byte	0xc
 1081 07ed 4803     		.2byte	0x348
 1082 07ef 11       		.byte	0x11
 1083 07f0 EC000000 		.4byte	0xec
ARM GAS  C:\Users\angio\AppData\Local\Temp\cc9v9wKb.s 			page 20


 1084 07f4 20       		.byte	0x20
 1085 07f5 00       		.byte	0
 1086 07f6 0F       		.uleb128 0xf
 1087 07f7 BD080000 		.4byte	.LASF129
 1088 07fb 0C       		.byte	0xc
 1089 07fc 4903     		.2byte	0x349
 1090 07fe 03       		.byte	0x3
 1091 07ff 6F070000 		.4byte	0x76f
 1092 0803 0B       		.uleb128 0xb
 1093 0804 6A040000 		.4byte	.LASF130
 1094 0808 20       		.byte	0x20
 1095 0809 0D       		.byte	0xd
 1096 080a 9301     		.2byte	0x193
 1097 080c 08       		.byte	0x8
 1098 080d 7D080000 		.4byte	0x87d
 1099 0811 09       		.uleb128 0x9
 1100 0812 723000   		.ascii	"r0\000"
 1101 0815 0D       		.byte	0xd
 1102 0816 9401     		.2byte	0x194
 1103 0818 19       		.byte	0x19
 1104 0819 E0000000 		.4byte	0xe0
 1105 081d 00       		.byte	0
 1106 081e 09       		.uleb128 0x9
 1107 081f 723100   		.ascii	"r1\000"
 1108 0822 0D       		.byte	0xd
 1109 0823 9501     		.2byte	0x195
 1110 0825 19       		.byte	0x19
 1111 0826 E0000000 		.4byte	0xe0
 1112 082a 04       		.byte	0x4
 1113 082b 09       		.uleb128 0x9
 1114 082c 723200   		.ascii	"r2\000"
 1115 082f 0D       		.byte	0xd
 1116 0830 9601     		.2byte	0x196
 1117 0832 19       		.byte	0x19
 1118 0833 E0000000 		.4byte	0xe0
 1119 0837 08       		.byte	0x8
 1120 0838 09       		.uleb128 0x9
 1121 0839 723300   		.ascii	"r3\000"
 1122 083c 0D       		.byte	0xd
 1123 083d 9701     		.2byte	0x197
 1124 083f 19       		.byte	0x19
 1125 0840 E0000000 		.4byte	0xe0
 1126 0844 0C       		.byte	0xc
 1127 0845 09       		.uleb128 0x9
 1128 0846 72313200 		.ascii	"r12\000"
 1129 084a 0D       		.byte	0xd
 1130 084b 9801     		.2byte	0x198
 1131 084d 19       		.byte	0x19
 1132 084e E0000000 		.4byte	0xe0
 1133 0852 10       		.byte	0x10
 1134 0853 0A       		.uleb128 0xa
 1135 0854 C2050000 		.4byte	.LASF131
 1136 0858 0D       		.byte	0xd
 1137 0859 9901     		.2byte	0x199
 1138 085b 19       		.byte	0x19
 1139 085c E0000000 		.4byte	0xe0
 1140 0860 14       		.byte	0x14
ARM GAS  C:\Users\angio\AppData\Local\Temp\cc9v9wKb.s 			page 21


 1141 0861 09       		.uleb128 0x9
 1142 0862 706300   		.ascii	"pc\000"
 1143 0865 0D       		.byte	0xd
 1144 0866 9A01     		.2byte	0x19a
 1145 0868 19       		.byte	0x19
 1146 0869 E0000000 		.4byte	0xe0
 1147 086d 18       		.byte	0x18
 1148 086e 0A       		.uleb128 0xa
 1149 086f 43050000 		.4byte	.LASF132
 1150 0873 0D       		.byte	0xd
 1151 0874 9B01     		.2byte	0x19b
 1152 0876 19       		.byte	0x19
 1153 0877 E0000000 		.4byte	0xe0
 1154 087b 1C       		.byte	0x1c
 1155 087c 00       		.byte	0
 1156 087d 0B       		.uleb128 0xb
 1157 087e AF070000 		.4byte	.LASF133
 1158 0882 28       		.byte	0x28
 1159 0883 0D       		.byte	0xd
 1160 0884 B701     		.2byte	0x1b7
 1161 0886 08       		.byte	0x8
 1162 0887 12090000 		.4byte	0x912
 1163 088b 0A       		.uleb128 0xa
 1164 088c A80A0000 		.4byte	.LASF134
 1165 0890 0D       		.byte	0xd
 1166 0891 B801     		.2byte	0x1b8
 1167 0893 19       		.byte	0x19
 1168 0894 E0000000 		.4byte	0xe0
 1169 0898 00       		.byte	0
 1170 0899 09       		.uleb128 0x9
 1171 089a 723400   		.ascii	"r4\000"
 1172 089d 0D       		.byte	0xd
 1173 089e B901     		.2byte	0x1b9
 1174 08a0 19       		.byte	0x19
 1175 08a1 E0000000 		.4byte	0xe0
 1176 08a5 04       		.byte	0x4
 1177 08a6 09       		.uleb128 0x9
 1178 08a7 723500   		.ascii	"r5\000"
 1179 08aa 0D       		.byte	0xd
 1180 08ab BA01     		.2byte	0x1ba
 1181 08ad 19       		.byte	0x19
 1182 08ae E0000000 		.4byte	0xe0
 1183 08b2 08       		.byte	0x8
 1184 08b3 09       		.uleb128 0x9
 1185 08b4 723600   		.ascii	"r6\000"
 1186 08b7 0D       		.byte	0xd
 1187 08b8 BB01     		.2byte	0x1bb
 1188 08ba 19       		.byte	0x19
 1189 08bb E0000000 		.4byte	0xe0
 1190 08bf 0C       		.byte	0xc
 1191 08c0 09       		.uleb128 0x9
 1192 08c1 723700   		.ascii	"r7\000"
 1193 08c4 0D       		.byte	0xd
 1194 08c5 BC01     		.2byte	0x1bc
 1195 08c7 19       		.byte	0x19
 1196 08c8 E0000000 		.4byte	0xe0
 1197 08cc 10       		.byte	0x10
ARM GAS  C:\Users\angio\AppData\Local\Temp\cc9v9wKb.s 			page 22


 1198 08cd 09       		.uleb128 0x9
 1199 08ce 723800   		.ascii	"r8\000"
 1200 08d1 0D       		.byte	0xd
 1201 08d2 BD01     		.2byte	0x1bd
 1202 08d4 19       		.byte	0x19
 1203 08d5 E0000000 		.4byte	0xe0
 1204 08d9 14       		.byte	0x14
 1205 08da 09       		.uleb128 0x9
 1206 08db 723900   		.ascii	"r9\000"
 1207 08de 0D       		.byte	0xd
 1208 08df BE01     		.2byte	0x1be
 1209 08e1 19       		.byte	0x19
 1210 08e2 E0000000 		.4byte	0xe0
 1211 08e6 18       		.byte	0x18
 1212 08e7 09       		.uleb128 0x9
 1213 08e8 72313000 		.ascii	"r10\000"
 1214 08ec 0D       		.byte	0xd
 1215 08ed BF01     		.2byte	0x1bf
 1216 08ef 19       		.byte	0x19
 1217 08f0 E0000000 		.4byte	0xe0
 1218 08f4 1C       		.byte	0x1c
 1219 08f5 09       		.uleb128 0x9
 1220 08f6 72313100 		.ascii	"r11\000"
 1221 08fa 0D       		.byte	0xd
 1222 08fb C001     		.2byte	0x1c0
 1223 08fd 19       		.byte	0x19
 1224 08fe E0000000 		.4byte	0xe0
 1225 0902 20       		.byte	0x20
 1226 0903 0A       		.uleb128 0xa
 1227 0904 E5090000 		.4byte	.LASF135
 1228 0908 0D       		.byte	0xd
 1229 0909 C401     		.2byte	0x1c4
 1230 090b 19       		.byte	0x19
 1231 090c E0000000 		.4byte	0xe0
 1232 0910 24       		.byte	0x24
 1233 0911 00       		.byte	0
 1234 0912 0B       		.uleb128 0xb
 1235 0913 620A0000 		.4byte	.LASF136
 1236 0917 2C       		.byte	0x2c
 1237 0918 0D       		.byte	0xd
 1238 0919 DF01     		.2byte	0x1df
 1239 091b 08       		.byte	0x8
 1240 091c 3C090000 		.4byte	0x93c
 1241 0920 09       		.uleb128 0x9
 1242 0921 737000   		.ascii	"sp\000"
 1243 0924 0D       		.byte	0xd
 1244 0925 E001     		.2byte	0x1e0
 1245 0927 1A       		.byte	0x1a
 1246 0928 3C090000 		.4byte	0x93c
 1247 092c 00       		.byte	0
 1248 092d 0A       		.uleb128 0xa
 1249 092e AA080000 		.4byte	.LASF137
 1250 0932 0D       		.byte	0xd
 1251 0933 E101     		.2byte	0x1e1
 1252 0935 19       		.byte	0x19
 1253 0936 7D080000 		.4byte	0x87d
 1254 093a 04       		.byte	0x4
ARM GAS  C:\Users\angio\AppData\Local\Temp\cc9v9wKb.s 			page 23


 1255 093b 00       		.byte	0
 1256 093c 0C       		.uleb128 0xc
 1257 093d 04       		.byte	0x4
 1258 093e 03080000 		.4byte	0x803
 1259 0942 0C       		.uleb128 0xc
 1260 0943 04       		.byte	0x4
 1261 0944 1A010000 		.4byte	0x11a
 1262 0948 10       		.uleb128 0x10
 1263 0949 04       		.byte	0x4
 1264 094a 06       		.uleb128 0x6
 1265 094b 6F0A0000 		.4byte	.LASF138
 1266 094f 18       		.byte	0x18
 1267 0950 07       		.byte	0x7
 1268 0951 64       		.byte	0x64
 1269 0952 10       		.byte	0x10
 1270 0953 7F090000 		.4byte	0x97f
 1271 0957 08       		.uleb128 0x8
 1272 0958 58070000 		.4byte	.LASF139
 1273 095c 07       		.byte	0x7
 1274 095d 68       		.byte	0x68
 1275 095e 21       		.byte	0x21
 1276 095f 37040000 		.4byte	0x437
 1277 0963 00       		.byte	0
 1278 0964 08       		.uleb128 0x8
 1279 0965 BA040000 		.4byte	.LASF140
 1280 0969 07       		.byte	0x7
 1281 096a 73       		.byte	0x73
 1282 096b 21       		.byte	0x21
 1283 096c 71030000 		.4byte	0x371
 1284 0970 0C       		.byte	0xc
 1285 0971 08       		.uleb128 0x8
 1286 0972 D3020000 		.4byte	.LASF141
 1287 0976 07       		.byte	0x7
 1288 0977 79       		.byte	0x79
 1289 0978 21       		.byte	0x21
 1290 0979 FD000000 		.4byte	0xfd
 1291 097d 10       		.byte	0x10
 1292 097e 00       		.byte	0
 1293 097f 03       		.uleb128 0x3
 1294 0980 A7050000 		.4byte	.LASF142
 1295 0984 07       		.byte	0x7
 1296 0985 7B       		.byte	0x7b
 1297 0986 03       		.byte	0x3
 1298 0987 4A090000 		.4byte	0x94a
 1299 098b 06       		.uleb128 0x6
 1300 098c FB000000 		.4byte	.LASF143
 1301 0990 08       		.byte	0x8
 1302 0991 07       		.byte	0x7
 1303 0992 80       		.byte	0x80
 1304 0993 10       		.byte	0x10
 1305 0994 A6090000 		.4byte	0x9a6
 1306 0998 08       		.uleb128 0x8
 1307 0999 76080000 		.4byte	.LASF144
 1308 099d 07       		.byte	0x7
 1309 099e 84       		.byte	0x84
 1310 099f 21       		.byte	0x21
 1311 09a0 B6030000 		.4byte	0x3b6
ARM GAS  C:\Users\angio\AppData\Local\Temp\cc9v9wKb.s 			page 24


 1312 09a4 00       		.byte	0
 1313 09a5 00       		.byte	0
 1314 09a6 03       		.uleb128 0x3
 1315 09a7 89000000 		.4byte	.LASF145
 1316 09ab 07       		.byte	0x7
 1317 09ac 85       		.byte	0x85
 1318 09ad 03       		.byte	0x3
 1319 09ae 8B090000 		.4byte	0x98b
 1320 09b2 03       		.uleb128 0x3
 1321 09b3 94070000 		.4byte	.LASF146
 1322 09b7 07       		.byte	0x7
 1323 09b8 8A       		.byte	0x8a
 1324 09b9 14       		.byte	0x14
 1325 09ba BE090000 		.4byte	0x9be
 1326 09be 0C       		.uleb128 0xc
 1327 09bf 04       		.byte	0x4
 1328 09c0 86010000 		.4byte	0x186
 1329 09c4 11       		.uleb128 0x11
 1330 09c5 0C       		.byte	0xc
 1331 09c6 07       		.byte	0x7
 1332 09c7 A0       		.byte	0xa0
 1333 09c8 03       		.byte	0x3
 1334 09c9 F2090000 		.4byte	0x9f2
 1335 09cd 12       		.uleb128 0x12
 1336 09ce 45070000 		.4byte	.LASF147
 1337 09d2 07       		.byte	0x7
 1338 09d3 A4       		.byte	0xa4
 1339 09d4 21       		.byte	0x21
 1340 09d5 89030000 		.4byte	0x389
 1341 09d9 12       		.uleb128 0x12
 1342 09da 76080000 		.4byte	.LASF144
 1343 09de 07       		.byte	0x7
 1344 09df A8       		.byte	0xa8
 1345 09e0 21       		.byte	0x21
 1346 09e1 B6030000 		.4byte	0x3b6
 1347 09e5 12       		.uleb128 0x12
 1348 09e6 E5080000 		.4byte	.LASF148
 1349 09ea 07       		.byte	0x7
 1350 09eb AC       		.byte	0xac
 1351 09ec 21       		.byte	0x21
 1352 09ed F0030000 		.4byte	0x3f0
 1353 09f1 00       		.byte	0
 1354 09f2 11       		.uleb128 0x11
 1355 09f3 04       		.byte	0x4
 1356 09f4 07       		.byte	0x7
 1357 09f5 EB       		.byte	0xeb
 1358 09f6 03       		.byte	0x3
 1359 09f7 620A0000 		.4byte	0xa62
 1360 09fb 12       		.uleb128 0x12
 1361 09fc CA0A0000 		.4byte	.LASF149
 1362 0a00 07       		.byte	0x7
 1363 0a01 F2       		.byte	0xf2
 1364 0a02 21       		.byte	0x21
 1365 0a03 56010000 		.4byte	0x156
 1366 0a07 12       		.uleb128 0x12
 1367 0a08 2B010000 		.4byte	.LASF150
 1368 0a0c 07       		.byte	0x7
ARM GAS  C:\Users\angio\AppData\Local\Temp\cc9v9wKb.s 			page 25


 1369 0a0d F9       		.byte	0xf9
 1370 0a0e 21       		.byte	0x21
 1371 0a0f 56010000 		.4byte	0x156
 1372 0a13 13       		.uleb128 0x13
 1373 0a14 4A040000 		.4byte	.LASF151
 1374 0a18 07       		.byte	0x7
 1375 0a19 0001     		.2byte	0x100
 1376 0a1b 22       		.byte	0x22
 1377 0a1c 48090000 		.4byte	0x948
 1378 0a20 13       		.uleb128 0x13
 1379 0a21 21030000 		.4byte	.LASF152
 1380 0a25 07       		.byte	0x7
 1381 0a26 0701     		.2byte	0x107
 1382 0a28 22       		.byte	0x22
 1383 0a29 620A0000 		.4byte	0xa62
 1384 0a2d 13       		.uleb128 0x13
 1385 0a2e A7070000 		.4byte	.LASF153
 1386 0a32 07       		.byte	0x7
 1387 0a33 0C01     		.2byte	0x10c
 1388 0a35 21       		.byte	0x21
 1389 0a36 56010000 		.4byte	0x156
 1390 0a3a 13       		.uleb128 0x13
 1391 0a3b 27000000 		.4byte	.LASF154
 1392 0a3f 07       		.byte	0x7
 1393 0a40 1501     		.2byte	0x115
 1394 0a42 22       		.byte	0x22
 1395 0a43 900A0000 		.4byte	0xa90
 1396 0a47 13       		.uleb128 0x13
 1397 0a48 E1040000 		.4byte	.LASF155
 1398 0a4c 07       		.byte	0x7
 1399 0a4d 1E01     		.2byte	0x11e
 1400 0a4f 22       		.byte	0x22
 1401 0a50 CB0A0000 		.4byte	0xacb
 1402 0a54 13       		.uleb128 0x13
 1403 0a55 EE020000 		.4byte	.LASF156
 1404 0a59 07       		.byte	0x7
 1405 0a5a 2601     		.2byte	0x126
 1406 0a5c 21       		.byte	0x21
 1407 0a5d 62010000 		.4byte	0x162
 1408 0a61 00       		.byte	0
 1409 0a62 0C       		.uleb128 0xc
 1410 0a63 04       		.byte	0x4
 1411 0a64 B2090000 		.4byte	0x9b2
 1412 0a68 06       		.uleb128 0x6
 1413 0a69 82050000 		.4byte	.LASF157
 1414 0a6d 0C       		.byte	0xc
 1415 0a6e 0E       		.byte	0xe
 1416 0a6f 34       		.byte	0x34
 1417 0a70 10       		.byte	0x10
 1418 0a71 900A0000 		.4byte	0xa90
 1419 0a75 08       		.uleb128 0x8
 1420 0a76 76080000 		.4byte	.LASF144
 1421 0a7a 0E       		.byte	0xe
 1422 0a7b 35       		.byte	0x35
 1423 0a7c 19       		.byte	0x19
 1424 0a7d B6030000 		.4byte	0x3b6
 1425 0a81 00       		.byte	0
ARM GAS  C:\Users\angio\AppData\Local\Temp\cc9v9wKb.s 			page 26


 1426 0a82 07       		.uleb128 0x7
 1427 0a83 636E7400 		.ascii	"cnt\000"
 1428 0a87 0E       		.byte	0xe
 1429 0a88 37       		.byte	0x37
 1430 0a89 19       		.byte	0x19
 1431 0a8a 6E010000 		.4byte	0x16e
 1432 0a8e 08       		.byte	0x8
 1433 0a8f 00       		.byte	0
 1434 0a90 0C       		.uleb128 0xc
 1435 0a91 04       		.byte	0x4
 1436 0a92 680A0000 		.4byte	0xa68
 1437 0a96 06       		.uleb128 0x6
 1438 0a97 C7090000 		.4byte	.LASF158
 1439 0a9b 10       		.byte	0x10
 1440 0a9c 0F       		.byte	0xf
 1441 0a9d 39       		.byte	0x39
 1442 0a9e 08       		.byte	0x8
 1443 0a9f CB0A0000 		.4byte	0xacb
 1444 0aa3 08       		.uleb128 0x8
 1445 0aa4 76080000 		.4byte	.LASF144
 1446 0aa8 0F       		.byte	0xf
 1447 0aa9 3A       		.byte	0x3a
 1448 0aaa 19       		.byte	0x19
 1449 0aab B6030000 		.4byte	0x3b6
 1450 0aaf 00       		.byte	0
 1451 0ab0 08       		.uleb128 0x8
 1452 0ab1 4A000000 		.4byte	.LASF34
 1453 0ab5 0F       		.byte	0xf
 1454 0ab6 3C       		.byte	0x3c
 1455 0ab7 1A       		.byte	0x1a
 1456 0ab8 BE090000 		.4byte	0x9be
 1457 0abc 08       		.byte	0x8
 1458 0abd 08       		.uleb128 0x8
 1459 0abe 3A0B0000 		.4byte	.LASF68
 1460 0ac2 0F       		.byte	0xf
 1461 0ac3 3E       		.byte	0x3e
 1462 0ac4 1A       		.byte	0x1a
 1463 0ac5 880B0000 		.4byte	0xb88
 1464 0ac9 0C       		.byte	0xc
 1465 0aca 00       		.byte	0
 1466 0acb 0C       		.uleb128 0xc
 1467 0acc 04       		.byte	0x4
 1468 0acd 960A0000 		.4byte	0xa96
 1469 0ad1 0C       		.uleb128 0xc
 1470 0ad2 04       		.byte	0x4
 1471 0ad3 75020000 		.4byte	0x275
 1472 0ad7 0B       		.uleb128 0xb
 1473 0ad8 260B0000 		.4byte	.LASF159
 1474 0adc 10       		.byte	0x10
 1475 0add 07       		.byte	0x7
 1476 0ade 5C01     		.2byte	0x15c
 1477 0ae0 10       		.byte	0x10
 1478 0ae1 020B0000 		.4byte	0xb02
 1479 0ae5 0A       		.uleb128 0xa
 1480 0ae6 E5080000 		.4byte	.LASF148
 1481 0aea 07       		.byte	0x7
 1482 0aeb 6101     		.2byte	0x161
ARM GAS  C:\Users\angio\AppData\Local\Temp\cc9v9wKb.s 			page 27


 1483 0aed 21       		.byte	0x21
 1484 0aee F0030000 		.4byte	0x3f0
 1485 0af2 00       		.byte	0
 1486 0af3 0A       		.uleb128 0xa
 1487 0af4 3D070000 		.4byte	.LASF160
 1488 0af8 07       		.byte	0x7
 1489 0af9 6501     		.2byte	0x165
 1490 0afb 22       		.byte	0x22
 1491 0afc BE090000 		.4byte	0x9be
 1492 0b00 0C       		.byte	0xc
 1493 0b01 00       		.byte	0
 1494 0b02 0F       		.uleb128 0xf
 1495 0b03 DC050000 		.4byte	.LASF161
 1496 0b07 07       		.byte	0x7
 1497 0b08 6601     		.2byte	0x166
 1498 0b0a 03       		.byte	0x3
 1499 0b0b D70A0000 		.4byte	0xad7
 1500 0b0f 0B       		.uleb128 0xb
 1501 0b10 2E090000 		.4byte	.LASF162
 1502 0b14 14       		.byte	0x14
 1503 0b15 07       		.byte	0x7
 1504 0b16 6B01     		.2byte	0x16b
 1505 0b18 10       		.byte	0x10
 1506 0b19 640B0000 		.4byte	0xb64
 1507 0b1d 0A       		.uleb128 0xa
 1508 0b1e FD080000 		.4byte	.LASF35
 1509 0b22 07       		.byte	0x7
 1510 0b23 6F01     		.2byte	0x16f
 1511 0b25 22       		.byte	0x22
 1512 0b26 4E030000 		.4byte	0x34e
 1513 0b2a 00       		.byte	0
 1514 0b2b 0A       		.uleb128 0xa
 1515 0b2c 38080000 		.4byte	.LASF163
 1516 0b30 07       		.byte	0x7
 1517 0b31 7501     		.2byte	0x175
 1518 0b33 22       		.byte	0x22
 1519 0b34 42090000 		.4byte	0x942
 1520 0b38 04       		.byte	0x4
 1521 0b39 0A       		.uleb128 0xa
 1522 0b3a 85040000 		.4byte	.LASF164
 1523 0b3e 07       		.byte	0x7
 1524 0b3f 7901     		.2byte	0x179
 1525 0b41 22       		.byte	0x22
 1526 0b42 42090000 		.4byte	0x942
 1527 0b46 08       		.byte	0x8
 1528 0b47 0A       		.uleb128 0xa
 1529 0b48 070B0000 		.4byte	.LASF165
 1530 0b4c 07       		.byte	0x7
 1531 0b4d 7F01     		.2byte	0x17f
 1532 0b4f 22       		.byte	0x22
 1533 0b50 42090000 		.4byte	0x942
 1534 0b54 0C       		.byte	0xc
 1535 0b55 0A       		.uleb128 0xa
 1536 0b56 79070000 		.4byte	.LASF166
 1537 0b5a 07       		.byte	0x7
 1538 0b5b 8301     		.2byte	0x183
 1539 0b5d 22       		.byte	0x22
ARM GAS  C:\Users\angio\AppData\Local\Temp\cc9v9wKb.s 			page 28


 1540 0b5e 42090000 		.4byte	0x942
 1541 0b62 10       		.byte	0x10
 1542 0b63 00       		.byte	0
 1543 0b64 0F       		.uleb128 0xf
 1544 0b65 8E090000 		.4byte	.LASF167
 1545 0b69 07       		.byte	0x7
 1546 0b6a 8501     		.2byte	0x185
 1547 0b6c 03       		.byte	0x3
 1548 0b6d 0F0B0000 		.4byte	0xb0f
 1549 0b71 0D       		.uleb128 0xd
 1550 0b72 640B0000 		.4byte	0xb64
 1551 0b76 0C       		.uleb128 0xc
 1552 0b77 04       		.byte	0x4
 1553 0b78 710B0000 		.4byte	0xb71
 1554 0b7c 03       		.uleb128 0x3
 1555 0b7d 520A0000 		.4byte	.LASF168
 1556 0b81 0F       		.byte	0xf
 1557 0b82 34       		.byte	0x34
 1558 0b83 19       		.byte	0x19
 1559 0b84 960A0000 		.4byte	0xa96
 1560 0b88 0C       		.uleb128 0xc
 1561 0b89 04       		.byte	0x4
 1562 0b8a 7C0B0000 		.4byte	0xb7c
 1563 0b8e 04       		.uleb128 0x4
 1564 0b8f 01       		.byte	0x1
 1565 0b90 02       		.byte	0x2
 1566 0b91 D4030000 		.4byte	.LASF169
 1567 0b95 0F       		.uleb128 0xf
 1568 0b96 F6070000 		.4byte	.LASF170
 1569 0b9a 10       		.byte	0x10
 1570 0b9b 4301     		.2byte	0x143
 1571 0b9d 10       		.byte	0x10
 1572 0b9e A20B0000 		.4byte	0xba2
 1573 0ba2 0C       		.uleb128 0xc
 1574 0ba3 04       		.byte	0x4
 1575 0ba4 A80B0000 		.4byte	0xba8
 1576 0ba8 14       		.uleb128 0x14
 1577 0ba9 B80B0000 		.4byte	0xbb8
 1578 0bad 15       		.uleb128 0x15
 1579 0bae 48090000 		.4byte	0x948
 1580 0bb2 15       		.uleb128 0x15
 1581 0bb3 E0000000 		.4byte	0xe0
 1582 0bb7 00       		.byte	0
 1583 0bb8 0E       		.uleb128 0xe
 1584 0bb9 14       		.byte	0x14
 1585 0bba 10       		.byte	0x10
 1586 0bbb 4801     		.2byte	0x148
 1587 0bbd 09       		.byte	0x9
 1588 0bbe 250C0000 		.4byte	0xc25
 1589 0bc2 09       		.uleb128 0x9
 1590 0bc3 646D6100 		.ascii	"dma\000"
 1591 0bc7 10       		.byte	0x10
 1592 0bc8 4901     		.2byte	0x149
 1593 0bca 1A       		.byte	0x1a
 1594 0bcb 250C0000 		.4byte	0xc25
 1595 0bcf 00       		.byte	0
 1596 0bd0 0A       		.uleb128 0xa
ARM GAS  C:\Users\angio\AppData\Local\Temp\cc9v9wKb.s 			page 29


 1597 0bd1 95050000 		.4byte	.LASF171
 1598 0bd5 10       		.byte	0x10
 1599 0bd6 4A01     		.2byte	0x14a
 1600 0bd8 1A       		.byte	0x1a
 1601 0bd9 2B0C0000 		.4byte	0xc2b
 1602 0bdd 04       		.byte	0x4
 1603 0bde 0A       		.uleb128 0xa
 1604 0bdf DC070000 		.4byte	.LASF172
 1605 0be3 10       		.byte	0x10
 1606 0be4 4B01     		.2byte	0x14b
 1607 0be6 19       		.byte	0x19
 1608 0be7 E0000000 		.4byte	0xe0
 1609 0beb 08       		.byte	0x8
 1610 0bec 09       		.uleb128 0x9
 1611 0bed 6D757800 		.ascii	"mux\000"
 1612 0bf1 10       		.byte	0x10
 1613 0bf2 5001     		.2byte	0x150
 1614 0bf4 1B       		.byte	0x1b
 1615 0bf5 310C0000 		.4byte	0xc31
 1616 0bf9 0C       		.byte	0xc
 1617 0bfa 0A       		.uleb128 0xa
 1618 0bfb 8F050000 		.4byte	.LASF173
 1619 0bff 10       		.byte	0x10
 1620 0c00 5401     		.2byte	0x154
 1621 0c02 19       		.byte	0x19
 1622 0c03 B2000000 		.4byte	0xb2
 1623 0c07 10       		.byte	0x10
 1624 0c08 0A       		.uleb128 0xa
 1625 0c09 F8060000 		.4byte	.LASF174
 1626 0c0d 10       		.byte	0x10
 1627 0c0e 5601     		.2byte	0x156
 1628 0c10 19       		.byte	0x19
 1629 0c11 B2000000 		.4byte	0xb2
 1630 0c15 11       		.byte	0x11
 1631 0c16 0A       		.uleb128 0xa
 1632 0c17 83080000 		.4byte	.LASF175
 1633 0c1b 10       		.byte	0x10
 1634 0c1c 5701     		.2byte	0x157
 1635 0c1e 19       		.byte	0x19
 1636 0c1f B2000000 		.4byte	0xb2
 1637 0c23 12       		.byte	0x12
 1638 0c24 00       		.byte	0
 1639 0c25 0C       		.uleb128 0xc
 1640 0c26 04       		.byte	0x4
 1641 0c27 F5040000 		.4byte	0x4f5
 1642 0c2b 0C       		.uleb128 0xc
 1643 0c2c 04       		.byte	0x4
 1644 0c2d C1040000 		.4byte	0x4c1
 1645 0c31 0C       		.uleb128 0xc
 1646 0c32 04       		.byte	0x4
 1647 0c33 1B050000 		.4byte	0x51b
 1648 0c37 0F       		.uleb128 0xf
 1649 0c38 C9050000 		.4byte	.LASF176
 1650 0c3c 10       		.byte	0x10
 1651 0c3d 5801     		.2byte	0x158
 1652 0c3f 03       		.byte	0x3
 1653 0c40 B80B0000 		.4byte	0xbb8
ARM GAS  C:\Users\angio\AppData\Local\Temp\cc9v9wKb.s 			page 30


 1654 0c44 0D       		.uleb128 0xd
 1655 0c45 370C0000 		.4byte	0xc37
 1656 0c49 16       		.uleb128 0x16
 1657 0c4a 04       		.byte	0x4
 1658 0c4b 11       		.byte	0x11
 1659 0c4c 5B       		.byte	0x5b
 1660 0c4d 05       		.byte	0x5
 1661 0c4e 6D0C0000 		.4byte	0xc6d
 1662 0c52 07       		.uleb128 0x7
 1663 0c53 73657400 		.ascii	"set\000"
 1664 0c57 11       		.byte	0x11
 1665 0c58 5C       		.byte	0x5c
 1666 0c59 19       		.byte	0x19
 1667 0c5a C3000000 		.4byte	0xc3
 1668 0c5e 00       		.byte	0
 1669 0c5f 08       		.uleb128 0x8
 1670 0c60 13050000 		.4byte	.LASF177
 1671 0c64 11       		.byte	0x11
 1672 0c65 5D       		.byte	0x5d
 1673 0c66 19       		.byte	0x19
 1674 0c67 C3000000 		.4byte	0xc3
 1675 0c6b 02       		.byte	0x2
 1676 0c6c 00       		.byte	0
 1677 0c6d 11       		.uleb128 0x11
 1678 0c6e 04       		.byte	0x4
 1679 0c6f 11       		.byte	0x11
 1680 0c70 59       		.byte	0x59
 1681 0c71 0C       		.byte	0xc
 1682 0c72 8B0C0000 		.4byte	0xc8b
 1683 0c76 17       		.uleb128 0x17
 1684 0c77 5700     		.ascii	"W\000"
 1685 0c79 11       		.byte	0x11
 1686 0c7a 5A       		.byte	0x5a
 1687 0c7b 19       		.byte	0x19
 1688 0c7c E0000000 		.4byte	0xe0
 1689 0c80 17       		.uleb128 0x17
 1690 0c81 4800     		.ascii	"H\000"
 1691 0c83 11       		.byte	0x11
 1692 0c84 5E       		.byte	0x5e
 1693 0c85 07       		.byte	0x7
 1694 0c86 490C0000 		.4byte	0xc49
 1695 0c8a 00       		.byte	0
 1696 0c8b 05       		.uleb128 0x5
 1697 0c8c 6D0C0000 		.4byte	0xc6d
 1698 0c90 16       		.uleb128 0x16
 1699 0c91 28       		.byte	0x28
 1700 0c92 11       		.byte	0x11
 1701 0c93 51       		.byte	0x51
 1702 0c94 09       		.byte	0x9
 1703 0c95 1C0D0000 		.4byte	0xd1c
 1704 0c99 08       		.uleb128 0x8
 1705 0c9a ED060000 		.4byte	.LASF178
 1706 0c9e 11       		.byte	0x11
 1707 0c9f 53       		.byte	0x53
 1708 0ca0 19       		.byte	0x19
 1709 0ca1 EC000000 		.4byte	0xec
 1710 0ca5 00       		.byte	0
ARM GAS  C:\Users\angio\AppData\Local\Temp\cc9v9wKb.s 			page 31


 1711 0ca6 08       		.uleb128 0x8
 1712 0ca7 AF080000 		.4byte	.LASF179
 1713 0cab 11       		.byte	0x11
 1714 0cac 54       		.byte	0x54
 1715 0cad 19       		.byte	0x19
 1716 0cae EC000000 		.4byte	0xec
 1717 0cb2 04       		.byte	0x4
 1718 0cb3 08       		.uleb128 0x8
 1719 0cb4 12060000 		.4byte	.LASF180
 1720 0cb8 11       		.byte	0x11
 1721 0cb9 55       		.byte	0x55
 1722 0cba 19       		.byte	0x19
 1723 0cbb EC000000 		.4byte	0xec
 1724 0cbf 08       		.byte	0x8
 1725 0cc0 08       		.uleb128 0x8
 1726 0cc1 67060000 		.4byte	.LASF181
 1727 0cc5 11       		.byte	0x11
 1728 0cc6 56       		.byte	0x56
 1729 0cc7 19       		.byte	0x19
 1730 0cc8 EC000000 		.4byte	0xec
 1731 0ccc 0C       		.byte	0xc
 1732 0ccd 07       		.uleb128 0x7
 1733 0cce 49445200 		.ascii	"IDR\000"
 1734 0cd2 11       		.byte	0x11
 1735 0cd3 57       		.byte	0x57
 1736 0cd4 19       		.byte	0x19
 1737 0cd5 EC000000 		.4byte	0xec
 1738 0cd9 10       		.byte	0x10
 1739 0cda 07       		.uleb128 0x7
 1740 0cdb 4F445200 		.ascii	"ODR\000"
 1741 0cdf 11       		.byte	0x11
 1742 0ce0 58       		.byte	0x58
 1743 0ce1 19       		.byte	0x19
 1744 0ce2 EC000000 		.4byte	0xec
 1745 0ce6 14       		.byte	0x14
 1746 0ce7 08       		.uleb128 0x8
 1747 0ce8 1F0A0000 		.4byte	.LASF182
 1748 0cec 11       		.byte	0x11
 1749 0ced 5F       		.byte	0x5f
 1750 0cee 05       		.byte	0x5
 1751 0cef 8B0C0000 		.4byte	0xc8b
 1752 0cf3 18       		.byte	0x18
 1753 0cf4 08       		.uleb128 0x8
 1754 0cf5 32080000 		.4byte	.LASF183
 1755 0cf9 11       		.byte	0x11
 1756 0cfa 60       		.byte	0x60
 1757 0cfb 19       		.byte	0x19
 1758 0cfc EC000000 		.4byte	0xec
 1759 0d00 1C       		.byte	0x1c
 1760 0d01 08       		.uleb128 0x8
 1761 0d02 F3060000 		.4byte	.LASF184
 1762 0d06 11       		.byte	0x11
 1763 0d07 61       		.byte	0x61
 1764 0d08 19       		.byte	0x19
 1765 0d09 EC000000 		.4byte	0xec
 1766 0d0d 20       		.byte	0x20
 1767 0d0e 08       		.uleb128 0x8
ARM GAS  C:\Users\angio\AppData\Local\Temp\cc9v9wKb.s 			page 32


 1768 0d0f 6C080000 		.4byte	.LASF185
 1769 0d13 11       		.byte	0x11
 1770 0d14 62       		.byte	0x62
 1771 0d15 19       		.byte	0x19
 1772 0d16 EC000000 		.4byte	0xec
 1773 0d1a 24       		.byte	0x24
 1774 0d1b 00       		.byte	0
 1775 0d1c 03       		.uleb128 0x3
 1776 0d1d 05080000 		.4byte	.LASF186
 1777 0d21 11       		.byte	0x11
 1778 0d22 63       		.byte	0x63
 1779 0d23 03       		.byte	0x3
 1780 0d24 900C0000 		.4byte	0xc90
 1781 0d28 03       		.uleb128 0x3
 1782 0d29 6C020000 		.4byte	.LASF187
 1783 0d2d 12       		.byte	0x12
 1784 0d2e D9       		.byte	0xd9
 1785 0d2f 18       		.byte	0x18
 1786 0d30 340D0000 		.4byte	0xd34
 1787 0d34 0C       		.uleb128 0xc
 1788 0d35 04       		.byte	0x4
 1789 0d36 1C0D0000 		.4byte	0xd1c
 1790 0d3a 0C       		.uleb128 0xc
 1791 0d3b 04       		.byte	0x4
 1792 0d3c 440C0000 		.4byte	0xc44
 1793 0d40 18       		.uleb128 0x18
 1794 0d41 07       		.byte	0x7
 1795 0d42 01       		.byte	0x1
 1796 0d43 58000000 		.4byte	0x58
 1797 0d47 13       		.byte	0x13
 1798 0d48 76       		.byte	0x76
 1799 0d49 0E       		.byte	0xe
 1800 0d4a 6D0D0000 		.4byte	0xd6d
 1801 0d4e 19       		.uleb128 0x19
 1802 0d4f 35020000 		.4byte	.LASF188
 1803 0d53 00       		.byte	0
 1804 0d54 19       		.uleb128 0x19
 1805 0d55 25090000 		.4byte	.LASF189
 1806 0d59 01       		.byte	0x1
 1807 0d5a 19       		.uleb128 0x19
 1808 0d5b 41060000 		.4byte	.LASF190
 1809 0d5f 02       		.byte	0x2
 1810 0d60 19       		.uleb128 0x19
 1811 0d61 19070000 		.4byte	.LASF191
 1812 0d65 03       		.byte	0x3
 1813 0d66 19       		.uleb128 0x19
 1814 0d67 B80A0000 		.4byte	.LASF192
 1815 0d6b 04       		.byte	0x4
 1816 0d6c 00       		.byte	0
 1817 0d6d 03       		.uleb128 0x3
 1818 0d6e F20A0000 		.4byte	.LASF193
 1819 0d72 13       		.byte	0x13
 1820 0d73 7C       		.byte	0x7c
 1821 0d74 03       		.byte	0x3
 1822 0d75 400D0000 		.4byte	0xd40
 1823 0d79 03       		.uleb128 0x3
 1824 0d7a 2D040000 		.4byte	.LASF194
ARM GAS  C:\Users\angio\AppData\Local\Temp\cc9v9wKb.s 			page 33


 1825 0d7e 13       		.byte	0x13
 1826 0d7f 81       		.byte	0x81
 1827 0d80 1F       		.byte	0x1f
 1828 0d81 850D0000 		.4byte	0xd85
 1829 0d85 06       		.uleb128 0x6
 1830 0d86 9D000000 		.4byte	.LASF195
 1831 0d8a 38       		.byte	0x38
 1832 0d8b 13       		.byte	0x13
 1833 0d8c D8       		.byte	0xd8
 1834 0d8d 08       		.byte	0x8
 1835 0d8e 220E0000 		.4byte	0xe22
 1836 0d92 08       		.uleb128 0x8
 1837 0d93 BF000000 		.4byte	.LASF37
 1838 0d97 13       		.byte	0x13
 1839 0d98 DC       		.byte	0xdc
 1840 0d99 1D       		.byte	0x1d
 1841 0d9a 6D0D0000 		.4byte	0xd6d
 1842 0d9e 00       		.byte	0
 1843 0d9f 08       		.uleb128 0x8
 1844 0da0 B8000000 		.4byte	.LASF54
 1845 0da4 13       		.byte	0x13
 1846 0da5 E0       		.byte	0xe0
 1847 0da6 1E       		.byte	0x1e
 1848 0da7 D90E0000 		.4byte	0xed9
 1849 0dab 04       		.byte	0x4
 1850 0dac 08       		.uleb128 0x8
 1851 0dad D10A0000 		.4byte	.LASF196
 1852 0db1 13       		.byte	0x13
 1853 0db2 E5       		.byte	0xe5
 1854 0db3 1D       		.byte	0x1d
 1855 0db4 B2090000 		.4byte	0x9b2
 1856 0db8 08       		.byte	0x8
 1857 0db9 08       		.uleb128 0x8
 1858 0dba BB060000 		.4byte	.LASF197
 1859 0dbe 13       		.byte	0x13
 1860 0dbf EB       		.byte	0xeb
 1861 0dc0 1D       		.byte	0x1d
 1862 0dc1 7C0B0000 		.4byte	0xb7c
 1863 0dc5 0C       		.byte	0xc
 1864 0dc6 07       		.uleb128 0x7
 1865 0dc7 73706900 		.ascii	"spi\000"
 1866 0dcb 13       		.byte	0x13
 1867 0dcc F1       		.byte	0xf1
 1868 0dcd 03       		.byte	0x3
 1869 0dce DF0E0000 		.4byte	0xedf
 1870 0dd2 1C       		.byte	0x1c
 1871 0dd3 08       		.uleb128 0x8
 1872 0dd4 28060000 		.4byte	.LASF198
 1873 0dd8 13       		.byte	0x13
 1874 0dd9 F1       		.byte	0xf1
 1875 0dda 03       		.byte	0x3
 1876 0ddb 3A0D0000 		.4byte	0xd3a
 1877 0ddf 20       		.byte	0x20
 1878 0de0 08       		.uleb128 0x8
 1879 0de1 E7060000 		.4byte	.LASF199
 1880 0de5 13       		.byte	0x13
 1881 0de6 F1       		.byte	0xf1
ARM GAS  C:\Users\angio\AppData\Local\Temp\cc9v9wKb.s 			page 34


 1882 0de7 03       		.byte	0x3
 1883 0de8 3A0D0000 		.4byte	0xd3a
 1884 0dec 24       		.byte	0x24
 1885 0ded 08       		.uleb128 0x8
 1886 0dee D8060000 		.4byte	.LASF200
 1887 0df2 13       		.byte	0x13
 1888 0df3 F1       		.byte	0xf1
 1889 0df4 03       		.byte	0x3
 1890 0df5 E0000000 		.4byte	0xe0
 1891 0df9 28       		.byte	0x28
 1892 0dfa 08       		.uleb128 0x8
 1893 0dfb 440B0000 		.4byte	.LASF201
 1894 0dff 13       		.byte	0x13
 1895 0e00 F1       		.byte	0xf1
 1896 0e01 03       		.byte	0x3
 1897 0e02 E0000000 		.4byte	0xe0
 1898 0e06 2C       		.byte	0x2c
 1899 0e07 08       		.uleb128 0x8
 1900 0e08 D0090000 		.4byte	.LASF202
 1901 0e0c 13       		.byte	0x13
 1902 0e0d F1       		.byte	0xf1
 1903 0e0e 03       		.byte	0x3
 1904 0e0f E0000000 		.4byte	0xe0
 1905 0e13 30       		.byte	0x30
 1906 0e14 08       		.uleb128 0x8
 1907 0e15 490A0000 		.4byte	.LASF203
 1908 0e19 13       		.byte	0x13
 1909 0e1a F1       		.byte	0xf1
 1910 0e1b 03       		.byte	0x3
 1911 0e1c E0000000 		.4byte	0xe0
 1912 0e20 34       		.byte	0x34
 1913 0e21 00       		.byte	0
 1914 0e22 03       		.uleb128 0x3
 1915 0e23 0F070000 		.4byte	.LASF204
 1916 0e27 13       		.byte	0x13
 1917 0e28 86       		.byte	0x86
 1918 0e29 1F       		.byte	0x1f
 1919 0e2a 330E0000 		.4byte	0xe33
 1920 0e2e 0D       		.uleb128 0xd
 1921 0e2f 220E0000 		.4byte	0xe22
 1922 0e33 06       		.uleb128 0x6
 1923 0e34 94060000 		.4byte	.LASF205
 1924 0e38 18       		.byte	0x18
 1925 0e39 13       		.byte	0x13
 1926 0e3a 9F       		.byte	0x9f
 1927 0e3b 08       		.byte	0x8
 1928 0e3c A90E0000 		.4byte	0xea9
 1929 0e40 08       		.uleb128 0x8
 1930 0e41 76040000 		.4byte	.LASF206
 1931 0e45 13       		.byte	0x13
 1932 0e46 A4       		.byte	0xa4
 1933 0e47 1D       		.byte	0x1d
 1934 0e48 8E0B0000 		.4byte	0xb8e
 1935 0e4c 00       		.byte	0
 1936 0e4d 08       		.uleb128 0x8
 1937 0e4e D9000000 		.4byte	.LASF207
 1938 0e52 13       		.byte	0x13
ARM GAS  C:\Users\angio\AppData\Local\Temp\cc9v9wKb.s 			page 35


 1939 0e53 AA       		.byte	0xaa
 1940 0e54 1D       		.byte	0x1d
 1941 0e55 8E0B0000 		.4byte	0xb8e
 1942 0e59 01       		.byte	0x1
 1943 0e5a 08       		.uleb128 0x8
 1944 0e5b B00A0000 		.4byte	.LASF208
 1945 0e5f 13       		.byte	0x13
 1946 0e60 AF       		.byte	0xaf
 1947 0e61 1D       		.byte	0x1d
 1948 0e62 A90E0000 		.4byte	0xea9
 1949 0e66 04       		.byte	0x4
 1950 0e67 08       		.uleb128 0x8
 1951 0e68 DF000000 		.4byte	.LASF209
 1952 0e6c 13       		.byte	0x13
 1953 0e6d B3       		.byte	0xb3
 1954 0e6e 1D       		.byte	0x1d
 1955 0e6f A90E0000 		.4byte	0xea9
 1956 0e73 08       		.byte	0x8
 1957 0e74 08       		.uleb128 0x8
 1958 0e75 82000000 		.4byte	.LASF210
 1959 0e79 13       		.byte	0x13
 1960 0e7a CA       		.byte	0xca
 1961 0e7b 1D       		.byte	0x1d
 1962 0e7c 280D0000 		.4byte	0xd28
 1963 0e80 0C       		.byte	0xc
 1964 0e81 08       		.uleb128 0x8
 1965 0e82 340B0000 		.4byte	.LASF211
 1966 0e86 13       		.byte	0x13
 1967 0e87 CF       		.byte	0xcf
 1968 0e88 1D       		.byte	0x1d
 1969 0e89 02010000 		.4byte	0x102
 1970 0e8d 10       		.byte	0x10
 1971 0e8e 07       		.uleb128 0x7
 1972 0e8f 63723100 		.ascii	"cr1\000"
 1973 0e93 13       		.byte	0x13
 1974 0e94 D2       		.byte	0xd2
 1975 0e95 03       		.byte	0x3
 1976 0e96 C3000000 		.4byte	0xc3
 1977 0e9a 14       		.byte	0x14
 1978 0e9b 07       		.uleb128 0x7
 1979 0e9c 63723200 		.ascii	"cr2\000"
 1980 0ea0 13       		.byte	0x13
 1981 0ea1 D2       		.byte	0xd2
 1982 0ea2 03       		.byte	0x3
 1983 0ea3 C3000000 		.4byte	0xc3
 1984 0ea7 16       		.byte	0x16
 1985 0ea8 00       		.byte	0
 1986 0ea9 03       		.uleb128 0x3
 1987 0eaa 64080000 		.4byte	.LASF212
 1988 0eae 13       		.byte	0x13
 1989 0eaf 8E       		.byte	0x8e
 1990 0eb0 10       		.byte	0x10
 1991 0eb1 B50E0000 		.4byte	0xeb5
 1992 0eb5 0C       		.uleb128 0xc
 1993 0eb6 04       		.byte	0x4
 1994 0eb7 BB0E0000 		.4byte	0xebb
 1995 0ebb 14       		.uleb128 0x14
ARM GAS  C:\Users\angio\AppData\Local\Temp\cc9v9wKb.s 			page 36


 1996 0ebc C60E0000 		.4byte	0xec6
 1997 0ec0 15       		.uleb128 0x15
 1998 0ec1 C60E0000 		.4byte	0xec6
 1999 0ec5 00       		.byte	0
 2000 0ec6 0C       		.uleb128 0xc
 2001 0ec7 04       		.byte	0x4
 2002 0ec8 790D0000 		.4byte	0xd79
 2003 0ecc 1A       		.uleb128 0x1a
 2004 0ecd C5000000 		.4byte	.LASF250
 2005 0ed1 18       		.byte	0x18
 2006 0ed2 0B02     		.2byte	0x20b
 2007 0ed4 12       		.byte	0x12
 2008 0ed5 790D0000 		.4byte	0xd79
 2009 0ed9 0C       		.uleb128 0xc
 2010 0eda 04       		.byte	0x4
 2011 0edb 2E0E0000 		.4byte	0xe2e
 2012 0edf 0C       		.uleb128 0xc
 2013 0ee0 04       		.byte	0x4
 2014 0ee1 F6070000 		.4byte	0x7f6
 2015 0ee5 1B       		.uleb128 0x1b
 2016 0ee6 CC0E0000 		.4byte	0xecc
 2017 0eea 14       		.byte	0x14
 2018 0eeb 57       		.byte	0x57
 2019 0eec 0B       		.byte	0xb
 2020 0eed 1C       		.uleb128 0x1c
 2021 0eee C9040000 		.4byte	.LASF217
 2022 0ef2 14       		.byte	0x14
 2023 0ef3 7B03     		.2byte	0x37b
 2024 0ef5 0A       		.byte	0xa
 2025 0ef6 C3000000 		.4byte	0xc3
 2026 0efa 3B0F0000 		.4byte	0xf3b
 2027 0efe 1D       		.uleb128 0x1d
 2028 0eff E2060000 		.4byte	.LASF213
 2029 0f03 14       		.byte	0x14
 2030 0f04 7B03     		.2byte	0x37b
 2031 0f06 2D       		.byte	0x2d
 2032 0f07 C60E0000 		.4byte	0xec6
 2033 0f0b 1D       		.uleb128 0x1d
 2034 0f0c 32070000 		.4byte	.LASF214
 2035 0f10 14       		.byte	0x14
 2036 0f11 7B03     		.2byte	0x37b
 2037 0f13 3C       		.byte	0x3c
 2038 0f14 C3000000 		.4byte	0xc3
 2039 0f18 1E       		.uleb128 0x1e
 2040 0f19 2B0F0000 		.4byte	0xf2b
 2041 0f1d 1F       		.uleb128 0x1f
 2042 0f1e BD050000 		.4byte	.LASF215
 2043 0f22 14       		.byte	0x14
 2044 0f23 8503     		.2byte	0x385
 2045 0f25 17       		.byte	0x17
 2046 0f26 3B0F0000 		.4byte	0xf3b
 2047 0f2a 00       		.byte	0
 2048 0f2b 20       		.uleb128 0x20
 2049 0f2c 1F       		.uleb128 0x1f
 2050 0f2d C3040000 		.4byte	.LASF216
 2051 0f31 14       		.byte	0x14
 2052 0f32 8D03     		.2byte	0x38d
ARM GAS  C:\Users\angio\AppData\Local\Temp\cc9v9wKb.s 			page 37


 2053 0f34 18       		.byte	0x18
 2054 0f35 410F0000 		.4byte	0xf41
 2055 0f39 00       		.byte	0
 2056 0f3a 00       		.byte	0
 2057 0f3b 0C       		.uleb128 0xc
 2058 0f3c 04       		.byte	0x4
 2059 0f3d BE000000 		.4byte	0xbe
 2060 0f41 0C       		.uleb128 0xc
 2061 0f42 04       		.byte	0x4
 2062 0f43 CF000000 		.4byte	0xcf
 2063 0f47 1C       		.uleb128 0x1c
 2064 0f48 FD040000 		.4byte	.LASF218
 2065 0f4c 14       		.byte	0x14
 2066 0f4d 5A03     		.2byte	0x35a
 2067 0f4f 07       		.byte	0x7
 2068 0f50 56010000 		.4byte	0x156
 2069 0f54 730F0000 		.4byte	0xf73
 2070 0f58 1D       		.uleb128 0x1d
 2071 0f59 E2060000 		.4byte	.LASF213
 2072 0f5d 14       		.byte	0x14
 2073 0f5e 5A03     		.2byte	0x35a
 2074 0f60 28       		.byte	0x28
 2075 0f61 C60E0000 		.4byte	0xec6
 2076 0f65 1D       		.uleb128 0x1d
 2077 0f66 B2000000 		.4byte	.LASF219
 2078 0f6a 14       		.byte	0x14
 2079 0f6b 5A03     		.2byte	0x35a
 2080 0f6d 36       		.byte	0x36
 2081 0f6e 730F0000 		.4byte	0xf73
 2082 0f72 00       		.byte	0
 2083 0f73 0C       		.uleb128 0xc
 2084 0f74 04       		.byte	0x4
 2085 0f75 24000000 		.4byte	0x24
 2086 0f79 1C       		.uleb128 0x1c
 2087 0f7a C1060000 		.4byte	.LASF220
 2088 0f7e 14       		.byte	0x14
 2089 0f7f 3E03     		.2byte	0x33e
 2090 0f81 07       		.byte	0x7
 2091 0f82 56010000 		.4byte	0x156
 2092 0f86 B90F0000 		.4byte	0xfb9
 2093 0f8a 1D       		.uleb128 0x1d
 2094 0f8b E2060000 		.4byte	.LASF213
 2095 0f8f 14       		.byte	0x14
 2096 0f90 3E03     		.2byte	0x33e
 2097 0f92 22       		.byte	0x22
 2098 0f93 C60E0000 		.4byte	0xec6
 2099 0f97 21       		.uleb128 0x21
 2100 0f98 6E00     		.ascii	"n\000"
 2101 0f9a 14       		.byte	0x14
 2102 0f9b 3E03     		.2byte	0x33e
 2103 0f9d 2F       		.byte	0x2f
 2104 0f9e 24000000 		.4byte	0x24
 2105 0fa2 1D       		.uleb128 0x1d
 2106 0fa3 22060000 		.4byte	.LASF221
 2107 0fa7 14       		.byte	0x14
 2108 0fa8 3E03     		.2byte	0x33e
 2109 0faa 38       		.byte	0x38
ARM GAS  C:\Users\angio\AppData\Local\Temp\cc9v9wKb.s 			page 38


 2110 0fab 48090000 		.4byte	0x948
 2111 0faf 22       		.uleb128 0x22
 2112 0fb0 94000000 		.4byte	.LASF224
 2113 0fb4 C90F0000 		.4byte	0xfc9
 2114 0fb8 00       		.byte	0
 2115 0fb9 23       		.uleb128 0x23
 2116 0fba 60030000 		.4byte	0x360
 2117 0fbe C90F0000 		.4byte	0xfc9
 2118 0fc2 24       		.uleb128 0x24
 2119 0fc3 30000000 		.4byte	0x30
 2120 0fc7 0F       		.byte	0xf
 2121 0fc8 00       		.byte	0
 2122 0fc9 0D       		.uleb128 0xd
 2123 0fca B90F0000 		.4byte	0xfb9
 2124 0fce 1C       		.uleb128 0x1c
 2125 0fcf B8030000 		.4byte	.LASF222
 2126 0fd3 14       		.byte	0x14
 2127 0fd4 1E03     		.2byte	0x31e
 2128 0fd6 07       		.byte	0x7
 2129 0fd7 56010000 		.4byte	0x156
 2130 0fdb 0E100000 		.4byte	0x100e
 2131 0fdf 1D       		.uleb128 0x1d
 2132 0fe0 E2060000 		.4byte	.LASF213
 2133 0fe4 14       		.byte	0x14
 2134 0fe5 1E03     		.2byte	0x31e
 2135 0fe7 1F       		.byte	0x1f
 2136 0fe8 C60E0000 		.4byte	0xec6
 2137 0fec 21       		.uleb128 0x21
 2138 0fed 6E00     		.ascii	"n\000"
 2139 0fef 14       		.byte	0x14
 2140 0ff0 1E03     		.2byte	0x31e
 2141 0ff2 2C       		.byte	0x2c
 2142 0ff3 24000000 		.4byte	0x24
 2143 0ff7 1D       		.uleb128 0x1d
 2144 0ff8 93020000 		.4byte	.LASF223
 2145 0ffc 14       		.byte	0x14
 2146 0ffd 1E03     		.2byte	0x31e
 2147 0fff 3B       		.byte	0x3b
 2148 1000 0E100000 		.4byte	0x100e
 2149 1004 22       		.uleb128 0x22
 2150 1005 94000000 		.4byte	.LASF224
 2151 1009 25100000 		.4byte	0x1025
 2152 100d 00       		.byte	0
 2153 100e 0C       		.uleb128 0xc
 2154 100f 04       		.byte	0x4
 2155 1010 14100000 		.4byte	0x1014
 2156 1014 25       		.uleb128 0x25
 2157 1015 23       		.uleb128 0x23
 2158 1016 60030000 		.4byte	0x360
 2159 101a 25100000 		.4byte	0x1025
 2160 101e 24       		.uleb128 0x24
 2161 101f 30000000 		.4byte	0x30
 2162 1023 0C       		.byte	0xc
 2163 1024 00       		.byte	0
 2164 1025 0D       		.uleb128 0xd
 2165 1026 15100000 		.4byte	0x1015
 2166 102a 1C       		.uleb128 0x1c
ARM GAS  C:\Users\angio\AppData\Local\Temp\cc9v9wKb.s 			page 39


 2167 102b F2050000 		.4byte	.LASF225
 2168 102f 14       		.byte	0x14
 2169 1030 FD02     		.2byte	0x2fd
 2170 1032 07       		.byte	0x7
 2171 1033 56010000 		.4byte	0x156
 2172 1037 77100000 		.4byte	0x1077
 2173 103b 1D       		.uleb128 0x1d
 2174 103c E2060000 		.4byte	.LASF213
 2175 1040 14       		.byte	0x14
 2176 1041 FD02     		.2byte	0x2fd
 2177 1043 23       		.byte	0x23
 2178 1044 C60E0000 		.4byte	0xec6
 2179 1048 21       		.uleb128 0x21
 2180 1049 6E00     		.ascii	"n\000"
 2181 104b 14       		.byte	0x14
 2182 104c FD02     		.2byte	0x2fd
 2183 104e 30       		.byte	0x30
 2184 104f 24000000 		.4byte	0x24
 2185 1053 1D       		.uleb128 0x1d
 2186 1054 93020000 		.4byte	.LASF223
 2187 1058 14       		.byte	0x14
 2188 1059 FE02     		.2byte	0x2fe
 2189 105b 24       		.byte	0x24
 2190 105c 0E100000 		.4byte	0x100e
 2191 1060 1D       		.uleb128 0x1d
 2192 1061 22060000 		.4byte	.LASF221
 2193 1065 14       		.byte	0x14
 2194 1066 FE02     		.2byte	0x2fe
 2195 1068 31       		.byte	0x31
 2196 1069 48090000 		.4byte	0x948
 2197 106d 22       		.uleb128 0x22
 2198 106e 94000000 		.4byte	.LASF224
 2199 1072 87100000 		.4byte	0x1087
 2200 1076 00       		.byte	0
 2201 1077 23       		.uleb128 0x23
 2202 1078 60030000 		.4byte	0x360
 2203 107c 87100000 		.4byte	0x1087
 2204 1080 24       		.uleb128 0x24
 2205 1081 30000000 		.4byte	0x30
 2206 1085 10       		.byte	0x10
 2207 1086 00       		.byte	0
 2208 1087 0D       		.uleb128 0xd
 2209 1088 77100000 		.4byte	0x1077
 2210 108c 1C       		.uleb128 0x1c
 2211 108d 4C020000 		.4byte	.LASF226
 2212 1091 14       		.byte	0x14
 2213 1092 DB02     		.2byte	0x2db
 2214 1094 07       		.byte	0x7
 2215 1095 56010000 		.4byte	0x156
 2216 1099 BF100000 		.4byte	0x10bf
 2217 109d 1D       		.uleb128 0x1d
 2218 109e E2060000 		.4byte	.LASF213
 2219 10a2 14       		.byte	0x14
 2220 10a3 DB02     		.2byte	0x2db
 2221 10a5 21       		.byte	0x21
 2222 10a6 C60E0000 		.4byte	0xec6
 2223 10aa 21       		.uleb128 0x21
ARM GAS  C:\Users\angio\AppData\Local\Temp\cc9v9wKb.s 			page 40


 2224 10ab 6E00     		.ascii	"n\000"
 2225 10ad 14       		.byte	0x14
 2226 10ae DB02     		.2byte	0x2db
 2227 10b0 2E       		.byte	0x2e
 2228 10b1 24000000 		.4byte	0x24
 2229 10b5 22       		.uleb128 0x22
 2230 10b6 94000000 		.4byte	.LASF224
 2231 10ba CF100000 		.4byte	0x10cf
 2232 10be 00       		.byte	0
 2233 10bf 23       		.uleb128 0x23
 2234 10c0 60030000 		.4byte	0x360
 2235 10c4 CF100000 		.4byte	0x10cf
 2236 10c8 24       		.uleb128 0x24
 2237 10c9 30000000 		.4byte	0x30
 2238 10cd 0E       		.byte	0xe
 2239 10ce 00       		.byte	0
 2240 10cf 0D       		.uleb128 0xd
 2241 10d0 BF100000 		.4byte	0x10bf
 2242 10d4 26       		.uleb128 0x26
 2243 10d5 0C010000 		.4byte	.LASF251
 2244 10d9 14       		.byte	0x14
 2245 10da 7302     		.2byte	0x273
 2246 10dc 06       		.byte	0x6
 2247 10dd F8100000 		.4byte	0x10f8
 2248 10e1 1D       		.uleb128 0x1d
 2249 10e2 E2060000 		.4byte	.LASF213
 2250 10e6 14       		.byte	0x14
 2251 10e7 7302     		.2byte	0x273
 2252 10e9 1E       		.byte	0x1e
 2253 10ea C60E0000 		.4byte	0xec6
 2254 10ee 22       		.uleb128 0x22
 2255 10ef 94000000 		.4byte	.LASF224
 2256 10f3 25100000 		.4byte	0x1025
 2257 10f7 00       		.byte	0
 2258 10f8 1C       		.uleb128 0x1c
 2259 10f9 13030000 		.4byte	.LASF227
 2260 10fd 14       		.byte	0x14
 2261 10fe C701     		.2byte	0x1c7
 2262 1100 07       		.byte	0x7
 2263 1101 56010000 		.4byte	0x156
 2264 1105 39110000 		.4byte	0x1139
 2265 1109 1D       		.uleb128 0x1d
 2266 110a E2060000 		.4byte	.LASF213
 2267 110e 14       		.byte	0x14
 2268 110f C701     		.2byte	0x1c7
 2269 1111 20       		.byte	0x20
 2270 1112 C60E0000 		.4byte	0xec6
 2271 1116 27       		.uleb128 0x27
 2272 1117 647300   		.ascii	"ds\000"
 2273 111a 14       		.byte	0x14
 2274 111b C801     		.2byte	0x1c8
 2275 111d 0C       		.byte	0xc
 2276 111e E0000000 		.4byte	0xe0
 2277 1122 27       		.uleb128 0x27
 2278 1123 6D736700 		.ascii	"msg\000"
 2279 1127 14       		.byte	0x14
 2280 1128 C901     		.2byte	0x1c9
ARM GAS  C:\Users\angio\AppData\Local\Temp\cc9v9wKb.s 			page 41


 2281 112a 09       		.byte	0x9
 2282 112b 56010000 		.4byte	0x156
 2283 112f 22       		.uleb128 0x22
 2284 1130 94000000 		.4byte	.LASF224
 2285 1134 49110000 		.4byte	0x1149
 2286 1138 00       		.byte	0
 2287 1139 23       		.uleb128 0x23
 2288 113a 60030000 		.4byte	0x360
 2289 113e 49110000 		.4byte	0x1149
 2290 1142 24       		.uleb128 0x24
 2291 1143 30000000 		.4byte	0x30
 2292 1147 0D       		.byte	0xd
 2293 1148 00       		.byte	0
 2294 1149 0D       		.uleb128 0xd
 2295 114a 39110000 		.4byte	0x1139
 2296 114e 28       		.uleb128 0x28
 2297 114f 120A0000 		.4byte	.LASF252
 2298 1153 14       		.byte	0x14
 2299 1154 5001     		.2byte	0x150
 2300 1156 06       		.byte	0x6
 2301 1157 29       		.uleb128 0x29
 2302 1158 17000000 		.4byte	.LASF253
 2303 115c 14       		.byte	0x14
 2304 115d 2E01     		.2byte	0x12e
 2305 115f 0E       		.byte	0xe
 2306 1160 56010000 		.4byte	0x156
 2307 1164 9D110000 		.4byte	0x119d
 2308 1168 1D       		.uleb128 0x1d
 2309 1169 E2060000 		.4byte	.LASF213
 2310 116d 14       		.byte	0x14
 2311 116e 2E01     		.2byte	0x12e
 2312 1170 29       		.byte	0x29
 2313 1171 C60E0000 		.4byte	0xec6
 2314 1175 1D       		.uleb128 0x1d
 2315 1176 5E070000 		.4byte	.LASF228
 2316 117a 14       		.byte	0x14
 2317 117b 2E01     		.2byte	0x12e
 2318 117d 38       		.byte	0x38
 2319 117e E0000000 		.4byte	0xe0
 2320 1182 1D       		.uleb128 0x1d
 2321 1183 950A0000 		.4byte	.LASF229
 2322 1187 14       		.byte	0x14
 2323 1188 2F01     		.2byte	0x12f
 2324 118a 27       		.byte	0x27
 2325 118b E0000000 		.4byte	0xe0
 2326 118f 1D       		.uleb128 0x1d
 2327 1190 BE090000 		.4byte	.LASF230
 2328 1194 14       		.byte	0x14
 2329 1195 2F01     		.2byte	0x12f
 2330 1197 3A       		.byte	0x3a
 2331 1198 E0000000 		.4byte	0xe0
 2332 119c 00       		.byte	0
 2333 119d 2A       		.uleb128 0x2a
 2334 119e 60000000 		.4byte	.LASF231
 2335 11a2 14       		.byte	0x14
 2336 11a3 1301     		.2byte	0x113
 2337 11a5 0D       		.byte	0xd
ARM GAS  C:\Users\angio\AppData\Local\Temp\cc9v9wKb.s 			page 42


 2338 11a6 C5110000 		.4byte	0x11c5
 2339 11aa 1D       		.uleb128 0x1d
 2340 11ab E2060000 		.4byte	.LASF213
 2341 11af 14       		.byte	0x14
 2342 11b0 1301     		.2byte	0x113
 2343 11b2 33       		.byte	0x33
 2344 11b3 C60E0000 		.4byte	0xec6
 2345 11b7 1D       		.uleb128 0x1d
 2346 11b8 51040000 		.4byte	.LASF38
 2347 11bc 14       		.byte	0x14
 2348 11bd 1301     		.2byte	0x113
 2349 11bf 42       		.byte	0x42
 2350 11c0 E0000000 		.4byte	0xe0
 2351 11c4 00       		.byte	0
 2352 11c5 2B       		.uleb128 0x2b
 2353 11c6 99020000 		.4byte	.LASF232
 2354 11ca 14       		.byte	0x14
 2355 11cb EA       		.byte	0xea
 2356 11cc 0D       		.byte	0xd
 2357 11cd EA110000 		.4byte	0x11ea
 2358 11d1 2C       		.uleb128 0x2c
 2359 11d2 E2060000 		.4byte	.LASF213
 2360 11d6 14       		.byte	0x14
 2361 11d7 EA       		.byte	0xea
 2362 11d8 33       		.byte	0x33
 2363 11d9 C60E0000 		.4byte	0xec6
 2364 11dd 2C       		.uleb128 0x2c
 2365 11de 51040000 		.4byte	.LASF38
 2366 11e2 14       		.byte	0x14
 2367 11e3 EA       		.byte	0xea
 2368 11e4 42       		.byte	0x42
 2369 11e5 E0000000 		.4byte	0xe0
 2370 11e9 00       		.byte	0
 2371 11ea 2B       		.uleb128 0x2b
 2372 11eb 1E050000 		.4byte	.LASF233
 2373 11ef 14       		.byte	0x14
 2374 11f0 9B       		.byte	0x9b
 2375 11f1 0D       		.byte	0xd
 2376 11f2 0C120000 		.4byte	0x120c
 2377 11f6 2C       		.uleb128 0x2c
 2378 11f7 E2060000 		.4byte	.LASF213
 2379 11fb 14       		.byte	0x14
 2380 11fc 9B       		.byte	0x9b
 2381 11fd 28       		.byte	0x28
 2382 11fe C60E0000 		.4byte	0xec6
 2383 1202 22       		.uleb128 0x22
 2384 1203 94000000 		.4byte	.LASF224
 2385 1207 C90F0000 		.4byte	0xfc9
 2386 120b 00       		.byte	0
 2387 120c 2B       		.uleb128 0x2b
 2388 120d B4020000 		.4byte	.LASF234
 2389 1211 14       		.byte	0x14
 2390 1212 80       		.byte	0x80
 2391 1213 0D       		.byte	0xd
 2392 1214 3D120000 		.4byte	0x123d
 2393 1218 2C       		.uleb128 0x2c
 2394 1219 E2060000 		.4byte	.LASF213
ARM GAS  C:\Users\angio\AppData\Local\Temp\cc9v9wKb.s 			page 43


 2395 121d 14       		.byte	0x14
 2396 121e 80       		.byte	0x80
 2397 121f 27       		.byte	0x27
 2398 1220 C60E0000 		.4byte	0xec6
 2399 1224 2D       		.uleb128 0x2d
 2400 1225 63723100 		.ascii	"cr1\000"
 2401 1229 14       		.byte	0x14
 2402 122a 81       		.byte	0x81
 2403 122b 0C       		.byte	0xc
 2404 122c E0000000 		.4byte	0xe0
 2405 1230 2D       		.uleb128 0x2d
 2406 1231 63723200 		.ascii	"cr2\000"
 2407 1235 14       		.byte	0x14
 2408 1236 81       		.byte	0x81
 2409 1237 11       		.byte	0x11
 2410 1238 E0000000 		.4byte	0xe0
 2411 123c 00       		.byte	0
 2412 123d 2A       		.uleb128 0x2a
 2413 123e 19010000 		.4byte	.LASF235
 2414 1242 15       		.byte	0x15
 2415 1243 4503     		.2byte	0x345
 2416 1245 14       		.byte	0x14
 2417 1246 65120000 		.4byte	0x1265
 2418 124a 21       		.uleb128 0x21
 2419 124b 74727000 		.ascii	"trp\000"
 2420 124f 15       		.byte	0x15
 2421 1250 4503     		.2byte	0x345
 2422 1252 3A       		.byte	0x3a
 2423 1253 620A0000 		.4byte	0xa62
 2424 1257 21       		.uleb128 0x21
 2425 1258 6D736700 		.ascii	"msg\000"
 2426 125c 15       		.byte	0x15
 2427 125d 4503     		.2byte	0x345
 2428 125f 45       		.byte	0x45
 2429 1260 56010000 		.4byte	0x156
 2430 1264 00       		.byte	0
 2431 1265 2E       		.uleb128 0x2e
 2432 1266 2E050000 		.4byte	.LASF236
 2433 126a 15       		.byte	0x15
 2434 126b 5E02     		.2byte	0x25e
 2435 126d 14       		.byte	0x14
 2436 126e 2E       		.uleb128 0x2e
 2437 126f E8000000 		.4byte	.LASF237
 2438 1273 15       		.byte	0x15
 2439 1274 5302     		.2byte	0x253
 2440 1276 14       		.byte	0x14
 2441 1277 2A       		.uleb128 0x2a
 2442 1278 BB070000 		.4byte	.LASF238
 2443 127c 15       		.byte	0x15
 2444 127d 1E02     		.2byte	0x21e
 2445 127f 14       		.byte	0x14
 2446 1280 92120000 		.4byte	0x1292
 2447 1284 1D       		.uleb128 0x1d
 2448 1285 7C080000 		.4byte	.LASF239
 2449 1289 15       		.byte	0x15
 2450 128a 1E02     		.2byte	0x21e
 2451 128c 2C       		.byte	0x2c
ARM GAS  C:\Users\angio\AppData\Local\Temp\cc9v9wKb.s 			page 44


 2452 128d 4E030000 		.4byte	0x34e
 2453 1291 00       		.byte	0
 2454 1292 2E       		.uleb128 0x2e
 2455 1293 27030000 		.4byte	.LASF240
 2456 1297 16       		.byte	0x16
 2457 1298 D901     		.2byte	0x1d9
 2458 129a 14       		.byte	0x14
 2459 129b 2E       		.uleb128 0x2e
 2460 129c 5B020000 		.4byte	.LASF241
 2461 12a0 16       		.byte	0x16
 2462 12a1 C301     		.2byte	0x1c3
 2463 12a3 14       		.byte	0x14
 2464 12a4 2E       		.uleb128 0x2e
 2465 12a5 C7070000 		.4byte	.LASF242
 2466 12a9 0D       		.byte	0xd
 2467 12aa 3503     		.2byte	0x335
 2468 12ac 1B       		.byte	0x1b
 2469 12ad 2E       		.uleb128 0x2e
 2470 12ae 6D060000 		.4byte	.LASF243
 2471 12b2 0D       		.byte	0xd
 2472 12b3 2A03     		.2byte	0x32a
 2473 12b5 1B       		.byte	0x1b
 2474 12b6 2E       		.uleb128 0x2e
 2475 12b7 40020000 		.4byte	.LASF244
 2476 12bb 0D       		.byte	0xd
 2477 12bc 1F03     		.2byte	0x31f
 2478 12be 1B       		.byte	0x1b
 2479 12bf 2E       		.uleb128 0x2e
 2480 12c0 02090000 		.4byte	.LASF245
 2481 12c4 0D       		.byte	0xd
 2482 12c5 0B03     		.2byte	0x30b
 2483 12c7 1B       		.byte	0x1b
 2484 12c8 2F       		.uleb128 0x2f
 2485 12c9 95080000 		.4byte	.LASF254
 2486 12cd 17       		.byte	0x17
 2487 12ce EB01     		.2byte	0x1eb
 2488 12d0 1B       		.byte	0x1b
 2489 12d1 1D       		.uleb128 0x1d
 2490 12d2 03060000 		.4byte	.LASF246
 2491 12d6 17       		.byte	0x17
 2492 12d7 EB01     		.2byte	0x1eb
 2493 12d9 32       		.byte	0x32
 2494 12da E0000000 		.4byte	0xe0
 2495 12de 00       		.byte	0
 2496 12df 00       		.byte	0
 2497              		.section	.gnu.debuglto_.debug_abbrev,"e",%progbits
 2498              	.Ldebug_abbrev0:
 2499 0000 01       		.uleb128 0x1
 2500 0001 11       		.uleb128 0x11
 2501 0002 01       		.byte	0x1
 2502 0003 25       		.uleb128 0x25
 2503 0004 0E       		.uleb128 0xe
 2504 0005 13       		.uleb128 0x13
 2505 0006 0B       		.uleb128 0xb
 2506 0007 03       		.uleb128 0x3
 2507 0008 0E       		.uleb128 0xe
 2508 0009 1B       		.uleb128 0x1b
ARM GAS  C:\Users\angio\AppData\Local\Temp\cc9v9wKb.s 			page 45


 2509 000a 0E       		.uleb128 0xe
 2510 000b 10       		.uleb128 0x10
 2511 000c 17       		.uleb128 0x17
 2512 000d 00       		.byte	0
 2513 000e 00       		.byte	0
 2514 000f 02       		.uleb128 0x2
 2515 0010 24       		.uleb128 0x24
 2516 0011 00       		.byte	0
 2517 0012 0B       		.uleb128 0xb
 2518 0013 0B       		.uleb128 0xb
 2519 0014 3E       		.uleb128 0x3e
 2520 0015 0B       		.uleb128 0xb
 2521 0016 03       		.uleb128 0x3
 2522 0017 08       		.uleb128 0x8
 2523 0018 00       		.byte	0
 2524 0019 00       		.byte	0
 2525 001a 03       		.uleb128 0x3
 2526 001b 16       		.uleb128 0x16
 2527 001c 00       		.byte	0
 2528 001d 03       		.uleb128 0x3
 2529 001e 0E       		.uleb128 0xe
 2530 001f 3A       		.uleb128 0x3a
 2531 0020 0B       		.uleb128 0xb
 2532 0021 3B       		.uleb128 0x3b
 2533 0022 0B       		.uleb128 0xb
 2534 0023 39       		.uleb128 0x39
 2535 0024 0B       		.uleb128 0xb
 2536 0025 49       		.uleb128 0x49
 2537 0026 13       		.uleb128 0x13
 2538 0027 00       		.byte	0
 2539 0028 00       		.byte	0
 2540 0029 04       		.uleb128 0x4
 2541 002a 24       		.uleb128 0x24
 2542 002b 00       		.byte	0
 2543 002c 0B       		.uleb128 0xb
 2544 002d 0B       		.uleb128 0xb
 2545 002e 3E       		.uleb128 0x3e
 2546 002f 0B       		.uleb128 0xb
 2547 0030 03       		.uleb128 0x3
 2548 0031 0E       		.uleb128 0xe
 2549 0032 00       		.byte	0
 2550 0033 00       		.byte	0
 2551 0034 05       		.uleb128 0x5
 2552 0035 35       		.uleb128 0x35
 2553 0036 00       		.byte	0
 2554 0037 49       		.uleb128 0x49
 2555 0038 13       		.uleb128 0x13
 2556 0039 00       		.byte	0
 2557 003a 00       		.byte	0
 2558 003b 06       		.uleb128 0x6
 2559 003c 13       		.uleb128 0x13
 2560 003d 01       		.byte	0x1
 2561 003e 03       		.uleb128 0x3
 2562 003f 0E       		.uleb128 0xe
 2563 0040 0B       		.uleb128 0xb
 2564 0041 0B       		.uleb128 0xb
 2565 0042 3A       		.uleb128 0x3a
ARM GAS  C:\Users\angio\AppData\Local\Temp\cc9v9wKb.s 			page 46


 2566 0043 0B       		.uleb128 0xb
 2567 0044 3B       		.uleb128 0x3b
 2568 0045 0B       		.uleb128 0xb
 2569 0046 39       		.uleb128 0x39
 2570 0047 0B       		.uleb128 0xb
 2571 0048 01       		.uleb128 0x1
 2572 0049 13       		.uleb128 0x13
 2573 004a 00       		.byte	0
 2574 004b 00       		.byte	0
 2575 004c 07       		.uleb128 0x7
 2576 004d 0D       		.uleb128 0xd
 2577 004e 00       		.byte	0
 2578 004f 03       		.uleb128 0x3
 2579 0050 08       		.uleb128 0x8
 2580 0051 3A       		.uleb128 0x3a
 2581 0052 0B       		.uleb128 0xb
 2582 0053 3B       		.uleb128 0x3b
 2583 0054 0B       		.uleb128 0xb
 2584 0055 39       		.uleb128 0x39
 2585 0056 0B       		.uleb128 0xb
 2586 0057 49       		.uleb128 0x49
 2587 0058 13       		.uleb128 0x13
 2588 0059 38       		.uleb128 0x38
 2589 005a 0B       		.uleb128 0xb
 2590 005b 00       		.byte	0
 2591 005c 00       		.byte	0
 2592 005d 08       		.uleb128 0x8
 2593 005e 0D       		.uleb128 0xd
 2594 005f 00       		.byte	0
 2595 0060 03       		.uleb128 0x3
 2596 0061 0E       		.uleb128 0xe
 2597 0062 3A       		.uleb128 0x3a
 2598 0063 0B       		.uleb128 0xb
 2599 0064 3B       		.uleb128 0x3b
 2600 0065 0B       		.uleb128 0xb
 2601 0066 39       		.uleb128 0x39
 2602 0067 0B       		.uleb128 0xb
 2603 0068 49       		.uleb128 0x49
 2604 0069 13       		.uleb128 0x13
 2605 006a 38       		.uleb128 0x38
 2606 006b 0B       		.uleb128 0xb
 2607 006c 00       		.byte	0
 2608 006d 00       		.byte	0
 2609 006e 09       		.uleb128 0x9
 2610 006f 0D       		.uleb128 0xd
 2611 0070 00       		.byte	0
 2612 0071 03       		.uleb128 0x3
 2613 0072 08       		.uleb128 0x8
 2614 0073 3A       		.uleb128 0x3a
 2615 0074 0B       		.uleb128 0xb
 2616 0075 3B       		.uleb128 0x3b
 2617 0076 05       		.uleb128 0x5
 2618 0077 39       		.uleb128 0x39
 2619 0078 0B       		.uleb128 0xb
 2620 0079 49       		.uleb128 0x49
 2621 007a 13       		.uleb128 0x13
 2622 007b 38       		.uleb128 0x38
ARM GAS  C:\Users\angio\AppData\Local\Temp\cc9v9wKb.s 			page 47


 2623 007c 0B       		.uleb128 0xb
 2624 007d 00       		.byte	0
 2625 007e 00       		.byte	0
 2626 007f 0A       		.uleb128 0xa
 2627 0080 0D       		.uleb128 0xd
 2628 0081 00       		.byte	0
 2629 0082 03       		.uleb128 0x3
 2630 0083 0E       		.uleb128 0xe
 2631 0084 3A       		.uleb128 0x3a
 2632 0085 0B       		.uleb128 0xb
 2633 0086 3B       		.uleb128 0x3b
 2634 0087 05       		.uleb128 0x5
 2635 0088 39       		.uleb128 0x39
 2636 0089 0B       		.uleb128 0xb
 2637 008a 49       		.uleb128 0x49
 2638 008b 13       		.uleb128 0x13
 2639 008c 38       		.uleb128 0x38
 2640 008d 0B       		.uleb128 0xb
 2641 008e 00       		.byte	0
 2642 008f 00       		.byte	0
 2643 0090 0B       		.uleb128 0xb
 2644 0091 13       		.uleb128 0x13
 2645 0092 01       		.byte	0x1
 2646 0093 03       		.uleb128 0x3
 2647 0094 0E       		.uleb128 0xe
 2648 0095 0B       		.uleb128 0xb
 2649 0096 0B       		.uleb128 0xb
 2650 0097 3A       		.uleb128 0x3a
 2651 0098 0B       		.uleb128 0xb
 2652 0099 3B       		.uleb128 0x3b
 2653 009a 05       		.uleb128 0x5
 2654 009b 39       		.uleb128 0x39
 2655 009c 0B       		.uleb128 0xb
 2656 009d 01       		.uleb128 0x1
 2657 009e 13       		.uleb128 0x13
 2658 009f 00       		.byte	0
 2659 00a0 00       		.byte	0
 2660 00a1 0C       		.uleb128 0xc
 2661 00a2 0F       		.uleb128 0xf
 2662 00a3 00       		.byte	0
 2663 00a4 0B       		.uleb128 0xb
 2664 00a5 0B       		.uleb128 0xb
 2665 00a6 49       		.uleb128 0x49
 2666 00a7 13       		.uleb128 0x13
 2667 00a8 00       		.byte	0
 2668 00a9 00       		.byte	0
 2669 00aa 0D       		.uleb128 0xd
 2670 00ab 26       		.uleb128 0x26
 2671 00ac 00       		.byte	0
 2672 00ad 49       		.uleb128 0x49
 2673 00ae 13       		.uleb128 0x13
 2674 00af 00       		.byte	0
 2675 00b0 00       		.byte	0
 2676 00b1 0E       		.uleb128 0xe
 2677 00b2 13       		.uleb128 0x13
 2678 00b3 01       		.byte	0x1
 2679 00b4 0B       		.uleb128 0xb
ARM GAS  C:\Users\angio\AppData\Local\Temp\cc9v9wKb.s 			page 48


 2680 00b5 0B       		.uleb128 0xb
 2681 00b6 3A       		.uleb128 0x3a
 2682 00b7 0B       		.uleb128 0xb
 2683 00b8 3B       		.uleb128 0x3b
 2684 00b9 05       		.uleb128 0x5
 2685 00ba 39       		.uleb128 0x39
 2686 00bb 0B       		.uleb128 0xb
 2687 00bc 01       		.uleb128 0x1
 2688 00bd 13       		.uleb128 0x13
 2689 00be 00       		.byte	0
 2690 00bf 00       		.byte	0
 2691 00c0 0F       		.uleb128 0xf
 2692 00c1 16       		.uleb128 0x16
 2693 00c2 00       		.byte	0
 2694 00c3 03       		.uleb128 0x3
 2695 00c4 0E       		.uleb128 0xe
 2696 00c5 3A       		.uleb128 0x3a
 2697 00c6 0B       		.uleb128 0xb
 2698 00c7 3B       		.uleb128 0x3b
 2699 00c8 05       		.uleb128 0x5
 2700 00c9 39       		.uleb128 0x39
 2701 00ca 0B       		.uleb128 0xb
 2702 00cb 49       		.uleb128 0x49
 2703 00cc 13       		.uleb128 0x13
 2704 00cd 00       		.byte	0
 2705 00ce 00       		.byte	0
 2706 00cf 10       		.uleb128 0x10
 2707 00d0 0F       		.uleb128 0xf
 2708 00d1 00       		.byte	0
 2709 00d2 0B       		.uleb128 0xb
 2710 00d3 0B       		.uleb128 0xb
 2711 00d4 00       		.byte	0
 2712 00d5 00       		.byte	0
 2713 00d6 11       		.uleb128 0x11
 2714 00d7 17       		.uleb128 0x17
 2715 00d8 01       		.byte	0x1
 2716 00d9 0B       		.uleb128 0xb
 2717 00da 0B       		.uleb128 0xb
 2718 00db 3A       		.uleb128 0x3a
 2719 00dc 0B       		.uleb128 0xb
 2720 00dd 3B       		.uleb128 0x3b
 2721 00de 0B       		.uleb128 0xb
 2722 00df 39       		.uleb128 0x39
 2723 00e0 0B       		.uleb128 0xb
 2724 00e1 01       		.uleb128 0x1
 2725 00e2 13       		.uleb128 0x13
 2726 00e3 00       		.byte	0
 2727 00e4 00       		.byte	0
 2728 00e5 12       		.uleb128 0x12
 2729 00e6 0D       		.uleb128 0xd
 2730 00e7 00       		.byte	0
 2731 00e8 03       		.uleb128 0x3
 2732 00e9 0E       		.uleb128 0xe
 2733 00ea 3A       		.uleb128 0x3a
 2734 00eb 0B       		.uleb128 0xb
 2735 00ec 3B       		.uleb128 0x3b
 2736 00ed 0B       		.uleb128 0xb
ARM GAS  C:\Users\angio\AppData\Local\Temp\cc9v9wKb.s 			page 49


 2737 00ee 39       		.uleb128 0x39
 2738 00ef 0B       		.uleb128 0xb
 2739 00f0 49       		.uleb128 0x49
 2740 00f1 13       		.uleb128 0x13
 2741 00f2 00       		.byte	0
 2742 00f3 00       		.byte	0
 2743 00f4 13       		.uleb128 0x13
 2744 00f5 0D       		.uleb128 0xd
 2745 00f6 00       		.byte	0
 2746 00f7 03       		.uleb128 0x3
 2747 00f8 0E       		.uleb128 0xe
 2748 00f9 3A       		.uleb128 0x3a
 2749 00fa 0B       		.uleb128 0xb
 2750 00fb 3B       		.uleb128 0x3b
 2751 00fc 05       		.uleb128 0x5
 2752 00fd 39       		.uleb128 0x39
 2753 00fe 0B       		.uleb128 0xb
 2754 00ff 49       		.uleb128 0x49
 2755 0100 13       		.uleb128 0x13
 2756 0101 00       		.byte	0
 2757 0102 00       		.byte	0
 2758 0103 14       		.uleb128 0x14
 2759 0104 15       		.uleb128 0x15
 2760 0105 01       		.byte	0x1
 2761 0106 27       		.uleb128 0x27
 2762 0107 19       		.uleb128 0x19
 2763 0108 01       		.uleb128 0x1
 2764 0109 13       		.uleb128 0x13
 2765 010a 00       		.byte	0
 2766 010b 00       		.byte	0
 2767 010c 15       		.uleb128 0x15
 2768 010d 05       		.uleb128 0x5
 2769 010e 00       		.byte	0
 2770 010f 49       		.uleb128 0x49
 2771 0110 13       		.uleb128 0x13
 2772 0111 00       		.byte	0
 2773 0112 00       		.byte	0
 2774 0113 16       		.uleb128 0x16
 2775 0114 13       		.uleb128 0x13
 2776 0115 01       		.byte	0x1
 2777 0116 0B       		.uleb128 0xb
 2778 0117 0B       		.uleb128 0xb
 2779 0118 3A       		.uleb128 0x3a
 2780 0119 0B       		.uleb128 0xb
 2781 011a 3B       		.uleb128 0x3b
 2782 011b 0B       		.uleb128 0xb
 2783 011c 39       		.uleb128 0x39
 2784 011d 0B       		.uleb128 0xb
 2785 011e 01       		.uleb128 0x1
 2786 011f 13       		.uleb128 0x13
 2787 0120 00       		.byte	0
 2788 0121 00       		.byte	0
 2789 0122 17       		.uleb128 0x17
 2790 0123 0D       		.uleb128 0xd
 2791 0124 00       		.byte	0
 2792 0125 03       		.uleb128 0x3
 2793 0126 08       		.uleb128 0x8
ARM GAS  C:\Users\angio\AppData\Local\Temp\cc9v9wKb.s 			page 50


 2794 0127 3A       		.uleb128 0x3a
 2795 0128 0B       		.uleb128 0xb
 2796 0129 3B       		.uleb128 0x3b
 2797 012a 0B       		.uleb128 0xb
 2798 012b 39       		.uleb128 0x39
 2799 012c 0B       		.uleb128 0xb
 2800 012d 49       		.uleb128 0x49
 2801 012e 13       		.uleb128 0x13
 2802 012f 00       		.byte	0
 2803 0130 00       		.byte	0
 2804 0131 18       		.uleb128 0x18
 2805 0132 04       		.uleb128 0x4
 2806 0133 01       		.byte	0x1
 2807 0134 3E       		.uleb128 0x3e
 2808 0135 0B       		.uleb128 0xb
 2809 0136 0B       		.uleb128 0xb
 2810 0137 0B       		.uleb128 0xb
 2811 0138 49       		.uleb128 0x49
 2812 0139 13       		.uleb128 0x13
 2813 013a 3A       		.uleb128 0x3a
 2814 013b 0B       		.uleb128 0xb
 2815 013c 3B       		.uleb128 0x3b
 2816 013d 0B       		.uleb128 0xb
 2817 013e 39       		.uleb128 0x39
 2818 013f 0B       		.uleb128 0xb
 2819 0140 01       		.uleb128 0x1
 2820 0141 13       		.uleb128 0x13
 2821 0142 00       		.byte	0
 2822 0143 00       		.byte	0
 2823 0144 19       		.uleb128 0x19
 2824 0145 28       		.uleb128 0x28
 2825 0146 00       		.byte	0
 2826 0147 03       		.uleb128 0x3
 2827 0148 0E       		.uleb128 0xe
 2828 0149 1C       		.uleb128 0x1c
 2829 014a 0B       		.uleb128 0xb
 2830 014b 00       		.byte	0
 2831 014c 00       		.byte	0
 2832 014d 1A       		.uleb128 0x1a
 2833 014e 34       		.uleb128 0x34
 2834 014f 00       		.byte	0
 2835 0150 03       		.uleb128 0x3
 2836 0151 0E       		.uleb128 0xe
 2837 0152 3A       		.uleb128 0x3a
 2838 0153 0B       		.uleb128 0xb
 2839 0154 3B       		.uleb128 0x3b
 2840 0155 05       		.uleb128 0x5
 2841 0156 39       		.uleb128 0x39
 2842 0157 0B       		.uleb128 0xb
 2843 0158 49       		.uleb128 0x49
 2844 0159 13       		.uleb128 0x13
 2845 015a 3F       		.uleb128 0x3f
 2846 015b 19       		.uleb128 0x19
 2847 015c 3C       		.uleb128 0x3c
 2848 015d 19       		.uleb128 0x19
 2849 015e 00       		.byte	0
 2850 015f 00       		.byte	0
ARM GAS  C:\Users\angio\AppData\Local\Temp\cc9v9wKb.s 			page 51


 2851 0160 1B       		.uleb128 0x1b
 2852 0161 34       		.uleb128 0x34
 2853 0162 00       		.byte	0
 2854 0163 47       		.uleb128 0x47
 2855 0164 13       		.uleb128 0x13
 2856 0165 3A       		.uleb128 0x3a
 2857 0166 0B       		.uleb128 0xb
 2858 0167 3B       		.uleb128 0x3b
 2859 0168 0B       		.uleb128 0xb
 2860 0169 39       		.uleb128 0x39
 2861 016a 0B       		.uleb128 0xb
 2862 016b 00       		.byte	0
 2863 016c 00       		.byte	0
 2864 016d 1C       		.uleb128 0x1c
 2865 016e 2E       		.uleb128 0x2e
 2866 016f 01       		.byte	0x1
 2867 0170 3F       		.uleb128 0x3f
 2868 0171 19       		.uleb128 0x19
 2869 0172 03       		.uleb128 0x3
 2870 0173 0E       		.uleb128 0xe
 2871 0174 3A       		.uleb128 0x3a
 2872 0175 0B       		.uleb128 0xb
 2873 0176 3B       		.uleb128 0x3b
 2874 0177 05       		.uleb128 0x5
 2875 0178 39       		.uleb128 0x39
 2876 0179 0B       		.uleb128 0xb
 2877 017a 27       		.uleb128 0x27
 2878 017b 19       		.uleb128 0x19
 2879 017c 49       		.uleb128 0x49
 2880 017d 13       		.uleb128 0x13
 2881 017e 01       		.uleb128 0x1
 2882 017f 13       		.uleb128 0x13
 2883 0180 00       		.byte	0
 2884 0181 00       		.byte	0
 2885 0182 1D       		.uleb128 0x1d
 2886 0183 05       		.uleb128 0x5
 2887 0184 00       		.byte	0
 2888 0185 03       		.uleb128 0x3
 2889 0186 0E       		.uleb128 0xe
 2890 0187 3A       		.uleb128 0x3a
 2891 0188 0B       		.uleb128 0xb
 2892 0189 3B       		.uleb128 0x3b
 2893 018a 05       		.uleb128 0x5
 2894 018b 39       		.uleb128 0x39
 2895 018c 0B       		.uleb128 0xb
 2896 018d 49       		.uleb128 0x49
 2897 018e 13       		.uleb128 0x13
 2898 018f 00       		.byte	0
 2899 0190 00       		.byte	0
 2900 0191 1E       		.uleb128 0x1e
 2901 0192 0B       		.uleb128 0xb
 2902 0193 01       		.byte	0x1
 2903 0194 01       		.uleb128 0x1
 2904 0195 13       		.uleb128 0x13
 2905 0196 00       		.byte	0
 2906 0197 00       		.byte	0
 2907 0198 1F       		.uleb128 0x1f
ARM GAS  C:\Users\angio\AppData\Local\Temp\cc9v9wKb.s 			page 52


 2908 0199 34       		.uleb128 0x34
 2909 019a 00       		.byte	0
 2910 019b 03       		.uleb128 0x3
 2911 019c 0E       		.uleb128 0xe
 2912 019d 3A       		.uleb128 0x3a
 2913 019e 0B       		.uleb128 0xb
 2914 019f 3B       		.uleb128 0x3b
 2915 01a0 05       		.uleb128 0x5
 2916 01a1 39       		.uleb128 0x39
 2917 01a2 0B       		.uleb128 0xb
 2918 01a3 49       		.uleb128 0x49
 2919 01a4 13       		.uleb128 0x13
 2920 01a5 00       		.byte	0
 2921 01a6 00       		.byte	0
 2922 01a7 20       		.uleb128 0x20
 2923 01a8 0B       		.uleb128 0xb
 2924 01a9 01       		.byte	0x1
 2925 01aa 00       		.byte	0
 2926 01ab 00       		.byte	0
 2927 01ac 21       		.uleb128 0x21
 2928 01ad 05       		.uleb128 0x5
 2929 01ae 00       		.byte	0
 2930 01af 03       		.uleb128 0x3
 2931 01b0 08       		.uleb128 0x8
 2932 01b1 3A       		.uleb128 0x3a
 2933 01b2 0B       		.uleb128 0xb
 2934 01b3 3B       		.uleb128 0x3b
 2935 01b4 05       		.uleb128 0x5
 2936 01b5 39       		.uleb128 0x39
 2937 01b6 0B       		.uleb128 0xb
 2938 01b7 49       		.uleb128 0x49
 2939 01b8 13       		.uleb128 0x13
 2940 01b9 00       		.byte	0
 2941 01ba 00       		.byte	0
 2942 01bb 22       		.uleb128 0x22
 2943 01bc 34       		.uleb128 0x34
 2944 01bd 00       		.byte	0
 2945 01be 03       		.uleb128 0x3
 2946 01bf 0E       		.uleb128 0xe
 2947 01c0 49       		.uleb128 0x49
 2948 01c1 13       		.uleb128 0x13
 2949 01c2 34       		.uleb128 0x34
 2950 01c3 19       		.uleb128 0x19
 2951 01c4 00       		.byte	0
 2952 01c5 00       		.byte	0
 2953 01c6 23       		.uleb128 0x23
 2954 01c7 01       		.uleb128 0x1
 2955 01c8 01       		.byte	0x1
 2956 01c9 49       		.uleb128 0x49
 2957 01ca 13       		.uleb128 0x13
 2958 01cb 01       		.uleb128 0x1
 2959 01cc 13       		.uleb128 0x13
 2960 01cd 00       		.byte	0
 2961 01ce 00       		.byte	0
 2962 01cf 24       		.uleb128 0x24
 2963 01d0 21       		.uleb128 0x21
 2964 01d1 00       		.byte	0
ARM GAS  C:\Users\angio\AppData\Local\Temp\cc9v9wKb.s 			page 53


 2965 01d2 49       		.uleb128 0x49
 2966 01d3 13       		.uleb128 0x13
 2967 01d4 2F       		.uleb128 0x2f
 2968 01d5 0B       		.uleb128 0xb
 2969 01d6 00       		.byte	0
 2970 01d7 00       		.byte	0
 2971 01d8 25       		.uleb128 0x25
 2972 01d9 26       		.uleb128 0x26
 2973 01da 00       		.byte	0
 2974 01db 00       		.byte	0
 2975 01dc 00       		.byte	0
 2976 01dd 26       		.uleb128 0x26
 2977 01de 2E       		.uleb128 0x2e
 2978 01df 01       		.byte	0x1
 2979 01e0 3F       		.uleb128 0x3f
 2980 01e1 19       		.uleb128 0x19
 2981 01e2 03       		.uleb128 0x3
 2982 01e3 0E       		.uleb128 0xe
 2983 01e4 3A       		.uleb128 0x3a
 2984 01e5 0B       		.uleb128 0xb
 2985 01e6 3B       		.uleb128 0x3b
 2986 01e7 05       		.uleb128 0x5
 2987 01e8 39       		.uleb128 0x39
 2988 01e9 0B       		.uleb128 0xb
 2989 01ea 27       		.uleb128 0x27
 2990 01eb 19       		.uleb128 0x19
 2991 01ec 01       		.uleb128 0x1
 2992 01ed 13       		.uleb128 0x13
 2993 01ee 00       		.byte	0
 2994 01ef 00       		.byte	0
 2995 01f0 27       		.uleb128 0x27
 2996 01f1 34       		.uleb128 0x34
 2997 01f2 00       		.byte	0
 2998 01f3 03       		.uleb128 0x3
 2999 01f4 08       		.uleb128 0x8
 3000 01f5 3A       		.uleb128 0x3a
 3001 01f6 0B       		.uleb128 0xb
 3002 01f7 3B       		.uleb128 0x3b
 3003 01f8 05       		.uleb128 0x5
 3004 01f9 39       		.uleb128 0x39
 3005 01fa 0B       		.uleb128 0xb
 3006 01fb 49       		.uleb128 0x49
 3007 01fc 13       		.uleb128 0x13
 3008 01fd 00       		.byte	0
 3009 01fe 00       		.byte	0
 3010 01ff 28       		.uleb128 0x28
 3011 0200 2E       		.uleb128 0x2e
 3012 0201 00       		.byte	0
 3013 0202 3F       		.uleb128 0x3f
 3014 0203 19       		.uleb128 0x19
 3015 0204 03       		.uleb128 0x3
 3016 0205 0E       		.uleb128 0xe
 3017 0206 3A       		.uleb128 0x3a
 3018 0207 0B       		.uleb128 0xb
 3019 0208 3B       		.uleb128 0x3b
 3020 0209 05       		.uleb128 0x5
 3021 020a 39       		.uleb128 0x39
ARM GAS  C:\Users\angio\AppData\Local\Temp\cc9v9wKb.s 			page 54


 3022 020b 0B       		.uleb128 0xb
 3023 020c 27       		.uleb128 0x27
 3024 020d 19       		.uleb128 0x19
 3025 020e 00       		.byte	0
 3026 020f 00       		.byte	0
 3027 0210 29       		.uleb128 0x29
 3028 0211 2E       		.uleb128 0x2e
 3029 0212 01       		.byte	0x1
 3030 0213 03       		.uleb128 0x3
 3031 0214 0E       		.uleb128 0xe
 3032 0215 3A       		.uleb128 0x3a
 3033 0216 0B       		.uleb128 0xb
 3034 0217 3B       		.uleb128 0x3b
 3035 0218 05       		.uleb128 0x5
 3036 0219 39       		.uleb128 0x39
 3037 021a 0B       		.uleb128 0xb
 3038 021b 27       		.uleb128 0x27
 3039 021c 19       		.uleb128 0x19
 3040 021d 49       		.uleb128 0x49
 3041 021e 13       		.uleb128 0x13
 3042 021f 01       		.uleb128 0x1
 3043 0220 13       		.uleb128 0x13
 3044 0221 00       		.byte	0
 3045 0222 00       		.byte	0
 3046 0223 2A       		.uleb128 0x2a
 3047 0224 2E       		.uleb128 0x2e
 3048 0225 01       		.byte	0x1
 3049 0226 03       		.uleb128 0x3
 3050 0227 0E       		.uleb128 0xe
 3051 0228 3A       		.uleb128 0x3a
 3052 0229 0B       		.uleb128 0xb
 3053 022a 3B       		.uleb128 0x3b
 3054 022b 05       		.uleb128 0x5
 3055 022c 39       		.uleb128 0x39
 3056 022d 0B       		.uleb128 0xb
 3057 022e 27       		.uleb128 0x27
 3058 022f 19       		.uleb128 0x19
 3059 0230 01       		.uleb128 0x1
 3060 0231 13       		.uleb128 0x13
 3061 0232 00       		.byte	0
 3062 0233 00       		.byte	0
 3063 0234 2B       		.uleb128 0x2b
 3064 0235 2E       		.uleb128 0x2e
 3065 0236 01       		.byte	0x1
 3066 0237 03       		.uleb128 0x3
 3067 0238 0E       		.uleb128 0xe
 3068 0239 3A       		.uleb128 0x3a
 3069 023a 0B       		.uleb128 0xb
 3070 023b 3B       		.uleb128 0x3b
 3071 023c 0B       		.uleb128 0xb
 3072 023d 39       		.uleb128 0x39
 3073 023e 0B       		.uleb128 0xb
 3074 023f 27       		.uleb128 0x27
 3075 0240 19       		.uleb128 0x19
 3076 0241 01       		.uleb128 0x1
 3077 0242 13       		.uleb128 0x13
 3078 0243 00       		.byte	0
ARM GAS  C:\Users\angio\AppData\Local\Temp\cc9v9wKb.s 			page 55


 3079 0244 00       		.byte	0
 3080 0245 2C       		.uleb128 0x2c
 3081 0246 05       		.uleb128 0x5
 3082 0247 00       		.byte	0
 3083 0248 03       		.uleb128 0x3
 3084 0249 0E       		.uleb128 0xe
 3085 024a 3A       		.uleb128 0x3a
 3086 024b 0B       		.uleb128 0xb
 3087 024c 3B       		.uleb128 0x3b
 3088 024d 0B       		.uleb128 0xb
 3089 024e 39       		.uleb128 0x39
 3090 024f 0B       		.uleb128 0xb
 3091 0250 49       		.uleb128 0x49
 3092 0251 13       		.uleb128 0x13
 3093 0252 00       		.byte	0
 3094 0253 00       		.byte	0
 3095 0254 2D       		.uleb128 0x2d
 3096 0255 34       		.uleb128 0x34
 3097 0256 00       		.byte	0
 3098 0257 03       		.uleb128 0x3
 3099 0258 08       		.uleb128 0x8
 3100 0259 3A       		.uleb128 0x3a
 3101 025a 0B       		.uleb128 0xb
 3102 025b 3B       		.uleb128 0x3b
 3103 025c 0B       		.uleb128 0xb
 3104 025d 39       		.uleb128 0x39
 3105 025e 0B       		.uleb128 0xb
 3106 025f 49       		.uleb128 0x49
 3107 0260 13       		.uleb128 0x13
 3108 0261 00       		.byte	0
 3109 0262 00       		.byte	0
 3110 0263 2E       		.uleb128 0x2e
 3111 0264 2E       		.uleb128 0x2e
 3112 0265 00       		.byte	0
 3113 0266 03       		.uleb128 0x3
 3114 0267 0E       		.uleb128 0xe
 3115 0268 3A       		.uleb128 0x3a
 3116 0269 0B       		.uleb128 0xb
 3117 026a 3B       		.uleb128 0x3b
 3118 026b 05       		.uleb128 0x5
 3119 026c 39       		.uleb128 0x39
 3120 026d 0B       		.uleb128 0xb
 3121 026e 27       		.uleb128 0x27
 3122 026f 19       		.uleb128 0x19
 3123 0270 00       		.byte	0
 3124 0271 00       		.byte	0
 3125 0272 2F       		.uleb128 0x2f
 3126 0273 2E       		.uleb128 0x2e
 3127 0274 01       		.byte	0x1
 3128 0275 03       		.uleb128 0x3
 3129 0276 0E       		.uleb128 0xe
 3130 0277 3A       		.uleb128 0x3a
 3131 0278 0B       		.uleb128 0xb
 3132 0279 3B       		.uleb128 0x3b
 3133 027a 05       		.uleb128 0x5
 3134 027b 39       		.uleb128 0x39
 3135 027c 0B       		.uleb128 0xb
ARM GAS  C:\Users\angio\AppData\Local\Temp\cc9v9wKb.s 			page 56


 3136 027d 27       		.uleb128 0x27
 3137 027e 19       		.uleb128 0x19
 3138 027f 00       		.byte	0
 3139 0280 00       		.byte	0
 3140 0281 00       		.byte	0
 3141              		.section	.gnu.debuglto_.debug_line,"e",%progbits
 3142              	.Ldebug_line0:
 3143 0000 77040000 		.4byte	.LELT0-.LSLT0
 3144              	.LSLT0:
 3145 0004 0400     		.2byte	0x4
 3146 0006 71040000 		.4byte	.LELTP0-.LASLTP0
 3147              	.LASLTP0:
 3148 000a 01       		.byte	0x1
 3149 000b 01       		.byte	0x1
 3150 000c 01       		.byte	0x1
 3151 000d F6       		.byte	0xf6
 3152 000e F2       		.byte	0xf2
 3153 000f 0D       		.byte	0xd
 3154 0010 00       		.byte	0
 3155 0011 01       		.byte	0x1
 3156 0012 01       		.byte	0x1
 3157 0013 01       		.byte	0x1
 3158 0014 01       		.byte	0x1
 3159 0015 00       		.byte	0
 3160 0016 00       		.byte	0
 3161 0017 00       		.byte	0
 3162 0018 01       		.byte	0x1
 3163 0019 00       		.byte	0
 3164 001a 00       		.byte	0
 3165 001b 01       		.byte	0x1
 3166 001c 2E2E2F2E 		.ascii	"../../chibios2111/os/common/ext/ARM/CMSIS/Core/Incl"
 3166      2E2F6368 
 3166      6962696F 
 3166      73323131 
 3166      312F6F73 
 3167 004f 756465   		.ascii	"ude"
 3168 0052 00       		.byte	0
 3169 0053 2E2E2F2E 		.ascii	"../../chibios2111/os/common/ext/ST/STM32G4xx"
 3169      2E2F6368 
 3169      6962696F 
 3169      73323131 
 3169      312F6F73 
 3170 007f 00       		.byte	0
 3171 0080 2E2E2F2E 		.ascii	"../../chibios2111/os/common/ports/ARM-common"
 3171      2E2F6368 
 3171      6962696F 
 3171      73323131 
 3171      312F6F73 
 3172 00ac 00       		.byte	0
 3173 00ad 2E2E2F2E 		.ascii	"../../chibios2111/os/common/ports/ARMv7-M-ALT"
 3173      2E2F6368 
 3173      6962696F 
 3173      73323131 
 3173      312F6F73 
 3174 00da 00       		.byte	0
 3175 00db 2E2E2F2E 		.ascii	"../../chibios2111/os/hal/include"
 3175      2E2F6368 
ARM GAS  C:\Users\angio\AppData\Local\Temp\cc9v9wKb.s 			page 57


 3175      6962696F 
 3175      73323131 
 3175      312F6F73 
 3176 00fb 00       		.byte	0
 3177 00fc 2E2E2F2E 		.ascii	"../../chibios2111/os/hal/osal/rt-nil"
 3177      2E2F6368 
 3177      6962696F 
 3177      73323131 
 3177      312F6F73 
 3178 0120 00       		.byte	0
 3179 0121 2E2E2F2E 		.ascii	"../../chibios2111/os/hal/ports/STM32/LLD/DMAv1"
 3179      2E2F6368 
 3179      6962696F 
 3179      73323131 
 3179      312F6F73 
 3180 014f 00       		.byte	0
 3181 0150 2E2E2F2E 		.ascii	"../../chibios2111/os/hal/ports/STM32/LLD/GPIOv2"
 3181      2E2F6368 
 3181      6962696F 
 3181      73323131 
 3181      312F6F73 
 3182 017f 00       		.byte	0
 3183 0180 2E2E2F2E 		.ascii	"../../chibios2111/os/hal/ports/STM32/LLD/SPIv2"
 3183      2E2F6368 
 3183      6962696F 
 3183      73323131 
 3183      312F6F73 
 3184 01ae 00       		.byte	0
 3185 01af 2E2E2F2E 		.ascii	"../../chibios2111/os/rt/include"
 3185      2E2F6368 
 3185      6962696F 
 3185      73323131 
 3185      312F6F73 
 3186 01ce 00       		.byte	0
 3187 01cf 633A5C63 		.ascii	"c:\\chibistudio\\tools\\gnu tools arm embedded\\10."
 3187      68696269 
 3187      73747564 
 3187      696F5C74 
 3187      6F6F6C73 
 3188 01fe 33203230 		.ascii	"3 2021.10\\arm-none-eabi\\include\\machine"
 3188      32312E31 
 3188      305C6172 
 3188      6D2D6E6F 
 3188      6E652D65 
 3189 0225 00       		.byte	0
 3190 0226 633A5C63 		.ascii	"c:\\chibistudio\\tools\\gnu tools arm embedded\\10."
 3190      68696269 
 3190      73747564 
 3190      696F5C74 
 3190      6F6F6C73 
 3191 0255 33203230 		.ascii	"3 2021.10\\arm-none-eabi\\include\\sys"
 3191      32312E31 
 3191      305C6172 
 3191      6D2D6E6F 
 3191      6E652D65 
 3192 0278 00       		.byte	0
 3193 0279 633A5C63 		.ascii	"c:\\chibistudio\\tools\\gnu tools arm embedded\\10."
ARM GAS  C:\Users\angio\AppData\Local\Temp\cc9v9wKb.s 			page 58


 3193      68696269 
 3193      73747564 
 3193      696F5C74 
 3193      6F6F6C73 
 3194 02a8 33203230 		.ascii	"3 2021.10\\arm-none-eabi\\include"
 3194      32312E31 
 3194      305C6172 
 3194      6D2D6E6F 
 3194      6E652D65 
 3195 02c7 00       		.byte	0
 3196 02c8 633A5C63 		.ascii	"c:\\chibistudio\\tools\\gnu tools arm embedded\\10."
 3196      68696269 
 3196      73747564 
 3196      696F5C74 
 3196      6F6F6C73 
 3197 02f7 33203230 		.ascii	"3 2021.10\\lib\\gcc\\arm-none-eabi\\10.3.1\\include"
 3197      32312E31 
 3197      305C6C69 
 3197      625C6763 
 3197      635C6172 
 3198 0325 00       		.byte	0
 3199 0326 00       		.byte	0
 3200 0327 73746464 		.ascii	"stddef.h\000"
 3200      65662E68 
 3200      00
 3201 0330 0E       		.uleb128 0xe
 3202 0331 00       		.uleb128 0
 3203 0332 00       		.uleb128 0
 3204 0333 5F646566 		.ascii	"_default_types.h\000"
 3204      61756C74 
 3204      5F747970 
 3204      65732E68 
 3204      00
 3205 0344 0B       		.uleb128 0xb
 3206 0345 00       		.uleb128 0
 3207 0346 00       		.uleb128 0
 3208 0347 5F737464 		.ascii	"_stdint.h\000"
 3208      696E742E 
 3208      6800
 3209 0351 0C       		.uleb128 0xc
 3210 0352 00       		.uleb128 0
 3211 0353 00       		.uleb128 0
 3212 0354 73746469 		.ascii	"stdint.h\000"
 3212      6E742E68 
 3212      00
 3213 035d 0D       		.uleb128 0xd
 3214 035e 00       		.uleb128 0
 3215 035f 00       		.uleb128 0
 3216 0360 63687479 		.ascii	"chtypes.h\000"
 3216      7065732E 
 3216      6800
 3217 036a 03       		.uleb128 0x3
 3218 036b 00       		.uleb128 0
 3219 036c 00       		.uleb128 0
 3220 036d 63686561 		.ascii	"chearly.h\000"
 3220      726C792E 
 3220      6800
ARM GAS  C:\Users\angio\AppData\Local\Temp\cc9v9wKb.s 			page 59


 3221 0377 0A       		.uleb128 0xa
 3222 0378 00       		.uleb128 0
 3223 0379 00       		.uleb128 0
 3224 037a 63686F62 		.ascii	"chobjects.h\000"
 3224      6A656374 
 3224      732E6800 
 3225 0386 0A       		.uleb128 0xa
 3226 0387 00       		.uleb128 0
 3227 0388 00       		.uleb128 0
 3228 0389 63687266 		.ascii	"chrfcu.h\000"
 3228      63752E68 
 3228      00
 3229 0392 0A       		.uleb128 0xa
 3230 0393 00       		.uleb128 0
 3231 0394 00       		.uleb128 0
 3232 0395 63686465 		.ascii	"chdebug.h\000"
 3232      6275672E 
 3232      6800
 3233 039f 0A       		.uleb128 0xa
 3234 03a0 00       		.uleb128 0
 3235 03a1 00       		.uleb128 0
 3236 03a2 63687469 		.ascii	"chtime.h\000"
 3236      6D652E68 
 3236      00
 3237 03ab 0A       		.uleb128 0xa
 3238 03ac 00       		.uleb128 0
 3239 03ad 00       		.uleb128 0
 3240 03ae 63686C69 		.ascii	"chlists.h\000"
 3240      7374732E 
 3240      6800
 3241 03b8 0A       		.uleb128 0xa
 3242 03b9 00       		.uleb128 0
 3243 03ba 00       		.uleb128 0
 3244 03bb 73746D33 		.ascii	"stm32g474xx.h\000"
 3244      32673437 
 3244      3478782E 
 3244      6800
 3245 03c9 02       		.uleb128 0x2
 3246 03ca 00       		.uleb128 0
 3247 03cb 00       		.uleb128 0
 3248 03cc 6368636F 		.ascii	"chcore.h\000"
 3248      72652E68 
 3248      00
 3249 03d5 04       		.uleb128 0x4
 3250 03d6 00       		.uleb128 0
 3251 03d7 00       		.uleb128 0
 3252 03d8 63687365 		.ascii	"chsem.h\000"
 3252      6D2E6800 
 3253 03e0 0A       		.uleb128 0xa
 3254 03e1 00       		.uleb128 0
 3255 03e2 00       		.uleb128 0
 3256 03e3 63686D74 		.ascii	"chmtx.h\000"
 3256      782E6800 
 3257 03eb 0A       		.uleb128 0xa
 3258 03ec 00       		.uleb128 0
 3259 03ed 00       		.uleb128 0
 3260 03ee 73746D33 		.ascii	"stm32_dma.h\000"
ARM GAS  C:\Users\angio\AppData\Local\Temp\cc9v9wKb.s 			page 60


 3260      325F646D 
 3260      612E6800 
 3261 03fa 07       		.uleb128 0x7
 3262 03fb 00       		.uleb128 0
 3263 03fc 00       		.uleb128 0
 3264 03fd 73746D33 		.ascii	"stm32_gpio.h\000"
 3264      325F6770 
 3264      696F2E68 
 3264      00
 3265 040a 08       		.uleb128 0x8
 3266 040b 00       		.uleb128 0
 3267 040c 00       		.uleb128 0
 3268 040d 68616C5F 		.ascii	"hal_pal_lld.h\000"
 3268      70616C5F 
 3268      6C6C642E 
 3268      6800
 3269 041b 08       		.uleb128 0x8
 3270 041c 00       		.uleb128 0
 3271 041d 00       		.uleb128 0
 3272 041e 68616C5F 		.ascii	"hal_spi_v2.h\000"
 3272      7370695F 
 3272      76322E68 
 3272      00
 3273 042b 05       		.uleb128 0x5
 3274 042c 00       		.uleb128 0
 3275 042d 00       		.uleb128 0
 3276 042e 68616C5F 		.ascii	"hal_spi_v2_lld.c\000"
 3276      7370695F 
 3276      76325F6C 
 3276      6C642E63 
 3276      00
 3277 043f 09       		.uleb128 0x9
 3278 0440 00       		.uleb128 0
 3279 0441 00       		.uleb128 0
 3280 0442 6F73616C 		.ascii	"osal.h\000"
 3280      2E6800
 3281 0449 06       		.uleb128 0x6
 3282 044a 00       		.uleb128 0
 3283 044b 00       		.uleb128 0
 3284 044c 63687379 		.ascii	"chsys.h\000"
 3284      732E6800 
 3285 0454 0A       		.uleb128 0xa
 3286 0455 00       		.uleb128 0
 3287 0456 00       		.uleb128 0
 3288 0457 636D7369 		.ascii	"cmsis_gcc.h\000"
 3288      735F6763 
 3288      632E6800 
 3289 0463 01       		.uleb128 0x1
 3290 0464 00       		.uleb128 0
 3291 0465 00       		.uleb128 0
 3292 0466 68616C5F 		.ascii	"hal_spi_v2_lld.h\000"
 3292      7370695F 
 3292      76325F6C 
 3292      6C642E68 
 3292      00
 3293 0477 09       		.uleb128 0x9
 3294 0478 00       		.uleb128 0
ARM GAS  C:\Users\angio\AppData\Local\Temp\cc9v9wKb.s 			page 61


 3295 0479 00       		.uleb128 0
 3296 047a 00       		.byte	0
 3297              	.LELTP0:
 3298              	.LELT0:
 3299              		.section	.gnu.debuglto_.debug_str,"eMS",%progbits,1
 3300              	.LASF75:
 3301 0000 63685F64 		.ascii	"ch_delta_list_t\000"
 3301      656C7461 
 3301      5F6C6973 
 3301      745F7400 
 3302              	.LASF4:
 3303 0010 73697A65 		.ascii	"size_t\000"
 3303      5F7400
 3304              	.LASF253:
 3305 0017 7370695F 		.ascii	"spi_lld_get_dma\000"
 3305      6C6C645F 
 3305      6765745F 
 3305      646D6100 
 3306              	.LASF154:
 3307 0027 77747365 		.ascii	"wtsemp\000"
 3307      6D7000
 3308              	.LASF64:
 3309 002e 73797374 		.ascii	"systime_t\000"
 3309      696D655F 
 3309      7400
 3310              	.LASF106:
 3311 0038 41504231 		.ascii	"APB1ENR1\000"
 3311      454E5231 
 3311      00
 3312              	.LASF107:
 3313 0041 41504231 		.ascii	"APB1ENR2\000"
 3313      454E5232 
 3313      00
 3314              	.LASF34:
 3315 004a 6F776E65 		.ascii	"owner\000"
 3315      7200
 3316              	.LASF27:
 3317 0050 74707269 		.ascii	"tprio_t\000"
 3317      6F5F7400 
 3318              	.LASF18:
 3319 0058 696E7433 		.ascii	"int32_t\000"
 3319      325F7400 
 3320              	.LASF231:
 3321 0060 7370695F 		.ascii	"spi_lld_serve_tx_interrupt\000"
 3321      6C6C645F 
 3321      73657276 
 3321      655F7478 
 3321      5F696E74 
 3322              	.LASF122:
 3323 007b 43434950 		.ascii	"CCIPR2\000"
 3323      523200
 3324              	.LASF210:
 3325 0082 7373706F 		.ascii	"ssport\000"
 3325      727400
 3326              	.LASF145:
 3327 0089 72656769 		.ascii	"registry_t\000"
 3327      73747279 
ARM GAS  C:\Users\angio\AppData\Local\Temp\cc9v9wKb.s 			page 62


 3327      5F7400
 3328              	.LASF224:
 3329 0094 5F5F6675 		.ascii	"__func__\000"
 3329      6E635F5F 
 3329      00
 3330              	.LASF195:
 3331 009d 68616C5F 		.ascii	"hal_spi_driver\000"
 3331      7370695F 
 3331      64726976 
 3331      657200
 3332              	.LASF85:
 3333 00ac 49435343 		.ascii	"ICSCR\000"
 3333      5200
 3334              	.LASF219:
 3335 00b2 73697A65 		.ascii	"sizep\000"
 3335      7000
 3336              	.LASF54:
 3337 00b8 636F6E66 		.ascii	"config\000"
 3337      696700
 3338              	.LASF37:
 3339 00bf 73746174 		.ascii	"state\000"
 3339      6500
 3340              	.LASF250:
 3341 00c5 53504944 		.ascii	"SPID1\000"
 3341      3100
 3342              	.LASF57:
 3343 00cb 63685F72 		.ascii	"ch_rfcu\000"
 3343      66637500 
 3344              	.LASF78:
 3345 00d3 434E4454 		.ascii	"CNDTR\000"
 3345      5200
 3346              	.LASF207:
 3347 00d9 736C6176 		.ascii	"slave\000"
 3347      6500
 3348              	.LASF209:
 3349 00df 6572726F 		.ascii	"error_cb\000"
 3349      725F6362 
 3349      00
 3350              	.LASF237:
 3351 00e8 6F73616C 		.ascii	"osalSysLockFromISR\000"
 3351      5379734C 
 3351      6F636B46 
 3351      726F6D49 
 3351      535200
 3352              	.LASF143:
 3353 00fb 63685F72 		.ascii	"ch_registry\000"
 3353      65676973 
 3353      74727900 
 3354              	.LASF74:
 3355 0107 7072696F 		.ascii	"prio\000"
 3355      00
 3356              	.LASF251:
 3357 010c 7370695F 		.ascii	"spi_lld_stop\000"
 3357      6C6C645F 
 3357      73746F70 
 3357      00
 3358              	.LASF235:
ARM GAS  C:\Users\angio\AppData\Local\Temp\cc9v9wKb.s 			page 63


 3359 0119 6F73616C 		.ascii	"osalThreadResumeI\000"
 3359      54687265 
 3359      61645265 
 3359      73756D65 
 3359      4900
 3360              	.LASF150:
 3361 012b 65786974 		.ascii	"exitcode\000"
 3361      636F6465 
 3361      00
 3362              	.LASF127:
 3363 0134 49325343 		.ascii	"I2SCFGR\000"
 3363      46475200 
 3364              	.LASF5:
 3365 013c 5F5F7569 		.ascii	"__uint8_t\000"
 3365      6E74385F 
 3365      7400
 3366              	.LASF247:
 3367 0146 474E5520 		.ascii	"GNU C17 10.3.1 20210824 (release) -mcpu=cortex-m4 -"
 3367      43313720 
 3367      31302E33 
 3367      2E312032 
 3367      30323130 
 3368 0179 6D746875 		.ascii	"mthumb -mfloat-abi=soft -march=armv7e-m -ggdb -O0 -"
 3368      6D62202D 
 3368      6D666C6F 
 3368      61742D61 
 3368      62693D73 
 3369 01ac 666F6D69 		.ascii	"fomit-frame-pointer -falign-functions=16 -ffunction"
 3369      742D6672 
 3369      616D652D 
 3369      706F696E 
 3369      74657220 
 3370 01df 2D736563 		.ascii	"-sections -fdata-sections -fno-common -flto\000"
 3370      74696F6E 
 3370      73202D66 
 3370      64617461 
 3370      2D736563 
 3371              	.LASF84:
 3372 020b 444D414D 		.ascii	"DMAMUX_Channel_TypeDef\000"
 3372      55585F43 
 3372      68616E6E 
 3372      656C5F54 
 3372      79706544 
 3373              	.LASF112:
 3374 0222 41484233 		.ascii	"AHB3SMENR\000"
 3374      534D454E 
 3374      5200
 3375              	.LASF11:
 3376 022c 6C6F6E67 		.ascii	"long int\000"
 3376      20696E74 
 3376      00
 3377              	.LASF188:
 3378 0235 5350495F 		.ascii	"SPI_UNINIT\000"
 3378      554E494E 
 3378      495400
 3379              	.LASF244:
 3380 0240 706F7274 		.ascii	"port_unlock\000"
ARM GAS  C:\Users\angio\AppData\Local\Temp\cc9v9wKb.s 			page 64


 3380      5F756E6C 
 3380      6F636B00 
 3381              	.LASF226:
 3382 024c 7370695F 		.ascii	"spi_lld_ignore\000"
 3382      6C6C645F 
 3382      69676E6F 
 3382      726500
 3383              	.LASF241:
 3384 025b 63685379 		.ascii	"chSysLockFromISR\000"
 3384      734C6F63 
 3384      6B46726F 
 3384      6D495352 
 3384      00
 3385              	.LASF187:
 3386 026c 696F706F 		.ascii	"ioportid_t\000"
 3386      72746964 
 3386      5F7400
 3387              	.LASF25:
 3388 0277 74737461 		.ascii	"tstate_t\000"
 3388      74655F74 
 3388      00
 3389              	.LASF42:
 3390 0280 6570656E 		.ascii	"epending\000"
 3390      64696E67 
 3390      00
 3391              	.LASF66:
 3392 0289 63685F6C 		.ascii	"ch_list_t\000"
 3392      6973745F 
 3392      7400
 3393              	.LASF223:
 3394 0293 74786275 		.ascii	"txbuf\000"
 3394      6600
 3395              	.LASF232:
 3396 0299 7370695F 		.ascii	"spi_lld_serve_rx_interrupt\000"
 3396      6C6C645F 
 3396      73657276 
 3396      655F7278 
 3396      5F696E74 
 3397              	.LASF234:
 3398 02b4 7370695F 		.ascii	"spi_lld_enable\000"
 3398      6C6C645F 
 3398      656E6162 
 3398      6C6500
 3399              	.LASF108:
 3400 02c3 41504232 		.ascii	"APB2ENR\000"
 3400      454E5200 
 3401              	.LASF67:
 3402 02cb 63685F6C 		.ascii	"ch_list\000"
 3402      69737400 
 3403              	.LASF141:
 3404 02d3 6C617374 		.ascii	"laststamp\000"
 3404      7374616D 
 3404      7000
 3405              	.LASF79:
 3406 02dd 43504152 		.ascii	"CPAR\000"
 3406      00
 3407              	.LASF3:
ARM GAS  C:\Users\angio\AppData\Local\Temp\cc9v9wKb.s 			page 65


 3408 02e2 7369676E 		.ascii	"signed char\000"
 3408      65642063 
 3408      68617200 
 3409              	.LASF156:
 3410 02ee 65776D61 		.ascii	"ewmask\000"
 3410      736B00
 3411              	.LASF16:
 3412 02f5 75696E74 		.ascii	"uint8_t\000"
 3412      385F7400 
 3413              	.LASF31:
 3414 02fd 636F7265 		.ascii	"core_id_t\000"
 3414      5F69645F 
 3414      7400
 3415              	.LASF29:
 3416 0307 6576656E 		.ascii	"eventmask_t\000"
 3416      746D6173 
 3416      6B5F7400 
 3417              	.LASF227:
 3418 0313 7370695F 		.ascii	"spi_lld_start\000"
 3418      6C6C645F 
 3418      73746172 
 3418      7400
 3419              	.LASF152:
 3420 0321 77747472 		.ascii	"wttrp\000"
 3420      7000
 3421              	.LASF240:
 3422 0327 63685379 		.ascii	"chSysUnlockFromISR\000"
 3422      73556E6C 
 3422      6F636B46 
 3422      726F6D49 
 3422      535200
 3423              	.LASF88:
 3424 033a 52455345 		.ascii	"RESERVED0\000"
 3424      52564544 
 3424      3000
 3425              	.LASF89:
 3426 0344 52455345 		.ascii	"RESERVED1\000"
 3426      52564544 
 3426      3100
 3427              	.LASF6:
 3428 034e 756E7369 		.ascii	"unsigned char\000"
 3428      676E6564 
 3428      20636861 
 3428      7200
 3429              	.LASF97:
 3430 035c 52455345 		.ascii	"RESERVED3\000"
 3430      52564544 
 3430      3300
 3431              	.LASF101:
 3432 0366 52455345 		.ascii	"RESERVED4\000"
 3432      52564544 
 3432      3400
 3433              	.LASF105:
 3434 0370 52455345 		.ascii	"RESERVED5\000"
 3434      52564544 
 3434      3500
 3435              	.LASF109:
ARM GAS  C:\Users\angio\AppData\Local\Temp\cc9v9wKb.s 			page 66


 3436 037a 52455345 		.ascii	"RESERVED6\000"
 3436      52564544 
 3436      3600
 3437              	.LASF113:
 3438 0384 52455345 		.ascii	"RESERVED7\000"
 3438      52564544 
 3438      3700
 3439              	.LASF117:
 3440 038e 52455345 		.ascii	"RESERVED8\000"
 3440      52564544 
 3440      3800
 3441              	.LASF119:
 3442 0398 52455345 		.ascii	"RESERVED9\000"
 3442      52564544 
 3442      3900
 3443              	.LASF83:
 3444 03a2 444D415F 		.ascii	"DMA_TypeDef\000"
 3444      54797065 
 3444      44656600 
 3445              	.LASF61:
 3446 03ae 70616E69 		.ascii	"panic_msg\000"
 3446      635F6D73 
 3446      6700
 3447              	.LASF222:
 3448 03b8 7370695F 		.ascii	"spi_lld_send\000"
 3448      6C6C645F 
 3448      73656E64 
 3448      00
 3449              	.LASF63:
 3450 03c5 73797374 		.ascii	"system_debug_t\000"
 3450      656D5F64 
 3450      65627567 
 3450      5F7400
 3451              	.LASF169:
 3452 03d4 5F426F6F 		.ascii	"_Bool\000"
 3452      6C00
 3453              	.LASF93:
 3454 03da 52455345 		.ascii	"RESERVED2\000"
 3454      52564544 
 3454      3200
 3455              	.LASF249:
 3456 03e4 433A5C43 		.ascii	"C:\\ChibiStudio\\workspace_user\\RT-STM32G474RE-NUC"
 3456      68696269 
 3456      53747564 
 3456      696F5C77 
 3456      6F726B73 
 3457 0414 4C454F36 		.ascii	"LEO64\000"
 3457      3400
 3458              	.LASF62:
 3459 041a 63686172 		.ascii	"char\000"
 3459      00
 3460              	.LASF82:
 3461 041f 49464352 		.ascii	"IFCR\000"
 3461      00
 3462              	.LASF94:
 3463 0424 41484231 		.ascii	"AHB1RSTR\000"
 3463      52535452 
ARM GAS  C:\Users\angio\AppData\Local\Temp\cc9v9wKb.s 			page 67


 3463      00
 3464              	.LASF194:
 3465 042d 53504944 		.ascii	"SPIDriver\000"
 3465      72697665 
 3465      7200
 3466              	.LASF8:
 3467 0437 5F5F7569 		.ascii	"__uint16_t\000"
 3467      6E743136 
 3467      5F7400
 3468              	.LASF103:
 3469 0442 41484232 		.ascii	"AHB2ENR\000"
 3469      454E5200 
 3470              	.LASF151:
 3471 044a 77746F62 		.ascii	"wtobjp\000"
 3471      6A7000
 3472              	.LASF38:
 3473 0451 666C6167 		.ascii	"flags\000"
 3473      7300
 3474              	.LASF23:
 3475 0457 73746B61 		.ascii	"stkalign_t\000"
 3475      6C69676E 
 3475      5F7400
 3476              	.LASF52:
 3477 0462 636F7265 		.ascii	"core_id\000"
 3477      5F696400 
 3478              	.LASF130:
 3479 046a 706F7274 		.ascii	"port_extctx\000"
 3479      5F657874 
 3479      63747800 
 3480              	.LASF206:
 3481 0476 63697263 		.ascii	"circular\000"
 3481      756C6172 
 3481      00
 3482              	.LASF45:
 3483 047f 6D706F6F 		.ascii	"mpool\000"
 3483      6C00
 3484              	.LASF164:
 3485 0485 6D61696E 		.ascii	"mainthread_end\000"
 3485      74687265 
 3485      61645F65 
 3485      6E6400
 3486              	.LASF98:
 3487 0494 41504231 		.ascii	"APB1RSTR1\000"
 3487      52535452 
 3487      3100
 3488              	.LASF99:
 3489 049e 41504231 		.ascii	"APB1RSTR2\000"
 3489      52535452 
 3489      3200
 3490              	.LASF120:
 3491 04a8 42444352 		.ascii	"BDCR\000"
 3491      00
 3492              	.LASF33:
 3493 04ad 72717565 		.ascii	"rqueue\000"
 3493      756500
 3494              	.LASF30:
 3495 04b4 636E745F 		.ascii	"cnt_t\000"
ARM GAS  C:\Users\angio\AppData\Local\Temp\cc9v9wKb.s 			page 68


 3495      7400
 3496              	.LASF140:
 3497 04ba 6C617374 		.ascii	"lasttime\000"
 3497      74696D65 
 3497      00
 3498              	.LASF216:
 3499 04c3 64723136 		.ascii	"dr16p\000"
 3499      7000
 3500              	.LASF217:
 3501 04c9 7370695F 		.ascii	"spi_lld_polled_exchange\000"
 3501      6C6C645F 
 3501      706F6C6C 
 3501      65645F65 
 3501      78636861 
 3502              	.LASF155:
 3503 04e1 77746D74 		.ascii	"wtmtxp\000"
 3503      787000
 3504              	.LASF121:
 3505 04e8 43525243 		.ascii	"CRRCR\000"
 3505      5200
 3506              	.LASF48:
 3507 04ee 63685F6F 		.ascii	"ch_os_instance\000"
 3507      735F696E 
 3507      7374616E 
 3507      636500
 3508              	.LASF218:
 3509 04fd 7370695F 		.ascii	"spi_lld_stop_transfer\000"
 3509      6C6C645F 
 3509      73746F70 
 3509      5F747261 
 3509      6E736665 
 3510              	.LASF177:
 3511 0513 636C6561 		.ascii	"clear\000"
 3511      7200
 3512              	.LASF86:
 3513 0519 43464752 		.ascii	"CFGR\000"
 3513      00
 3514              	.LASF233:
 3515 051e 7370695F 		.ascii	"spi_lld_disable\000"
 3515      6C6C645F 
 3515      64697361 
 3515      626C6500 
 3516              	.LASF236:
 3517 052e 6F73616C 		.ascii	"osalSysUnlockFromISR\000"
 3517      53797355 
 3517      6E6C6F63 
 3517      6B46726F 
 3517      6D495352 
 3518              	.LASF132:
 3519 0543 78707372 		.ascii	"xpsr\000"
 3519      00
 3520              	.LASF118:
 3521 0548 43434950 		.ascii	"CCIPR\000"
 3521      5200
 3522              	.LASF14:
 3523 054e 5F5F7569 		.ascii	"__uint64_t\000"
 3523      6E743634 
ARM GAS  C:\Users\angio\AppData\Local\Temp\cc9v9wKb.s 			page 69


 3523      5F7400
 3524              	.LASF13:
 3525 0559 6C6F6E67 		.ascii	"long unsigned int\000"
 3525      20756E73 
 3525      69676E65 
 3525      6420696E 
 3525      7400
 3526              	.LASF69:
 3527 056b 63685F71 		.ascii	"ch_queue_t\000"
 3527      75657565 
 3527      5F7400
 3528              	.LASF56:
 3529 0576 72666375 		.ascii	"rfcu_mask_t\000"
 3529      5F6D6173 
 3529      6B5F7400 
 3530              	.LASF157:
 3531 0582 63685F73 		.ascii	"ch_semaphore\000"
 3531      656D6170 
 3531      686F7265 
 3531      00
 3532              	.LASF173:
 3533 058f 73686966 		.ascii	"shift\000"
 3533      7400
 3534              	.LASF171:
 3535 0595 6368616E 		.ascii	"channel\000"
 3535      6E656C00 
 3536              	.LASF47:
 3537 059d 63685F74 		.ascii	"ch_thread\000"
 3537      68726561 
 3537      6400
 3538              	.LASF142:
 3539 05a7 76697274 		.ascii	"virtual_timers_list_t\000"
 3539      75616C5F 
 3539      74696D65 
 3539      72735F6C 
 3539      6973745F 
 3540              	.LASF215:
 3541 05bd 64723870 		.ascii	"dr8p\000"
 3541      00
 3542              	.LASF131:
 3543 05c2 6C725F74 		.ascii	"lr_thd\000"
 3543      686400
 3544              	.LASF176:
 3545 05c9 73746D33 		.ascii	"stm32_dma_stream_t\000"
 3545      325F646D 
 3545      615F7374 
 3545      7265616D 
 3545      5F7400
 3546              	.LASF161:
 3547 05dc 72656164 		.ascii	"ready_list_t\000"
 3547      795F6C69 
 3547      73745F74 
 3547      00
 3548              	.LASF44:
 3549 05e9 7265616C 		.ascii	"realprio\000"
 3549      7072696F 
 3549      00
ARM GAS  C:\Users\angio\AppData\Local\Temp\cc9v9wKb.s 			page 70


 3550              	.LASF225:
 3551 05f2 7370695F 		.ascii	"spi_lld_exchange\000"
 3551      6C6C645F 
 3551      65786368 
 3551      616E6765 
 3551      00
 3552              	.LASF246:
 3553 0603 62617365 		.ascii	"basePri\000"
 3553      50726900 
 3554              	.LASF59:
 3555 060b 72666375 		.ascii	"rfcu_t\000"
 3555      5F7400
 3556              	.LASF180:
 3557 0612 4F535045 		.ascii	"OSPEEDR\000"
 3557      45445200 
 3558              	.LASF87:
 3559 061a 504C4C43 		.ascii	"PLLCFGR\000"
 3559      46475200 
 3560              	.LASF221:
 3561 0622 72786275 		.ascii	"rxbuf\000"
 3561      6600
 3562              	.LASF198:
 3563 0628 646D6172 		.ascii	"dmarx\000"
 3563      7800
 3564              	.LASF12:
 3565 062e 5F5F7569 		.ascii	"__uint32_t\000"
 3565      6E743332 
 3565      5F7400
 3566              	.LASF43:
 3567 0639 6D74786C 		.ascii	"mtxlist\000"
 3567      69737400 
 3568              	.LASF190:
 3569 0641 5350495F 		.ascii	"SPI_READY\000"
 3569      52454144 
 3569      5900
 3570              	.LASF1:
 3571 064b 6C6F6E67 		.ascii	"long long int\000"
 3571      206C6F6E 
 3571      6720696E 
 3571      7400
 3572              	.LASF65:
 3573 0659 73797369 		.ascii	"sysinterval_t\000"
 3573      6E746572 
 3573      76616C5F 
 3573      7400
 3574              	.LASF181:
 3575 0667 50555044 		.ascii	"PUPDR\000"
 3575      5200
 3576              	.LASF243:
 3577 066d 706F7274 		.ascii	"port_lock_from_isr\000"
 3577      5F6C6F63 
 3577      6B5F6672 
 3577      6F6D5F69 
 3577      737200
 3578              	.LASF72:
 3579 0680 63685F70 		.ascii	"ch_priority_queue_t\000"
 3579      72696F72 
ARM GAS  C:\Users\angio\AppData\Local\Temp\cc9v9wKb.s 			page 71


 3579      6974795F 
 3579      71756575 
 3579      655F7400 
 3580              	.LASF205:
 3581 0694 68616C5F 		.ascii	"hal_spi_config\000"
 3581      7370695F 
 3581      636F6E66 
 3581      696700
 3582              	.LASF100:
 3583 06a3 41504232 		.ascii	"APB2RSTR\000"
 3583      52535452 
 3583      00
 3584              	.LASF58:
 3585 06ac 6D61736B 		.ascii	"mask\000"
 3585      00
 3586              	.LASF111:
 3587 06b1 41484232 		.ascii	"AHB2SMENR\000"
 3587      534D454E 
 3587      5200
 3588              	.LASF197:
 3589 06bb 6D757465 		.ascii	"mutex\000"
 3589      7800
 3590              	.LASF220:
 3591 06c1 7370695F 		.ascii	"spi_lld_receive\000"
 3591      6C6C645F 
 3591      72656365 
 3591      69766500 
 3592              	.LASF125:
 3593 06d1 52584352 		.ascii	"RXCRCR\000"
 3593      435200
 3594              	.LASF200:
 3595 06d8 7278646D 		.ascii	"rxdmamode\000"
 3595      616D6F64 
 3595      6500
 3596              	.LASF213:
 3597 06e2 73706970 		.ascii	"spip\000"
 3597      00
 3598              	.LASF199:
 3599 06e7 646D6174 		.ascii	"dmatx\000"
 3599      7800
 3600              	.LASF178:
 3601 06ed 4D4F4445 		.ascii	"MODER\000"
 3601      5200
 3602              	.LASF184:
 3603 06f3 4146524C 		.ascii	"AFRL\000"
 3603      00
 3604              	.LASF174:
 3605 06f8 73656C66 		.ascii	"selfindex\000"
 3605      696E6465 
 3605      7800
 3606              	.LASF0:
 3607 0702 756E7369 		.ascii	"unsigned int\000"
 3607      676E6564 
 3607      20696E74 
 3607      00
 3608              	.LASF204:
 3609 070f 53504943 		.ascii	"SPIConfig\000"
ARM GAS  C:\Users\angio\AppData\Local\Temp\cc9v9wKb.s 			page 72


 3609      6F6E6669 
 3609      6700
 3610              	.LASF191:
 3611 0719 5350495F 		.ascii	"SPI_ACTIVE\000"
 3611      41435449 
 3611      564500
 3612              	.LASF46:
 3613 0724 6F735F69 		.ascii	"os_instance_t\000"
 3613      6E737461 
 3613      6E63655F 
 3613      7400
 3614              	.LASF214:
 3615 0732 6672616D 		.ascii	"frame\000"
 3615      6500
 3616              	.LASF80:
 3617 0738 434D4152 		.ascii	"CMAR\000"
 3617      00
 3618              	.LASF160:
 3619 073d 63757272 		.ascii	"current\000"
 3619      656E7400 
 3620              	.LASF147:
 3621 0745 6C697374 		.ascii	"list\000"
 3621      00
 3622              	.LASF76:
 3623 074a 63685F64 		.ascii	"ch_delta_list\000"
 3623      656C7461 
 3623      5F6C6973 
 3623      7400
 3624              	.LASF139:
 3625 0758 646C6973 		.ascii	"dlist\000"
 3625      7400
 3626              	.LASF228:
 3627 075e 72787374 		.ascii	"rxstream\000"
 3627      7265616D 
 3627      00
 3628              	.LASF96:
 3629 0767 41484233 		.ascii	"AHB3RSTR\000"
 3629      52535452 
 3629      00
 3630              	.LASF32:
 3631 0770 74687265 		.ascii	"thread_t\000"
 3631      61645F74 
 3631      00
 3632              	.LASF166:
 3633 0779 69646C65 		.ascii	"idlethread_end\000"
 3633      74687265 
 3633      61645F65 
 3633      6E6400
 3634              	.LASF2:
 3635 0788 6C6F6E67 		.ascii	"long double\000"
 3635      20646F75 
 3635      626C6500 
 3636              	.LASF146:
 3637 0794 74687265 		.ascii	"thread_reference_t\000"
 3637      61645F72 
 3637      65666572 
 3637      656E6365 
ARM GAS  C:\Users\angio\AppData\Local\Temp\cc9v9wKb.s 			page 73


 3637      5F7400
 3638              	.LASF153:
 3639 07a7 73656E74 		.ascii	"sentmsg\000"
 3639      6D736700 
 3640              	.LASF133:
 3641 07af 706F7274 		.ascii	"port_intctx\000"
 3641      5F696E74 
 3641      63747800 
 3642              	.LASF238:
 3643 07bb 6F73616C 		.ascii	"osalSysHalt\000"
 3643      53797348 
 3643      616C7400 
 3644              	.LASF242:
 3645 07c7 706F7274 		.ascii	"port_unlock_from_isr\000"
 3645      5F756E6C 
 3645      6F636B5F 
 3645      66726F6D 
 3645      5F697372 
 3646              	.LASF172:
 3647 07dc 636D6173 		.ascii	"cmask\000"
 3647      6B00
 3648              	.LASF81:
 3649 07e2 444D415F 		.ascii	"DMA_Channel_TypeDef\000"
 3649      4368616E 
 3649      6E656C5F 
 3649      54797065 
 3649      44656600 
 3650              	.LASF170:
 3651 07f6 73746D33 		.ascii	"stm32_dmaisr_t\000"
 3651      325F646D 
 3651      61697372 
 3651      5F7400
 3652              	.LASF186:
 3653 0805 73746D33 		.ascii	"stm32_gpio_t\000"
 3653      325F6770 
 3653      696F5F74 
 3653      00
 3654              	.LASF15:
 3655 0812 6C6F6E67 		.ascii	"long long unsigned int\000"
 3655      206C6F6E 
 3655      6720756E 
 3655      7369676E 
 3655      65642069 
 3656              	.LASF17:
 3657 0829 75696E74 		.ascii	"uint16_t\000"
 3657      31365F74 
 3657      00
 3658              	.LASF183:
 3659 0832 4C4F434B 		.ascii	"LOCKR\000"
 3659      5200
 3660              	.LASF163:
 3661 0838 6D61696E 		.ascii	"mainthread_base\000"
 3661      74687265 
 3661      61645F62 
 3661      61736500 
 3662              	.LASF28:
 3663 0848 6D73675F 		.ascii	"msg_t\000"
ARM GAS  C:\Users\angio\AppData\Local\Temp\cc9v9wKb.s 			page 74


 3663      7400
 3664              	.LASF77:
 3665 084e 64656C74 		.ascii	"delta\000"
 3665      6100
 3666              	.LASF22:
 3667 0854 706F7274 		.ascii	"port_stkalign_t\000"
 3667      5F73746B 
 3667      616C6967 
 3667      6E5F7400 
 3668              	.LASF212:
 3669 0864 73706963 		.ascii	"spicb_t\000"
 3669      625F7400 
 3670              	.LASF185:
 3671 086c 41465248 		.ascii	"AFRH\000"
 3671      00
 3672              	.LASF39:
 3673 0871 72656673 		.ascii	"refs\000"
 3673      00
 3674              	.LASF144:
 3675 0876 71756575 		.ascii	"queue\000"
 3675      6500
 3676              	.LASF239:
 3677 087c 72656173 		.ascii	"reason\000"
 3677      6F6E00
 3678              	.LASF175:
 3679 0883 76656374 		.ascii	"vector\000"
 3679      6F7200
 3680              	.LASF55:
 3681 088a 6D61696E 		.ascii	"mainthread\000"
 3681      74687265 
 3681      616400
 3682              	.LASF254:
 3683 0895 5F5F7365 		.ascii	"__set_BASEPRI\000"
 3683      745F4241 
 3683      53455052 
 3683      4900
 3684              	.LASF36:
 3685 08a3 77616261 		.ascii	"wabase\000"
 3685      736500
 3686              	.LASF137:
 3687 08aa 72656773 		.ascii	"regs\000"
 3687      00
 3688              	.LASF179:
 3689 08af 4F545950 		.ascii	"OTYPER\000"
 3689      455200
 3690              	.LASF126:
 3691 08b6 54584352 		.ascii	"TXCRCR\000"
 3691      435200
 3692              	.LASF129:
 3693 08bd 5350495F 		.ascii	"SPI_TypeDef\000"
 3693      54797065 
 3693      44656600 
 3694              	.LASF49:
 3695 08c9 726C6973 		.ascii	"rlist\000"
 3695      7400
 3696              	.LASF24:
 3697 08cf 746D6F64 		.ascii	"tmode_t\000"
ARM GAS  C:\Users\angio\AppData\Local\Temp\cc9v9wKb.s 			page 75


 3697      655F7400 
 3698              	.LASF124:
 3699 08d7 43524350 		.ascii	"CRCPR\000"
 3699      5200
 3700              	.LASF102:
 3701 08dd 41484231 		.ascii	"AHB1ENR\000"
 3701      454E5200 
 3702              	.LASF148:
 3703 08e5 70717565 		.ascii	"pqueue\000"
 3703      756500
 3704              	.LASF104:
 3705 08ec 41484233 		.ascii	"AHB3ENR\000"
 3705      454E5200 
 3706              	.LASF95:
 3707 08f4 41484232 		.ascii	"AHB2RSTR\000"
 3707      52535452 
 3707      00
 3708              	.LASF35:
 3709 08fd 6E616D65 		.ascii	"name\000"
 3709      00
 3710              	.LASF245:
 3711 0902 706F7274 		.ascii	"port_lock\000"
 3711      5F6C6F63 
 3711      6B00
 3712              	.LASF21:
 3713 090c 75696E74 		.ascii	"uint_fast8_t\000"
 3713      5F666173 
 3713      74385F74 
 3713      00
 3714              	.LASF123:
 3715 0919 5243435F 		.ascii	"RCC_TypeDef\000"
 3715      54797065 
 3715      44656600 
 3716              	.LASF189:
 3717 0925 5350495F 		.ascii	"SPI_STOP\000"
 3717      53544F50 
 3717      00
 3718              	.LASF162:
 3719 092e 63685F6F 		.ascii	"ch_os_instance_config\000"
 3719      735F696E 
 3719      7374616E 
 3719      63655F63 
 3719      6F6E6669 
 3720              	.LASF248:
 3721 0944 2E2E2F2E 		.ascii	"../../chibios2111/os/hal/ports/STM32/LLD/SPIv2/hal_"
 3721      2E2F6368 
 3721      6962696F 
 3721      73323131 
 3721      312F6F73 
 3722 0977 7370695F 		.ascii	"spi_v2_lld.c\000"
 3722      76325F6C 
 3722      6C642E63 
 3722      00
 3723              	.LASF7:
 3724 0984 73686F72 		.ascii	"short int\000"
 3724      7420696E 
 3724      7400
ARM GAS  C:\Users\angio\AppData\Local\Temp\cc9v9wKb.s 			page 76


 3725              	.LASF167:
 3726 098e 6F735F69 		.ascii	"os_instance_config_t\000"
 3726      6E737461 
 3726      6E63655F 
 3726      636F6E66 
 3726      69675F74 
 3727              	.LASF73:
 3728 09a3 63685F70 		.ascii	"ch_priority_queue\000"
 3728      72696F72 
 3728      6974795F 
 3728      71756575 
 3728      6500
 3729              	.LASF20:
 3730 09b5 75696E74 		.ascii	"uint64_t\000"
 3730      36345F74 
 3730      00
 3731              	.LASF230:
 3732 09be 7072696F 		.ascii	"priority\000"
 3732      72697479 
 3732      00
 3733              	.LASF158:
 3734 09c7 63685F6D 		.ascii	"ch_mutex\000"
 3734      75746578 
 3734      00
 3735              	.LASF202:
 3736 09d0 72787369 		.ascii	"rxsink\000"
 3736      6E6B00
 3737              	.LASF53:
 3738 09d7 72666375 		.ascii	"rfcu\000"
 3738      00
 3739              	.LASF41:
 3740 09dc 6D736771 		.ascii	"msgqueue\000"
 3740      75657565 
 3740      00
 3741              	.LASF135:
 3742 09e5 6C725F65 		.ascii	"lr_exc\000"
 3742      786300
 3743              	.LASF60:
 3744 09ec 63685F73 		.ascii	"ch_system_debug\000"
 3744      79737465 
 3744      6D5F6465 
 3744      62756700 
 3745              	.LASF51:
 3746 09fc 7265676C 		.ascii	"reglist\000"
 3746      69737400 
 3747              	.LASF70:
 3748 0a04 63685F71 		.ascii	"ch_queue\000"
 3748      75657565 
 3748      00
 3749              	.LASF92:
 3750 0a0d 43494352 		.ascii	"CICR\000"
 3750      00
 3751              	.LASF252:
 3752 0a12 7370695F 		.ascii	"spi_lld_init\000"
 3752      6C6C645F 
 3752      696E6974 
 3752      00
ARM GAS  C:\Users\angio\AppData\Local\Temp\cc9v9wKb.s 			page 77


 3753              	.LASF182:
 3754 0a1f 42535252 		.ascii	"BSRR\000"
 3754      00
 3755              	.LASF114:
 3756 0a24 41504231 		.ascii	"APB1SMENR1\000"
 3756      534D454E 
 3756      523100
 3757              	.LASF115:
 3758 0a2f 41504231 		.ascii	"APB1SMENR2\000"
 3758      534D454E 
 3758      523200
 3759              	.LASF50:
 3760 0a3a 76746C69 		.ascii	"vtlist\000"
 3760      737400
 3761              	.LASF40:
 3762 0a41 77616974 		.ascii	"waiting\000"
 3762      696E6700 
 3763              	.LASF203:
 3764 0a49 7478736F 		.ascii	"txsource\000"
 3764      75726365 
 3764      00
 3765              	.LASF168:
 3766 0a52 6D757465 		.ascii	"mutex_t\000"
 3766      785F7400 
 3767              	.LASF26:
 3768 0a5a 74726566 		.ascii	"trefs_t\000"
 3768      735F7400 
 3769              	.LASF136:
 3770 0a62 706F7274 		.ascii	"port_context\000"
 3770      5F636F6E 
 3770      74657874 
 3770      00
 3771              	.LASF138:
 3772 0a6f 63685F76 		.ascii	"ch_virtual_timers_list\000"
 3772      69727475 
 3772      616C5F74 
 3772      696D6572 
 3772      735F6C69 
 3773              	.LASF19:
 3774 0a86 75696E74 		.ascii	"uint32_t\000"
 3774      33325F74 
 3774      00
 3775              	.LASF128:
 3776 0a8f 49325350 		.ascii	"I2SPR\000"
 3776      5200
 3777              	.LASF229:
 3778 0a95 74787374 		.ascii	"txstream\000"
 3778      7265616D 
 3778      00
 3779              	.LASF110:
 3780 0a9e 41484231 		.ascii	"AHB1SMENR\000"
 3780      534D454E 
 3780      5200
 3781              	.LASF134:
 3782 0aa8 62617365 		.ascii	"basepri\000"
 3782      70726900 
 3783              	.LASF208:
ARM GAS  C:\Users\angio\AppData\Local\Temp\cc9v9wKb.s 			page 78


 3784 0ab0 64617461 		.ascii	"data_cb\000"
 3784      5F636200 
 3785              	.LASF192:
 3786 0ab8 5350495F 		.ascii	"SPI_COMPLETE\000"
 3786      434F4D50 
 3786      4C455445 
 3786      00
 3787              	.LASF90:
 3788 0ac5 43494552 		.ascii	"CIER\000"
 3788      00
 3789              	.LASF149:
 3790 0aca 7264796D 		.ascii	"rdymsg\000"
 3790      736700
 3791              	.LASF196:
 3792 0ad1 73796E63 		.ascii	"sync_transfer\000"
 3792      5F747261 
 3792      6E736665 
 3792      7200
 3793              	.LASF9:
 3794 0adf 73686F72 		.ascii	"short unsigned int\000"
 3794      7420756E 
 3794      7369676E 
 3794      65642069 
 3794      6E7400
 3795              	.LASF193:
 3796 0af2 73706973 		.ascii	"spistate_t\000"
 3796      74617465 
 3796      5F7400
 3797              	.LASF116:
 3798 0afd 41504232 		.ascii	"APB2SMENR\000"
 3798      534D454E 
 3798      5200
 3799              	.LASF165:
 3800 0b07 69646C65 		.ascii	"idlethread_base\000"
 3800      74687265 
 3800      61645F62 
 3800      61736500 
 3801              	.LASF91:
 3802 0b17 43494652 		.ascii	"CIFR\000"
 3802      00
 3803              	.LASF10:
 3804 0b1c 5F5F696E 		.ascii	"__int32_t\000"
 3804      7433325F 
 3804      7400
 3805              	.LASF159:
 3806 0b26 63685F72 		.ascii	"ch_ready_list\000"
 3806      65616479 
 3806      5F6C6973 
 3806      7400
 3807              	.LASF211:
 3808 0b34 73737061 		.ascii	"sspad\000"
 3808      6400
 3809              	.LASF68:
 3810 0b3a 6E657874 		.ascii	"next\000"
 3810      00
 3811              	.LASF71:
 3812 0b3f 70726576 		.ascii	"prev\000"
ARM GAS  C:\Users\angio\AppData\Local\Temp\cc9v9wKb.s 			page 79


 3812      00
 3813              	.LASF201:
 3814 0b44 7478646D 		.ascii	"txdmamode\000"
 3814      616D6F64 
 3814      6500
 3815              		.text
 3816              		.section	.gnu.lto_.inline.1f2b0ecc,"e",%progbits
 3817 0000 789C8D51 		.ascii	"x\234\215Q\273N\303P\014=\361MCi\003-\220\001\201\030"
 3817      BB4EC350 
 3817      0C3DF14D 
 3817      4369032D 
 3817      90018118 
 3818 0014 7908B194 		.ascii	"y\010\261\224\217\250*\204\362\025P\036\037\201@,\014"
 3818      8FA82A84 
 3818      F215501E 
 3818      1F81402C 
 3818      0C
 3819 0025 0C193B30 		.ascii	"\014\031;002\202\304\300\310\314\300\334\021\361\005"
 3819      303282C4 
 3819      C0C8CCC0 
 3819      DC11F105 
 3820 0035 7C02B61B 		.ascii	"|\002\266\033G\272i\322\366\016\271\307\316\261}\356"
 3820      47BA69D2 
 3820      F60EB9C7 
 3820      CEB17DEE 
 3821 0045 F19B4371 		.ascii	"\361\233Cq\022 \274\345\343\316\000*P\210;F7\004bJ0"
 3821      1220BCE5 
 3821      E3CE002A 
 3821      50883B46 
 3821      3704624A 
 3822 005a 97413963 		.ascii	"\227A9c\310\220\004\321T\217\226\014s\013\362B48\365"
 3822      C89004D1 
 3822      548F960C 
 3822      730BF242 
 3822      3438F5
 3823 006d 3C83476D 		.ascii	"<\203Gm!gi\003\021'?g0],\364,\315\322\010\367\001\347"
 3823      21676903 
 3823      11273F67 
 3823      305D2CF4 
 3823      2CCDD208 
 3824 0084 7FDD3527 		.ascii	"\177\3355'\276\004\216\334U\265\316\274&\017+\223\023"
 3824      BE048EDC 
 3824      55B5CEBC 
 3824      260F2B93 
 3824      13
 3825 0095 0508BB13 		.ascii	"\005\010\273\023!u\367\022z\372d\036D\003\006/t\271"
 3825      2175F712 
 3825      7AFA641E 
 3825      4403062F 
 3825      74B9
 3826 00a7 C8C852F7 		.ascii	"\310\310R\367&\266\325\220\013\376sl\310\353\262\214"
 3826      26B6D590 
 3826      0BFE736C 
 3826      C8EBB28C 
 3827 00b7 6F70F44E 		.ascii	"op\364N2h\024\030\3648mli-+\240\204\321\017\015kl\215"
 3827      32681418 
 3827      F4386D6C 
ARM GAS  C:\Users\angio\AppData\Local\Temp\cc9v9wKb.s 			page 80


 3827      692D2BA0 
 3827      84D10F0D 
 3828 00ce 3AB20531 		.ascii	":\262\0051\015\245 FKz\220(\211\325\372\363\312\036"
 3828      0DA52046 
 3828      4B7A9028 
 3828      89D5FAF3 
 3828      CA1E
 3829 00e0 58C15804 		.ascii	"X\301X\004=\220\270\375(\202\236\246\004\3318\273\013"
 3829      3D90B8FD 
 3829      28829EA6 
 3829      04D938BB 
 3829      0B
 3830 00f1 130A60B3 		.ascii	"\023\012`\263\371\273\212\035\256\374P\365\207\252\276"
 3830      F9BB8A1D 
 3830      AEFC50F5 
 3830      87AABE
 3831 0100 EC41B99D 		.ascii	"\354A\271\235\335\035\354\252f\251\354\033\362*\273"
 3831      DD1DECAA 
 3831      66A9EC1B 
 3831      F22ABB
 3832 010f D8E7E055 		.ascii	"\330\347\340U\031'\206<\306\032\366l{5{\\\237\313\330"
 3832      1927863C 
 3832      C61AF66C 
 3832      7B357B5C 
 3832      9FCBD8
 3833 0122 C081BC40 		.ascii	"\300\201\274@\031\247\206<F\202M\016\376\324\335#C\036"
 3833      19A7863C 
 3833      46824D0E 
 3833      FED4DD23 
 3833      431E
 3834 0134 03FFEA92 		.ascii	"\003\377\352\222\273\""
 3834      BB22
 3835              		.text
 3836              		.section	.gnu.lto_.jmpfuncs.1f2b0ecc,"e",%progbits
 3837 0000 789C6362 		.ascii	"x\234cb@\006\000\000*\000\003"
 3837      40060000 
 3837      2A0003
 3838              		.text
 3839              		.section	.gnu.lto_.lto.1f2b0ecc,"e",%progbits
 3840 0000 09000400 		.ascii	"\011\000\004\000\001\000\000\000"
 3840      01000000 
 3841              		.text
 3842              		.section	.gnu.lto_chSysLockFromISR.193.1f2b0ecc,"e",%progbits
 3843 0000 789C7D52 		.ascii	"x\234}RMh\023A\024~of\323*=\330s)\230\036\212\012M\266"
 3843      4D681341 
 3843      147E6F66 
 3843      D32A3DD8 
 3843      7329981E 
 3844 0018 694323DE 		.ascii	"iC#\336J\010RhT\222\210\227bH7\253]L\272a7\255\366\324"
 3844      4A085268 
 3844      54928897 
 3844      624837AB 
 3844      5D4CBA61 
 3845 0030 4D0B0A16 		.ascii	"M\013\012\026\232\232\376\010\032z(\021\024D\275h\177"
 3845      9A9AFE08 
 3845      1A7A2811 
 3845      1444BD68 
ARM GAS  C:\Users\angio\AppData\Local\Temp\cc9v9wKb.s 			page 81


 3845      7F
 3846 0041 AC1A5BAC 		.ascii	"\254\032[\254\245\007E\301\223\007O\365\330J=\250 \304"
 3846      A50745C1 
 3846      93074FF5 
 3846      D84A3DA8 
 3846      20C4
 3847 0053 379BC4E4 		.ascii	"7\233\304\344 \016\013;\337\373\276\357\375\314\014"
 3847      200E0B3B 
 3847      DFFBBEEF 
 3847      FDCC0C
 3848 0062 6700AD08 		.ascii	"g\000\255\010p\001h5\000\346n\335dP*\225\306%\206\263"
 3848      70016835 
 3848      00E66EDD 
 3848      64502A95 
 3848      C62586B3 
 3849 0076 D3BB1B3F 		.ascii	"\323\273\033?\232p\023m\314qnz7\363h\032q\275\034\220"
 3849      9A70136D 
 3849      CC716E7A 
 3849      37F3681A 
 3849      71BD1C90 
 3850 008a 70FEE132 		.ascii	"p\376\3412\301\2652t`\346\335\372\223\213\370\264\014"
 3850      C1B53274 
 3850      60E6DDFA 
 3850      938BF8B4 
 3850      0C
 3851 009b 11C619A7 		.ascii	"\021\306\031\247\3408\316\362\023\226e\375\274\2678"
 3851      E038CEF2 
 3851      139665FD 
 3851      BCB738
 3852 00aa 956DB2EE 		.ascii	"\225m\262\356\027\261\300\001\0269TWC\005a\236\243\275"
 3852      17B1C001 
 3852      16395457 
 3852      4305619E 
 3852      A3BD
 3853 00bc 477C8650 		.ascii	"G|\206P\005\014\227k\200\343J\031\210|[>\240Z\024\254"
 3853      050C976B 
 3853      80E34A19 
 3853      887C5B3E 
 3853      A05A14AC 
 3854 00d0 D0B88A75 		.ascii	"\320\270\212ut~gr\257\025\2507JQ\025<\307J\262\034/"
 3854      747E6772 
 3854      AF15A837 
 3854      4A51153C 
 3854      C74AB21C 
 3855 00e5 5015A9B2 		.ascii	"P\025\251\262c\350\244\035\277cS\307\212\224zn\352\363"
 3855      63E8A41D 
 3855      BF6353C7 
 3855      8A947A6E 
 3855      EAF3
 3856 00f7 FB96BC55 		.ascii	"\373\226\274U\224\012T\362\025\212\226^\"\276@@\321"
 3856      940A54F2 
 3856      158A965E 
 3856      22BE4040 
 3856      D1
 3857 0108 3DFF8A1F 		.ascii	"=\377\212\037\332I\332nKo\334]\355\330\234\264\266\255"
 3857      DA49DA6E 
 3857      4B6FDC5D 
ARM GAS  C:\Users\angio\AppData\Local\Temp\cc9v9wKb.s 			page 82


 3857      EDD89CB4 
 3857      B6AD
 3858 011a BF62A889 		.ascii	"\277b\250\211i\254J?+\237\362\015\370\232\202\353\""
 3858      69AC4A3F 
 3858      2B9FF20D 
 3858      F89A82EB 
 3858      22
 3859 012b 9D181A37 		.ascii	"\235\030\0327\354AI\203D<\376\350(Z\277KY\253x\373\310"
 3859      EC414983 
 3859      443CFEE8 
 3859      285ABF4B 
 3859      59AB78FB 
 3860 0140 D4FEC2DB 		.ascii	"\324\376\302\333_Lb \014\220\345\342>\354u\224\340\014"
 3860      5F4C6220 
 3860      0C90E5E2 
 3860      3EEC7594 
 3860      E00C
 3861 0152 6735C861 		.ascii	"g5\310a\017'\016\232a\21131\011\307N\330\247\300\203"
 3861      0F270E9A 
 3861      61893331 
 3861      09C74ED8 
 3861      A7C083
 3862 0165 85B52F87 		.ascii	"\205\265/\207\351\336D\366\014\243\016\332r\354\372"
 3862      E9DE44F6 
 3862      0CA30EDA 
 3862      72ECFA
 3863 0174 A1021713 		.ascii	"\241\002\027\023K\342\250\337 \320\037\267p\251|:m\363"
 3863      4BE2A8DF 
 3863      20D01FB7 
 3863      70A97C3A 
 3863      6DF3
 3864 0186 36EFB0C9 		.ascii	"6\357\260\311m\3216\225\345\365u\262\\\252\2073\334"
 3864      6DD13695 
 3864      E5F575B2 
 3864      5CAA8733 
 3864      DC
 3865 0197 510F0F70 		.ascii	"Q\017\017p\342\333\356\344\367\000]\010\224\315X\243"
 3865      E2DBEEE4 
 3865      F7005D08 
 3865      94CD58A3 
 3866 01a7 E985418F 		.ascii	"\351\205A\217\377\324\200\177H\033\324\302\351\221\270"
 3866      FFD4807F 
 3866      481BD4C2 
 3866      E991B8
 3867 01b6 A60F5CD5 		.ascii	"\246\017\\\325\215+f*\246\250\321\021S5\006B\021W8\022"
 3867      8D2B662A 
 3867      A6A8D111 
 3867      53350642 
 3867      11573812 
 3868 01ca ECEE3AED 		.ascii	"\354\356:\355\365yC\001\327\231\363\376\376\300\331"
 3868      F5794301 
 3868      D799F3FE 
 3868      FEC0D9
 3869 01d9 1E2F1C77 		.ascii	"\036/\034w\273e\372\024\341\324\315.\217\307#\353\246"
 3869      BB65FA14 
 3869      E1D4CD2E 
 3869      8FC723EB 
ARM GAS  C:\Users\angio\AppData\Local\Temp\cc9v9wKb.s 			page 83


 3869      A6
 3870 01ea 6CA4656D 		.ascii	"l\244emXI\214\304Ub\3141\323=\004\276\177\012\025=\231"
 3870      58498CC4 
 3870      5562CC31 
 3870      D33D04BE 
 3870      7F0A153D 
 3871 01ff D487E594 		.ascii	"\324\207\345\224n\244M\2717\024\034\365\271\202\256"
 3871      6EA44DB9 
 3871      37141CF5 
 3871      B982AE
 3872 020e DEFE08E9 		.ascii	"\336\376\010\351\024\335P\311\3278\0303\325s\206\346"
 3872      14DD50C9 
 3872      D7381833 
 3872      D57386E6 
 3873 021e FF9F5FBD 		.ascii	"\377\237_\275\226\026n\331\037\014\367\205e?9\345\276"
 3873      96166ED9 
 3873      1F0CF785 
 3873      653F39E5 
 3873      BE
 3874 022f 6AFDA4A9 		.ascii	"j\375\244\251\231\321\313\212B\271Z\206b\211\250\231"
 3874      99D1CB8A 
 3874      42B95A86 
 3874      6289A899 
 3875 023f D2A2A35D 		.ascii	"\322\242\243]\321D\"\356V\334=\336K\335'\343\261Nh\016"
 3875      D14422EE 
 3875      56DC3DDE 
 3875      4BDD27E3 
 3875      B14E680E 
 3876 0253 86434E51 		.ascii	"\206CNQ*eh\035\316\366N`\0064&\325\244n\214\301\037"
 3876      2A65681D 
 3876      CEF64E60 
 3876      063426D5 
 3876      A46E8CC1 
 3877 0268 57792293 		.ascii	"Wy\"\223"
 3878              		.text
 3879              		.section	.gnu.lto_chSysUnlockFromISR.194.1f2b0ecc,"e",%progbits
 3880 0000 789C7D52 		.ascii	"x\234}RMh\023A\024~of\323*=\330s)\230\036\212\012M\266"
 3880      4D681341 
 3880      147E6F66 
 3880      D32A3DD8 
 3880      7329981E 
 3881 0018 4D4322DE 		.ascii	"MC\"\336J(RhT\222\212\227bH7\253YL\272a7\251\366\324"
 3881      4A285268 
 3881      54928A97 
 3881      624837AB 
 3881      594CBA61 
 3882 0030 6D050595 		.ascii	"m\005\005\225\246\366\307\202\204\036J\004=\025\004"
 3882      A6F6C782 
 3882      841E4A04 
 3882      3D1504
 3883 003f 7F526B9B 		.ascii	"\177Rk\233\266(\305\203\242WA\017\032\217*\275D\260"
 3883      B628C583 
 3883      A257410F 
 3883      1A8F2ABD 
 3883      44B0
 3884 0051 10DF6C12 		.ascii	"\020\337l\022\223\2038,\354|\357\373\336\367\336\233"
 3884      9383382C 
ARM GAS  C:\Users\angio\AppData\Local\Temp\cc9v9wKb.s 			page 84


 3884      EC7CEFFB 
 3884      DEF7DE9B 
 3885 0061 19CE003A 		.ascii	"\031\316\000:\021\340\002\320j\001\234\277{\213A\245"
 3885      11E002D0 
 3885      6A019CBF 
 3885      7B8B41A5 
 3886 0071 52999218 		.ascii	"R\231\222\030.\314\226v\312m\270\2136\346\2708[\332"
 3886      2ECC9676 
 3886      CA6DB88B 
 3886      36E6B838 
 3886      5BDA
 3887 0083 7E3C8BB8 		.ascii	"~<\213\270Q\015H\270tg\223\340z\025:p\372\355\306\301"
 3887      510D48B8 
 3887      746793E0 
 3887      7A153A70 
 3887      FAEDC6C1 
 3888 0097 457C5285 		.ascii	"E|R\205\010S\214Sp\012\027\370\011\313\262~=X)d\333"
 3888      08538C53 
 3888      700A17F8 
 3888      09CBB27E 
 3888      3D582964 
 3889 00ac AC8745CC 		.ascii	"\254\207E\314s\200\025\016\365\325RC\230\343h\357\021"
 3889      7380150E 
 3889      F5D55243 
 3889      98E368EF 
 3889      11
 3890 00bd 9F22D401 		.ascii	"\237\"\324\001\303g\015\300\361y\025\010\277O~\240Z"
 3890      C3670DC0 
 3890      F1791508 
 3890      BF4F7EA0 
 3890      5A
 3891 00ce 14ACD158 		.ascii	"\024\254\321X\300&:\367f\267\334\011\324\033Y\324\005"
 3891      C0263AF7 
 3891      66B7DC09 
 3891      D41B59D4 
 3891      05
 3892 00df 2FB06636 		.ascii	"/\260f6\317\363TE\252\355\030:i\307\357\333\324\261"
 3892      CFF35445 
 3892      AAED183A 
 3892      69C7EFDB 
 3892      D4B1
 3893 00f1 22592FDE 		.ascii	"\"Y/\336\376\370\256#g\025\245<\225\334B\321\322&\342"
 3893      FEF8AE23 
 3893      6715A53C 
 3893      95DC42D1 
 3893      D226E2
 3894 0104 4B0414DD 		.ascii	"K\004\024\335\363o\370\276\233\244\335\266\364\346V"
 3894      F36FF8BE 
 3894      9BA4DDB6 
 3894      F4E656
 3895 0113 A167F7BA 		.ascii	"\241g\367\272\265g\375\025CCLc\325\333\375\232k\301"
 3895      B567FD15 
 3895      43434C63 
 3895      D5DBFD9A 
 3895      6BC1
 3896 0125 6D0A6E08 		.ascii	"m\012n\010;14\356\330\203\222\006\211X\373\340(Z\007"
 3896      3B3134EE 
ARM GAS  C:\Users\angio\AppData\Local\Temp\cc9v9wKb.s 			page 85


 3896      D8839206 
 3896      8958FBE0 
 3896      285A07
 3897 0138 95AC555C 		.ascii	"\225\254U\\>RX[.\377f\022\003\221\000Y.\356\303^G\011"
 3897      3E52585B 
 3897      2EFF6612 
 3897      03910059 
 3897      2EEEC35E 
 3898 014e CE71D680 		.ascii	"\316q\326\200\034\276\343\314~;\254r&&!c\370A\201G\367"
 3898      1CBEE3CC 
 3898      7E3BAC72 
 3898      26262163 
 3898      F8418147 
 3899 0163 D63F1FA6 		.ascii	"\326?\037\246{\023\356\323\214:\350\232g7\016\345\271"
 3899      7B13EED3 
 3899      8C3AE89A 
 3899      67370EE5 
 3899      B9
 3900 0174 98581247 		.ascii	"\230X\022G\375\012\201\376\370\032W\253\247\323\265"
 3900      FD0A81FE 
 3900      F81A57AB 
 3900      A7D3B5
 3901 0183 64F30E9B 		.ascii	"d\363\016\233\334\023mSY\336\\'\313\245f8\307\035\315"
 3901      DC136D53 
 3901      59DE5C27 
 3901      CBA56638 
 3901      C71DCD
 3902 0196 701F677E 		.ascii	"p\037g~\226\276\224\007\351B\240\232\214\015\232^\030"
 3902      96BE9407 
 3902      E942A09A 
 3902      8C0D9A5E 
 3902      18
 3903 01a7 F802A746 		.ascii	"\370\002\247F\003qmL\013\24731M\037\275\252\033W\314"
 3903      03716D4C 
 3903      0BA73331 
 3903      4D1FBDAA 
 3903      1B57CC
 3904 01ba 54545123 		.ascii	"TTQ#\031S5FC#\256\360H\260\337s\332\353\367\206\006"
 3904      19533546 
 3904      4323AEF0 
 3904      48B0DF73 
 3904      DAEBF786 
 3905 01cf 5D67CE07 		.ascii	"]g\316\007\206\007\317\372\274p\334\355\226\351SD\246"
 3905      8607CFFA 
 3905      BC70DCED 
 3905      96E95344 
 3905      A6
 3906 01e0 6E7AFAFA 		.ascii	"nz\372\372\372d\335\224\215\264\254\215+\211LL%\306"
 3906      FA64DD94 
 3906      8DB4AC8D 
 3906      2B894C4C 
 3906      25C6
 3907 01f2 9C34DD71 		.ascii	"\2344\335q\360\377S\250\350\311\244>.\247t#m\312\003"
 3907      F0FF53A8 
 3907      E8C9A43E 
 3907      2EA77423 
 3907      6DCA03
ARM GAS  C:\Users\angio\AppData\Local\Temp\cc9v9wKb.s 			page 86


 3908 0205 A1E084DF 		.ascii	"\241\340\204\337\025t\015\014\217\220N\321\015\225\362"
 3908      15740D0C 
 3908      8F904ED1 
 3908      0D95F2
 3909 0214 5AC7A2A6 		.ascii	"Z\307\242\246z\316\320\002\377\313W\257\245E\266\034"
 3909      7ACED002 
 3909      FFCB57AF 
 3909      A545B61C 
 3910 0224 088687C2 		.ascii	"\010\206\207\302r\2002\345\241z\375\244\251\231\221"
 3910      728032E5 
 3910      A17AFDA4 
 3910      A99991
 3911 0233 CB8A425E 		.ascii	"\313\212B^\035\361h\"b\246\264\310\204'\222H\304\334"
 3911      1DF16822 
 3911      62A6B4C8 
 3911      84279248 
 3911      C4DC
 3912 0245 8ADBE7BD 		.ascii	"\212\333\347\275\324\1772\026\355\205\366`8\344\024"
 3912      D47F3216 
 3912      ED85F660 
 3912      38E414
 3913 0254 A55286D6 		.ascii	"\245R\206\326\343\354\356\005f@kRM\352\306$\374\001"
 3913      E3ECEE05 
 3913      66406B52 
 3913      4DEAC624 
 3913      FC01
 3914 0266 CBFC2461 		.ascii	"\313\374$a"
 3915              		.text
 3916              		.section	.gnu.lto_osalSysHalt.336.1f2b0ecc,"e",%progbits
 3917 0000 789CBBC2 		.ascii	"x\234\273\302\300\300\320\016\304\212@\314\300\314\300"
 3917      C0C0D00E 
 3917      C48A40CC 
 3917      C0CCC0
 3918 000f 38696217 		.ascii	"8ib\027\023\303\377\377\377\353Y\230\030\033U\030w2"
 3918      13C3FFFF 
 3918      FFEB5998 
 3918      181B5518 
 3918      7732
 3919 0021 82D98C0C 		.ascii	"\202\331\214\014\365L\214\365\214\223\2315\033\032\032"
 3919      F54C8CF5 
 3919      8C939935 
 3919      1B1A1A
 3920 0030 7E2C9DB7 		.ascii	"~,\235\267o\243ASC\253\304\022f\006\206y\314\014\020"
 3920      6FA34153 
 3920      43ABC412 
 3920      66068679 
 3920      CC0C10
 3921 0043 30879971 		.ascii	"0\207\231q\022\363\022fFF\026(\213\211Q\001\310bNcP"
 3921      12F31266 
 3921      46461628 
 3921      8B895101 
 3921      C8624E63 
 3922 0058 3FD0D070 		.ascii	"?\320\320p\341\316\216\206\006N\206%\314\314\214\333"
 3922      E1CE8E86 
 3922      064E8625 
 3922      CCCC8CDB 
 3923 0068 19817A18 		.ascii	"\031\201z\030\26712ned\000\011\344\266\25020\260\301"
ARM GAS  C:\Users\angio\AppData\Local\Temp\cc9v9wKb.s 			page 87


 3923      B731326E 
 3923      65640009 
 3923      E4B6A832 
 3923      30B0C1
 3924 007b 4C028A31 		.ascii	"L\002\2121\254\277\304z\240\341\317\377\376\206\206"
 3924      ACBFC47A 
 3924      A0E1CFFF 
 3924      FE8686
 3925 008a A7CF184F 		.ascii	"\247\317\030Ond\001\272\205q\007P\242\237\031\34440"
 3925      6E6401BA 
 3925      85710750 
 3925      A29F19E4 
 3925      3430
 3926 009c 90077227 		.ascii	"\220\007r'03!\270\214\014\037\030[\036L|,\301\320\302"
 3926      303321B8 
 3926      8C0C1F18 
 3926      5B1E4C7C 
 3926      2CC1D0C2 
 3927 00b0 C8B48499 		.ascii	"\310\264\204\231e\0363P\305\"f \223\225\341\023c\323"
 3927      651E3350 
 3927      C5226620 
 3927      9395E113 
 3927      63D3
 3928 00c2 83C98F39 		.ascii	"\203\311\2179\300\316\354gfD6\203\201\301\314\331*\306"
 3928      C0CEEC67 
 3928      66443683 
 3928      81C1CCD9 
 3928      2AC6
 3929 00d4 39233329 		.ascii	"9#3)3\270\2444%3?\246<\277(\273\270 195\276\2648\265"
 3929      33B8A434 
 3929      25333FA6 
 3929      3CBF28BB 
 3929      B8203139 
 3930 00ed 28262844 		.ascii	"(&(D78\304\327\330\310\335\304\334$\310U\327/\324\331"
 3930      3738C4D7 
 3930      D8C8DDC4 
 3930      DC24C855 
 3930      D72FD4D9 
 3931 0101 C7D5DFCC 		.ascii	"\307\325\337\314\204AGOO\037\210\222A:\363\213\215\014"
 3931      8441474F 
 3931      4F1F8892 
 3931      413AF38B 
 3931      8D0C
 3932 0113 0D0DF5F3 		.ascii	"\015\015\365\363\213\3653\022s\200\024\220(*\321\315"
 3932      8BF53312 
 3932      73801490 
 3932      282AD1CD 
 3933 0123 CB84B0F5 		.ascii	"\313\204\260\3652\030\330\212R\023\213\363\363\244\200"
 3933      3218D88A 
 3933      52138BF3 
 3933      F3A480
 3934 0132 D2F1C505 		.ascii	"\322\361\305\005\231\361eF\36199)z\311zf&i\306\026)"
 3934      99F16546 
 3934      F1393929 
 3934      7AC97A66 
 3934      2669C616 
 3935 0147 89060C00 		.ascii	"\211\006\014\000Hk\200F"
ARM GAS  C:\Users\angio\AppData\Local\Temp\cc9v9wKb.s 			page 88


 3935      486B8046 
 3936              		.text
 3937              		.section	.gnu.lto_osalSysLockFromISR.341.1f2b0ecc,"e",%progbits
 3938 0000 789C9BC0 		.ascii	"x\234\233\300\300\300\220\012\304\212@\314\300\314\300"
 3938      C0C0900A 
 3938      C48A40CC 
 3938      C0CCC0
 3939 000f 38696217 		.ascii	"8ib\027\023\303\377\377\377\353Y\230\030\033U\030\267"
 3939      13C3FFFF 
 3939      FFEB5998 
 3939      181B5518 
 3939      B7
 3940 0020 3282D98C 		.ascii	"2\202\331\214\014\365L\214\365\214\223\2315\033\032"
 3940      0CF54C8C 
 3940      F58C9399 
 3940      351B1A
 3941 002f 1A7E2C9D 		.ascii	"\032~,\235\267z\263ASC\253\304\022f\006\206y\314\014"
 3941      B77AB341 
 3941      5343ABC4 
 3941      12660686 
 3941      79CC0C
 3942 0042 30C006E3 		.ascii	"0\300\006\3431\002\361\372K\254\007\032\376\374\357"
 3942      3102F1FA 
 3942      4BAC071A 
 3942      FEFCEF
 3943 0051 6F6878FB 		.ascii	"ohx\373\224q\335f\026\240D?3\310d0\220\007*\231\300"
 3943      9471DD66 
 3943      16A0443F 
 3943      33C86430 
 3943      90072A99 
 3944 0066 CC84E032 		.ascii	"\314\204\34022|`l~p\373\231\004C\013#\323\022f\306y"
 3944      327C606C 
 3944      7E70FB99 
 3944      04430B23 
 3944      D31266C6 
 3945 007b CC40154B 		.ascii	"\314@\025K\230\231\030>16=\270\373\214\003lA?3#\262"
 3945      9899183E 
 3945      31363DB8 
 3945      FB8C036C 
 3945      413F3323 
 3946 0090 010C0C66 		.ascii	"\001\014\014f\316V1\316\031\231I\231\301%\245)\231\371"
 3946      CE5631CE 
 3946      19994999 
 3946      C125A529 
 3946      99F9
 3947 00a2 31E5F945 		.ascii	"1\345\371E\331\305\005\211\311\251\361\245\305\251E"
 3947      D9C50589 
 3947      C9A9F1A5 
 3947      C5A945
 3948 00b1 314121BA 		.ascii	"1A!\272\301!\276\306F\356&\346&A\256\272~\241\316>\256"
 3948      C121BEC6 
 3948      46EE26E6 
 3948      2641AEBA 
 3948      7EA1CE3E 
 3949 00c6 FE66260C 		.ascii	"\376f&\014:zz\372@\224\014\322\231_ldhh\250\237_\254"
 3949      3A7A7AFA 
 3949      40940CD2 
ARM GAS  C:\Users\angio\AppData\Local\Temp\cc9v9wKb.s 			page 89


 3949      995F6C64 
 3949      6868A89F 
 3950 00dc 9F919803 		.ascii	"\237\221\230\003\244\200DQ\211n^&\204\255\227\301\000"
 3950      A4804451 
 3950      896E5E26 
 3950      84AD97C1 
 3950      00
 3951 00ed 00175364 		.ascii	"\000\027Sd]"
 3951      5D
 3952              		.text
 3953              		.section	.gnu.lto_osalSysUnlockFromISR.342.1f2b0ecc,"e",%progbits
 3954 0000 789C9BC0 		.ascii	"x\234\233\300\300\300\220\012\304\212@\314\300\314\300"
 3954      C0C0900A 
 3954      C48A40CC 
 3954      C0CCC0
 3955 000f 38696217 		.ascii	"8ib\027\023\303\377\377\377\353Y\230\030\033U\030\267"
 3955      13C3FFFF 
 3955      FFEB5998 
 3955      181B5518 
 3955      B7
 3956 0020 3282D98C 		.ascii	"2\202\331\214\014\365L\214\365\214\223\2315\033\032"
 3956      0CF54C8C 
 3956      F58C9399 
 3956      351B1A
 3957 002f 1A7E2C9D 		.ascii	"\032~,\235\267o\263ASC\253\304\022f\006\206y\314\014"
 3957      B76FB341 
 3957      5343ABC4 
 3957      12660686 
 3957      79CC0C
 3958 0042 30C006E3 		.ascii	"0\300\006\3431\002\361\372K\254\007\032\376\374\357"
 3958      3102F1FA 
 3958      4BAC071A 
 3958      FEFCEF
 3959 0051 6F68F8FB 		.ascii	"oh\370\373\224\361\344f\026\240D?3\310d0\220\007*\231"
 3959      94F1E466 
 3959      16A0443F 
 3959      33C86430 
 3959      90072A99 
 3960 0065 C0CC84E0 		.ascii	"\300\314\204\34022|`l~0\361\271\004C\013#\323\022f\306"
 3960      32327C60 
 3960      6C7E30F1 
 3960      B904430B 
 3960      23D31266 
 3961 007a 79CC4015 		.ascii	"y\314@\025K\230\231\030>16=\230\374\234\003lA?3#\262"
 3961      4B989918 
 3961      3E31363D 
 3961      98FC9C03 
 3961      6C413F33 
 3962 0090 010C0C66 		.ascii	"\001\014\014f\316V1\316\031\231I\231\301%\245)\231\371"
 3962      CE5631CE 
 3962      19994999 
 3962      C125A529 
 3962      99F9
 3963 00a2 31E5F945 		.ascii	"1\345\371E\331\305\005\211\311\251\361\245\305\251E"
 3963      D9C50589 
 3963      C9A9F1A5 
 3963      C5A945
ARM GAS  C:\Users\angio\AppData\Local\Temp\cc9v9wKb.s 			page 90


 3964 00b1 314121BA 		.ascii	"1A!\272\301!\276\306F\356&\346&A\256\272~\241\316>\256"
 3964      C121BEC6 
 3964      46EE26E6 
 3964      2641AEBA 
 3964      7EA1CE3E 
 3965 00c6 FE66260C 		.ascii	"\376f&\014:zz\372@\224\014\322\231_ldhh\250\237_\254"
 3965      3A7A7AFA 
 3965      40940CD2 
 3965      995F6C64 
 3965      6868A89F 
 3966 00dc 9F919803 		.ascii	"\237\221\230\003\244\200DQ\211n^&\204\255\227\301\000"
 3966      A4804451 
 3966      896E5E26 
 3966      84AD97C1 
 3966      00
 3967 00ed 00FAB164 		.ascii	"\000\372\261d\011"
 3967      09
 3968              		.text
 3969              		.section	.gnu.lto_osalThreadResumeI.356.1f2b0ecc,"e",%progbits
 3970 0000 789C554F 		.ascii	"x\234UO\313K\002a\020\237\331Y\243n\035\255K\005\202"
 3970      CB4B0261 
 3970      109FD959 
 3970      A36E1DAD 
 3970      4B0582
 3971 0013 04B93EB1 		.ascii	"\004\271>\261\350*\342\245\007\250\335\204\305|\344"
 3971      E82AE2A5 
 3971      07A8DD84 
 3971      C57CE4
 3972 0022 9AA5B85A 		.ascii	"\232\245\270ZG\277,)\002\263\354\032\006\262\235#\242"
 3972      47BF2C29 
 3972      02B3EC1A 
 3972      06B29D23 
 3972      A2
 3973 0033 B2BC78EE 		.ascii	"\262\274x\356$At\365O\210\016\022\021l\237ZT\303\314"
 3973      244174F5 
 3973      4F880E12 
 3973      116C9F5A 
 3973      54C3CC
 3974 0046 F7FD66E6 		.ascii	"\367\375f\3467/\021\001\016\000`\212\033\020`\365\344"
 3974      372F1101 
 3974      0E00608A 
 3974      1B1060F5 
 3974      E4
 3975 0057 50005DD7 		.ascii	"P\000]\327\013\242\200;&lb\037#\024\004,\340)M3\306"
 3975      0BA2803B 
 3975      266C621F 
 3975      2314042C 
 3975      E0294D33 
 3976 006c DE2F6AE5 		.ascii	"\336/j\345\246\255\310JF\215\000j\004\0039#\254\222"
 3976      A6ADC84A 
 3976      468D006A 
 3976      04033923 
 3976      AC92
 3977 007e 4688E237 		.ascii	"F\210\3427\022p\222#\212\203\271\305X\373\243\301\330"
 3977      12709223 
 3977      8A83B9C5 
 3977      58FBA3C1 
ARM GAS  C:\Users\angio\AppData\Local\Temp\cc9v9wKb.s 			page 91


 3977      D8
 3978 008f 08684478 		.ascii	"\010hDx\207\274\006o\021o\370l\036H>\232z\274\022\202"
 3978      87BC066F 
 3978      116FF86C 
 3978      1E483E9A 
 3978      7ABC1282 
 3979 00a3 99776F97 		.ascii	"\231wo\227w\367\331\250\250\221\210\367\377\211b\362"
 3979      77F7D9A8 
 3979      A89188F7 
 3979      FF8962F2 
 3980 00b3 C50430F4 		.ascii	"\305\0040\3643\222\307\340\362\311\320b\237z\205\261"
 3980      3392C7E0 
 3980      F2C9D062 
 3980      9F7A85B1 
 3981 00c3 E7B1A36B 		.ascii	"\347\261\243k\237A@l _\341\201'+\324\273\243/\023\334"
 3981      9F41406C 
 3981      205FE181 
 3981      272BD4BB 
 3981      A32F13DC 
 3982 00d7 3D26E1D7 		.ascii	"=&\341\327Ex\305R\347\274k\204=\02442\324\2103\352$"
 3982      4578C552 
 3982      E7BC6B84 
 3982      3D143432 
 3982      D48833EA 
 3983 00ec D489EF3D 		.ascii	"\324\211\357=\004oX\354\\u\207\373gU\010\377\266\001"
 3983      046F58EC 
 3983      5C7587FB 
 3983      675508FF 
 3983      B601
 3984 00fe 707BE643 		.ascii	"p{\346C\236\204\262\252\004r\371\250\222\016m\247\263"
 3984      9E84B2AA 
 3984      0472F9A8 
 3984      920E6DA7 
 3984      B3
 3985 010f EB6A261C 		.ascii	"\353j&\034\211\311y5\226\015\371\203\226@p\321\351\360"
 3985      89C97935 
 3985      960DF983 
 3985      964070D1 
 3985      E9F0
 3986 0121 B9665D7E 		.ascii	"\271f]~\257ei\305\263\340]v\273`F\222\254\\#\275\312"
 3986      AF6569C5 
 3986      B3E05D76 
 3986      BB604692 
 3986      AC5C23BD 
 3987 0136 B4EAB0DB 		.ascii	"\264\352\260\333\355\326\264jM\204S\374\343O6g\331T"
 3987      EDD6B46A 
 3987      4D8453FC 
 3987      E34F3667 
 3987      D954
 3988 0148 06584A00 		.ascii	"\006XJ\000\345\262\231q\236\223\325\214\"o9\344T**E"
 3988      E5B29971 
 3988      9E93D58C 
 3988      226F39E4 
 3988      542A2A45 
 3989 015c 24B72BEE 		.ascii	"$\267+\356\234\213\206m@\033\352\332\027k2\214\003"
 3989      9C8B866D 
 3989      401BEADA 
ARM GAS  C:\Users\angio\AppData\Local\Temp\cc9v9wKb.s 			page 92


 3989      176B328C 
 3989      03
 3990              		.text
 3991              		.section	.gnu.lto_spi_lld_enable.403.1f2b0ecc,"e",%progbits
 3992 0000 789C7D54 		.ascii	"x\234}T[H\024a\024\376\317\234\231\275\245\353\035o"
 3992      5B481461 
 3992      14FECF9C 
 3992      99BDA5EB 
 3992      1D6F
 3993 0012 413E18D5 		.ascii	"A>\030\325\203\256\256b\321S`\022\205\225\271\366&\210"
 3993      83AEAE62 
 3993      D1536012 
 3993      8595B9F6 
 3993      2688
 3994 0024 A9A124AC 		.ascii	"\251\241$\254\354\252A/;^\300\262\207\324H\"LpX\245"
 3994      ECAA412F 
 3994      3B5EC0B2 
 3994      87D44822 
 3994      4C7058A5 
 3995 0038 7A2982AE 		.ascii	"z)\202\256Z\232\241BXj Ad\027\002\301\227\220\236J\024"
 3995      5A9AA142 
 3995      586A2041 
 3995      641702C1 
 3995      97909E4A 
 3996 004d 3B6766D5 		.ascii	";gf\325\235\225v\330=\363\237\177\276\357\234\357\377"
 3996      9D9576D8 
 3996      3DF39F7F 
 3996      BEEF9CEF 
 3996      FF
 3997 005e FE7F664C 		.ascii	"\376\177fL\021bH\010QF\177a\021\320\327\333-\211\315"
 3997      11624808 
 3997      51467F61 
 3997      11D0D7DB 
 3997      2D89CD
 3998 0071 CDCD802C 		.ascii	"\315\315\200,I\035\275\327%x\005z\326\331\353\324\357"
 3998      491DBDD7 
 3998      2578057A 
 3998      D6D9EBD4 
 3998      EF
 3999 0082 08B77A1D 		.ascii	"\010\267z\035\372H\246\321\026V\201\266\354-$\210\200"
 3999      FA48A6D1 
 3999      165681B6 
 3999      EC2D2488 
 3999      80
 4000 0093 84341380 		.ascii	"\2044\023\200\233xHU\325?\303\203W\207\255\352\275\011"
 4000      9B784855 
 4000      D53FC383 
 4000      5787ADEA 
 4000      BD09
 4001 00a5 08A21083 		.ascii	"\010\242\020\203(\214k\000\241\017\203\010 \207F\022"
 4001      288C6B00 
 4001      A10F8308 
 4001      20874612 
 4002 00b5 64D108AF 		.ascii	"d\321\010\257\210\003\023\252:?\367\\U\355\"\210\010"
 4002      880313AA 
 4002      3A3FF75C 
 4002      55ED2288 
ARM GAS  C:\Users\angio\AppData\Local\Temp\cc9v9wKb.s 			page 93


 4002      08
 4003 00c6 CF8038F0 		.ascii	"\317\2008\360\024\340\011\010\236\010\334\316\326\331"
 4003      14E00908 
 4003      9E08DCCE 
 4003      D6D9
 4004 00d4 7807F8B6 		.ascii	"x\007\370\266\237\320\253\327\206\273\235=m\266 \312"
 4004      9FD0ABD7 
 4004      86BB9D3D 
 4004      6DB620CA 
 4005 00e4 F0221C2E 		.ascii	"\360\"\034.D\340Q6c\007\267\261\363\003\\9\213\241\243"
 4005      44E05136 
 4005      6307B7B1 
 4005      F3035C39 
 4005      8BA1A3
 4006 00f7 11D06036 		.ascii	"\021\320`6\0310\006\360\022B2iZ2&\036~T&\324\365\315"
 4006      193006F0 
 4006      12423269 
 4006      5A32261E 
 4006      7E5426D4 
 4007 010d 1BAA3A73 		.ascii	"\033\252:spi\340\201}\037\220\024E\242`A\036\311\024"
 4007      7069E081 
 4007      7D1F9014 
 4007      45A26041 
 4007      1EC914
 4008 0120 AC0A059B 		.ascii	"\254\012\005\233\205S+\2476\016\274\006\305\301\243"
 4008      85532BA7 
 4008      360EBC06 
 4008      C5C1A3
 4009 012f 3D1C6218 		.ascii	"=\034b\030\022\313sNN\3438\304S\260'pH\344\220\304\220"
 4009      12CB734E 
 4009      4EE338C4 
 4009      53B02770 
 4009      48E490C4 
 4010 0144 64169222 		.ascii	"d\026\222\"\250s*\300sH\3434\235\323\014\036e\362H\210"
 4010      A8732AC0 
 4010      7348E334 
 4010      9DD30C1E 
 4010      65F24888 
 4011 0158 1BC8EEEB 		.ascii	"\033\310\356\353\027\351\021=(\355\244 ~A\373\330\213"
 4011      17E9113D 
 4011      28EDA420 
 4011      7E41FBD8 
 4011      8B
 4012 0169 E9C7A821 		.ascii	"\351\307\250!\204\034F\335\204\021\240M!\253\034\032"
 4012      841C46DD 
 4012      8411A04D 
 4012      21AB1C1A 
 4013 0179 A6C26B10 		.ascii	"\246\302k\020yF\252\3008\334\325W\315\304\225\024\015"
 4013      7946AAC0 
 4013      38DCD557 
 4013      CDC49514 
 4013      0D
 4014 018a A5104D31 		.ascii	"\245\020M1\321\366P=xC\264N=\215\201I\242\261\177+\320"
 4014      D1F6503D 
 4014      7843B44E 
 4014      3D8D8149 
 4014      A2B17F2B 
ARM GAS  C:\Users\angio\AppData\Local\Temp\cc9v9wKb.s 			page 94


 4015 019f B9F23683 		.ascii	"\271\3626\203h\314\261\200\261\313=\210\221\232\376"
 4015      68CCB180 
 4015      B1CB3D88 
 4015      919AFE
 4016 01ae 4EB72B1A 		.ascii	"N\267+\032b4%SaJ\356\357\325P6\367\307\260\376\2610"
 4016      62342553 
 4016      614AEEEF 
 4016      D55036F7 
 4016      C7B0FEB1 
 4017 01c3 4360C900 		.ascii	"C`\311\000\257w\201\206T\\\246\244\243\277k\2212\022"
 4017      AF778186 
 4017      545CA6A4 
 4017      A3BF6B91 
 4017      3212
 4018 01d5 A4B0201B 		.ascii	"\244\260 \033\214\222\2068\303\225\031V`\211\246\340"
 4018      8C928638 
 4018      C3951956 
 4018      6089A6E0 
 4019 01e5 5D8402AB 		.ascii	"]\204\002\253Y\201\305\244`\226\300\250\203;\372\272"
 4019      5981C5A4 
 4019      6096C0A8 
 4019      833BFABA 
 4020 01f5 A6D234B4 		.ascii	"\246\3224\264\021\201\233Z\241#\313\320\305R2\351\201"
 4020      11819B5A 
 4020      A123CBD0 
 4020      C55232E9 
 4020      81
 4021 0206 6E89BCCB 		.ascii	"n\211\274\313\222\331>\022d\217&h.|sH\220\303,\310n"
 4021      92D93E12 
 4021      648F2668 
 4021      2E7C7348 
 4021      90C32CC8 
 4022 021b 12B4B06D 		.ascii	"\022\264\260m\011\011\332\240\023@\010\207!H\336\366"
 4022      0909DAA0 
 4022      13400887 
 4022      2148DEF6 
 4023 022b 2986A677 		.ascii	")\206\246w|\"\3251\206O\343;>\275g\237b\243\311Z\214"
 4023      7C22D531 
 4023      864FE33B 
 4023      3EBD679F 
 4023      62A3C95A 
 4024 0240 F0C96996 		.ascii	"\360\311i\226\025k\222\365)\334\247\215t\015\343\210"
 4024      156B92F5 
 4024      29DCA78D 
 4024      740DE388 
 4025 0250 60C8EA0A 		.ascii	"`\310\352\012\363\211\037\350>)\273|\372\340\3230\376"
 4025      F3891FE8 
 4025      3E29BB7C 
 4025      FAE0D330 
 4025      FE
 4026 0261 FF7AECF0 		.ascii	"\377z\354\360\231Z\310z\213\311\376\373)\241\003l\337"
 4026      995AC87A 
 4026      8BC9FEFB 
 4026      29A1036C 
 4026      DF
 4027 0272 39C0F79C 		.ascii	"9\300\367\234AtR\015\370B\244!\235\024\007KD\242\317"
 4027      4174520D 
ARM GAS  C:\Users\angio\AppData\Local\Temp\cc9v9wKb.s 			page 95


 4027      F842A421 
 4027      9D14074B 
 4027      44A2CF
 4028 0285 A086C9C6 		.ascii	"\240\206\311\306\262\347\250KB\264.\337\"\273\204\327"
 4028      B2E7A84B 
 4028      42B42EDF 
 4028      22BB84D7 
 4029 0295 4E30D5FE 		.ascii	"N0\325\376AP\013\327N1V\300\265\023\243\325\376\271"
 4029      41500BD7 
 4029      4E3156C0 
 4029      B513A3D5 
 4029      FEB9
 4030 02a7 5D9B0F13 		.ascii	"]\233\017\023\355]\022\3512vfB\357\270\332\275(E\264"
 4030      ED5D12E9 
 4030      32766642 
 4030      EFB8DABD 
 4030      2845B4
 4031 02ba 4C34B55C 		.ascii	"L4\265\\\336ZN\222\370\015\355\337\027N\361\006\255"
 4031      DE5A4E92 
 4031      F80DEDDF 
 4031      174EF106 
 4031      AD
 4032 02cb 4132BD0C 		.ascii	"A2\275\014\370u\241\236\366Z\356\367\254\001\275\341"
 4032      F875A19E 
 4032      F65AEEF7 
 4032      AC01BDE1 
 4033 02db 99B87C8E 		.ascii	"\231\270|\216\374\226G<\364-\201\360o\211\020E\305G"
 4033      FC96473C 
 4033      F42D81F0 
 4033      6F891045 
 4033      C547
 4034 02ed 2B8BEB1B 		.ascii	"+\213\353\033.4x\232[j\033\274\225\227\275\276K\376"
 4034      2E34789A 
 4034      5B6A1BBC 
 4034      9597BDBE 
 4034      4BFE
 4035 02ff A6EA9ABA 		.ascii	"\246\352\232\272\252\026\177\235\257\262\274\"\307S"
 4035      AA167F9D 
 4035      AFB2BC22 
 4035      C753
 4036 030d 71BAC07D 		.ascii	"q\272\300}\242\360payI\316\231\363\305\245%g\213\012"
 4036      A2F07061 
 4036      7949CE99 
 4036      F3C5A525 
 4036      678B0A
 4037 0320 C5B1DC5C 		.ascii	"\305\261\334\\\027\375j\230\351\365\273\363\363\363"
 4037      17FD6A98 
 4037      E9F5BBF3 
 4037      F3F3
 4038 032e 5D5EBFAB 		.ascii	"]^\277\253\276\272\321\325\344\3655\373]:\311UZz\334"
 4038      BEBAD1D5 
 4038      E4F535FB 
 4038      5D3AC955 
 4038      5A7ADC
 4039 0341 E5293BD9 		.ascii	"\345);\331\352\346'U\376\246\206\252VwUccmn\215\220"
 4039      EAE62755 
 4039      FEA686AA 
ARM GAS  C:\Users\angio\AppData\Local\Temp\cc9v9wKb.s 			page 96


 4039      56775563 
 4039      636D6E8D 
 4040 0356 296BCA88 		.ascii	")k\312\210\234\316-*\274Xp\244\266:O`\215\317M\377\374"
 4040      9CCE2D2A 
 4040      BC5870A4 
 4040      B63A4F60 
 4040      8DCF4DFF 
 4041 036b 7F10950A 		.ascii	"\177\020\225\012\373"
 4041      FB
 4042              		.text
 4043              		.section	.gnu.lto_spi_lld_disable.404.1f2b0ecc,"e",%progbits
 4044 0000 789C7D97 		.ascii	"x\234}\227il\025U\024\307\357\271w\336\332\225\322\205"
 4044      696C1555 
 4044      14C7EFB9 
 4044      77DEDA95 
 4044      D285
 4045 0012 96ADA540 		.ascii	"\226\255\245@)\245\357u\243\224\262\3236b\202\326\000"
 4045      29A5EF75 
 4045      A394B2D3 
 4045      366282D6 
 4045      00
 4046 0023 FA89A441 		.ascii	"\372\211\244A\300\320\330\330\246\005L\374\322\241T"
 4046      C0D0D8D8 
 4046      A6054CFC 
 4046      D2A154
 4047 0032 20D5485B 		.ascii	" \325H[\221-\210\370RH1\304\035-\010\241\201h0\306H"
 4047      912D88F8 
 4047      524831C4 
 4047      1D2D08A1 
 4047      816830C6 
 4048 0047 88518908 		.ascii	"\210Q\211\010hD\304\020\254\215\022 \015\365\234Y:\357"
 4048      6844C410 
 4048      AC8D1220 
 4048      0DF59C59 
 4048      3AEF
 4049 0059 3CDA7981 		.ascii	"<\332y\201\313=w\3169\377\337\233\373\277o\206\276D"
 4049      CB3D77CE 
 4049      39FFDF9B 
 4049      FBBF6F86 
 4049      BE44
 4050 006b 21DE1142 		.ascii	"!\336\021B\034\302\277\"(\240\273\253C\212\341\341\341"
 4050      1CC2BF22 
 4050      28A0BBAB 
 4050      438AE1E1 
 4050      E1
 4051 007c 564DCAED 		.ascii	"VM\312\355]\257I8\005F\264\243+\321\370W\301\236\256"
 4051      5DAF4938 
 4051      0546B4A3 
 4051      2BD1F857 
 4051      C19EAE
 4052 008f 8E5B27CA 		.ascii	"\216['\312\215@\223\355]q\306\354U\353\262\007\016t"
 4052      8D4093ED 
 4052      5D71C6EC 
 4052      55EBB207 
 4052      0E74
 4053 00a1 47CC0A2F 		.ascii	"G\314\012/\354\353\012\0323\237\334\337\371\261\271"
 4053      ECEB0A1A 
ARM GAS  C:\Users\angio\AppData\Local\Temp\cc9v9wKb.s 			page 97


 4053      339FDCDF 
 4053      F9B1B9
 4054 00b0 78A0F337 		.ascii	"x\240\3637s\342w\022\003\260\355\352`\300\230\202h\225"
 4054      73E27712 
 4054      03B0EDEA 
 4054      60C09882 
 4054      6895
 4055 00c2 4AF3787D 		.ascii	"J\363x}\376\000\264JM8\2377U\276\256\353\367\217\036"
 4055      FE00B44A 
 4055      4D389F37 
 4055      55BEAEEB 
 4055      F78F1E
 4056 00d5 FEE2A84F 		.ascii	"\376\342\250O\357\355\207\036%\304ae]<\244\240[\365"
 4056      EFED871E 
 4056      25C46165 
 4056      5D3CA4A0 
 4056      5BF5
 4057 00e7 2800CD9A 		.ascii	"(\000\315\232I\310\306\231zE\344\365\353\372\245\237"
 4057      49C8C699 
 4057      7A45E4F5 
 4057      EBFAA59F 
 4058 00f7 FA743D20 		.ascii	"\372t= z\224\202\317\001k\3403\200\223 h\241\365^\256"
 4058      7A9482CF 
 4058      016BE033 
 4058      80932068 
 4058      A1F55EAE 
 4059 010b 105EBB13 		.ascii	"\020^\273\023\256I*;\010bF\3776}`\350\346?G\340\242"
 4059      AE492A3B 
 4059      086246FF 
 4059      367D60E8 
 4059      E63F47E0 
 4060 0120 AEF5280D 		.ascii	"\256\365(\015NGW\342\247W\211\017.{\372\365\241\341"
 4060      4E4757E2 
 4060      A757890F 
 4060      2E7BFAF5 
 4060      A1E1
 4061 0132 DDBA7EBD 		.ascii	"\335\272~\275\340\032~\203\347\000[z$\016^E\203\206"
 4061      E01A7E83 
 4061      E7005B7A 
 4061      240E5E45 
 4061      8386
 4062 0144 83CF8383 		.ascii	"\203\317\203\203\337\213\203\346\243\320O!\261hA\012"
 4062      DF8B83E6 
 4062      A3D04F21 
 4062      B168410A 
 4063 0154 E37008C4 		.ascii	"\343p\010\304\343\020L\240!\221\326\222p\210K\246\224"
 4063      E3104CA0 
 4063      2191D692 
 4063      70884BA6 
 4063      94
 4064 0165 7138C4A7 		.ascii	"q8\304\247\320l<\015\251\024\246\321\220Ny\031\324j"
 4064      D06C3C0D 
 4064      A914A6D1 
 4064      904E7919 
 4064      D46A
 4065 0177 025DC8A4 		.ascii	"\002]\310\2440\213\302\211\024N\242p2u\236BM\247\322"
 4065      308BC289 
ARM GAS  C:\Users\angio\AppData\Local\Temp\cc9v9wKb.s 			page 98


 4065      144EA270 
 4065      32759E42 
 4065      4DA7D2
 4066 018a 904D6B39 		.ascii	"\220Mk9\324y\032\245\344R8\235*fP8\223\302<\012gQ\230"
 4066      D4791AA5 
 4066      E452389D 
 4066      2A665038 
 4066      93C23C0A 
 4067 01a1 4FE16C6A 		.ascii	"O\341ljP@\265sh(\244\265\0205\010SJ\021\205\305TQBa"
 4067      5040B573 
 4067      6828A4B5 
 4067      10350853 
 4067      4A1185C5 
 4068 01b9 29856514 		.ascii	")\205e\024\316\245\260\234\302y\324\240\202j\347\323"
 4068      CEA5B09C 
 4068      C279D4A0 
 4068      826AE7D3 
 4069 01c9 50496B0B 		.ascii	"PIk\013\250\301BJY\204C\302b\232-\241\331R\232-\243"
 4069      A8C1424A 
 4069      598443C2 
 4069      629A2DA1 
 4069      D9529A2D 
 4070 01de D9729A55 		.ascii	"\331r\232U\321\254\232f54[\001\320\007\265\024\012\261"
 4070      D1AC9A66 
 4070      35345B01 
 4070      D007B514 
 4070      0AB1
 4071 01f0 5B913D8D 		.ascii	"[\221=\215\317T\334\212N%\235\020\304]h;\363\340\332"
 4071      CF54DC8A 
 4071      4E259D10 
 4071      C45D683B 
 4071      F3E0DA
 4072 0203 79155160 		.ascii	"y\025Q`YA\001\331\343\030\240{\374=*1\242V\300\031\020"
 4072      594101D9 
 4072      E318A07B 
 4072      FC3D2A31 
 4072      A256C019 
 4073 0218 4566E881 		.ascii	"Ef\350\201\263\360\266\261\367Tx<=\242\244U\346aeI\330"
 4073      B3F0B6B1 
 4073      F754783C 
 4073      3DA2A455 
 4073      E6616549 
 4074 022d 0FCE6159 		.ascii	"\017\316aY\273\021&C?\226\201Y\266\177\347\242\210B"
 4074      BB112643 
 4074      3F968159 
 4074      B67FE7A2 
 4074      8842
 4075 023f 41296E43 		.ascii	"A)nC\373\355\013Y\030P\003\257\351\023\004T\217\001"
 4075      FBED0B59 
 4075      185003AF 
 4075      E9130454 
 4075      8F01
 4076 0251 FEBE2AA2 		.ascii	"\376\276*\242\264\261\251|p\001\333K\213*\020Q\036\013"
 4076      B4B1A97C 
 4076      7001DB4B 
 4076      8B2A1051 
 4076      1E0B
ARM GAS  C:\Users\angio\AppData\Local\Temp\cc9v9wKb.s 			page 99


 4077 0263 CAC7A0C6 		.ascii	"\312\307\240\306a\023\370r\004*\005\276\302*eT\235\247"
 4077      6113F872 
 4077      042A05BE 
 4077      C22A6554 
 4077      9DA7
 4078 0275 2AAF5595 		.ascii	"*\257U\225\302\252\306c;\270\210U9=*\025\276\306\022"
 4078      C2AAC663 
 4078      3BB88855 
 4078      393D2A15 
 4078      BEC612
 4079 0288 CD11F2B9 		.ascii	"\315\021\362\271A}\303\241\374\034\305\307P\276\035"
 4079      417DC3A1 
 4079      FC1CC5C7 
 4079      50BE1D
 4080 0297 41D9BE77 		.ascii	"A\331\276w'D\024\341\020\213\006\003x#\222\010q\240"
 4080      274414E1 
 4080      108B0603 
 4080      78239208 
 4080      71A0
 4081 02a9 033896DF 		.ascii	"\0038\226\337\301\272dba\235\255\026t#\273\314\311\342"
 4081      C1BA6462 
 4081      619DAD16 
 4081      7423BBCC 
 4081      C9E2
 4082 02bb 3859308A 		.ascii	"8Y0\212,\015\276\307\\\217\231;Dd\361\230O\230\017w"
 4082      2C0DBEC7 
 4082      5C8F993B 
 4082      4464F198 
 4082      4F980F77 
 4083 02cf 6090408C 		.ascii	"`\220@\214A@\201x\273Y\242\233\360\217\\8\211\013'F"
 4083      41408178 
 4083      BB59A29B 
 4083      F08F5C38 
 4083      890B2746 
 4084 02e3 09A7C315 		.ascii	"\011\247\303\025\314\365F\011'\243\234s\037H8\235mT"
 4084      CCF54609 
 4084      27A39C73 
 4084      1F48389D 
 4084      6D54
 4085 02f5 06F6839F 		.ascii	"\006\366\203\237\261\301\273F\230\012W\261\201\217n"
 4085      B1C1BB46 
 4085      980A57B1 
 4085      818F6E
 4086 0304 4AB2612B 		.ascii	"J\262a+-\312V@\000\247\376\350\366D\324\270\261y\343"
 4086      2DCA5640 
 4086      00A7FEE8 
 4086      F644D4B8 
 4086      B179E3
 4087 0317 E11AB6F0 		.ascii	"\341\032\266\360[\0169\216\002)\226r<S\236\200]\340"
 4087      5B0E398E 
 4087      02299672 
 4087      3C539E80 
 4087      5DE0
 4088 0329 4694F2AF 		.ascii	"F\224\362\257X\026\260w\363\027\364:\356V\212\271\235"
 4088      5816B077 
 4088      F317F43A 
 4088      EE568AB9 
ARM GAS  C:\Users\angio\AppData\Local\Temp\cc9v9wKb.s 			page 100


 4088      9D
 4089 033a 3A98B67F 		.ascii	":\230\266\177\011\027\315\025\333\366\236X\333\237\272"
 4089      0917CD15 
 4089      DBF69E58 
 4089      DB9FBA
 4090 0349 D38DA5A9 		.ascii	"\323\215\245\251n|7\035\276\301\336t;\2637\311`JeL\267"
 4090      6E7C371D 
 4090      BEC1DE74 
 4090      3BB337C9 
 4090      604A654C 
 4091 035e 30352804 		.ascii	"05(\004i\246\202\271\003\017\014\20147\201\277\334\004"
 4091      69A682B9 
 4091      030F0C81 
 4091      343781BF 
 4091      DC04
 4092 0370 D298C01D 		.ascii	"\322\230\300\035L\215\303\207\302m\213\376.\036\332"
 4092      4C8DC387 
 4092      C26D8BFE 
 4092      2E1EDA
 4093 037f 743733DC 		.ascii	"t73\334\305\202x\307\014\031\334\014\351\354|\014\360"
 4093      C58278C7 
 4093      0C19DC0C 
 4093      E9EC7C0C 
 4093      F0
 4094 0390 A33A819F 		.ascii	"\243:\201\237\204\014\347$\014\362\003\232\351\006\360"
 4094      840CE724 
 4094      0CF2039A 
 4094      E906F0
 4095 039f 2F07C8E2 		.ascii	"/\007\310\342\000\231\014\340^\314\001\235\210\020\360"
 4095      00990CE0 
 4095      5ECC019D 
 4095      8810F0
 4096 03ae 1D8C7A30 		.ascii	"\035\214z0\263\034\234\373\366\301\234h\253Lr#z\310"
 4096      B31C9CFB 
 4096      F6C19C68 
 4096      AB4C7223 
 4096      7AC8
 4097 03c0 892673A2 		.ascii	"\211&s\242I\354`\016\305\034\314)\230?r0\247\302\017"
 4097      49EC600E 
 4097      C51CCC29 
 4097      983F7230 
 4097      A7C20F
 4098 03d3 B46437CA 		.ascii	"\264d7\312v\023}\304Es\270h6;\224\272\344\207r\032J"
 4098      76137DC4 
 4098      4573B868 
 4098      363B94BA 
 4098      E487721A 
 4099 03e8 3D7E0FF0 		.ascii	"=~\017\360\244\344\260\243\330&\255\2438\315\260\272"
 4099      A4E4B0A3 
 4099      D826ADA3 
 4099      38CDB0BA 
 4100 03f8 37D6EA07 		.ascii	"7\326\352\007\376\223\021\225\353\006\331.\331/\307"
 4100      FE931195 
 4100      EB06D92E 
 4100      D92FC7
 4101 0407 740E99CB 		.ascii	"t\016\231\313\366j\207df\231\301wg\272\263;\273$3\313"
 4101      F66A8764 
ARM GAS  C:\Users\angio\AppData\Local\Temp\cc9v9wKb.s 			page 101


 4101      6699C177 
 4101      67BAB33B 
 4101      BB2433CB 
 4102 041b 4C37800E 		.ascii	"L7\200\016\016\220\307\001f2\200\327%7\313,\204\030"
 4102      0E90C701 
 4102      663280D7 
 4102      2537CB2C 
 4102      8418
 4103 042d CB2C790E 		.ascii	"\313,y\016\316\033\3222\313,[%\337\215\250\223\023\315"
 4103      CE1BD232 
 4103      CB2C5B25 
 4103      DF8DA893 
 4103      13CD
 4104 043f E644F9CC 		.ascii	"\346D\371\314,\335\222\233\245\000\363G\3142\3070K\201"
 4104      2CDD929B 
 4104      A500F347 
 4104      CC32C730 
 4104      4B81
 4105 0451 DDA8D04D 		.ascii	"\335\250\320Mt\017\027\015q\321Bf\226\2751f\011\243"
 4105      740F170D 
 4105      71D14266 
 4105      96BD3166 
 4105      09A3
 4106 0463 D4A86609 		.ascii	"\324\250f\0111\263\354\267\315\0226T\256\2207\212\334"
 4106      31B3ECB7 
 4106      CD123654 
 4106      AE90378A 
 4106      DC
 4107 0474 980E4A66 		.ascii	"\230\016Jf\340b\316T\304\266\346\020\367F\011\337\214"
 4107      E062CE54 
 4107      C4B6E610 
 4107      F74609DF 
 4107      8C
 4108 0485 6267330E 		.ascii	"bg3\016so\224\272\001\034\341\000e\034\240\224\001D"
 4108      736F94BA 
 4108      011CE100 
 4108      651CA094 
 4108      0144
 4109 0497 62BC3117 		.ascii	"b\2741\027!\306\362F\231\203\323c{c\256\255R\356Ft\214"
 4109      21C6F246 
 4109      9983D363 
 4109      7B63AEAD 
 4109      52EE4674 
 4110 04ac 13CDE344 		.ascii	"\023\315\343D\345\314\033\2751\336\250\300\374\021o"
 4110      E5CC1BBD 
 4110      31DEA8C0 
 4110      FC116F
 4111 04bb CC37BC51 		.ascii	"\3147\274Qa7\252t\023}\217\213.\340\242\225\314\033"
 4111      6137AA74 
 4111      137D8F8B 
 4111      2EE0A295 
 4111      CC1B
 4112 04cd 2762BCB1 		.ascii	"'b\274\261\020\245F\365\306\002\346\215\367mo,4~H|\321"
 4112      10A546F5 
 4112      C602E68D 
 4112      F76D6F2C 
 4112      347E487C 
ARM GAS  C:\Users\angio\AppData\Local\Temp\cc9v9wKb.s 			page 102


 4113 04e2 3F24F85C 		.ascii	"?$\370\\\375\363\302\337\373&#\026\266h\007\211/\263"
 4113      FDF3C2DF 
 4113      FB262316 
 4113      B6680789 
 4113      2FB3
 4114 04f4 BDF6EB2C 		.ascii	"\275\366\353,\276\014'\302\207\222x\333\241\315|\204"
 4114      BE0C27C2 
 4114      879278DB 
 4114      A1CD7C84 
 4115 0504 29F848DA 		.ascii	")\370H\332O_\177\314O\322`\337\243\346\210ZD\217\313"
 4115      4F5F7FCC 
 4115      4FD260DF 
 4115      A3E6885A 
 4115      448FCB
 4116 0517 04D08FEC 		.ascii	"\004\320\217\354\3225\3332\213\255w\200\004\366\016"
 4116      D235DB32 
 4116      8BAD7780 
 4116      04F60E
 4117 0526 9089C9F0 		.ascii	"\220\211\311\360\251\264v\353$b&\230\337n\320\037QK"
 4117      A9B476EB 
 4117      24622698 
 4117      DF6ED01F 
 4117      514B
 4118 0538 E0134977 		.ascii	"\340\023Iw\264\233\276\351Rla\275\013d?\376\2153){\244"
 4118      B49BBEE9 
 4118      526C61BD 
 4118      0B643FFE 
 4118      8D33297B 
 4119 054d 4F9FD907 		.ascii	"O\237\331\007\213\354V\313\314V\006\311r^\267\314\251"
 4119      8BEC56CB 
 4119      CC5606C9 
 4119      725EB7CC 
 4119      A9
 4120 055e 3BCDF5AB 		.ascii	";\315\365\253,}\303p\325Xh\352\017_\037\365\3252\223"
 4120      2C7DC370 
 4120      D55868EA 
 4120      0F5F1FF5 
 4120      D53293
 4121 0571 0A465A9D 		.ascii	"\012FZ\235\265\021\252\355n5Q\010\265\274\256\306\250"
 4121      B511AAED 
 4121      6E355108 
 4121      B5BCAEC6 
 4121      A8
 4122 0582 B337EB9C 		.ascii	"\2637\353\234EA\3677\020}\177\007\241\355\306[\265\306"
 4122      4541F737 
 4122      107D7F07 
 4122      A1EDC65B 
 4122      B5C6
 4123 0594 95DD0AA2 		.ascii	"\225\335\012\242\377{\"DyU\345\332\252M\365\317\327"
 4123      FF7B2244 
 4123      7955E5DA 
 4123      AA4DF5CF 
 4123      D7
 4124 05a5 AFDEBC65 		.ascii	"\257\336\274eC}\343\332\227\033\233_liZ\267~c\335\226"
 4124      437DE3DA 
 4124      971B9B5F 
 4124      6C695AB7 
ARM GAS  C:\Users\angio\AppData\Local\Temp\cc9v9wKb.s 			page 103


 4124      7E63DD96 
 4125 05b9 968DCD6B 		.ascii	"\226\215\315kW\255)\\\275\346\251\322\222'\312\346\225"
 4125      57AD295C 
 4125      BDE6A9D2 
 4125      9227CAE6 
 4125      95
 4126 05ca ADAA297C 		.ascii	"\255\252)|\372\331\252\2255\265\345ebi(\024\306?\353"
 4126      FAD9AA95 
 4126      35B5E565 
 4126      62692814 
 4126      C63FEB
 4127 05dd A9B2B1A5 		.ascii	"\251\262\261\245\244\270\2708\334\330\022\336\264\256"
 4127      A4B8B838 
 4127      DCD812DE 
 4127      B4AE
 4128 05eb 21DCD4D8 		.ascii	"!\334\324\330\274\271%l\024\205W\256\254\016\257~\346"
 4128      BCB9256C 
 4128      148557AE 
 4128      AC0EAF7E 
 4128      E6
 4129 05fc C9AD2574 		.ascii	"\311\255%t\245\256\245\251\276nkI]C\303\206\320z\241"
 4129      A5AEA5A9 
 4129      BE6E6B49 
 4129      5D43C386 
 4129      D07AA1
 4130 060f 61D49415 		.ascii	"a\324\224\025\273\034*/{\241\264b\303\272\"\341\331"
 4130      BB1C2A2F 
 4130      7BA1B462 
 4130      C3BA22E1 
 4130      D9
 4131 0620 DAD8102A 		.ascii	"\332\330\020*\372\037\252r\245B"
 4131      FA1FAA72 
 4131      A542
 4132              		.text
 4133              		.section	.gnu.lto_spi_lld_serve_rx_interrupt.405.1f2b0ecc,"e",%progbits
 4134 0000 789C9558 		.ascii	"x\234\225XilTU\024~\347\336\231\351Lg:\335\240\264e"
 4134      696C5455 
 4134      147EE7DE 
 4134      99E94C67 
 4134      3ADDA0B4 
 4135 0015 694B0B65 		.ascii	"iK\013ek\207.\224}m\313\332*)\365\037\011)\2334VK(`"
 4135      6B872E94 
 4135      7D6DCBDA 
 4135      2A29F51F 
 4135      09299B34 
 4136 002d E29F8EB4 		.ascii	"\342\237\216\264\224\244\032) *\025*\216\203l\032\""
 4136      94A41A29 
 4136      202A152A 
 4136      8E836C1A 
 4136      22
 4137 003e 060101D9 		.ascii	"\006\001\001\331\305\005D$\210@P\300\030%DA\014\233"
 4137      C5054424 
 4137      884050C0 
 4137      18254441 
 4137      0C9B
 4138 0050 12EA396F 		.ascii	"\022\3529o\2317gZ\036\241\241\267\367\3349\347|\337"
 4138      9937675A 
ARM GAS  C:\Users\angio\AppData\Local\Temp\cc9v9wKb.s 			page 104


 4138      1EA1A1B7 
 4138      F7DC39E7 
 4138      7CDF
 4139 0062 3BF79B73 		.ascii	";\367\233s^\270\221\240(\037)\2122\003p\351\242\300"
 4139      5EB891A0 
 4139      281F298A 
 4139      320370E9 
 4139      A2C0
 4140 0074 EA55CD42 		.ascii	"\352U\315Bioo\257\267\011\321\260\3525\001\373@\265"
 4140      696F6FAF 
 4140      B709D1B0 
 4140      EA3501FB 
 4140      40B5
 4141 0086 9A5679D5 		.ascii	"\232Vy\325\277R4\256r\253\273\345\372\211\015\326\206"
 4141      BF5234AE 
 4141      72ABBBE5 
 4141      FA890DD6 
 4141      86
 4142 0097 62ECB07D 		.ascii	"b\354\260}u \303\210q\210\025\272o[\3135\355(J\274\323"
 4142      7520C388 
 4142      718815BA 
 4142      6F5BCB35 
 4142      ED284ABC 
 4143 00ac B253DBB6 		.ascii	"\262S\333\266\032gN\261\256\303\231\013Z1\221\2264Z"
 4143      1A674EB1 
 4143      AEC3990B 
 4143      5A319196 
 4143      345A
 4144 00be BCDBB233 		.ascii	"\274\333\2623\224t\273\341\342\026\353\215\260\320\231"
 4144      9474BBE1 
 4144      E216EB8D 
 4144      B0D099
 4145 00cd 476CE870 		.ascii	"Gl\350p\026\243r\322Ry\305{a\251\266\032.\261b\213\021"
 4145      16A372D2 
 4145      5279C57B 
 4145      61A9B61A 
 4145      2EB1628B 
 4146 00e2 B6CD388B 		.ascii	"\266\3158\213\203m\241\260x\332k\307\011\224M\333&\302"
 4146      836DA1B0 
 4146      78DA6BC7 
 4146      09944DDB 
 4146      26C2
 4147 00f4 AB59462A 		.ascii	"\253YF*P\352\205\264\331\035QNW\264\333\023\343\215"
 4147      50EA85B4 
 4147      D91D514E 
 4147      57B4DB13 
 4147      E38D
 4148 0106 8D8B4F48 		.ascii	"\215\213OH\204zX#\373\373\375\376\373\233\332.n\216"
 4148      847A5823 
 4148      FBFBFDFE 
 4148      FB9BDA2E 
 4148      6E8E
 4149 0118 F26F3904 		.ascii	"\362o9\004A\251(m\370\253\376\254\227\260Z\006%\200"
 4149      41A9286D 
 4149      F8ABFEAC 
 4149      97B05A06 
 4149      2580
ARM GAS  C:\Users\angio\AppData\Local\Temp\cc9v9wKb.s 			page 105


 4150 012a 4DDF0948 		.ascii	"M\337\011H\307\235|E\311>\344\367\177\177c\217\337\357"
 4150      C79D7C45 
 4150      C93EE4F7 
 4150      7F7F638F 
 4150      DFEF
 4151 013c 528252C2 		.ascii	"R\202R\302n\300\030\370\014`\027\336\022\036\324\237"
 4151      6EC018F8 
 4151      0C6017DE 
 4151      121ED49F 
 4152 014c C924BF56 		.ascii	"\311$\277V\320\034\233\033V\370\343lAi\203\275\334\321"
 4152      D01C9B1B 
 4152      56F8E36C 
 4152      416983BD 
 4152      DCD1
 4153 015e 567F3953 		.ascii	"V\1779SQ\034\006$]\361\216\037\354\207\374\017\333W"
 4153      511C0624 
 4153      5DF18E1F 
 4153      EC87FC0F 
 4153      DB57
 4154 0170 FAFDA752 		.ascii	"\372\375\247R\276Xc\177\021\320\315.pqH\\\242ld\332"
 4154      BE58637F 
 4154      11D0CD2E 
 4154      7071485C 
 4154      A26C64DA 
 4155 0184 C9749019 		.ascii	"\311t\220\031E\246\223L\"\342\214\306\305\345\246\305"
 4155      45A6934C 
 4155      22E28CC6 
 4155      C5E5A6C5 
 4156 0194 436731B8 		.ascii	"Cg1\270D{\311%\226\3148\212\210'3\201\314D2\273\220"
 4156      447BC925 
 4156      96CC388A 
 4156      88273381 
 4156      CC4432BB 
 4157 01a9 D995CC24 		.ascii	"\331\225\314$J\320\215b\223iI\241\263TJ\320\235\\z\340"
 4157      4AD08D62 
 4157      936949A1 
 4157      B3544AD0 
 4157      9D5C7AE0 
 4158 01bd E2EE898B 		.ascii	"\342\356\211\213\247\027\355\322h\227\216KL\006\231"
 4158      A717EDD2 
 4158      68978E4B 
 4158      4C0699
 4159 01cc BD71F166 		.ascii	"\275q\361f\222_\026\231}\350\323\276\264\313\246]?\372"
 4159      925F1699 
 4159      7DE8D3BE 
 4159      B4CBA65D 
 4159      3FFA
 4160 01de A03F9903 		.ascii	"\240?\231\003\310\034H\273A\264\313\301%6\227\200|\304"
 4160      C81C48BB 
 4160      41B4CBC1 
 4160      25369780 
 4160      7CC4
 4161 01f0 6530F9E5 		.ascii	"e0\371\345\221\231Of\001\231\205d\016!jE\304j(-\303"
 4161      91994F66 
 4161      01998564 
 4161      0E216A45 
 4161      C46A282D 
ARM GAS  C:\Users\angio\AppData\Local\Temp\cc9v9wKb.s 			page 106


 4162 0205 E86C3851 		.ascii	"\350l8Q\033A.#\311\034E\021\243\311\034C\346X2\307\221"
 4162      1B412E23 
 4162      C91C4511 
 4162      A3C91C43 
 4162      E65832C7 
 4163 021a 399ECC09 		.ascii	"9\236\314\011\224\240\230bKh)\245\263\211\224`\022\271"
 4163      94A09862 
 4163      4B6829A5 
 4163      B3899460 
 4163      12B9
 4164 022c 4C264253 		.ascii	"L&BS\210\320T\332M\243]\031Q+\247\007\254\000\370\034"
 4164      88D054DA 
 4164      4DA35D19 
 4164      512BA707 
 4164      AC00F81C 
 4165 0240 2A01F6E0 		.ascii	"*\001\366\340\355\254\224\2447\365'\015\315\026)L\023"
 4165      EDAC94A4 
 4165      37F5270D 
 4165      CD16294C 
 4165      13
 4166 0251 94BFA0E1 		.ascii	"\224\277\240\341\255\0257\017\214\012H\010\310\012\322"
 4166      AD15370F 
 4166      8C0A4808 
 4166      C80AD2
 4167 0260 8B1D9CCA 		.ascii	"\213\035\234\312uh\274~45\240\011\310\016\232\262Z\244"
 4167      7568BC7E 
 4167      3435A009 
 4167      C80E9AB2 
 4167      5AA4
 4168 0272 0C8FBC05 		.ascii	"\014\217\274\005\215W\316\234\026J#\210\240\214k\223"
 4168      8D57CE9C 
 4168      164A2388 
 4168      A08C6B93 
 4169 0282 A06A2F63 		.ascii	"\240j/c#49\2032\276\021\232\374~\334$\300A@=\007e\""
 4169      23343983 
 4169      32BE119A 
 4169      FC7EDC24 
 4169      C041403D 
 4170 0299 422DDB7F 		.ascii	"B-\333\177\341\216\014H\241+\023Cp\367!\370U\317.\001"
 4170      E18E0C48 
 4170      A12B1343 
 4170      70F721F8 
 4170      55CF2E01 
 4171 02ad 59098741 		.ascii	"Y\011\207A\031\254\231\0168\002\033T\205Q\234+ \245"
 4171      19AC990E 
 4171      38021B54 
 4171      85519C2B 
 4171      20A5
 4172 02bf 1EE56051 		.ascii	"\036\345`Q]1\035\034\303\250F\325L\202\343\030\005j"
 4172      5D311D1C 
 4172      C3A846D5 
 4172      4C82E318 
 4172      056A
 4173 02d1 D4118A32 		.ascii	"\324\021\2122\276\005I,\252\033\246\203\023\030\225"
 4173      BE05492C 
 4173      AA1BA683 
 4173      131895
ARM GAS  C:\Users\angio\AppData\Local\Temp\cc9v9wKb.s 			page 107


 4174 02e0 1194C9F0 		.ascii	"\021\224\311\360\025\206\010\023\310nE\352\033N\312"
 4174      15860813 
 4174      C86E45EA 
 4174      1B4ECA
 4175 02ef C1A9D819 		.ascii	"\301\251\330\031\225\223!*Xc,o\024\322\321\012z\013"
 4175      9593212A 
 4175      58632C6F 
 4175      14D2D10A 
 4175      7A0B
 4176 0301 6B184B14 		.ascii	"k\030K\024o5\003\247\3450i\235\326ha\234\201\346\264"
 4176      6F3503A7 
 4176      E530699D 
 4176      D668619C 
 4176      81E6B4
 4177 0314 62768633 		.ascii	"bv\2063sqf\3160f)p\026}\245\346\373\220\230E\243?\321"
 4177      737166CE 
 4177      30662970 
 4177      167DA5E6 
 4177      FB909845 
 4178 032b FCB7090D 		.ascii	"\374\267\011\0157qt\201\027\217\215d\036+\340\0379p"
 4178      37717481 
 4178      178F8D64 
 4178      1E2BE01F 
 4178      3970
 4179 033d 0C07F684 		.ascii	"\014\007\366\204\001\247\302O\350k\013\003F\020\267"
 4179      01A7C24F 
 4179      E86B0B03 
 4179      4610B7
 4180 034c 5907024E 		.ascii	"Y\007\002Ne\027\325\035\363\301EL\360\276j&\303%L`\247"
 4180      6517D51D 
 4180      F3C1454C 
 4180      F0BE6A26 
 4180      C3254C60 
 4181 0361 A27855BC 		.ascii	"\242xU\274uwQO\261V\354.c\200\303d\027\307\331\305\262"
 4181      7577514F 
 4181      B156EC2E 
 4181      6380C364 
 4181      17C7D9C5 
 4182 0376 0BFB856B 		.ascii	"\013\373\205k'\236_M\234y5W\271b\022\254\010\374\312"
 4182      279E5F4D 
 4182      9C793557 
 4182      B96212AC 
 4182      08FCCA
 4183 0389 09247202 		.ascii	"\011$r\002\011\214\300o\021\212\301d\361\360\035t\252"
 4183      098CC06F 
 4183      118AC164 
 4183      F1F01D74 
 4183      AA
 4184 039a 944493CE 		.ascii	"\224D\223\316\357\206R\272\030(]\255\030]\347\214\222"
 4184      EF8652BA 
 4184      18285DAD 
 4184      185DE78C 
 4184      92
 4185 03ab 38A3AE4C 		.ascii	"8\243\256L)7\"\224\202\300I!\245$\3039:2\022\245X\201"
 4185      29372294 
 4185      82C04921 
 4185      A524C339 
ARM GAS  C:\Users\angio\AppData\Local\Temp\cc9v9wKb.s 			page 108


 4185      3A3212A5 
 4186 03c1 FEC94153 		.ascii	"\376\311AS9h\012S\311\315\010\225\240\012\222;\326\000"
 4186      39680A53 
 4186      C9CD0895 
 4186      A00A923B 
 4186      D600
 4187 03d3 4F539936 		.ascii	"OS\2316\3766\264\321]\3535\367P\033=\036\317\311\015"
 4187      FE36B4D1 
 4187      5DEB35F7 
 4187      501B3D1E 
 4187      CFC90D
 4188 03e6 FF604094 		.ascii	"\377`@\224\311\251\247.A7\223`\017L\002wB\354z\302]"
 4188      C9A9A72E 
 4188      41379360 
 4188      0F4C0277 
 4188      42EC7AC2 
 4189 03fb 8C726214 		.ascii	"\214rb\0245\311b\214\242\220^\241\036i\013\353\221\240"
 4189      35C9628C 
 4189      A2905EA1 
 4189      1E690BEB 
 4189      91A0
 4190 040d 27EE6545 		.ascii	"'\356eE\342\001'\221\306\241{1\350\377th\354\275\351"
 4190      E2012791 
 4190      C6A17B31 
 4190      E8FF7468 
 4190      ECBDE9
 4191 0420 F89C69F8 		.ascii	"\370\234i\370[\031\304?\004l\017\003\226\267\240!]\353"
 4191      5B19C43F 
 4191      046C0F03 
 4191      96B7A021 
 4191      5DEB
 4192 0432 CCE96D24 		.ascii	"\314\351m$\215\240\314 \2007\233\261\232\351\235\260"
 4192      8DA0CC20 
 4192      80379BB1 
 4192      9AE99DB0 
 4193 0442 C1239D50 		.ascii	"\301#\235Pox\204 .\005\243\265\203\030h\007B\\\256'"
 4193      6F788420 
 4193      2E05A3B5 
 4193      83186807 
 4193      425CAE27 
 4194 0456 CC6C2341 		.ascii	"\314l#A`\032z\356,\032\365}\024\006g\323\340\210\223"
 4194      601A7AEE 
 4194      2C1AF57D 
 4194      140667D3 
 4194      E08893
 4195 0469 838F9A65 		.ascii	"\203\217\232e\373\037<l\260\007d\206U=\032\205Y\217"
 4195      FB1F3C6C 
 4195      B0076486 
 4195      553D1A85 
 4195      598F
 4196 047b AD5881DE 		.ascii	"\255X\201\336\274 \031a\005\351\013M\350\034\255\337"
 4196      BC201961 
 4196      05E90B4D 
 4196      E81CADDF 
 4197 048b C5D197D0 		.ascii	"\305\321\227\320\231HyC\227\021\325a\324\235?8= 3C\243"
 4197      99487943 
 4197      9711D561 
ARM GAS  C:\Users\angio\AppData\Local\Temp\cc9v9wKb.s 			page 109


 4197      D49D3F38 
 4197      3D203343 
 4198 04a0 CEA645CE 		.ascii	"\316\246E\316\30638\000z\2243\222\365\336Gu\001\231"
 4198      C6333800 
 4198      7A943392 
 4198      F5DE4775 
 4198      0199
 4199 04b2 6545BA59 		.ascii	"eE\272Y\260K\354\3039g\261K|\035}\335\246~\372\300}"
 4199      B04BECC3 
 4199      3967B14B 
 4199      7C1D7DDD 
 4199      A67EFAC0 
 4200 04c7 03D8D589 		.ascii	"\003\330\325\211v\372Z\301\276\301a\2639l_\006\333\242"
 4200      76FA5AC1 
 4200      BEC161B3 
 4200      396C5F06 
 4200      DBA2
 4201 04d9 C3EADAC9 		.ascii	"\303\352\332\311\016\327Nt\207:\335\243:\365\013\325"
 4201      0ED74E74 
 4201      873ADDA3 
 4201      3AF50BD5 
 4202 04e9 4984EAD4 		.ascii	"I\204\352\324\317\254\223\273C\235\216-\016\310\376"
 4202      CFAC93BB 
 4202      439D8E2D 
 4202      0EC8FE
 4203 04f8 5684D770 		.ascii	"V\204\327p\302\0038\341\376\214\360Z^\247\001f\235<"
 4203      C20338E1 
 4203      FE8CF05A 
 4203      5EA70166 
 4203      9D3C
 4204 050a 1175BA6D 		.ascii	"\021u\272m1\030\263\341m\314\343Q\024z\220l\274p\035"
 4204      3118B3E1 
 4204      6DCCE351 
 4204      147A906C 
 4204      BC701D
 4205 051d 7AA015CD 		.ascii	"z\240\025\315VNs\020\2479\220\321\\\317\353:\310\250"
 4205      564E7310 
 4205      A73990D1 
 4205      5CCFEB3A 
 4205      C8A8
 4206 052f AB1E9B63 		.ascii	"\253\036\233cE\255M\243F\217\370\007>b\016\254\023\372"
 4206      45AD4DA3 
 4206      468FF807 
 4206      3E620EAC 
 4206      13FA
 4207 0541 23C6843D 		.ascii	"#\306\204=\242x\342#n\014\177D\251&\360v\370\352}Y\031"
 4207      A278E223 
 4207      6E0C7F44 
 4207      A926F076 
 4207      F8EA7D59 
 4208 0556 90B9562D 		.ascii	"\220\271V-\372\003\301\006\271\217\267\350\\6\2516\011"
 4208      FA03C106 
 4208      B98FB7E8 
 4208      5C36A936 
 4208      09
 4209 0567 362A07F3 		.ascii	"6*\007\363\331\3443g\323f\301Fe\236\025\201\255\234"
 4209      D9E43367 
ARM GAS  C:\Users\angio\AppData\Local\Temp\cc9v9wKb.s 			page 110


 4209      D366C146 
 4209      659E1581 
 4209      AD9C
 4210 0579 403E2790 		.ascii	"@>'\220\307\010l\027|T\026 \211\307\215\312|\223\316"
 4210      C7086C17 
 4210      7C541620 
 4210      89C78DCA 
 4210      7C93CE
 4211 058c C7421F95 		.ascii	"\307B\037\225\005\006J\241\025\243\035\234\321\020\316"
 4211      05064AA1 
 4211      15A31D9C 
 4211      D110CE
 4212 059b A8908DCA 		.ascii	"\250\220\215\312O\004\037\225E\350\037\032\225C\325"
 4212      4F041F95 
 4212      45E81F1A 
 4212      9543D5
 4213 05aa 51596424 		.ascii	"QYd$\032f\005\372)\007\035\316A\207\261Q\271K\360Q9"
 4213      1A6605FA 
 4213      29071DCE 
 4213      4187B151 
 4213      B94BF051 
 4214 05bf 02A13A1D 		.ascii	"\002\241:\035\225\303\331\250\334-\364Q9B{\215:a\013"
 4214      95C3D9A8 
 4214      DC2DF451 
 4214      39427B8D 
 4214      3A610B
 4215 05d2 C891569C 		.ascii	"\310\221V\234\366\0126\276GqN#\331\325\354\343\332\030"
 4215      F60A36BE 
 4215      47714E23 
 4215      D9D5ECE3 
 4215      DA18
 4216 05e4 CD2F6394 		.ascii	"\315/c\224y\031\007\2706\306X\0218\310\011\214\345\004"
 4216      791907B8 
 4216      36C65811 
 4216      38C8098C 
 4216      E504
 4217 05f6 C6300287 		.ascii	"\3060\002\207#\2641\016I<N\033cM:G\015m\2143P\306[1"
 4217      23B4310E 
 4217      493C4E1B 
 4217      634D3A47 
 4217      0D6D8C33 
 4218 060e 3ACE194D 		.ascii	":\316\031M\340\214\3063m\234\210\320\006~\331'\204\264"
 4218      E08CC633 
 4218      6D9C88D0 
 4218      067ED927 
 4218      84B4
 4219 0620 51A26AA3 		.ascii	"Q\242j\243\330HTj\005\3725\007\235\310AK\2316\276\215"
 4219      D848546A 
 4219      05FA3507 
 4219      9DC8414B 
 4219      9936BE8D 
 4220 0634 D0C62484 		.ascii	"\320\306$\204\352T\033\023\2316N\031\332\230\244\275"
 4220      EA541B13 
 4220      99364E19 
 4220      DA98A4BD 
 4221 0644 469D446D 		.ascii	"F\235DmL\266\352\226\247y\267\234\302\273\345d\326-"
 4221      4CB6EA96 
ARM GAS  C:\Users\angio\AppData\Local\Temp\cc9v9wKb.s 			page 111


 4221      A779B79C 
 4221      C2BBE564 
 4221      D62D
 4222 0656 CFF0A63E 		.ascii	"\317\360\246>\305l\352\261O\325\324\317j\035\217\032"
 4222      C56CEAB1 
 4222      4FD5D4CF 
 4222      6A1D8F1A 
 4223 0666 A60E3BD5 		.ascii	"\246\016;\325\212\3429Nq\032\2478\225Q<\317\033\372"
 4223      8AE2394E 
 4223      711AA738 
 4223      95513CCF 
 4223      1BFA
 4224 0678 B488865E 		.ascii	"\264\210\206^fE\353\002o\350efC\217\013\177={\342\343"
 4224      6645EB02 
 4224      6FE86566 
 4224      438F0B7F 
 4224      3D7BE2E3 
 4225 068c 5D0A6FE8 		.ascii	"]\012o\350BM\020\377T\023\341g\275>\227\265\340\204"
 4225      424D10FF 
 4225      5413E167 
 4225      BD3E97B5 
 4225      E084
 4226 069e B0609BD5 		.ascii	"\260`\233\325\313a\371\023^\016\257\212\210\227\303"
 4226      CB61F913 
 4226      5E0EAF8A 
 4226      8897C3
 4227 06ad 6BA2B397 		.ascii	"k\242\263\227\303rX&\254^\014\023\303\247\323mXvew\205"
 4227      C3725826 
 4227      AC5E0C13 
 4227      C3A7D36D 
 4227      58766577 
 4228 06c2 5AA79512 		.ascii	"Z\247\225\022\302\377\263BQ\212\212G\314,^P=\273z\306"
 4228      C2FFB342 
 4228      518A8A47 
 4228      CC2C5E50 
 4228      3DBB7AC6 
 4229 06d6 E22573AB 		.ascii	"\342%s\253kg\276\\\273\350\205\272\205Us\346\315ZR7"
 4229      6B67BE5C 
 4229      BBE885BA 
 4229      855573E6 
 4229      CD5A5237 
 4230 06ea 6FD1CC8A 		.ascii	"o\321\314\212\312\234\031\225\345\005\371\223\012\207"
 4230      CA9C1995 
 4230      E505F993 
 4230      0A87
 4231 06f8 165694E6 		.ascii	"\026V\224\346<\363\\qY\351\263E\205\312\270\334\\\037"
 4231      3CF35C71 
 4231      59E9B345 
 4231      85CAB8DC 
 4231      5C1F
 4232 070a FE9B4391 		.ascii	"\376\233C\221\265u\371yyy\276\332:\337\202\252\032\337"
 4232      B575F979 
 4232      7979BEDA 
 4232      3ADF82AA 
 4232      1ADF
 4233 071c C2DA458B 		.ascii	"\302\332E\213\353|j\220\257\254\254\3047c\372\224\245"
 4233      EB7C6A90 
ARM GAS  C:\Users\angio\AppData\Local\Temp\cc9v9wKb.s 			page 112


 4233      AFACACC4 
 4233      3763FA94 
 4233      A5
 4234 072d F9F4C9AC 		.ascii	"\371\364\311\254\272\205\325\263\226\346\317\252\251"
 4234      BA85D5B3 
 4234      96E6CFAA 
 4234      A9
 4235 073a 999B3B47 		.ascii	"\231\233;G\261\241\26505\3628\267\250p~\301\260\271"
 4235      B1A1B530 
 4235      35F238B7 
 4235      A8707EC1 
 4235      B0B9
 4236 074c 558315FB 		.ascii	"U\203\025\373\374\232\252\347\353<%\345\343\323\347"
 4236      FC9AAAE7 
 4236      EB3C25E5 
 4236      E3D3E7
 4237 075b 5755D72C 		.ascii	"WU\327,Y4O\371\037q\226Pc"
 4237      59344FF9 
 4237      1F719650 
 4237      63
 4238              		.text
 4239              		.section	.gnu.lto_spi_lld_serve_tx_interrupt.406.1f2b0ecc,"e",%progbits
 4240 0000 789C7D55 		.ascii	"x\234}UklSe\030\376\336\363\235s\332\256]\333m\335\245"
 4240      6B6C5365 
 4240      18FEDEF3 
 4240      9D73DAAE 
 4240      5DDB6DDD 
 4241 0015 DDADB364 		.ascii	"\335\255\263d\204\037\254l,\323\030\177h\0061&C\015"
 4241      841FAC6C 
 4241      2CD3187F 
 4241      68063126 
 4241      430D
 4242 0027 C37F4B96 		.ascii	"\303\177K\226\272\01344\351\2622L\374\323#+#\231?FQ"
 4242      BA0B3434 
 4242      E9B2324C 
 4242      FCD3232B 
 4242      23993F46 
 4243 003c 31186DB4 		.ascii	"1\030m\2649\032o\011\277\224k`\242\006BT.F\002\030\271"
 4243      391A6F09 
 4243      BF946B60 
 4243      A2064254 
 4243      2E460218 
 4244 0051 04085908 		.ascii	"\004\010Y\0108$^!\324\367=\227\266\337\3046\355\327"
 4244      38245E21 
 4244      D4F73D97 
 4244      B6DFC436 
 4244      EDD7
 4245 0063 EF7DFB3E 		.ascii	"\357}\373>\357\363\364\375\236|\347\256\203\261\317"
 4245      EFF3F4FD 
 4245      9E7CE7AE 
 4245      83B1CF
 4246 0072 196323F8 		.ascii	"\031c#\370a\016\006\273\262\263\022+\024\012iY\222\246"
 4246      610E06BB 
 4246      B2B3122B 
 4246      140A6959 
 4246      92A6
 4247 0084 B3AF4B70 		.ascii	"\263\257Kp\010\214h&\3535\276\271\224\311\272\215\335"
ARM GAS  C:\Users\angio\AppData\Local\Temp\cc9v9wKb.s 			page 113


 4247      088C6826 
 4247      EB35BEB9 
 4247      94C9BA8D 
 4247      DD
 4248 0095 762B23C3 		.ascii	"v+#\303[E\214\002\273\263U\306N\205\327\226\331X`i\211"
 4248      5B458C02 
 4248      BBB355C6 
 4248      4E85D796 
 4248      D9586069 
 4249 00aa CB8A0A69 		.ascii	"\313\212\012ix\203\257\3204\355\257\017s\237}\342\320"
 4249      7883AFD0 
 4249      34EDAF0F 
 4249      739F7DE2 
 4249      D0
 4250 00bb 3E9E079D 		.ascii	">\236\007\2353\226\343\314|\275\313a\027\3279\200l\355"
 4250      3396E3CC 
 4250      7CBDCB61 
 4250      17D73980 
 4250      6CED
 4251 00cd 2408E38E 		.ascii	"$\010\343\216\277\312\226\317k\332\351[\3735\315\305"
 4251      BFCA96CF 
 4251      6BDAE95B 
 4251      FB35CDC5 
 4252 00dd 74CE611F 		.ascii	"t\316a\037 \006\276\004\370\002\030%\322\237F\250\356"
 4252      2006BE04 
 4252      F8021825 
 4252      D29F46A8 
 4252      EE
 4253 00ee 1D300B67 		.ascii	"\0350\013g\247wh~Y\3472\034\020\013\345\364\276\010"
 4253      A777687E 
 4253      59E7321C 
 4253      100BE5F4 
 4253      BE08
 4254 0100 63AA4D89 		.ascii	"c\252M\2119\266\367\2542\257=(\314i\332\367\301#{\224"
 4254      39B6F7AC 
 4254      32AF3D28 
 4254      CC69DAF7 
 4254      C1237B94 
 4255 0114 28609922 		.ascii	"(`\231\"\341\242r\\\0342\205\012\205*\205\016\012\235"
 4255      E1A2725C 
 4255      1C32850A 
 4255      852A850E 
 4255      0A9D
 4256 0126 14921067 		.ascii	"\024\222\020g\025..7-\036\312U\343R\345\245\022\037"
 4256      152E2E37 
 4256      2D1ECA55 
 4256      E352E5A5 
 4256      121F
 4257 0138 857E42D4 		.ascii	"\205~B\324PXKa\035\205\001\012\353)l\240\006\215\204"
 4257      50584B61 
 4257      1D85010A 
 4257      EB296CA0 
 4257      068D84
 4258 014b 6DA22548 		.ascii	"m\242%H\271\0205h\246\222\026\\\334\255\270x\332h\327"
 4258      B9103568 
 4258      A692165C 
 4258      DCADB878 
ARM GAS  C:\Users\angio\AppData\Local\Temp\cc9v9wKb.s 			page 114


 4258      DA68D7
 4259 015e 4EBB302E 		.ascii	"N\2730.\325\021\200\203\320\011\260\037\305\317q\232"
 4259      D5118083 
 4259      D009B01F 
 4259      C5CF719A 
 4260 016e BAF16AC7 		.ascii	"\272\361j\307p'\227J!\260;0\275{\307\237'\237\312s\310"
 4260      7027974A 
 4260      21B03B30 
 4260      BD7BC79F 
 4260      279FCA73 
 4261 0183 F3088D53 		.ascii	"\363\010\215S\001'[\200\314\302\327\241\2749_\005\314"
 4261      01275B80 
 4261      CCC2D7A1 
 4261      BC395F05 
 4261      CC
 4262 0194 C1EFE4BC 		.ascii	"\301\357\344\274\034\271\010\231+\367\316J,\003\222"
 4262      1CB90899 
 4262      2BF7CE4A 
 4262      2C0392
 4263 01a3 CEBD390E 		.ascii	"\316\2759\016\306\321t\274\0173N\235\37320\243i\270"
 4263      C6D174BC 
 4263      0F334E9D 
 4263      FB3230A3 
 4263      69B8
 4264 01b5 F1C351C0 		.ascii	"\361\303Q\300\023\326y\015Rm;|\341\222\234\347\222u"
 4264      13D6790D 
 4264      526D3B7C 
 4264      E1929CE7 
 4264      9275
 4265 01c7 7008C1DD 		.ascii	"p\010\301\335G\240\031\225\265y\336\011_\001[e\206*"
 4265      47A01995 
 4265      B579DE09 
 4265      5F015B65 
 4265      862A
 4266 01d9 1C83F78C 		.ascii	"\034\203\367\214\003 \234+\317\271\205R\005T\035\266"
 4266      03209C2B 
 4266      CFB98552 
 4266      05541DB6 
 4267 01e9 836F1095 		.ascii	"\203o\020\2251\302\000|\213(0P\307\010e\233$ \240\352"
 4267      31C2007C 
 4267      8B283050 
 4267      C708659B 
 4267      2420A0EA 
 4268 01fd B11D1C47 		.ascii	"\261\035\034GT\207\316\033\340\004B\244\022\221RI\324"
 4268      5487CE1B 
 4268      E00442A4 
 4268      12915249 
 4268      D4
 4269 020e 4951942A 		.ascii	"IQ\224*JQ\004)\337\025\245\340\214q\274\016\224c\016"
 4269      4A510429 
 4269      DF15A5E0 
 4269      8C71BC0E 
 4269      94630E
 4270 0221 741167E8 		.ascii	"t\021g\350#\211\213\263 \312RK\262N\231\262\020g\263"
 4270      23898BB3 
 4270      20CA524B 
 4270      B24E99B2 
ARM GAS  C:\Users\angio\AppData\Local\Temp\cc9v9wKb.s 			page 115


 4270      1067B3
 4271 0234 392B293B 		.ascii	"9+);#*s\211\312\234e\312\032\341G\254\345f\355\003R"
 4271      232A7389 
 4271      CA9C65CA 
 4271      1AE147AC 
 4271      E566ED03 
 4272 0249 5685F524 		.ascii	"V\205\365$\363\237\031\014\334\244\321\005^L\333\315"
 4272      F39F190C 
 4272      DCA4D105 
 4272      5E4CDBCD 
 4273 0259 3C9588CF 		.ascii	"<\225\210\317\211\304\325\"\261\247\214\270\011\316"
 4273      89C4D522 
 4273      B1A78CB8 
 4273      09CE
 4274 0267 63AD5C46 		.ascii	"c\255\\F\214$\356\322\034\210\270I8\250 \366\203\213"
 4274      8C24EED2 
 4274      1C88B849 
 4274      38A820F6 
 4274      838B
 4275 0279 D8E00323 		.ascii	"\330\340\003#l\200\237\261\201BC\361\032|{.\243\237"
 4275      6C809FB1 
 4275      814243F1 
 4275      1A7C7B2E 
 4275      A39F
 4276 028b 7C95D4FD 		.ascii	"|\225\324\375\202\000\265\244\316/\252\363\011\007v"
 4276      8200B5A4 
 4276      CE2FAAF3 
 4276      090776
 4277 029a 59F44E8D 		.ascii	"Y\364N\215x4\376\322\321\\\025\035S[I\3005Q@\235(\240"
 4277      7834FED2 
 4277      D15C151D 
 4277      535B49C0 
 4277      3551409D 
 4278 02b0 56107063 		.ascii	"V\020pc\211c\002(\002~\200G:\245\256$\347\246\355\224"
 4278      89630228 
 4278      027E8047 
 4278      3AA5AE24 
 4278      E7A6ED94 
 4279 02c4 80CD525F 		.ascii	"\200\315R_I\321\202\250\250ATT/8\345\326\022\2474b}"
 4279      49D182A8 
 4279      A8415454 
 4279      2F38E5D6 
 4279      12A73462 
 4280 02d9 D1294DF0 		.ascii	"\321)M\360\023\245\354F\301J\244\267E\322\220H\032\024"
 4280      13A5EC46 
 4280      C14AA4B7 
 4280      45D29048 
 4280      1A14
 4281 02eb 5CF2EB12 		.ascii	"\\\362\353\022\2274#\325\177g\200\336\010\011\336\270"
 4281      973423D5 
 4281      7F6780DE 
 4281      0809DEB8 
 4282 02fb 6B7BA3D9 		.ascii	"k{\243\331\274k\256\2437Z\376_\223\033\356!\300Q\322"
 4282      BC6BAEA3 
 4282      375AFE5F 
 4282      931BEE21 
 4282      C051D2
ARM GAS  C:\Users\angio\AppData\Local\Temp\cc9v9wKb.s 			page 116


 4283 030e D46A59D0 		.ascii	"\324jY\320-X\020\257\301\026\370\275\250\256\031\376"
 4283      2D5810AF 
 4283      C116F8BD 
 4283      A8AE19FE 
 4284 031e 40941351 		.ascii	"@\224\023QtI\366#\212 -\305;R.\273#\301j\334VI\304\337"
 4284      7449F623 
 4284      8A202DC5 
 4284      3B522EBB 
 4284      23C16ADC 
 4285 0336 A2887691 		.ascii	"\242\210v\221\272M\240\276oQ\343\335\033\306\377\331"
 4285      BA4DA0BE 
 4285      6F51E3DD 
 4285      1BC6FFD9 
 4286 0346 8E9F4E9D 		.ascii	"\216\237N\235\267\032\304J\0311_\204\351\260y3\267\345"
 4286      B71AC44A 
 4286      19315F84 
 4286      E9B07933 
 4286      B7E5
 4287 0358 C81A3AD6 		.ascii	"\310\032:\326\"\301\233\2638\315\360#\324`\312\022\024"
 4287      22C19BB3 
 4287      38CDF023 
 4287      D460CA12 
 4287      14
 4288 0369 868748E2 		.ascii	"\206\207H\342b\2106\023\325P\000b\334n5\354\310\221"
 4288      62883613 
 4288      D5500062 
 4288      DC6E35EC 
 4288      C891
 4289 037b 21B00DFD 		.ascii	"!\260\015\375\357\307\350I\030a\002\235l\322\221&\265"
 4289      EFC7E849 
 4289      1861029D 
 4289      6CD29126 
 4289      B5
 4290 038c FC81F11B 		.ascii	"\374\201\361\033l\273\362\366\2401\2469\016\345\317"
 4290      6CBBF2F6 
 4290      A031A639 
 4290      0EE5CF
 4291 039b 24C6FAFA 		.ascii	"$\306\372\372\237\034\352\337\024\1779>\270ej4\236\034"
 4291      9F1CEADF 
 4291      147F393E 
 4291      B8656A34 
 4291      9E1C
 4292 03ad 7A2539B9 		.ascii	"z%9\27195\021\033\031\033\236J\215M\016\255\337\260"
 4292      3935111B 
 4292      191B9E4A 
 4292      8D4D0EAD 
 4292      DFB0
 4293 03bf 7270C3BA 		.ascii	"rp\303\272\325=\317\366>\336\273~\355\312\347_\352\037"
 4293      D53DCFF6 
 4293      3EDEBB7E 
 4293      EDCAE75F 
 4293      EA1F
 4294 03d1 58FB425F 		.ascii	"X\373B_/{\272\253+\212\357\021B&S=\335\335\335\321d"
 4294      2F7BBAAB 
 4294      2B8AEF11 
 4294      4226533D 
 4294      DDDDDDD1 
ARM GAS  C:\Users\angio\AppData\Local\Temp\cc9v9wKb.s 			page 117


 4295 03e6 2ABA2996 		.ascii	"*\272)\226\210N$'\267\244\242\006(:0\260&:\370\342s"
 4295      884E2427 
 4295      B7A4A206 
 4295      283A30B0 
 4295      263AF8E2 
 4296 03fb 5B7BE897 		.ascii	"[{\350\227\341\324D|xk\317p\"1\3325\302d\214&BK\323"
 4296      E1D4447C 
 4296      786BCF70 
 4296      2231DA35 
 4296      C2648C26 
 4297 0412 5D7DBDE3 		.ascii	"]}\275\343\253\237\030\215\255b\312x\"\2661\345Y\263"
 4297      AB9F188D 
 4297      AD62CA78 
 4297      22B631E5 
 4297      59B3
 4298 0424 EE99F078 		.ascii	"\356\231\360x,\236\230\232\034c\377\002\366\277\232"
 4298      2C9E989A 
 4298      1C63FF02 
 4298      F6BF9A
 4299 0433 71       		.ascii	"q"
 4300              		.text
 4301              		.section	.gnu.lto_spi_lld_get_dma.407.1f2b0ecc,"e",%progbits
 4302 0000 789C7D53 		.ascii	"x\234}SoHSQ\024\277\347\236\367\266\247\213\201\270"
 4302      6F485351 
 4302      14BFE79E 
 4302      F7B6A78B 
 4302      81B8
 4303 0012 BE489024 		.ascii	"\276H\220$\021}\320\351\034&}\022L\"\320\014\265o\302"
 4303      117DD0E9 
 4303      1C267D12 
 4303      4C22D00C 
 4303      B56FC2
 4304 0025 586A3832 		.ascii	"Xj826\266i\177\276\354j3\321B7\015\202\320\005k\226"
 4304      36B6697F 
 4304      BEEC6A33 
 4304      D142370D 
 4304      82D0056B 
 4305 003a 90108191 		.ascii	"\220\020\201\221\226\225\240\224B\210$D}\261>N\3727"
 4305      9695A094 
 4305      42882444 
 4305      7DB13E4E 
 4305      FA37
 4306 004c 85CC245D 		.ascii	"\205\314$]\367\2767m[\326\345\275\363\316\271\367w~"
 4306      F7BE376D 
 4306      5BD6E5BD 
 4306      F3CEB9F7 
 4306      777E
 4307 005e F7FCCEBD 		.ascii	"\367\374\316\275\357\007\0222F\010q\363\227(\004\372"
 4307      EF071232 
 4307      460871F3 
 4307      972804FA 
 4308 006e 833D94C4 		.ascii	"\203=\224\304\343q\237D\351\225\3405\012/@\215\374A"
 4308      E3719F44 
 4308      E995E035 
 4308      0A2F408D 
 4308      FC41
 4309 0080 A3FA45B8 		.ascii	"\243\372E\270\031\354\3716_\252\006\022\355\014\032"
ARM GAS  C:\Users\angio\AppData\Local\Temp\cc9v9wKb.s 			page 118


 4309      19ECF936 
 4309      5FAA0612 
 4309      ED0C1A
 4310 008f 54EF6A62 		.ascii	"T\357jbY\026\313\237\252U_'\374W\357\254j\240\207vE"
 4310      5916CB9F 
 4310      AA555F27 
 4310      FC57EFAC 
 4310      6AA08776 
 4311 00a4 E305E2A3 		.ascii	"\343\005\342\243(\311:=\370`\000\007\021\3721\202\004"
 4311      28C93A3D 
 4311      F8600007 
 4311      11FA3182 
 4311      04
 4312 00b5 A4840790 		.ascii	"\244\204\007\220{\2301\266>\034Z\232\323\017\216LI\021"
 4312      7B9831B6 
 4312      3E1C5A9A 
 4312      D30F8E4C 
 4312      4911
 4313 00c7 A424C401 		.ascii	"\244$\304\001\217\000\306@T\311\201x\231\034\232bl\341"
 4313      8F00C640 
 4313      54C98178 
 4313      991C9A62 
 4313      6CE1
 4314 00d9 FD386319 		.ascii	"\3758c\031$\202\010\217!\011\303'|\321\003\002w\013"
 4314      2482088F 
 4314      2109C327 
 4314      7CD10302 
 4314      770B
 4315 00eb 34E07A02 		.ascii	"4\340z\002(\301D*P\362}W\201w4`\354\303\362\2001\000"
 4315      28C1442A 
 4315      50F27D57 
 4315      81773460 
 4315      ECC3F280 
 4316 0101 02F8341D 		.ascii	"\002\3704\035\330\221'\200\243\011\306\215\035\306g"
 4316      D8912780 
 4316      A309C68D 
 4316      1DC667
 4317 0110 E9C0BE3C 		.ascii	"\351\300\276<BtD\024\315\007\237\203\203\254\223\305"
 4317      42744414 
 4317      CD079F83 
 4317      83AC93C5 
 4318 0120 BE7477F5 		.ascii	"\276tw\365\232\002\355\312_z\310\2037\362\024\373\025"
 4318      9A02EDCA 
 4318      5F7AC883 
 4318      37F214FB 
 4318      15
 4319 0131 EF632C5E 		.ascii	"\357c,^u}\372\336(\354\005\316#SaP\030I\030Y\030\035"
 4319      757DFADE 
 4319      28EC05CE 
 4319      23536150 
 4319      18491859 
 4320 0147 373403E0 		.ascii	"74\003\340\011d\002<\007\003\3008\030\001&!K,d\013c"
 4320      0964023C 
 4320      0703C038 
 4320      18012621 
 4320      4B2C640B 
 4321 015c 1286903E 		.ascii	"\022\206\220>\024\355V\307~\276M\000\351\237\020H\014"
ARM GAS  C:\Users\angio\AppData\Local\Temp\cc9v9wKb.s 			page 119


 4321      14ED56C7 
 4321      7EBE4D00 
 4321      E99F1048 
 4321      0C
 4322 016d BA3E2E2E 		.ascii	"\272>..\336\000~\274a\004?\320\010\352B\310qa\314\010"
 4322      DE007EBC 
 4322      61043FD0 
 4322      08EA42C8 
 4322      7161CC08 
 4323 0181 63A61F3A 		.ascii	"c\246\037:\030\343\225\352CHU\210!\202\012\371\012\035"
 4323      18E395EA 
 4323      43485588 
 4323      21820AF9 
 4323      0A1D
 4324 0193 B19E4D48 		.ascii	"\261\236MH\034\024Gs\357.\360\303\212\362\220\247\031"
 4324      1C144773 
 4324      EF2EF0C3 
 4324      8AF290A7 
 4324      19
 4325 01a4 601A4821 		.ascii	"`\032H!S3e\230\201!\321\000N/\022''\326\3060\214t;E"
 4325      53336598 
 4325      8121D100 
 4325      4E2F1227 
 4325      27D6C630 
 4326 01bc D925E3A5 		.ascii	"\331%\343\245\226A\226\301\037\235\316\341`\261\215"
 4326      964196C1 
 4326      1F9DCEE1 
 4326      60B18D
 4327 01cb ACF5880B 		.ascii	"\254\365\210\013\300d\001\234ru}m\206S\232\004\212\202"
 4327      C064019C 
 4327      72757D6D 
 4327      86539A04 
 4327      8A82
 4328 01dd 9304289B 		.ascii	"\223\004(\233\225T\244\224.ue\321\024FL\221iL\225\211"
 4328      9554A494 
 4328      2E7565D1 
 4328      14464C91 
 4328      694C9589 
 4329 01f1 BBC9FCB7 		.ascii	"\273\311\374\267\270\327\274T\225\006Uq?7\2058\351\177"
 4329      B8D7BC54 
 4329      95065571 
 4329      3F378538 
 4329      E97F
 4330 0203 E2E6B58C 		.ascii	"\342\346\265\214\035q\022\314BB\230\234&lrb\253.\214"
 4330      1D7112CC 
 4330      4242989C 
 4330      266C7262 
 4330      AB2E8C
 4331 0216 F236DBC8 		.ascii	"\3626\333\310\276T\272(\025|\013\211f\305\300\237KT"
 4331      BE54BA28 
 4331      157C0B89 
 4331      66C5C09F 
 4331      4B54
 4332 0228 65992194 		.ascii	"e\231!\224DIr\004\015Z\177\266D\177\262a\016\222z\243"
 4332      44497204 
 4332      0D5A7FB6 
 4332      447FB261 
ARM GAS  C:\Users\angio\AppData\Local\Temp\cc9v9wKb.s 			page 120


 4332      0E927AA3 
 4333 023c 4BEFE2F8 		.ascii	"K\357\342\370\3140Gei]\324\012\322'c>C{\031\311\343"
 4333      CC304765 
 4333      695DD40A 
 4333      D227633E 
 4333      437B19C9 
 4334 0251 FBC6BAEF 		.ascii	"\373\306\272\357\263\\\376k\354I\334l1V\201\206\221"
 4334      B35CFE6B 
 4334      EC49DC6C 
 4334      31568186 
 4334      91
 4335 0262 DF75B201 		.ascii	"\337u\262\001:~\024\2704\264\242\250\235\314\226\337"
 4335      3A7E14B8 
 4335      34B4A2A8 
 4335      9DCC96DF 
 4336 0272 DEE69F2C 		.ascii	"\336\346\237,]\357C\007\277\213\220|\027\011))?Z_\336"
 4336      5DEF4307 
 4336      BF8B907C 
 4336      17092929 
 4336      3F5A5FDE 
 4337 0286 EC38E3A8 		.ascii	"\3548\343\250\365\2666:\234\365\027\234\356s\036\227"
 4337      F5B6363A 
 4337      9CF5179C 
 4337      EE731E97 
 4338 0296 BDA1C9D6 		.ascii	"\275\241\311\326\352ir\327\327\324\345\327\326U\025"
 4338      EA6972D7 
 4338      D7D4E5D7 
 4338      D65515
 4339 02a5 5B8E5B8F 		.ascii	"[\216[\217Xk*\362O\236.\257\254\250.\261\222\262\202"
 4339      586B2AF2 
 4339      4F9E2EAF 
 4339      ACA82EB1 
 4339      92B282
 4340 02b8 02337F1A 		.ascii	"\0023\177\032D\246\323c)**2;=\346f{\213\331\345t{=f"
 4340      44A6D363 
 4340      292A2A32 
 4340      3B3DE666 
 4340      7B8BD9E5 
 4341 02d0 35C95C59 		.ascii	"5\311\\Yy\314\\{\352D\233E\254\330<.\207\255\315bki"
 4341      79CC5C7B 
 4341      EA449B45 
 4341      ACD83C2E 
 4341      87ADCD62 
 4342 02e6 692C6820 		.ascii	"i,h \022\217\\9\351\323\005%\326\263\305\245\215\366"
 4342      128F5C39 
 4342      E9D30525 
 4342      D6B3C5A5 
 4342      8DF6
 4343 02f8 42A2B82F 		.ascii	"B\242\270/z\274\356&\373y\305\273\355\270\334\016\247"
 4343      7ABCEE26 
 4343      FB79C5BB 
 4343      EDB8DC0E 
 4343      A7
 4344 0309 DBE1BDF4 		.ascii	"\333\341\275\364\033U=\262\232"
 4344      1B553DB2 
 4344      9A
 4345              		.text
ARM GAS  C:\Users\angio\AppData\Local\Temp\cc9v9wKb.s 			page 121


 4346              		.section	.gnu.lto_spi_lld_init.408.1f2b0ecc,"e",%progbits
 4347 0000 789C7591 		.ascii	"x\234u\221;K\003A\024\205\357\331\233\304\024\376\007"
 4347      3B4B0341 
 4347      1485EFD9 
 4347      9BC414FE 
 4347      07
 4348 0011 156C2C92 		.ascii	"\025l,\22251(X\011QD\210\017L\254\014\004\215\202\301"
 4348      35312858 
 4348      09514488 
 4348      0F4CAC0C 
 4348      048D82C1 
 4349 0025 C086AC0F 		.ascii	"\300\206\254\017\2542\206T6\361\321Xh\252U\322Y\005"
 4349      AC328654 
 4349      36F1D158 
 4349      68AA55D2 
 4349      5905
 4350 0037 1505838A 		.ascii	"\025\005\203\212\202bc\241\235\004\354E\254\004\225"
 4350      826263A1 
 4350      9D04EC45 
 4350      AC0495
 4351 0046 38BB4BF0 		.ascii	"8\273K\360\001;\3140\257\373\235sg\356'\210V\210\250"
 4351      013BCC30 
 4351      AFFB9D73 
 4351      67EE2788 
 4351      5688A8
 4352 0059 4D0E62C2 		.ascii	"M\016b\302\346\306\232B\365z=\347R\260\332\216\012\254"
 4352      E6C69A42 
 4352      F57A3DE7 
 4352      52B0DA8E 
 4352      0AAC
 4353 006b 3528A720 		.ascii	"5(\247 \207-\356\020B\274\357\225\312\267\020\345*\014"
 4353      872DEE10 
 4353      42BCEF95 
 4353      CAB710E5 
 4353      2A0C
 4354 007d 262A3135 		.ascii	"&*15\232\247\261\223\232tp\357\256\212\317zQ\210\273"
 4354      9AA7B193 
 4354      9A7470EF 
 4354      AE8ACF7A 
 4354      5188BB
 4355 0090 677CF9BC 		.ascii	"g|\371\274DE6\205\255\326\"#\326Y\371\331\202^Q\250"
 4355      44453685 
 4355      ADD62223 
 4355      D659F9D9 
 4355      825E51A8 
 4356 00a4 3D3E800A 		.ascii	"=>\200\012P\014F\211e\304\016c\223\015V`\256\254s\245"
 4356      500C4689 
 4356      65C40E63 
 4356      930D5660 
 4356      AEAC73A5 
 4357 00b8 CCD6F13E 		.ascii	"\314\326\361>\310`\306\021ph\022y!\274f\3341d\302\006"
 4357      C860C611 
 4357      70681279 
 4357      21BC66DC 
 4357      3164C206 
 4358 00cc BBE805F9 		.ascii	"\273\350\005\371\267\243\207\212\333\201;\261\270N\371"
 4358      B7A3878A 
ARM GAS  C:\Users\angio\AppData\Local\Temp\cc9v9wKb.s 			page 122


 4358      DB813BB1 
 4358      B84EF9
 4359 00db 9672B3C1 		.ascii	"\226r\263\301n\234b\327\314\3334sC\324\012\302VxwV8"
 4359      6E9C62D7 
 4359      CCDB3473 
 4359      43D40AC2 
 4359      56787756 
 4360 00f0 FBA3E041 		.ascii	"\373\243\340AU*\300V\360\310\331\362\177t\244/\376\321"
 4360      552AC056 
 4360      F0C8D9F2 
 4360      7F74A42F 
 4360      FED1
 4361 0102 979256E4 		.ascii	"\227\222V\344\267\235\303\366u&\257\376\220M\270\226"
 4361      B79DC3F6 
 4361      7526AFFE 
 4361      904DB896 
 4362 0112 24DBBE5E 		.ascii	"$\333\276^\254\265\332\370\223#~\363\017\277\225\270"
 4362      ACB5DAF8 
 4362      93237EF3 
 4362      0FBF95B8 
 4363 0122 AB816FB7 		.ascii	"\253\201o\267\322\033\362\265\217I\253\230E\306\357"
 4363      D21BF2B5 
 4363      8F49AB98 
 4363      45C6EF
 4364 0131 6A117587 		.ascii	"j\021u\207{\343\341\271\324t*\272\2608\223\322\342\313"
 4364      7BE3E1B9 
 4364      D4742ABA 
 4364      B03893D2 
 4364      E2CB
 4365 0143 5A765ECF 		.ascii	"Zv^\317L%g\023\213\372l6>\036\363Ec\303]\301\301POh"
 4365      4C256713 
 4365      8BFA6C36 
 4365      3E1EF345 
 4365      63C35DC1 
 4366 015b 7CC03732 		.ascii	"|\30072\021\216\014\214v\207\250\317\357WeO\232\244"
 4366      118E0C8C 
 4366      7687A8CF 
 4366      EF57654F 
 4366      9AA4
 4367 016d A6070381 		.ascii	"\246\007\003\201\200\252\351\352\334TZ\315h\331\005"
 4367      80AAE9EA 
 4367      DC545ACD 
 4367      68D905
 4368 017c 5DB52035 		.ascii	"]\265 5\022\351W\243cCKA\363&\241gR\211\245`\"\235\236"
 4368      12E957A3 
 4368      63434B41 
 4368      F326A167 
 4368      5289A560 
 4369 0193 F127E91B 		.ascii	"\361'\351\033\241\353\313\347"
 4369      A1EBCBE7 
 4370              		.text
 4371              		.section	.gnu.lto_spi_lld_start.409.1f2b0ecc,"e",%progbits
 4372 0000 789C8557 		.ascii	"x\234\205Wkl\024U\024\2363w\366\331vw\373\202\226G_"
 4372      6B6C1455 
 4372      149E3377 
 4372      F6D97677 
 4372      FB829647 
ARM GAS  C:\Users\angio\AppData\Local\Temp\cc9v9wKb.s 			page 123


 4373 0015 5001A5DD 		.ascii	"P\001\245\335\266\224\026\370A\014\330\210\001\321\200"
 4373      B69416F8 
 4373      410CD888 
 4373      01D180
 4374 0024 266A8804 		.ascii	"&j\210\004y\010\021-\241\274\342\237N\241P\255h\037"
 4374      7908112D 
 4374      A1BCE29F 
 4374      4EA150AD 
 4374      681F
 4375 0036 22B03C16 		.ascii	"\"\260<\026\030+\224G\300\000\206\207%\242(\0205\200"
 4375      182B9447 
 4375      C0008687 
 4375      25A22810 
 4375      3580
 4376 0048 28F2B420 		.ascii	"(\362\264 J\240\011\221\005\015\202\022\3539\367\316"
 4376      4AA00991 
 4376      050D8212 
 4376      EB39F7CE 
 4377 0058 ECCEEC76 		.ascii	"\354\316\354v\333Msz\356\235s\276\363\235s\317\275w"
 4377      DB4D737A 
 4377      EE9D73BE 
 4377      F39D73CF 
 4377      BD77
 4378 006a E655AF24 		.ascii	"\346U\257$\355\222$\251\034P\244I\320\334T/K\235\235"
 4378      ED9224A9 
 4378      1C50A449 
 4378      D0DC542F 
 4378      4B9D9D
 4379 007d 9DD58A2C 		.ascii	"\235\325\212,/kzO\206#\300G\353\032\257\013\205\311"
 4379      2F6B7A4F 
 4379      8623C047 
 4379      EB1AAF0B 
 4379      85C9
 4380 008f B54D095C 		.ascii	"\265M\011\\\013\030S\212\274\\\237Z\321\344\341\377"
 4380      0B18538A 
 4380      BC5C9F5A 
 4380      D1E4E1FF 
 4381 009f 6DB0B359 		.ascii	"m\260\263Y\273{\270\301\315GvX\323$4\007\254m\326\204"
 4381      BB7BB8C1 
 4381      CD477658 
 4381      D3243407 
 4381      AC6DD684 
 4382 00b3 93130286 		.ascii	"\223\023\002\206\352\202\365\206\352&5W\020H\22076\356"
 4382      EA82F586 
 4382      EA263557 
 4382      10489037 
 4382      36EE
 4383 00c5 CD35086C 		.ascii	"\3155\010l0\242%\322\264P\203\306\\\022l\302x;\366\355"
 4383      30A225D2 
 4383      B45083C6 
 4383      5C126CC2 
 4383      783BF6ED 
 4384 00d9 17430F0D 		.ascii	"\027C\017\015u\024\257\334jB\331nx\370`\207\0213\231"
 4384      7514AFDC 
 4384      6A42D96E 
 4384      78F86087 
 4384      113399
ARM GAS  C:\Users\angio\AppData\Local\Temp\cc9v9wKb.s 			page 124


 4385 00ec 54DD3A85 		.ascii	"T\335:\205\023\277\270\357\226\323\360H\205\032\247"
 4385      13BFB8EF 
 4385      96D3F048 
 4385      851AA7
 4386 00fb 780652B5 		.ascii	"x\006R\265\314\024\233\335\341t\271\023\022\223<^_r"
 4386      CC149BDD 
 4386      E174B913 
 4386      12933C5E 
 4386      5F72
 4387 010d 4A2A54C3 		.ascii	"J*T\303\207l\003\203f\326\302$Pt\015 g\210\252\252\017"
 4387      876C0383 
 4387      66D6C224 
 4387      50740D20 
 4387      6788AAAA 
 4388 0122 3E0936DC 		.ascii	">\0116\334\201\015\255G\225\026&KA4\370\014`?UZBC\366"
 4388      810DAD47 
 4388      9516264B 
 4388      4134F80C 
 4388      603F555A 
 4389 0139 B634E8A8 		.ascii	"\2664\350\250\252\2369yPU]R\013cp\000L68Q\375n\236\260"
 4389      AA9E3979 
 4389      50555D52 
 4389      0B637000 
 4389      4C363851 
 4390 0151 5C07F42F 		.ascii	"\\\007\364/\037!C\201=+<\2155N\004\204C`\201\254\326"
 4390      1F214381 
 4390      3D2B3C8D 
 4390      354E0484 
 4390      436081AC 
 4391 0166 F2C83628 		.ascii	"\362\3106(l\0219\264\266\241N\330*\360y\224\355\352"
 4391      6C1139B4 
 4391      B6A14ED8 
 4391      2AF07994 
 4391      EDEA
 4392 0178 3CBB046D 		.ascii	"<\273\004m\000\207\201x\341\017\247\355\371\352r5t\270"
 4392      00878178 
 4392      E10FA7ED 
 4392      F9EA7235 
 4392      74B8
 4393 018a A1FE8334 		.ascii	"\241\376\2034\021\301J\2313\331\002R\376\321\0325\324"
 4393      11C14A99 
 4393      33D90252 
 4393      FED11A35 
 4393      D4
 4394 019b 76E7EE66 		.ascii	"v\347\356f8\251bb6\370\002b\355\266\011\273O\2174\324"
 4394      38A96262 
 4394      36F80262 
 4394      EDB609BB 
 4394      4F8F34D4 
 4395 01af D5FB6A73 		.ascii	"\325\373js\310\354\313(3\021\276\225I{\316\332\216\252"
 4395      C8ECCB28 
 4395      3311BE95 
 4395      497BCEDA 
 4395      8EAA
 4396 01c1 8F3A1B54 		.ascii	"\217:\033T\265s\311\251+\367W\302\313\200\331\333e\024"
 4396      B573C9A9 
 4396      2BF757C2 
ARM GAS  C:\Users\angio\AppData\Local\Temp\cc9v9wKb.s 			page 125


 4396      CB80D9DB 
 4396      6514
 4397 01d3 0E86C2A6 		.ascii	"\016\206\302\246\220f#\315N\232\2034'iT6\233\033\205"
 4397      906623CD 
 4397      4E9A8334 
 4397      27695436 
 4397      9B1B85
 4398 01e6 ECA1A197 		.ascii	"\354\241\241\227\204\217\346\222IK!-\225\2644\322\322"
 4398      848FE692 
 4398      494B212D 
 4398      95B434D2 
 4398      D2
 4399 01f7 49EB455A 		.ascii	"I\353EZo\3222P83I\364A\341\352\213\302\335\217\206\375"
 4399      6FD23250 
 4399      383349F4 
 4399      41E1EA8B 
 4399      C2DD8F86 
 4400 020c 51246491 		.ascii	"Q$d\221]6=\310\241\007\271\364 \217\036\014\240\007"
 4400      5D363DC8 
 4400      A107B9F4 
 4400      208F1E0C 
 4400      A007
 4401 021e 035124E6 		.ascii	"\003Q$\346\243Hz\214\206\203H\014&1\204\304\343$\236"
 4401      A3487A8C 
 4401      8683480C 
 4401      263184C4 
 4401      E3249E
 4402 0231 20319444 		.ascii	" 1\224D\001\211B\022~\022E$\212\011\240\004\205g\030"
 4402      01894212 
 4402      7E124524 
 4402      8A09A004 
 4402      856718
 4403 0244 0D4B490C 		.ascii	"\015KI\014'QF\242\234\304\010\022#I\214\"1\032\340 "
 4403      275146A2 
 4403      9CC40812 
 4403      23498C22 
 4403      311AE020 
 4404 0258 8C91B062 		.ascii	"\214\221\260b\0254\034Gb<e>\221\012\371\022i\222\324"
 4404      15341C47 
 4404      623C653E 
 4404      910AF912 
 4404      6992D4
 4405 026b C0A855F9 		.ascii	"\300\250U\371/\033\213\334\310\344\310\020\244?`\351"
 4405      2F1B8BDC 
 4405      C8E4C810 
 4405      A43F60E9 
 4406 027b BD83A7B6 		.ascii	"\275\203\247\266\345ck\353}\312x\257l\005l\254[8\364"
 4406      E5636BEB 
 4406      7DCA78AF 
 4406      6C056CAC 
 4406      5B38F4
 4407 028e 6A6C341C 		.ascii	"jl4\034\003\251\010\307\274k\276\206\215\324\034dj\243"
 4407      03A908C7 
 4407      BC6BBE86 
 4407      8DD41C64 
 4407      6AA3
 4408 02a0 EDD0E925 		.ascii	"\355\320\351%\220\266\207\247\0170\215\201\341\352\214"
ARM GAS  C:\Users\angio\AppData\Local\Temp\cc9v9wKb.s 			page 126


 4408      90B687A7 
 4408      0F308D81 
 4408      E1EA8C
 4409 02af F1F4C109 		.ascii	"\361\364\301\011\364\244e\356\200\332[\307\372h\"\234"
 4409      F4A465EE 
 4409      80DA5BC7 
 4409      FA68229C 
 4410 02bf 0FC4CA37 		.ascii	"\017\304\31272f\346\305m\366\035\351\217\030\010Y\013"
 4410      3266E6C5 
 4410      6DF61DE9 
 4410      8F180859 
 4410      0B
 4411 02d0 32126B35 		.ascii	"2\022k5\250ab^\370\026\010\274\026\226\252j\253\227"
 4411      A861625E 
 4411      F81608BC 
 4411      1696AA6A 
 4411      AB97
 4412 02e2 687F2780 		.ascii	"h\177'\200\020I1#\205\240\356\332\345v\217\306\306p"
 4412      10493123 
 4412      85A0EEDA 
 4412      E5768FC6 
 4412      C670
 4413 02f4 94E42071 		.ascii	"\224\344 q@X\012\256\200\017N\201\320\334-,\205\302"
 4413      40580AAE 
 4413      800F4E81 
 4413      D0DC2D2C 
 4413      85C2
 4414 0306 761CBB79 		.ascii	"v\034\273y\004\311\215\241Y9\014i\213*\332\352C\277"
 4414      04C98DA1 
 4414      59390C69 
 4414      8B2ADAEA 
 4414      43BF
 4415 0318 D4D93436 		.ascii	"\324\33146\036\015\245FY=\251p+{Li\333\027kL&(\007\250"
 4415      1E0DA546 
 4415      593DA970 
 4415      2B7B4C69 
 4415      DB176B4C 
 4416 0330 9BDF5115 		.ascii	"\233\337Q\025\234\375\252\315\2451\343|pD\252\2155J"
 4416      9CFDAACD 
 4416      A531E37C 
 4416      7044AA8D 
 4416      354A
 4417 0342 4563388B 		.ascii	"Ec8\213%\313mai\360#\326\013\027\220\00395\244\370\003"
 4417      25CB6D61 
 4417      69F023D6 
 4417      0B179003 
 4417      3935A4F8 
 4418 0357 812E6BAE 		.ascii	"\201.k\256\003\215al&\226@\315!\314P=Xq\224\010\316"
 4418      038D616C 
 4418      269640CD 
 4418      21CC503D 
 4418      58719408 
 4419 036c CF02079D 		.ascii	"\317\002\007\2358I\207\211$\350\330v\201\315\2519\254"
 4419      38498789 
 4419      24E8D876 
 4419      81CDA939 
 4419      AC
ARM GAS  C:\Users\angio\AppData\Local\Temp\cc9v9wKb.s 			page 127


 4420 037d 40F608D0 		.ascii	"@\366\010\320\005\004b\021BN3!r\204s\320%\027g\004\342"
 4420      05046211 
 4420      424E3321 
 4420      728473D0 
 4420      25176704 
 4421 0392 9280407B 		.ascii	"\222\200@{\316\305i\342\242\350\260\036\023\227\012"
 4421      CEC569E2 
 4421      A2E8B01E 
 4421      13970A
 4422 03a1 2B908703 		.ascii	"+\220\207\003m\341\3034\270b\242s\241\335\241aSD<}V"
 4422      6DE1C334 
 4422      B862A273 
 4422      A1DDA161 
 4422      53443C7D 
 4423 03b6 4F6F8442 		.ascii	"Oo\204B;\272)\221,\222\315Y\244\240c\274,\222#\020\327"
 4423      3BBA2991 
 4423      2C92CD59 
 4423      A4A063BC 
 4423      2C922310 
 4424 03cb 0404DA1B 		.ascii	"\004\004\332\033(\251\246\320iV\277\324\210\337uk\350"
 4424      28A9A6D0 
 4424      6956BFD4 
 4424      88DF756B 
 4424      E8
 4425 03dc 743DF46A 		.ascii	"t=\364j\012\335\013\035\365MuUl\252X\012\351\021\250"
 4425      0ADD0B1D 
 4425      F54D7555 
 4425      6CAA580A 
 4425      E911A8
 4426 03ef 1B06855E 		.ascii	"\033\006\205^\006Zo\023\205qV\277\336\226\272\335\214"
 4426      065A6F13 
 4426      857156BF 
 4426      DE96BADD 
 4426      8C
 4427 0400 B068BB78 		.ascii	"\260h\273x\025\353\226\021\336\360\331\326mK\007\200"
 4427      15EB9611 
 4427      DEF0D9D6 
 4427      6D4B0780 
 4428 0410 133AD09E 		.ascii	"\023:\320\236Z'\004\313s$\276\211\322\203\242\2412\340"
 4428      5A2704CB 
 4428      7324BE89 
 4428      D283A2A1 
 4428      32E0
 4429 0422 34B40806 		.ascii	"4\264\010\006m\201\337\021)\263{\244\333\210d\357\022"
 4429      6D81DF11 
 4429      29B37BA4 
 4429      DB8864EF 
 4429      12
 4430 0433 29536CC2 		.ascii	")Sl\302\004B\243\306pE\355\244\266C\307\003n\215\365"
 4430      0442A3C6 
 4430      7045EDA4 
 4430      B643C703 
 4430      6E8DF5
 4431 0446 897FBEB8 		.ascii	"\211\177\276\270 \204\350\016\221\327\252z\254h_}\217"
 4431      2084E80E 
 4431      91D7AA7A 
 4431      AC685F7D 
ARM GAS  C:\Users\angio\AppData\Local\Temp\cc9v9wKb.s 			page 128


 4431      8F
 4432 0457 B92C7BAC 		.ascii	"\271,{\2547\242\300=>\025\256\310\237\350\351\224\220"
 4432      37A2C03D 
 4432      3E15AEC8 
 4432      9FE8E994 
 4432      90
 4433 0468 913071C3 		.ascii	"\2210q\303_ \312\203\245\354\027?\244\023\356\353\245"
 4433      5F20CA83 
 4433      A5EC173F 
 4433      A413EEEB 
 4433      A5
 4434 0479 D16DFBEB 		.ascii	"\321m\373\353\021\235\226\210\031\010\002\017\320\253"
 4434      119D9688 
 4434      1908020F 
 4434      D0AB
 4435 0487 960F33E1 		.ascii	"\226\0173\341!z\271\204\327#Z\372,\344\032Yo\002\310"
 4435      217AB984 
 4435      D7235AFA 
 4435      2CE41A59 
 4435      6F02C8
 4436 049a B400E071 		.ascii	"\264\000\340q\324\037\3765\255\340#\004pS\331\262\304"
 4436      D41FFE35 
 4436      ADE02304 
 4436      7053D9B2 
 4436      C4
 4437 04ab 221ECFD4 		.ascii	"\"\036\317\324Xvw\245\371/\25249\326\202dG\027D\225"
 4437      587677A5 
 4437      F92FAA34 
 4437      39D68264 
 4437      47174495 
 4438 04bf A30A5223 		.ascii	"\243\012R#\207\223\314\355\256 \313d\261\302\272m\236"
 4438      8793CCED 
 4438      AE20CB64 
 4438      B1C2BA6D 
 4438      9E
 4439 04d0 B50CB996 		.ascii	"\265\014\271\2262,\227\255e\030\200\274b\333\036\223"
 4439      322C97AD 
 4439      651880BC 
 4439      62DB1E93 
 4440 04e0 CFB3245F 		.ascii	"\317\263$_'\353\311\017\340\235\342\266\036\366\265"
 4440      27EBC90F 
 4440      E09DE2B6 
 4440      1EF6B5
 4441 04ef D7F6CE12 		.ascii	"\327\366\316\022\255\3257(N\232\321-\254\037\267L\210"
 4441      ADD53728 
 4441      4E9AD12D 
 4441      AC1FB74C 
 4441      88
 4442 0500 EEA987A7 		.ascii	"\356\251\207\247\002#460~>\211P\217\301\022\364|\266"
 4442      02233436 
 4442      307E3E89 
 4442      508FC112 
 4442      F47CB6
 4443 0513 E316CDD7 		.ascii	"\343\026\315\327\027(\321\262@xM\015\204\225\262\221"
 4443      1728D1B2 
 4443      40784D0D 
 4443      8495B291 
ARM GAS  C:\Users\angio\AppData\Local\Temp\cc9v9wKb.s 			page 129


 4444 0523 5A16BC8F 		.ascii	"Z\026\274\217n\211Fj\347\360b|\014]\305V\037\256\261"
 4444      6E89466A 
 4444      E7F0627C 
 4444      0C5DC556 
 4444      1FAEB1
 4445 0536 8938D60F 		.ascii	"\2118\326\017\357,q\323=\374\036\363\237(\366\200q\345"
 4445      EF2C71D3 
 4445      3DFC1EF3 
 4445      9F28F680 
 4445      71E5
 4446 0548 249ACF69 		.ascii	"$\232\317i\264\272r\354\255\260\215\352\321\215\222"
 4446      B4BA72EC 
 4446      ADB08DEA 
 4446      D18D92
 4447 0557 62F6C94F 		.ascii	"b\366\311O\201%\032\033\024?'\005\232\221\\\022'\207"
 4447      81251A1B 
 4447      143F2705 
 4447      9A915C12 
 4447      2787
 4448 0569 744EAFFB 		.ascii	"tN\257\373\015\033`0\272\350\207\317\257\372\215\036"
 4448      0D1B6030 
 4448      BAE887CF 
 4448      AFFA8D1E 
 4449 0579 AA3FB1EE 		.ascii	"\252?\261\356\343\204\360~N\354\002\350#\001\204\356"
 4449      E384F07E 
 4449      4EEC02E8 
 4449      230184EE 
 4450 0589 22F4390A 		.ascii	"\"\3649\012=\244\273\320k\320\303c\204\276\312C?\216"
 4450      3DA4BBD0 
 4450      6BD0C363 
 4450      84BECA43 
 4450      3F8E
 4451 059b 2EB04A16 		.ascii	".\260J\026!\317\367\0242 \000\320\215\247\357\211Y\322"
 4451      21CFF714 
 4451      322000D0 
 4451      8DA7EF89 
 4451      59D2
 4452 05ad F3C4E189 		.ascii	"\363\304\341\211\3568\2547\247\377\015^\244C\321A0\300"
 4452      EE38AC37 
 4452      A7FF0D5E 
 4452      A443D141 
 4452      30C0
 4453 05bf 4BE0C4FA 		.ascii	"K\340\304\372e\330q\0058\253\257\220[0\353\354\211Y"
 4453      65D87105 
 4453      38ABAF90 
 4453      5B30EBEC 
 4453      8959
 4454 05d1 D0284681 		.ascii	"\320(F\201 r\205\210\024vGd\263\271\030D\304\217\016"
 4454      20728588 
 4454      14764764 
 4454      B3B91844 
 4454      C48F0E
 4455 05e4 6122E739 		.ascii	"a\"\3479\221\"\234\205\215zuN\257\357\201\203fT\247"
 4455      91229C85 
 4455      8D7A754E 
 4455      AFEF8183 
 4455      6654A7
ARM GAS  C:\Users\angio\AppData\Local\Temp\cc9v9wKb.s 			page 130


 4456 05f7 8857C71B 		.ascii	"\210W\307\033S\235\366@\231\306\212\273k\370\026S\303"
 4456      539DF640 
 4456      99C68ABB 
 4456      6BF81653 
 4456      C3
 4457 0608 77A46BAC 		.ascii	"w\244k\254\304\332\346\305\2466\317\206\255h\354\025"
 4457      C4DAE6C5 
 4457      A636CF86 
 4457      AD68EC15 
 4458 0618 6F741DF4 		.ascii	"ot\035\364FWB5\363\204;\330\027\323\234W\003\257hlX"
 4458      46574235 
 4458      F3843BD8 
 4458      17D39C57 
 4458      03AF686C 
 4459 062d 57F125E2 		.ascii	"W\361%\342\277=\2624\374:.Ec\261\014\003E\005\272|\277"
 4459      BF3DB234 
 4459      FC3A2E45 
 4459      63B10C03 
 4459      4505BA7C 
 4460 0642 E4AEBB8C 		.ascii	"\344\256\273\214\362\227\352\367\032\036\211\303\343"
 4460      F297EAF7 
 4460      1A1E89C3 
 4460      E3
 4461 064f 5AEF8E94 		.ascii	"Z\357\216\224\236\007\302\252\014\207\235rOA>5\352["
 4461      9E07C2AA 
 4461      0C879D72 
 4461      4F413E35 
 4461      EA5B
 4462 0661 C6F34B8E 		.ascii	"\306\363K\216\316/p\003\243\226\307u\337k\356<\214\212"
 4462      CE2F7003 
 4462      A396C775 
 4462      DF6BEE3C 
 4462      8C8A
 4463 0673 874FB948 		.ascii	"\207O\271H\357rgx\327\305\217\376\231\221\342\010\221"
 4463      EF726778 
 4463      D7C58FFE 
 4463      9991E208 
 4463      91
 4464 0684 22051B19 		.ascii	"\"\005\033\031\327\372\200\271\2730\330(4\206\375=\246"
 4464      D7FA80B9 
 4464      BB30D828 
 4464      3486FD3D 
 4464      A6
 4465 0695 78C84871 		.ascii	"x\310Hq\024O1%\372t\335t3#|\274*\341\343\225^A\036\334"
 4465      144F3125 
 4465      FA74DD74 
 4465      33237CBC 
 4465      2AE1E395 
 4466 06ad 0EE07ABD 		.ascii	"\016\340z\275\004g\200{\246\232=oC\315\223\322\000\372"
 4466      0467807B 
 4466      A69A3D6F 
 4466      43CD93D2 
 4466      00FA
 4467 06bf 56BDB4AF 		.ascii	"V\275\264\257VU\320=G\377\306\244\337=\2205:\322\245"
 4467      5655D03D 
 4467      47FFC6A4 
 4467      DF3D9035 
ARM GAS  C:\Users\angio\AppData\Local\Temp\cc9v9wKb.s 			page 131


 4467      3AD2A5
 4468 06d2 7F00EFF8 		.ascii	"\177\000\357\370\361\266\335\177oq\341\007\011\202\245"
 4468      F1B6DD7F 
 4468      6F71E107 
 4468      0982A5
 4469 06e1 043F5F91 		.ascii	"\004?_\221\204\2370`\376\204\221\244\262\261\243\246"
 4469      849F3060 
 4469      FE8491A4 
 4469      B2B1A3A6 
 4470 06f1 8C9D3DE7 		.ascii	"\214\235=\347\2659\223\027,\2341\247r\312\342\312\371"
 4470      B5399317 
 4470      2C9C31A7 
 4470      72CAE2CA 
 4470      F9
 4471 0702 6F54CD9B 		.ascii	"oT\315\2336}\346\324\205U3\347O\231\364B\301\344\027"
 4471      367DE6D4 
 4471      855533E7 
 4471      4F99F442 
 4471      C1E417
 4472 0715 9E1D56F2 		.ascii	"\236\035V\362tiy\351\244\212\202\211/\216\235P\361\\"
 4472      746979E9 
 4472      A48A8289 
 4472      2F8E9D50 
 4472      F15C
 4473 0727 59A9F464 		.ascii	"Y\251\364da\241\037\377\246\223geUIqq\261\277\262\312"
 4473      61A11FFF 
 4473      A6936765 
 4473      55497171 
 4473      B1BFB2CA 
 4474 073b 3F7BDA5C 		.ascii	"?{\332\\\377\274\312\371\013\252\374\334\311?a\302S"
 4474      FFBCCAF9 
 4474      0BAAFCDC 
 4474      C93F61C2 
 4474      53
 4475 074c FEC9CF3F 		.ascii	"\376\311\317?\263\250\204\236L\255\2327g\352\242\222"
 4475      B3A8849E 
 4475      4CAD9A37 
 4475      67EAA292 
 4476 075c A973E7CE 		.ascii	"\251s\347\316(\234.)8\232\327'z\272\260\254t\326\260"
 4476      289C2E29 
 4476      389AD727 
 4476      7ABAB0AC 
 4476      74D6B0
 4477 076f 1133A615 		.ascii	"\0213\246\025I\354\315\252\327\345\031U\266E\225s\013"
 4477      49ECCDAA 
 4477      D7E51955 
 4477      B6459573 
 4477      0B
 4478 0780 8BB92CF9 		.ascii	"\213\271,\371\037O\315w\244"
 4478      1F4FCD77 
 4478      A4
 4479              		.text
 4480              		.section	.gnu.lto_spi_lld_stop.410.1f2b0ecc,"e",%progbits
 4481 0000 789C8554 		.ascii	"x\234\205T]H\223a\024~\317w\276\237\271\315\231\020"
 4481      5D489361 
 4481      147ECF77 
 4481      BE9FB9CD 
ARM GAS  C:\Users\angio\AppData\Local\Temp\cc9v9wKb.s 			page 132


 4481      9910
 4482 0012 112AA417 		.ascii	"\021*\244\027Q]\270\351\024\213\256\002\223\010\354"
 4482      515DB8E9 
 4482      148BAE02 
 4482      9308EC
 4483 0021 07B53B49 		.ascii	"\007\265;IL\015%a\342\324\240\233}\352\372\301 \235"
 4483      4C0D2561 
 4483      E2D4A09B 
 4483      7DEAFAC1 
 4483      209D
 4484 0033 85A0D9AA 		.ascii	"\205\240\331\252\261\312\273.\302\262\260\320\264B\242"
 4484      B1CABB2E 
 4484      C2B2B0D0 
 4484      B442A2
 4485 0042 C894C4A2 		.ascii	"\310\224\304\242\264\0102\004\221u\221A\264\316\373"
 4485      B4083204 
 4485      91759141 
 4485      B4CEFB
 4486 0051 7E5BDBCC 		.ascii	"~[\333\314\354c{w\336\237\3479\317y\336\363-Ca\354*"
 4486      EC637B77 
 4486      DE9FE739 
 4486      CF79DEF3 
 4486      2D4361EC 
 4487 0066 63EC287D 		.ascii	"c\354(}\231\306\240\333\327!\261p8\354\221%\251\335"
 4487      99C6A0DB 
 4487      D721B170 
 4487      38EC9125 
 4487      A9DD
 4488 0078 775E82FB 		.ascii	"w^\202\373 fg|6\361\213p\311g\026\221,\235\366Y\022"
 4488      2066677C 
 4488      36F18B70 
 4488      C9671691 
 4488      2C9DF659 
 4489 008d F614E889 		.ascii	"\366\024\350\211\354\251\320*\213\000\230GBYQ\301\003"
 4489      ECA9D02A 
 4489      8B009847 
 4489      425951C1 
 4489      03
 4490 009e 177187AE 		.ascii	"\027q\207\256\353+7\374\213w6\353\003#\020D\306\374"
 4490      EB2B37FC 
 4490      8B7736EB 
 4490      03231044 
 4490      C6FC
 4491 00b0 C88CA71F 		.ascii	"\310\214\247\037\241\033\203\010 G\"\0112)\302Sl\333"
 4491      A11B8308 
 4491      20472209 
 4491      3229C253 
 4491      6CDB
 4492 00c2 88AEBF7A 		.ascii	"\210\256\277z4\244\353I,\210\010\367\2000p\027`\020"
 4492      34A4EB49 
 4492      2C8808F7 
 4492      80307017 
 4492      6010
 4493 00d4 185FF07C 		.ascii	"\030_\360|\314bL\2152\321\232\304a}\300\266\216\264"
 4493      CC624C8D 
 4493      32D19AC4 
 4493      617DC0B6 
ARM GAS  C:\Users\angio\AppData\Local\Temp\cc9v9wKb.s 			page 133


 4493      8EB4
 4494 00e6 EACB9707 		.ascii	"\352\313\227\007\373/l\354j5\005Q\206\007\361Hz\006"
 4494      FB2F6CEC 
 4494      6A350551 
 4494      8607F148 
 4494      7A06
 4495 00f8 90DD7EAD 		.ascii	"\220\335~\255\214\350?\303\235\272>\347\207\321\211"
 4495      8CE83FC3 
 4495      9DBA3EE7 
 4495      87D189
 4496 0107 5B33A919 		.ascii	"[3\251\031@\244\212D\203\212|\220i\320\024>\2504\230"
 4496      40A48A44 
 4496      838A7C90 
 4496      69D0143E 
 4496      A83498
 4497 011a 341A6413 		.ascii	"4\032d\023\217\270\032\331\314#\013\217\254<J\346\221"
 4497      8FB81AD9 
 4497      CC230B8F 
 4497      AC3C4AE6 
 4497      91
 4498 012b 8D47A900 		.ascii	"\215G\251\000C\220\316\247\214u\"\367S<[(s\027J\261"
 4498      4390CEA7 
 4498      8C7522F7 
 4498      533C5B28 
 4498      73174AB1 
 4499 013f 29B02568 		.ascii	")\260%h\033\276\377\275\267 \200\020\251\034\201\273"
 4499      1BBEFFBD 
 4499      B7208010 
 4499      A91C81BB 
 4500 014f 7113C82C 		.ascii	"q\023\310,\322\235\024\300T\030\006\226cL\315\360\020"
 4500      D29D14C0 
 4500      54180696 
 4500      634CCDF0 
 4500      10
 4501 0160 AE8852BF 		.ascii	"\256\210R\277\202wa,-``\314 \211\232\272\020\343\311"
 4501      8277612C 
 4501      2D6060CC 
 4501      20899ABA 
 4501      10E3C9
 4502 0173 97C13BFF 		.ascii	"\227\301;\377\355\313v\346\005)\210\026?13\242\013\242"
 4502      EDCB76E6 
 4502      05298816 
 4502      3F3133A2 
 4502      0BA2
 4503 0185 D548FBAB 		.ascii	"\325H\373\253\327\031@\351\337\311T\030\245d\334\255"
 4503      D71940E9 
 4503      DFC95418 
 4503      A564DCAD 
 4504 0195 25781C5A 		.ascii	"%x\034Z\330\024\021\250\306\004\016\244\0041\2318`\214"
 4504      D81411A8 
 4504      C6040EA4 
 4504      04319938 
 4504      608C
 4505 01a7 40D705C8 		.ascii	"@\327\005\310\006\343\004\"9\374\250\015\230H\365C\244"
 4505      06E30422 
 4505      39FCA80D 
 4505      9848F543 
ARM GAS  C:\Users\angio\AppData\Local\Temp\cc9v9wKb.s 			page 134


 4505      A4
 4506 01b8 C2F5523D 		.ascii	"\302\365R=[\235*>\001&$\230\240\243\344\001<\215\330"
 4506      5B9D2A3E 
 4506      01262498 
 4506      A0A3E401 
 4506      3C8DD8
 4507 01cb 37DE670E 		.ascii	"7\336g\016\240\374\007\222\221\310\276@\265k\360\234"
 4507      A0FC0792 
 4507      91C8BE40 
 4507      B56BF09C 
 4508 01db 307419DC 		.ascii	"0t\031\334\222L\303\217\024?WI\300 n\020<\263\343d\247"
 4508      924CC38F 
 4508      143F5749 
 4508      C0206E10 
 4508      3CB3E364 
 4509 01f0 B23ECD4B 		.ascii	"\262>\315K\242Q\326\244Q\"4\241\241'}%Q\222\005\353"
 4509      A251D6A4 
 4509      512234A1 
 4509      A1277D25 
 4509      519205EB 
 4510 0204 5F956A30 		.ascii	"_\225j0ipp\1774\303\237\320\312\3770\323\206|\230\002"
 4510      6970707F 
 4510      34C39FD0 
 4510      CAFF30D3 
 4510      867C9802 
 4511 0218 71CB72FC 		.ascii	"q\313r\374-\213NX\234\236D\002\021\211P\205\003\321"
 4511      2D8B4E58 
 4511      9C9E4402 
 4511      11895085 
 4511      03D1
 4512 022a 36A2264C 		.ascii	"6\242&L\2027\300\331\274\320f8\2120c\274\003D\245\254"
 4512      8237C0D9 
 4512      BCD06638 
 4512      8A3063BC 
 4512      0344A5AC 
 4513 023e EAC6D0CA 		.ascii	"\352\306\320\312\213>[\000U.\317\004\372\265s\272\314"
 4513      8B3E5B00 
 4513      552ECF04 
 4513      FAB573BA 
 4513      CC
 4514 024f EF649824 		.ascii	"\357d\230$i\221\0060%th*\035\206\267\2445\213\337\315"
 4514      69910630 
 4514      2574682A 
 4514      1D86B7A4 
 4514      358BDFCD 
 4515 0263 3B12AA32 		.ascii	";\022\2522\243*S\200\216\316r\326\366\236\263\020\340"
 4515      A32A5380 
 4515      8ECE72D6 
 4515      F69EB310 
 4515      E0
 4516 0274 55691C2F 		.ascii	"Ui\034/Cx.\034N\341\264\313\035\220He\212Q}0\250\010"
 4516      43782E1C 
 4516      4EE1B4CB 
 4516      1D904865 
 4516      8A517D30 
 4517 028a 1765331B 		.ascii	"\027e3\033lB\214%\021g\216\341\346\011\247\305$X\343"
 4517      6C428C25 
ARM GAS  C:\Users\angio\AppData\Local\Temp\cc9v9wKb.s 			page 135


 4517      11678EE1 
 4517      E609A7C5 
 4517      2458E3
 4518 029d 25502F59 		.ascii	"%P/Y\340=\254\231\332\032\243\370dP\320\371(\213-.u"
 4518      E03DAC99 
 4518      DA1AA3F8 
 4518      6450D0F9 
 4518      288B2D2E 
 4519 02b2 7A22CE26 		.ascii	"z\"\316&p\321\346\374\034\311\316\275U\343\275\015A"
 4519      70D1E6FC 
 4519      1CC9CEBD 
 4519      55E3BD0D 
 4519      41
 4520 02c3 DBFCD4A2 		.ascii	"\333\374\324\242Ilu\"\304\377'0VP\270\273\274\260\266"
 4520      496C7522 
 4520      C4FF2730 
 4520      5650B8BB 
 4520      BCB0B6
 4521 02d6 EE585D69 		.ascii	"\356X]iSsu\235\253\374\244\253\361\204\273\241\262\252"
 4521      5373759D 
 4521      ABFCA4AB 
 4521      F184BBA1 
 4521      B2AA
 4522 02e8 A6A2D95D 		.ascii	"\246\242\331]\323X^R\226]Zv \317\271/\177g~IQ\366\301"
 4522      D3585E52 
 4522      965D5A76 
 4522      20CFB92F 
 4522      7F677E49 
 4523 02ff 2385C545 		.ascii	"#\205\305E\207\012\362\331\036\273\335A\237*\216t\271"
 4523      870AF2D9 
 4523      1EBBDD41 
 4523      9F2A8E74 
 4523      B9
 4524 0310 9DB9B9B9 		.ascii	"\235\271\271\271\016\227\333Q[Y\357hp56\271\035\002"
 4524      0E97DB51 
 4524      5B59EF68 
 4524      703536B9 
 4524      1D02
 4525 0322 E4282EDE 		.ascii	"\344(.\336\353(=\274\277\305\311w*\334\015u\025-\316"
 4525      EB283DBC 
 4525      BFC5C977 
 4525      2ADC0D75 
 4525      152DCE
 4526 0335 8AFAFA6A 		.ascii	"\212\372\372j{\025\223i\326\220\266z\331^\220\177<o"
 4526      7B159369 
 4526      D690B67A 
 4526      D95E907F 
 4526      3C6F
 4527 0347 5775650E 		.ascii	"Wue\016SZ\\\365\366\274\337R\375\351_"
 4527      535A5CF5 
 4527      F6BCDF52 
 4527      FDE95F
 4528              		.text
 4529              		.section	.gnu.lto_spi_lld_ignore.411.1f2b0ecc,"e",%progbits
 4530 0000 789C8596 		.ascii	"x\234\205\226Yh\023a\020\307\277\331os6=\322\373\264"
 4530      59681361 
 4530      10C7BFD9 
ARM GAS  C:\Users\angio\AppData\Local\Temp\cc9v9wKb.s 			page 136


 4530      6F73363D 
 4530      D2FBB4
 4531 0013 8D22A262 		.ascii	"\215\"\242bck\250\">(UD\250\007V\337\012\245\246\212"
 4531      636BA822 
 4531      3E285544 
 4531      A80756DF 
 4531      0AA5A68A 
 4532 0027 C5624AE3 		.ascii	"\305bJ\343\001\276d\253\025\241/\265\325\027O0D\021"
 4532      01BE64AB 
 4532      15A12FB5 
 4532      D5174F30 
 4532      4411
 4533 0039 5F7C515A 		.ascii	"_|QZm\325z\240\210\210\027\342I-\"*\342Q\212\210\242"
 4533      6DD57AA0 
 4533      888817E2 
 4533      492D222A 
 4533      E2518A88 
 4534 004e 12677637 		.ascii	"\022gv7&S\333uI\226\357?;\307\357\233o\310&\350\024"
 4534      2653DB75 
 4534      4996EF3F 
 4534      3BC7EF9B 
 4534      6FC826E8 
 4535 0063 E2881062 		.ascii	"\342\210\020b\021~\205M@oO\227\"\342\361xDU\340\000"
 4535      117E854D 
 4535      406F4F97 
 4535      22E2F178 
 4535      4455E000 
 4536 0077 AE610074 		.ascii	"\256a\000t%\341`O\327\223K\327\355\272R\241C\325\027"
 4536      25E1604F 
 4536      D7934BD7 
 4536      EDBA52A1 
 4536      43D517
 4537 008a 20228A54 		.ascii	" \"\212T!\002\007\344Q\011\2752&\005\250\346\012\240"
 4537      210207E4 
 4537      5109BD32 
 4537      2605A8E6 
 4537      0AA0
 4538 009c 62A6A669 		.ascii	"b\246\246i\337O\036\037\350+=zzH\215IE\034G\207\363"
 4538      DF4F1E1F 
 4538      E82B3D7A 
 4538      7A488D49 
 4538      451C4787 
 4539 00b1 00E780EA 		.ascii	"\000\347\200\352\241\243\334%f\014i\332\375\333\375"
 4539      A1A3DC25 
 4539      660C69DA 
 4539      FDDBFD
 4540 00c0 9AE61231 		.ascii	"\232\346\0221)\241\017R|\320\0209\346#\277\303`8\016"
 4540      29A10F52 
 4540      7CD01039 
 4540      E623BFC3 
 4540      60380E
 4541 00d3 9B8E2A5C 		.ascii	"\233\216*\\\340\216j\344\214O\010\273\240\022x\241M"
 4541      E08E6AE4 
 4541      8C4F08BB 
 4541      A01278A1 
 4541      4D
 4542 00e4 99AEEDD5 		.ascii	"\231\256\355\325F\237\367\275\037Y\322\321\253\301?"
ARM GAS  C:\Users\angio\AppData\Local\Temp\cc9v9wKb.s 			page 137


 4542      469FF7BD 
 4542      1F59D2D1 
 4542      ABC13F
 4543 00f3 E5C56929 		.ascii	"\345\305i)\316>\264\015i\277\342\335\232\366j\000z\356"
 4543      CE3EB40D 
 4543      69BFE2DD 
 4543      9AF66A00 
 4543      7AEE
 4544 0105 7E19F6CE 		.ascii	"~\031\366\316\006\200~P1\243\315\2067\273\035o\016\007"
 4544      06807E50 
 4544      31A3CD86 
 4544      37BB1D6F 
 4544      0E07
 4545 0117 DE9C4E92 		.ascii	"\336\234N\222T\333\341\246U\032\255<\364 \235\2343\310"
 4545      54DBE1A6 
 4545      551AAD3C 
 4545      F4209D9C 
 4545      33C8
 4546 0129 9649B62C 		.ascii	"\226I\266,\262yIf\223\314\241U.\255\362\350A>\311\002"
 4546      B2794966 
 4546      93CCA155 
 4546      2EADF2E8 
 4546      413EC902 
 4547 013d 9285248B 		.ascii	"\222\205$\213H\026\223,!YJ\262\214\344\024\222\345$"
 4547      4816932C 
 4547      21594AB2 
 4547      8CE41492 
 4547      E524
 4548 014f 2B48FA48 		.ascii	"+H\372HN\005\270\010\263\004\355DtK:'\375*\007\222J"
 4548      4E05B808 
 4548      B304ED44 
 4548      744B3A27 
 4548      FD2A0792 
 4549 0164 5282D82F 		.ascii	"R\202\330/e\252\374\014\273\017v\305\007\202Q\2318\035"
 4549      65AAFC0C 
 4549      BB0F76C5 
 4549      07825199 
 4549      381D
 4550 0176 09D4FE53 		.ascii	"\011\324\376S\200'\344\214IW\024\217\353\222n\232kX"
 4550      8027E48C 
 4550      4957148F 
 4550      EB926E9A 
 4550      6B58
 4551 0188 DC70198E 		.ascii	"\334p\031\216Q';M\027\033\\\3012\230h\020\235m\023\304"
 4551      51273B4D 
 4551      171B5CC1 
 4551      32986810 
 4551      9D6D13C4 
 4552 019c 9A8176B8 		.ascii	"\232\201v\270\212\201\324`\323\327nV\264\263\212i\230"
 4552      8A81D460 
 4552      D3D76E56 
 4552      B4B38A69 
 4552      98
 4553 01ad 04AE6354 		.ascii	"\004\256cT\247.=p\003\243\024#\352\327>\210J\007\262"
 4553      A72E3D70 
 4553      03A31423 
 4553      EAD73E88 
ARM GAS  C:\Users\angio\AppData\Local\Temp\cc9v9wKb.s 			page 138


 4553      4A07B2
 4554 01c0 A2B836DA 		.ascii	"\242\2706\332\005f\002\017K\220\216\231\341&&8\241\313"
 4554      0566020F 
 4554      4B908E99 
 4554      E1262638 
 4554      A1CB
 4555 01d2 0CB88509 		.ascii	"\014\270\205\011\020\030#\365\312\207\336\224D\245\323"
 4555      101823F5 
 4555      CA87DE94 
 4555      44A5D3
 4556 01e1 8AF336E7 		.ascii	"\212\3636\347tq:'\243\273\363\227\356\332a\027\247p"
 4556      74713A27 
 4556      A3BBF397 
 4556      EEDA6117 
 4556      A770
 4557 01f3 318ABBE8 		.ascii	"1\212\273\350\250\022\305T=\3573\242p[Q\334\343\024"
 4557      A812C554 
 4557      3DEF33A2 
 4557      705B51DC 
 4557      E314
 4558 0205 699CC2CD 		.ascii	"i\234\302\315(\036${D\276\236\311\363\272\341\021\372"
 4558      281E247B 
 4558      44BE9EC9 
 4558      F3BAE111 
 4558      FA
 4559 0216 DA0C62A3 		.ascii	"\332\014b\243\205)\310i\014\3711z\332\011\331c\314\311"
 4559      8529C869 
 4559      0CF9317A 
 4559      DA09D963 
 4559      CCC9
 4560 0228 8B411995 		.ascii	"\213A\031\225\351\377\231\216'\030\344H\235\216\247"
 4560      E9FF998E 
 4560      2718E448 
 4560      9D8EA7
 4561 0237 C9E9C8B0 		.ascii	"\311\351\310\260\332\357s\014t&\367\220\311\367\233"
 4561      DAEF730C 
 4561      7426F790 
 4561      C9F79B
 4562 0246 C1F6FB72 		.ascii	"\301\366\373r\334Ld!\327\204\033\312d\033\032NLB\226"
 4562      DC4C6421 
 4562      D7841BCA 
 4562      641B1A4E 
 4562      4C4296
 4563 0259 31096FF1 		.ascii	"1\011o\361\014\274VL#\234)\2333y\031\323\353\311'!\233"
 4563      0CBC564C 
 4563      239C299B 
 4563      337919D3 
 4563      EBC92721 
 4564 026e 51BC1937 		.ascii	"Q\274\0317\011D\221cE\361\226S\344r\212\034F\361\236"
 4564      09449163 
 4564      45F19653 
 4564      E4728A1C 
 4564      46F19E
 4565 0281 4F429ED5 		.ascii	"OB\236\325$|@_\327$\223\220\313\220?&&!\317@~\207\310"
 4565      247C405F 
 4565      D7249390 
 4565      CB903F26 
ARM GAS  C:\Users\angio\AppData\Local\Temp\cc9v9wKb.s 			page 139


 4565      2621CF40 
 4566 0298 F956C89F 		.ascii	"\371V\310\237\371\360\026p\344|\206<\232l\034\371\026"
 4566      F9F01670 
 4566      E47C863C 
 4566      9A6C1CF9 
 4566      16
 4567 02a9 7290021D 		.ascii	"r\220\002\035\304G\024c\006E\"i\221\025\300W\016P\314"
 4567      C4471463 
 4567      06452269 
 4567      9115C057 
 4567      0E50CC
 4568 02bc 018A18C0 		.ascii	"\001\212\030\300\267\277\000{zi\232ps\205\364\273\342"
 4568      B7BF007B 
 4568      7A699A70 
 4568      7385F4BB 
 4568      E2
 4569 02cd D47F20FF 		.ascii	"\324\177 \377\355Mq\022\351G\2421%\306D}\304\330R+\256"
 4569      ED4D7112 
 4569      E947A231 
 4569      25C6447D 
 4569      C4D8522B 
 4570 02e2 9FFC2CCB 		.ascii	"\237\374,\3138W)\343\372\315\0333\205S\224%)\342\274"
 4570      385729E3 
 4570      FACD1B33 
 4570      85539425 
 4570      29E2BC
 4571 02f5 31E55600 		.ascii	"1\345V\000\035\012\003\250\340\000\345\014`\217\302"
 4571      1D0A03A8 
 4571      E000E50C 
 4571      608FC2
 4572 0304 1BE34308 		.ascii	"\033\343C\010\370>qS*\2228{\025\263)>\2522\326\377\351"
 4572      F83E7153 
 4572      2A92387B 
 4572      15B3293E 
 4572      AA32D6FF 
 4573 0319 48202A67 		.ascii	"H *gQG\025\375\375\272_\252)\357 \034\256\216\305b\032"
 4573      514715FD 
 4573      FDBA5FAA 
 4573      29EF201C 
 4573      AE8EC562 
 4574 032e 261A7DD1 		.ascii	"&\032}\321\327\251\251JLf\232\357j\272\306`\367\310"
 4574      D7A9A94A 
 4574      4C669AEF 
 4574      6ABAC660 
 4574      F7C8
 4575 0340 F92FF7BD 		.ascii	"\371/\367\275\370\207\003\223\220\245[B\352\013N\210"
 4575      F8870393 
 4575      90A55B42 
 4575      EA0B4E88 
 4576 0350 9ADA850D 		.ascii	"\232\332\205\015\265\233[6\264\324o\333\336\334\022"
 4576      B59B5B36 
 4576      B4D46FDB 
 4576      DEDC12
 4577 035f 6AD8196A 		.ascii	"j\330\031j\337\022nk\012nl\334\036\336\330\336\260v"
 4577      DF126E6B 
 4577      0A6E6CDC 
 4577      1EDED8DE 
ARM GAS  C:\Users\angio\AppData\Local\Temp\cc9v9wKb.s 			page 140


 4577      B076
 4578 0371 DD9CFA75 		.ascii	"\335\234\372u+\347U/\017\314\017\254]6g\325\372\332"
 4578      2BE7552F 
 4578      0FCC0FAC 
 4578      5D3667D5 
 4578      FADA
 4579 0383 BA65AB6B 		.ascii	"\272e\253k\002bqe\245\037?A\212\014\205\253\253\252"
 4579      02627165 
 4579      A51F3F41 
 4579      8A0C85AB 
 4579      ABAA
 4580 0395 AAFCA1B0 		.ascii	"\252\374\241\260\177sS\253\277-\324\276-\354\327\203"
 4580      7F7353AB 
 4580      BF2DD4BE 
 4580      2DECD783 
 4581 03a5 FC75754B 		.ascii	"\374uuK\375\365kV\354\250\246'\215\341\266\226\306\035"
 4581      FDF56B56 
 4581      ECA8A627 
 4581      8DE1B696 
 4581      C61D
 4582 03b7 D58DADAD 		.ascii	"\325\215\255\255\315\225A\241\242j+\036o\256\254\011"
 4582      CD9541A1 
 4582      A26A2B1E 
 4582      6FAEAC09 
 4583 03c7 6C9AB7A0 		.ascii	"l\232\267\240\271i\256\200\255\177\000r1\243\351"
 4583      B969AE80 
 4583      AD7F0072 
 4583      31A3E9
 4584              		.text
 4585              		.section	.gnu.lto_spi_lld_exchange.412.1f2b0ecc,"e",%progbits
 4586 0000 789C7D96 		.ascii	"x\234}\226[L\024g\024\200\3773\377\314^`\271,W\201E"
 4586      5B4C1467 
 4586      1480FF33 
 4586      FFCC5E60 
 4586      B92C5781 
 4587 0015 9690DA34 		.ascii	"\226\220\3324\021Vp\203M\343\203\0155\215\011\255F\354"
 4587      11567083 
 4587      4DE3830D 
 4587      358D09AD 
 4587      46EC
 4588 0027 1B09E1A2 		.ascii	"\033\011\341\242\221\224t\011\013\266\351\313\376P\032"
 4588      91947409 
 4588      0BB6E9CB 
 4588      FE501A
 4589 0036 135E50F4 		.ascii	"\023^P\364\245f%\351f\333\372\246\0176H\261\025Q\252"
 4589      A56625E9 
 4589      66DBFAA6 
 4589      0F3648B1 
 4589      1551AA
 4590 0049 6DA925B6 		.ascii	"m\251%\266\321\230\246)\275\245\232^\2444\215\244\245"
 4590      D198A629 
 4590      BDA59A5E 
 4590      A4348DA4 
 4590      A5
 4591 005a D2736676 		.ascii	"\322sfv\235=[\234\011L\346\033\3169\363\235s&\031\372"
 4591      9D3D5B9C 
 4591      094CE61B 
ARM GAS  C:\Users\angio\AppData\Local\Temp\cc9v9wKb.s 			page 141


 4591      CE39F39D 
 4591      732619FA 
 4592 006e 3C42BC27 		.ascii	"<B\274'\204\330\211\277\302\0200q|L\023\353\353\353"
 4592      84D889BF 
 4592      C2103071 
 4592      7C4C13EB 
 4592      EBEB
 4593 0080 315D8313 		.ascii	"1]\203\023x\015\227\300$\011'\217\217\335\377\344\212"
 4593      780D97C0 
 4593      2409278F 
 4593      8FDDFFE4 
 4593      8A
 4594 0091 CB241D86 		.ascii	"\313$\035\206u\363\002DL\223:\304\340\204\214K\230\220"
 4594      75F30244 
 4594      4C933AC4 
 4594      E0848C4B 
 4594      9890
 4595 00a3 4929404F 		.ascii	"I)@O]\001\004\237RJ\255\2763\371\357T ~fVOJMLb\300\373"
 4595      5D01049F 
 4595      524AADBE 
 4595      33F9EF54 
 4595      207E6656 
 4596 00be 00E7819E 		.ascii	"\000\347\201\236\207\201\362u\361\344\254R\213\237]"
 4596      8781F275 
 4596      F1E4AC52 
 4596      8B9F5D
 4597 00cd 50CA2B92 		.ascii	"P\312+\222R\302\024d\304\340\215\330L\220\342N\201\025"
 4597      52C21464 
 4597      C4E08DD8 
 4597      4C90E24E 
 4597      8115
 4598 00df 783715A8 		.ascii	"x7\025\250\3034\017\324c\327\315\300\270\025\270\374"
 4598      C3340FD4 
 4598      63D7CDC0 
 4598      B815B8FC 
 4599 00ef 70EADCF7 		.ascii	"p\352\334\367\240\212\222\322\200\031\036i\304\2764"
 4599      A08A92D2 
 4599      80191E69 
 4599      C4BE34
 4600 00fe 2313A992 		.ascii	"#\023\251\222\367R%]\360!\017t\305\226\202B\270\004"
 4600      F752255D 
 4600      F0210F74 
 4600      C5968242 
 4600      B804
 4601 0110 59E381F7 		.ascii	"Y\343\201\367\264'\324\233j\371\364\364\335\245g\207"
 4601      B427D49B 
 4601      6AF9F4F4 
 4601      DDA56787 
 4602 0120 2714FCAF 		.ascii	"'\024\374\257#qF\212\2637\215Y\265\266>\256\324\203"
 4602      2371468A 
 4602      B3378D59 
 4602      B5B63EAE 
 4602      D483
 4603 0132 4B30FCC5 		.ascii	"K0\374\305??\372\3535\200\013\200\003\371\010t,\353"
 4603      3F3FFAEB 
 4603      35800B80 
 4603      03F90874 
ARM GAS  C:\Users\angio\AppData\Local\Temp\cc9v9wKb.s 			page 142


 4603      2CEB
 4604 0144 36F0E471 		.ascii	"6\360\344q\341\311\353&\364\020\222\2007\2070\227\320"
 4604      E1C9EB26 
 4604      F4109280 
 4604      37873097 
 4604      D0
 4605 0155 47984798 		.ascii	"G\230G\230OX@XH\350',\",&,!,%,#,'\334DXAXIXE\030 \254"
 4605      4F584058 
 4605      48E8272C 
 4605      222C262C 
 4605      212C252C 
 4606 0177 26DC4C58 		.ascii	"&\334LXC\030$\254%\254\003\370\000\266\000\\\204\255"
 4606      431824AC 
 4606      25AC03F8 
 4606      00B6005C 
 4606      84AD
 4607 0189 827A12E3 		.ascii	"\202z\022\343\222^\002\363\250\001B\315F\020\307\244"
 4607      925E02F3 
 4607      A80142CD 
 4607      4610C7A4 
 4608 0199 CCC4DF61 		.ascii	"\314\304\337a\344\342\364|\334\225\220\351\325K\240"
 4608      E4E2F47C 
 4608      DC9590E9 
 4608      D54BA0
 4609 01a8 DDBE0BB8 		.ascii	"\335\276\013\270~OR\346$\244\006\227Al\263\320\015s"
 4609      7E4F52E6 
 4609      24A40697 
 4609      416CB3D0 
 4609      0D73
 4610 01ba 70DA1C28 		.ascii	"p\332\034(%z\023\322He\271YV.\226\203\253\2305j\242"
 4610      257A13D2 
 4610      4865B959 
 4610      562E9683 
 4610      AB98356A 
 4611 01cf 0FE6310B 		.ascii	"\017\3461\013\254\254\265\243\220\220\370<\2110\267"
 4611      ACACB5A3 
 4611      9090F83C 
 4611      8930B7
 4612 01de 3C06A902 		.ascii	"<\006\251\002>V \017+\3035,\360\266\211\371p\035\013"
 4612      3E56200F 
 4612      2BC3352C 
 4612      F0B689F9 
 4612      701D0B
 4613 01f1 606F9869 		.ascii	"`o\230i>\371\316| !\335N\236\237rO\017\267s3\273\205"
 4613      3EF9CE7C 
 4613      2021DD4E 
 4613      9E9F724F 
 4613      0FB77333 
 4614 0207 477673A7 		.ascii	"Gvs\247\274\334\302\303,n`\240$\213:\263\356[\037\243"
 4614      BCDCC2C3 
 4614      2C6E60A0 
 4614      248B3AB3 
 4614      EE5B1FA3 
 4615 021b 85F7F116 		.ascii	"\205\367\361\026\005\260\210\011\272m\221\343d|\223"
 4615      05B08809 
 4615      BA6D91E3 
 4615      647C93
ARM GAS  C:\Users\angio\AppData\Local\Temp\cc9v9wKb.s 			page 143


 4616 022a 1BE772E3 		.ascii	"\033\347r\343\034f\374\325#\3437&h\236>\364\240)zA\201"
 4616      1C66FCD5 
 4616      23E33726 
 4616      689E3EF4 
 4616      A0297A41 
 4617 023f 3DD78C3E 		.ascii	"=\327\214>rY\037\2671\335\240>|V\037\327\260\217<'\267"
 4617      72591FB7 
 4617      31DDA03E 
 4617      7C561FD7 
 4617      B08F3C27 
 4618 0254 3B98E0B2 		.ascii	";\230\340\262\335\362\271[\036s\373:k\327\005\011\271"
 4618      DDF2B95B 
 4618      1E73FB3A 
 4618      6BD70509 
 4618      B9
 4619 0265 6543A77C 		.ascii	"eC\247|\346\364Mz\303\005\326\206\311\251\320\311\351"
 4619      E6F44D7A 
 4619      C305D686 
 4619      C9A9D0C9 
 4619      E9
 4620 0276 5BEEE4E7 		.ascii	"[\356\344\347N\205\314\351\273\307o\330\317,~\310\332"
 4620      4E85CCE9 
 4620      BBC76FD8 
 4620      CF2C7EC8 
 4620      DA
 4621 0287 F0025A14 		.ascii	"\360\002Z\0249m\370'Lp\333\026\305N\306?s\343\022n\\"
 4621      396DF827 
 4621      4C70DB16 
 4621      C54EC63F 
 4621      73E3126E 
 4622 029c CC8CEF65 		.ascii	"\314\214\357em\270\024=\340\326\306\313-a-\374\222^"
 4622      6DB8143D 
 4622      E0D6C6CB 
 4622      2D612DFC 
 4622      925E
 4623 02ae 6EA9D5C2 		.ascii	"n\251\325\302\347\330B\231\223\326o\374\305+\347ZeL"
 4623      E7D84299 
 4623      93D66FFC 
 4623      C52BE75A 
 4623      654C
 4624 02c0 EBBE3D48 		.ascii	"\353\276=H\212\335\304E\312M\221Z\262\370\303\262H\027"
 4624      8ADDC445 
 4624      CA4D915A 
 4624      B2F8C3B2 
 4624      4817
 4625 02d2 AD7012F8 		.ascii	"\255p\022\370\223\013Tr\201\012&\360W\326\\\252P\302"
 4625      930B5472 
 4625      810A26F0 
 4625      57D65CAA 
 4625      50C2
 4626 02e4 7AF3379E 		.ascii	"z\3637\236M\245\255\264\232\036L\225\365\206\321`\002"
 4626      4DA5ADB4 
 4626      9A1E4C95 
 4626      F586D160 
 4626      02
 4627 02f5 4E5E7FF3 		.ascii	"N^\177\363}Us\257\000\363Z\343\203\331\314-\252m\213"
 4627      7D5573AF 
ARM GAS  C:\Users\angio\AppData\Local\Temp\cc9v9wKb.s 			page 144


 4627      00F35AE3 
 4627      83D9CC2D 
 4627      AA6D8B
 4628 0308 877C3035 		.ascii	"\207|05N\002Jc\002A.P\303\004F4>\230Z\224\200\007\033"
 4628      4E024A63 
 4628      02412E50 
 4628      C3044634 
 4628      3E985A94 
 4629 031f 0F2568EB 		.ascii	"\017%h\353\214j\251\241\324\322SVVo\304\303\011\271"
 4629      8C6AA9A1 
 4629      D4D25356 
 4629      566FC4C3 
 4629      09B9
 4630 0331 9526AA99 		.ascii	"\225&\252\231_\305cR\317\370^\300\2570\274K\324a\241"
 4630      5FC56352 
 4630      CFF85EC0 
 4630      AF30BC4B 
 4630      D461A1
 4631 0344 E5C9E951 		.ascii	"\345\311\351Q\245kIY\230\372\302\322\261\002#K3+\213"
 4631      A56B4959 
 4631      98FAC2D2 
 4631      B102234B 
 4631      332B8B
 4632 0357 7EFCCF03 		.ascii	"~\374\317\003\213\320\235q\011\231\037#!\232[\236io"
 4632      8BD09D71 
 4632      09991F23 
 4632      219A5B9E 
 4632      696F
 4633 0369 39DCDBD5 		.ascii	"9\334\333\325\33368\324\323\033i\17752\360r\264\277"
 4633      DB3638D4 
 4633      D31B697F 
 4633      3532F072 
 4633      B4BF
 4634 037b B3FB60C7 		.ascii	"\263\373`\307P\364\340@\373\376\003\365m\007^\330\336"
 4634      50F4E040 
 4634      FBFE03F5 
 4634      6D075ED8 
 4634      DE
 4635 038c F47C7847 		.ascii	"\364|xGx\377\356\372\027_ji\335\275\2679,v54\204\360"
 4635      78FFEEFA 
 4635      175F6A69 
 4635      DDBDB739 
 4635      2C763534 
 4636 03a2 A79B3223 		.ascii	"\247\2332#\321\246\306\306\306P$\032:\334\331\027\352"
 4636      D1A6C6C6 
 4636      C650241A 
 4636      3ADCD917 
 4636      EA
 4637 03b3 8F0C0C46 		.ascii	"\217\014\014FCfR\250\265\365\271P\333\276=G\232\350"
 4637      436652A8 
 4637      B5F5B950 
 4637      DBBE3D47 
 4637      9AE8
 4638 03c5 2F1DD1FE 		.ascii	"/\035\321\376\336\216#M\035}}=\015\335BG\352\257\314"
 4638      DE8E234D 
 4638      1D7D7D3D 
 4638      0DDD4247 
ARM GAS  C:\Users\angio\AppData\Local\Temp\cc9v9wKb.s 			page 145


 4638      EAAFCC
 4639 03d8 BEDDD01C 		.ascii	"\276\335\320\034>\264\375\351\236\316m\002^1\006_\353"
 4639      3EB4FDE9 
 4639      9ECE6D02 
 4639      5E31065F 
 4639      EB
 4640 03e9 1A3A640C 		.ascii	"\032:d\014\320\371?\355\015\256="
 4640      D0F93FED 
 4640      0DAE3D
 4641              		.text
 4642              		.section	.gnu.lto_spi_lld_send.413.1f2b0ecc,"e",%progbits
 4643 0000 789C7D96 		.ascii	"x\234}\226mHTi\024\307\237s\237;o\216\343K\276\245\216"
 4643      6D485469 
 4643      14C79F73 
 4643      9F3B6F8E 
 4643      E34BBEA5 
 4644 0015 8D16124B 		.ascii	"\215\026\022K\345\244\015\026\321\207\302\"\002\333"
 4644      E5A40D16 
 4644      D187C222 
 4644      02DB
 4645 0023 22ED9B20 		.ascii	"\"\355\233 \246E\266\322\210\243\025}\231k\031\201_"
 4645      A645B6D2 
 4645      88A3157D 
 4645      996B1981 
 4645      5F
 4646 0034 2CEB4B31 		.ascii	",\353K1\005\016S\364-\202\"\315\266,)v\251\330\266\210"
 4646      050E53F4 
 4646      2D8222CD 
 4646      B62C2976 
 4646      A9D8B688 
 4647 0048 885E97A5 		.ascii	"\210^\227\245\255\0053\261es\251e:\347\336;\315\034"
 4647      AD0533B1 
 4647      6573A965 
 4647      3AE7DE3B 
 4647      CD1C
 4648 005a 9BEE65E6 		.ascii	"\233\356e\346r\377\317\374\317y~\367\177\256\\w9\205"
 4648      72FFCFFC 
 4648      CF797EF7 
 4648      7FAE5C77 
 4648      3985
 4649 006c 181242AC 		.ascii	"\030\022B\254\302\257\260\011\030<\332\257\210x<\036"
 4649      C2AFB009 
 4649      183CDAAF 
 4649      88783C1E 
 4650 007c 56153886 		.ascii	"V\0258\206\327\3603\350J\302\361\243\375\357\357\215"
 4650      D7F033E8 
 4650      4AC2F1A3 
 4650      FDEFEF8D 
 4651 008c DB75A542 		.ascii	"\333u\245B\257\252_\200\010+R\2050\034\223\021\011\203"
 4651      AFAA5F80 
 4651      082B5285 
 4651      301C9311 
 4651      0983
 4652 009e 322605A8 		.ascii	"2&\005\250\346\025@\371\017\232\246\315\2349}m\304\033"
 4652      E61540F9 
 4652      0F9AA6CD 
 4652      9C397D6D 
ARM GAS  C:\Users\angio\AppData\Local\Temp\cc9v9wKb.s 			page 146


 4652      C41B
 4653 00b0 3937A6C6 		.ascii	"97\246\306\244\"N\243\341\022\300E\240\375\320(\367"
 4653      A4224EA3 
 4653      E112C045 
 4653      A0FDD028 
 4653      F7
 4654 00c1 8B85639A 		.ascii	"\213\205c\232v\377\372\260\246\271DLJ\270\014)\036\\"
 4654      76FFFAB0 
 4654      A6B9444C 
 4654      4AB80C29 
 4654      1E5C
 4655 00d3 08BFF491 		.ascii	"\010\277\364\221\357$\030\306g\246Q\205\021nT\303\023"
 4655      EF2418C6 
 4655      67A65185 
 4655      116E54C3 
 4655      13
 4656 00e4 BA31621A 		.ascii	"\2721b\032?\231F\033\214r\243-\374\321'\204]\020\013"
 4656      3F99461B 
 4656      8C72A32D 
 4656      FCD12784 
 4656      5D100B
 4657 00f7 1EB8A654 		.ascii	"\036\270\246Tj\207\264\251\347#o_\255\351\035\324\340"
 4657      6A87B4A9 
 4657      E7236F5F 
 4657      ADE91DD4 
 4657      E0
 4658 0108 1B4E714E 		.ascii	"\033NqN\212\363\017lc\332\347\370\200\246}\274\003C"
 4658      8AF30F6C 
 4658      63DAE7F8 
 4658      80A67DBC 
 4658      0343
 4659 011a 1786DF47 		.ascii	"\027\206\337G\224\305\0000\014*\266\264\333\360\344"
 4659      94C50030 
 4659      0C2AB6B4 
 4659      DBF0E4
 4660 0129 B0E3C9E9 		.ascii	"\260\343\311\351\300\223\313I\2226wf\320\225\233\256"
 4660      C093CB49 
 4660      92367766 
 4660      D0959BAE 
 4661 0139 32E9070F 		.ascii	"2\351\007\017\311,\222\331$sH\346\222\234C2\217d>\311"
 4661      C92C92D9 
 4661      247348E6 
 4661      929C4332 
 4661      8F643EC9 
 4662 014d 02928524 		.ascii	"\002\222\205$\213H\316%YL\262\204d)I/\3112\222\363H"
 4662      8B48CE25 
 4662      594CB284 
 4662      6429492F 
 4662      C93292F3 
 4663 0162 FA489693 		.ascii	"\372H\226\223\254 9\037\340\012T\002\\\205E\202\356"
 4663      AC20391F 
 4663      E00A5402 
 4663      5C854582 
 4663      EE
 4664 0173 470C481A 		.ascii	"G\014H\032\253~\370\200\244\222\224 \216H\231*'\341"
 4664      AB7EF880 
 4664      A4929420 
ARM GAS  C:\Users\angio\AppData\Local\Temp\cc9v9wKb.s 			page 147


 4664      8E48992A 
 4664      27E1
 4665 0185 C0F1FEC7 		.ascii	"\300\361\376\307w[\24321L\0114\255\263\200\003u\306"
 4665      775BA332 
 4665      314C0934 
 4665      ADB38003 
 4665      75C6
 4666 0197 644614A7 		.ascii	"dF\024\247{]_Zj\254\270a\014NQ\236}\246\305\0167p\033"
 4666      7B5D5F5A 
 4666      6AACB861 
 4666      0C4E519E 
 4666      7DA6C50E 
 4667 01ae 6C74D515 		.ascii	"lt\325\025\225\2664\265f\241\003\306\261\220b6\275v"
 4667      95B634B5 
 4667      66A103C6 
 4667      B1906236 
 4667      BD76
 4668 01c0 734707DB 		.ascii	"sG\007\3331\023\233\300-\254\352\323\245\007nc\225b"
 4668      31139BC0 
 4668      2DACEAD3 
 4668      A5076E63 
 4668      9562
 4669 01d2 547D3E0C 		.ascii	"T}>\014Q\351@V\0247\247\372\301l\340a\015\262\2603\374"
 4669      51E94056 
 4669      1437A7FA 
 4669      C16CE061 
 4669      0DB2B033 
 4670 01e7 820D8674 		.ascii	"\202\015\206t\231\015\277b\003\004\306J}\347'\257\275"
 4670      990DBF62 
 4670      0304C64A 
 4670      7DE727AF 
 4670      BD
 4671 01f8 51E9B4E2 		.ascii	"Q\351\264\342\274\3039]\234\316\311\350\356}\245\273"
 4671      BCC3395D 
 4671      9CCEC9E8 
 4671      EE7DA5BB 
 4672 0208 79D2C529 		.ascii	"y\322\305)\\\214\34274\252D1_\357{\342/\244\310\260"
 4672      5C8CE237 
 4672      34AA4431 
 4672      5FEF7BE2 
 4672      2FA4C8B0 
 4673 021c A2F89D53 		.ascii	"\242\370\235S\2709E\006\243x\230\314\210\274\231\337"
 4673      B8394506 
 4673      A37898CC 
 4673      88BC99DF 
 4674 022c EFEB8647 		.ascii	"\357\353\206G\350\265\031\304F\204)\310n\206\374\030"
 4674      E8B519C4 
 4674      468429C8 
 4674      6E86FC18 
 4675 023c 9D7642CE 		.ascii	"\235vB\3164\220\337 \262\307\012\371\011\0268\222\030"
 4675      3490DF20 
 4675      B2C70AF9 
 4675      09163892 
 4675      18
 4676 024d 591CD9C3 		.ascii	"Y\034\331\303\220\237\316\032kvTV\246e\312bL\317\023"
 4676      909FCE1A 
 4676      6B765456 
ARM GAS  C:\Users\angio\AppData\Local\Temp\cc9v9wKb.s 			page 148


 4676      A665CA62 
 4676      4CCF13
 4677 0260 C3CC3686 		.ascii	"\303\3146\206IL9VL/9S.g\312aL\177|\177\230\271\214\342"
 4677      494C3956 
 4677      4C2F3953 
 4677      2E67CA61 
 4677      4C7F7C7F 
 4678 0278 CF59C39C 		.ascii	"\317Y\303\234@\2129V\241\277\306\002g\222\"\317\212"
 4678      408A3956 
 4678      A1BFC602 
 4678      679222CF 
 4678      8A
 4679 0289 F80D27CE 		.ascii	"\370\015'\316\347\304y\214\370\357\257\304\007\007)"
 4679      E7C4798C 
 4679      F8EFAFC4 
 4679      070729
 4680 0298 C502E4A0 		.ascii	"\305\002\344\240?\011\027h\2206\315|v\037\023\211\011"
 4680      3F091768 
 4680      9036CD7C 
 4680      761F1389 
 4680      09
 4681 02a9 1718F7F1 		.ascii	"\027\030\367\361\016\357\243\320\212m\222?\224E\234"
 4681      0EEFA3D0 
 4681      8A6D923F 
 4681      94459C
 4682 02b8 AD90B14D 		.ascii	"\255\220\261M%\323$\357\\\016R\244\203T\020\305\264"
 4682      25D324EF 
 4682      5C0E52A4 
 4682      835410C5 
 4682      B4
 4683 02c9 4191685A 		.ascii	"A\221hZl\005\360\017\007(\341\000\305\014\340\337Y\341"
 4683      6C05F00F 
 4683      0728E100 
 4683      C50CE0DF 
 4683      59E1
 4684 02db 94228411 		.ascii	"\224\"\204\021N\372lJ\222H\377%\202)5\0363\012\306k"
 4684      4EFA6C4A 
 4684      9248FF25 
 4684      8229351E 
 4684      330AC66B 
 4685 02ef C5F5890F 		.ascii	"\305\365\211\017\255\214sy\031\327\377<\230y\234\242"
 4685      AD8C7379 
 4685      19D7FF3C 
 4685      98799CA2 
 4686 02ff 2C4911E7 		.ascii	",I\021\347\301\370\254\000z\025\006P\316\001|\014\340"
 4686      C1F8AC00 
 4686      7A150650 
 4686      CE017C0C 
 4686      E0
 4687 0310 A0C283A9 		.ascii	"\240\302\203\251@\010\230I\037Jy\022\347\220b\206RA"
 4687      40089849 
 4687      1F4A7912 
 4687      E7906286 
 4687      5241
 4688 0322 BB4CCF4C 		.ascii	"\273L\317LF\002Q\271\210\022U\364\267\347\021\251\246"
 4688      460251B9 
 4688      881255F4 
ARM GAS  C:\Users\angio\AppData\Local\Temp\cc9v9wKb.s 			page 149


 4688      B7E711A9 
 4688      A6
 4689 0333 BC5BF0E1 		.ascii	"\274[\360\341\352]-\026`\243\251\027#}\232\252\304d"
 4689      EA5D2D16 
 4689      60A3A917 
 4689      237D9AAA 
 4689      C464
 4690 0345 8EF926A6 		.ascii	"\216\371&\246c\032\016\274\032\375p?\027\377\357\300"
 4690      631A0EBC 
 4690      1AFD703F 
 4690      17FFEFC0 
 4691 0355 26B43220 		.ascii	"&\2642 !\365\305%Dm\335\312\246\272\235\355\333\332"
 4691      21F5C525 
 4691      446DDDCA 
 4691      A6BA9DED 
 4691      DBDA
 4692 0367 1BBA7BDA 		.ascii	"\033\272{\332\332\203M{\203]?\205:[Z\2677\367\204\266"
 4692      DA834D7B 
 4692      835D3F85 
 4692      3A5B5AB7 
 4692      37F784B6 
 4693 037b 77356D69 		.ascii	"w5mi\\\322\320\270qY\315\372\300\362\300\226uK~\334"
 4693      5CD2D0B8 
 4693      7159CDFA 
 4693      C0F2C096 
 4693      754B7EDC 
 4694 038f 5A57BF6E 		.ascii	"ZW\277nSm@\254\256\252\362\343\247\225*\203\241\232"
 4694      536D40AC 
 4694      AEAAF2E3 
 4694      A7952A83 
 4694      A19A
 4695 03a1 EAEA6A7F 		.ascii	"\352\352j\1770\344\337\331\322\341\357\014vu\207\374"
 4695      30E4DFD9 
 4695      D2E1EF0C 
 4695      767587FC 
 4696 03b1 7A91BFBE 		.ascii	"z\221\277\276~\255\277a\363\206=5\364Ks\250\263\275"
 4696      7EADBF61 
 4696      F3863D35 
 4696      F44B73A8 
 4696      B3BD
 4697 03c3 794F4D73 		.ascii	"yOMsGG[U\253PQu\226\314^\256\252\015\354X\266\242\255"
 4697      47475B55 
 4697      AB505175 
 4697      96CC5EAE 
 4697      AA0DEC58 
 4698 03da 65A980DD 		.ascii	"e\251\200\335\266\356}\333zv|\001&\304\253/"
 4698      B6EE7DDB 
 4698      7A767C01 
 4698      26C4AB2F 
 4699              		.text
 4700              		.section	.gnu.lto_spi_lld_receive.414.1f2b0ecc,"e",%progbits
 4701 0000 789C7D96 		.ascii	"x\234}\226\177HTY\024\307\357y\367\315\314\033\035\177"
 4701      7F485459 
 4701      14C7EF79 
 4701      F7CDCC1B 
 4701      1D7F
 4702 0012 8C3FF357 		.ascii	"\214?\363W\243HD\2649i\203E\364G\213E\004\366\203l\377"
ARM GAS  C:\Users\angio\AppData\Local\Temp\cc9v9wKb.s 			page 150


 4702      A34844B4 
 4702      39698345 
 4702      F4478B45 
 4702      04F6836C 
 4703 0027 13C4D4C8 		.ascii	"\023\304\324\310Vv\304\311v\331\177\346YF0\377X\026"
 4703      5676C4C9 
 4703      76D97FE6 
 4703      594630FF 
 4703      5816
 4704 0039 C4860A0D 		.ascii	"\304\206\012\015S\364_\377\024e\266\254\030\326\022"
 4704      53F45FFF 
 4704      1465B6AC 
 4704      18D612
 4705 0048 6D49B094 		.ascii	"mI\260\224\021%\021\021!f\266\224\321\217\331s\336\233"
 4705      11251111 
 4705      2166B694 
 4705      D18FD973 
 4705      DE9B
 4706 005a F1CD317B 		.ascii	"\361\3151{\217\231\307\375\3369\347\334\3179\367\\\356"
 4706      8F99C7FD 
 4706      DE39E7DC 
 4706      CF39F75C 
 4706      EE
 4707 006b 1CD48438 		.ascii	"\034\324\2048'\204\330\204_\341\020\320\1772\242\210"
 4707      2784D884 
 4707      5FE110D0 
 4707      7F32A288 
 4708 007b 783C1E56 		.ascii	"x<\036V\0258\205c\370\023\014%\341\364\311\310\233\311"
 4708      15388563 
 4708      F8130C25 
 4708      E1F4C9C8 
 4708      9BC9
 4709 008d 9B4E43A9 		.ascii	"\233NC\251\320\243\032\003\020aE\252\020\206Sr@B\277"
 4709      D0A31A03 
 4709      106145AA 
 4709      10865372 
 4709      4042BF
 4710 00a0 8C49016A 		.ascii	"\214I\001jb\004P\276J\327\365\371\363C_\207K\007.\216"
 4710      620450BE 
 4710      4AD7F5F9 
 4710      F3435F87 
 4710      4B072E8E 
 4711 00b4 AA31A988 		.ascii	"\2521\251\210!4\270\002p\031h=4\224\277\213\225\243"
 4711      2134B802 
 4711      7019683D 
 4711      3494BF8B 
 4711      95A3
 4712 00c6 BA3E71E7 		.ascii	"\272>q\347\232\256\273ELJ\270\012)68\021\216\370\310"
 4712      9AAEBB45 
 4712      4C4AB80A 
 4712      29363811 
 4712      8EF8C8
 4713 00d9 EE2C9886 		.ascii	"\356,\230\206\317\022\206*\014sC5|\3060\034H\030\316"
 4713      CF12862A 
 4713      0C734335 
 4713      7CC6301C 
 4713      4818CE
ARM GAS  C:\Users\angio\AppData\Local\Temp\cc9v9wKb.s 			page 151


 4714 00ec 270C1D30 		.ascii	"'\014\0350\302\015\035\341\250O\010\247 \026|pNY\241"
 4714      C20D1DE1 
 4714      A84F08A7 
 4714      20167C70 
 4714      4E59A1
 4715 00ff 1FD36707 		.ascii	"\037\323g\007G^M\375\330\323\257\3037\234\342\242\024"
 4715      475E4DFD 
 4715      D8D3AFC3 
 4715      379CE2A2 
 4715      14
 4716 0110 971E3846 		.ascii	"\227\0368F\365\317\361>]\377p\037\336\336\3774\355\375"
 4716      F5CFF13E 
 4716      5DFF701F 
 4716      DEDEFF34 
 4716      EDFD
 4717 0122 4101B806 		.ascii	"A\001\270\006\230\346\015P1\254\323\201/\227\023_\232"
 4717      98E60D50 
 4717      31ACD381 
 4717      2F97135F 
 4717      9A
 4718 0133 8BA44692 		.ascii	"\213\244F\222\000\2644\222\351$=$3\360\345\316\244\271"
 4718      00B43492 
 4718      E9243D24 
 4718      33F0E5CE 
 4718      A4B9
 4719 0145 2C9ACBA6 		.ascii	",\232\313\2469/\311\034\222\2714\312\243Q>\375P@\262"
 4719      392FC91C 
 4719      92B934CA 
 4719      A3513EFD 
 4719      5040B2
 4720 0158 90E43292 		.ascii	"\220\3442\222E$\213I\226\220,%YFr9I\037\311r\222\025"
 4720      45248B49 
 4720      96902C25 
 4720      59467239 
 4720      491FC972 
 4721 016e 242B01AE 		.ascii	"$+\001\256\303jA\351\210>I\273j<> \251X\022\304\011"
 4721      C36A41E9 
 4721      883E49BB 
 4721      6A3C3E20 
 4721      A95812C4 
 4722 0183 2953E50C 		.ascii	")S\345\014\034\2711<>\350\214\312\344^J\240\315\272"
 4722      1CB9313C 
 4722      3EE88CCA 
 4722      E45E4AA0 
 4722      CDBA
 4723 0195 00B89F5A 		.ascii	"\000\270\237ZL\246E\245\002\177\201XkJ'\214\302\240"
 4723      4CA645A5 
 4723      027F8158 
 4723      6B4A278C 
 4723      C2A0
 4724 01a7 514B7274 		.ascii	"QKrtG\245#\341\345d^\351\030\016\306\320\253\327\220"
 4724      47A523E1 
 4724      E5645EE9 
 4724      180EC6D0 
 4724      ABD790
 4725 01ba 1EB8895E 		.ascii	"\036\270\211^`z}>\016Q\211\353I\024c\263\021H\004\360"
 4725      607A7D3E 
ARM GAS  C:\Users\angio\AppData\Local\Temp\cc9v9wKb.s 			page 152


 4725      0E5189EB 
 4725      491463B3 
 4725      114804F0 
 4726 01ce B0001918 		.ascii	"\260\000\031\030\031\3061\3009Cf\302-\014\200\271\241"
 4726      19C631C0 
 4726      394366C2 
 4726      2D0C80B9 
 4726      A1
 4727 01df A7B1F2E4 		.ascii	"\247\261\362\344xYT\272\3548\377\346\234\032\247s1\272"
 4727      785954BA 
 4727      EC38FFE6 
 4727      9C1AA773 
 4727      31BA
 4728 01f1 3B0B7463 		.ascii	";\013tcg\335\234Bc\024w\321P\022E\245\021\367\217[H"
 4728      67DD9C42 
 4728      631477D1 
 4728      501245A5 
 4728      11F78F5B 
 4729 0206 E1FE3E45 		.ascii	"\341\376>E\026\334C\007\325\242H\263#\236\340\304\351"
 4729      16DC4307 
 4729      D5A248B3 
 4729      239EE0C4 
 4729      E9
 4730 0217 9C388D11 		.ascii	"\2348\215\021?X >\332O\365\364 \007UQ\003\035\254\272"
 4730      3F58203E 
 4730      DA4FF5F4 
 4730      20075551 
 4730      031DACBA 
 4731 022b A6E491CE 		.ascii	"\246\344\221\316\362\370\027\335\035\224\207\207V;\035"
 4731      F2F817DD 
 4731      1D948787 
 4731      563B1D
 4732 023a 79F74846 		.ascii	"y\367HFe\306\022p8\265\220\313Ct\302\243\324\2330q\303"
 4732      65C61270 
 4732      38B590CB 
 4732      4374C2A3 
 4732      D49B3071 
 4733 024f 235880CD 		.ascii	"#X\200\315\264K\3541:\272\254\304\262xb\231,\261'\213"
 4733      B44BEC31 
 4733      3ABAACC4 
 4733      B2786299 
 4733      2CB1278B 
 4734 0263 1A251BB9 		.ascii	"\032%\033\271\226L(\213%\3644\331\036\331f{\334\306"
 4734      964C288B 
 4734      25F434D9 
 4734      1ED9667B 
 4734      DCC6
 4735 0275 8DF1DA31 		.ascii	"\215\361\3321Mq\246\034\316\344eL\317\277\337\0369\214"
 4735      4D71A61C 
 4735      CEE4654C 
 4735      CFBFDF1E 
 4735      398C
 4736 0287 E2C5A2F6 		.ascii	"\342\305\242\366\270\213\024\271v\024/9E\036\247\310"
 4736      B88B14B9 
 4736      76142F39 
 4736      451EA7C8 
 4737 0297 6514AFAC 		.ascii	"e\024\257\254\312\220m\276]\333\275F[\315$\376\246p"
ARM GAS  C:\Users\angio\AppData\Local\Temp\cc9v9wKb.s 			page 153


 4737      CA906DBE 
 4737      5DDBBD46 
 4737      5BCD24FE 
 4737      A670
 4738 02a9 790C793A 		.ascii	"y\014y:\331\011\371&\362?\210\\`\207<\303\273\264\220"
 4738      D909F926 
 4738      F23F885C 
 4738      60873CC3 
 4738      BBB490
 4739 02bc 231730E4 		.ascii	"#\0270\344Y\253pd\273\214\203\024\032 \025D1gR$\203"
 4739      59AB7064 
 4739      BB8C8314 
 4739      1A201544 
 4739      31675224 
 4740 02d1 16D901FC 		.ascii	"\026\331\001\374\307\001\2129@\021\003x\277\350\230"
 4740      C7018A39 
 4740      40110378 
 4740      BFE898
 4741 02e0 94208479 		.ascii	"\224 \204yL\226>%\305\026\322\307daJ\314\216\242\302"
 4741      4C963E25 
 4741      C516D2C7 
 4741      64614ACC 
 4741      8EA2C2
 4742 02f3 94DA717D 		.ascii	"\224\332q}\342{Y\306\271J\031\327\027^\230\345\234\242"
 4742      E27B59C6 
 4742      B94A19D7 
 4742      175E98E5 
 4742      9CA2
 4743 0305 CCA288F3 		.ascii	"\314\242\210\363\302\370\354\000z\024\006P\316\001|"
 4743      C2F8EC00 
 4743      7A140650 
 4743      CE017C
 4744 0314 0CE0A8C2 		.ascii	"\014\340\250\302\013S\201\0200\277tQ\312-\234cJ\242"
 4744      0B538110 
 4744      30BF7451 
 4744      CA2D9C63 
 4744      4AA2
 4745 0326 2815B4CA 		.ascii	"(\025\264\312\334\374\275\301@T\256\246\212*\306\355"
 4745      DCFCBDC1 
 4745      4054AEA6 
 4745      8A2AC6ED 
 4746 0336 7942AA29 		.ascii	"yB\252)\227\0136W\317fQ\211\201f\207FzuU\211\341\361"
 4746      970B3657 
 4746      CF665189 
 4746      81668746 
 4746      7A755589 
 4747 034c 346F627A 		.ascii	"4obz\346\340\310\324\310\373\011/\376\357\300 4\323"
 4747      E6E0C8D4 
 4747      C8FB092F 
 4747      FEEFC020 
 4747      34D3
 4748 035e 2721F5E6 		.ascii	"'!\365\346\022\242\266ncc\335\201\366}\355\015\207\272"
 4748      12A2B66E 
 4748      6363DD81 
 4748      F67DED0D 
 4748      87BA
 4749 0370 5BDB838D 		.ascii	"[\333\203\215\277\006\273~\016u6\267\2645u\207\332\272"
ARM GAS  C:\Users\angio\AppData\Local\Temp\cc9v9wKb.s 			page 154


 4749      BF06BB7E 
 4749      0E7536B7 
 4749      B4357587 
 4749      DABA
 4750 0382 1AF7EC5D 		.ascii	"\032\367\354]\323\260w\307\272\232m\201\365\201=[\327"
 4750      D3B077C7 
 4750      BA9A6D81 
 4750      F5813D5B 
 4750      D7
 4751 0393 ECFCA9AE 		.ascii	"\354\374\251\256~\353\256\332\200\330\\U\345\307O\013"
 4751      7EEBAEDA 
 4751      80D85C55 
 4751      E5C74F0B 
 4752 03a3 79064335 		.ascii	"y\006C5\325\325\325\376`\310\177\240\271\303\337\031"
 4752      D5D5D5FE 
 4752      60C87FA0 
 4752      B9C3DF19 
 4753 03b3 EC3A14F2 		.ascii	"\354:\024\362\033N\376\372\372-\376\206\335\333\017"
 4753      1B4EFEFA 
 4753      FA2DFE86 
 4753      DDDB0F
 4754 03c2 D7D02F4D 		.ascii	"\327\320/M\241\316\366\246\3035M\035\035\255U-BE\325"
 4754      A1CEF6A6 
 4754      C3354D1D 
 4754      1DAD552D 
 4754      4245D5
 4755 03d5 59BC78BA 		.ascii	"Y\274x\272\2526\260\177\335\206\326\346\265\002~qt\375"
 4755      AA36B07F 
 4755      DD86D6E6 
 4755      B5027E71 
 4755      74FD
 4756 03e7 B6AF7BFF 		.ascii	"\266\257{\377\377\354=\250\373"
 4756      FFEC3DA8 
 4756      FB
 4757              		.text
 4758              		.section	.gnu.lto_spi_lld_stop_transfer.415.1f2b0ecc,"e",%progbits
 4759 0000 789C7D96 		.ascii	"x\234}\226\177hSW\024\307\357y\367\275\274\244i\323"
 4759      7F685357 
 4759      14C7EF79 
 4759      F7BDBCA4 
 4759      69D3
 4760 0012 26FD5D6B 		.ascii	"&\375]kZ)s\314ack\2502\206(\235\033\203:\305\272\377"
 4760      5A2973CC 
 4760      61636BA8 
 4760      3286289D 
 4760      1B833AC5 
 4761 0028 0AA56B2B 		.ascii	"\012\245k+\206\025\022\032u\340?}\325\352 \377\324T"
 4761      8615121A 
 4761      75E03F7D 
 4761      D5EA20FF 
 4761      D454
 4762 003a 5010A3F8 		.ascii	"P\020\243\370\226\215\355\257\375\263akuT+\333\330\020"
 4762      968DEDAF 
 4762      FDB3616B 
 4762      75542BDB 
 4762      D810
 4763 004c 7F30A6C3 		.ascii	"\1770\246\303::f\261\212\013\241\310tR\350\316y?\222"
ARM GAS  C:\Users\angio\AppData\Local\Temp\cc9v9wKb.s 			page 155


 4763      3A3A66B1 
 4763      8A0BA1C8 
 4763      7452E8CE 
 4763      793F92
 4764 005f 77D32D8F 		.ascii	"w\323-\217\344\346\235\223\3579\347\363\316\275\247"
 4764      E4E69D93 
 4764      EF39E7F3 
 4764      CEBDA7
 4765 006e E97395B1 		.ascii	"\351s\225\261\013\214\261Q|37\203\211dBb+++#\262\004"
 4765      0B8CB151 
 4765      7C333783 
 4765      89644262 
 4765      2B2B2B23 
 4766 0084 A792891F 		.ascii	"\247\222\211\037\346>{\027\246\301pp\351X\322k\334\215"
 4766      E63E7B17 
 4766      A6C17070 
 4766      E958D26B 
 4766      DC8D
 4767 0096 257DC6A7 		.ascii	"%}\306\247,\035\267<',\217\002\247s\011\\p&\231x\374"
 4767      2C1DB73C 
 4767      272C8F02 
 4767      A773095C 
 4767      70269978 
 4768 00ab 70369740 		.ascii	"p6\227@\205Q\331\270\0016\"qYq\251\200\237,\177\235"
 4768      8551D9B8 
 4768      01362271 
 4768      5971A980 
 4768      9F2C7F9D 
 4769 00bf E2E7384C 		.ascii	"\342\3478L\3604g [w\000\315oh\232\366\362\363\363\227"
 4769      F0346720 
 4769      5B7700CD 
 4769      6F689AF6 
 4769      F2F3F397 
 4770 00d3 A71BCF7D 		.ascii	"\247\033\317}9#\247\271\304\316\243\340[\200o\200\202"
 4770      3923A7B9 
 4770      C4CEA3E0 
 4770      5B806F80 
 4770      82
 4771 00e4 50C88FB0 		.ascii	"P\310\217\260\327g4\355\366\375IM\363\2604\347p\011"
 4771      D76734ED 
 4771      F6FD494D 
 4771      F3B034E7 
 4771      7009
 4772 00f6 1C1A748C 		.ascii	"\034\032t\214\334\017\222\356,\230\302\214%\224aJ\024"
 4772      DC0F92EE 
 4772      2C98C28C 
 4772      2594614A 
 4772      14
 4773 0107 CA230B41 		.ascii	"\312#\013A\306\\\214J\340\205>xM;\256e\347\246\027\347"
 4773      C65C8C4A 
 4773      E0853E78 
 4773      4D3BAE65 
 4773      E7A617E7 
 4774 011b 778C4E68 		.ascii	"w\214Nh\260\252<\373\372\2562\243-\257\214k\332\275"
 4774      B0AA3CFB 
 4774      FAAE32A3 
 4774      2DAF8C6B 
ARM GAS  C:\Users\angio\AppData\Local\Temp\cc9v9wKb.s 			page 156


 4774      DABD
 4775 012d 0770E7D6 		.ascii	"\007p\347\326\213\214\377M\300L\212\204\213\213\343"
 4775      8B8CFF4D 
 4775      C04C8A84 
 4775      8B8BE3
 4776 013c A2CA642A 		.ascii	"\242\312d*d\272\310T\311t\343\342&\004O\011-^\362\225"
 4776      64BAC854 
 4776      C974E3E2 
 4776      26044F09 
 4776      2D5EF295 
 4777 0150 E2525246 		.ascii	"\342RRF\022\037.\336r\272\253\240\305O\337\006(A%\231"
 4777      121F2EDE 
 4777      72BAABA0 
 4777      C54FDF06 
 4777      28412599 
 4778 0164 55645693 		.ascii	"UdV\223YCf-\231ud\326\223\331@\346\032J\337H\231\327"
 4778      5943662D 
 4778      997564D6 
 4778      93D940E6 
 4778      1A4ADF48 
 4779 017a D212245F 		.ascii	"\322\022$_\023\245o&I\013\300$\254\007\270\014\033\030"
 4779      13A56F26 
 4779      490BC024 
 4779      AC07B80C 
 4779      1B18
 4780 018c 3D101BE7 		.ascii	"=\020\033\347\264e\306\325\204Ou\222Ky\023X\006\216"
 4780      B465C6D5 
 4780      844F7592 
 4780      4B791358 
 4780      068E
 4781 019e 5EF9E7F7 		.ascii	"^\371\347\367\224K\347`\355\012\007j\373\027\200;\343"
 4781      944BE760 
 4781      ED0A076A 
 4781      FB17803B 
 4781      E3
 4782 01af 4EF3529D 		.ascii	"N\363R\235\267\300U`\233LS\201\357 e\264\217\002=:\227"
 4782      B7C05560 
 4782      9B4C5381 
 4782      EF2065B4 
 4782      8F023D3A 
 4783 01c4 AC284588 		.ascii	"\254(E\210*\303t0\203Qc\206\351\203k\030\005F\324u\212"
 4783      2AC37430 
 4783      83516386 
 4783      E9836B18 
 4783      0546D475 
 4784 01d9 B2CF824F 		.ascii	"\262\317\202O\210*\307t0\213Q\353\322\274\002n`\210"
 4784      882AC774 
 4784      308B51EB 
 4784      D2BC026E 
 4784      6088
 4785 01eb 942F2417 		.ascii	"\224/$\027\203\372^\204RD\024Y@\3711\207r\354\364\247"
 4785      83FA5E84 
 4785      52441459 
 4785      40F93187 
 4785      72ECF4A7 
 4786 01ff A0737C74 		.ascii	"\240s|tN,*d\261'\345\204\230M\200\210\245\344\261~6"
 4786      4E2C2A64 
ARM GAS  C:\Users\angio\AppData\Local\Temp\cc9v9wKb.s 			page 157


 4786      B127E584 
 4786      984D8088 
 4786      A5E4B17E 
 4787 0214 B130CEAE 		.ascii	"\2610\316\256\246\026#\273)\222\271E2\325A\346\207["
 4787      A61623BB 
 4787      2992B945 
 4787      32D541E6 
 4787      875B
 4788 0226 A8E5A676 		.ascii	"\250\345\246v\231\310HO\230\257N\240QB\214\036\360\241"
 4788      99C8484F 
 4788      98AF4EA0 
 4788      51428C1E 
 4788      F0A1
 4789 0238 DB4EE62D 		.ascii	"\333N\346-V\370\256X\270T,\354u\024\016\300/\250\225"
 4789      56F8AE58 
 4789      B8542CEC 
 4789      75140EC0 
 4789      2FA895
 4790 024b 1D855150 		.ascii	"\035\205QP\222\357\003\025\016\010\033U\211\371\340"
 4790      92EF0315 
 4790      0E081B55 
 4790      89F9E0
 4791 025a 574C70D1 		.ascii	"WLp\3210+\340\036&P\250)e\214N\030w\2340 \200\251G\251"
 4791      302BE01E 
 4791      2650A829 
 4791      658C4E18 
 4791      779C3020 
 4792 0272 6D3AF7FD 		.ascii	"m:\367\375?\257\027~\303\024.\353\204|U\243\363r\253"
 4792      3FAF177E 
 4792      C3142EEB 
 4792      847C55A3 
 4792      F372AB
 4793 0285 B257A85C 		.ascii	"\262W\250\\\205Y\340\201\243\362\034\206\251\366n\336"
 4793      8559E081 
 4793      A3F21C86 
 4793      A9F66EDE 
 4794 0295 E43AAFC0 		.ascii	"\344:\257\300Ps;5`O`\354\311\354~t\232\036\363/\321"
 4794      50733B35 
 4794      604F60EC 
 4794      C9EC7E74 
 4794      9A1EF32F 
 4795 02aa 492E3B27 		.ascii	"I.;'\300\320\\\312\364\351|=\251\344\234J)\234\223\251"
 4795      C0D05CCA 
 4795      F4E97C3D 
 4795      A9E49C4A 
 4795      299C93A9 
 4796 02be C7A9B775 		.ascii	"\307\251\267u\356/\326\365?\020\307\235\357z@\354\272"
 4796      EE2FD6F5 
 4796      3F10C79D 
 4796      EF7A40EC 
 4796      BA
 4797 02cf 5F38887F 		.ascii	"_8\210\177\2123Q)\036\271\200q\344\354\307\\@\255\307"
 4797      8A335129 
 4797      1EB98071 
 4797      E4ECC75C 
 4797      40ADC7
 4798 02e2 CC9B4D2C 		.ascii	"\314\233M,\230\272E)\315\253\221\032\346\001;_i0\273"
ARM GAS  C:\Users\angio\AppData\Local\Temp\cc9v9wKb.s 			page 158


 4798      98BA4529 
 4798      CDAB911A 
 4798      E6013B5F 
 4798      6930BB
 4799 02f5 5631FF45 		.ascii	"V1\377E\263]U\214yQd\256\026\231\253\004\346\247\"s"
 4799      B35D558C 
 4799      795164AE 
 4799      1699AB04 
 4799      E6A72273 
 4800 0309 8DC85C9D 		.ascii	"\215\310\\\235\037\223g\342\364\326\026\003\310\210"
 4800      1F9367E2 
 4800      F4D61603 
 4800      C888
 4801 0317 00752240 		.ascii	"\000u\"@\255\000\220-\230\336z\204\200\237\340?\247"
 4801      AD00902D 
 4801      98DE7A84 
 4801      809FE03F 
 4801      A7
 4802 0328 B62E8FB3 		.ascii	"\266.\217\263dOm\275]\245\241\030\321s\221h\215H\324"
 4802      644F6DBD 
 4802      5DA5A118 
 4802      D1739168 
 4802      8D48D4
 4803 033b 204CEDDF 		.ascii	" L\355\337\005S\333\210\372\334\324\256\205;\344\262"
 4803      0553DB88 
 4803      FADCD4AE 
 4803      853BE4B2 
 4804 034b 13058B15 		.ascii	"\023\005\213\025})\026m\022\213\006\205\211}U0\261\315"
 4804      7D29166D 
 4804      128B0685 
 4804      897D5530 
 4804      B1CD
 4805 035d 586A750F 		.ascii	"Xju\017pN\233\2049]\266\347\264\231\"\227&3\251\260"
 4805      704E9B84 
 4805      395DB6E7 
 4805      B4992297 
 4805      2633A9B0 
 4806 0371 CE37D0B1 		.ascii	"\3167\320\261\227\300<\364\252st\237\301\350v\326\202"
 4806      97C03CF4 
 4806      AA73749F 
 4806      C1E876D6 
 4806      82
 4807 0382 B9B20FA7 		.ascii	"\271\262\017\247\3074\031\317[\215\365\343I\327\022"
 4807      C73419CF 
 4807      5B8DF5E3 
 4807      49D712
 4808 0391 1C9D9F7A 		.ascii	"\034\235\237zq\333\217\377\002`\022\362\214sp\376\324"
 4808      71DB8FFF 
 4808      026012F2 
 4808      8C7370FE 
 4808      D4
 4809 03a2 30D6D1F9 		.ascii	"0\326\321\371VO\347\201\310G\221\356\203\207\006\"\321"
 4809      564FE781 
 4809      C84791EE 
 4809      83870622 
 4809      D1
 4810 03b3 9E4FA2C3 		.ascii	"\236O\242\303\037\307c}\375\203\275\207\342\203\303"
ARM GAS  C:\Users\angio\AppData\Local\Temp\cc9v9wKb.s 			page 159


 4810      1FC7637D 
 4810      FD83BD87 
 4810      E283C3
 4811 03c2 3D7BF76D 		.ascii	"={\367m\354\336\267ks\373{\341-\341\275;7~\360ag\327"
 4811      ECDEB76B 
 4811      73FB7BE1 
 4811      2DE1BD3B 
 4811      377EF061 
 4812 03d8 CEDD1D61 		.ascii	"\316\335\035a\266\275\2655\204\257~\212\214\306\333"
 4812      B6BDB535 
 4812      84AF7E8A 
 4812      8CC6DB
 4813 03e7 DBDADA42 		.ascii	"\333\332\332B\321x\350@\337P(\026\035>\030\017\031A"
 4813      D178E840 
 4813      DF502816 
 4813      1D3E180F 
 4813      1941
 4814 03f9 A1AEAE77 		.ascii	"\241\256\256wB\335{\336?\334N\337\364\306c\221\336\303"
 4814      42DD7BDE 
 4814      3FDC4EDF 
 4814      F4C66391 
 4814      DEC3
 4815 040b EDBD4343 		.ascii	"\355\275CC\003\255\375LF+\326P\350n\355\010\357\337"
 4815      03ADFD4C 
 4815      462BD650 
 4815      E86EED08 
 4815      EFDF
 4816 041d BC75A06F 		.ascii	"\274u\240o\023S\342\221#\203\261\177\001\253\011\267"
 4816      1353E291 
 4816      2383B17F 
 4816      01AB09B7 
 4817 042d C0       		.ascii	"\300"
 4818              		.text
 4819              		.section	.gnu.lto_spi_lld_polled_exchange.416.1f2b0ecc,"e",%progbits
 4820 0000 789C7D54 		.ascii	"x\234}TmL[U\030>\357}\357mo[(\033\020\3100\242fY\234"
 4820      6D4C5B55 
 4820      183EEF7D 
 4820      EF6D6F5B 
 4820      281B10C8 
 4821 0019 3F468161 		.ascii	"?F\201a%\376\320\031\234\213\011~\004\346?\022\202\224"
 4821      25FED019 
 4821      9C8B097E 
 4821      04E63F12 
 4821      8294
 4822 002b 6544B44D 		.ascii	"eD\264M\273\315\304?\275\214\"I\311\002\255\213\"\221"
 4822      BBCDC43F 
 4822      BD8C2249 
 4822      C902AD8B 
 4822      2291
 4823 003d 46AF1D71 		.ascii	"F\257\035q~\314\220L\005G\025K`\372CA\011\342\307\030"
 4823      7ECC904C 
 4823      0547154B 
 4823      60FA4341 
 4823      09E2C718 
 4824 0051 9BC4A418 		.ascii	"\233\304\244\030c\320\230\3506\264\276\347\334[ZJ\344"
 4824      63D098E8 
 4824      36B4BEE7 
ARM GAS  C:\Users\angio\AppData\Local\Temp\cc9v9wKb.s 			page 160


 4824      DC5B5A4A 
 4824      E4
 4825 0062 E6F6F4BC 		.ascii	"\346\366\364\274\317}\237\363>\357s\356\271\345\026"
 4825      CF7D9FF3 
 4825      3EEF73EE 
 4825      B9E516
 4826 0071 C6DE668C 		.ascii	"\306\336f\214\315\322\2179\030D#a\211\245\323\351\240"
 4826      CDD28F39 
 4826      18442361 
 4826      89A5D3E9 
 4826      A0
 4827 0082 2C493D91 		.ascii	",I=\221~\011\022 \242\027#N\361\217p6\022N\247V\037"
 4827      7E091220 
 4827      A217234E 
 4827      F18F7036 
 4827      124EA756 
 4828 0097 8129E381 		.ascii	"\201)\343\201,\205\"\0161\3535S\024x5\252\337\225!Z"
 4828      2C85220E 
 4828      31EB3553 
 4828      147835AA 
 4828      DF95215A 
 4829 00ab E09548F8 		.ascii	"\340\225H\370\326\332^\2306b\253\324g\346\017\015\376"
 4829      D6DA5E98 
 4829      3662ABD4 
 4829      67E60F0D 
 4829      FE
 4830 00bc 6440AA20 		.ascii	"d@\252 \030Um0\034\325\177\177/\221R3\013\330\241[\026"
 4830      18556D30 
 4830      1CD57F7F 
 4830      2F915233 
 4830      0BD8A15B 
 4831 00d1 13604109 		.ascii	"\023`A\011e\305bUmv\010\242\225e/9g\376\022\276\206"
 4831      65C56255 
 4831      6D7608A2 
 4831      95652F39 
 4831      67FE12BE 
 4832 00e6 10C53832 		.ascii	"\020\30582\220\314\031\300\256{\2464\355\357s\261[\227"
 4832      90CC19C0 
 4832      AE7BA634 
 4832      EDEF73B1 
 4832      5B97
 4833 00f8 F68FF5F4 		.ascii	"\366\217\365\364\356\217\243\304b\224\360\001\300E\340"
 4833      EE8FA3C4 
 4833      6294F001 
 4833      C045E0
 4834 0107 A44D8ABC 		.ascii	"\244M\212\274I\271\223f\370\002\273\233\210\363\313"
 4834      49B99366 
 4834      F802BB9B 
 4834      88F3CB
 4835 0116 E39A6663 		.ascii	"\343\232fcqD\230\000\316\033\007\370\210x\004\004\377"
 4835      71449800 
 4835      CE1B07F8 
 4835      88780404 
 4835      FF
 4836 0127 BD9DE70D 		.ascii	"\275\235\347\015\203\221\270\361\241\246)\204Kp\011"
 4836      8391B8F1 
 4836      A1A62984 
ARM GAS  C:\Users\angio\AppData\Local\Temp\cc9v9wKb.s 			page 161


 4836      4B7009
 4837 0136 720A1010 		.ascii	"r\012\020\020\354\257d\214\314&\2241.\014_\007^v\037"
 4837      ECAF648C 
 4837      CC269431 
 4837      2E0C5F07 
 4837      5E761F
 4838 0149 D1D6CF24 		.ascii	"\321\326\317$&\257\203\026\325 \2162|\222[\202\261\340"
 4838      26AF8316 
 4838      D5208E32 
 4838      7C925B82 
 4838      B1E0
 4839 015b 48A585C1 		.ascii	"H\245\205\301\247\300\310\020\026\034\252\344\324sY"
 4839      A7C0C810 
 4839      161CAAE4 
 4839      D47359
 4840 016a EA48E25A 		.ascii	"\352H\342Z\206\252\300gy\324w95iR\337\251$\020\367M"
 4840      86AAC067 
 4840      79D47739 
 4840      356952DF 
 4840      A92410F7 
 4841 017f F56AEBE4 		.ascii	"\365j\353\344\357w\017u\2079)\317\010^\211\030\357\177"
 4841      EF770F75 
 4841      873929CF 
 4841      085E8918 
 4841      EF7F
 4842 0191 A34C691B 		.ascii	"\243Li\033\351\001M[Y\201\261\261\361\245\230t\033P"
 4842      E9014D5B 
 4842      5981B1B1 
 4842      F1A59874 
 4842      1B50
 4843 01a3 1B168906 		.ascii	"\033\026\211\006+\322\240\312|\340\275\332,4\330\255"
 4843      2BD2A0CA 
 4843      7CE0BDDA 
 4843      2C34D8AD 
 4844 01b3 7CA6728C 		.ascii	"|\246r\214\033\245\3329\346\340X\001\037\0129\346\344"
 4844      1BA5DA39 
 4844      E6E05801 
 4844      1F0A39E6 
 4844      E4
 4845 01c4 43118349 		.ascii	"C\021\203I(\006\370\030J\270\264R\240\260\214c\345\274"
 4845      2806F818 
 4845      4AB8B452 
 4845      A0B08C63 
 4845      E5BC
 4846 01d6 F41E3EAB 		.ascii	"\364\036>\253\340~16\200\374\225\020\327\035\244m\020"
 4846      E07E3136 
 4846      80FC9510 
 4846      D71DA46D 
 4846      10
 4847 01e7 A56C08EC 		.ascii	"\245l\010\35478=91\023\253\327\021\314-Ca\312(h\232"
 4847      37383D39 
 4847      3113ABD7 
 4847      11CC2D43 
 4847      61CA2868 
 4848 01fc A6C6D1A1 		.ascii	"\246\306\321\241c1\314\000\2536B\013\314\302\010\267"
 4848      6331CC00 
 4848      AB36420B 
ARM GAS  C:\Users\angio\AppData\Local\Temp\cc9v9wKb.s 			page 162


 4848      CCC208B7 
 4849 020c 5E10CF97 		.ascii	"^\020\317\227\351\230y9,[h\005\264\036|N\264\220\010"
 4849      E9987939 
 4849      2C5B6805 
 4849      B41E7C4E 
 4849      B49008
 4850 021f 0BE10BA2 		.ascii	"\013\341\013\242\201A\333\350[D\035\351\226(\352y\271"
 4850      8141DBE8 
 4850      5B441DE9 
 4850      9628EA79 
 4850      B9
 4851 0230 0F749429 		.ascii	"\017t\224)\346\213\250\240U\2625\010]\231\256 \320D"
 4851      E68BA8A0 
 4851      55B23508 
 4851      5D99AE20 
 4851      D044
 4852 0242 9CC2D041 		.ascii	"\234\302\320A\304|\3357fcW\025:@:*\377\257\330\006_"
 4852      C47CDD37 
 4852      66635715 
 4852      3A403A2A 
 4852      FFAFD806 
 4853 0257 5269C928 		.ascii	"Ri\311(}6\374\217\244c\271)\331\226\225\374\326\003"
 4853      7D36FC8F 
 4853      A463B929 
 4853      D99695FC 
 4853      D603
 4854 0269 7174D23A 		.ascii	"qt\322:0'\260\3527\004\267\010\346\211K\355\206D\316"
 4854      3027B0EA 
 4854      3704B708 
 4854      E6894BED 
 4854      8644CE
 4855 027c BD71DC05 		.ascii	"\275q\334\005_\203\331\304_\2517\255:Zt,\2458\271\036"
 4855      5F83D9C4 
 4855      5FA937AD 
 4855      3A5A742C 
 4855      A538B91E 
 4856 0290 5ECE1848 		.ascii	"^\316\030H'l\024h\201\224\024\307\335T\015\026\200Q"
 4856      276C1468 
 4856      819414C7 
 4856      DD540D16 
 4856      8051
 4857 02a2 A2E841CE 		.ascii	"\242\350A\316\351\001D\017\227cM:Zw\322\277\270\251"
 4857      E901440F 
 4857      97634D3A 
 4857      5A77D2BF 
 4857      B8A9
 4858 02b4 3F3979BE 		.ascii	"?9y\276\\G5'\2314[\271\346M\301K\224,\213drv\231L\266"
 4858      5C473527 
 4858      99345BB9 
 4858      E64DC14B 
 4858      942C8B64 
 4859 02cd 11C13012 		.ascii	"\021\3010\022\270\263\251\351\347\0103\000f\032\253"
 4859      B8B3A9E9 
 4859      E7083300 
 4859      661AAB
 4860 02dc 6C353639 		.ascii	"l569\324\277\264\266J2\354\242\0155\333\205\321\370"
 4860      D4BFB4B6 
ARM GAS  C:\Users\angio\AppData\Local\Temp\cc9v9wKb.s 			page 163


 4860      4A32ECA2 
 4860      0D35DB85 
 4860      D1F8
 4861 02ee 3219BE87 		.ascii	"2\031\276\207\236\012\256e\333\246|\025\373S\241\257"
 4861      9E0AAE65 
 4861      DBA67C15 
 4861      FB53A1AF 
 4862 02fe 948E8E9D 		.ascii	"\224\216\216\235\232\272\222\273)3\244\263$\223\235"
 4862      9ABA92BB 
 4862      2933A4B3 
 4862      24939D
 4863 030d 7A50B4E5 		.ascii	"zP\264\345\310\337\212\2539[\221r\363\255X\021\212\222"
 4863      C8DF8AAB 
 4863      395B9172 
 4863      F3AD5811 
 4863      8A92
 4864 031f C31373B1 		.ascii	"\303\023s\261z\323{%\307\373bZ\024\256s\357K\205T\353"
 4864      7AD37B25 
 4864      C7FB625A 
 4864      14AE73EF 
 4864      4B8554EB 
 4865 0333 36EFE7B8 		.ascii	"6\357\347\270\367\005;\311\\\315\363\276p\253\367\005"
 4865      F7053BC9 
 4865      5CCDF3BE 
 4865      70ABF705 
 4866 0343 5BBCFF39 		.ascii	"[\274\3779\337{\312(\204\357\263\276;\341\0070=W\267"
 4866      DF7BCA28 
 4866      84EFB3BE 
 4866      3BE10730 
 4866      3D57B7
 4867 0356 79BEF00B 		.ascii	"y\276\360\0131\312\014\365\316\254z\221m\313sy\370\306"
 4867      31CA0CF5 
 4867      CEAC7A91 
 4867      6DCB7379 
 4867      F8C6
 4868 0368 B7B18B32 		.ascii	"\267\261\2132}\216t\244\203R\304\330M(\242MQ.,\\>\003"
 4868      7D8E74A4 
 4868      8352C4D8 
 4868      4D28A24D 
 4868      512E2C5C 
 4869 037e E24494A9 		.ascii	"\342D\224\251\243\213Gh\033\210l\317\355\373W\350>\304"
 4869      A38B4768 
 4869      1B886CCF 
 4869      EDFB57E8 
 4869      3EC4
 4870 0390 F65203EB 		.ascii	"\366R\003\353\027\022!M&\233J\214o\251\270\376\200\323"
 4870      1712214D 
 4870      269B4A8C 
 4870      6FA9B8FE 
 4870      80D3
 4871 03a2 D77EBC39 		.ascii	"\327~\2749\277\333X\231#\003\010\271_\017\306\334\015"
 4871      BFDB5899 
 4871      230308B9 
 4871      5F0FC6DC 
 4871      0D
 4872 03b3 F7B7341C 		.ascii	"\367\2674\034\357|\272\263\371\304IO\247\267\345y\257"
 4872      EF7CBAB3 
ARM GAS  C:\Users\angio\AppData\Local\Temp\cc9v9wKb.s 			page 164


 4872      F9C4494F 
 4872      A7B7E579 
 4872      AF
 4873 03c4 FF9980AF 		.ascii	"\377\231\200\257\255\275\243\365d\240\303\337\322t\364"
 4873      ADBDA3F5 
 4873      64A0C3DF 
 4873      D274F4
 4874 03d3 40F3D1C7 		.ascii	"@\363\321\307\016\326\036\251\273\257\256\351\360\201"
 4874      0ED61EA9 
 4874      BBAFAEE9 
 4874      F081
 4875 03e1 C79F6A68 		.ascii	"\307\237jh<\374\204\273\216\035\252\252r\321\335\316"
 4875      3CFC84BB 
 4875      8E1DAAAA 
 4875      72D1DDCE 
 4876 03f1 99DE406D 		.ascii	"\231\336@mMM\215\313\033p\035o\353r\371\274\376\023"
 4876      4D4D8DCB 
 4876      1B701D6F 
 4876      EB72F9BC 
 4876      FE13
 4877 0403 019720B9 		.ascii	"\001\227 \271\032\033\037v5?\371\350\251Z\376\2445\340"
 4877      1A1B1F76 
 4877      353FF9E8 
 4877      A95AFEA4 
 4877      35E0
 4878 0415 EB6C3D55 		.ascii	"\353l=U\333\332\325\345\251jg2E\276\212|\270\312]w\354"
 4878      DBDAD5E5 
 4878      A96A6732 
 4878      45BE8A7C 
 4878      B8CA5D77 
 4879 042a 60BDA7AD 		.ascii	"`\275\247\255\232)\307\374m\317v\310\036\177\275O\361"
 4879      9A29C7FC 
 4879      6DCF76C8 
 4879      1E7FBD4F 
 4879      F1
 4880 043b F86BDCBE 		.ascii	"\370k\334\276\377\000 \377y\024"
 4880      FF0020FF 
 4880      7914
 4881              		.text
 4882              		.section	.gnu.lto_.symbol_nodes.1f2b0ecc,"e",%progbits
 4883 0000 789C7DD3 		.ascii	"x\234}\323;N\303@\020\006\340\331\375\375\000\022\033"
 4883      3B4EC340 
 4883      1006E0D9 
 4883      FDFD0012 
 4883      1B
 4884 0011 888921A1 		.ascii	"\210\211!\241H\021\016\300\031\270JJJ\212\224c+\005"
 4884      48110EC0 
 4884      19B84A4A 
 4884      4A8A9463 
 4884      2B05
 4885 0023 2DE2FD7E 		.ascii	"-\342\375~\031\302%\000\011\322#\032\270\200\271\007"
 4885      19C22500 
 4885      09D2231A 
 4885      B880B907 
 4886 0033 1009A459 		.ascii	"\020\011\244YY\236\355~\315'{d\357\277\346\023\221}"
 4886      599EED7E 
 4886      CD277B64 
ARM GAS  C:\Users\angio\AppData\Local\Temp\cc9v9wKb.s 			page 165


 4886      EFBFE613 
 4886      917D
 4887 0045 314CDF7F 		.ascii	"1L\337\177\247gv\336\210\230\350)\313\363u24=\366\325"
 4887      A76776DE 
 4887      8898E829 
 4887      CBF37532 
 4887      343DF6D5 
 4888 0059 B0D1C587 		.ascii	"\260\321\305\207e\253\213O\313\320\305\273eO\027_\226"
 4888      65AB8B4F 
 4888      CBD0C5BB 
 4888      654F175F 
 4888      96
 4889 006a 7D5D1C80 		.ascii	"}]\034\200\203\212x\274\021\342\020\034\352b\017<S\025"
 4889      838A78BC 
 4889      11E2101C 
 4889      EA620F3C 
 4889      5315
 4890 007c B910FBE0 		.ascii	"\271\020\373\340YU\370\273\240\355\215)=\002\317\351"
 4890      5955F8BB 
 4890      A0ED8D29 
 4890      3D02CFE9 
 4891 008c 0F3B0637 		.ascii	"\017;\0067*\3429\317\315?8\0017Up\012\216Tp\006\216"
 4891      2AE239CF 
 4891      CD3F3801 
 4891      3755700A 
 4891      8E547006 
 4892 00a1 55700E9E 		.ascii	"Up\016\236W\301\005xA\005\227\340E\025\\\201[*\270\006"
 4892      57C10578 
 4892      410597E0 
 4892      45155C81 
 4892      5B2AB806 
 4893 00b5 271A30B7 		.ascii	"'\0320\267\340%\027\020eY6\235\232\002\334\256\233\335"
 4893      E0251710 
 4893      6559369D 
 4893      9A02DCAE 
 4893      9BDD
 4894 00c7 83D3BAD9 		.ascii	"\203\323\272\331\035x\271n6\006\257\324\315\036\300"
 4894      1D78B96E 
 4894      3606AFD4 
 4894      CD1EC0
 4895 00d6 9D9A19AC 		.ascii	"\235\232\031\254hS\03702ym\231\374T\246@\334\376\001"
 4895      68531F30 
 4895      32796D99 
 4895      FC54A640 
 4895      DCFE01
 4896 00e9 02D1A751 		.ascii	"\002\321\247Q\212@\\\374\311o\024]*S\027\017]<t\361"
 4896      8A405CFC 
 4896      C96F145D 
 4896      2A53170F 
 4896      5D3C74F1 
 4897 00fd D0130529 		.ascii	"\320\023\005)\023\231&\253\316\254\347\244-\204\316"
 4897      139926AB 
 4897      CEACE7A4 
 4897      2D84CE
 4898 010c 7EA1BB5F 		.ascii	"~\241\273_\350\356\027:\373y\242qe\202\206\370\254}"
 4898      E8EE173A 
 4898      FB79A271 
ARM GAS  C:\Users\angio\AppData\Local\Temp\cc9v9wKb.s 			page 166


 4898      658286F8 
 4898      AC7D
 4899 011e 2795060D 		.ascii	"'\225\006\015\361?F!\232\035i#\321\224\302 \352\212"
 4899      F13F4621 
 4899      9A1D6923 
 4899      D194C220 
 4899      EA8A
 4900 0130 97B69C38 		.ascii	"\227\266\2348J\020\211\216\026]D\242\324\305&b1\035"
 4900      4A10898E 
 4900      165D44A2 
 4900      D4C52662 
 4900      311D
 4901 0142 20166F2D 		.ascii	" \026o-\002'\226\001\375\000\363\245q@"
 4901      02279601 
 4901      FD00F3A5 
 4901      7140
 4902              		.text
 4903              		.section	.gnu.lto_.refs.1f2b0ecc,"e",%progbits
 4904 0000 789C15C7 		.ascii	"x\234\025\3071\026\200 \014D\301\277\213\206GT\316\303"
 4904      31168020 
 4904      0C44C1BF 
 4904      8B864754 
 4904      CEC3
 4905 0012 FD3B6F45 		.ascii	"\375;oE(\246\230\005h8\177\360\343\020\356\235x\235"
 4905      28A69805 
 4905      68387FF0 
 4905      E310EE9D 
 4905      789D
 4906 0024 42E9D2CA 		.ascii	"B\351\322\312U\356\022\350\363\331tN\330N\327\001\357"
 4906      55EE12E8 
 4906      F3D9744E 
 4906      D84ED701 
 4906      EF
 4907              		.text
 4908              		.section	.gnu.lto_.decls.1f2b0ecc,"e",%progbits
 4909 0000 789CC57B 		.ascii	"x\234\305{\011T\224W\266n\355\377\374\177UQL\306\241"
 4909      09549457 
 4909      B66EEDFF 
 4909      FC7F5551 
 4909      4CC6A1
 4910 0013 BB57BA3B 		.ascii	"\273W\272;mlM\354\367:!`\332\344\336^\357\275\030b\022"
 4910      6D6C4DEC 
 4910      F73A2160 
 4910      DAE4DE5E 
 4910      EFBD1862 
 4911 0028 BB63DA85 		.ascii	"\273c\332\205\346\255{\357\352\273x\004J\245\303t\213"
 4911      E6AD7BEF 
 4911      EABB7804 
 4911      4AA5C374 
 4911      8B
 4912 0039 D2E87BEB 		.ascii	"\322\350{\353\256W8#\210\210\023\010\012\216\210\250"
 4912      AE573823 
 4912      88881308 
 4912      0A8E88A8 
 4913 0049 80230A4A 		.ascii	"\200#\012J\201\003(*\032EQ\021\301\021\007\006\025\021"
 4913      8103282A 
 4913      1A455111 
ARM GAS  C:\Users\angio\AppData\Local\Temp\cc9v9wKb.s 			page 167


 4913      C1110706 
 4913      1511
 4914 005b 44F1ED73 		.ascii	"D\361\355s\316?\325\200I\277\273\336z,w\325\377\377"
 4914      CE3FD580 
 4914      49BFBBDE 
 4914      7A2C77D5 
 4914      FFFF
 4915 006d F59DBDBF 		.ascii	"\365\235\275\277\275\317>\373\014U6\376\027\203\301"
 4915      BDCF3EFB 
 4915      0C5536FE 
 4915      1783C1
 4916 007c D7D76018 		.ascii	"\327\327`\030\215\362\012\377\206\031\014\206s\006\355"
 4916      8DF20AFF 
 4916      86190C86 
 4916      7306ED
 4917 008b EF4D9472 		.ascii	"\357M\224r\224\303(N\224*\2243(\327Q\332P:P\236\240"
 4917      94C3284E 
 4917      942A9433 
 4917      28D751DA 
 4917      503A509E 
 4918 00a0 3C457981 		.ascii	"<Ey\201\322\217\"\200\301 \242\370\243\014Ey\023e8\312"
 4918      D28F2280 
 4918      C120A2F8 
 4918      A30C4579 
 4918      136538CA 
 4919 00b4 3B284128 		.ascii	";(A(\301(cP\376\210\362%\312\237P\376\202\202\377\014"
 4919      C1286350 
 4919      FE88F225 
 4919      CA9F50FE 
 4919      8282FF0C 
 4920 00c8 996070F9 		.ascii	"\231`p\371\233\215\367F|\237\2162\030e(\312-\2245\370"
 4920      9B8DF746 
 4920      7C9F8E32 
 4920      186528CA 
 4920      2D9435F8 
 4921 00dc 3C57C68A 		.ascii	"<W\306\2122\307\315x\277\025\245\320M\007\375\373\367"
 4921      32C7CD78 
 4921      BF15A5D0 
 4921      4D07FDFB 
 4921      F7
 4922 00ed 9FA8E7B0 		.ascii	"\237\250\347\260\254g'J\211\027=k\275\350\251E\331\205"
 4922      AC67274A 
 4922      89173D6B 
 4922      BDE8A945 
 4922      D985
 4923 00ff CF4FCB18 		.ascii	"\317O\313\030A\216Q\260\227\366I\370\214\310\355w\343"
 4923      418E51B0 
 4923      97F649F8 
 4923      8CC8ED77 
 4923      E3
 4924 0110 7599AE8D 		.ascii	"u\231\256\215S\366\303\375o\376k\332T\311\234\335\377"
 4924      53F6C3FD 
 4924      6FFE6BDA 
 4924      54C99CDD 
 4924      FF
 4925 0121 2A106772 		.ascii	"*\020gr\343\371968\217\357_\340{\223N\007\355\3131^"
 4925      E3F93936 
ARM GAS  C:\Users\angio\AppData\Local\Temp\cc9v9wKb.s 			page 168


 4925      388FEF5F 
 4925      E07B934E 
 4925      07EDCB31 
 4926 0136 B8DEC567 		.ascii	"\270\336\305g\203\334t|)\360\270}\207\357\377\212\362"
 4926      83DC747C 
 4926      29F0B87D 
 4926      87EFFF8A 
 4926      F2
 4927 0147 0E5EBF8B 		.ascii	"\016^\277\2132\027\257W#\376o\370>\017e>\312\034\224"
 4927      3217AF57 
 4927      23FE6FF8 
 4927      3E0F653E 
 4927      CA1C94
 4928 015a 5881F358 		.ascii	"X\201\363X\216\237E\342\365t\224oQR\360\376\177\341"
 4928      8E9F45E2 
 4928      F574946F 
 4928      5152F0FE 
 4928      7FE1
 4929 016c FBBF0BBC 		.ascii	"\373\277\013\274\337\237x\361\341\001\360\374s\267\377"
 4929      DF9F78F1 
 4929      E101F0FC 
 4929      73B7FF
 4930 017b AECEFE16 		.ascii	"\256\316\376\026\224\022\224_\341\263\177A)\0258\227"
 4930      9412945F 
 4930      E1B37F41 
 4930      29153897 
 4931 018b 21C495CF 		.ascii	"!\304\225\317f\224\241\370\254X\3464\014\257\177\206"
 4931      6694A1F8 
 4931      AC58E634 
 4931      0CAF7F86 
 4932 019b B25FE639 		.ascii	"\262_\3469\030\257\003t<\227\340\373:|\337\211\222\213"
 4932      18AF0374 
 4932      3C97E0FB 
 4932      3A7CDF89 
 4932      928B
 4933 01ad B216659F 		.ascii	"\262\026e\237\314\333!h\334W\322| \334\207\247r<\177"
 4933      CCDB2168 
 4933      DC57D27C 
 4933      20DC87A7 
 4933      723C7F
 4934 01c0 4D3CF3F8 		.ascii	"M<\363\370*\336\217\036 \226\324\037o~P\037\277\021"
 4934      2ADE8F1E 
 4934      2096D41F 
 4934      6F7E501F 
 4934      BF11
 4935 01d2 78BF515F 		.ascii	"x\277Q_\027\002\317\263\341\250\377m\302\363\215\372"
 4935      1702CFB3 
 4935      E1A8FF6D 
 4935      C2F38DFA 
 4936 01e2 F83ADFA8 		.ascii	"\370:\337\250\377#\360\372\267(\217u\3713^\340y@s\231"
 4936      FF23F0FA 
 4936      B7288F75 
 4936      F9335EE0 
 4936      79407399 
 4937 01f6 E6028D51 		.ascii	"\346\002\215Q2\035\263\206\201}\247\276\322\370D\340"
 4937      321DB386 
 4937      817DA7BE 
ARM GAS  C:\Users\angio\AppData\Local\Temp\cc9v9wKb.s 			page 169


 4937      D2F844E0 
 4938 0206 F52A7C9F 		.ascii	"\365*|\237\212\357V\224\025x-\031x=\240y\357\224s\252"
 4938      8AEF5694 
 4938      15782D19 
 4938      783DA079 
 4938      EF9473AA 
 4939 021a CA4B9F5E 		.ascii	"\312K\237^G\354\310\377@\034\376_\371o\371;\374\246"
 4939      47ECC8FF 
 4939      401CFE5F 
 4939      F96FF93B 
 4939      FCA6
 4940 022c BE76FC04 		.ascii	"\276v\374\004_{\345x*~\236\327\371J\375\034\211\234"
 4940      5F7BE578 
 4940      2A7E9ED7 
 4940      F94AFD1C 
 4940      899C
 4941 023e 46A17C01 		.ascii	"F\241|\001\334\217w\360\372\037\201\307\206\346\021"
 4941      DC8F77F0 
 4941      FA1F81C7 
 4941      86E611
 4942 024d B5BB44B6 		.ascii	"\265\273D\266Gk+\255\225J\315\375\243\227\361\372\022"
 4942      476B2BAD 
 4942      954ACDFD 
 4942      A397F1FA 
 4942      12
 4943 025e 9FF9C8B1 		.ascii	"\237\371\310\261\245\361\372R\036\223\324\357\271\362"
 4943      A5F1FA52 
 4943      1E93D4EF 
 4943      B9F2
 4944 026c 5851E24C 		.ascii	"XQ\342Lu\322\\Vl\244\242\244\003\267Kk\370\237\006\250"
 4944      75D25C56 
 4944      6CA4A2A4 
 4944      03B74B6B 
 4944      F89F06A8 
 4945 0280 C71202DE 		.ascii	"\307\022\002\336\036\300'\252\227\346(\035{[\344q\370"
 4945      1EC027AA 
 4945      97E6281D 
 4945      7B5BE471 
 4945      F8
 4946 0291 2EE1FDF9 		.ascii	".\341\375\371\235\\+\376U\346Dsm4~\326g\340c\217\366"
 4946      9D5C2BFE 
 4946      55E64473 
 4946      6D347ED6 
 4946      67E0638F 
 4947 02a6 DBEFF0FD 		.ascii	"\333\357\360\375k\340\343Q\337\247\324\027\352\303\337"
 4947      6BE0E351 
 4947      DFA7D417 
 4947      EAC3DF
 4948 02b5 E4BA4273 		.ascii	"\344\272Bs\225\372HkS\032\360\374\363Cl\207\300\307"
 4948      95FA486B 
 4948      531AF0FC 
 4948      F3436C87 
 4948      C0C7
 4949 02c7 A2E213F5 		.ascii	"\242\342\023\365o\266\300\373t\207\300\373\220\326\036"
 4949      6FB6C0FB 
 4949      7487C0FB 
 4949      90D61E
ARM GAS  C:\Users\angio\AppData\Local\Temp\cc9v9wKb.s 			page 170


 4950 02d6 C5579ABF 		.ascii	"\305W\232\2774\016t\276\242\361\245s\020\035\303O\344"
 4950      340E74BE 
 4950      A2F1A573 
 4950      101DC34F 
 4950      E4
 4951 02e7 F8077B19 		.ascii	"\370\007{\031\307>\002\367\335[M\242\276+qV\352\017"
 4951      C73E02F7 
 4951      DD5B4DA2 
 4951      BE2B7156 
 4951      EA0F
 4952 02f9 F553E1AF 		.ascii	"\365S\341\257\324C\245\237\251\337f\003\347\257\257"
 4952      D443A59F 
 4952      A9DF6603 
 4952      E7AFAF
 4953 0308 874BE47E 		.ascii	"\207K\344~Q|\242\265_\224\271\375Q\356\243\217\274p"
 4953      517CA2B5 
 4953      5F94B9FD 
 4953      51EEA38F 
 4953      BC70
 4954 031a FBA5C063 		.ascii	"\373\245\300c\342\3367>\210\373\230hc\213r\245\334h"
 4954      E2DE373E 
 4954      88FB9868 
 4954      638B72A5 
 4954      DC68
 4955 032c 9FB98F1D 		.ascii	"\237\271\217\035\352\027\035\013\0312\007\032\273\355"
 4955      EA171D0B 
 4955      1932071A 
 4955      BBED
 4956 033a 284572DC 		.ascii	"(Er\334\350\330H\223\343\233.\347\210\277\374\376_\211"
 4956      E8D84893 
 4956      E39B2EE7 
 4956      88BFFCFE 
 4956      5F89
 4957 034c 2B9FDF21 		.ascii	"+\237\337!\366\215\001\370D\343\3654\203''w>\267\344"
 4957      F68D01F8 
 4957      44E3F534 
 4957      83272777 
 4957      3EB7E4
 4958 035f 589B0D03 		.ascii	"X\233\015\003\363\321s\031*\277\217w\343\362\207\037"
 4958      F3D17319 
 4958      2ABF8F77 
 4958      E3F2871F 
 4959 036f E1F2F7C4 		.ascii	"\341\362\367\304\307\347G\342\243\347\363\246\374\376"
 4959      C7E747E2 
 4959      A3E7F3A6 
 4959      FCFE
 4960 037d 851B9F71 		.ascii	"\205\033\237q\257\341\343\036\227\217\311\353c\343\363"
 4960      AFE1E31E 
 4960      978FC9EB 
 4960      63E3F3
 4961 038c 9AD8B8F7 		.ascii	"\232\330\270\367\325p\371}\202\033\237\211\210\375\271"
 4961      D570F97D 
 4961      821B9F89 
 4961      88FDB9
 4962 039b 173E23C0 		.ascii	"\027>#\300\225\213\373<\373c\365w\216\354\223\222W?"
 4962      958BFB3C 
 4962      FB63F577 
ARM GAS  C:\Users\angio\AppData\Local\Temp\cc9v9wKb.s 			page 171


 4962      8EEC9392 
 4962      573F
 4963 03ad 36AF523F 		.ascii	"6\257R?(\177\312\361\035/5.\\\340\374\024\236\377\031"
 4963      287FCAF1 
 4963      1D2F352E 
 4963      5CE0FC14 
 4963      9EFF19
 4964 03c0 38CF3FA3 		.ascii	"8\317?\243\275\211D\2533\312\232\344W\006m\035\240_"
 4964      BD8944AB 
 4964      33CA9AE4 
 4964      57066D1D 
 4964      A05F
 4965 03d2 93D0BAF4 		.ascii	"\223\320\272\364'\224\257\010\347F\353\200R\037\224"
 4965      2794AF08 
 4965      E746EB80 
 4965      521F94
 4966 03e1 BAE19079 		.ascii	"\272\341\220y\004y\341\221M\204\333\027\232\252-\267"
 4966      0479E191 
 4966      4D84DB17 
 4966      9AAA2DB7 
 4967 03f1 F9676214 		.ascii	"\371gb\024\0004\214\305\027\213\341_\210a\250Cp\010"
 4967      00348CC5 
 4967      178BE15F 
 4967      8861A843 
 4967      7008
 4968 0403 C6282258 		.ascii	"\306(\"X\210\205DYj\340\255\321]\344\023\2630:\320b"
 4968      88854459 
 4968      6AE0ADD1 
 4968      5DE413B3 
 4968      303AD062 
 4969 0417 DE7A0406 		.ascii	"\336z\004\006Y$\263 \264\232\242,\243\237\303v!\317"
 4969      5924B320 
 4969      B49AA22C 
 4969      A39FC376 
 4969      21CF
 4970 0429 38FC1387 		.ascii	"8\374\023\207\030\225:\254\325\344\020\322\277\036:"
 4970      18953AAC 
 4970      D5E410D2 
 4970      BF1E3A
 4971 0438 E6137C6D 		.ascii	"\346\023|m5\325@\024\266\232$\232\007\341U\253\311\322"
 4971      35D54014 
 4971      B69A249A 
 4971      07E155AB 
 4971      C9D2
 4972 044a 45F29618 		.ascii	"E\362\226\030\243N\013\213\336\205\032\260D\205\014"
 4972      A34E0B8B 
 4972      DE851AB0 
 4972      44850C
 4973 0459 75381C9F 		.ascii	"u8\034\237\230\315o\005V\221*\3629\016\021s\361\316"
 4973      98CD6F05 
 4973      56912AF2 
 4973      390E1173 
 4973      F1CE
 4974 046b 61965653 		.ascii	"a\226VS \252\030\0355|P\324\360\300\032\220\242\242"
 4974      20AA181D 
 4974      357C50D4 
 4974      F0C01A90 
ARM GAS  C:\Users\angio\AppData\Local\Temp\cc9v9wKb.s 			page 172


 4974      A2A2
 4975 047d 2C43471B 		.ascii	",CG\033\220DTH\310'\202\0055\213\346\032\010!\340\027"
 4975      90445448 
 4975      C8278205 
 4975      358BE61A 
 4975      0821E017 
 4976 0491 E26879F0 		.ascii	"\342hy\360s\213d\361yk8\256L\242pzE\275\344\225\362"
 4976      738B64F1 
 4976      796B38AE 
 4976      4CA2707A 
 4976      45BDE495 
 4977 04a6 0726B419 		.ascii	"\007&\264\031\245\335\002\214\266\010!\002\371s+\256"
 4977      A5DD028C 
 4977      B6082102 
 4977      F9732BAE 
 4978 04b6 E7046138 		.ascii	"\347\004a8\306G4\373\371\201\003\337|\302\377\0345)"
 4978      C64734FB 
 4978      F98103DF 
 4978      7CC2FF1C 
 4978      3529
 4979 04c8 C4626835 		.ascii	"\304bh5\011\370\321P\021\034\002h--F\014\243\300\343"
 4979      09F8D150 
 4979      111C0268 
 4979      2D2D460C 
 4979      A3C0E3
 4980 04db C6D2CF25 		.ascii	"\306\322\317%\236\364F\303\032\264\317\005P>\3468\217"
 4980      9EF446C3 
 4980      1AB4CF05 
 4980      503EE638 
 4980      8F
 4981 04ec 5EE0A90C 		.ascii	"^\340\251\014\\\004\275>}3\235rpk\016\364\217\276\352"
 4981      5C04BD3E 
 4981      7D339D72 
 4981      706B0EF4 
 4981      8FBEEA
 4982 04ff 1B681C55 		.ascii	"\033h\034U\373\202J\0134\210\033q\246\005\024B\236\177"
 4982      FB824A0B 
 4982      34881B71 
 4982      A6051442 
 4982      9E7F
 4983 0511 44499BCA 		.ascii	"DI\233\312\345W\027Jw0l\216\314\2410,\375\023\003\220"
 4983      E557174A 
 4983      77306C8E 
 4983      CCA1302C 
 4983      FD130390 
 4984 0525 5F1AC8EF 		.ascii	"_\032\310\357\015A\016\3667\347{\003\354\347\032f\370"
 4984      0D410EF6 
 4984      37E77B03 
 4984      ECE71A66 
 4984      F8
 4985 0536 6610180C 		.ascii	"f\020\030\014\002\276\016\205A\330taYZ\255\345\347\010"
 4985      02BE0E85 
 4985      41D87461 
 4985      595AADE5 
 4985      E708
 4986 0548 7AE8700C 		.ascii	"z\350p\014\205\351p\020\340\0005X\206v\343q\254\246"
 4986      85E97010 
ARM GAS  C:\Users\angio\AppData\Local\Temp\cc9v9wKb.s 			page 173


 4986      E0003558 
 4986      8676E371 
 4986      ACA6
 4987 055a A73B7ACE 		.ascii	"\247;z\316\235\254\2769\242z\376B\307Y\304\341\250\307"
 4987      9DACBE39 
 4987      A27AFE42 
 4987      C759C4E1 
 4987      A8C7
 4988 056c 0F611F40 		.ascii	"\017a\037@)wf\037>\330\013\260\007fd\217\"\235\300\232"
 4988      2977661F 
 4988      3ED80BB0 
 4988      0766648F 
 4988      229DC09A 
 4989 0580 141F58BA 		.ascii	"\024\037X\272\3201h\216\303\341\024)\370\220\012>\244"
 4989      D031688E 
 4989      C3E11429 
 4989      F8900A3E 
 4989      A4
 4990 0591 82334611 		.ascii	"\2023F\021\034L\024\\\332\230Q8&\307\341T\341\025*\274"
 4990      1C4C145C 
 4990      DA985138 
 4990      26C7E154 
 4990      E1152ABC 
 4991 05a5 4285B78F 		.ascii	"B\205\267\217$G8\274\370\360\356\204\255H\344K\012\255"
 4991      244738BC 
 4991      F8F0EE84 
 4991      AD48E44B 
 4991      0AAD
 4992 05b7 54A1952A 		.ascii	"T\241\225*\364\366H\322 \030\230\237\"\363s8\271%`\230"
 4992      F4F648D2 
 4992      2018989F 
 4992      22F37338 
 4992      B9256098 
 4993 05cb 8C2F2FD4 		.ascii	"\214//\324\2375Y~\011\200\377\234\016G\253\243*\211"
 4993      9F35597E 
 4993      0980FF9C 
 4993      0E47ABA3 
 4993      2A89
 4994 05dd 18600C7C 		.ascii	"\030`\014|`\200\343\000\325\250\240\006\340\004\010"
 4994      6080E300 
 4994      D5A8A006 
 4994      E00408
 4995 05ec 78895C5E 		.ascii	"x\211\\^\374\006\3371By\375g\013|-\024\357\364\216G"
 4995      FC06DF31 
 4995      4279FD67 
 4995      0B7C2D14 
 4995      EFF48E47 
 4996 0600 CCF5B5B9 		.ascii	"\314\365\265\271\313\374\374\020\323\351\310\253\022"
 4996      CBFCFC10 
 4996      D3E9C8AB 
 4996      12
 4997 060d E124C031 		.ascii	"\341$\3001\200\2434\216\265\300z\350\370\245\343E>t"
 4997      80A3348E 
 4997      B5C07AE8 
 4997      F8A5E345 
 4997      3E74
 4998 061f 33880F20 		.ascii	"3\210\017 \036\037\354\357()\363\363\022\367\323\250"
ARM GAS  C:\Users\angio\AppData\Local\Temp\cc9v9wKb.s 			page 174


 4998      1E1FECEF 
 4998      2829F3F3 
 4998      12F7D3A8 
 4999 062f F5141864 		.ascii	"\365\024\030dOKdOO\003\034Q==\242z\372l$\271\307<5\262"
 4999      4F4B644F 
 4999      4F031C51 
 4999      3D3DA27A 
 4999      FA6C24B9 
 5000 0647 A1616257 		.ascii	"\241abW\264\307g\221>\352\261\320q\261\276\312hqP^\316"
 5000      B4C76791 
 5000      3EEAB1D0 
 5000      71B1BECA 
 5000      6871505E 
 5001 065c 793E0699 		.ascii	"y>\006\231\025\374\000\210+\0058\007p\226\322\177p\370"
 5001      15FC0088 
 5001      2B053807 
 5001      7096D27F 
 5001      70F8
 5002 066e D54C46EE 		.ascii	"\325LF\356<\222#\350$>\233\2670\353\2040\204'\220\223"
 5002      3C9223E8 
 5002      243E9BB7 
 5002      30EB8430 
 5002      84279093 
 5003 0682 1BAE07B8 		.ascii	"\033\256\007\270(\263 )\034\3644\267[r\005]\322@\010"
 5003      28B32029 
 5003      1CF434B7 
 5003      5B72055D 
 5003      D24008
 5004 0695 B8989555 		.ascii	"\270\230\225U$h\201i\320\002s\031_\310\012\246\345b"
 5004      24688169 
 5004      D0027319 
 5004      5FC80AA6 
 5004      E562
 5005 06a7 577E93BF 		.ascii	"W~\223\277\027\020\\\001\006C\310\335\273k6\372j\220"
 5005      17105C01 
 5005      0643C8DD 
 5005      BB6B36FA 
 5005      6A90
 5006 06b9 AB9A9E46 		.ascii	"\253\232\236F\016X\371\350\332Q?\346C#\300\005\352T"
 5006      0E58F9E8 
 5006      DA513FE6 
 5006      4323C005 
 5006      EA54
 5007 06cb 45CE89F9 		.ascii	"E\316\211\371\001^\"\334\204\212\257)\021^R&G\270\011"
 5007      015E22DC 
 5007      848AAF29 
 5007      115E5226 
 5007      47B809
 5008 06de A04E8D70 		.ascii	"\240N\215p\235\032\341C#I>\241\021~\227E8\220]\031\260"
 5008      9D1AE143 
 5008      23493EA1 
 5008      117E9745 
 5008      38905D19 
 5009 06f3 38529B0F 		.ascii	"8R\233\017\217\335;\345oq\272G\367& \006\243{\003\240"
 5009      8FDD3BE5 
 5009      6F71BA47 
 5009      F7262006 
ARM GAS  C:\Users\angio\AppData\Local\Temp\cc9v9wKb.s 			page 175


 5009      A37B03A0 
 5010 0707 8512495F 		.ascii	"\205\022I_ta,cv\213F\267\2265-\316\275\177Ut\015\334"
 5010      74612C63 
 5010      768B46B7 
 5010      96352DCE 
 5010      BD7F5574 
 5011 071d 1D80BB4A 		.ascii	"\035\200\273Jt\2570P[V\312\012\267\350\266j \004\234"
 5011      74AF3050 
 5011      5B56CA0A 
 5011      B7E8B66A 
 5011      20049C
 5012 0730 2DEF6FD2 		.ascii	"-\357o\322E\345\236\026\225\373<*5-\007j\314\314\366"
 5012      45E59E16 
 5012      95FB3C2A 
 5012      352D076A 
 5012      CCCCF6
 5013 0743 7D80DB94 		.ascii	"}\200\333\224\314\202\3157V{\213\312C$\376@\216JOf\356"
 5013      CC82CD37 
 5013      567B8BCA 
 5013      4324FE40 
 5013      8E4A4F66 
 5014 0758 957C131F 		.ascii	"\225|\023\037\221\016\021?\202f54\315jh\216\375\226"
 5014      910E113F 
 5014      82663534 
 5014      CD6A688E 
 5014      FD96
 5015 076a 6C167914 		.ascii	"l\026y\024\013\223\371h\347\340v\025\334\256\202\327"
 5015      0B93F968 
 5015      E7E07615 
 5015      DCAE82D7 
 5016 077a FE963845 		.ascii	"\376\2268E\312\250\376\334\336b\037\205\021\035\010"
 5016      CAA8FEDC 
 5016      DE621F85 
 5016      111D08
 5017 0789 B51907B7 		.ascii	"\265\031\007\267\020/\204\036c\333GJ7-\232\257\032x"
 5017      102F841E 
 5017      63DB474A 
 5017      372D9AAF 
 5017      1A78
 5018 079b 0CD0A91A 		.ascii	"\014\320\251\032\350T\015\244\216$u2\2332\027p\227\012"
 5018      E8540DA4 
 5018      8E247532 
 5018      9B321770 
 5018      970A
 5019 07ad EE52C1F7 		.ascii	"\356R\301\367\177K\25636.]\203\367'\253\234\316\000"
 5019      7F4BAE33 
 5019      362E5D83 
 5019      F727AB9C 
 5019      CE00
 5020 07bf E5C1331A 		.ascii	"\345\3013\032\257=\207\327\317\021\225'=\364I\376\274"
 5020      AF3D87D7 
 5020      CF119527 
 5020      3DF449FE 
 5020      BC
 5021 07d0 576BFC15 		.ascii	"Wk\374\025\017z\351\223\023\375\351\027\265\261\214"
 5021      0F7AE993 
 5021      13FDE917 
ARM GAS  C:\Users\angio\AppData\Local\Temp\cc9v9wKb.s 			page 176


 5021      B5B18C
 5022 07df 6348F1A1 		.ascii	"cH\361\241\017->\227}\350l:\2610\200\026P\007\340s\350"
 5022      0F2D3E97 
 5022      7DE86C3A 
 5022      B1308016 
 5022      5007E073 
 5023 07f4 566975AB 		.ascii	"Viu\253\264.\215 \035\214\326\306\354\234\363\201#2"
 5023      B42E8D20 
 5023      1D8CD6C6 
 5023      EC9CF381 
 5023      2332
 5024 0806 B1D1D6DA 		.ascii	"\261\321\326\332\177\243\371\371\011\255u/\325&/\325"
 5024      7FA3F9F9 
 5024      09AD752F 
 5024      D5262FD5 
 5025 0816 26674690 		.ascii	"&gF\220\027\336\343\272\256\267{\216\2177RI\202\001"
 5025      17DEE3BA 
 5025      AEB77B8E 
 5025      8F375249 
 5025      8201
 5026 0828 E8320431 		.ascii	"\3502\0041\3557[\266\001\263\263\264C\266\223\204\263"
 5026      ED375BB6 
 5026      01B3B3B4 
 5026      43B69384 
 5026      B3
 5027 0839 AC6AE795 		.ascii	"\254j\347\225j\247\347m\262X\242M\026<\275qDbM\036\354"
 5027      6AA7E76D 
 5027      B258A24D 
 5027      163CBD71 
 5027      44624D1E 
 5028 084e CE54FCC1 		.ascii	"\316T\374\3010\317\025\224FX\325\345F\027\336&\253%"
 5028      30CF1594 
 5028      4658D5E5 
 5028      4617DE26 
 5028      AB25
 5029 0860 3A78FE59 		.ascii	":x\376Y\035<\377\214\203g\013S\224\361\344Y\215\321"
 5029      1D3CFF8C 
 5029      83670B53 
 5029      94F1E459 
 5029      8DD1
 5030 0872 73F02C12 		.ascii	"s\360,\022\020\203\203g\241\000\013\004\204eW\034\310"
 5030      10838367 
 5030      A1000B04 
 5030      8465571C 
 5030      C8
 5031 0883 E7F14F16 		.ascii	"\347\361O\026\230_\235\005w\272\005\305\321\305\024"
 5031      985F9D05 
 5031      77BA05C5 
 5031      D1C514
 5032 0892 B2A2B838 		.ascii	"\262\242\2708\326\233\243\251H$\205;\372\364\325\315"
 5032      D69BA3A9 
 5032      4824853B 
 5032      FAF4D5CD 
 5033 08a2 54C25897 		.ascii	"T\302X\227\355\317QX\247\0120_e=_e\235\3726\331\301"
 5033      EDCF5158 
 5033      A70A305F 
 5033      653D5F65 
ARM GAS  C:\Users\angio\AppData\Local\Temp\cc9v9wKb.s 			page 177


 5033      9DFA36D9 
 5034 08b7 18DEEB99 		.ascii	"\030\336\353\231\367 \220Y\232\306,?o\273|\207[\216"
 5034      F7209059 
 5034      9AC62C3F 
 5034      6FBB7C87 
 5034      5B8E
 5035 08c9 86A5D4F0 		.ascii	"\206\245\324\360\263{'\316\372+\334\322\031\333\245"
 5035      B37B27CE 
 5035      FA2BDCD2 
 5035      19DBA5
 5036 08d8 37161B15 		.ascii	"7\026\033\025r\313\350\223\275ig\357z\355\206\345h0"
 5036      72CBE893 
 5036      BD6967EF 
 5036      7AED86E5 
 5036      6830
 5037 08ea 83B3DBB6 		.ascii	"\203\263\333\266rw~\000eW\374r\177\002\357\206\345\002"
 5037      72777E00 
 5037      6557FC72 
 5037      7F02EF86 
 5037      E502
 5038 08fc A4A9DCD2 		.ascii	"\244\251\334\322Tn\333\206\223\303\214\333\225\316\242"
 5038      546EDB86 
 5038      93C38CDB 
 5038      95CEA2
 5039 090b 7490B950 		.ascii	"t\220\271Pnw\227\3579N\024*\253\250\341\312\344\256"
 5039      6E7797EF 
 5039      394E142A 
 5039      ABA8E1CA 
 5039      E4AE
 5040 091d 4B2A95D5 		.ascii	"K*\225\325\364\311\323yk\327\233\274Q\311B\375\231\234"
 5040      F4C9D379 
 5040      6BD79BBC 
 5040      51C942FD 
 5040      999C
 5041 092f 4AF1BA86 		.ascii	"J\361\272\206<\226\021\305\207\017\310T\262\004X\251"
 5041      3C9611C5 
 5041      870FC854 
 5041      B20458A9 
 5042 093f 5259A952 		.ascii	"RY\251R9\363\033R\3535L\327[\267_\016T\250\344P\303"
 5042      39F31B52 
 5042      EB354CD7 
 5042      5BB75F0E 
 5042      54A8E450 
 5043 0954 39F39317 		.ascii	"9\363\223\027\007(T\326\322'K:\372\263\003\274Q\301"
 5043      072854D6 
 5043      D2274B3A 
 5043      FAB303BC 
 5043      51C1
 5044 0966 F53BACE3 		.ascii	"\365;\254\343Tj\036\335\212aL\372\025&\271\002d\253"
 5044      546A1EDD 
 5044      8A614CFA 
 5044      1526B902 
 5044      64AB
 5045 0978 4CB25526 		.ascii	"L\262U&\275o\221\253\214IZ\307\343\375D+\207h^)\207"
 5045      BD6F91AB 
 5045      8C495AC7 
 5045      E3FD442B 
ARM GAS  C:\Users\angio\AppData\Local\Temp\cc9v9wKb.s 			page 178


 5045      87685E29 
 5046 098d 1BB8CACA 		.ascii	"\033\270\312\312\335y\275\274\034n\340\311\224\323\323"
 5046      DD79BDBC 
 5046      1C6EE0C9 
 5046      94D3D3
 5047 099c 7B5F0DD2 		.ascii	"{_\015\322F\026\244\371\031\373\300\0333\334\221\300"
 5047      4616A4F9 
 5047      19FBC01B 
 5047      33DC91C0 
 5048 09ac 26AEE6F2 		.ascii	"&\256\346\362\334\364\\\023\243v\260L\246\266Y\200\365"
 5048      DCF45C13 
 5048      A376B04C 
 5048      A6B65980 
 5048      F5
 5049 09bd 2AB5F52A 		.ascii	"*\265\365*\265\352\267\310#6\002\336\301\021@\330\273"
 5049      B5EAB7C8 
 5049      233602DE 
 5049      C11140D8 
 5049      BB
 5050 09ce 81241BA9 		.ascii	"\201$\033\251\222g\013\266\256c\313\212\207Xg%\203l"
 5050      92670BB6 
 5050      AE63CB8A 
 5050      87586725 
 5050      836C
 5051 09e0 07B60988 		.ascii	"\007\266\011\210\301\374/\020`+\345\263)\245\353\276"
 5051      C1FC2F10 
 5051      602BE5B3 
 5051      29A5EBBE 
 5052 09f0 89312CE4 		.ascii	"\2111,\344\224O8:\312L\012\345\355\024\362\360\351\376"
 5052      944F383A 
 5052      CA4C0AE5 
 5052      ED14F2F0 
 5052      E9FE
 5053 0a02 39812A65 		.ascii	"9\201*e\204)\224qC\004;8e\307\356\272J?6\000\372\312"
 5053      84299471 
 5053      43043B38 
 5053      65C7EEBA 
 5053      4A3F3600 
 5054 0a18 5A9BC1B1 		.ascii	"Z\233\301\261\030\341\203\020\000\371*\353|\225u\333"
 5054      18E18310 
 5054      00F92AEB 
 5054      7C9575DB 
 5055 0a28 AF4906E3 		.ascii	"\257I\006\343X\275\274\3238\"\323\341\350\351y\234\376"
 5055      58BDBCD3 
 5055      3822D3E1 
 5055      E8E9799C 
 5055      FE
 5056 0a39 6C78E5DC 		.ascii	"lx\345\334\274\321t%R\2546)f+dR\315\300\345U\267\217"
 5056      BCD17425 
 5056      52AC3629 
 5056      662B6452 
 5056      CDC0E555 
 5057 0a4f 03459736 		.ascii	"\003E\2276t;s!\307Q%\320Yu\227\212\336\305\321I&\212"
 5057      743B7321 
 5057      C75125D0 
 5057      5975978A 
 5057      DEC5D149 
ARM GAS  C:\Users\angio\AppData\Local\Temp\cc9v9wKb.s 			page 179


 5058 0a65 BE3ABF24 		.ascii	"\276:\277$\015\\\3466\264.CI:\203\234\332\\cd\010\247"
 5058      0D5CE636 
 5058      B42E4349 
 5058      3A839CDA 
 5058      5C636408 
 5059 0a7a 32FBED13 		.ascii	"2\373\355\023T\014\215DE\361\025\320\272{\277\326\335"
 5059      540C8D44 
 5059      45F115D0 
 5059      BA7BBFD6 
 5059      DD
 5060 0a8b A5DCE93B 		.ascii	"\245\334\351;9\273+\371\370,\345\261\3333\347a\246\257"
 5060      39BB2BF9 
 5060      F82CE5B1 
 5060      DB33E761 
 5060      A6AF
 5061 0a9d 97B9E620 		.ascii	"\227\271\346 \272~\200\267\251{r\371\252/\363bU_q\226"
 5061      BA7E80B7 
 5061      A97B72F9 
 5061      AA2FF362 
 5061      555F7196 
 5062 0ab1 91797150 		.ascii	"\221yqP\200=\252\027{\270\027\327M\336r\337}>\311\271"
 5062      803DAA17 
 5062      7BB817D7 
 5062      4DDE72DF 
 5062      7D3EC9B9 
 5063 0ac5 9C7DC84F 		.ascii	"\234}\310O\376\3740\355+Gc\317\036\311\013\003'2\250"
 5063      FEFC30ED 
 5063      2B4763CF 
 5063      1EC90B03 
 5063      2732A8
 5064 0ad8 90AB41FF 		.ascii	"\220\253A\377\361VIs\313\251\271U\311H\220\016fz\347"
 5064      F1564973 
 5064      CBA9B955 
 5064      C948900E 
 5064      667AE7
 5065 0aeb 8D9D2B4D 		.ascii	"\215\235+M^`\200\2049\020A-Ye\317|\231\375#\002\034"
 5065      5E608084 
 5065      3910412D 
 5065      5965CF7C 
 5065      99FD2302 
 5066 0b00 A204AEF6 		.ascii	"\242\004\256\366\266\227\372+\024\217\322'\353\266\027"
 5066      B697FA2B 
 5066      148FD227 
 5066      EBB617
 5067 0b0f F44BCA93 		.ascii	"\364K\312\223c\364IJ\301\222CF\225d\251\226P\325\310"
 5067      63F4494A 
 5067      C1924346 
 5067      9564A996 
 5067      50D5C8
 5068 0b22 F23867D9 		.ascii	"\3628g\331\2244\267\215\3208u\226\225t\265\300\"\013"
 5068      9434B78D 
 5068      D0387596 
 5068      9574B5C0 
 5068      220B
 5069 0b34 7E08E56A 		.ascii	"~\010\345j\224\312y\224\372\031\325\345\335\207KYf\364"
 5069      94CA7994 
 5069      FA19D5E5 
ARM GAS  C:\Users\angio\AppData\Local\Temp\cc9v9wKb.s 			page 180


 5069      DD874B59 
 5069      66F4
 5070 0b46 946E58DF 		.ascii	"\224nX\337\3736\313#\2342N\250\350\023\034]f\3666'\317"
 5070      FB36CB23 
 5070      9C324EA8 
 5070      E8131C5D 
 5070      66F63627 
 5071 0b5b 3F7DA1DF 		.ascii	"?}\241\337\244\364\342)\306\270\374\325+\263\227 \236"
 5071      A4F4E229 
 5071      C6B8FCD5 
 5071      2BB39720 
 5071      9E
 5072 0b6c 417AA739 		.ascii	"Az\2479\275k\227s\367\210r7v\312\335xF\200Z\325d-7Y"
 5072      BD6B9773 
 5072      F7887237 
 5072      76CADD78 
 5072      46805AD5 
 5073 0b84 67E61B85 		.ascii	"g\346\033\205\217\331F\301I\330\315\007\244^~<\2324"
 5073      8FD946C1 
 5073      49D8CD07 
 5073      A45E7E3C 
 5073      9A34
 5074 0b96 9A0DE48E 		.ascii	"\232\015\344\216|7\234t\342]\267|\367\013\362\302<P"
 5074      7C379C74 
 5074      E25DB77C 
 5074      F70BF2C2 
 5074      3C50
 5075 0ba8 265F5332 		.ascii	"&_S2\331\341C!\027\2323WZ\\\027rM\202\012B@\317\326"
 5075      D9E14321 
 5075      179A3357 
 5075      5A5C1772 
 5075      4D820A42 
 5076 0bbf 0B8F8D5A 		.ascii	"\013\217\215Zg^\327\372\274\031y2sf\366:\210\361t\000"
 5076      675ED7FA 
 5076      BC197932 
 5076      7366F63A 
 5076      88F17400 
 5077 0bd3 49F53190 		.ascii	"I\3651\220\014\037\003\247m \231x\273\016e#\263w\243"
 5077      0C1F03A7 
 5077      6D209978 
 5077      BB0E6523 
 5077      B377A3
 5078 0be6 6B47BEDB 		.ascii	"kG\276\333\332\375\236\000\367\025R\333\031h\371\311"
 5078      DAFD9E00 
 5078      F71552DB 
 5078      1968F9C9 
 5079 0bf6 E4076EA4 		.ascii	"\344\007n\244\036h \252\245mn\215Y#\365P#\325FO\020"
 5079      1E6820AA 
 5079      A56D6E8D 
 5079      5923F550 
 5079      23D5464F 
 5080 0c0b F7532DC6 		.ascii	"\367S-\306K\355\217r}\207\214\034\211J\346\321\375\033"
 5080      4BED8F72 
 5080      7D878C1C 
 5080      894AE6D1 
 5080      FD1B
 5081 0c1d AE630568 		.ascii	"\256c\005h\021\230\301\016\252\013\036\011\320I\203"
ARM GAS  C:\Users\angio\AppData\Local\Temp\cc9v9wKb.s 			page 181


 5081      1198C10E 
 5081      AA0B1E09 
 5081      D04983
 5082 0c2c EDA475A4 		.ascii	"\355\244u\244\360Q\311\350#s\0355N@%\320\3160\212\326"
 5082      F051C9E8 
 5082      23731D35 
 5082      4E4025D0 
 5082      CE308AD6 
 5083 0c40 20035D05 		.ascii	" \003]\005P\\q\332\\\\\302\315\363\243\230V\017L0;)"
 5083      505C71DA 
 5083      5C5CC2CD 
 5083      F3A39856 
 5083      0F4C303B 
 5084 0c55 7972E39C 		.ascii	"yr\343\234\337\020\017\253\017\334\255\222\273\314\331"
 5084      DF100FAB 
 5084      0FDCAD92 
 5084      BBCCD9
 5085 0c64 5B4FB677 		.ascii	"[O\266w\005\272:\373D\200.%\"\235\014T\271\347\366\316"
 5085      05BA3AFB 
 5085      44802E25 
 5085      229D0C54 
 5085      B9E7F6CE 
 5086 0c78 0057D053 		.ascii	"\000W\320S\015DS\261\256\2510P\213H\267\306\353\031"
 5086      0D4453B1 
 5086      AEA93050 
 5086      8B48B7C6 
 5086      EB19
 5087 0c8a 4B3B73EE 		.ascii	"K;s\356\362\222\023f\214\206.\0347\005\270!0k=\214X"
 5087      F2921366 
 5087      8C862E1C 
 5087      3705B821 
 5087      306B3D8C 
 5088 0c9f 9F00BD02 		.ascii	"\237\000\275\002<\227#R\332YT\271\324\304\342q\031W"
 5088      3C972352 
 5088      DA5954B9 
 5088      D4C4E271 
 5088      1957
 5089 0cb1 E80CA4E8 		.ascii	"\350\014\244\350l\021\230\2634\036\375\245\016\207\217"
 5089      6C1198B3 
 5089      341EFDA5 
 5089      0E878F
 5090 0cc0 1F5AA1E1 		.ascii	"\037Z\241\341p\207`\314\350\016\357\371c\221\252y,\300"
 5090      708760CC 
 5090      E80EEFF9 
 5090      6391AA79 
 5090      2CC0
 5091 0cd2 5D86E111 		.ascii	"]\206\341\021\321\205\254:\267\246]\0372\231\331S/\314"
 5091      D185AC3A 
 5091      B7A65D1F 
 5091      3299D953 
 5091      2FCC
 5092 0ce4 C87A8B81 		.ascii	"\310z\213\201\024\241\354\263\260\215N\347\331yf\327"
 5092      14A1ECB3 
 5092      B08D4EE7 
 5092      D97966D7 
 5093 0cf4 C0BC12C0 		.ascii	"\300\274\022\300A\344\350\035c\240-{\216\225\200k\275"
 5093      41E4E81D 
ARM GAS  C:\Users\angio\AppData\Local\Temp\cc9v9wKb.s 			page 182


 5093      63A02D7B 
 5093      8E95806B 
 5093      BD
 5094 0d05 4E222A08 		.ascii	"N\"*\010\001\335\347\366\347\210Z\364\346\020\325\215"
 5094      01DDE7F6 
 5094      E7885AF4 
 5094      E610D58D 
 5095 0d15 B9840E45 		.ascii	"\271\204\016E\013\315\346_\341\242\223\275\321\026\373"
 5095      0BCDE65F 
 5095      E1A293BD 
 5095      D116FB
 5096 0d24 37F41DB7 		.ascii	"7\364\035\267\230\351\326{Q3\252d[o\003,\244*a\001\201"
 5096      98E9D67B 
 5096      5133AA64 
 5096      5B6F032C 
 5096      A42A6101 
 5097 0d39 F984D433 		.ascii	"\371\204\3243\323%\311\245\311>n8XD\\\220\315\024\371"
 5097      D325C9A5 
 5097      C93E6E38 
 5097      58445C90 
 5097      CD14F9
 5098 0d4c 8BBE8C0D 		.ascii	"\213\276\214\015)f\354\237\221\264\223\350\237\223U"
 5098      2966EC9F 
 5098      91B493E8 
 5098      9F9355
 5099 0d5b A5652FFD 		.ascii	"\245e/\375p\273\203\011\327,@\243\000K5jW\0055+\323"
 5099      70BB8309 
 5099      D72C40A3 
 5099      004B356A 
 5099      5705352B 
 5100 0d70 11221A69 		.ascii	"\021\"\032iY\272\344\002\251W\373IF`\235\272\354\202"
 5100      59BAE402 
 5100      A957FB49 
 5100      46609DBA 
 5100      EC82
 5101 0d82 68F0A664 		.ascii	"h\360\246d1\321C\316k=)w\317\017\002\234\023\330\266"
 5101      31D143CE 
 5101      6B3D2977 
 5101      CF0F029C 
 5101      13D8B6
 5102 0d95 70297363 		.ascii	"p)sc\005\201\345\004V\021XF \205\300J\002K\010\244\022"
 5102      0581E504 
 5102      56115846 
 5102      2085C04A 
 5102      024B08A4 
 5103 0daa 48273460 		.ascii	"H'4`i\204'\224\246\377\242'I9S\256\346\377%\035\273"
 5103      69842794 
 5103      A6FFA227 
 5103      493953AE 
 5103      E6FF251D 
 5104 0dbf E68500B7 		.ascii	"\346\205\000\267\030\206'\202\226M\264\213\356\335M"
 5104      18862782 
 5104      964DB48B 
 5104      EEDD4D
 5105 0dce A0D9847A 		.ascii	"\240\331\204z.\010\036<\231\263\2355\325K\003\250\236"
 5105      2E081E3C 
 5105      99B39D35 
ARM GAS  C:\Users\angio\AppData\Local\Temp\cc9v9wKb.s 			page 183


 5105      D54B03A8 
 5105      9E
 5106 0ddf B904FA5D 		.ascii	"\271\004\372]0\332@\356,\317_\352_\2149\220L`\036\363"
 5106      30DA40EE 
 5106      2CCF5FEA 
 5106      5F8C3990 
 5106      4C601EF3 
 5107 0df3 97776190 		.ascii	"\227wa\220\252D\266\203!\273\342\0312\0169\235\317\355"
 5107      AA44B683 
 5107      21BBE219 
 5107      320E399D 
 5107      CFED
 5108 0e05 E0A6FFA5 		.ascii	"\340\246\377\245\013F\036 t\303\324s \3358\304#v\255"
 5108      0B461E20 
 5108      74C3D473 
 5108      20DD38C4 
 5108      2376AD
 5109 0e18 7F47EC50 		.ascii	"\177G\354PKa\352\375g\306Q\231l\003\\t\323\230D\217"
 5109      4B61EAFD 
 5109      67C65199 
 5109      6C035C74 
 5109      D398448F 
 5110 0e2c A3561338 		.ascii	"\243V\0238\313F\007Wi\300;\303\214\333\277\246+\373"
 5110      CB460757 
 5110      69C03BC3 
 5110      8CDBBFA6 
 5110      2BFB
 5111 0e3e F617C592 		.ascii	"\366\027\305\222z\266\202\265Y\241\225E\320A\370\200"
 5111      7AB682B5 
 5111      59A19545 
 5111      D041F880 
 5112 0e4e 6ECA363E 		.ascii	"n\3126>/'\2039\255\377\001\325\332br\015a0^\331\215"
 5112      2F278339 
 5112      ADFF01D5 
 5112      DA62720D 
 5112      61305ED9 
 5113 0e63 74537960 		.ascii	"tSy`Q\255\2177e9LY6\237\230L\254\334\177\214\370\363"
 5113      51AD8F37 
 5113      65394C59 
 5113      369F984C 
 5113      ACDC7F8C 
 5114 0e79 37EF5405 		.ascii	"7\357T\005\3525\257#\260\226~g\234KX\033\003\271\207"
 5114      EA35AF23 
 5114      B0967E67 
 5114      9C4B581B 
 5114      03B987
 5115 0e8c A3F7191B 		.ascii	"\243\367\031\033\035)UGr\350\"\027\326\023\203\267\011"
 5115      1D295547 
 5115      72E82217 
 5115      D61383B7 
 5115      09
 5116 0e9d F6CA92AC 		.ascii	"\366\312\222\254d\223\227\351t\023\252\332H\344#\201"
 5116      649397E9 
 5116      7413AADA 
 5116      48E42381 
 5117 0ead 35074BFA 		.ascii	"5\007K\372\336\303\312\215\313\335\364\032\001?\203"
 5117      DEC3CA8D 
ARM GAS  C:\Users\angio\AppData\Local\Temp\cc9v9wKb.s 			page 184


 5117      CBDDF41A 
 5117      013F83
 5118 0ebc 3C3EB261 		.ascii	"<>\262a\003\201\315\364NY=\326\214\"'|=\354\262\203"
 5118      0381CDF4 
 5118      4E593DD6 
 5118      8C22277C 
 5118      3DECB283 
 5119 0ed0 BE8B874B 		.ascii	"\276\213\207K\226\313\347\012\225C\351\226v\213\254"
 5119      96CBE70A 
 5119      9543E996 
 5119      768BAC
 5120 0edf 239FC056 		.ascii	"#\237\300V\202w\212\216\212Q$\305\317\253\216\342+l"
 5120      82778A8E 
 5120      8A5124C5 
 5120      CFAB8EE2 
 5120      2B6C
 5121 0ef1 37403960 		.ascii	"7@9`\373\002\271\3756\002\205\004\357\224\366;F\221"
 5121      FB02B9FD 
 5121      36028504 
 5121      EF94F63B 
 5121      4691
 5122 0f03 7503B4AF 		.ascii	"u\003\264\257\320\267\337.\267\337A`'\301;\245\375\276"
 5122      D0B7DF2E 
 5122      B7DF4160 
 5122      27C13BA5 
 5122      FDBE
 5123 0f15 5164DB00 		.ascii	"Qd\333\000\355\333\364\355\213\344\366\305\004J\010"
 5123      EDDBF4ED 
 5123      8BE4F6C5 
 5123      044A08
 5124 0f24 DE29ED37 		.ascii	"\336)\3557\215\242\263\376\356\206n\335\261\326i\355"
 5124      8DA2B3FE 
 5124      EE866EDD 
 5124      B1D669ED 
 5125 0f34 746617EF 		.ascii	"tf\027\357\210\223\215\305}\272\011\266L\003\354Vr\243"
 5125      88938DC5 
 5125      7DBA09B6 
 5125      4C03EC56 
 5125      72A3
 5126 0f46 D5402AFC 		.ascii	"\325@*\374\014\244\206\221\251w\234\3161{n\231\367\021"
 5126      0CA48691 
 5126      A9779CCE 
 5126      317B6E99 
 5126      F711
 5127 0f58 DD79136B 		.ascii	"\335y\023k\325l gY\213\216\346\254\235\272s\311.m\346"
 5127      D56C2067 
 5127      598B8EE6 
 5127      AC9DBA73 
 5127      C92E6DE6 
 5128 0f6c 384873A4 		.ascii	"8Hs\244\001U\2670\340\361\247\265+%O\325\345\036\252"
 5128      0155B730 
 5128      E0F1A7B5 
 5128      2B254FD5 
 5128      E51EAA
 5129 0f7f 1B0CA4CD 		.ascii	"\033\014\244\315\217s;\213k!T\320\317\024\034\335\324"
 5129      8F733B8B 
 5129      6B2154D0 
ARM GAS  C:\Users\angio\AppData\Local\Temp\cc9v9wKb.s 			page 185


 5129      CF141CDD 
 5129      D4
 5130 0f90 739FB84E 		.ascii	"s\237\270N\021U\004\216(S\304\002\177\012*("
 5130      1155048E 
 5130      2853C402 
 5130      7F0A2A28 
 5131 0fa0 EE5A6E72 		.ascii	"\356Znr\005\035\325@\010\330\360\250l\241n\355{L\033"
 5131      051DD540 
 5131      08D8F0A8 
 5131      6CA16EED 
 5131      7B4C1B
 5132 0fb3 EBC759C8 		.ascii	"\353\307Y\310\304W\345\371\227\204!#\331@a#]Y\364\022"
 5132      C457E5F9 
 5132      97842123 
 5132      D9406123 
 5132      5D59F412 
 5133 0fc7 A86623BD 		.ascii	"\250f#\275\206\250K\215eu\001\274\250\037't\332\254"
 5133      86A84B8D 
 5133      657501BC 
 5133      A81F2774 
 5133      DAAC
 5134 0fd9 269EAB88 		.ascii	"&\236\253\210\255O\273\267\260c8WmG]\264\221t\177\\"
 5134      AD4FBBB7 
 5134      B0633857 
 5134      6D475DB4 
 5134      91747F5C 
 5135 0fed 6BA164A1 		.ascii	"k\241d\241\344\241\3443g\216\336>\237\356v:w\206@"
 5135      E4A1E433 
 5135      678EDE3E 
 5135      9FEE763A 
 5135      778640
 5136 1000 9DE6CCF1 		.ascii	"\235\346\314\361g;\365\253\205:\315\376Y\032\374=\250"
 5136      673BF5AB 
 5136      853ACDFE 
 5136      591AFC3D 
 5136      A8
 5137 1011 A91CA50A 		.ascii	"\251\034\245\012\345\004\312\017T\353\340[e\0176\300"
 5137      E504CA0F 
 5137      54EBE05B 
 5137      650F36C0 
 5138 1021 C8A1BAD9 		.ascii	"\310\241\272\331\351q{\313\352\337\035\345k\246\203"
 5138      E9717BCB 
 5138      EADF1DE5 
 5138      6BA683
 5139 1030 044E11B8 		.ascii	"\004N\021\270\344\356\211\273\003\006\012A\372W\010"
 5139      E4EE89BB 
 5139      03060A41 
 5139      FA5708
 5140 103f 5C23D048 		.ascii	"\\#\320H\3402\201\006\002M\004.b\031\245>\321\0269\005"
 5140      E0328106 
 5140      024D042E 
 5140      6219A53E 
 5140      D1163905 
 5141 1053 19ACAEE2 		.ascii	"\031\254\256\342&\367\234\027\245\224\370\322\023\034"
 5141      26F79C17 
 5141      A594F8D2 
 5141      131C
ARM GAS  C:\Users\angio\AppData\Local\Temp\cc9v9wKb.s 			page 186


 5142 1061 D288F56F 		.ascii	"\322\210\365o\000\273\367\363U-\365\336\265\024\237"
 5142      00BBF7F3 
 5142      552DF5DE 
 5142      B5149F
 5143 1070 49E6ABB9 		.ascii	"I\346\253\271C\004j\0070\264H64\015\316\017`\247W\263"
 5143      43046A07 
 5143      30B44836 
 5143      340DCE0F 
 5143      60A757B3 
 5144 1084 73610025 		.ascii	"sa\000%;d%g\011\234\366\002a\305\363\003\226\2725\230"
 5144      3B642567 
 5144      099CF602 
 5144      61C5F303 
 5144      96BA3598 
 5145 1098 91010692 		.ascii	"\221\001\006\222\022\300V\031\327\2236\360\003~\335"
 5145      12C05619 
 5145      D79336F0 
 5145      037EDD
 5146 10a7 170237E8 		.ascii	"\027\0027\350\032DY<\260\226\243\311rl\222\305\232t"
 5146      1A44593C 
 5146      B096A3C9 
 5146      726C92C5 
 5146      9A74
 5147 10b9 EC6ABCEB 		.ascii	"\354j\274\353\357\336\344\216\276\011Y\317\200\327z"
 5147      EFDEE48E 
 5147      BE0959CF 
 5147      80D77A
 5148 10c8 B79FF700 		.ascii	"\267\237\367\000\266\272\000\267\005Pf\243\341\177\263"
 5148      B6BA00B7 
 5148      055066A3 
 5148      E17FB3
 5149 10d7 57032961 		.ascii	"W\003)a\015\3474eoec\275\313\341\314L7\252\013\3346"
 5149      0DE73465 
 5149      6F6563BD 
 5149      CBE1CC4C 
 5149      37AA0BDC 
 5150 10ec 0AC2B60F 		.ascii	"\012\302\266\017\011< \210;='\365P\200\226d\355\232"
 5150      093C2088 
 5150      3B3D27F5 
 5150      50809664 
 5150      ED9A
 5151 10fe D31D4A0D 		.ascii	"\323\035J\015\301\355A92\257dz\267\357K\335\344v\360"
 5151      C1ED4139 
 5151      32AF647A 
 5151      B7EF4BDD 
 5151      E476F0
 5152 1111 FC98C013 		.ascii	"\374\230\300\023e\234\236e\240\274#eg\334\006s\227\006"
 5152      659C9E65 
 5152      A0BC2365 
 5152      67DC0673 
 5152      9706
 5153 1123 A2534863 		.ascii	"\242SHc\233n%\367T3\332M3\273)\200\033\376=\213[\263"
 5153      9B6E25F7 
 5153      5433DA4D 
 5153      33BB2980 
 5153      1BFE3D8B 
 5154 1139 406E07C8 		.ascii	"@n\007\310\033\025\201\334C&\355(OQzQ^\2428\002\015"
ARM GAS  C:\Users\angio\AppData\Local\Temp\cc9v9wKb.s 			page 187


 5154      1B1581DC 
 5154      4326ED28 
 5154      4F517A51 
 5154      5EA23802 
 5155 114e 642ECA02 		.ascii	"d.\312\002\224d\224T\224\245(\253\003\321\326\317\352"
 5155      94649454 
 5155      94A528AB 
 5155      03D1D6CF 
 5155      EA
 5156 115f 0E773C12 		.ascii	"\016w<\022\264\005\033\033\023\027\017\267\\\037%\357"
 5156      B4051B1B 
 5156      13170FB7 
 5156      5C1F25EF 
 5157 116f 23701673 		.ascii	"#p\026s\210\260Xt]\262\361\314\353Y\3023\0171\013\\"
 5157      88B05874 
 5157      5DB2F1CC 
 5157      EB59C233 
 5157      0F310B5C 
 5158 1183 306A5EC9 		.ascii	"0j^\311\013\206>BWH\260\220\2010\274\311\",\021a\251"
 5158      0B863E42 
 5158      5748B090 
 5158      8130BCC9 
 5158      222C1161 
 5159 1198 0829222C 		.ascii	"\010)\",\023!U\204E\"d\210\220.B\232\310+Lq\237\246"
 5159      13215584 
 5159      45226488 
 5159      902E429A 
 5159      C82B4C71 
 5160 11ae 7CAE8B72 		.ascii	"|\256\213r\335:\252\370\245\006Jr\001\335\320\201z5"
 5160      DD3AAAF8 
 5160      A5064A72 
 5160      01DDD081 
 5160      7A35
 5161 11c0 D07C0F9A 		.ascii	"\320|\017\2322&u\251\212yI\364\030\335\342\262\370\271"
 5161      322675A9 
 5161      8A7949F4 
 5161      18DDE2B2 
 5161      F8B9
 5162 11d2 A6689E27 		.ascii	"\246h\236'%\036\223E\232\242~OE\034\363B\3233\307\223"
 5162      251E9345 
 5162      9AA27E4F 
 5162      451CF342 
 5162      D333C793 
 5163 11e6 35C7BCD2 		.ascii	"5\307\274\3220\257\210G\374\221\020\331\210}\270%\220"
 5163      30AF8847 
 5163      FC9110D9 
 5163      887DB825 
 5163      90
 5164 11f7 ED6F17DE 		.ascii	"\355o\027\336\334\346\266\263Z!\302JQM\250\354;\315"
 5164      DCE6B6B3 
 5164      5A21C24A 
 5164      514DA8EC 
 5164      3BCD
 5165 1209 1DBA5AB9 		.ascii	"\035\272Z\271R\323\266\012\303MvQ-\306\265\271\247\222"
 5165      52D3B60A 
 5165      C34D7651 
 5165      2DC6B5B9 
ARM GAS  C:\Users\angio\AppData\Local\Temp\cc9v9wKb.s 			page 188


 5165      A792
 5166 121b 0866025B 		.ascii	"\010f\002[|\326\245\261\261\276J\204\345\"\254\361\322"
 5166      7CD6A5B1 
 5166      B1BE4A84 
 5166      E522ACF1 
 5166      D2
 5167 122c B39D278A 		.ascii	"\263\235'\212\276\246\010d\366\202P\004\357c5\250Z\347"
 5167      BEA60864 
 5167      F6825004 
 5167      EF6335A8 
 5167      5AE7
 5168 123e F712E8C1 		.ascii	"\367\022\350\301\261\271\232\351\301\316\317\024!\213"
 5168      B1B99AE9 
 5168      C1CECF14 
 5168      218B
 5169 124c 76324B62 		.ascii	"v2Kb?\236\3048\017\2437GPN2\217\262\017=t\270Me\271"
 5169      3F9EC438 
 5169      0FA33747 
 5169      504E328F 
 5169      B20F3D74 
 5170 1264 22E4C91E 		.ascii	"\"\344\311\036\221F\006\272\263\355\370C\327\243\001"
 5170      914606BA 
 5170      B3EDF843 
 5170      D7A301
 5171 1273 58AF81E8 		.ascii	"X\257\201\350q\253\263\376\220n\337\277Asc#u\273\223"
 5171      71ABB3FE 
 5171      906EDFBF 
 5171      41736323 
 5171      75BB93
 5172 1286 6A31EF5C 		.ascii	"j1\357\\y\262\325L\363\237Ok-{\225\035\364F\221\316"
 5172      79B2D54C 
 5172      F39F4F6B 
 5172      2D7B951D 
 5172      F44691CE 
 5173 129a 6B5B06CE 		.ascii	"k[\006\316\352\034\021\262EFl\013sl\263\010\371\"lU"
 5173      EA1C11B2 
 5173      45466C0B 
 5173      736CB308 
 5173      F9226C55 
 5174 12ae 12B848DE 		.ascii	"\022\270H\336e\243\236v\017=\362\002\276t#\217\363~"
 5174      65A39E76 
 5174      0F3DF202 
 5174      BE74238F 
 5174      F37E
 5175 12c0 029B443D 		.ascii	"\002\233D=F[|\257/\356\312\323/\276e\253\353\275X%O"
 5175      465B7CAF 
 5175      2FEECAD3 
 5175      2FBE65AB 
 5175      EBBD5825 
 5176 12d5 994777FB 		.ascii	"\231Gw\373\267\266\370\323I\316\301\346\267\312\313"
 5176      B7B6F8D3 
 5176      49CEC1E6 
 5176      B7CACB
 5177 12e4 23E5F9ED 		.ascii	"#\345\371\355\004\201m\"l\3771\217\014\024\202\232\013"
 5177      04816D22 
 5177      6CFF318F 
 5177      0C14829A 
ARM GAS  C:\Users\angio\AppData\Local\Temp\cc9v9wKb.s 			page 189


 5177      0B
 5178 12f5 45D829C2 		.ascii	"E\330)\302\016\221Oh\305\215\233\035\314\237\002\021"
 5178      0E914F68 
 5178      C58D9B1D 
 5178      CC9F0211 
 5179 1305 D6312D0A 		.ascii	"\3261-\012Z\325R\334 C\370.\031!\256\273d\326\343\235"
 5179      5AD552DC 
 5179      2043F82E 
 5179      1921AEBB 
 5179      64D6E39D 
 5180 1319 BC58394C 		.ascii	"\274X9L\3449e;\"\371a\352\016\030\251\377\223w\370\235"
 5180      E439653B 
 5180      22F961EA 
 5180      0E18A9FF 
 5180      9377F89D 
 5181 132d D7364B94 		.ascii	"\3276K\2245\252Y+B\205\273=\032\276\276c|J\352&ts_\241"
 5181      35AA592B 
 5181      4285BB3D 
 5181      1ABEBE63 
 5181      7C4AEA26 
 5182 1345 39D649B4 		.ascii	"9\326I\264\001\271\220wC-\300#\342\201\221\373\241("
 5182      01B99077 
 5182      432DC023 
 5182      E28191FB 
 5182      A128
 5183 1357 3F836DA4 		.ascii	"?\203m\244n\022ha \276\221j\246\220\353\204\371\366"
 5183      6E126861 
 5183      20BE916A 
 5183      A690EB84 
 5183      F9F6
 5184 1369 A040F5AD 		.ascii	"\240@\365\255\202A\024\337\016\023\325\377v\315\377"
 5184      824114DF 
 5184      0E13D5FF 
 5184      76CDFF
 5185 1378 672E9873 		.ascii	"g.\230s\332\300\336V\275\3001(\311\017\356\"gwS\267"
 5185      DAC0DE56 
 5185      BDC03128 
 5185      C90FEE22 
 5185      677753B7 
 5186 138c B8A90679 		.ascii	"\270\251\006yF\3079\366\244\013e\247\352V\347\242Z\356"
 5186      46C739F6 
 5186      A40B65A7 
 5186      EA56E7A2 
 5186      5AEE
 5187 139e 3AAE590E 		.ascii	":\256Y\016\270`J5\267\212\263S\270\242iP\"\3521{t\256"
 5187      B8604A35 
 5187      B78AB353 
 5187      B8A26950 
 5187      22EA317B 
 5188 13b4 A7166628 		.ascii	"\247\026f()\270\227x\2008\347^m\211Q\346i\214\023\312"
 5188      29B89778 
 5188      8038E75E 
 5188      6D8951E6 
 5188      698C13CA 
 5189 13c8 AAE67A3A 		.ascii	"\252\346z:\010\334w\3014\023\267,+\026\241Hd\337wW\260"
 5189      08DC77C1 
 5189      3413B72C 
ARM GAS  C:\Users\angio\AppData\Local\Temp\cc9v9wKb.s 			page 190


 5189      2B16A148 
 5189      64DF7757 
 5190 13dd 3CDB2502 		.ascii	"<\333%\002=`\026a\267\010{D8,\002\356\014KE\330+\302"
 5190      3D601661 
 5190      B7087B44 
 5190      382C02EE 
 5190      0C4B45D8 
 5191 13f3 01112A45 		.ascii	"\001\021*E\330'\302!\021\016\212P\216\313xyxu\256\223"
 5191      D827C221 
 5191      110E8A50 
 5191      8ECB7879 
 5191      7875AE93 
 5192 1407 BBEC1EDB 		.ascii	"\273\354\036\333\373\272\306\221\327\237\342k2m\314"
 5192      FBBAC691 
 5192      D79FE26B 
 5192      326DCC
 5193 1416 FB4ACF38 		.ascii	"\373J\3178\312\240{r\237aqz\316@\274^i\363\014\375\332"
 5193      CAA07B72 
 5193      9F61717A 
 5193      CE40BC5E 
 5193      69F30CFD 
 5194 142b 22E587D5 		.ascii	"\"\345\207\325\346!\036\036\\\372\277\367\000\225&5"
 5194      E6211E1E 
 5194      5CFABFF7 
 5194      00952635 
 5195 143b 5CBAAC3B 		.ascii	"\\\272\254;b>\242\321;*\312\007\314\355m\365\017\003"
 5195      623EA2D1 
 5195      3B2ACA07 
 5195      CCED6DF5 
 5195      0F03
 5196 144d BC40E857 		.ascii	"\274@\350W\367*\350F\362\356\363\272\215\3201M\317q"
 5196      F72AE846 
 5196      F2EEF3BA 
 5196      8DD0314D 
 5196      CF71
 5197 145f 9119EAA8 		.ascii	"\221\031\352\250\277\332\346\243\001\232\264\215P5\007"
 5197      BFDAE6A3 
 5197      019AB48D 
 5197      503507
 5198 146e 3CAFC8F9 		.ascii	"<\257\310\371\245\366\371jm\275QC\313\244c\220\201\314"
 5198      A5F6F96A 
 5198      6DBD5143 
 5198      CBA46390 
 5198      81CC
 5199 1480 43593C88 		.ascii	"CY<\210b\317\027T\234\366\361\334\312\324\212\272/\026"
 5199      62CF1754 
 5199      9CF6F1DC 
 5199      CAD48ABA 
 5199      2F16
 5200 1492 C9EA4103 		.ascii	"\311\352A\003\035\335\236QJ\370:\006\251o\250Is;8\254"
 5200      1DDD9E51 
 5200      4AF83A06 
 5200      A96FA849 
 5200      733B38AC 
 5201 14a6 13551002 		.ascii	"\023U\020\002~8\264\356\274n-tVs\356\034\345V\310\264"
 5201      7E38B4EE 
 5201      BC6E2D74 
ARM GAS  C:\Users\angio\AppData\Local\Temp\cc9v9wKb.s 			page 191


 5201      5673EE1C 
 5201      E556C8B4 
 5202 14ba DC7BBEFB 		.ascii	"\334{\276\373\221\277\027\020\374 r\330>\006;\231w\253"
 5202      91BF1710 
 5202      FC2072D8 
 5202      3E063B99 
 5202      77AB
 5203 14cc C8A2C11E 		.ascii	"\310\242\301\036kq\250g\006I\005\203\335p\256\357\225"
 5203      6B71A867 
 5203      06490583 
 5203      DD70AEEF 
 5203      95
 5204 14dd BCC0E0A2 		.ascii	"\274\300\340\242\250\000\2531\034u(\365\264\201\361"
 5204      A800AB31 
 5204      1C7528F5 
 5204      B481F1
 5205 14ec E0E23D1B 		.ascii	"\340\342=\033E\376\273\027\037\001\256\211s\350w\343"
 5205      45FEBB17 
 5205      1F01AE89 
 5205      73E877E3 
 5206 14fc D744B62C 		.ascii	"\327D\266,\235\347'\257J\257\320G8{\213\320(\222\253"
 5206      9DE727AF 
 5206      4AAFD047 
 5206      387B8BD0 
 5206      2892AB
 5207 150f 83E4151B 		.ascii	"\203\344\025\033\220[T\305\340\344\335\351\271D=7s\262"
 5207      905B54C5 
 5207      E0E4DDE9 
 5207      B9443D37 
 5207      73B2
 5208 1521 53B3926B 		.ascii	"S\263\222k\037\3123\321%\021.\210p\313\333z\243s\333"
 5208      1FCA33D1 
 5208      25112E88 
 5208      70CBDB7A 
 5208      A373DB
 5209 1534 DD98AD08 		.ascii	"\335\230\255\010)\024\240\231A\224\343\005\266\224\300"
 5209      2914A099 
 5209      4194E305 
 5209      B694C0
 5210 1543 D2453157 		.ascii	"\322E1W6\363c\242k\"\\f \355\230h\214n\\^\027\351\342"
 5210      36F363A2 
 5210      6B225C66 
 5210      20ED9868 
 5210      8C6E5C5E 
 5211 155a 829E3DDE 		.ascii	"\202\236=\336bY}G\204\233\"\334\026\241E\204\273\"\334"
 5211      62597D47 
 5211      849B22DC 
 5211      16A14584 
 5211      BB22DC
 5212 156d C3F95084 		.ascii	"\303\371P\204\033\312\364v}\276\\\244Dhp!\247[U\235"
 5212      1BCAF476 
 5212      7DBE5CA4 
 5212      44687021 
 5212      A75B559D 
 5213 1581 3AC66B1D 		.ascii	":\306k\035\032nr3\314\013\313\032\2718\237\307\015\274"
 5213      1A6E7233 
 5213      CC0BCB1A 
ARM GAS  C:\Users\angio\AppData\Local\Temp\cc9v9wKb.s 			page 192


 5213      B9389FC7 
 5213      0DBC
 5214 1593 A7877285 		.ascii	"\247\207r\205\322\\<\341\351\242\214\311\225O\261N\211"
 5214      D25C3CE1 
 5214      E9A28CC9 
 5214      954FB14E 
 5214      89
 5215 15a4 70D245D1 		.ascii	"p\322E\321\015u\"\235{\351~\237?\033\304N\275\273\330"
 5215      0D75229D 
 5215      7BE97E9F 
 5215      3F1BC44E 
 5215      BDBBD8
 5216 15b7 E8C7DCC5 		.ascii	"\350\307\334\305\306Y\333\257\227\353\276\374\274\257"
 5216      C659DBAF 
 5216      97EBBEFC 
 5216      BCAF
 5217 15c5 19784013 		.ascii	"\031x@\023\254\225e\316\002\347\335\263fK\363k\177\261"
 5217      AC9565CE 
 5217      02E7DDB3 
 5217      664BF36B 
 5217      7FB1
 5218 15d7 423A316F 		.ascii	"B:1o\236\241\364\323a\365\206\201,DY\214\222\366\006"
 5218      9EA1F4D3 
 5218      61F58681 
 5218      2C44598C 
 5218      92F606
 5219 15ea 9F1F47B2 		.ascii	"\237\037G\262\314\310\023H\306\033\250sh\332\265\362"
 5219      CCC81348 
 5219      C61BA873 
 5219      68DAB5F2 
 5220 15fa 0293B63E 		.ascii	"\002\223\266>o\301\324\350\334VUb*(u8\222\177\001m\""
 5220      6FC1D4E8 
 5220      DC565562 
 5220      2A287538 
 5220      927F016D 
 5221 160f 7462E1F2 		.ascii	"tb\341\362\360\027q\305)e\354\360\017!\217\\ -\036\207"
 5221      F01771C5 
 5221      2965ECF0 
 5221      0F218F5C 
 5221      202D1E87 
 5222 1623 A1DDB8CB 		.ascii	"\241\335\270\313\2403\353s\026\210>\021^\212\340\220"
 5222      A033EB73 
 5222      16883E11 
 5222      5E8AE090 
 5223 1633 A057841E 		.ascii	"\240W\204\036\\\336\211\320/\302+\021\222\350O.\251"
 5223      5CDE89D0 
 5223      2FC22B11 
 5223      92E84F2E 
 5223      A9
 5224 1644 E245AAE2 		.ascii	"\342E\252\342.\027\305A\252\351%*\242\303\223\035\232"
 5224      2E17C541 
 5224      AAE9252A 
 5224      A2C3931D 
 5224      9A
 5225 1655 A6986415 		.ascii	"\246\230d\025\363\304C\213\014IS!\355.\220\253\232\223"
 5225      F3C4438B 
 5225      0C495321 
ARM GAS  C:\Users\angio\AppData\Local\Temp\cc9v9wKb.s 			page 193


 5225      ED2E90AB 
 5225      9A93
 5226 1667 4B55C843 		.ascii	"KU\310CO\210\254f\261\212y\354\031\010\256&S\205<s\201"
 5226      4F88AC66 
 5226      B18A79EC 
 5226      1908AE26 
 5226      53853C73 
 5227 167c 34A8E9B3 		.ascii	"4\250\351\263\271\264i\255\377\020\367\230\321o\232"
 5227      B9B469AD 
 5227      FF10F798 
 5227      D16F9A
 5228 168b 7E42D4B0 		.ascii	"~B\324\260\375\216\322-\347u\0314G\322\316\347%\006"
 5228      FD8ED22D 
 5228      E7751934 
 5228      47D2CEE7 
 5228      2506
 5229 169d 282FB87B 		.ascii	"(/\270{\210\370\320\252\341\364Z5\020\3628\363\334\241"
 5229      88F8D0AA 
 5229      E1F45A35 
 5229      10F238F3 
 5229      DCA1
 5230 16af 40F6ADB6 		.ascii	"@\366\255\266s\300o\265\311\005L\246\2467\330W\274\307"
 5230      73C06FB5 
 5230      C9054CA6 
 5230      A637D857 
 5230      BCC7
 5231 16c1 97D480FB 		.ascii	"\227\324\200\373\366x\241\244\337\036\337A\360\3037"
 5231      F678A1A4 
 5231      DF1EDF41 
 5231      F0C337
 5232 16d0 06AAD629 		.ascii	"\006\252\326)\222\362\015\016\203\\z\\\270\325\327\265"
 5232      92F20D0E 
 5232      835C7A5C 
 5232      B8D5D7B5 
 5233 16e0 5AA74A2A 		.ascii	"Z\247J*\210~u_\336\266Q\267\340^\242\371\230\206>\222"
 5233      887E755F 
 5233      DEB651B7 
 5233      E05EA2F9 
 5233      98863E92 
 5234 16f4 85830D64 		.ascii	"\205\203\015d\311\340\201\214-S\214\255d\220\323\335"
 5234      C9E0818C 
 5234      2D538CAD 
 5234      6490D3DD 
 5235 1704 550BDDBE 		.ascii	"U\013\335\276@\313\220T\020\255\323\371\355\033t?\317"
 5235      40CB9054 
 5235      10ADD3F9 
 5235      ED1B743F 
 5235      CF
 5236 1715 5AAE195B 		.ascii	"Z\256\031[A\215\025\014hh\225bh\007\20383\012v\273m"
 5236      418D150C 
 5236      68689562 
 5236      68078338 
 5236      330A76BB 
 5237 172a C7574B2A 		.ascii	"\307WK*\210\2364\355)\273\254\233^25CY\222\274\215\031"
 5237      889E34ED 
 5237      29BBAC9B 
 5237      5E323543 
ARM GAS  C:\Users\angio\AppData\Local\Temp\cc9v9wKb.s 			page 194


 5237      5992BC8D 
 5238 173f CA072D90 		.ascii	"\312\007-\220\003T\345\240\256F\347\325@e)K\253\371"
 5238      0354E5A0 
 5238      AE46E7D5 
 5238      4065294B 
 5238      ABF9
 5239 1751 AABEF4DD 		.ascii	"\252\276\364\335\277\223\253y\226\004+%X/\271\015\033"
 5239      BF93AB79 
 5239      96042B25 
 5239      582FB90D 
 5239      1B
 5240 1762 560EE5F5 		.ascii	"V\016\345\365\332\012\011\322= r\245\333^\230\306\212"
 5240      DA0A09D2 
 5240      3D2072A5 
 5240      DB5E98C6 
 5240      8A
 5241 1773 F9220992 		.ascii	"\371\"\011\222\031\206\327Tm\353\330\271\365\001\337"
 5241      1986D754 
 5241      6DEBD8B9 
 5241      F501DF
 5242 1782 54A449B0 		.ascii	"T\244I\260\330E\213\347\300\317\226`\215D\367M\324["
 5242      D8458BE7 
 5242      C0CF9660 
 5242      8D44F74D 
 5242      D45B
 5243 1794 582BC13A 		.ascii	"X+\301:\0116J\220'A\256\004\033$\330$\311\253\255\235"
 5243      09364A90 
 5243      2741AE04 
 5243      1B24D824 
 5243      C9ABAD9D 
 5244 17a8 9AD505EE 		.ascii	"\232\325\005\356V\307\270\2545q\303\272\324\323*\367"
 5244      56C7B8AC 
 5244      3571C3BA 
 5244      D4D32AF7 
 5245 17b8 AFA896CF 		.ascii	"\257\250\226\317\007\250%\307]\313A\266\230\331u\350"
 5245      07A825C7 
 5245      5DCB41B6 
 5245      98D975E8 
 5246 17c8 C67A4157 		.ascii	"\306zAW\2449A\372"
 5246      A43941FA 
 5247 17d0 D384D752 		.ascii	"\323\204\327R\244G/{\253+t\263\373f\215\300\026\232"
 5247      A4472F7B 
 5247      AB2B74B3 
 5247      FB668DC0 
 5247      169A
 5248 17e2 0E4ECCBD 		.ascii	"\016N\314\275c(\265(u\264\223,7\017\\;/\260\272\352"
 5248      6328B528 
 5248      75B4932C 
 5248      370F5C3B 
 5248      2FB0BAEA 
 5249 17f6 70FBD2CE 		.ascii	"p\373\322\316\000\205\314\330N\011\212$\330!\301v\271"
 5249      0085CCD8 
 5249      4E098A24 
 5249      D821C176 
 5249      B9
 5250 1807 F2D1D27B 		.ascii	"\362\321\322{~T\225\374\015\253\010\333$\212t\017/\255"
 5250      7E5495FC 
ARM GAS  C:\Users\angio\AppData\Local\Temp\cc9v9wKb.s 			page 195


 5250      0DAB08DB 
 5250      248A740F 
 5250      2FAD
 5251 1819 27D9F2F6 		.ascii	"'\331\362\366\035A\371\236 ^s\2624L\201\013F\253\243"
 5251      1D41F99E 
 5251      205E73B2 
 5251      344C810B 
 5251      46ABA3
 5252 182c 6B34C856 		.ascii	"k4\310V\017\010_\233ny\274\367\246\227\357\0353$\257"
 5252      0F085F9B 
 5252      6E79BCF7 
 5252      A697EF1D 
 5252      3324AF
 5253 183f 4ED09F69 		.ascii	"N\320\237id\334;\240\0337\305\232\322\022\032\250\013"
 5253      64DC3BA0 
 5253      1B37C59A 
 5253      D2121AA8 
 5253      0B
 5254 1850 18A0061A 		.ascii	"\030\240\006\032 cG\343\306'FLaJ\244@#\262K\202\275"
 5254      206347E3 
 5254      C627464C 
 5254      614AA440 
 5254      23B24B82 
 5255 1865 EE5C1D6E 		.ascii	"\356\\\035n\337\024\033(\004\215\357\221`\2372kl\323"
 5255      DF141B28 
 5255      048DEF91 
 5255      609F326B 
 5255      6CD3
 5256 1877 54ECF650 		.ascii	"T\354\366P\301}\271TWxJ\364\374\332y\265\344\246\216"
 5256      C17DB954 
 5256      57784AF4 
 5256      FCDA79B5 
 5256      E4A68E
 5257 188a 6E8B1F95 		.ascii	"n\213\037\225\225\352\2164\366k\352J\225A\231\011\344"
 5257      95EA8E34 
 5257      F66BEA4A 
 5257      95419909 
 5257      E4
 5258 189b DA607E99 		.ascii	"\332`~\231\016\344&\372uW\276]\004\344!\336v\313\267"
 5258      0EE426FA 
 5258      7557BE5D 
 5258      04E421DE 
 5258      76CBB7
 5259 18ae 0E202FF0 		.ascii	"\016 /\360v\301\020~\333c \351C\014$\033e\013J1\312"
 5259      76C1107E 
 5259      DB6320E9 
 5259      430C241B 
 5259      650B4A31 
 5260 18c3 4194A328 		.ascii	"A\224\243(gP\032P\232Q\356\241<Fy\2012o\250\201\244"
 5260      67501A50 
 5260      9A51EEA1 
 5260      3C467981 
 5260      326FA881 
 5261 18d8 A2AC4059 		.ascii	"\242\254@Y\207\222\217R\202R\206r\014\345\014\312%\224"
 5261      87928F52 
 5261      82528672 
 5261      0CE50CCA 
ARM GAS  C:\Users\angio\AppData\Local\Temp\cc9v9wKb.s 			page 196


 5261      2594
 5262 18ea 6694FB28 		.ascii	"f\224\373(\035(](\275(s\207aUDY\211\262\006%o\030\247"
 5262      1D285D28 
 5262      BD287387 
 5262      61554459 
 5262      89B20625 
 5263 1901 91077CA3 		.ascii	"\221\007|\243l!\033\207\241\307a\371\373\346\334\011"
 5263      6C211B87 
 5263      A1C761F9 
 5263      FBE6DC09 
 5264 1911 74DD25BF 		.ascii	"t\335%\277\346\217F\374\371^eR;&\301c-BG%-Q\313U\314"
 5264      E68F46FC 
 5264      F95E6552 
 5264      3B26C163 
 5264      2D424725 
 5265 192a 4D178C6E 		.ascii	"M\027\214n\026.S!\267< <M\257\251\210\037\\\020\315"
 5265      162E5321 
 5265      B73C203C 
 5265      4DAFA988 
 5265      1F5C10CD 
 5266 193e DA16B266 		.ascii	"\332\026\262f\257\362\215\347u\027\210~EpEUS\357\202"
 5266      AFF28DE7 
 5266      7517887E 
 5266      45704555 
 5266      53EF82
 5267 1951 39A7C3DC 		.ascii	"9\247\303\334S1g\\0\362.\234B\372T\310\021\027H\245"
 5267      5331675C 
 5267      30F22E9C 
 5267      42FA54C8 
 5267      111748A5 
 5268 1965 A44216ED 		.ascii	"\244B\026\355W \345.\2202I[\274V\250\214\233=\031\273"
 5268      5720E52E 
 5268      9032495B 
 5268      BC56A88C 
 5268      9B3D19BB 
 5269 1979 A4BC04B7 		.ascii	"\244\274\004\267i\273\307,G\357KpO\202\271F\350\222"
 5269      69BBC72C 
 5269      47EF4B70 
 5269      4F82B946 
 5269      E892
 5270 198b E091040F 		.ascii	"\340\221\004\017\261\010\033\341\231\004\335\022\364"
 5270      B1081BE1 
 5270      9904DD12 
 5270      F4
 5271 1998 63593742 		.ascii	"cY7B\212\021\222\214\320'\301\"#\264a95\302\023\011"
 5271      8A11928C 
 5271      D027C122 
 5271      23B46139 
 5271      35C21309 
 5272 19ac 1E48F04A 		.ascii	"\036H\360J\202yF\350\225\240]\202\247\022\244\032a\276"
 5272      827946E8 
 5272      95A05D82 
 5272      A712A41A 
 5272      61BE
 5273 19be 11D28C90 		.ascii	"\021\322\214\220l\004\207\021\236K\360R\202V\011:$\230"
 5273      6C048711 
 5273      9E4BF052 
ARM GAS  C:\Users\angio\AppData\Local\Temp\cc9v9wKb.s 			page 197


 5273      8256093A 
 5273      2498
 5274 19d0 63841712 		.ascii	"c\204\027\022\364H\260\304\010\235\022,4\302R\243\274"
 5274      F448B0C4 
 5274      089D122C 
 5274      34C252A3 
 5274      BC
 5275 19e1 2A6F5449 		.ascii	"*oTI\237w!\255\034vP\347\017\253\361iq\301\350\353\327"
 5275      9F7721AD 
 5275      1C7650E7 
 5275      0FABF169 
 5275      71C1E8EB 
 5276 19f6 7D1573DA 		.ascii	"}\025s\3323\3142\246V\3054\272`\032\264\022wR\205\\"
 5276      33CC32A6 
 5276      56C534BA 
 5276      601AB412 
 5276      7752855C 
 5277 1a0a 7381E8BE 		.ascii	"s\201\350\276\367/\356W)W\270\232\322\365E\253\212\251"
 5277      F72FEE57 
 5277      2957B89A 
 5277      D2F545AB 
 5277      8AA9
 5278 1a1c 73C13875 		.ascii	"s\3018u\207\035=*\246\332\005S$j\230\006\025s\311\005"
 5278      871D3D2A 
 5278      A6DA0553 
 5278      246A9806 
 5278      1573C905 
 5279 1a30 735EE7FA 		.ascii	"s^\347\372K\225\263\323\223\017w\253W\205\034\367\034"
 5279      4B95B3D3 
 5279      930F77AB 
 5279      57851CF7 
 5279      1C
 5280 1a41 583CDF4F 		.ascii	"X<\337O\251\226\256z\006G\266\324\244\2529\3479ldL\207"
 5280      A996AE7A 
 5280      0647B6D4 
 5280      A4AA39E7 
 5280      396C644C 
 5281 1a56 8AA9F1F4 		.ascii	"\212\251\361\364\212\263\251S!\015\236N\311'\316*\233"
 5281      8AB3A953 
 5281      210D9E4E 
 5281      C927CE2A 
 5281      9B
 5282 1a67 2ACF2121 		.ascii	"*\317!![:\244\252\271\341\231\026\334\322u\025r\326"
 5282      5B3AA4AA 
 5282      B9E19916 
 5282      DCD27515 
 5282      72D6
 5283 1a79 B31BB8A5 		.ascii	"\263\033\270\245\207\252\245Z\027H\251\316\247\253\252"
 5283      87AAA55A 
 5283      1748A9CE 
 5283      A7ABAA
 5284 1a88 9A0B9E49 		.ascii	"\232\013\236I\312-%\253\003\364\240\013\344\200\326"
 5284      CA2D25AB 
 5284      03F4A00B 
 5284      E480D6
 5285 1a97 0997552D 		.ascii	"\011\227U-\027=\253\005\207\264\253\220\023.\220=:2"
 5285      173DAB05 
ARM GAS  C:\Users\angio\AppData\Local\Temp\cc9v9wKb.s 			page 198


 5285      87B4AB90 
 5285      132E903D 
 5285      3A32
 5286 1aa9 27544C93 		.ascii	"'TL\223g\212r5gT\310e\027H\275\256/\037\250\230S\236"
 5286      678A7235 
 5286      6754C865 
 5286      1748BDAE 
 5286      2F1FA898 
 5287 1abf 7E7335AF 		.ascii	"~s5\257T\310!\317\242\303!m*\344\244'a\016Y\254F\346"
 5287      54C821CF 
 5287      A2C3216D 
 5287      2AE4A427 
 5287      610E59AC 
 5288 1ad5 AE676464 		.ascii	"\256gdd2\247U5W<\011\007\033\3106:\241\0107\333Wn\367"
 5288      32A75535 
 5288      573C0907 
 5288      1BC8363A 
 5288      A10837DB 
 5289 1aec 1DE25EC7 		.ascii	"\035\342^\307`\231\361\377{%\243\277\026\313l:\252\373"
 5289      6099F1FF 
 5289      7B25A3BF 
 5289      16CB6C3A 
 5289      AAFB
 5290 1afe F63EC3A8 		.ascii	"\366>\303\250:\261\334\310\000]\331\215\307\370~\312"
 5290      3AB1DCC8 
 5290      005DD98D 
 5290      C7F87ECA 
 5291 1b0e E9651943 		.ascii	"\351e\031C\335K+\272\031\350\376?\213\\v?\010*\353+"
 5291      DD4B2BBA 
 5291      19E8FE3F 
 5291      8B5C763F 
 5291      082AEB2B 
 5292 1b22 6DF1D3B4 		.ascii	"m\361\323\264\270-#\310>\234\217+\345\3718\020\341\315"
 5292      B82D23C8 
 5292      3E9C8F2B 
 5292      E5F93810 
 5292      E1CD
 5293 1b34 85BB9E81 		.ascii	"\205\273\236\201\267\037\222\2541\322\037\222d\321\037"
 5293      B71F92AC 
 5293      31D21F92 
 5293      64D11F
 5294 1b43 9B3C68EF 		.ascii	"\233<h\357,w\371\361\210\262\250\31462\034\345\326\266"
 5294      2C77F9F1 
 5294      88B2A8CC 
 5294      36321CE5 
 5294      D6B6
 5295 1b55 69FE717F 		.ascii	"i\376q\177\025s\322\0233j\005\373\235L\305]H\312s&\015"
 5295      1573D213 
 5295      336A05FB 
 5295      9D4CC55D 
 5295      48CA7326 
 5296 1b6a 871C2364 		.ascii	"\207\034#d\032\341\251\006\\m\204\270\031sF2f\276\364"
 5296      1AE1A906 
 5296      5C6D84B8 
 5296      19734632 
 5296      66BEF4
 5297 1b7d E710F5E7 		.ascii	"\347\020\365\347oy\375\275L.c\266\2162KM\251\356\222"
ARM GAS  C:\Users\angio\AppData\Local\Temp\cc9v9wKb.s 			page 199


 5297      6F79FDBD 
 5297      4C2E63B6 
 5297      8E324B4D 
 5297      A9EE92
 5298 1b90 F4CC9413 		.ascii	"\364\314\224\023\365<#\303\261_\351l\276u@wX\230\247"
 5298      F53C23C3 
 5298      B15FE96C 
 5298      BE754077 
 5298      5898A7
 5299 1ba3 C57D3D07 		.ascii	"\305}=\007<\277V\230\351\257E\314\343\024\015!\367w"
 5299      3CBF5698 
 5299      E9AF45CC 
 5299      E3140D21 
 5299      F777
 5300 1bb5 A6A5047A 		.ascii	"\246\245\004z\201h'h\364\320n{\363c\235\241j\355\307"
 5300      81682768 
 5300      F4D06E7B 
 5300      F3639DA1 
 5300      6AEDC7
 5301 1bc8 139BB8A1 		.ascii	"\023\233\270\241\027\331\247\317\351~]\361P3\264\231"
 5301      17D9A7CF 
 5301      E97E5DF1 
 5301      5033B499 
 5302 1bd8 03528E25 		.ascii	"\003R\216%\225\351\366e\0075\015[8\340\340\262{\373"
 5302      95E9F665 
 5302      07350D5B 
 5302      38E0E0B2 
 5302      7BFB
 5303 1bea 75DBD136 		.ascii	"u\333\3216m[\237\317\001\253r6\356\326%Y\237fb+\007"
 5303      6D5B9FCF 
 5303      01AB7236 
 5303      EED62559 
 5303      9F66622B 
 5304 1bff 3CDDD37D 		.ascii	"<\335\323}M\247\341\214f\242\000\001\344\244\234\032"
 5304      4DA7E18C 
 5304      66A20001 
 5304      E4A49C1A 
 5305 1c0f 016CA5D6 		.ascii	"\001l\245\326\311o\374\351\271\346\276\244,_o\275\261"
 5305      C96FFCE9 
 5305      B9E6BEA4 
 5305      2C5F6FBD 
 5305      B1
 5306 1c20 93F5C60E 		.ascii	"\223\365\306\016\332\033\333\346\025\025\011\372\336"
 5306      DA1BDBE6 
 5306      151509FA 
 5306      DE
 5307 1c2d D86E8442 		.ascii	"\330n\204B#-\355F\206\243\366\017\024>\331d\321\347"
 5307      232DED46 
 5307      86A3F60F 
 5307      143ED964 
 5307      D1E7
 5308 1c3f 893B86E6 		.ascii	"\211;\206\346I\361\242\335\363\034\220\351\300A\300"
 5308      49F1A2DD 
 5308      F31C90E9 
 5308      C041C0
 5309 1c4e B2648EA0 		.ascii	"\262d\216\240\302\266\321,)\032A\352\207\361\003\307"
 5309      C2B6D12C 
ARM GAS  C:\Users\angio\AppData\Local\Temp\cc9v9wKb.s 			page 200


 5309      291A41EA 
 5309      87F103C7 
 5310 1c5e 5636301A 		.ascii	"V60\032KrL\336\310\355a\344\262\351IC\335\246\264\263"
 5310      4B724CDE 
 5310      C8ED61E4 
 5310      B2E94943 
 5310      DDA6B4B3 
 5311 1c72 3E7A72BB 		.ascii	">zr\273\215\310\232\256\353\215\014\307\366\326\253"
 5311      8DC89AAE 
 5311      EB8D0CC7 
 5311      F6D6AB
 5312 1c81 5B16BA90 		.ascii	"[\026\272\220s\3070rM{er\373\030\271y\202\012\333E\311"
 5312      73C73072 
 5312      4D7B6572 
 5312      FB18B979 
 5312      820ADB45 
 5313 1c96 B5BF4D3B 		.ascii	"\265\277M;\352E\235\376\007\272\267\264~(\245an\226"
 5313      EA459DFE 
 5313      07BAB7B4 
 5313      7E28A561 
 5313      6E96
 5314 1ca8 D9F7B073 		.ascii	"\331\367\260s\201S\316\254@o\354\313\030\373B\032\332"
 5314      8153CEAC 
 5314      406FECCB 
 5314      18FB421A 
 5314      DA
 5315 1cb9 9A7BCDB5 		.ascii	"\232{\315\265\276.\277\0143\342\330DL\271\221\341\250"
 5315      BE2EBF0C 
 5315      33E2D844 
 5315      4CB991E1 
 5315      A8
 5316 1cca 9EFE974F 		.ascii	"\236\376\227O\357\230\365\354\3351\224}\347\241\375"
 5316      EF98F5EC 
 5316      DD31947D 
 5316      E7A1FD
 5317 1cd9 A71C838A 		.ascii	"\247\034\203\212\035f8\304\330/\021T\330\001\312~\357"
 5317      1D6638C4 
 5317      D82F1154 
 5317      D801CA7E 
 5317      EF
 5318 1cea DBE4819C 		.ascii	"\333\344\201\234\003o0\212\213\350\377XZS\261\340\241"
 5318      036F308A 
 5318      8BE8FF58 
 5318      5A53B1E0 
 5318      A1
 5319 1cfb E88D6215 		.ascii	"\350\215b\025\243x\203\376\312:\253\240\262\322OO\261"
 5319      A37883FE 
 5319      CA3AABA0 
 5319      B2D24F4F 
 5319      B1
 5320 1d0c D2084EAA 		.ascii	"\322\010N\252\367\210\221\341X\3665\355_\346\243\247"
 5320      F78891E1 
 5320      58F635ED 
 5320      5FE6A3A7 
 5321 1d1c E88EE1BD 		.ascii	"\350\216\341\275\177@\016\360QFq\205\240\302*(\305\266"
 5321      7F400EF0 
 5321      51467185 
ARM GAS  C:\Users\angio\AppData\Local\Temp\cc9v9wKb.s 			page 201


 5321      A0C22A28 
 5321      C5B6
 5322 1d2e E1A47B18 		.ascii	"\341\244{\030G\326\034p\351\2125ZW\034\247\310y\303"
 5322      47D61C70 
 5322      E98A355A 
 5322      571CA7C8 
 5322      79C3
 5323 1d40 49D2CF64 		.ascii	"I\322\317d\235e2\222\327\235<A\255;5,\243~C\253IS\313"
 5323      9D653292 
 5323      D79D3C41 
 5323      AD3B352C 
 5323      A37E43AB 
 5324 1d57 F3407ADA 		.ascii	"\363@z\3329\340\351\022\202\316\224T\335\327\235z\235"
 5324      39E0E912 
 5324      82CE9454 
 5324      DDD79D7A 
 5324      9D
 5325 1d68 D4CA492D 		.ascii	"\324\312I-\367\361l\327\252>\240Z^\377\0375\352\257"
 5325      F7F16CD7 
 5325      AA3EA05A 
 5325      5EFF1F35 
 5325      EAAF
 5326 1d7a 2FBDAF2B 		.ascii	"/\275\257+\006\2474=\247\351\204A\202\307\032|\"l\261"
 5326      06A7343D 
 5326      A7E98441 
 5326      82C71A7C 
 5326      226CB1
 5327 1d8d 333FB2BE 		.ascii	"3?\262\276\027k\260D\306\333\354\326Y\357\305~h\030"
 5327      176BB044 
 5327      C6DBECD6 
 5327      59EFC57E 
 5327      6818
 5328 1d9f 14397DF2 		.ascii	"\0249}\362\354\304\257\342#\277\373\334\026\037;ar\330"
 5328      ECC4AFE2 
 5328      23BFFBDC 
 5328      161F3B61 
 5328      72D8
 5329 1db1 7F7BFFFD 		.ascii	"\177{\377\375 \374\0279=\372\333\350\370\304\220\340"
 5329      20FC1739 
 5329      3DFADBE8 
 5329      F8C490E0 
 5330 1dc1 E0E0A0F8 		.ascii	"\340\340\240\370\304\240\351\0211A\011\330(1h\362\224"
 5330      C4A0E911 
 5330      314109D8 
 5330      283168F2 
 5330      94
 5331 1dd2 89634282 		.ascii	"\211cB\202\276\372\352\263\240\311\223&\314\014\241"
 5331      BEFAEAB3 
 5331      A0C99326 
 5331      CC0CA1
 5332 1de1 9F842726 		.ascii	"\237\204'&D\207\317\014\011\217\211\211z?\322\374\305"
 5332      4487CF0C 
 5332      098F8989 
 5332      7A3FD2FC 
 5332      C5
 5333 1df2 D7DF0C0F 		.ascii	"\327\337\014\017\015\376\310\360\246\373'\357\217\375"
 5333      0DFEC8F0 
ARM GAS  C:\Users\angio\AppData\Local\Temp\cc9v9wKb.s 			page 202


 5333      A6FB27EF 
 5333      8FFD
 5334 1e00 70EA988F 		.ascii	"p\352\230\217\243\">0\214\015\375\307\277\206R\003\223"
 5334      A3223E30 
 5334      8C0DFDC7 
 5334      BF865203 
 5334      93
 5335 1e11 ED33A2A2 		.ascii	"\3553\242\242\343\377\372}\274\355\273\304\204\210H"
 5335      E3FFFA7D 
 5335      BCEDBBC4 
 5335      848848
 5336 1e20 6BF88C44 		.ascii	"k\370\214D\253\355\257aS\336cV\276\370\360\243\017\303"
 5336      ABEDAF61 
 5336      53DE6356 
 5336      BEF8F0A3 
 5336      0FC3
 5337 1e32 C6BFF7F5 		.ascii	"\306\277\367\3657\241_\215\377\313\330\017\015\243\275"
 5337      37A15F8D 
 5337      FFCBD80F 
 5337      0DA3BD
 5338 1e41 52B3D983 		.ascii	"R\263\331\203\242\343\"cfDY\361\223\304\331\211\357"
 5338      A2E32263 
 5338      664459F1 
 5338      93C4D989 
 5338      EF
 5339 1e52 4F370C66 		.ascii	"O7\014fN}\023\027\243\27158>1\"\306\325\323\337\017"
 5339      4E7D1317 
 5339      A3B93538 
 5339      3E3122C6 
 5339      D5D3DF0F 
 5340 1e66 E829C5A2 		.ascii	"\350)\305\242\336\367\342\242\3715\252\034*\267wQ\352"
 5340      DEF7E2A2 
 5340      F935AA1C 
 5340      2AB77751 
 5340      EA
 5341 1e77 2B3FFC32 		.ascii	"+?\3742\"\306.FN\217\260\275A\037L\231n\263FD\205Y\023"
 5341      22C62E46 
 5341      4E8FB0BD 
 5341      411F4C99 
 5341      6EB34644 
 5342 1e8e 67C45A27 		.ascii	"g\304Z'H\261\211\323\302\355>\221\323\303\355\354\261"
 5342      48B189D3 
 5342      C2ED3E91 
 5342      D3C3EDEC 
 5342      B1
 5343 1e9f 99BF85DB 		.ascii	"\231\277\205\333\007\313\0276\353T\253\315\032\207\276"
 5343      07CB1736 
 5343      EB54ABCD 
 5343      1A87BE
 5344 1eae DBDFA4D1 		.ascii	"\333\337\244\321\302P\205c\020fZ\303m\263\302\243\343"
 5344      C2508563 
 5344      10665AC3 
 5344      6DB3C2A3 
 5344      E3
 5345 1ebf EC569B6D 		.ascii	"\354V\233mF\202\335<\003/\307\204\204\333\003\224\250"
 5345      4682DD3C 
 5345      032FC784 
ARM GAS  C:\Users\angio\AppData\Local\Temp\cc9v9wKb.s 			page 203


 5345      84DB0394 
 5345      A8
 5346 1ed0 46D9A267 		.ascii	"F\331\242gZm>\330\011\237\261\253O\376\203\375fp\263"
 5346      5A6D3ED8 
 5346      099FB1AB 
 5346      4FFE83FD 
 5346      6670B3
 5347 1ee3 6ED7590F 		.ascii	"n\327Y\017P>\262\306E|\033c\015Tn\243\242\023]\356\247"
 5347      503EB2C6 
 5347      457C1B63 
 5347      0D546EA3 
 5347      A2135DEE 
 5348 1ef8 59EDE151 		.ascii	"Y\355\341Q\261\021~\312}t\\\264\335_Uk\217\260\331\375"
 5348      B1117ECA 
 5348      7D745CB4 
 5348      DD5F556B 
 5348      8FB0D9FD 
 5349 1f0c B4BBF804 		.ascii	"\264\273\370\004Um\364\264\270x\233\325\230\030\375"
 5349      556DF4B4 
 5349      B8789BD5 
 5349      9818FD
 5350 1f1b 3FD1EE20 		.ascii	"?\321\356 \325\330,\014i\3344\253\326\306\032\027\245"
 5350      D5D82C0C 
 5350      69DC34AB 
 5350      D6C61A17 
 5350      A5
 5351 1f2c DAB25923 		.ascii	"\332\262Y#\255\350\3670\275\302p\273-\".\021\343\371"
 5351      ADE8F730 
 5351      BDC270BB 
 5351      2D222E11 
 5351      E3F9
 5352 1f3e 73E56942 		.ascii	"s\345iB|L\214US\305\302\030<\226u\210\334o\377\351\307"
 5352      7C4C8C55 
 5352      53C5C218 
 5352      3C967588 
 5352      DC6FFFE9 
 5353 1f53 93CA1A61 		.ascii	"\223\312\032a\213\231\2159\340\0279}\312t\245c\275g"
 5353      8B998D39 
 5353      E017397D 
 5353      CA74A563 
 5353      BD67
 5354 1f65 8F4B3BDE 		.ascii	"\217K;\336\3034!\0030*\223\355x\027\373\271\315j\235"
 5354      C3342103 
 5354      302A93ED 
 5354      7817FBB9 
 5354      CD6A9D
 5355 1f78 3038D11E 		.ascii	"08\321\036\213\235\211\017\2216}\032n\377\343O\356\276"
 5355      8B9D890F 
 5355      91367D1A 
 5355      6EFFE34F 
 5355      EEBE
 5356 1f8a CF268E9B 		.ascii	"\317&\216\233\031\034\244j@\355\201\252\366q1\230\235"
 5356      191CA46A 
 5356      40ED81AA 
 5356      F6713198 
 5356      9D
 5357 1f9b 1302D40F 		.ascii	"\023\002\324\017\243"
ARM GAS  C:\Users\angio\AppData\Local\Temp\cc9v9wKb.s 			page 204


 5357      A3
 5358 1fa0 136DE1AC 		.ascii	"\023m\341\254\007\376\362\355\337\254\221\366\011\330"
 5358      07FEF2ED 
 5358      DFAC91F6 
 5358      09D8
 5359 1fae 1FEF0F68 		.ascii	"\037\357\017hH!\256e\006\352\036Bu[\355a\326\177\233"
 5359      4821AE65 
 5359      06EA1E42 
 5359      755BED61 
 5359      D67F9B
 5360 1fc1 614DB44F 		.ascii	"aM\264O\216\237a\213\264J4\351\202\215\266Y\211\321"
 5360      8E9F618B 
 5360      B44A34E9 
 5360      828DB659 
 5360      89D1
 5361 1fd3 71DFF9D8 		.ascii	"q\337\371\330g!$6>\312\352cS\256$|\267\317\242\257\266"
 5361      67212436 
 5361      3ECAEA63 
 5361      53AE247C 
 5361      B7CFA2AF 
 5362 1fe8 590455F9 		.ascii	"Y\004U\371b\203\360)\263\023\254\237Y\247J\2613\260"
 5362      6283F029 
 5362      B313AC9F 
 5362      59A74AB1 
 5362      33B0
 5363 1ffa F448F1DF 		.ascii	"\364H\361\337\307Y"
 5363      C759
 5364 2000 6D122A9D 		.ascii	"m\022*\235a\025\343\254\263\354f\034!\354\316\242\\"
 5364      6115E3AC 
 5364      B3EC661C 
 5364      21ECCEA2 
 5364      5C
 5365 2011 84DBC504 		.ascii	"\204\333\305\004\233u\346O\350\237\230\350D;\2152\325"
 5365      9B75E64F 
 5365      E89F98E8 
 5365      443B8D32 
 5365      D5
 5366 2022 C1B49BD8 		.ascii	"\301\264\233\330k\270\375'\024\214X\373,l\351\2378;"
 5366      6BB8FD27 
 5366      148C58FB 
 5366      2C6CE99F 
 5366      383B
 5367 2034 2E52CD1E 		.ascii	".R\315\036cd|\334\324\350i\352P\343\267t\250\205\262"
 5367      63647CDC 
 5367      D4E869EA 
 5367      50E3B774 
 5367      A885B2
 5368 2047 2B0953D9 		.ascii	"+\011S\331n\265\340G\354\"\334n\266\317Jd\221\361\017"
 5368      6EB5E047 
 5368      EC22DC6E 
 5368      B6CF4A64 
 5368      91F10F
 5369 205a C724B587 		.ascii	"\307$\265\207\177:n\362\370Ia\023\374#b\276\217\230"
 5369      7F3A6EF2 
 5369      F8496113 
 5369      FC2362BE 
 5369      8F98
ARM GAS  C:\Users\angio\AppData\Local\Temp\cc9v9wKb.s 			page 205


 5370 206c 9D88C320 		.ascii	"\235\210\303 &:\316\032\352\225Ld|ll|\\\020F h\\\330"
 5370      263ACE1A 
 5370      EA954C64 
 5370      7C6C6C7C 
 5370      5C104620 
 5371 2083 C4A0D089 		.ascii	"\304\240\320\211\223'L\016\012\305\321\0204A\341\030"
 5371      93274C0E 
 5371      0AC5D110 
 5371      3441E118 
 5372 2093 9B189D18 		.ascii	"\233\030\235\030>-2\022y\372\320d\010\247\025\350\243"
 5372      3E2D3212 
 5372      79FAD064 
 5372      08A715E8 
 5372      A3
 5373 20a4 D769E329 		.ascii	"\327i\343)\203\372f~\364\336\304\367\306}5\005qX\362"
 5373      83FA667E 
 5373      F4DEC4F7 
 5373      C67D3505 
 5373      7158F2
 5374 20b7 ADB434AA 		.ascii	"\255\2644\252\032\302\247b\021\013\307\014\361e\217"
 5374      1AC2A762 
 5374      110BC70C 
 5374      F1658F
 5375 20c6 66B0C236 		.ascii	"f\260\3026Tw\255\002\314\230Z1\011\266\350x\223\235"
 5375      5477AD02 
 5375      CC985A31 
 5375      09B6E878 
 5375      939D
 5376 20d8 BE86DB4D 		.ascii	"\276\206\333M\0305\032t\2635\001\207dt\3344_\353Lk\234"
 5376      18351A74 
 5376      B3350187 
 5376      6474DC34 
 5376      5FEB4C6B 
 5377 20ed 3D3622F1 		.ascii	"=6\"\361;\014\006V<\326\201\246\357#\242\355\370\241"
 5377      3B0C0656 
 5377      3CD681A6 
 5377      EF23A2ED 
 5377      F8A1
 5378 20ff 09BB85A2 		.ascii	"\011\273\205\242}\344\367p;\3140Z\277\247h\343\367v"
 5378      7DE4F770 
 5378      3BCC305A 
 5378      BFA768E3 
 5378      F776
 5379 2111 5495806F 		.ascii	"T\225\200o\211\326\330\004\034_\030\276\330\210\204"
 5379      89D6D804 
 5379      1C5F18BE 
 5379      D88884
 5380 2120 E9C8D594 		.ascii	"\351\310\325\224H5&N\223\276\267\333m\024\021\377\355"
 5380      4835264E 
 5380      93BEB7DB 
 5380      6D1411FF 
 5380      ED
 5381 2131 DF12CCD6 		.ascii	"\337\022\314\326Y\321\366H\3140\243-j6~\370\023\006"
 5381      59D1F648 
 5381      CC30A32D 
 5381      6A367EF8 
 5381      1306
ARM GAS  C:\Users\angio\AppData\Local\Temp\cc9v9wKb.s 			page 206


 5382 2143 613CCB7C 		.ascii	"a<\313|\232\036\"\226\332D\223\235\276\206\333\245\251"
 5382      9A1E2296 
 5382      DA44939D 
 5382      BE86DBA5 
 5382      A9
 5383 2154 3111D3F0 		.ascii	"1\021\323\360\216\246+\355@\271'\215\337G|\033\221\210"
 5383      8EA62BED 
 5383      40B9278D 
 5383      DF477C1B 
 5383      9188
 5384 2166 7D6BFF2E 		.ascii	"}k\377.\"\006\313\022&a\\D\2545\000\231\305\323\216"
 5384      2206CB12 
 5384      26615C44 
 5384      AC350099 
 5384      C5D38E
 5385 2179 4418966A 		.ascii	"D\030\226j\177\3355\266\2611wI\244}\026\232\230\226"
 5385      7FDD35B6 
 5385      B1317749 
 5385      A47D169A 
 5385      9896
 5386 218b 688CB1D1 		.ascii	"h\214\261\321\202Cl\301\301(\037\010\266\177\020l\037"
 5386      82436CC1 
 5386      C1281F08 
 5386      B67F106C 
 5386      1F
 5387 219c 0BB68F04 		.ascii	"\013\266\217\004\333X\301\366\007\301\366\241\211\232"
 5387      DB58C1F6 
 5387      07C1F6A1 
 5387      899A
 5388 21aa C048F2C0 		.ascii	"\300H\362\300cE\302\226Bb\002\277\305L\300[?v\215\211"
 5388      6345C296 
 5388      426202BF 
 5388      C54CC05B 
 5388      3F768D89 
 5389 21be 87796C27 		.ascii	"\207yl'\323\243l\306\004f\344\015$B\373\300\026m\237"
 5389      D3A36CC6 
 5389      0466E40D 
 5389      2442FBC0 
 5389      166D9F
 5390 21d1 CD87C910 		.ascii	"\315\207\311\020\217'l\340D\307\2134\326RlB||\014\211"
 5390      8F276CE0 
 5390      44C78B34 
 5390      D6526C42 
 5390      7C7C0C89 
 5391 21e5 B4054B89 		.ascii	"\264\005K\2118\303F\371\321\002\030>5\"\321\3761\022"
 5391      38C346F9 
 5391      D102183E 
 5391      3522D1FE 
 5391      3112
 5392 21f7 C747F1B4 		.ascii	"\307G\361\264&\263r1-\201v\255%:\236>\213\306\031\312"
 5392      26B37231 
 5392      2D8176AD 
 5392      253A9E3E 
 5392      8BC619CA 
 5393 220b 8CC53FDE 		.ascii	"\214\305?\336\026\036\371\255\0113=\362[\354\366\250"
 5393      161EF9AD 
 5393      09333DF2 
ARM GAS  C:\Users\angio\AppData\Local\Temp\cc9v9wKb.s 			page 207


 5393      5BECF6A8 
 5394 221b 087B04DE 		.ascii	"\010{\004\336K\2111\0213\255R\370\247\250\332\034\031"
 5394      4B893111 
 5394      33AD52F8 
 5394      A7A8DA1C 
 5394      19
 5395 222c 6D8B9C11 		.ascii	"m\213\234\021\023aC\033!\246\011!\223C?\377\"\3148\345"
 5395      1361431B 
 5395      21A60921 
 5395      93433FFF 
 5395      22CC38E5 
 5396 2240 9F42C342 		.ascii	"\237B\303B\303\214a\354M\302\227Ia\302ga\302\3440\022"
 5396      C38C61EC 
 5396      4DC29749 
 5396      61C26761 
 5396      C2E43012 
 5397 2254 1A168212 		.ascii	"\032\026\202\022,!rR\230\367\242\247\033\022\223\247"
 5397      2C217252 
 5397      98F7A2A7 
 5397      1B1293A7 
 5398 2264 04C92B81 		.ascii	"\004\311+\201Y\263x\311\233\206k\202Yt\310\372$Zc\246"
 5398      59B378C9 
 5398      9B866B82 
 5398      5974C8FA 
 5398      245A63A6 
 5399 2278 46C745E1 		.ascii	"F\307E\341h\247>\241;R\342\364\350\251v\022;c\326\317"
 5399      68A73EA1 
 5399      3B52E2F4 
 5399      E8A97612 
 5399      3B63D6CF 
 5400 228c B0464EFC 		.ascii	"\260FN\374\346\237\302C\261\350\307Yc\324\322\023Is"
 5400      E69FC243 
 5400      B1E8C759 
 5400      63D4D213 
 5400      4973
 5401 229e CE14C99F 		.ascii	"\316\024\311\237\016A\220;\202`\311\362\245\317\345"
 5401      0E41903B 
 5401      8260C9F2 
 5401      A5CFE5
 5402 22ad 7BE34CCC 		.ascii	"{\343L\314\235x\233\030:i\034\272\361\365gS\320\201"
 5402      9D789B18 
 5402      3A691CBA 
 5402      F1F56753 
 5402      D081
 5403 22bf D0303174 		.ascii	"\32001t\342\2700\202\363\2778\341s\346\036:IB\361\366"
 5403      E2B83082 
 5403      F3BF38E1 
 5403      73E61E3A 
 5403      4942F1F6 
 5404 22d3 D3CF42C3 		.ascii	"\323\317B\303|\302\306O\036\037\366\337\307\177\366"
 5404      7CC2C64F 
 5404      1E1FF6DF 
 5404      C77FF6
 5405 22e2 0F5268E8 		.ascii	"\017Rh\350\204I\332\375\307>\343&}\0322y\342\370\257"
 5405      8449DAFD 
 5405      C73EE326 
 5405      7D1A3279 
ARM GAS  C:\Users\angio\AppData\Local\Temp\cc9v9wKb.s 			page 208


 5405      E2F8AF
 5406 22f5 C32C7815 		.ascii	"\303,x\025\314\256B\264\313`\025\371\221\317\270/?\035"
 5406      CCAE42B4 
 5406      CB6015F9 
 5406      91CFB82F 
 5406      3F1D
 5407 2307 C31ED2AB 		.ascii	"\303\036\322\253\020\365\212\003U\334X\023\325\210O"
 5407      10F58A03 
 5407      55DC5813 
 5407      D5884F
 5408 2316 CC5409D5 		.ascii	"\314T\011\325\246\\h\272\376`\242\272\360\021}\017\221"
 5408      A65C68BA 
 5408      FE60A2BA 
 5408      F0117D0F 
 5408      91
 5409 2327 DF83F55A 		.ascii	"\337\203\365Z>\244\215B\302&O\011\243\004\203\351E\210"
 5409      3EA48D42 
 5409      C2264F09 
 5409      A30483E9 
 5409      4588
 5410 2339 7AA5291A 		.ascii	"z\245)\032c\246\212\3503z\021\242\\0\224\012\012\021"
 5410      63A68AE8 
 5410      337A11A2 
 5410      5C30940A 
 5410      0A11
 5411 234b 4327D0F8 		.ascii	"C'\320\370L\370\234\276\214\327>\320\364|`\232\364\325"
 5411      4CF89CBE 
 5411      8CD73ED0 
 5411      F47C609A 
 5411      F4D5
 5412 235d 57344944 		.ascii	"W4ID\372\"M\010\235\034\032&`\256\260`\205\370\206\205"
 5412      FA224D08 
 5412      9D1C1A26 
 5412      60AEB060 
 5412      85F88685 
 5413 2371 862AC1B7 		.ascii	"\206*\301\267\204\207O\235\201e9\374\375\261f\345R{"
 5413      84874F9D 
 5413      816539FC 
 5413      FDB166E5 
 5413      527B
 5414 2383 F607EDF2 		.ascii	"\366\007\355\362C\355r\214v\031\242]\006k\227\037\374"
 5414      43ED728C 
 5414      7619A25D 
 5414      066B971F 
 5414      FC
 5415 2394 1F23883C 		.ascii	"\037#\210<\257"
 5415      AF
 5416              		.text
 5417              		.section	.gnu.lto_.symtab.1f2b0ecc,"e",%progbits
 5418 0000 53504944 		.ascii	"SPID1\000"
 5418      3100
 5419 0006 00       		.ascii	"\000"
 5420 0007 00       		.ascii	"\000"
 5421 0008 00       		.ascii	"\000"
 5422 0009 00000000 		.ascii	"\000\000\000\000\000\000\000\000"
 5422      00000000 
 5423 0011 98010000 		.ascii	"\230\001\000\000"
ARM GAS  C:\Users\angio\AppData\Local\Temp\cc9v9wKb.s 			page 209


 5424 0015 7370695F 		.ascii	"spi_lld_init\000"
 5424      6C6C645F 
 5424      696E6974 
 5424      00
 5425 0022 00       		.ascii	"\000"
 5426 0023 00       		.ascii	"\000"
 5427 0024 00       		.ascii	"\000"
 5428 0025 00000000 		.ascii	"\000\000\000\000\000\000\000\000"
 5428      00000000 
 5429 002d FE000000 		.ascii	"\376\000\000\000"
 5430 0031 7370695F 		.ascii	"spi_lld_start\000"
 5430      6C6C645F 
 5430      73746172 
 5430      7400
 5431 003f 00       		.ascii	"\000"
 5432 0040 00       		.ascii	"\000"
 5433 0041 00       		.ascii	"\000"
 5434 0042 00000000 		.ascii	"\000\000\000\000\000\000\000\000"
 5434      00000000 
 5435 004a 02010000 		.ascii	"\002\001\000\000"
 5436 004e 7370695F 		.ascii	"spi_lld_stop\000"
 5436      6C6C645F 
 5436      73746F70 
 5436      00
 5437 005b 00       		.ascii	"\000"
 5438 005c 00       		.ascii	"\000"
 5439 005d 00       		.ascii	"\000"
 5440 005e 00000000 		.ascii	"\000\000\000\000\000\000\000\000"
 5440      00000000 
 5441 0066 04010000 		.ascii	"\004\001\000\000"
 5442 006a 7370695F 		.ascii	"spi_lld_ignore\000"
 5442      6C6C645F 
 5442      69676E6F 
 5442      726500
 5443 0079 00       		.ascii	"\000"
 5444 007a 00       		.ascii	"\000"
 5445 007b 00       		.ascii	"\000"
 5446 007c 00000000 		.ascii	"\000\000\000\000\000\000\000\000"
 5446      00000000 
 5447 0084 0D010000 		.ascii	"\015\001\000\000"
 5448 0088 7370695F 		.ascii	"spi_lld_exchange\000"
 5448      6C6C645F 
 5448      65786368 
 5448      616E6765 
 5448      00
 5449 0099 00       		.ascii	"\000"
 5450 009a 00       		.ascii	"\000"
 5451 009b 00       		.ascii	"\000"
 5452 009c 00000000 		.ascii	"\000\000\000\000\000\000\000\000"
 5452      00000000 
 5453 00a4 14010000 		.ascii	"\024\001\000\000"
 5454 00a8 7370695F 		.ascii	"spi_lld_send\000"
 5454      6C6C645F 
 5454      73656E64 
 5454      00
 5455 00b5 00       		.ascii	"\000"
 5456 00b6 00       		.ascii	"\000"
ARM GAS  C:\Users\angio\AppData\Local\Temp\cc9v9wKb.s 			page 210


 5457 00b7 00       		.ascii	"\000"
 5458 00b8 00000000 		.ascii	"\000\000\000\000\000\000\000\000"
 5458      00000000 
 5459 00c0 1A010000 		.ascii	"\032\001\000\000"
 5460 00c4 7370695F 		.ascii	"spi_lld_receive\000"
 5460      6C6C645F 
 5460      72656365 
 5460      69766500 
 5461 00d4 00       		.ascii	"\000"
 5462 00d5 00       		.ascii	"\000"
 5463 00d6 00       		.ascii	"\000"
 5464 00d7 00000000 		.ascii	"\000\000\000\000\000\000\000\000"
 5464      00000000 
 5465 00df 20010000 		.ascii	" \001\000\000"
 5466 00e3 7370695F 		.ascii	"spi_lld_stop_transfer\000"
 5466      6C6C645F 
 5466      73746F70 
 5466      5F747261 
 5466      6E736665 
 5467 00f9 00       		.ascii	"\000"
 5468 00fa 00       		.ascii	"\000"
 5469 00fb 00       		.ascii	"\000"
 5470 00fc 00000000 		.ascii	"\000\000\000\000\000\000\000\000"
 5470      00000000 
 5471 0104 26010000 		.ascii	"&\001\000\000"
 5472 0108 7370695F 		.ascii	"spi_lld_polled_exchange\000"
 5472      6C6C645F 
 5472      706F6C6C 
 5472      65645F65 
 5472      78636861 
 5473 0120 00       		.ascii	"\000"
 5474 0121 00       		.ascii	"\000"
 5475 0122 00       		.ascii	"\000"
 5476 0123 00000000 		.ascii	"\000\000\000\000\000\000\000\000"
 5476      00000000 
 5477 012b 2F010000 		.ascii	"/\001\000\000"
 5478 012f 63685379 		.ascii	"chSysHalt\000"
 5478      7348616C 
 5478      7400
 5479 0139 00       		.ascii	"\000"
 5480 013a 02       		.ascii	"\002"
 5481 013b 00       		.ascii	"\000"
 5482 013c 00000000 		.ascii	"\000\000\000\000\000\000\000\000"
 5482      00000000 
 5483 0144 31010000 		.ascii	"1\001\000\000"
 5484 0148 63685468 		.ascii	"chThdResumeI\000"
 5484      64526573 
 5484      756D6549 
 5484      00
 5485 0155 00       		.ascii	"\000"
 5486 0156 02       		.ascii	"\002"
 5487 0157 00       		.ascii	"\000"
 5488 0158 00000000 		.ascii	"\000\000\000\000\000\000\000\000"
 5488      00000000 
 5489 0160 33010000 		.ascii	"3\001\000\000"
 5490 0164 646D6153 		.ascii	"dmaStreamFreeI\000"
 5490      74726561 
ARM GAS  C:\Users\angio\AppData\Local\Temp\cc9v9wKb.s 			page 211


 5490      6D467265 
 5490      654900
 5491 0173 00       		.ascii	"\000"
 5492 0174 02       		.ascii	"\002"
 5493 0175 00       		.ascii	"\000"
 5494 0176 00000000 		.ascii	"\000\000\000\000\000\000\000\000"
 5494      00000000 
 5495 017e 3B010000 		.ascii	";\001\000\000"
 5496 0182 646D6153 		.ascii	"dmaStreamAllocI\000"
 5496      74726561 
 5496      6D416C6C 
 5496      6F634900 
 5497 0192 00       		.ascii	"\000"
 5498 0193 02       		.ascii	"\002"
 5499 0194 00       		.ascii	"\000"
 5500 0195 00000000 		.ascii	"\000\000\000\000\000\000\000\000"
 5500      00000000 
 5501 019d 48010000 		.ascii	"H\001\000\000"
 5502 01a1 7370694F 		.ascii	"spiObjectInit\000"
 5502      626A6563 
 5502      74496E69 
 5502      7400
 5503 01af 00       		.ascii	"\000"
 5504 01b0 02       		.ascii	"\002"
 5505 01b1 00       		.ascii	"\000"
 5506 01b2 00000000 		.ascii	"\000\000\000\000\000\000\000\000"
 5506      00000000 
 5507 01ba 4A010000 		.ascii	"J\001\000\000"
 5508 01be 646D6153 		.ascii	"dmaSetRequestSource\000"
 5508      65745265 
 5508      71756573 
 5508      74536F75 
 5508      72636500 
 5509 01d2 00       		.ascii	"\000"
 5510 01d3 02       		.ascii	"\002"
 5511 01d4 00       		.ascii	"\000"
 5512 01d5 00000000 		.ascii	"\000\000\000\000\000\000\000\000"
 5512      00000000 
 5513 01dd 4F010000 		.ascii	"O\001\000\000"
 5514              		.text
 5515              		.section	.gnu.lto_.ext_symtab.1f2b0ecc,"e",%progbits
 5516 0000 01       		.ascii	"\001"
 5517 0001 02       		.ascii	"\002"
 5518 0002 01       		.ascii	"\001"
 5519 0003 01       		.ascii	"\001"
 5520 0004 00       		.ascii	"\000"
 5521 0005 01       		.ascii	"\001"
 5522 0006 00       		.ascii	"\000"
 5523 0007 01       		.ascii	"\001"
 5524 0008 00       		.ascii	"\000"
 5525 0009 01       		.ascii	"\001"
 5526 000a 00       		.ascii	"\000"
 5527 000b 01       		.ascii	"\001"
 5528 000c 00       		.ascii	"\000"
 5529 000d 01       		.ascii	"\001"
 5530 000e 00       		.ascii	"\000"
 5531 000f 01       		.ascii	"\001"
ARM GAS  C:\Users\angio\AppData\Local\Temp\cc9v9wKb.s 			page 212


 5532 0010 00       		.ascii	"\000"
 5533 0011 01       		.ascii	"\001"
 5534 0012 00       		.ascii	"\000"
 5535 0013 01       		.ascii	"\001"
 5536 0014 00       		.ascii	"\000"
 5537 0015 01       		.ascii	"\001"
 5538 0016 00       		.ascii	"\000"
 5539 0017 01       		.ascii	"\001"
 5540 0018 00       		.ascii	"\000"
 5541 0019 01       		.ascii	"\001"
 5542 001a 00       		.ascii	"\000"
 5543 001b 01       		.ascii	"\001"
 5544 001c 00       		.ascii	"\000"
 5545 001d 01       		.ascii	"\001"
 5546 001e 00       		.ascii	"\000"
 5547 001f 01       		.ascii	"\001"
 5548 0020 00       		.ascii	"\000"
 5549              		.text
 5550              		.section	.gnu.lto_.opts,"e",%progbits
 5551 0000 272D666E 		.ascii	"'-fno-openmp' '-fno-openacc' '-fno-pie' '-fcf-prote"
 5551      6F2D6F70 
 5551      656E6D70 
 5551      2720272D 
 5551      666E6F2D 
 5552 0033 6374696F 		.ascii	"ction=none' '-g' '-mcpu=cortex-m4' '-mthumb' '-mflo"
 5552      6E3D6E6F 
 5552      6E652720 
 5552      272D6727 
 5552      20272D6D 
 5553 0066 61742D61 		.ascii	"at-abi=soft' '-mlibarch=armv7e-m' '-march=armv7e-m'"
 5553      62693D73 
 5553      6F667427 
 5553      20272D6D 
 5553      6C696261 
 5554 0099 20272D4F 		.ascii	" '-O0' '-fomit-frame-pointer' '-falign-functions=16"
 5554      30272027 
 5554      2D666F6D 
 5554      69742D66 
 5554      72616D65 
 5555 00cc 2720272D 		.ascii	"' '-ffunction-sections' '-fdata-sections' '-fno-com"
 5555      6666756E 
 5555      6374696F 
 5555      6E2D7365 
 5555      6374696F 
 5556 00ff 6D6F6E27 		.ascii	"mon' '-flto' '-Xassembler' '-alms=./build/lst/hal_s"
 5556      20272D66 
 5556      6C746F27 
 5556      20272D58 
 5556      61737365 
 5557 0132 70695F76 		.ascii	"pi_v2_lld.lst'\000"
 5557      325F6C6C 
 5557      642E6C73 
 5557      742700
 5558              		.text
 5559              		.comm	__gnu_lto_slim,1,1
 5560              		.ident	"GCC: (GNU Arm Embedded Toolchain 10.3-2021.10) 10.3.1 20210824 (release)"
ARM GAS  C:\Users\angio\AppData\Local\Temp\cc9v9wKb.s 			page 213


DEFINED SYMBOLS
                            *ABS*:00000000 hal_spi_v2_lld.c
C:\Users\angio\AppData\Local\Temp\cc9v9wKb.s:42     .gnu.debuglto_.debug_info:00000000 hal_spi_v2_lld.c.64f38da0
                            *COM*:00000001 __gnu_lto_slim

NO UNDEFINED SYMBOLS
