ARM GAS  C:\Users\angio\AppData\Local\Temp\ccBoW3RA.s 			page 1


   1              		.cpu cortex-m4
   2              		.arch armv7e-m
   3              		.fpu softvfp
   4              		.eabi_attribute 20, 1
   5              		.eabi_attribute 21, 1
   6              		.eabi_attribute 23, 3
   7              		.eabi_attribute 24, 1
   8              		.eabi_attribute 25, 1
   9              		.eabi_attribute 26, 1
  10              		.eabi_attribute 30, 6
  11              		.eabi_attribute 34, 1
  12              		.eabi_attribute 18, 4
  13              		.file	"hal_queues.c"
  14              		.file 1 "c:\\chibistudio\\tools\\gnu tools arm embedded\\10.3 2021.10\\lib\\gcc\\arm-none-eabi\\10
  15              		.file 2 "c:\\chibistudio\\tools\\gnu tools arm embedded\\10.3 2021.10\\arm-none-eabi\\include\\mac
  16              		.file 3 "c:\\chibistudio\\tools\\gnu tools arm embedded\\10.3 2021.10\\arm-none-eabi\\include\\sys
  17              		.file 4 "../../chibios2111/os/rt/include/chearly.h"
  18              		.file 5 "../../chibios2111/os/rt/include/chtime.h"
  19              		.file 6 "../../chibios2111/os/rt/include/chlists.h"
  20              		.file 7 "../../chibios2111/os/rt/include/chobjects.h"
  21              		.file 8 "../../chibios2111/os/hal/include/hal_queues.h"
  22              		.file 9 "../../chibios2111/os/hal/src/hal_queues.c"
  23              		.file 10 "../../chibios2111/os/hal/osal/rt-nil/osal.h"
  24              		.file 11 "../../chibios2111/os/rt/include/chthreads.h"
  25              		.file 12 "../../chibios2111/os/rt/include/chsys.h"
  26              		.file 13 "../../chibios2111/os/common/ports/ARMv7-M-ALT/chcore.h"
  27              		.file 14 "../../chibios2111/os/common/ext/ARM/CMSIS/Core/Include/cmsis_gcc.h"
  28              		.section	.gnu.debuglto_.debug_info,"e",%progbits
  29              	.Ldebug_info0:
  30              		.hidden	hal_queues.c.5ee7fa76
  31              		.weak	hal_queues.c.5ee7fa76
  32              	hal_queues.c.5ee7fa76:
  33 0000 03080000 		.4byte	0x803
  34 0004 0400     		.2byte	0x4
  35 0006 00000000 		.4byte	.Ldebug_abbrev0
  36 000a 04       		.byte	0x4
  37 000b 01       		.uleb128 0x1
  38 000c 68000000 		.4byte	.LASF77
  39 0010 0C       		.byte	0xc
  40 0011 EF010000 		.4byte	.LASF78
  41 0015 32000000 		.4byte	.LASF79
  42 0019 00000000 		.4byte	.Ldebug_line0
  43 001d 02       		.uleb128 0x2
  44 001e 04       		.byte	0x4
  45 001f 05       		.byte	0x5
  46 0020 696E7400 		.ascii	"int\000"
  47 0024 03       		.uleb128 0x3
  48 0025 44010000 		.4byte	.LASF4
  49 0029 01       		.byte	0x1
  50 002a D1       		.byte	0xd1
  51 002b 17       		.byte	0x17
  52 002c 35000000 		.4byte	0x35
  53 0030 04       		.uleb128 0x4
  54 0031 24000000 		.4byte	0x24
  55 0035 05       		.uleb128 0x5
  56 0036 04       		.byte	0x4
  57 0037 07       		.byte	0x7
ARM GAS  C:\Users\angio\AppData\Local\Temp\ccBoW3RA.s 			page 2


  58 0038 04030000 		.4byte	.LASF0
  59 003c 05       		.uleb128 0x5
  60 003d 08       		.byte	0x8
  61 003e 05       		.byte	0x5
  62 003f 34020000 		.4byte	.LASF1
  63 0043 05       		.uleb128 0x5
  64 0044 08       		.byte	0x8
  65 0045 04       		.byte	0x4
  66 0046 28020000 		.4byte	.LASF2
  67 004a 05       		.uleb128 0x5
  68 004b 01       		.byte	0x1
  69 004c 06       		.byte	0x6
  70 004d D8020000 		.4byte	.LASF3
  71 0051 03       		.uleb128 0x3
  72 0052 7A020000 		.4byte	.LASF5
  73 0056 02       		.byte	0x2
  74 0057 2B       		.byte	0x2b
  75 0058 18       		.byte	0x18
  76 0059 5D000000 		.4byte	0x5d
  77 005d 05       		.uleb128 0x5
  78 005e 01       		.byte	0x1
  79 005f 08       		.byte	0x8
  80 0060 AE020000 		.4byte	.LASF6
  81 0064 05       		.uleb128 0x5
  82 0065 02       		.byte	0x2
  83 0066 05       		.byte	0x5
  84 0067 3A010000 		.4byte	.LASF7
  85 006b 05       		.uleb128 0x5
  86 006c 02       		.byte	0x2
  87 006d 07       		.byte	0x7
  88 006e 1A030000 		.4byte	.LASF8
  89 0072 03       		.uleb128 0x3
  90 0073 0B040000 		.4byte	.LASF9
  91 0077 02       		.byte	0x2
  92 0078 4D       		.byte	0x4d
  93 0079 18       		.byte	0x18
  94 007a 7E000000 		.4byte	0x7e
  95 007e 05       		.uleb128 0x5
  96 007f 04       		.byte	0x4
  97 0080 05       		.byte	0x5
  98 0081 47030000 		.4byte	.LASF10
  99 0085 03       		.uleb128 0x3
 100 0086 E1030000 		.4byte	.LASF11
 101 008a 02       		.byte	0x2
 102 008b 4F       		.byte	0x4f
 103 008c 19       		.byte	0x19
 104 008d 91000000 		.4byte	0x91
 105 0091 05       		.uleb128 0x5
 106 0092 04       		.byte	0x4
 107 0093 07       		.byte	0x7
 108 0094 A5030000 		.4byte	.LASF12
 109 0098 05       		.uleb128 0x5
 110 0099 08       		.byte	0x8
 111 009a 07       		.byte	0x7
 112 009b E4020000 		.4byte	.LASF13
 113 009f 06       		.uleb128 0x6
 114 00a0 04       		.byte	0x4
ARM GAS  C:\Users\angio\AppData\Local\Temp\ccBoW3RA.s 			page 3


 115 00a1 05       		.uleb128 0x5
 116 00a2 01       		.byte	0x1
 117 00a3 08       		.byte	0x8
 118 00a4 42030000 		.4byte	.LASF14
 119 00a8 07       		.uleb128 0x7
 120 00a9 A1000000 		.4byte	0xa1
 121 00ad 03       		.uleb128 0x3
 122 00ae CB010000 		.4byte	.LASF15
 123 00b2 03       		.byte	0x3
 124 00b3 18       		.byte	0x18
 125 00b4 13       		.byte	0x13
 126 00b5 51000000 		.4byte	0x51
 127 00b9 07       		.uleb128 0x7
 128 00ba AD000000 		.4byte	0xad
 129 00be 03       		.uleb128 0x3
 130 00bf 50030000 		.4byte	.LASF16
 131 00c3 03       		.byte	0x3
 132 00c4 2C       		.byte	0x2c
 133 00c5 13       		.byte	0x13
 134 00c6 72000000 		.4byte	0x72
 135 00ca 03       		.uleb128 0x3
 136 00cb FB020000 		.4byte	.LASF17
 137 00cf 03       		.byte	0x3
 138 00d0 30       		.byte	0x30
 139 00d1 14       		.byte	0x14
 140 00d2 85000000 		.4byte	0x85
 141 00d6 03       		.uleb128 0x3
 142 00d7 5D040000 		.4byte	.LASF18
 143 00db 04       		.byte	0x4
 144 00dc 58       		.byte	0x58
 145 00dd 19       		.byte	0x19
 146 00de BE000000 		.4byte	0xbe
 147 00e2 03       		.uleb128 0x3
 148 00e3 71030000 		.4byte	.LASF19
 149 00e7 05       		.byte	0x5
 150 00e8 79       		.byte	0x79
 151 00e9 12       		.byte	0x12
 152 00ea CA000000 		.4byte	0xca
 153 00ee 03       		.uleb128 0x3
 154 00ef E4010000 		.4byte	.LASF20
 155 00f3 06       		.byte	0x6
 156 00f4 3F       		.byte	0x3f
 157 00f5 19       		.byte	0x19
 158 00f6 FA000000 		.4byte	0xfa
 159 00fa 08       		.uleb128 0x8
 160 00fb 2C040000 		.4byte	.LASF23
 161 00ff 08       		.byte	0x8
 162 0100 06       		.byte	0x6
 163 0101 45       		.byte	0x45
 164 0102 08       		.byte	0x8
 165 0103 22010000 		.4byte	0x122
 166 0107 09       		.uleb128 0x9
 167 0108 6B040000 		.4byte	.LASF21
 168 010c 06       		.byte	0x6
 169 010d 46       		.byte	0x46
 170 010e 1A       		.byte	0x1a
 171 010f 22010000 		.4byte	0x122
ARM GAS  C:\Users\angio\AppData\Local\Temp\ccBoW3RA.s 			page 4


 172 0113 00       		.byte	0
 173 0114 09       		.uleb128 0x9
 174 0115 D3020000 		.4byte	.LASF22
 175 0119 06       		.byte	0x6
 176 011a 47       		.byte	0x47
 177 011b 1A       		.byte	0x1a
 178 011c 22010000 		.4byte	0x122
 179 0120 04       		.byte	0x4
 180 0121 00       		.byte	0
 181 0122 0A       		.uleb128 0xa
 182 0123 04       		.byte	0x4
 183 0124 EE000000 		.4byte	0xee
 184 0128 08       		.uleb128 0x8
 185 0129 D3010000 		.4byte	.LASF24
 186 012d 08       		.byte	0x8
 187 012e 07       		.byte	0x7
 188 012f 8F       		.byte	0x8f
 189 0130 10       		.byte	0x10
 190 0131 43010000 		.4byte	0x143
 191 0135 09       		.uleb128 0x9
 192 0136 9F020000 		.4byte	.LASF25
 193 013a 07       		.byte	0x7
 194 013b 93       		.byte	0x93
 195 013c 21       		.byte	0x21
 196 013d EE000000 		.4byte	0xee
 197 0141 00       		.byte	0
 198 0142 00       		.byte	0
 199 0143 03       		.uleb128 0x3
 200 0144 22000000 		.4byte	.LASF26
 201 0148 07       		.byte	0x7
 202 0149 94       		.byte	0x94
 203 014a 03       		.byte	0x3
 204 014b 28010000 		.4byte	0x128
 205 014f 05       		.uleb128 0x5
 206 0150 01       		.byte	0x1
 207 0151 02       		.byte	0x2
 208 0152 5F030000 		.4byte	.LASF27
 209 0156 0A       		.uleb128 0xa
 210 0157 04       		.byte	0x4
 211 0158 AD000000 		.4byte	0xad
 212 015c 0A       		.uleb128 0xa
 213 015d 04       		.byte	0x4
 214 015e B9000000 		.4byte	0xb9
 215 0162 03       		.uleb128 0x3
 216 0163 4B010000 		.4byte	.LASF28
 217 0167 08       		.byte	0x8
 218 0168 3A       		.byte	0x3a
 219 0169 19       		.byte	0x19
 220 016a 6E010000 		.4byte	0x16e
 221 016e 08       		.uleb128 0x8
 222 016f C2010000 		.4byte	.LASF29
 223 0173 24       		.byte	0x24
 224 0174 08       		.byte	0x8
 225 0175 4B       		.byte	0x4b
 226 0176 08       		.byte	0x8
 227 0177 E4010000 		.4byte	0x1e4
 228 017b 09       		.uleb128 0x9
ARM GAS  C:\Users\angio\AppData\Local\Temp\ccBoW3RA.s 			page 5


 229 017c 9B030000 		.4byte	.LASF30
 230 0180 08       		.byte	0x8
 231 0181 4C       		.byte	0x4c
 232 0182 19       		.byte	0x19
 233 0183 43010000 		.4byte	0x143
 234 0187 00       		.byte	0
 235 0188 09       		.uleb128 0x9
 236 0189 1E020000 		.4byte	.LASF31
 237 018d 08       		.byte	0x8
 238 018e 4D       		.byte	0x4d
 239 018f 19       		.byte	0x19
 240 0190 30000000 		.4byte	0x30
 241 0194 08       		.byte	0x8
 242 0195 09       		.uleb128 0x9
 243 0196 A5020000 		.4byte	.LASF32
 244 019a 08       		.byte	0x8
 245 019b 4E       		.byte	0x4e
 246 019c 1A       		.byte	0x1a
 247 019d 56010000 		.4byte	0x156
 248 01a1 0C       		.byte	0xc
 249 01a2 09       		.uleb128 0x9
 250 01a3 4B040000 		.4byte	.LASF33
 251 01a7 08       		.byte	0x8
 252 01a8 4F       		.byte	0x4f
 253 01a9 1A       		.byte	0x1a
 254 01aa 56010000 		.4byte	0x156
 255 01ae 10       		.byte	0x10
 256 01af 09       		.uleb128 0x9
 257 01b0 43040000 		.4byte	.LASF34
 258 01b4 08       		.byte	0x8
 259 01b5 51       		.byte	0x51
 260 01b6 1A       		.byte	0x1a
 261 01b7 56010000 		.4byte	0x156
 262 01bb 14       		.byte	0x14
 263 01bc 09       		.uleb128 0x9
 264 01bd 1A000000 		.4byte	.LASF35
 265 01c1 08       		.byte	0x8
 266 01c2 52       		.byte	0x52
 267 01c3 1A       		.byte	0x1a
 268 01c4 56010000 		.4byte	0x156
 269 01c8 18       		.byte	0x18
 270 01c9 09       		.uleb128 0x9
 271 01ca 4F020000 		.4byte	.LASF36
 272 01ce 08       		.byte	0x8
 273 01cf 53       		.byte	0x53
 274 01d0 19       		.byte	0x19
 275 01d1 E4010000 		.4byte	0x1e4
 276 01d5 1C       		.byte	0x1c
 277 01d6 09       		.uleb128 0x9
 278 01d7 70040000 		.4byte	.LASF37
 279 01db 08       		.byte	0x8
 280 01dc 54       		.byte	0x54
 281 01dd 1A       		.byte	0x1a
 282 01de 9F000000 		.4byte	0x9f
 283 01e2 20       		.byte	0x20
 284 01e3 00       		.byte	0
 285 01e4 03       		.uleb128 0x3
ARM GAS  C:\Users\angio\AppData\Local\Temp\ccBoW3RA.s 			page 6


 286 01e5 77040000 		.4byte	.LASF38
 287 01e9 08       		.byte	0x8
 288 01ea 41       		.byte	0x41
 289 01eb 10       		.byte	0x10
 290 01ec F0010000 		.4byte	0x1f0
 291 01f0 0A       		.uleb128 0xa
 292 01f1 04       		.byte	0x4
 293 01f2 F6010000 		.4byte	0x1f6
 294 01f6 0B       		.uleb128 0xb
 295 01f7 01020000 		.4byte	0x201
 296 01fb 0C       		.uleb128 0xc
 297 01fc 01020000 		.4byte	0x201
 298 0200 00       		.byte	0
 299 0201 0A       		.uleb128 0xa
 300 0202 04       		.byte	0x4
 301 0203 62010000 		.4byte	0x162
 302 0207 03       		.uleb128 0x3
 303 0208 D3030000 		.4byte	.LASF39
 304 020c 08       		.byte	0x8
 305 020d 61       		.byte	0x61
 306 020e 14       		.byte	0x14
 307 020f 62010000 		.4byte	0x162
 308 0213 03       		.uleb128 0x3
 309 0214 C4030000 		.4byte	.LASF40
 310 0218 08       		.byte	0x8
 311 0219 6D       		.byte	0x6d
 312 021a 14       		.byte	0x14
 313 021b 62010000 		.4byte	0x162
 314 021f 0D       		.uleb128 0xd
 315 0220 B3010000 		.4byte	.LASF43
 316 0224 09       		.byte	0x9
 317 0225 9102     		.2byte	0x291
 318 0227 08       		.byte	0x8
 319 0228 24000000 		.4byte	0x24
 320 022c A3020000 		.4byte	0x2a3
 321 0230 0E       		.uleb128 0xe
 322 0231 6F717000 		.ascii	"oqp\000"
 323 0235 09       		.byte	0x9
 324 0236 9102     		.2byte	0x291
 325 0238 27       		.byte	0x27
 326 0239 A3020000 		.4byte	0x2a3
 327 023d 0E       		.uleb128 0xe
 328 023e 627000   		.ascii	"bp\000"
 329 0241 09       		.byte	0x9
 330 0242 9102     		.2byte	0x291
 331 0244 3B       		.byte	0x3b
 332 0245 5C010000 		.4byte	0x15c
 333 0249 0E       		.uleb128 0xe
 334 024a 6E00     		.ascii	"n\000"
 335 024c 09       		.byte	0x9
 336 024d 9202     		.2byte	0x292
 337 024f 1E       		.byte	0x1e
 338 0250 24000000 		.4byte	0x24
 339 0254 0F       		.uleb128 0xf
 340 0255 63040000 		.4byte	.LASF41
 341 0259 09       		.byte	0x9
 342 025a 9202     		.2byte	0x292
ARM GAS  C:\Users\angio\AppData\Local\Temp\ccBoW3RA.s 			page 7


 343 025c 2F       		.byte	0x2f
 344 025d E2000000 		.4byte	0xe2
 345 0261 10       		.uleb128 0x10
 346 0262 6E667900 		.ascii	"nfy\000"
 347 0266 09       		.byte	0x9
 348 0267 9302     		.2byte	0x293
 349 0269 0D       		.byte	0xd
 350 026a E4010000 		.4byte	0x1e4
 351 026e 10       		.uleb128 0x10
 352 026f 6D617800 		.ascii	"max\000"
 353 0273 09       		.byte	0x9
 354 0274 9402     		.2byte	0x294
 355 0276 0A       		.byte	0xa
 356 0277 24000000 		.4byte	0x24
 357 027b 11       		.uleb128 0x11
 358 027c C5020000 		.4byte	.LASF54
 359 0280 B9020000 		.4byte	0x2b9
 360 0284 12       		.uleb128 0x12
 361 0285 13       		.uleb128 0x13
 362 0286 CE020000 		.4byte	.LASF42
 363 028a 09       		.byte	0x9
 364 028b 9B02     		.2byte	0x29b
 365 028d 0C       		.byte	0xc
 366 028e 24000000 		.4byte	0x24
 367 0292 12       		.uleb128 0x12
 368 0293 10       		.uleb128 0x10
 369 0294 6D736700 		.ascii	"msg\000"
 370 0298 09       		.byte	0x9
 371 0299 9F02     		.2byte	0x29f
 372 029b 0D       		.byte	0xd
 373 029c D6000000 		.4byte	0xd6
 374 02a0 00       		.byte	0
 375 02a1 00       		.byte	0
 376 02a2 00       		.byte	0
 377 02a3 0A       		.uleb128 0xa
 378 02a4 04       		.byte	0x4
 379 02a5 13020000 		.4byte	0x213
 380 02a9 14       		.uleb128 0x14
 381 02aa A8000000 		.4byte	0xa8
 382 02ae B9020000 		.4byte	0x2b9
 383 02b2 15       		.uleb128 0x15
 384 02b3 35000000 		.4byte	0x35
 385 02b7 0E       		.byte	0xe
 386 02b8 00       		.byte	0
 387 02b9 07       		.uleb128 0x7
 388 02ba A9020000 		.4byte	0x2a9
 389 02be 0D       		.uleb128 0xd
 390 02bf 11030000 		.4byte	.LASF44
 391 02c3 09       		.byte	0x9
 392 02c4 6802     		.2byte	0x268
 393 02c6 08       		.byte	0x8
 394 02c7 24000000 		.4byte	0x24
 395 02cb 0D030000 		.4byte	0x30d
 396 02cf 0E       		.uleb128 0xe
 397 02d0 6F717000 		.ascii	"oqp\000"
 398 02d4 09       		.byte	0x9
 399 02d5 6802     		.2byte	0x268
ARM GAS  C:\Users\angio\AppData\Local\Temp\ccBoW3RA.s 			page 8


 400 02d7 21       		.byte	0x21
 401 02d8 A3020000 		.4byte	0x2a3
 402 02dc 0E       		.uleb128 0xe
 403 02dd 627000   		.ascii	"bp\000"
 404 02e0 09       		.byte	0x9
 405 02e1 6802     		.2byte	0x268
 406 02e3 35       		.byte	0x35
 407 02e4 5C010000 		.4byte	0x15c
 408 02e8 0E       		.uleb128 0xe
 409 02e9 6E00     		.ascii	"n\000"
 410 02eb 09       		.byte	0x9
 411 02ec 6802     		.2byte	0x268
 412 02ee 40       		.byte	0x40
 413 02ef 24000000 		.4byte	0x24
 414 02f3 10       		.uleb128 0x10
 415 02f4 6E667900 		.ascii	"nfy\000"
 416 02f8 09       		.byte	0x9
 417 02f9 6902     		.2byte	0x269
 418 02fb 0D       		.byte	0xd
 419 02fc E4010000 		.4byte	0x1e4
 420 0300 10       		.uleb128 0x10
 421 0301 777200   		.ascii	"wr\000"
 422 0304 09       		.byte	0x9
 423 0305 6A02     		.2byte	0x26a
 424 0307 0A       		.byte	0xa
 425 0308 24000000 		.4byte	0x24
 426 030c 00       		.byte	0
 427 030d 0D       		.uleb128 0xd
 428 030e 58030000 		.4byte	.LASF45
 429 0312 09       		.byte	0x9
 430 0313 4502     		.2byte	0x245
 431 0315 07       		.byte	0x7
 432 0316 D6000000 		.4byte	0xd6
 433 031a 39030000 		.4byte	0x339
 434 031e 0E       		.uleb128 0xe
 435 031f 6F717000 		.ascii	"oqp\000"
 436 0323 09       		.byte	0x9
 437 0324 4502     		.2byte	0x245
 438 0326 1E       		.byte	0x1e
 439 0327 A3020000 		.4byte	0x2a3
 440 032b 12       		.uleb128 0x12
 441 032c 10       		.uleb128 0x10
 442 032d 6200     		.ascii	"b\000"
 443 032f 09       		.byte	0x9
 444 0330 4B02     		.2byte	0x24b
 445 0332 0D       		.byte	0xd
 446 0333 AD000000 		.4byte	0xad
 447 0337 00       		.byte	0
 448 0338 00       		.byte	0
 449 0339 0D       		.uleb128 0xd
 450 033a B7030000 		.4byte	.LASF46
 451 033e 09       		.byte	0x9
 452 033f 1C02     		.2byte	0x21c
 453 0341 07       		.byte	0x7
 454 0342 D6000000 		.4byte	0xd6
 455 0346 7F030000 		.4byte	0x37f
 456 034a 0E       		.uleb128 0xe
ARM GAS  C:\Users\angio\AppData\Local\Temp\ccBoW3RA.s 			page 9


 457 034b 6F717000 		.ascii	"oqp\000"
 458 034f 09       		.byte	0x9
 459 0350 1C02     		.2byte	0x21c
 460 0352 24       		.byte	0x24
 461 0353 A3020000 		.4byte	0x2a3
 462 0357 0E       		.uleb128 0xe
 463 0358 6200     		.ascii	"b\000"
 464 035a 09       		.byte	0x9
 465 035b 1C02     		.2byte	0x21c
 466 035d 31       		.byte	0x31
 467 035e AD000000 		.4byte	0xad
 468 0362 0F       		.uleb128 0xf
 469 0363 63040000 		.4byte	.LASF41
 470 0367 09       		.byte	0x9
 471 0368 1C02     		.2byte	0x21c
 472 036a 42       		.byte	0x42
 473 036b E2000000 		.4byte	0xe2
 474 036f 12       		.uleb128 0x12
 475 0370 10       		.uleb128 0x10
 476 0371 6D736700 		.ascii	"msg\000"
 477 0375 09       		.byte	0x9
 478 0376 2202     		.2byte	0x222
 479 0378 0B       		.byte	0xb
 480 0379 D6000000 		.4byte	0xd6
 481 037d 00       		.byte	0
 482 037e 00       		.byte	0
 483 037f 0D       		.uleb128 0xd
 484 0380 72010000 		.4byte	.LASF47
 485 0384 09       		.byte	0x9
 486 0385 EE01     		.2byte	0x1ee
 487 0387 07       		.byte	0x7
 488 0388 D6000000 		.4byte	0xd6
 489 038c A9030000 		.4byte	0x3a9
 490 0390 0E       		.uleb128 0xe
 491 0391 6F717000 		.ascii	"oqp\000"
 492 0395 09       		.byte	0x9
 493 0396 EE01     		.2byte	0x1ee
 494 0398 1E       		.byte	0x1e
 495 0399 A3020000 		.4byte	0x2a3
 496 039d 0E       		.uleb128 0xe
 497 039e 6200     		.ascii	"b\000"
 498 03a0 09       		.byte	0x9
 499 03a1 EE01     		.2byte	0x1ee
 500 03a3 2B       		.byte	0x2b
 501 03a4 AD000000 		.4byte	0xad
 502 03a8 00       		.byte	0
 503 03a9 16       		.uleb128 0x16
 504 03aa 1E040000 		.4byte	.LASF48
 505 03ae 09       		.byte	0x9
 506 03af D601     		.2byte	0x1d6
 507 03b1 06       		.byte	0x6
 508 03b2 C4030000 		.4byte	0x3c4
 509 03b6 0E       		.uleb128 0xe
 510 03b7 6F717000 		.ascii	"oqp\000"
 511 03bb 09       		.byte	0x9
 512 03bc D601     		.2byte	0x1d6
 513 03be 1F       		.byte	0x1f
ARM GAS  C:\Users\angio\AppData\Local\Temp\ccBoW3RA.s 			page 10


 514 03bf A3020000 		.4byte	0x2a3
 515 03c3 00       		.byte	0
 516 03c4 16       		.uleb128 0x16
 517 03c5 42020000 		.4byte	.LASF49
 518 03c9 09       		.byte	0x9
 519 03ca BE01     		.2byte	0x1be
 520 03cc 06       		.byte	0x6
 521 03cd 12040000 		.4byte	0x412
 522 03d1 0E       		.uleb128 0xe
 523 03d2 6F717000 		.ascii	"oqp\000"
 524 03d6 09       		.byte	0x9
 525 03d7 BE01     		.2byte	0x1be
 526 03d9 23       		.byte	0x23
 527 03da A3020000 		.4byte	0x2a3
 528 03de 0E       		.uleb128 0xe
 529 03df 627000   		.ascii	"bp\000"
 530 03e2 09       		.byte	0x9
 531 03e3 BE01     		.2byte	0x1be
 532 03e5 31       		.byte	0x31
 533 03e6 56010000 		.4byte	0x156
 534 03ea 0F       		.uleb128 0xf
 535 03eb EC030000 		.4byte	.LASF50
 536 03ef 09       		.byte	0x9
 537 03f0 BE01     		.2byte	0x1be
 538 03f2 3C       		.byte	0x3c
 539 03f3 24000000 		.4byte	0x24
 540 03f7 0F       		.uleb128 0xf
 541 03f8 84020000 		.4byte	.LASF51
 542 03fc 09       		.byte	0x9
 543 03fd BF01     		.2byte	0x1bf
 544 03ff 1D       		.byte	0x1d
 545 0400 E4010000 		.4byte	0x1e4
 546 0404 0F       		.uleb128 0xf
 547 0405 19020000 		.4byte	.LASF52
 548 0409 09       		.byte	0x9
 549 040a BF01     		.2byte	0x1bf
 550 040c 29       		.byte	0x29
 551 040d 9F000000 		.4byte	0x9f
 552 0411 00       		.byte	0
 553 0412 0D       		.uleb128 0xd
 554 0413 56010000 		.4byte	.LASF53
 555 0417 09       		.byte	0x9
 556 0418 8501     		.2byte	0x185
 557 041a 08       		.byte	0x8
 558 041b 24000000 		.4byte	0x24
 559 041f 96040000 		.4byte	0x496
 560 0423 0E       		.uleb128 0xe
 561 0424 69717000 		.ascii	"iqp\000"
 562 0428 09       		.byte	0x9
 563 0429 8501     		.2byte	0x185
 564 042b 25       		.byte	0x25
 565 042c 96040000 		.4byte	0x496
 566 0430 0E       		.uleb128 0xe
 567 0431 627000   		.ascii	"bp\000"
 568 0434 09       		.byte	0x9
 569 0435 8501     		.2byte	0x185
 570 0437 33       		.byte	0x33
ARM GAS  C:\Users\angio\AppData\Local\Temp\ccBoW3RA.s 			page 11


 571 0438 56010000 		.4byte	0x156
 572 043c 0E       		.uleb128 0xe
 573 043d 6E00     		.ascii	"n\000"
 574 043f 09       		.byte	0x9
 575 0440 8601     		.2byte	0x186
 576 0442 1D       		.byte	0x1d
 577 0443 24000000 		.4byte	0x24
 578 0447 0F       		.uleb128 0xf
 579 0448 63040000 		.4byte	.LASF41
 580 044c 09       		.byte	0x9
 581 044d 8601     		.2byte	0x186
 582 044f 2E       		.byte	0x2e
 583 0450 E2000000 		.4byte	0xe2
 584 0454 10       		.uleb128 0x10
 585 0455 6E667900 		.ascii	"nfy\000"
 586 0459 09       		.byte	0x9
 587 045a 8701     		.2byte	0x187
 588 045c 0D       		.byte	0xd
 589 045d E4010000 		.4byte	0x1e4
 590 0461 10       		.uleb128 0x10
 591 0462 6D617800 		.ascii	"max\000"
 592 0466 09       		.byte	0x9
 593 0467 8801     		.2byte	0x188
 594 0469 0A       		.byte	0xa
 595 046a 24000000 		.4byte	0x24
 596 046e 11       		.uleb128 0x11
 597 046f C5020000 		.4byte	.LASF54
 598 0473 AC040000 		.4byte	0x4ac
 599 0477 12       		.uleb128 0x12
 600 0478 13       		.uleb128 0x13
 601 0479 CE020000 		.4byte	.LASF42
 602 047d 09       		.byte	0x9
 603 047e 8F01     		.2byte	0x18f
 604 0480 0C       		.byte	0xc
 605 0481 24000000 		.4byte	0x24
 606 0485 12       		.uleb128 0x12
 607 0486 10       		.uleb128 0x10
 608 0487 6D736700 		.ascii	"msg\000"
 609 048b 09       		.byte	0x9
 610 048c 9301     		.2byte	0x193
 611 048e 0D       		.byte	0xd
 612 048f D6000000 		.4byte	0xd6
 613 0493 00       		.byte	0
 614 0494 00       		.byte	0
 615 0495 00       		.byte	0
 616 0496 0A       		.uleb128 0xa
 617 0497 04       		.byte	0x4
 618 0498 07020000 		.4byte	0x207
 619 049c 14       		.uleb128 0x14
 620 049d A8000000 		.4byte	0xa8
 621 04a1 AC040000 		.4byte	0x4ac
 622 04a5 15       		.uleb128 0x15
 623 04a6 35000000 		.4byte	0x35
 624 04aa 0D       		.byte	0xd
 625 04ab 00       		.byte	0
 626 04ac 07       		.uleb128 0x7
 627 04ad 9C040000 		.4byte	0x49c
ARM GAS  C:\Users\angio\AppData\Local\Temp\ccBoW3RA.s 			page 12


 628 04b1 0D       		.uleb128 0xd
 629 04b2 72020000 		.4byte	.LASF55
 630 04b6 09       		.byte	0x9
 631 04b7 5C01     		.2byte	0x15c
 632 04b9 08       		.byte	0x8
 633 04ba 24000000 		.4byte	0x24
 634 04be 00050000 		.4byte	0x500
 635 04c2 0E       		.uleb128 0xe
 636 04c3 69717000 		.ascii	"iqp\000"
 637 04c7 09       		.byte	0x9
 638 04c8 5C01     		.2byte	0x15c
 639 04ca 1F       		.byte	0x1f
 640 04cb 96040000 		.4byte	0x496
 641 04cf 0E       		.uleb128 0xe
 642 04d0 627000   		.ascii	"bp\000"
 643 04d3 09       		.byte	0x9
 644 04d4 5C01     		.2byte	0x15c
 645 04d6 2D       		.byte	0x2d
 646 04d7 56010000 		.4byte	0x156
 647 04db 0E       		.uleb128 0xe
 648 04dc 6E00     		.ascii	"n\000"
 649 04de 09       		.byte	0x9
 650 04df 5C01     		.2byte	0x15c
 651 04e1 38       		.byte	0x38
 652 04e2 24000000 		.4byte	0x24
 653 04e6 10       		.uleb128 0x10
 654 04e7 6E667900 		.ascii	"nfy\000"
 655 04eb 09       		.byte	0x9
 656 04ec 5D01     		.2byte	0x15d
 657 04ee 0D       		.byte	0xd
 658 04ef E4010000 		.4byte	0x1e4
 659 04f3 10       		.uleb128 0x10
 660 04f4 726400   		.ascii	"rd\000"
 661 04f7 09       		.byte	0x9
 662 04f8 5E01     		.2byte	0x15e
 663 04fa 0A       		.byte	0xa
 664 04fb 24000000 		.4byte	0x24
 665 04ff 00       		.byte	0
 666 0500 0D       		.uleb128 0xd
 667 0501 2D010000 		.4byte	.LASF56
 668 0505 09       		.byte	0x9
 669 0506 3001     		.2byte	0x130
 670 0508 07       		.byte	0x7
 671 0509 D6000000 		.4byte	0xd6
 672 050d 46050000 		.4byte	0x546
 673 0511 0E       		.uleb128 0xe
 674 0512 69717000 		.ascii	"iqp\000"
 675 0516 09       		.byte	0x9
 676 0517 3001     		.2byte	0x130
 677 0519 23       		.byte	0x23
 678 051a 96040000 		.4byte	0x496
 679 051e 0F       		.uleb128 0xf
 680 051f 63040000 		.4byte	.LASF41
 681 0523 09       		.byte	0x9
 682 0524 3001     		.2byte	0x130
 683 0526 36       		.byte	0x36
 684 0527 E2000000 		.4byte	0xe2
ARM GAS  C:\Users\angio\AppData\Local\Temp\ccBoW3RA.s 			page 13


 685 052b 10       		.uleb128 0x10
 686 052c 6200     		.ascii	"b\000"
 687 052e 09       		.byte	0x9
 688 052f 3101     		.2byte	0x131
 689 0531 0B       		.byte	0xb
 690 0532 AD000000 		.4byte	0xad
 691 0536 12       		.uleb128 0x12
 692 0537 10       		.uleb128 0x10
 693 0538 6D736700 		.ascii	"msg\000"
 694 053c 09       		.byte	0x9
 695 053d 3701     		.2byte	0x137
 696 053f 0B       		.byte	0xb
 697 0540 D6000000 		.4byte	0xd6
 698 0544 00       		.byte	0
 699 0545 00       		.byte	0
 700 0546 0D       		.uleb128 0xd
 701 0547 7F030000 		.4byte	.LASF57
 702 054b 09       		.byte	0x9
 703 054c 0201     		.2byte	0x102
 704 054e 07       		.byte	0x7
 705 054f D6000000 		.4byte	0xd6
 706 0553 72050000 		.4byte	0x572
 707 0557 0E       		.uleb128 0xe
 708 0558 69717000 		.ascii	"iqp\000"
 709 055c 09       		.byte	0x9
 710 055d 0201     		.2byte	0x102
 711 055f 1D       		.byte	0x1d
 712 0560 96040000 		.4byte	0x496
 713 0564 12       		.uleb128 0x12
 714 0565 10       		.uleb128 0x10
 715 0566 6200     		.ascii	"b\000"
 716 0568 09       		.byte	0x9
 717 0569 0801     		.2byte	0x108
 718 056b 0D       		.byte	0xd
 719 056c AD000000 		.4byte	0xad
 720 0570 00       		.byte	0
 721 0571 00       		.byte	0
 722 0572 17       		.uleb128 0x17
 723 0573 AC010000 		.4byte	.LASF58
 724 0577 09       		.byte	0x9
 725 0578 E0       		.byte	0xe0
 726 0579 07       		.byte	0x7
 727 057a D6000000 		.4byte	0xd6
 728 057e 99050000 		.4byte	0x599
 729 0582 18       		.uleb128 0x18
 730 0583 69717000 		.ascii	"iqp\000"
 731 0587 09       		.byte	0x9
 732 0588 E0       		.byte	0xe0
 733 0589 1D       		.byte	0x1d
 734 058a 96040000 		.4byte	0x496
 735 058e 18       		.uleb128 0x18
 736 058f 6200     		.ascii	"b\000"
 737 0591 09       		.byte	0x9
 738 0592 E0       		.byte	0xe0
 739 0593 2A       		.byte	0x2a
 740 0594 AD000000 		.4byte	0xad
 741 0598 00       		.byte	0
ARM GAS  C:\Users\angio\AppData\Local\Temp\ccBoW3RA.s 			page 14


 742 0599 19       		.uleb128 0x19
 743 059a 15040000 		.4byte	.LASF59
 744 059e 09       		.byte	0x9
 745 059f C9       		.byte	0xc9
 746 05a0 06       		.byte	0x6
 747 05a1 B2050000 		.4byte	0x5b2
 748 05a5 18       		.uleb128 0x18
 749 05a6 69717000 		.ascii	"iqp\000"
 750 05aa 09       		.byte	0x9
 751 05ab C9       		.byte	0xc9
 752 05ac 1E       		.byte	0x1e
 753 05ad 96040000 		.4byte	0x496
 754 05b1 00       		.byte	0
 755 05b2 19       		.uleb128 0x19
 756 05b3 35030000 		.4byte	.LASF60
 757 05b7 09       		.byte	0x9
 758 05b8 B1       		.byte	0xb1
 759 05b9 06       		.byte	0x6
 760 05ba FA050000 		.4byte	0x5fa
 761 05be 18       		.uleb128 0x18
 762 05bf 69717000 		.ascii	"iqp\000"
 763 05c3 09       		.byte	0x9
 764 05c4 B1       		.byte	0xb1
 765 05c5 22       		.byte	0x22
 766 05c6 96040000 		.4byte	0x496
 767 05ca 18       		.uleb128 0x18
 768 05cb 627000   		.ascii	"bp\000"
 769 05ce 09       		.byte	0x9
 770 05cf B1       		.byte	0xb1
 771 05d0 30       		.byte	0x30
 772 05d1 56010000 		.4byte	0x156
 773 05d5 1A       		.uleb128 0x1a
 774 05d6 EC030000 		.4byte	.LASF50
 775 05da 09       		.byte	0x9
 776 05db B1       		.byte	0xb1
 777 05dc 3B       		.byte	0x3b
 778 05dd 24000000 		.4byte	0x24
 779 05e1 1A       		.uleb128 0x1a
 780 05e2 27040000 		.4byte	.LASF61
 781 05e6 09       		.byte	0x9
 782 05e7 B2       		.byte	0xb2
 783 05e8 1D       		.byte	0x1d
 784 05e9 E4010000 		.4byte	0x1e4
 785 05ed 1A       		.uleb128 0x1a
 786 05ee 19020000 		.4byte	.LASF52
 787 05f2 09       		.byte	0x9
 788 05f3 B2       		.byte	0xb2
 789 05f4 29       		.byte	0x29
 790 05f5 9F000000 		.4byte	0x9f
 791 05f9 00       		.byte	0
 792 05fa 1B       		.uleb128 0x1b
 793 05fb BC020000 		.4byte	.LASF62
 794 05ff 09       		.byte	0x9
 795 0600 6C       		.byte	0x6c
 796 0601 0F       		.byte	0xf
 797 0602 24000000 		.4byte	0x24
 798 0606 4B060000 		.4byte	0x64b
ARM GAS  C:\Users\angio\AppData\Local\Temp\ccBoW3RA.s 			page 15


 799 060a 18       		.uleb128 0x18
 800 060b 6F717000 		.ascii	"oqp\000"
 801 060f 09       		.byte	0x9
 802 0610 6C       		.byte	0x6c
 803 0611 28       		.byte	0x28
 804 0612 A3020000 		.4byte	0x2a3
 805 0616 18       		.uleb128 0x18
 806 0617 627000   		.ascii	"bp\000"
 807 061a 09       		.byte	0x9
 808 061b 6C       		.byte	0x6c
 809 061c 3C       		.byte	0x3c
 810 061d 5C010000 		.4byte	0x15c
 811 0621 18       		.uleb128 0x18
 812 0622 6E00     		.ascii	"n\000"
 813 0624 09       		.byte	0x9
 814 0625 6C       		.byte	0x6c
 815 0626 47       		.byte	0x47
 816 0627 24000000 		.4byte	0x24
 817 062b 1C       		.uleb128 0x1c
 818 062c 733100   		.ascii	"s1\000"
 819 062f 09       		.byte	0x9
 820 0630 6D       		.byte	0x6d
 821 0631 0A       		.byte	0xa
 822 0632 24000000 		.4byte	0x24
 823 0636 1C       		.uleb128 0x1c
 824 0637 733200   		.ascii	"s2\000"
 825 063a 09       		.byte	0x9
 826 063b 6D       		.byte	0x6d
 827 063c 0E       		.byte	0xe
 828 063d 24000000 		.4byte	0x24
 829 0641 11       		.uleb128 0x11
 830 0642 C5020000 		.4byte	.LASF54
 831 0646 5B060000 		.4byte	0x65b
 832 064a 00       		.byte	0
 833 064b 14       		.uleb128 0x14
 834 064c A8000000 		.4byte	0xa8
 835 0650 5B060000 		.4byte	0x65b
 836 0654 15       		.uleb128 0x15
 837 0655 35000000 		.4byte	0x35
 838 0659 08       		.byte	0x8
 839 065a 00       		.byte	0
 840 065b 07       		.uleb128 0x7
 841 065c 4B060000 		.4byte	0x64b
 842 0660 1B       		.uleb128 0x1b
 843 0661 8D010000 		.4byte	.LASF63
 844 0665 09       		.byte	0x9
 845 0666 3C       		.byte	0x3c
 846 0667 0F       		.byte	0xf
 847 0668 24000000 		.4byte	0x24
 848 066c B1060000 		.4byte	0x6b1
 849 0670 18       		.uleb128 0x18
 850 0671 69717000 		.ascii	"iqp\000"
 851 0675 09       		.byte	0x9
 852 0676 3C       		.byte	0x3c
 853 0677 26       		.byte	0x26
 854 0678 96040000 		.4byte	0x496
 855 067c 18       		.uleb128 0x18
ARM GAS  C:\Users\angio\AppData\Local\Temp\ccBoW3RA.s 			page 16


 856 067d 627000   		.ascii	"bp\000"
 857 0680 09       		.byte	0x9
 858 0681 3C       		.byte	0x3c
 859 0682 34       		.byte	0x34
 860 0683 56010000 		.4byte	0x156
 861 0687 18       		.uleb128 0x18
 862 0688 6E00     		.ascii	"n\000"
 863 068a 09       		.byte	0x9
 864 068b 3C       		.byte	0x3c
 865 068c 3F       		.byte	0x3f
 866 068d 24000000 		.4byte	0x24
 867 0691 1C       		.uleb128 0x1c
 868 0692 733100   		.ascii	"s1\000"
 869 0695 09       		.byte	0x9
 870 0696 3D       		.byte	0x3d
 871 0697 0A       		.byte	0xa
 872 0698 24000000 		.4byte	0x24
 873 069c 1C       		.uleb128 0x1c
 874 069d 733200   		.ascii	"s2\000"
 875 06a0 09       		.byte	0x9
 876 06a1 3D       		.byte	0x3d
 877 06a2 0E       		.byte	0xe
 878 06a3 24000000 		.4byte	0x24
 879 06a7 11       		.uleb128 0x11
 880 06a8 C5020000 		.4byte	.LASF54
 881 06ac C1060000 		.4byte	0x6c1
 882 06b0 00       		.byte	0
 883 06b1 14       		.uleb128 0x14
 884 06b2 A8000000 		.4byte	0xa8
 885 06b6 C1060000 		.4byte	0x6c1
 886 06ba 15       		.uleb128 0x15
 887 06bb 35000000 		.4byte	0x35
 888 06bf 07       		.byte	0x7
 889 06c0 00       		.byte	0
 890 06c1 07       		.uleb128 0x7
 891 06c2 B1060000 		.4byte	0x6b1
 892 06c6 1D       		.uleb128 0x1d
 893 06c7 89020000 		.4byte	.LASF64
 894 06cb 0A       		.byte	0xa
 895 06cc 9703     		.2byte	0x397
 896 06ce 14       		.byte	0x14
 897 06cf EE060000 		.4byte	0x6ee
 898 06d3 0E       		.uleb128 0xe
 899 06d4 74717000 		.ascii	"tqp\000"
 900 06d8 0A       		.byte	0xa
 901 06d9 9703     		.2byte	0x397
 902 06db 3B       		.byte	0x3b
 903 06dc EE060000 		.4byte	0x6ee
 904 06e0 0E       		.uleb128 0xe
 905 06e1 6D736700 		.ascii	"msg\000"
 906 06e5 0A       		.byte	0xa
 907 06e6 9703     		.2byte	0x397
 908 06e8 46       		.byte	0x46
 909 06e9 D6000000 		.4byte	0xd6
 910 06ed 00       		.byte	0
 911 06ee 0A       		.uleb128 0xa
 912 06ef 04       		.byte	0x4
ARM GAS  C:\Users\angio\AppData\Local\Temp\ccBoW3RA.s 			page 17


 913 06f0 43010000 		.4byte	0x143
 914 06f4 1D       		.uleb128 0x1d
 915 06f5 95010000 		.4byte	.LASF65
 916 06f9 0A       		.byte	0xa
 917 06fa 8A03     		.2byte	0x38a
 918 06fc 14       		.byte	0x14
 919 06fd 1C070000 		.4byte	0x71c
 920 0701 0E       		.uleb128 0xe
 921 0702 74717000 		.ascii	"tqp\000"
 922 0706 0A       		.byte	0xa
 923 0707 8A03     		.2byte	0x38a
 924 0709 3C       		.byte	0x3c
 925 070a EE060000 		.4byte	0x6ee
 926 070e 0E       		.uleb128 0xe
 927 070f 6D736700 		.ascii	"msg\000"
 928 0713 0A       		.byte	0xa
 929 0714 8A03     		.2byte	0x38a
 930 0716 47       		.byte	0x47
 931 0717 D6000000 		.4byte	0xd6
 932 071b 00       		.byte	0
 933 071c 1E       		.uleb128 0x1e
 934 071d 00000000 		.4byte	.LASF66
 935 0721 0A       		.byte	0xa
 936 0722 7C03     		.2byte	0x37c
 937 0724 15       		.byte	0x15
 938 0725 D6000000 		.4byte	0xd6
 939 0729 48070000 		.4byte	0x748
 940 072d 0E       		.uleb128 0xe
 941 072e 74717000 		.ascii	"tqp\000"
 942 0732 0A       		.byte	0xa
 943 0733 7C03     		.2byte	0x37c
 944 0735 40       		.byte	0x40
 945 0736 EE060000 		.4byte	0x6ee
 946 073a 0F       		.uleb128 0xf
 947 073b 63040000 		.4byte	.LASF41
 948 073f 0A       		.byte	0xa
 949 0740 7D03     		.2byte	0x37d
 950 0742 3D       		.byte	0x3d
 951 0743 E2000000 		.4byte	0xe2
 952 0747 00       		.byte	0
 953 0748 1D       		.uleb128 0x1d
 954 0749 58020000 		.4byte	.LASF67
 955 074d 0A       		.byte	0xa
 956 074e 6003     		.2byte	0x360
 957 0750 14       		.byte	0x14
 958 0751 63070000 		.4byte	0x763
 959 0755 0E       		.uleb128 0xe
 960 0756 74717000 		.ascii	"tqp\000"
 961 075a 0A       		.byte	0xa
 962 075b 6003     		.2byte	0x360
 963 075d 3F       		.byte	0x3f
 964 075e EE060000 		.4byte	0x6ee
 965 0762 00       		.byte	0
 966 0763 1F       		.uleb128 0x1f
 967 0764 64010000 		.4byte	.LASF68
 968 0768 0A       		.byte	0xa
 969 0769 4802     		.2byte	0x248
ARM GAS  C:\Users\angio\AppData\Local\Temp\ccBoW3RA.s 			page 18


 970 076b 14       		.byte	0x14
 971 076c 1F       		.uleb128 0x1f
 972 076d 51040000 		.4byte	.LASF69
 973 0771 0A       		.byte	0xa
 974 0772 3D02     		.2byte	0x23d
 975 0774 14       		.byte	0x14
 976 0775 1D       		.uleb128 0x1d
 977 0776 86030000 		.4byte	.LASF70
 978 077a 0B       		.byte	0xb
 979 077b CD01     		.2byte	0x1cd
 980 077d 14       		.byte	0x14
 981 077e 90070000 		.4byte	0x790
 982 0782 0E       		.uleb128 0xe
 983 0783 74717000 		.ascii	"tqp\000"
 984 0787 0B       		.byte	0xb
 985 0788 CD01     		.2byte	0x1cd
 986 078a 3A       		.byte	0x3a
 987 078b EE060000 		.4byte	0x6ee
 988 078f 00       		.byte	0
 989 0790 1D       		.uleb128 0x1d
 990 0791 F1030000 		.4byte	.LASF71
 991 0795 0C       		.byte	0xc
 992 0796 A501     		.2byte	0x1a5
 993 0798 14       		.byte	0x14
 994 0799 A7070000 		.4byte	0x7a7
 995 079d 11       		.uleb128 0x11
 996 079e C5020000 		.4byte	.LASF54
 997 07a2 B7070000 		.4byte	0x7b7
 998 07a6 00       		.byte	0
 999 07a7 14       		.uleb128 0x14
 1000 07a8 A8000000 		.4byte	0xa8
 1001 07ac B7070000 		.4byte	0x7b7
 1002 07b0 15       		.uleb128 0x15
 1003 07b1 35000000 		.4byte	0x35
 1004 07b5 0B       		.byte	0xb
 1005 07b6 00       		.byte	0
 1006 07b7 07       		.uleb128 0x7
 1007 07b8 A7070000 		.4byte	0x7a7
 1008 07bc 1F       		.uleb128 0x1f
 1009 07bd 83010000 		.4byte	.LASF72
 1010 07c1 0C       		.byte	0xc
 1011 07c2 9701     		.2byte	0x197
 1012 07c4 14       		.byte	0x14
 1013 07c5 1F       		.uleb128 0x1f
 1014 07c6 65030000 		.4byte	.LASF73
 1015 07ca 0D       		.byte	0xd
 1016 07cb 1F03     		.2byte	0x31f
 1017 07cd 1B       		.byte	0x1b
 1018 07ce 1F       		.uleb128 0x1f
 1019 07cf 79010000 		.4byte	.LASF74
 1020 07d3 0D       		.byte	0xd
 1021 07d4 0B03     		.2byte	0x30b
 1022 07d6 1B       		.byte	0x1b
 1023 07d7 1D       		.uleb128 0x1d
 1024 07d8 35040000 		.4byte	.LASF75
 1025 07dc 0E       		.byte	0xe
 1026 07dd EB01     		.2byte	0x1eb
ARM GAS  C:\Users\angio\AppData\Local\Temp\ccBoW3RA.s 			page 19


 1027 07df 1B       		.byte	0x1b
 1028 07e0 F2070000 		.4byte	0x7f2
 1029 07e4 0F       		.uleb128 0xf
 1030 07e5 2D030000 		.4byte	.LASF76
 1031 07e9 0E       		.byte	0xe
 1032 07ea EB01     		.2byte	0x1eb
 1033 07ec 32       		.byte	0x32
 1034 07ed CA000000 		.4byte	0xca
 1035 07f1 00       		.byte	0
 1036 07f2 20       		.uleb128 0x20
 1037 07f3 FD030000 		.4byte	.LASF80
 1038 07f7 06       		.byte	0x6
 1039 07f8 DE       		.byte	0xde
 1040 07f9 14       		.byte	0x14
 1041 07fa 18       		.uleb128 0x18
 1042 07fb 717000   		.ascii	"qp\000"
 1043 07fe 06       		.byte	0x6
 1044 07ff DE       		.byte	0xde
 1045 0800 2E       		.byte	0x2e
 1046 0801 22010000 		.4byte	0x122
 1047 0805 00       		.byte	0
 1048 0806 00       		.byte	0
 1049              		.section	.gnu.debuglto_.debug_abbrev,"e",%progbits
 1050              	.Ldebug_abbrev0:
 1051 0000 01       		.uleb128 0x1
 1052 0001 11       		.uleb128 0x11
 1053 0002 01       		.byte	0x1
 1054 0003 25       		.uleb128 0x25
 1055 0004 0E       		.uleb128 0xe
 1056 0005 13       		.uleb128 0x13
 1057 0006 0B       		.uleb128 0xb
 1058 0007 03       		.uleb128 0x3
 1059 0008 0E       		.uleb128 0xe
 1060 0009 1B       		.uleb128 0x1b
 1061 000a 0E       		.uleb128 0xe
 1062 000b 10       		.uleb128 0x10
 1063 000c 17       		.uleb128 0x17
 1064 000d 00       		.byte	0
 1065 000e 00       		.byte	0
 1066 000f 02       		.uleb128 0x2
 1067 0010 24       		.uleb128 0x24
 1068 0011 00       		.byte	0
 1069 0012 0B       		.uleb128 0xb
 1070 0013 0B       		.uleb128 0xb
 1071 0014 3E       		.uleb128 0x3e
 1072 0015 0B       		.uleb128 0xb
 1073 0016 03       		.uleb128 0x3
 1074 0017 08       		.uleb128 0x8
 1075 0018 00       		.byte	0
 1076 0019 00       		.byte	0
 1077 001a 03       		.uleb128 0x3
 1078 001b 16       		.uleb128 0x16
 1079 001c 00       		.byte	0
 1080 001d 03       		.uleb128 0x3
 1081 001e 0E       		.uleb128 0xe
 1082 001f 3A       		.uleb128 0x3a
 1083 0020 0B       		.uleb128 0xb
ARM GAS  C:\Users\angio\AppData\Local\Temp\ccBoW3RA.s 			page 20


 1084 0021 3B       		.uleb128 0x3b
 1085 0022 0B       		.uleb128 0xb
 1086 0023 39       		.uleb128 0x39
 1087 0024 0B       		.uleb128 0xb
 1088 0025 49       		.uleb128 0x49
 1089 0026 13       		.uleb128 0x13
 1090 0027 00       		.byte	0
 1091 0028 00       		.byte	0
 1092 0029 04       		.uleb128 0x4
 1093 002a 35       		.uleb128 0x35
 1094 002b 00       		.byte	0
 1095 002c 49       		.uleb128 0x49
 1096 002d 13       		.uleb128 0x13
 1097 002e 00       		.byte	0
 1098 002f 00       		.byte	0
 1099 0030 05       		.uleb128 0x5
 1100 0031 24       		.uleb128 0x24
 1101 0032 00       		.byte	0
 1102 0033 0B       		.uleb128 0xb
 1103 0034 0B       		.uleb128 0xb
 1104 0035 3E       		.uleb128 0x3e
 1105 0036 0B       		.uleb128 0xb
 1106 0037 03       		.uleb128 0x3
 1107 0038 0E       		.uleb128 0xe
 1108 0039 00       		.byte	0
 1109 003a 00       		.byte	0
 1110 003b 06       		.uleb128 0x6
 1111 003c 0F       		.uleb128 0xf
 1112 003d 00       		.byte	0
 1113 003e 0B       		.uleb128 0xb
 1114 003f 0B       		.uleb128 0xb
 1115 0040 00       		.byte	0
 1116 0041 00       		.byte	0
 1117 0042 07       		.uleb128 0x7
 1118 0043 26       		.uleb128 0x26
 1119 0044 00       		.byte	0
 1120 0045 49       		.uleb128 0x49
 1121 0046 13       		.uleb128 0x13
 1122 0047 00       		.byte	0
 1123 0048 00       		.byte	0
 1124 0049 08       		.uleb128 0x8
 1125 004a 13       		.uleb128 0x13
 1126 004b 01       		.byte	0x1
 1127 004c 03       		.uleb128 0x3
 1128 004d 0E       		.uleb128 0xe
 1129 004e 0B       		.uleb128 0xb
 1130 004f 0B       		.uleb128 0xb
 1131 0050 3A       		.uleb128 0x3a
 1132 0051 0B       		.uleb128 0xb
 1133 0052 3B       		.uleb128 0x3b
 1134 0053 0B       		.uleb128 0xb
 1135 0054 39       		.uleb128 0x39
 1136 0055 0B       		.uleb128 0xb
 1137 0056 01       		.uleb128 0x1
 1138 0057 13       		.uleb128 0x13
 1139 0058 00       		.byte	0
 1140 0059 00       		.byte	0
ARM GAS  C:\Users\angio\AppData\Local\Temp\ccBoW3RA.s 			page 21


 1141 005a 09       		.uleb128 0x9
 1142 005b 0D       		.uleb128 0xd
 1143 005c 00       		.byte	0
 1144 005d 03       		.uleb128 0x3
 1145 005e 0E       		.uleb128 0xe
 1146 005f 3A       		.uleb128 0x3a
 1147 0060 0B       		.uleb128 0xb
 1148 0061 3B       		.uleb128 0x3b
 1149 0062 0B       		.uleb128 0xb
 1150 0063 39       		.uleb128 0x39
 1151 0064 0B       		.uleb128 0xb
 1152 0065 49       		.uleb128 0x49
 1153 0066 13       		.uleb128 0x13
 1154 0067 38       		.uleb128 0x38
 1155 0068 0B       		.uleb128 0xb
 1156 0069 00       		.byte	0
 1157 006a 00       		.byte	0
 1158 006b 0A       		.uleb128 0xa
 1159 006c 0F       		.uleb128 0xf
 1160 006d 00       		.byte	0
 1161 006e 0B       		.uleb128 0xb
 1162 006f 0B       		.uleb128 0xb
 1163 0070 49       		.uleb128 0x49
 1164 0071 13       		.uleb128 0x13
 1165 0072 00       		.byte	0
 1166 0073 00       		.byte	0
 1167 0074 0B       		.uleb128 0xb
 1168 0075 15       		.uleb128 0x15
 1169 0076 01       		.byte	0x1
 1170 0077 27       		.uleb128 0x27
 1171 0078 19       		.uleb128 0x19
 1172 0079 01       		.uleb128 0x1
 1173 007a 13       		.uleb128 0x13
 1174 007b 00       		.byte	0
 1175 007c 00       		.byte	0
 1176 007d 0C       		.uleb128 0xc
 1177 007e 05       		.uleb128 0x5
 1178 007f 00       		.byte	0
 1179 0080 49       		.uleb128 0x49
 1180 0081 13       		.uleb128 0x13
 1181 0082 00       		.byte	0
 1182 0083 00       		.byte	0
 1183 0084 0D       		.uleb128 0xd
 1184 0085 2E       		.uleb128 0x2e
 1185 0086 01       		.byte	0x1
 1186 0087 3F       		.uleb128 0x3f
 1187 0088 19       		.uleb128 0x19
 1188 0089 03       		.uleb128 0x3
 1189 008a 0E       		.uleb128 0xe
 1190 008b 3A       		.uleb128 0x3a
 1191 008c 0B       		.uleb128 0xb
 1192 008d 3B       		.uleb128 0x3b
 1193 008e 05       		.uleb128 0x5
 1194 008f 39       		.uleb128 0x39
 1195 0090 0B       		.uleb128 0xb
 1196 0091 27       		.uleb128 0x27
 1197 0092 19       		.uleb128 0x19
ARM GAS  C:\Users\angio\AppData\Local\Temp\ccBoW3RA.s 			page 22


 1198 0093 49       		.uleb128 0x49
 1199 0094 13       		.uleb128 0x13
 1200 0095 01       		.uleb128 0x1
 1201 0096 13       		.uleb128 0x13
 1202 0097 00       		.byte	0
 1203 0098 00       		.byte	0
 1204 0099 0E       		.uleb128 0xe
 1205 009a 05       		.uleb128 0x5
 1206 009b 00       		.byte	0
 1207 009c 03       		.uleb128 0x3
 1208 009d 08       		.uleb128 0x8
 1209 009e 3A       		.uleb128 0x3a
 1210 009f 0B       		.uleb128 0xb
 1211 00a0 3B       		.uleb128 0x3b
 1212 00a1 05       		.uleb128 0x5
 1213 00a2 39       		.uleb128 0x39
 1214 00a3 0B       		.uleb128 0xb
 1215 00a4 49       		.uleb128 0x49
 1216 00a5 13       		.uleb128 0x13
 1217 00a6 00       		.byte	0
 1218 00a7 00       		.byte	0
 1219 00a8 0F       		.uleb128 0xf
 1220 00a9 05       		.uleb128 0x5
 1221 00aa 00       		.byte	0
 1222 00ab 03       		.uleb128 0x3
 1223 00ac 0E       		.uleb128 0xe
 1224 00ad 3A       		.uleb128 0x3a
 1225 00ae 0B       		.uleb128 0xb
 1226 00af 3B       		.uleb128 0x3b
 1227 00b0 05       		.uleb128 0x5
 1228 00b1 39       		.uleb128 0x39
 1229 00b2 0B       		.uleb128 0xb
 1230 00b3 49       		.uleb128 0x49
 1231 00b4 13       		.uleb128 0x13
 1232 00b5 00       		.byte	0
 1233 00b6 00       		.byte	0
 1234 00b7 10       		.uleb128 0x10
 1235 00b8 34       		.uleb128 0x34
 1236 00b9 00       		.byte	0
 1237 00ba 03       		.uleb128 0x3
 1238 00bb 08       		.uleb128 0x8
 1239 00bc 3A       		.uleb128 0x3a
 1240 00bd 0B       		.uleb128 0xb
 1241 00be 3B       		.uleb128 0x3b
 1242 00bf 05       		.uleb128 0x5
 1243 00c0 39       		.uleb128 0x39
 1244 00c1 0B       		.uleb128 0xb
 1245 00c2 49       		.uleb128 0x49
 1246 00c3 13       		.uleb128 0x13
 1247 00c4 00       		.byte	0
 1248 00c5 00       		.byte	0
 1249 00c6 11       		.uleb128 0x11
 1250 00c7 34       		.uleb128 0x34
 1251 00c8 00       		.byte	0
 1252 00c9 03       		.uleb128 0x3
 1253 00ca 0E       		.uleb128 0xe
 1254 00cb 49       		.uleb128 0x49
ARM GAS  C:\Users\angio\AppData\Local\Temp\ccBoW3RA.s 			page 23


 1255 00cc 13       		.uleb128 0x13
 1256 00cd 34       		.uleb128 0x34
 1257 00ce 19       		.uleb128 0x19
 1258 00cf 00       		.byte	0
 1259 00d0 00       		.byte	0
 1260 00d1 12       		.uleb128 0x12
 1261 00d2 0B       		.uleb128 0xb
 1262 00d3 01       		.byte	0x1
 1263 00d4 00       		.byte	0
 1264 00d5 00       		.byte	0
 1265 00d6 13       		.uleb128 0x13
 1266 00d7 34       		.uleb128 0x34
 1267 00d8 00       		.byte	0
 1268 00d9 03       		.uleb128 0x3
 1269 00da 0E       		.uleb128 0xe
 1270 00db 3A       		.uleb128 0x3a
 1271 00dc 0B       		.uleb128 0xb
 1272 00dd 3B       		.uleb128 0x3b
 1273 00de 05       		.uleb128 0x5
 1274 00df 39       		.uleb128 0x39
 1275 00e0 0B       		.uleb128 0xb
 1276 00e1 49       		.uleb128 0x49
 1277 00e2 13       		.uleb128 0x13
 1278 00e3 00       		.byte	0
 1279 00e4 00       		.byte	0
 1280 00e5 14       		.uleb128 0x14
 1281 00e6 01       		.uleb128 0x1
 1282 00e7 01       		.byte	0x1
 1283 00e8 49       		.uleb128 0x49
 1284 00e9 13       		.uleb128 0x13
 1285 00ea 01       		.uleb128 0x1
 1286 00eb 13       		.uleb128 0x13
 1287 00ec 00       		.byte	0
 1288 00ed 00       		.byte	0
 1289 00ee 15       		.uleb128 0x15
 1290 00ef 21       		.uleb128 0x21
 1291 00f0 00       		.byte	0
 1292 00f1 49       		.uleb128 0x49
 1293 00f2 13       		.uleb128 0x13
 1294 00f3 2F       		.uleb128 0x2f
 1295 00f4 0B       		.uleb128 0xb
 1296 00f5 00       		.byte	0
 1297 00f6 00       		.byte	0
 1298 00f7 16       		.uleb128 0x16
 1299 00f8 2E       		.uleb128 0x2e
 1300 00f9 01       		.byte	0x1
 1301 00fa 3F       		.uleb128 0x3f
 1302 00fb 19       		.uleb128 0x19
 1303 00fc 03       		.uleb128 0x3
 1304 00fd 0E       		.uleb128 0xe
 1305 00fe 3A       		.uleb128 0x3a
 1306 00ff 0B       		.uleb128 0xb
 1307 0100 3B       		.uleb128 0x3b
 1308 0101 05       		.uleb128 0x5
 1309 0102 39       		.uleb128 0x39
 1310 0103 0B       		.uleb128 0xb
 1311 0104 27       		.uleb128 0x27
ARM GAS  C:\Users\angio\AppData\Local\Temp\ccBoW3RA.s 			page 24


 1312 0105 19       		.uleb128 0x19
 1313 0106 01       		.uleb128 0x1
 1314 0107 13       		.uleb128 0x13
 1315 0108 00       		.byte	0
 1316 0109 00       		.byte	0
 1317 010a 17       		.uleb128 0x17
 1318 010b 2E       		.uleb128 0x2e
 1319 010c 01       		.byte	0x1
 1320 010d 3F       		.uleb128 0x3f
 1321 010e 19       		.uleb128 0x19
 1322 010f 03       		.uleb128 0x3
 1323 0110 0E       		.uleb128 0xe
 1324 0111 3A       		.uleb128 0x3a
 1325 0112 0B       		.uleb128 0xb
 1326 0113 3B       		.uleb128 0x3b
 1327 0114 0B       		.uleb128 0xb
 1328 0115 39       		.uleb128 0x39
 1329 0116 0B       		.uleb128 0xb
 1330 0117 27       		.uleb128 0x27
 1331 0118 19       		.uleb128 0x19
 1332 0119 49       		.uleb128 0x49
 1333 011a 13       		.uleb128 0x13
 1334 011b 01       		.uleb128 0x1
 1335 011c 13       		.uleb128 0x13
 1336 011d 00       		.byte	0
 1337 011e 00       		.byte	0
 1338 011f 18       		.uleb128 0x18
 1339 0120 05       		.uleb128 0x5
 1340 0121 00       		.byte	0
 1341 0122 03       		.uleb128 0x3
 1342 0123 08       		.uleb128 0x8
 1343 0124 3A       		.uleb128 0x3a
 1344 0125 0B       		.uleb128 0xb
 1345 0126 3B       		.uleb128 0x3b
 1346 0127 0B       		.uleb128 0xb
 1347 0128 39       		.uleb128 0x39
 1348 0129 0B       		.uleb128 0xb
 1349 012a 49       		.uleb128 0x49
 1350 012b 13       		.uleb128 0x13
 1351 012c 00       		.byte	0
 1352 012d 00       		.byte	0
 1353 012e 19       		.uleb128 0x19
 1354 012f 2E       		.uleb128 0x2e
 1355 0130 01       		.byte	0x1
 1356 0131 3F       		.uleb128 0x3f
 1357 0132 19       		.uleb128 0x19
 1358 0133 03       		.uleb128 0x3
 1359 0134 0E       		.uleb128 0xe
 1360 0135 3A       		.uleb128 0x3a
 1361 0136 0B       		.uleb128 0xb
 1362 0137 3B       		.uleb128 0x3b
 1363 0138 0B       		.uleb128 0xb
 1364 0139 39       		.uleb128 0x39
 1365 013a 0B       		.uleb128 0xb
 1366 013b 27       		.uleb128 0x27
 1367 013c 19       		.uleb128 0x19
 1368 013d 01       		.uleb128 0x1
ARM GAS  C:\Users\angio\AppData\Local\Temp\ccBoW3RA.s 			page 25


 1369 013e 13       		.uleb128 0x13
 1370 013f 00       		.byte	0
 1371 0140 00       		.byte	0
 1372 0141 1A       		.uleb128 0x1a
 1373 0142 05       		.uleb128 0x5
 1374 0143 00       		.byte	0
 1375 0144 03       		.uleb128 0x3
 1376 0145 0E       		.uleb128 0xe
 1377 0146 3A       		.uleb128 0x3a
 1378 0147 0B       		.uleb128 0xb
 1379 0148 3B       		.uleb128 0x3b
 1380 0149 0B       		.uleb128 0xb
 1381 014a 39       		.uleb128 0x39
 1382 014b 0B       		.uleb128 0xb
 1383 014c 49       		.uleb128 0x49
 1384 014d 13       		.uleb128 0x13
 1385 014e 00       		.byte	0
 1386 014f 00       		.byte	0
 1387 0150 1B       		.uleb128 0x1b
 1388 0151 2E       		.uleb128 0x2e
 1389 0152 01       		.byte	0x1
 1390 0153 03       		.uleb128 0x3
 1391 0154 0E       		.uleb128 0xe
 1392 0155 3A       		.uleb128 0x3a
 1393 0156 0B       		.uleb128 0xb
 1394 0157 3B       		.uleb128 0x3b
 1395 0158 0B       		.uleb128 0xb
 1396 0159 39       		.uleb128 0x39
 1397 015a 0B       		.uleb128 0xb
 1398 015b 27       		.uleb128 0x27
 1399 015c 19       		.uleb128 0x19
 1400 015d 49       		.uleb128 0x49
 1401 015e 13       		.uleb128 0x13
 1402 015f 01       		.uleb128 0x1
 1403 0160 13       		.uleb128 0x13
 1404 0161 00       		.byte	0
 1405 0162 00       		.byte	0
 1406 0163 1C       		.uleb128 0x1c
 1407 0164 34       		.uleb128 0x34
 1408 0165 00       		.byte	0
 1409 0166 03       		.uleb128 0x3
 1410 0167 08       		.uleb128 0x8
 1411 0168 3A       		.uleb128 0x3a
 1412 0169 0B       		.uleb128 0xb
 1413 016a 3B       		.uleb128 0x3b
 1414 016b 0B       		.uleb128 0xb
 1415 016c 39       		.uleb128 0x39
 1416 016d 0B       		.uleb128 0xb
 1417 016e 49       		.uleb128 0x49
 1418 016f 13       		.uleb128 0x13
 1419 0170 00       		.byte	0
 1420 0171 00       		.byte	0
 1421 0172 1D       		.uleb128 0x1d
 1422 0173 2E       		.uleb128 0x2e
 1423 0174 01       		.byte	0x1
 1424 0175 03       		.uleb128 0x3
 1425 0176 0E       		.uleb128 0xe
ARM GAS  C:\Users\angio\AppData\Local\Temp\ccBoW3RA.s 			page 26


 1426 0177 3A       		.uleb128 0x3a
 1427 0178 0B       		.uleb128 0xb
 1428 0179 3B       		.uleb128 0x3b
 1429 017a 05       		.uleb128 0x5
 1430 017b 39       		.uleb128 0x39
 1431 017c 0B       		.uleb128 0xb
 1432 017d 27       		.uleb128 0x27
 1433 017e 19       		.uleb128 0x19
 1434 017f 01       		.uleb128 0x1
 1435 0180 13       		.uleb128 0x13
 1436 0181 00       		.byte	0
 1437 0182 00       		.byte	0
 1438 0183 1E       		.uleb128 0x1e
 1439 0184 2E       		.uleb128 0x2e
 1440 0185 01       		.byte	0x1
 1441 0186 03       		.uleb128 0x3
 1442 0187 0E       		.uleb128 0xe
 1443 0188 3A       		.uleb128 0x3a
 1444 0189 0B       		.uleb128 0xb
 1445 018a 3B       		.uleb128 0x3b
 1446 018b 05       		.uleb128 0x5
 1447 018c 39       		.uleb128 0x39
 1448 018d 0B       		.uleb128 0xb
 1449 018e 27       		.uleb128 0x27
 1450 018f 19       		.uleb128 0x19
 1451 0190 49       		.uleb128 0x49
 1452 0191 13       		.uleb128 0x13
 1453 0192 01       		.uleb128 0x1
 1454 0193 13       		.uleb128 0x13
 1455 0194 00       		.byte	0
 1456 0195 00       		.byte	0
 1457 0196 1F       		.uleb128 0x1f
 1458 0197 2E       		.uleb128 0x2e
 1459 0198 00       		.byte	0
 1460 0199 03       		.uleb128 0x3
 1461 019a 0E       		.uleb128 0xe
 1462 019b 3A       		.uleb128 0x3a
 1463 019c 0B       		.uleb128 0xb
 1464 019d 3B       		.uleb128 0x3b
 1465 019e 05       		.uleb128 0x5
 1466 019f 39       		.uleb128 0x39
 1467 01a0 0B       		.uleb128 0xb
 1468 01a1 27       		.uleb128 0x27
 1469 01a2 19       		.uleb128 0x19
 1470 01a3 00       		.byte	0
 1471 01a4 00       		.byte	0
 1472 01a5 20       		.uleb128 0x20
 1473 01a6 2E       		.uleb128 0x2e
 1474 01a7 01       		.byte	0x1
 1475 01a8 03       		.uleb128 0x3
 1476 01a9 0E       		.uleb128 0xe
 1477 01aa 3A       		.uleb128 0x3a
 1478 01ab 0B       		.uleb128 0xb
 1479 01ac 3B       		.uleb128 0x3b
 1480 01ad 0B       		.uleb128 0xb
 1481 01ae 39       		.uleb128 0x39
 1482 01af 0B       		.uleb128 0xb
ARM GAS  C:\Users\angio\AppData\Local\Temp\ccBoW3RA.s 			page 27


 1483 01b0 27       		.uleb128 0x27
 1484 01b1 19       		.uleb128 0x19
 1485 01b2 00       		.byte	0
 1486 01b3 00       		.byte	0
 1487 01b4 00       		.byte	0
 1488              		.section	.gnu.debuglto_.debug_line,"e",%progbits
 1489              	.Ldebug_line0:
 1490 0000 CB020000 		.4byte	.LELT0-.LSLT0
 1491              	.LSLT0:
 1492 0004 0400     		.2byte	0x4
 1493 0006 C5020000 		.4byte	.LELTP0-.LASLTP0
 1494              	.LASLTP0:
 1495 000a 01       		.byte	0x1
 1496 000b 01       		.byte	0x1
 1497 000c 01       		.byte	0x1
 1498 000d F6       		.byte	0xf6
 1499 000e F2       		.byte	0xf2
 1500 000f 0D       		.byte	0xd
 1501 0010 00       		.byte	0
 1502 0011 01       		.byte	0x1
 1503 0012 01       		.byte	0x1
 1504 0013 01       		.byte	0x1
 1505 0014 01       		.byte	0x1
 1506 0015 00       		.byte	0
 1507 0016 00       		.byte	0
 1508 0017 00       		.byte	0
 1509 0018 01       		.byte	0x1
 1510 0019 00       		.byte	0
 1511 001a 00       		.byte	0
 1512 001b 01       		.byte	0x1
 1513 001c 2E2E2F2E 		.ascii	"../../chibios2111/os/common/ext/ARM/CMSIS/Core/Incl"
 1513      2E2F6368 
 1513      6962696F 
 1513      73323131 
 1513      312F6F73 
 1514 004f 756465   		.ascii	"ude"
 1515 0052 00       		.byte	0
 1516 0053 2E2E2F2E 		.ascii	"../../chibios2111/os/common/ports/ARMv7-M-ALT"
 1516      2E2F6368 
 1516      6962696F 
 1516      73323131 
 1516      312F6F73 
 1517 0080 00       		.byte	0
 1518 0081 2E2E2F2E 		.ascii	"../../chibios2111/os/hal/include"
 1518      2E2F6368 
 1518      6962696F 
 1518      73323131 
 1518      312F6F73 
 1519 00a1 00       		.byte	0
 1520 00a2 2E2E2F2E 		.ascii	"../../chibios2111/os/hal/osal/rt-nil"
 1520      2E2F6368 
 1520      6962696F 
 1520      73323131 
 1520      312F6F73 
 1521 00c6 00       		.byte	0
 1522 00c7 2E2E2F2E 		.ascii	"../../chibios2111/os/hal/src"
 1522      2E2F6368 
ARM GAS  C:\Users\angio\AppData\Local\Temp\ccBoW3RA.s 			page 28


 1522      6962696F 
 1522      73323131 
 1522      312F6F73 
 1523 00e3 00       		.byte	0
 1524 00e4 2E2E2F2E 		.ascii	"../../chibios2111/os/rt/include"
 1524      2E2F6368 
 1524      6962696F 
 1524      73323131 
 1524      312F6F73 
 1525 0103 00       		.byte	0
 1526 0104 633A5C63 		.ascii	"c:\\chibistudio\\tools\\gnu tools arm embedded\\10."
 1526      68696269 
 1526      73747564 
 1526      696F5C74 
 1526      6F6F6C73 
 1527 0133 33203230 		.ascii	"3 2021.10\\arm-none-eabi\\include\\machine"
 1527      32312E31 
 1527      305C6172 
 1527      6D2D6E6F 
 1527      6E652D65 
 1528 015a 00       		.byte	0
 1529 015b 633A5C63 		.ascii	"c:\\chibistudio\\tools\\gnu tools arm embedded\\10."
 1529      68696269 
 1529      73747564 
 1529      696F5C74 
 1529      6F6F6C73 
 1530 018a 33203230 		.ascii	"3 2021.10\\arm-none-eabi\\include\\sys"
 1530      32312E31 
 1530      305C6172 
 1530      6D2D6E6F 
 1530      6E652D65 
 1531 01ad 00       		.byte	0
 1532 01ae 633A5C63 		.ascii	"c:\\chibistudio\\tools\\gnu tools arm embedded\\10."
 1532      68696269 
 1532      73747564 
 1532      696F5C74 
 1532      6F6F6C73 
 1533 01dd 33203230 		.ascii	"3 2021.10\\lib\\gcc\\arm-none-eabi\\10.3.1\\include"
 1533      32312E31 
 1533      305C6C69 
 1533      625C6763 
 1533      635C6172 
 1534 020b 00       		.byte	0
 1535 020c 00       		.byte	0
 1536 020d 73746464 		.ascii	"stddef.h\000"
 1536      65662E68 
 1536      00
 1537 0216 09       		.uleb128 0x9
 1538 0217 00       		.uleb128 0
 1539 0218 00       		.uleb128 0
 1540 0219 5F646566 		.ascii	"_default_types.h\000"
 1540      61756C74 
 1540      5F747970 
 1540      65732E68 
 1540      00
 1541 022a 07       		.uleb128 0x7
 1542 022b 00       		.uleb128 0
ARM GAS  C:\Users\angio\AppData\Local\Temp\ccBoW3RA.s 			page 29


 1543 022c 00       		.uleb128 0
 1544 022d 5F737464 		.ascii	"_stdint.h\000"
 1544      696E742E 
 1544      6800
 1545 0237 08       		.uleb128 0x8
 1546 0238 00       		.uleb128 0
 1547 0239 00       		.uleb128 0
 1548 023a 63686561 		.ascii	"chearly.h\000"
 1548      726C792E 
 1548      6800
 1549 0244 06       		.uleb128 0x6
 1550 0245 00       		.uleb128 0
 1551 0246 00       		.uleb128 0
 1552 0247 63687469 		.ascii	"chtime.h\000"
 1552      6D652E68 
 1552      00
 1553 0250 06       		.uleb128 0x6
 1554 0251 00       		.uleb128 0
 1555 0252 00       		.uleb128 0
 1556 0253 63686C69 		.ascii	"chlists.h\000"
 1556      7374732E 
 1556      6800
 1557 025d 06       		.uleb128 0x6
 1558 025e 00       		.uleb128 0
 1559 025f 00       		.uleb128 0
 1560 0260 63686F62 		.ascii	"chobjects.h\000"
 1560      6A656374 
 1560      732E6800 
 1561 026c 06       		.uleb128 0x6
 1562 026d 00       		.uleb128 0
 1563 026e 00       		.uleb128 0
 1564 026f 68616C5F 		.ascii	"hal_queues.h\000"
 1564      71756575 
 1564      65732E68 
 1564      00
 1565 027c 03       		.uleb128 0x3
 1566 027d 00       		.uleb128 0
 1567 027e 00       		.uleb128 0
 1568 027f 68616C5F 		.ascii	"hal_queues.c\000"
 1568      71756575 
 1568      65732E63 
 1568      00
 1569 028c 05       		.uleb128 0x5
 1570 028d 00       		.uleb128 0
 1571 028e 00       		.uleb128 0
 1572 028f 6F73616C 		.ascii	"osal.h\000"
 1572      2E6800
 1573 0296 04       		.uleb128 0x4
 1574 0297 00       		.uleb128 0
 1575 0298 00       		.uleb128 0
 1576 0299 63687468 		.ascii	"chthreads.h\000"
 1576      72656164 
 1576      732E6800 
 1577 02a5 06       		.uleb128 0x6
 1578 02a6 00       		.uleb128 0
 1579 02a7 00       		.uleb128 0
 1580 02a8 63687379 		.ascii	"chsys.h\000"
ARM GAS  C:\Users\angio\AppData\Local\Temp\ccBoW3RA.s 			page 30


 1580      732E6800 
 1581 02b0 06       		.uleb128 0x6
 1582 02b1 00       		.uleb128 0
 1583 02b2 00       		.uleb128 0
 1584 02b3 6368636F 		.ascii	"chcore.h\000"
 1584      72652E68 
 1584      00
 1585 02bc 02       		.uleb128 0x2
 1586 02bd 00       		.uleb128 0
 1587 02be 00       		.uleb128 0
 1588 02bf 636D7369 		.ascii	"cmsis_gcc.h\000"
 1588      735F6763 
 1588      632E6800 
 1589 02cb 01       		.uleb128 0x1
 1590 02cc 00       		.uleb128 0
 1591 02cd 00       		.uleb128 0
 1592 02ce 00       		.byte	0
 1593              	.LELTP0:
 1594              	.LELT0:
 1595              		.section	.gnu.debuglto_.debug_str,"eMS",%progbits,1
 1596              	.LASF66:
 1597 0000 6F73616C 		.ascii	"osalThreadEnqueueTimeoutS\000"
 1597      54687265 
 1597      6164456E 
 1597      71756575 
 1597      6554696D 
 1598              	.LASF35:
 1599 001a 715F7264 		.ascii	"q_rdptr\000"
 1599      70747200 
 1600              	.LASF26:
 1601 0022 74687265 		.ascii	"threads_queue_t\000"
 1601      6164735F 
 1601      71756575 
 1601      655F7400 
 1602              	.LASF79:
 1603 0032 433A5C43 		.ascii	"C:\\ChibiStudio\\workspace_user\\RT-STM32G474RE-NUC"
 1603      68696269 
 1603      53747564 
 1603      696F5C77 
 1603      6F726B73 
 1604 0062 4C454F36 		.ascii	"LEO64\000"
 1604      3400
 1605              	.LASF77:
 1606 0068 474E5520 		.ascii	"GNU C17 10.3.1 20210824 (release) -mcpu=cortex-m4 -"
 1606      43313720 
 1606      31302E33 
 1606      2E312032 
 1606      30323130 
 1607 009b 6D746875 		.ascii	"mthumb -mfloat-abi=soft -march=armv7e-m -ggdb -O0 -"
 1607      6D62202D 
 1607      6D666C6F 
 1607      61742D61 
 1607      62693D73 
 1608 00ce 666F6D69 		.ascii	"fomit-frame-pointer -falign-functions=16 -ffunction"
 1608      742D6672 
 1608      616D652D 
 1608      706F696E 
ARM GAS  C:\Users\angio\AppData\Local\Temp\ccBoW3RA.s 			page 31


 1608      74657220 
 1609 0101 2D736563 		.ascii	"-sections -fdata-sections -fno-common -flto\000"
 1609      74696F6E 
 1609      73202D66 
 1609      64617461 
 1609      2D736563 
 1610              	.LASF56:
 1611 012d 69714765 		.ascii	"iqGetTimeout\000"
 1611      7454696D 
 1611      656F7574 
 1611      00
 1612              	.LASF7:
 1613 013a 73686F72 		.ascii	"short int\000"
 1613      7420696E 
 1613      7400
 1614              	.LASF4:
 1615 0144 73697A65 		.ascii	"size_t\000"
 1615      5F7400
 1616              	.LASF28:
 1617 014b 696F5F71 		.ascii	"io_queue_t\000"
 1617      75657565 
 1617      5F7400
 1618              	.LASF53:
 1619 0156 69715265 		.ascii	"iqReadTimeout\000"
 1619      61645469 
 1619      6D656F75 
 1619      7400
 1620              	.LASF68:
 1621 0164 6F73616C 		.ascii	"osalSysUnlock\000"
 1621      53797355 
 1621      6E6C6F63 
 1621      6B00
 1622              	.LASF47:
 1623 0172 6F715075 		.ascii	"oqPutI\000"
 1623      744900
 1624              	.LASF74:
 1625 0179 706F7274 		.ascii	"port_lock\000"
 1625      5F6C6F63 
 1625      6B00
 1626              	.LASF72:
 1627 0183 63685379 		.ascii	"chSysLock\000"
 1627      734C6F63 
 1627      6B00
 1628              	.LASF63:
 1629 018d 69715F72 		.ascii	"iq_read\000"
 1629      65616400 
 1630              	.LASF65:
 1631 0195 6F73616C 		.ascii	"osalThreadDequeueNextI\000"
 1631      54687265 
 1631      61644465 
 1631      71756575 
 1631      654E6578 
 1632              	.LASF58:
 1633 01ac 69715075 		.ascii	"iqPutI\000"
 1633      744900
 1634              	.LASF43:
 1635 01b3 6F715772 		.ascii	"oqWriteTimeout\000"
ARM GAS  C:\Users\angio\AppData\Local\Temp\ccBoW3RA.s 			page 32


 1635      69746554 
 1635      696D656F 
 1635      757400
 1636              	.LASF29:
 1637 01c2 696F5F71 		.ascii	"io_queue\000"
 1637      75657565 
 1637      00
 1638              	.LASF15:
 1639 01cb 75696E74 		.ascii	"uint8_t\000"
 1639      385F7400 
 1640              	.LASF24:
 1641 01d3 63685F74 		.ascii	"ch_threads_queue\000"
 1641      68726561 
 1641      64735F71 
 1641      75657565 
 1641      00
 1642              	.LASF20:
 1643 01e4 63685F71 		.ascii	"ch_queue_t\000"
 1643      75657565 
 1643      5F7400
 1644              	.LASF78:
 1645 01ef 2E2E2F2E 		.ascii	"../../chibios2111/os/hal/src/hal_queues.c\000"
 1645      2E2F6368 
 1645      6962696F 
 1645      73323131 
 1645      312F6F73 
 1646              	.LASF52:
 1647 0219 6C696E6B 		.ascii	"link\000"
 1647      00
 1648              	.LASF31:
 1649 021e 715F636F 		.ascii	"q_counter\000"
 1649      756E7465 
 1649      7200
 1650              	.LASF2:
 1651 0228 6C6F6E67 		.ascii	"long double\000"
 1651      20646F75 
 1651      626C6500 
 1652              	.LASF1:
 1653 0234 6C6F6E67 		.ascii	"long long int\000"
 1653      206C6F6E 
 1653      6720696E 
 1653      7400
 1654              	.LASF49:
 1655 0242 6F714F62 		.ascii	"oqObjectInit\000"
 1655      6A656374 
 1655      496E6974 
 1655      00
 1656              	.LASF36:
 1657 024f 715F6E6F 		.ascii	"q_notify\000"
 1657      74696679 
 1657      00
 1658              	.LASF67:
 1659 0258 6F73616C 		.ascii	"osalThreadQueueObjectInit\000"
 1659      54687265 
 1659      61645175 
 1659      6575654F 
 1659      626A6563 
ARM GAS  C:\Users\angio\AppData\Local\Temp\ccBoW3RA.s 			page 33


 1660              	.LASF55:
 1661 0272 69715265 		.ascii	"iqReadI\000"
 1661      61644900 
 1662              	.LASF5:
 1663 027a 5F5F7569 		.ascii	"__uint8_t\000"
 1663      6E74385F 
 1663      7400
 1664              	.LASF51:
 1665 0284 6F6E6679 		.ascii	"onfy\000"
 1665      00
 1666              	.LASF64:
 1667 0289 6F73616C 		.ascii	"osalThreadDequeueAllI\000"
 1667      54687265 
 1667      61644465 
 1667      71756575 
 1667      65416C6C 
 1668              	.LASF25:
 1669 029f 71756575 		.ascii	"queue\000"
 1669      6500
 1670              	.LASF32:
 1671 02a5 715F6275 		.ascii	"q_buffer\000"
 1671      66666572 
 1671      00
 1672              	.LASF6:
 1673 02ae 756E7369 		.ascii	"unsigned char\000"
 1673      676E6564 
 1673      20636861 
 1673      7200
 1674              	.LASF62:
 1675 02bc 6F715F77 		.ascii	"oq_write\000"
 1675      72697465 
 1675      00
 1676              	.LASF54:
 1677 02c5 5F5F6675 		.ascii	"__func__\000"
 1677      6E635F5F 
 1677      00
 1678              	.LASF42:
 1679 02ce 646F6E65 		.ascii	"done\000"
 1679      00
 1680              	.LASF22:
 1681 02d3 70726576 		.ascii	"prev\000"
 1681      00
 1682              	.LASF3:
 1683 02d8 7369676E 		.ascii	"signed char\000"
 1683      65642063 
 1683      68617200 
 1684              	.LASF13:
 1685 02e4 6C6F6E67 		.ascii	"long long unsigned int\000"
 1685      206C6F6E 
 1685      6720756E 
 1685      7369676E 
 1685      65642069 
 1686              	.LASF17:
 1687 02fb 75696E74 		.ascii	"uint32_t\000"
 1687      33325F74 
 1687      00
 1688              	.LASF0:
ARM GAS  C:\Users\angio\AppData\Local\Temp\ccBoW3RA.s 			page 34


 1689 0304 756E7369 		.ascii	"unsigned int\000"
 1689      676E6564 
 1689      20696E74 
 1689      00
 1690              	.LASF44:
 1691 0311 6F715772 		.ascii	"oqWriteI\000"
 1691      69746549 
 1691      00
 1692              	.LASF8:
 1693 031a 73686F72 		.ascii	"short unsigned int\000"
 1693      7420756E 
 1693      7369676E 
 1693      65642069 
 1693      6E7400
 1694              	.LASF76:
 1695 032d 62617365 		.ascii	"basePri\000"
 1695      50726900 
 1696              	.LASF60:
 1697 0335 69714F62 		.ascii	"iqObjectInit\000"
 1697      6A656374 
 1697      496E6974 
 1697      00
 1698              	.LASF14:
 1699 0342 63686172 		.ascii	"char\000"
 1699      00
 1700              	.LASF10:
 1701 0347 6C6F6E67 		.ascii	"long int\000"
 1701      20696E74 
 1701      00
 1702              	.LASF16:
 1703 0350 696E7433 		.ascii	"int32_t\000"
 1703      325F7400 
 1704              	.LASF45:
 1705 0358 6F714765 		.ascii	"oqGetI\000"
 1705      744900
 1706              	.LASF27:
 1707 035f 5F426F6F 		.ascii	"_Bool\000"
 1707      6C00
 1708              	.LASF73:
 1709 0365 706F7274 		.ascii	"port_unlock\000"
 1709      5F756E6C 
 1709      6F636B00 
 1710              	.LASF19:
 1711 0371 73797369 		.ascii	"sysinterval_t\000"
 1711      6E746572 
 1711      76616C5F 
 1711      7400
 1712              	.LASF57:
 1713 037f 69714765 		.ascii	"iqGetI\000"
 1713      744900
 1714              	.LASF70:
 1715 0386 63685468 		.ascii	"chThdQueueObjectInit\000"
 1715      64517565 
 1715      75654F62 
 1715      6A656374 
 1715      496E6974 
 1716              	.LASF30:
ARM GAS  C:\Users\angio\AppData\Local\Temp\ccBoW3RA.s 			page 35


 1717 039b 715F7761 		.ascii	"q_waiting\000"
 1717      6974696E 
 1717      6700
 1718              	.LASF12:
 1719 03a5 6C6F6E67 		.ascii	"long unsigned int\000"
 1719      20756E73 
 1719      69676E65 
 1719      6420696E 
 1719      7400
 1720              	.LASF46:
 1721 03b7 6F715075 		.ascii	"oqPutTimeout\000"
 1721      7454696D 
 1721      656F7574 
 1721      00
 1722              	.LASF40:
 1723 03c4 6F757470 		.ascii	"output_queue_t\000"
 1723      75745F71 
 1723      75657565 
 1723      5F7400
 1724              	.LASF39:
 1725 03d3 696E7075 		.ascii	"input_queue_t\000"
 1725      745F7175 
 1725      6575655F 
 1725      7400
 1726              	.LASF11:
 1727 03e1 5F5F7569 		.ascii	"__uint32_t\000"
 1727      6E743332 
 1727      5F7400
 1728              	.LASF50:
 1729 03ec 73697A65 		.ascii	"size\000"
 1729      00
 1730              	.LASF71:
 1731 03f1 63685379 		.ascii	"chSysUnlock\000"
 1731      73556E6C 
 1731      6F636B00 
 1732              	.LASF80:
 1733 03fd 63685F71 		.ascii	"ch_queue_init\000"
 1733      75657565 
 1733      5F696E69 
 1733      7400
 1734              	.LASF9:
 1735 040b 5F5F696E 		.ascii	"__int32_t\000"
 1735      7433325F 
 1735      7400
 1736              	.LASF59:
 1737 0415 69715265 		.ascii	"iqResetI\000"
 1737      73657449 
 1737      00
 1738              	.LASF48:
 1739 041e 6F715265 		.ascii	"oqResetI\000"
 1739      73657449 
 1739      00
 1740              	.LASF61:
 1741 0427 696E6679 		.ascii	"infy\000"
 1741      00
 1742              	.LASF23:
 1743 042c 63685F71 		.ascii	"ch_queue\000"
ARM GAS  C:\Users\angio\AppData\Local\Temp\ccBoW3RA.s 			page 36


 1743      75657565 
 1743      00
 1744              	.LASF75:
 1745 0435 5F5F7365 		.ascii	"__set_BASEPRI\000"
 1745      745F4241 
 1745      53455052 
 1745      4900
 1746              	.LASF34:
 1747 0443 715F7772 		.ascii	"q_wrptr\000"
 1747      70747200 
 1748              	.LASF33:
 1749 044b 715F746F 		.ascii	"q_top\000"
 1749      7000
 1750              	.LASF69:
 1751 0451 6F73616C 		.ascii	"osalSysLock\000"
 1751      5379734C 
 1751      6F636B00 
 1752              	.LASF18:
 1753 045d 6D73675F 		.ascii	"msg_t\000"
 1753      7400
 1754              	.LASF41:
 1755 0463 74696D65 		.ascii	"timeout\000"
 1755      6F757400 
 1756              	.LASF21:
 1757 046b 6E657874 		.ascii	"next\000"
 1757      00
 1758              	.LASF37:
 1759 0470 715F6C69 		.ascii	"q_link\000"
 1759      6E6B00
 1760              	.LASF38:
 1761 0477 716E6F74 		.ascii	"qnotify_t\000"
 1761      6966795F 
 1761      7400
 1762              		.text
 1763              		.section	.gnu.lto_.inline.1f2b1718,"e",%progbits
 1764 0000 789CB592 		.ascii	"x\234\265\222=N\0031\020\205\237\307v\002\331\037\222"
 1764      3D4E0331 
 1764      10859FC7 
 1764      7602D91F 
 1764      92
 1765 0011 F01F8444 		.ascii	"\360\037\204DA\225\002Rs\210=\005\004\270\004\002\211"
 1765      41950252 
 1765      73883D05 
 1765      04B80402 
 1765      89
 1766 0022 03EC1128 		.ascii	"\003\354\021()9\002%\005\005G\340(\314x\327\006\262"
 1766      29390225 
 1766      050547E0 
 1766      28CC78D7 
 1766      06B2
 1767 0034 BBC1A0E0 		.ascii	"\273\301\240\340\302\032\217>\277\231y\366\314\"\254"
 1767      C21A8F3E 
 1767      BF9979F6 
 1767      CC22AC
 1768 0043 09606F79 		.ascii	"\011`oy\321\005@=\037\031\334qtC F\024\214\344\3659"
 1768      D105403D 
 1768      1F19DC71 
ARM GAS  C:\Users\angio\AppData\Local\Temp\ccBoW3RA.s 			page 37


 1768      74432046 
 1768      148CE4F5 
 1769 0058 1321FA46 		.ascii	"\023!\372F\320\217\204vU\036\364\234\011rU\032\032\211"
 1769      D08F8476 
 1769      551EF49C 
 1769      0972551A 
 1769      1A89
 1770 006a 942A0B53 		.ascii	"\224*\013Sku\223j \215\333H\256\027]\271\017\231\377"
 1770      6B75936A 
 1770      208DDB48 
 1770      AE175DB9 
 1770      0F99FF
 1771 007d 7909A953 		.ascii	"y\011\251S\301\313\242,\326~\301\256\243\317\351\367"
 1771      C1CBA22C 
 1771      D67EC1AE 
 1771      A3CFE9F7 
 1772 008d 25ACC93C 		.ascii	"%\254\311<;\300)\247_\350\232\317g\356\326e\033\253"
 1772      3BC029A7 
 1772      5FE89ACF 
 1772      67EED665 
 1772      1BAB
 1773 009f 8565AF22 		.ascii	"\205e\257\"\342d\345\212)2\276\374F\254Ccq\201\346\035"
 1773      E264E58A 
 1773      2932BEFC 
 1773      46AC4363 
 1773      7181E61D 
 1774 00b3 8E664838 		.ascii	"\216fH8\371\344\310\324\371\265\370\267\274K\310q\310"
 1774      F9E4C8D4 
 1774      F9B5F8B7 
 1774      BC4BC871 
 1774      C8
 1775 00c4 D947BAE2 		.ascii	"\331G\272\342\343\214\243\262\321f@7p\340T\005\235\312"
 1775      E38CA3B2 
 1775      D1664037 
 1775      70E05405 
 1775      9DCA
 1776 00d6 44D49868 		.ascii	"D\324\230hX\325\037\342\230\223\257n\366\023\367[\026"
 1776      58D51FE2 
 1776      9893AF6E 
 1776      F613F75B 
 1776      16
 1777 00e7 C9EA8F54 		.ascii	"\311\352\217T\273\311T\375\012\365\271V\031a\024Zk\237"
 1777      BBC954FD 
 1777      0AF5B956 
 1777      1961145A 
 1777      6B9F
 1778 00f9 C2E65F9C 		.ascii	"\302\346_\234\252o\215q\304\300\275\226\332\023\377"
 1778      AA6F8D71 
 1778      C4C0BD96 
 1778      DA13FF
 1779 0108 575A6BAB 		.ascii	"WZk\253\260\177v`s\025\024}7\312\351nF\273\277\205\334"
 1779      B07F7660 
 1779      7315147D 
 1779      37CAE96E 
 1779      46BBBF85 
 1780 011d BBD34106 		.ascii	"\273\323A\006K\267\243-\335Y\211\245\273\361\257\275"
 1780      4BB7A32D 
ARM GAS  C:\Users\angio\AppData\Local\Temp\ccBoW3RA.s 			page 38


 1780      DD5989A5 
 1780      BBF1AFBD 
 1781 012d F727F7F7 		.ascii	"\367'\367\367\377\311}|\000\364R\011\225"
 1781      FFC97D7C 
 1781      00F45209 
 1781      95
 1782              		.text
 1783              		.section	.gnu.lto_.jmpfuncs.1f2b1718,"e",%progbits
 1784 0000 789C6362 		.ascii	"x\234cb@\006\000\000*\000\003"
 1784      40060000 
 1784      2A0003
 1785              		.text
 1786              		.section	.gnu.lto_.lto.1f2b1718,"e",%progbits
 1787 0000 09000400 		.ascii	"\011\000\004\000\001\000\000\000"
 1787      01000000 
 1788              		.text
 1789              		.section	.gnu.lto_ch_queue_init.19.1f2b1718,"e",%progbits
 1790 0000 789C5362 		.ascii	"x\234Sbd`\250e``P\004b\006f\006\306I\023\273\230\030"
 1790      6460A865 
 1790      60605004 
 1790      62066606 
 1790      C64913BB 
 1791 0016 FEFFFF5F 		.ascii	"\376\377\377_\317\302\304\330\250\302\270\223\021\314"
 1791      CFC2C4D8 
 1791      A8C2B893 
 1791      11CC
 1792 0024 6664A867 		.ascii	"fd\250gb\254g\234\314\254\331\320\320\360c\351\274}"
 1792      62AC679C 
 1792      CCACD9D0 
 1792      D0F063E9 
 1792      BC7D
 1793 0036 EDDC0D2B 		.ascii	"\355\334\015+\0160.af`\230\307\314\000\001s\230\031"
 1793      0E302E61 
 1793      666098C7 
 1793      CC000173 
 1793      9819
 1794 0048 27312F61 		.ascii	"'1/afdd\201\262\230\030\025\200,\346\024\006\365\003"
 1794      66646481 
 1794      B2981815 
 1794      802CE614 
 1794      06F503
 1795 005b 0D0D17EE 		.ascii	"\015\015\027\356\355hh\340dX\302\314\314\270\235\021"
 1795      ED6868E0 
 1795      6458C2CC 
 1795      CCB89D11 
 1796 006b A887711B 		.ascii	"\250\207q\033#\343V\240\335@\201\364_\374\014\014l0"
 1796      23E356A0 
 1796      DD4081F4 
 1796      5FFC0C0C 
 1796      6C30
 1797 007d 9380620C 		.ascii	"\223\200b\014\353/\261\036h\370\363\277\277\241\341"
 1797      EB2FB11E 
 1797      68F8F3BF 
 1797      BFA1E1
 1798 008c EA33C653 		.ascii	"\3523\306S\352\254L\214\214;\200\342\375\314 \227\201"
 1798      EAAC4C8C 
 1798      8C3B80E2 
ARM GAS  C:\Users\angio\AppData\Local\Temp\ccBoW3RA.s 			page 39


 1798      FDCC2097 
 1798      81
 1799 009d 813C903B 		.ascii	"\201<\220;\201\231\011\301edx\307\3304k\347\223\303"
 1799      819909C1 
 1799      656478C7 
 1799      D8346BE7 
 1799      93C3
 1800 00af CC50DB99 		.ascii	"\314P\333\231\031A.Z\306\010t\360\013\246%\314,\213"
 1800      19412E5A 
 1800      C60874F0 
 1800      0BA625CC 
 1800      2C8B
 1801 00c1 80EED9C5 		.ascii	"\200\356\331\305\310`\000\344s\200dw3\316\005\331\007"
 1801      C86000E4 
 1801      73806477 
 1801      33CE05D9 
 1801      07
 1802 00d2 1406EBFC 		.ascii	"\024\006\353\374\011\321\211[\375^\240zF\210\372O\214"
 1802      09D1895B 
 1802      FD5EA07A 
 1802      4688FA4F 
 1802      8C
 1803 00e3 4D0FA6FA 		.ascii	"M\017\246\372\203=\335\317\314\210\354$\006\0063g\253"
 1803      833DDDCF 
 1803      CC88EC24 
 1803      06063367 
 1803      AB
 1804 00f4 18E78CCC 		.ascii	"\030\347\214\314\244\314\340\222\322\224\314\374\230"
 1804      A4CCE092 
 1804      D294CCFC 
 1804      98
 1805 0101 F2FCA2EC 		.ascii	"\362\374\242\354\342\202\304\344\324\370\322\342\324"
 1805      E282C4E4 
 1805      D4F8D2E2 
 1805      D4
 1806 010e A298A010 		.ascii	"\242\230\240\020\335\340\020_c#w\023s\223 W]\277Pg\037"
 1806      DDE0105F 
 1806      63237713 
 1806      73932057 
 1806      5DBF5067 
 1807 0123 577F3313 		.ascii	"W\1773\023\006-==} J\006\351\314/6244\324\317/\326/"
 1807      062D3D3D 
 1807      7D204A06 
 1807      E9CC2F36 
 1807      323434D4 
 1808 013b 2AD1CFCC 		.ascii	"*\321\317\314K\316)MI\005\312\344d\026\227\024\353e"
 1808      4BCE294D 
 1808      4905CAE4 
 1808      64169714 
 1808      EB65
 1809 014d 30301516 		.ascii	"00\025\026\210e$\346\304\027\226\246\226\246\026\353"
 1809      886524E6 
 1809      C41796A6 
 1809      96A616EB 
 1810 015d 25EB99A6 		.ascii	"%\353\231\246\246\232\247%\232\2331\000\000U\260\223"
 1810      A69AA725 
 1810      9A9B3100 
ARM GAS  C:\Users\angio\AppData\Local\Temp\ccBoW3RA.s 			page 40


 1810      0055B093 
 1811 016d CA       		.ascii	"\312"
 1812              		.text
 1813              		.section	.gnu.lto_chSysLock.191.1f2b1718,"e",%progbits
 1814 0000 789C7D50 		.ascii	"x\234}PMh\023Q\020\236\331\267i\225\036\332\223\210"
 1814      4D681351 
 1814      109ED9B7 
 1814      69951EDA 
 1814      9388
 1815 0012 17D34351 		.ascii	"\027\323CQ\241\31165&\340\255,\241\024\032\225$^$\020"
 1815      A1C93635 
 1815      26E0AD2C 
 1815      A1141A95 
 1815      245E2410 
 1816 0026 92ED6A17 		.ascii	"\222\355j\027\233n\334M\324\236\262\266\240 4\375\211"
 1816      9B6EDC4D 
 1816      D49EB2B6 
 1816      A02034FD 
 1816      89
 1817 0037 2068E8A1 		.ascii	" h\350\241D\360\324\\\374ij\325\325P\361TA\020\017\025"
 1817      44F0D45C 
 1817      FC696AD5 
 1817      D550F154 
 1817      41100F15 
 1818 004b BC2822E2 		.ascii	"\274(\"\342\017\275\330\203\022\347m\022\323\203\370"
 1818      0FBDD883 
 1818      12E76D12 
 1818      D383F8
 1819 005a D8E5CD37 		.ascii	"\330\345\3157\3377\337\314\233\015\004\330O\3770\320"
 1819      DF37DFCC 
 1819      9B0D04D8 
 1819      4FFF30D0 
 1820 006a 71012E2E 		.ascii	"q\001..\\\027\240^\257\347E\001\213\205\257\317~v\241"
 1820      5C17A05E 
 1820      AFE74501 
 1820      8B85AFCF 
 1820      7E76A1
 1821 007d 8D0E6678 		.ascii	"\215\016fxc\363\305\314J\001\261\332H\210xes}\347\014"
 1821      63F3C5CC 
 1821      4A01B1DA 
 1821      48887865 
 1821      737DE70C 
 1822 0091 DE6F4084 		.ascii	"\336o@\204\274\300D\314c\221\035\261,k\347\316Re\266"
 1822      BCC044CC 
 1822      63911DB1 
 1822      2C6BE7CE 
 1822      5265B6
 1823 00a4 CBBA6B63 		.ascii	"\313\272kc\231\001,1h\235\216&\302\022C'F|\200\320\002"
 1823      99012C31 
 1823      689D8E26 
 1823      C2124327 
 1823      467C80D0 
 1824 00b9 023E6C00 		.ascii	"\002>l\000n\361.\000\344N\311&\215\253\330\244\027Y"
 1824      6EF12E00 
 1824      E44EC926 
 1824      8DABD8A4 
 1824      1759
ARM GAS  C:\Users\angio\AppData\Local\Temp\ccBoW3RA.s 			page 41


 1825 00cb 99EAC466 		.ascii	"\231\352\304f$\240\233\"\226\342\314!\233\012\357]\333"
 1825      24A09B22 
 1825      96E2CC21 
 1825      9B0AEF5D 
 1825      DB
 1826 00dc 7A75A064 		.ascii	"zu\240d\331b\2311\\G\336\343\021\342\032\002>\246q\330"
 1826      D9629931 
 1826      5C47DEE3 
 1826      11E21A02 
 1826      3EA671D8 
 1827 00f0 0A7EE826 		.ascii	"\012~\350&i\037\227\336*\334\256\366\327f\254\227\326"
 1827      691F97DE 
 1827      2ADCAEF6 
 1827      D766AC97 
 1827      D6
 1828 0101 5F31B4C5 		.ascii	"_1\264\3054gs\230\3257\245\016|B\311*\267\343\257\300"
 1828      34677398 
 1828      D537A50E 
 1828      7C42C92A 
 1828      B7E3AFC0 
 1829 0115 A7CEE4A4 		.ascii	"\247\316\344\244A\"*\257]\266\365\253>g\3317\273+\263"
 1829      41222AAF 
 1829      5DB6F5AB 
 1829      3E67D937 
 1829      BB2BB3
 1830 0128 C54F5F04 		.ascii	"\305O_\004Q\000^\000s\214/\3249\007\011\3163\241\015"
 1830      51005E00 
 1830      738C2FD4 
 1830      390709CE 
 1830      33A10D
 1831 013b 197CC3E9 		.ascii	"\031|\303\351\355\036Xf\002\177\010\303\001\370N\211"
 1831      ED1E5866 
 1831      027F08C3 
 1831      01F84E89 
 1832 014b CF85B5F7 		.ascii	"\317\205\265\367{i\361\334\3757_ToA\270\272\247\314"
 1832      7B69F1DC 
 1832      FD375F54 
 1832      6F41B8BA 
 1832      A7CC
 1833 015d F88345BE 		.ascii	"\370\203E\276\273\347\010tc\015\227\033\313\351]px\227"
 1833      BBE70874 
 1833      630D971B 
 1833      CBE95D70 
 1833      7897
 1834 016f 436EF0B1 		.ascii	"Cn\360\261\251-\333\335g\236\211\273\3416N\377\370X"
 1834      A92DDBDD 
 1834      679E89BB 
 1834      E1364EFF 
 1834      F858
 1835 0181 7B1BA2FD 		.ascii	"{\033\242\375BC\215mZ\240D@>\036\227\307\265\224\026"
 1835      42438D6D 
 1835      5AA04440 
 1835      3E1E97C7 
 1835      B59416
 1836 0194 CDE6C634 		.ascii	"\315\346\3064=~I7\316\233\231\244\242&r\246j\304#1O"
 1836      3D7E4937 
 1836      CE9B99A4 
ARM GAS  C:\Users\angio\AppData\Local\Temp\ccBoW3RA.s 			page 42


 1836      A22672A6 
 1836      6AC42331 
 1837 01a9 34163E3A 		.ascii	"4\026>:8\354\017\372#!\317\211\323\362h\350d\300\017"
 1837      38EC0FFA 
 1837      2321CF89 
 1837      D3F268E8 
 1837      64C00F
 1838 01bc 87BD5E89 		.ascii	"\207\275^\211>\205W\352\346\240\317\347\223tS2\262\222"
 1838      3E8557EA 
 1838      E6A0CFE7 
 1838      93745332 
 1838      B292
 1839 01ce 36A94CE4 		.ascii	"6\251L\344\306Tb\314)\323;\016\235\251\244\251\2362"
 1839      C65462CC 
 1839      29D33B0E 
 1839      9DA9A4A9 
 1839      9E32
 1840 01e0 34F99F05 		.ascii	"4\371\237\005\212\236N\353\223\222z9+\015E\302\222\034"
 1840      8A9E4EEB 
 1840      93927A39 
 1840      2B0D45C2 
 1840      921C
 1841 01f2 8E8E4425 		.ascii	"\216\216D%Y7Ti\244\345\223653qNQ\310k\337xr\"q!\247"
 1841      59375469 
 1841      A4E59336 
 1841      3533714E 
 1841      51C86BDF 
 1842 020c E654D3AB 		.ascii	"\346T\323\253x\217\251j\360l2\030\200\340\377\2543\272"
 1842      788FA96A 
 1842      F06C3218 
 1842      80E0FFAC 
 1842      33BA
 1843 021e 9135B9F9 		.ascii	"\2215\271\371\305\240'\354\031\032\215\221N\241\006"
 1843      C5A027EC 
 1843      191A8D91 
 1843      4EA106
 1844 022d 64D7138E 		.ascii	"d\327\023\216F\334|\274\214\241\365\273\373\006@0\240"
 1844      46DC7CBC 
 1844      8CA1F5BB 
 1844      FB064030 
 1844      A0
 1845 023e 33ADA675 		.ascii	"3\255\246uc\012\376\000\332\231\010\305"
 1845      630AFE00 
 1845      DA9908C5 
 1846              		.text
 1847              		.section	.gnu.lto_chSysUnlock.192.1f2b1718,"e",%progbits
 1848 0000 789C7D51 		.ascii	"x\234}QMh\023Q\020\236yo\323*=\264'\021/\266\207\242"
 1848      4D681351 
 1848      109E796F 
 1848      D32A3DB4 
 1848      27112FB6 
 1849 0016 42933535 		.ascii	"B\22355&\340\255,A\012\215JR\275\030\010\311v\265\213"
 1849      26E0AD2C 
 1849      410A8D4A 
 1849      52BD1808 
 1849      C976B58B 
 1850 002a 4D37EE26 		.ascii	"M7\356&jOY+(\010\246\266Q\004\011=\224\010=)\370\333"
ARM GAS  C:\Users\angio\AppData\Local\Temp\ccBoW3RA.s 			page 43


 1850      6A4F592B 
 1850      2808A6B6 
 1850      5104093D 
 1850      94083D29 
 1851 0040 D4DA4683 		.ascii	"\324\332F\203\342\245\025<\350A\244\227z\360`\225\202"
 1851      E2A5153C 
 1851      E841A497 
 1851      7AF06095 
 1851      82
 1852 0051 D88312E7 		.ascii	"\330\203\022\347m\022SA|\354\262\363\315\367\3157\363"
 1852      6D125341 
 1852      7CECB2F3 
 1852      CDF7CD37 
 1852      F3
 1853 0062 66DF23C0 		.ascii	"f\337#\300NzO\000\235\026\300\251\311\253\014\252\325"
 1853      4E7A4F00 
 1853      9D16C0A9 
 1853      C9AB0CAA 
 1853      D5
 1854 0073 6A566298 		.ascii	"jVb\230\247\030\037\241\2038\336\310}y\376\243\015\313"
 1854      A7181FA1 
 1854      8338DEC8 
 1854      7D79FEA3 
 1854      0DCB
 1855 0085 352CE1CD 		.ascii	"5,\341\315\225W\225\3739\304R-\341\302\213+\013\357"
 1855      955795FB 
 1855      39C4522D 
 1855      E1C28B2B 
 1855      0BEF
 1856 0097 4E36F408 		.ascii	"N6\364\010Y\306)\231\305<\337g\333\366\346\235\351\345"
 1856      59C62999 
 1856      C53CDF67 
 1856      DBF6E69D 
 1856      E9E5
 1857 00a9 6B6DF66C 		.ascii	"km\366l\031\213\034`\232C\343\264\324\021\0268:1\342"
 1857      198B1C60 
 1857      9A43E3B4 
 1857      D4111638 
 1857      3A31E2
 1858 00bc 63840660 		.ascii	"c\204\006`\370\244\006\310b\356\273\037\310\236\222"
 1858      F8A406C8 
 1858      62EEBB1F 
 1858      C89E92
 1859 00cb 751AE7B0 		.ascii	"u\032\347\260NO\361\"\325I\365\210a'E<!\230=e\352\375"
 1859      4E4FF122 
 1859      D549F588 
 1859      6127453C 
 1859      21983D65 
 1860 00e1 F0CA8737 		.ascii	"\360\312\2077\273\012vY*r\216\013(z<E\234G\300g4\016"
 1860      BB0A7659 
 1860      2A728E0B 
 1860      287A3C45 
 1860      9C47C067 
 1861 00f7 BF8B6BED 		.ascii	"\277\213k\355$\355\026\322\333\271\245RO\345\222\375"
 1861      24ED16D2 
 1861      DBB9A552 
 1861      4FE592FD 
ARM GAS  C:\Users\angio\AppData\Local\Temp\ccBoW3RA.s 			page 44


 1862 0107 DAFE2386 		.ascii	"\332\376#\206\246\230\346\254\017\263\271Vh\301EJ\226"
 1862      A698E6AC 
 1862      0FB3B956 
 1862      68C1454A 
 1862      96
 1863 0118 849DB805 		.ascii	"\204\235\270\005.9\223\223\206\315R\315\"\336{\353*"
 1863      2E399393 
 1863      86CD52CD 
 1863      22DE7BEB 
 1863      2A
 1864 0129 DB3FAB13 		.ascii	"\333?\253\023v\371V\373\362r~u\235IL\344\001&\270X\261"
 1864      76F956FB 
 1864      F2727E75 
 1864      9D494CE4 
 1864      0126B858 
 1865 013e 73763B90 		.ascii	"sv;\2205!\207\353\234o\205\3538\276\321\0013\234\211"
 1865      352187EB 
 1865      9C6F85EB 
 1865      38BED101 
 1865      339C89
 1866 0151 AB512BF8 		.ascii	"\253Q+\370J\211\317\271\371\325\355\364/D\277_bu]9v"
 1866      4A89CFB9 
 1866      F9D5EDF4 
 1866      2F44BF5F 
 1866      62755D39 
 1867 0166 795B918B 		.ascii	"y[\221\213\025Hb\233/\020\350\213\025\234\251\255\253"
 1867      1548629B 
 1867      2F10E88B 
 1867      159CA9AD 
 1867      AB
 1868 0177 6BD2E15D 		.ascii	"k\322\341]\016\371R\\\204\332J\177\267um\205\0338\376"
 1868      0EF9525C 
 1868      84DA4A7F 
 1868      B7756D85 
 1868      1B38FE
 1869 018a EDD3838F 		.ascii	"\355\323\203\217A\3328\324\324\330\244\031%\374\312"
 1869      41DA38D4 
 1869      D4D8A419 
 1869      25FCCA
 1870 0199 A1A832AC 		.ascii	"\241\2502\254'\364H:3\244\033\321\363\206y\306J\305"
 1870      27F4483A 
 1870      33A41BD1 
 1870      F38679C6 
 1870      4AC5
 1871 01ab 552D96B1 		.ascii	"U-\226\26143\032\036tG\006C\007z\017\373\002\276p\320"
 1871      34331A1E 
 1871      74470643 
 1871      077A0FFB 
 1871      02BE70D0 
 1872 01bf 7DE4B832 		.ascii	"}\344\2702\020<\352\367\301^\217G\246G\025\225\206\325"
 1872      103CEAF7 
 1872      C15E8F47 
 1872      A6471595 
 1872      86D5
 1873 01d1 EBF57A65 		.ascii	"\353\365ze\303\222\315\264\254\217\252#\231!\215\030"
 1873      C392CDB4 
 1873      AC8FAA23 
ARM GAS  C:\Users\angio\AppData\Local\Temp\ccBoW3RA.s 			page 45


 1873      99218D18 
 1874 01e1 6BCCF20C 		.ascii	"k\314\362\014Ck\"ni\307L]\371g\201j$\223\306\250\254"
 1874      436B226E 
 1874      69C74C5D 
 1874      F967816A 
 1874      2493C6A8 
 1875 01f6 5D48CB7D 		.ascii	"]H\313}\341\220\254\204\"\375\021Y1LM\356o\370$-\335"
 1875      E190AC84 
 1875      22FD1159 
 1875      314C4DEE 
 1875      6FF8242D 
 1876 020b 8A9D5655 		.ascii	"\212\235VU\362\3321\034\037\211\235\315h\031\315\362"
 1876      F2DA311C 
 1876      1F899DCD 
 1876      6819CDF2 
 1877 021b A89E839A 		.ascii	"\250\236\203\232\0268\025\017\370!\360?\353\224a\246"
 1877      1638150F 
 1877      F821F03F 
 1877      EB9461A6 
 1878 022b 2D617E2E 		.ascii	"-a~.\340\016\271\373\006\006I\247R\003\262\353\010E"
 1878      E00EB9FB 
 1878      060649A7 
 1878      5203B2EB 
 1878      0845
 1879 023d C29D62BC 		.ascii	"\302\235b\274\224\251\367tv\357\007fBkRK\032\346\030"
 1879      94A9F774 
 1879      76EF0766 
 1879      426B524B 
 1879      1AE618
 1880 0250 FC06F6C2 		.ascii	"\374\006\366\302\030\345"
 1880      18E5
 1881              		.text
 1882              		.section	.gnu.lto_chThdQueueObjectInit.225.1f2b1718,"e",%progbits
 1883 0000 789C4D4F 		.ascii	"x\234MOMK\002a\020\236\331Q3:t\363\252A\020A\355\246"
 1883      4D4B0261 
 1883      109ED951 
 1883      333A74F3 
 1883      AA411041 
 1884 0016 99425791 		.ascii	"\231BW\221.}\200\331M\022\323\025\267\"?\326\245\243"
 1884      2E7D80D9 
 1884      4D12D315 
 1884      B7223FD6 
 1884      A5A3
 1885 0028 6FD2A98B 		.ascii	"o\322\251\213e\035\323Cl\341\255S\337\035\374\011\325"
 1885      651DD343 
 1885      6CE1AD53 
 1885      DF1DFC09 
 1885      D5
 1886 0039 2FE856A7 		.ascii	"/\350V\247\210N\025\3056\273\0255\274/<\363\314\314"
 1886      884E15C5 
 1886      36BB1535 
 1886      BC2F3CF3 
 1886      CCCC
 1887 004b 33CFF811 		.ascii	"3\317\370\021@\000\300\000\177 \300\346\316\226\004"
 1887      4000C000 
 1887      7F20C0E6 
 1887      CE9604
ARM GAS  C:\Users\angio\AppData\Local\Temp\ccBoW3RA.s 			page 46


 1888 005a 9665D55C 		.ascii	"\226e\325\\\022n\014\342\005:\030\241&a\015wiX\010\361"
 1888      126E0CE2 
 1888      053A18A1 
 1888      26610D77 
 1888      695808F1 
 1889 006e 7AD86E35 		.ascii	"z\330n5\372D\247\213&\001\264\011\276c\237\260I&!\272"
 1889      FA44A78B 
 1889      2601B409 
 1889      BE639FB0 
 1889      492621BA 
 1890 0082 7E908401 		.ascii	"~\220\204\001F\224\207\241\256\0207\357\347B\364\202"
 1890      469487A1 
 1890      AE1037EF 
 1890      E742F482 
 1891 0092 498467C8 		.ascii	"I\204g\3103x\212x\302\273\231X\256\367\003x~\225\230"
 1891      33788A78 
 1891      C2BB9958 
 1891      AEF70378 
 1891      7E9598
 1892 00a5 83E33B77 		.ascii	"\203\343;wW|X\015!>\037\260\243\270\221\333\330\017"
 1892      577C580D 
 1892      213E1FB0 
 1892      A3B891DB 
 1892      D80F
 1893 00b7 9E73B141 		.ascii	"\236s\261A\266='\374\234n\223\364\227\"<a}o\313z\363"
 1893      B63D27FC 
 1893      9C6E93F4 
 1893      97223C61 
 1893      7D6FCB7A 
 1894 00cc 1C10FEB8 		.ascii	"\034\020\376\270 \264\235\035!\033\177\364\231\344>"
 1894      20B49D1D 
 1894      211B7FF4 
 1894      99E43E
 1895 00db 605F970E 		.ascii	"`_\227\0167\306\224\327$\017^a\313^\275\351\364\360"
 1895      37C694D7 
 1895      240F5E61 
 1895      CB5EBDE9 
 1895      F4F0
 1896 00ed 512EBC66 		.ascii	"Q.\274f\345g\334\0140'\231\324\323f\021`I\223\274\360"
 1896      E567DC0C 
 1896      302799D4 
 1896      D3661160 
 1896      4993BCF0 
 1897 0101 82F5FBDB 		.ascii	"\202\365\373\333E\347\342\006\341\177+\000\221\330d"
 1897      45E7E206 
 1897      E17F2B00 
 1897      91D864
 1898 0110 2A56D096 		.ascii	"*V\320\226\264\371\252\221\323\212\251\365beE/e\262"
 1898      B4F9AA91 
 1898      D38AA9F5 
 1898      6265452F 
 1898      65B2
 1899 0122 6ADAD0D5 		.ascii	"j\332\320\325J*\221\034\235O\316\214\207\246\302\321"
 1899      4A2A911C 
 1899      9D4FCE8C 
 1899      87A6C2D1 
 1900 0132 70223E3A 		.ascii	"p\">:\273\020\233\216\317E\3020\"\313\012\277\254=Y"
ARM GAS  C:\Users\angio\AppData\Local\Temp\ccBoW3RA.s 			page 47


 1900      BB109B8E 
 1900      CF45C230 
 1900      22CB0ABF 
 1900      AC3D59
 1901 0145 D443C160 		.ascii	"\324C\301`P)\352J\245\252hk\331U#\247r\245Z\250\250"
 1901      5029EA4A 
 1901      A5AA686B 
 1901      D95523A7 
 1901      72A55AA8 
 1902 015a 999C2E17 		.ascii	"\231\234.\027\200\252\345\222\257\220YM\227\015\325"
 1902      80AAE592 
 1902      AF90594D 
 1902      970DD5
 1903 0169 5075392B 		.ascii	"Pu9+O\250j4\237\211F\340\013(\200\220\253"
 1903      4FA86A34 
 1903      9F8946E0 
 1903      0B288090 
 1903      AB
 1904              		.text
 1905              		.section	.gnu.lto_osalSysLock.339.1f2b1718,"e",%progbits
 1906 0000 789C9BC0 		.ascii	"x\234\233\300\300\300\220\012\304\212@\314\300\314\300"
 1906      C0C0900A 
 1906      C48A40CC 
 1906      C0CCC0
 1907 000f 38696217 		.ascii	"8ib\027\023\303\377\377\377\353Y\230\030\033U\030\267"
 1907      13C3FFFF 
 1907      FFEB5998 
 1907      181B5518 
 1907      B7
 1908 0020 3282D98C 		.ascii	"2\202\331\214\014\365L\214\365\214\223\2315\033\032"
 1908      0CF54C8C 
 1908      F58C9399 
 1908      351B1A
 1909 002f 1A7E2C9D 		.ascii	"\032~,\235\367w\243ASC\253\304\022f\006\206y\314\014"
 1909      F777A341 
 1909      5343ABC4 
 1909      12660686 
 1909      79CC0C
 1910 0042 30C006E3 		.ascii	"0\300\006\3431\002\361\372K\254\007\032\376\374\357"
 1910      3102F1FA 
 1910      4BAC071A 
 1910      FEFCEF
 1911 0051 6F68F8FA 		.ascii	"oh\370\372\204\261c3\013P\242\237\031d2\030\310\003"
 1911      84B16333 
 1911      0B50A29F 
 1911      19643218 
 1911      C803
 1912 0063 954C6066 		.ascii	"\225L`fBp\031\031>06?\370\377X\202\241\205\221i\011"
 1912      42701919 
 1912      3E30363F 
 1912      F8FF5882 
 1912      A1859169 
 1913 0078 33E33C66 		.ascii	"3\343<f\240\212%\314L\014\237\030\233\036L|\306\001"
 1913      A08A25CC 
 1913      4C0C9F18 
 1913      9B1E4C7C 
 1913      C601
ARM GAS  C:\Users\angio\AppData\Local\Temp\ccBoW3RA.s 			page 48


 1914 008a B6A09F99 		.ascii	"\266\240\237\231\021\331\000\006\0063g\253\030\347\214"
 1914      11D90006 
 1914      063367AB 
 1914      18E78C
 1915 0099 CCA4CCE0 		.ascii	"\314\244\314\340\222\322\224\314\374\230\362\374\242"
 1915      92D294CC 
 1915      FC98F2FC 
 1915      A2
 1916 00a6 ECE282C4 		.ascii	"\354\342\202\304\344\324\370\322\342\324\242\230\240"
 1916      E4D4F8D2 
 1916      E2D4A298 
 1916      A0
 1917 00b3 10DDE010 		.ascii	"\020\335\340\020_c#w\023s\223 W]\277Pg\037W\1773\023"
 1917      5F632377 
 1917      13739320 
 1917      575DBF50 
 1917      671F577F 
 1918 00c9 061D3D3D 		.ascii	"\006\035==} J\006\351\314/6244\324\317/\326\317H\314"
 1918      7D204A06 
 1918      E9CC2F36 
 1918      323434D4 
 1918      CF2FD6CF 
 1919 00df 015240A2 		.ascii	"\001R@\242\250D7/\023\302\326\313`\000\0008bdc"
 1919      A844372F 
 1919      13C2D6CB 
 1919      60000038 
 1919      626463
 1920              		.text
 1921              		.section	.gnu.lto_osalSysUnlock.340.1f2b1718,"e",%progbits
 1922 0000 789C9BC0 		.ascii	"x\234\233\300\300\300\220\012\304\212@\314\300\314\300"
 1922      C0C0900A 
 1922      C48A40CC 
 1922      C0CCC0
 1923 000f 38696217 		.ascii	"8ib\027\023\303\377\377\377\353Y\230\030\033U\030\267"
 1923      13C3FFFF 
 1923      FFEB5998 
 1923      181B5518 
 1923      B7
 1924 0020 3282D98C 		.ascii	"2\202\331\214\014\365L\214\365\214\223\2315\033\032"
 1924      0CF54C8C 
 1924      F58C9399 
 1924      351B1A
 1925 002f 1A7E2C9D 		.ascii	"\032~,\2357c\263ASC\253\304\022f\006\206y\314\0140\300"
 1925      3763B341 
 1925      5343ABC4 
 1925      12660686 
 1925      79CC0C30 
 1926 0044 06E33102 		.ascii	"\006\3431\002\361\372K\254\007\032\376\374\357oh8\372"
 1926      F1FA4BAC 
 1926      071AFEFC 
 1926      EF6F6838 
 1926      FA
 1927 0055 9471F666 		.ascii	"\224q\366f\026\240D?3\310d0\220\007*\231\300\314\204"
 1927      16A0443F 
 1927      33C86430 
 1927      90072A99 
 1927      C0CC84
ARM GAS  C:\Users\angio\AppData\Local\Temp\ccBoW3RA.s 			page 49


 1928 0068 E032327C 		.ascii	"\34022|`l~\260\365\231\004C\013#\323\022f\306y\314@"
 1928      606C7EB0 
 1928      F5990443 
 1928      0B23D312 
 1928      66C679CC 
 1929 007d 154B9899 		.ascii	"\025K\230\231\030>16=\330\376\214\003lA?3#\262\001\014"
 1929      183E3136 
 1929      3DD8FE8C 
 1929      036C413F 
 1929      3323B201 
 1930 0092 0C66CE56 		.ascii	"\014f\316V1\316\031\231I\231\301%\245)\231\3711\345"
 1930      31CE1999 
 1930      4999C125 
 1930      A52999F9 
 1930      31E5
 1931 00a4 F945D9C5 		.ascii	"\371E\331\305\005\211\311\251\361\245\305\251E1A!\272"
 1931      0589C9A9 
 1931      F1A5C5A9 
 1931      45314121 
 1931      BA
 1932 00b5 C121BEC6 		.ascii	"\301!\276\306F\356&\346&A\256\272~\241\316>\256\376"
 1932      46EE26E6 
 1932      2641AEBA 
 1932      7EA1CE3E 
 1932      AEFE
 1933 00c7 66260C3A 		.ascii	"f&\014:zz\372@\224\014\322\231_ldhh\250\237_\254\237"
 1933      7A7AFA40 
 1933      940CD299 
 1933      5F6C6468 
 1933      68A89F5F 
 1934 00dd 919803A4 		.ascii	"\221\230\003\244\200DQ\211n^&\204\255\227\301\000\000"
 1934      80445189 
 1934      6E5E2684 
 1934      AD97C100 
 1934      00
 1935 00ee B16E63C3 		.ascii	"\261nc\303"
 1936              		.text
 1937              		.section	.gnu.lto_osalThreadQueueObjectInit.358.1f2b1718,"e",%progbits
 1938 0000 789CBBCC 		.ascii	"x\234\273\314\300\300\320\000\304\212@\314\300\314\300"
 1938      C0C0D000 
 1938      C48A40CC 
 1938      C0CCC0
 1939 000f 38696217 		.ascii	"8ib\027\023\303\377\377\377\353Y\230\030\033U\030w2"
 1939      13C3FFFF 
 1939      FFEB5998 
 1939      181B5518 
 1939      7732
 1940 0021 82D98C0C 		.ascii	"\202\331\214\014\365L\214\365\214\223\2315\033\032\032"
 1940      F54C8CF5 
 1940      8C939935 
 1940      1B1A1A
 1941 0030 7E2C9D77 		.ascii	"~,\235wb\267ASC\253\304\022f\006\206y\314\014\0200\207"
 1941      62B74153 
 1941      43ABC412 
 1941      66068679 
 1941      CC0C1030 
 1942 0045 997112F3 		.ascii	"\231q\022\363\022fFF\026(\213\211Q\001\310bNcP?\320"
ARM GAS  C:\Users\angio\AppData\Local\Temp\ccBoW3RA.s 			page 50


 1942      12664646 
 1942      16288B89 
 1942      5101C862 
 1942      4E63503F 
 1943 005a D070E1FF 		.ascii	"\320p\341\377\216\206\006N\206%\314\314\214\333\031"
 1943      8E86064E 
 1943      8625CCCC 
 1943      8CDB19
 1944 0069 817A18B7 		.ascii	"\201z\030\26712ned\000\011d]\345c``\203\231\004\024"
 1944      31326E65 
 1944      64000964 
 1944      5DE56360 
 1944      60839904 
 1945 007e 63587F89 		.ascii	"cX\177\211\365@\303\237\377\375\015\015O%\366\355t\007"
 1945      F540C39F 
 1945      FFFD0D0D 
 1945      4F25F6ED 
 1945      7407
 1946 0090 3A857107 		.ascii	":\205q\007P\274\237\031\34420\220\007r'03!\270\214\014"
 1946      50BC9F19 
 1946      E4323090 
 1946      07722730 
 1946      3321B88C 
 1947 00a5 1F185B1E 		.ascii	"\037\030[\036L\375.\301\320\302\310\264\204\231e\036"
 1947      4CFD2EC1 
 1947      D0C2C8B4 
 1947      8499651E 
 1948 00b5 3350C522 		.ascii	"3P\305\"f \223\225\341\023c\323\203\351\3379\300\256"
 1948      66209395 
 1948      E11363D3 
 1948      83E9DF39 
 1948      C0AE
 1949 00c7 EC676644 		.ascii	"\354gfD6\203\201\301\314\331*\3069#3)3\270\2444%3?\246"
 1949      368381C1 
 1949      CCD92AC6 
 1949      39233329 
 1949      33B8A434 
 1950 00df 3CBF28BB 		.ascii	"<\277(\273\270 195\276\2648\265(&(D78\304\327\330\310"
 1950      B8203139 
 1950      35BEB438 
 1950      B5282628 
 1950      443738C4 
 1951 00f6 DDC4DC24 		.ascii	"\335\304\334$\310U\327/\324\331\307\325\337\314\204"
 1951      C855D72F 
 1951      D4D9C7D5 
 1951      DFCC84
 1952 0105 41474F4F 		.ascii	"AGOO\037\210\222A:\363\213\215\014\015\015\365\363\213"
 1952      1F889241 
 1952      3AF38B8D 
 1952      0C0D0DF5 
 1952      F38B
 1953 0117 F5331273 		.ascii	"\3653\022s\200\024\220(*\321\315\313\204\260\3652\030"
 1953      80149028 
 1953      2AD1CDCB 
 1953      84B0F532 
 1953      18
 1954 0128 984B0A0B 		.ascii	"\230K\012\013\304\200r\361\205\245\251\245\251\305z"
ARM GAS  C:\Users\angio\AppData\Local\Temp\ccBoW3RA.s 			page 51


 1954      C48072F1 
 1954      85A5A9A5 
 1954      A9C57A
 1955 0137 C97AA6A9 		.ascii	"\311z\246\251\251\346i\211\346f\014\000\242\335}\367"
 1955      A9E66989 
 1955      E6660C00 
 1955      A2DD7DF7 
 1956              		.text
 1957              		.section	.gnu.lto_osalThreadEnqueueTimeoutS.359.1f2b1718,"e",%progbits
 1958 0000 789C6590 		.ascii	"x\234e\220\317k\023Q\020\307\347\373f\323\336\212z\360"
 1958      CF6B1351 
 1958      10C7E7FB 
 1958      66D3DE8A 
 1958      7AF0
 1959 0012 6A41440A 		.ascii	"jAD\012fcjL\300\223\022\252=T\205\266\336\002%\306\015"
 1959      66636A4C 
 1959      C09312AA 
 1959      3D5485B6 
 1959      DE0225C6 
 1960 0027 D9DABA6D 		.ascii	"\331\332\272mv\027\217y\261\015\015\275\304\246W\311"
 1960      76178F79 
 1960      B10D0DBD 
 1960      C4A657C9 
 1961 0037 21AC4711 		.ascii	"!\254G\021A\2616\010E\375\003\212\377@+^z(\030\244P"
 1961      41B13608 
 1961      45FD038A 
 1961      FF402B5E 
 1961      7A2818A4 
 1962 004c 0F2DDBD9 		.ascii	"\017-\333\331Xh\304\341\375\2307\357\363}3o\212 \252"
 1962      5868C4E1 
 1962      FD9837EF 
 1962      F37D336F 
 1962      8A20AA
 1963 005f 13D17599 		.ascii	"\023\321u\231d\020\232k\253\212\3020\254\030\012\353"
 1963      64109A6B 
 1963      AB8AC230 
 1963      AC180AEB 
 1964 006f 6BABE1CE 		.ascii	"k\253\341\316\327\273\350\240\027`T\215\236\003\252"
 1964      D7BBE8A0 
 1964      1760548D 
 1964      9E03AA
 1965 007e 284605EB 		.ascii	"(F\005\353\374\212\321\344\200\011\306\251\007\014\217"
 1965      FC8AD1E4 
 1965      8009C6A9 
 1965      070C8F
 1966 008d 68ADFFBC 		.ascii	"h\255\377\274n\035uR_\226j\343\001+j\011\360\001x\217"
 1966      6E1D7552 
 1966      5F966AE3 
 1966      012B6A09 
 1966      F001788F 
 1967 00a1 2887805C 		.ascii	"(\207\200\\\244\253[Zo\327\227V\3649#`\306G\3641\022"
 1967      A4AB5B5A 
 1967      6FD79756 
 1967      F4392360 
 1967      C647F431 
 1968 00b6 987D3314 		.ascii	"\230}3\024qU\364\300\356q\347\340'\364\205\200\015|"
 1968      7155F4C0 
ARM GAS  C:\Users\angio\AppData\Local\Temp\ccBoW3RA.s 			page 52


 1968      EE71E7E0 
 1968      27F48580 
 1968      0D7C
 1969 00c8 FA973466 		.ascii	"\372\2274f7\207\210\006(\312!&1\\\3215\335\015;{\273"
 1969      37878806 
 1969      28CA2126 
 1969      315CD135 
 1969      DD0D3B7B 
 1970 00dd 77AA4D8D 		.ascii	"w\252M\215\377\362\323\333\357\261-}\0246\264\376\265"
 1970      FFF2D3DB 
 1970      EFB12D7D 
 1970      1436B4FE 
 1970      B5
 1971 00ee 831FEF36 		.ascii	"\203\037\3576\276\265\324\200\0026 \305o\"F\221\202"
 1971      BEB5D480 
 1971      023620C5 
 1971      6F224691 
 1971      82
 1972 00ff 1A1C35A1 		.ascii	"\032\0345\241g\227D\366\222\325\331\021\324Em\270\315"
 1972      679744F6 
 1972      92D5D911 
 1972      D4456DB8 
 1972      CD
 1973 0110 B165A880 		.ascii	"\261e\250\200c-\026\240\315\252\315\362\177\251D`\356"
 1973      632D16A0 
 1973      CDAACDF2 
 1973      7FA94460 
 1973      EE
 1974 0121 83B18FEA 		.ascii	"\203\261\217\352m\272,M\351\326?/kC$\203\247\325F\366"
 1974      6DBA2C4D 
 1974      E9D63F2F 
 1974      6B432483 
 1974      A7D546F6 
 1975 0135 1B2F76C3 		.ascii	"\033/v\303\303\355\363\322dy1\2124\030\375\251\211\322"
 1975      C3EDF3D2 
 1975      6479318A 
 1975      3418FDA9 
 1975      89D2
 1976 0147 D95BB96C 		.ascii	"\331[\271l\311~lOy\376\023\333\311=w\312O\335\205|\301"
 1976      C97E6C4F 
 1976      79FE13DB 
 1976      C93D77CA 
 1976      4FDD857C 
 1977 015c 9AF15DAB 		.ascii	"\232\361]\253\234\233\234\216OM\337\2771z/\225IM\216"
 1977      9C9B9C8E 
 1977      4F4DDFBF 
 1977      317A2F95 
 1977      494D8E
 1978 016f C51F3CCA 		.ascii	"\305\037<\312N\214=L\247\350\232i&d\024\"\245\343\216"
 1978      4E8C3D4C 
 1978      A7E89A69 
 1978      26641422 
 1978      A5E38E
 1979 0182 2693C984 		.ascii	"&\223\311\204\343&J\3719\331d){\361g\366_\337,\021{"
 1979      E3264AF9 
 1979      39D96429 
 1979      7BF167F6 
ARM GAS  C:\Users\angio\AppData\Local\Temp\ccBoW3RA.s 			page 53


 1979      5FDF2C11 
 1980 0197 8B0B17E5 		.ascii	"\213\013\027\345nf\321\267|\3135\013\346M\313\312\024"
 1980      6E66D1B7 
 1980      7CCB350B 
 1980      E64DCBCA 
 1980      14
 1981 01a8 F399340D 		.ascii	"\363\2314\015z\366\274\345\370\336\011\260\252\270u"
 1981      7AF6BCE5 
 1981      F8DE09B0 
 1981      AAB875
 1982              		.text
 1983              		.section	.gnu.lto_osalThreadDequeueNextI.360.1f2b1718,"e",%progbits
 1984 0000 789C554F 		.ascii	"x\234UO\315K\002Q\020\237\331Y\245.\322)\354TA A\256"
 1984      CD4B0251 
 1984      109FD959 
 1984      A52ED229 
 1984      EC544120 
 1985 0016 69A6D055 		.ascii	"i\246\320U\304K\037\240v\023\304lM\355c\315u\351\350"
 1985      C44B1FA0 
 1985      7613C46C 
 1985      4DED63CD 
 1985      75E9E8
 1986 0029 D394A043 		.ascii	"\323\224\240C\226\335\"<\310v\356Ti\022\370'H\335\303"
 1986      96DD223C 
 1986      C876EE54 
 1986      6912F827 
 1986      48DDC3
 1987 003c 4BF7E814 		.ascii	"K\367\350\024\"lO-\252a\346\275\337\314\374\346KD\200"
 1987      226C4F2D 
 1987      AA61E6BD 
 1987      DFCCFCE6 
 1987      4B4480
 1988 004f 1200CC72 		.ascii	"\022\000\314r\003\002\254^\234\012`\030F^\024\2600\207"
 1988      0302AC5E 
 1988      9C0A6018 
 1988      465E14B0 
 1988      3087
 1989 0061 2D1C6284 		.ascii	"-\034b\204\274\200y\274\244y\306\330\347M\355\352i\261"
 1989      BC8079BC 
 1989      A479C6D8 
 1989      E74DEDEA 
 1989      69B1
 1990 0073 C8CA569D 		.ascii	"\310\312V\235\000j\004#\271&\254\222N\210\3427\022p"
 1990      006A0423 
 1990      B926AC92 
 1990      4E88E237 
 1990      1270
 1991 0085 86234A80 		.ascii	"\206#J\200\255\315X\247\337`l\034t\"|@^\203\367\210"
 1991      ADCD58A7 
 1991      DF606C1C 
 1991      74227C40 
 1991      5E83F788 
 1992 0099 777C360F 		.ascii	"w|6\017\244\013\226\001\257\200`\343\335;\225\343\023"
 1992      A40B9601 
 1992      AF8060E3 
 1992      DD3B95E3 
 1992      13
ARM GAS  C:\Users\angio\AppData\Local\Temp\ccBoW3RA.s 			page 54


 1993 00aa 3621EA24 		.ascii	"6!\352$b\363?QL\237Y\000\314?#y\014n\237Mm\3267*\214"
 1993      62F33F51 
 1993      4C9F5900 
 1993      CC3F2379 
 1993      0C6E9F4D 
 1994 00c3 BD4DBDBE 		.ascii	"\275M\275\276\004L\002b\003\371\012\217<Y\241\301\035"
 1994      044C0262 
 1994      03F90A8F 
 1994      3C59A1C1 
 1994      1D
 1995 00d4 4399E6EE 		.ascii	"C\231\346\3569\011\277.\302;\226\273\315\236\025J(\350"
 1995      3909BF2E 
 1995      C23B96BB 
 1995      CD9E154A 
 1995      28E8
 1996 00e6 64AA1167 		.ascii	"d\252\021g\324I\250\023\337\333\014\037X\354\266zc\303"
 1996      D449A813 
 1996      DFDB0C1F 
 1996      58ECB67A 
 1996      63C3
 1997 00f8 B32A847F 		.ascii	"\263*\204\177\333\000x|+\021_2\265\225\012\345\264\355"
 1997      DB00787C 
 1997      2B115F32 
 1997      B5950AE5 
 1997      B4ED
 1998 010a 94123952 		.ascii	"\224\0229R\262\273j&\026\227\243\232*g#\301\260=\024"
 1998      B2BB6A26 
 1998      1697A39A 
 1998      2A6723C1 
 1998      B03D14
 1999 011d 5E5B7205 		.ascii	"^[r\005\334^w\320o_\337\364\255\3727<nX\220$\007\327"
 1999      DC5E77D0 
 1999      6F5FDFF4 
 1999      ADFA373C 
 1999      6E589024 
 2000 0133 F8A05251 		.ascii	"\370\240RQ]N\247\323\241\250\216dl\217\177\374\311\346"
 2000      5D4EA7D3 
 2000      A1A88E64 
 2000      6C8F7FFC 
 2000      C9E6
 2001 0145 EC07A911 		.ascii	"\354\007\251\021\226\222@\271\303\314$\317E\0175Y\223"
 2001      969240B9 
 2001      C3CC24CF 
 2001      450F3559 
 2001      93
 2002 0156 55292E2D 		.ascii	"U).-\313\2627\021\363z\200\366\325\235/\014A\212\333"
 2002      CBB23711 
 2002      F37A80F6 
 2002      D59D2F0C 
 2002      418ADB
 2003              		.text
 2004              		.section	.gnu.lto_osalThreadDequeueAllI.361.1f2b1718,"e",%progbits
 2005 0000 789C554F 		.ascii	"x\234UOMK\002a\020\236\331Y\245\016B\247\260S\005\201"
 2005      4D4B0261 
 2005      109ED959 
 2005      A50E42A7 
 2005      B0530581 
ARM GAS  C:\Users\angio\AppData\Local\Temp\ccBoW3RA.s 			page 55


 2006 0014 04B9A699 		.ascii	"\004\271\246\231BW\021/}\200\332M\020\2635\327>V]\245"
 2006      4257112F 
 2006      7D80DA4D 
 2006      10B335D7 
 2006      3E565DA5 
 2007 0028 A3AFA604 		.ascii	"\243\257\246\004\035\262\354\032\036d\273\346\251\262"
 2007      1DB2EC1A 
 2007      1E64BBE6 
 2007      A9B2
 2008 0036 22F02748 		.ascii	"\"\360'H\035:\005\376\204(\202\260\300^\265\250\206"
 2008      1D3A05FE 
 2008      842882B0 
 2008      C05EB5A8 
 2008      86
 2009 0047 99F77D66 		.ascii	"\231\367}f\346\231/\021\001\212\0000\311\015\010\260"
 2009      E6992F11 
 2009      018A0030 
 2009      C90D08B0 
 2010 0057 727C2040 		.ascii	"r| @\267\333\315\211\002\346\247\360\026\373\030!'`"
 2010      B7DBCD89 
 2010      02E6A7F0 
 2010      16FB1821 
 2010      2760
 2011 0069 0E4F689A 		.ascii	"\016Oh\2321\366~V\255\337\315\026X\311\254\023@\225"
 2011      31F67E56 
 2011      ADDFCD16 
 2011      58C9AC13 
 2011      4095
 2012 007b 6020A784 		.ascii	"` \247\204\025\322\011Q\374F\002NpD1\2604\031k}4\030"
 2012      15D20951 
 2012      FC46024E 
 2012      704431B0 
 2012      34196B7D 
 2013 0091 1B069D08 		.ascii	"\033\006\235\010\257\220\327\340%\342\005\237\315\003"
 2013      AF90D7E0 
 2013      25E2059F 
 2013      CD03
 2014 009f 8907538F 		.ascii	"\211\007S\217\227G\260\360\356\255\303\275}6\"\352$"
 2014      9747B0F0 
 2014      EEADC3BD 
 2014      7D3622EA 
 2014      24
 2015 00b0 E2F57FA2 		.ascii	"\342\365\177\242\230h\233\000\214?#y\014\352\367\206"
 2015      98689B00 
 2015      8C3F2379 
 2015      0CEAF786 
 2016 00c0 26FBEC96 		.ascii	"&\373\354\226\031{\032;\177\364\031\004\304\006\362"
 2016      197B1A3B 
 2016      7FF41904 
 2016      C406F2
 2017 00cf 156E78B2 		.ascii	"\025nx\262L\275;\3722\316\335#\022~]\204g,\265_;f(\242"
 2017      4CBD3BFA 
 2017      32CEDD23 
 2017      127E5D84 
 2017      672CB55F 
 2018 00e7 A093A14A 		.ascii	"\240\223\241J\234Q#\241F|o#\274`\241\375\326\031\352"
 2018      9C5123A1 
ARM GAS  C:\Users\angio\AppData\Local\Temp\ccBoW3RA.s 			page 56


 2018      467C6F23 
 2018      BC60A1FD 
 2018      D619EA
 2019 00fa 9F5526FC 		.ascii	"\237U&\374\333\006\300\345Y\010y\342\312\232\022\310"
 2019      DB06C0E5 
 2019      590879E2 
 2019      CA9A12C8 
 2020 010a 64D71535 		.ascii	"d\327\0255\264\253\2467\265d$*\207\263\232\234\016\371"
 2020      B4ABA637 
 2020      B564242A 
 2020      87B39A9C 
 2020      0EF9
 2021 011c 83D64070 		.ascii	"\203\326@pi\316\341s\272\235~\257uy\325\263\350]q9a"
 2021      69CEE173 
 2021      BA9D7EAF 
 2021      7579D5B3 
 2021      E85D7139 
 2022 0131 46926C5C 		.ascii	"F\222l\\\243\275JUs\330\355v\233\252\331\342\221-\376"
 2022      A3BD4A55 
 2022      73D8ED76 
 2022      9BAAD9E2 
 2022      912DFE
 2023 0144 F1279DB1 		.ascii	"\361'\235\261\356(\003,\305\2012\251\344(\317\205SY"
 2023      EE28032C 
 2023      C58132A9 
 2023      E428CF85 
 2023      5359
 2024 0156 392B6B52 		.ascii	"9+kRT\232\227ew,\342v\001mk\033_\372\272\213\320"
 2024      549A9765 
 2024      772CE276 
 2024      016D6B1B 
 2024      5FFABA8B 
 2025              		.text
 2026              		.section	.gnu.lto_iq_read.402.1f2b1718,"e",%progbits
 2027 0000 789C8554 		.ascii	"x\234\205T]l\024U\024\276g\316\354\354\317\354\266\005"
 2027      5D6C1455 
 2027      14BE67CE 
 2027      ECECCFEC 
 2027      B605
 2028 0012 4A496C13 		.ascii	"JIl\023\013H\214&\264\264\2266\361\301\2304\350\213"
 2028      0B488C26 
 2028      B4B49636 
 2028      F1C19834 
 2028      E88B
 2029 0024 68C2CF5B 		.ascii	"h\302\317[\023R\312\232m \364gm|\354P\226\335X5\335"
 2029      1352CA9A 
 2029      6D20F467 
 2029      6D7CEC50 
 2029      96DD5835 
 2030 0039 2D31C15A 		.ascii	"-1\301Z\033;\254\3327)\301\320\322\025\027*?Q\004\304"
 2030      1B3BACDA 
 2030      3729C1D0 
 2030      D215172A 
 2030      3F5104C4 
 2031 004d 54424813 		.ascii	"TBH\023\302\217\332\204\310\302\213\256\326\254\347"
 2031      C28FDA84 
 2031      C8C28BAE 
ARM GAS  C:\Users\angio\AppData\Local\Temp\ccBoW3RA.s 			page 57


 2031      D6ACE7
 2032 005c DC996DB7 		.ascii	"\334\231m\267\3552N\3323\347\236\375\3169\337w\356\275"
 2032      ED324EDA 
 2032      33E79EFD 
 2032      CE39DF77 
 2032      EEBD
 2033 006e 734F13E2 		.ascii	"sO\023\342=!\304\011\372\027~\001\203\211~E\344r\271"
 2033      3D21C409 
 2033      FA177E01 
 2033      83897E45 
 2033      E472B9
 2034 0081 5E5581A3 		.ascii	"^U\201\243\344\3039\220+T\"\011]zG\022%\362\255\302"
 2034      E4C33990 
 2034      2B542209 
 2034      5D7A4712 
 2034      25F2ADC2 
 2035 0095 470B5897 		.ascii	"G\013X\227\022M\274\277\200\215\331\010\015\206\006"
 2035      124DBCBF 
 2035      808DD908 
 2035      0D8606
 2036 00a4 4D2BE456 		.ascii	"M+\344V\216\305OZ\356\307\361\273\226\343Y\374\331\313"
 2036      8EC54F5A 
 2036      EEC7F1BB 
 2036      96E359FC 
 2036      D9CB
 2037 00b6 EE7AAB96 		.ascii	"\356z\253\226\017>\0314\037OM\277\226/\247\303!U: z"
 2037      0F3E1934 
 2037      1F4F4DBF 
 2037      962FA7C3 
 2037      21553A20 
 2038 00cb 15545D9A 		.ascii	"\025T]\232\333\343\365\351\320\013Gq\030a\020\223(@"
 2038      DBE3F5E9 
 2038      D00B4771 
 2038      18611093 
 2038      2840
 2039 00dd B53D80EA 		.ascii	"\265=\200\352\027\322\206\361\327\347#\363\257\014\217"
 2039      17D286F1 
 2039      D7E723F3 
 2039      AF0C8F
 2040 00ec A5D5242A 		.ascii	"\245\325$*b\204~\377\032\340\024\260D\302\341>\361<"
 2040      62847EFF 
 2040      1AE014B0 
 2040      44C2E13E 
 2040      F13C
 2041 00fe 61AE5F9D 		.ascii	"a\256_\2350\014\257H\"\302i(\300P \224\3613\256\327"
 2041      300CAF48 
 2041      22C26928 
 2041      C0502094 
 2041      F133AED7 
 2042 0112 C23DB471 		.ascii	"\302=\264q*L.\305\251\241y\211\353\003\013\230\263\201"
 2042      2A4C2EC5 
 2042      A9A17989 
 2042      EB030B98 
 2042      B381
 2043 0124 0A4C2D05 		.ascii	"\012L-\005*\241X\300j\035\001~m\"t\346\337T\347e\203"
 2043      2AA158C0 
 2043      6A1D017E 
ARM GAS  C:\Users\angio\AppData\Local\Temp\ccBoW3RA.s 			page 58


 2043      6D2274E6 
 2043      DF54E765 
 2044 0139 09C237B0 		.ascii	"\011\3027\260\204bh8\300\320\330\002\364\372\020\027"
 2044      84626838 
 2044      C0D0D802 
 2044      F4FA1017 
 2045 0149 AE66E8B7 		.ascii	"\256f\350\267\313\240\211\200& \015p\026X&=\024V7\245"
 2045      CBA08980 
 2045      26200D70 
 2045      1658263D 
 2045      145637A5 
 2046 015d 8F1827A6 		.ascii	"\217\030'\246\016\307\372\313\"\325+\006`\303\307P|"
 2046      0EC7FACB 
 2046      22D52B06 
 2046      60C3C750 
 2046      7C
 2047 016e 75C39536 		.ascii	"u\303\2256\346s\003\206\361\333\227pl\370\221g#\010"
 2047      E6730386 
 2047      F1DB9770 
 2047      6CF89167 
 2047      2308
 2048 0180 48814A84 		.ascii	"H\201J\204].\226\247\261q\223\321<\354\311\031\370\330"
 2048      5D2E96A7 
 2048      B17193D1 
 2048      3CECC919 
 2048      F8D8
 2049 0192 E86CFC6C 		.ascii	"\350l\374l\002lJ\330\224\262)c\263\212\013\254f\263"
 2049      026C4AD8 
 2049      94B22963 
 2049      B38A0BAC 
 2049      66B3
 2050 01a4 066002CA 		.ascii	"\006`\002\312\201\212\256\345\312\025\334{\035\300\031"
 2050      818AAEE5 
 2050      CA15DC7B 
 2050      1DC019
 2051 01b3 A81464AA 		.ascii	"\250\024d\252\004\361\330\300\343\021b\000y\363\345"
 2051      04F1D8C0 
 2051      E3116200 
 2051      79F3E5
 2052 01c2 F32CF052 		.ascii	"\363,\360RY\\\202\210#\026.\377\200\363\251\311\013"
 2052      595C8288 
 2052      23162EFF 
 2052      80F3A9C9 
 2052      0B
 2053 01d3 E368627E 		.ascii	"\343hb~\333Q\316\352\0130\014\303\223D\267\211k`\032"
 2053      DB51CEEA 
 2053      0B300CC3 
 2053      9344B789 
 2053      6B601A
 2054 01e6 C49651B9 		.ascii	"\304\226Q\271\364\300w\360\251\034\316\034Df\247\237"
 2054      F4C077F0 
 2054      A91CCE1C 
 2054      4466A79F 
 2055 01f6 31B19C32 		.ascii	"1\261\2342\345,\342\250./\234\275\320e\342\332|\265"
 2055      E52CE2A8 
 2055      2E2F9CBD 
 2055      D065E2DA 
ARM GAS  C:\Users\angio\AppData\Local\Temp\ccBoW3RA.s 			page 59


 2055      7CB5
 2056 0208 DFFD45CA 		.ascii	"\337\375E\312]\264\313q\276ki~_j\362\3129\227\211\256"
 2056      5DB4CB71 
 2056      BE6B697E 
 2056      5F6AF2CA 
 2056      399789AE 
 2057 021c 6274ACA5 		.ascii	"bt\254\245\012\227)\237\367\202\341s\317\231\2509\201"
 2057      0A97299F 
 2057      F782E173 
 2057      CF99A839 
 2057      81
 2058 022d BF27B022 		.ascii	"\277'\260\"\301\207OE\037\220fBP\003\215\263\347c[M"
 2058      C1874F45 
 2058      1F906642 
 2058      50038DB3 
 2058      E7635B4D 
 2059 0241 ACA0102B 		.ascii	"\254\240\020+\273==\3477\021(\300\314\376\006\362\312"
 2059      BB3D3DE7 
 2059      371128C0 
 2059      CCFE06F2 
 2059      CA
 2060 0252 49268951 		.ascii	"I&\211Q\317\216\267\320e\"\266\332r\266\331\037\307"
 2060      CF8EB7D0 
 2060      6522B6DA 
 2060      72B6D91F 
 2060      C7
 2061 0263 BD267A9C 		.ascii	"\275&z\234\010\\\261\011d \372\231.\"\240$\321;\302"
 2061      085CB109 
 2061      6420FA99 
 2061      2E22A024 
 2061      D13BC2
 2062 0276 FC4D5C47 		.ascii	"\374M\\G\251\3242\211>K\372\325Qb\346-VL^\237k\213R"
 2062      A9D43289 
 2062      3E4BFAD5 
 2062      5162E62D 
 2062      564C5E9F 
 2063 028d 4E46899E 		.ascii	"NF\211\236\217\300\224\316\271\231~xj\332OV\032\341"
 2063      8FC094CE 
 2063      B9997E78 
 2063      6ADA4F56 
 2063      1AE1
 2064 029f E5C4DD85 		.ascii	"\345\304\335\205\032\344\216\376\363A\345\242pBxV\250"
 2064      1AE48EFE 
 2064      F341E5A2 
 2064      70427856 
 2064      A8
 2065 02b0 BCC62A75 		.ascii	"\274\306*u'\225?;\252\324\251\270\245\222\230_\032\332"
 2065      27953F3B 
 2065      AAD4A9B8 
 2065      A592985F 
 2065      1ADA
 2066 02c2 6262A58C 		.ascii	"bb\245\214Wpd$\372\003\235\251*\233\202\034\304\014"
 2066      57706424 
 2066      FA039DA9 
 2066      2A9B821C 
 2066      C40C
 2067 02d4 F7F33BF5 		.ascii	"\367\363;\365\373\205\372a\361~T\2326\262*?\325\354"
ARM GAS  C:\Users\angio\AppData\Local\Temp\ccBoW3RA.s 			page 60


 2067      FB85FA61 
 2067      F17E549A 
 2067      36B22A3F 
 2067      D5EC
 2068 02e6 CC639A6A 		.ascii	"\314c\232j\300\251\330-\273\230\2447\243\232XB\011T"
 2068      C0A9D82D 
 2068      BB98A437 
 2068      A39A5842 
 2068      0954
 2069 02f8 C29AEC8C 		.ascii	"\302\232\354\214\222\317\035\363\027I\276\235\037o\211"
 2069      92CF1DF3 
 2069      1749BE9D 
 2069      1F6F89
 2070 0307 1C9E77C5 		.ascii	"\034\236w\305\201\276\311bJ\235\372\317:\016\257\264"
 2070      81BEC962 
 2070      4A9DFACF 
 2070      3A0EAFB4 
 2071 0317 E088646F 		.ascii	"\340\210do\262\2302\247bw\026\304\374?\367\273y\356"
 2071      B29832A7 
 2071      627716C4 
 2071      FC3FF7BB 
 2071      79EE
 2072 0329 6592BB6F 		.ascii	"e\222\273o\305Wb\226O\344\252b\355\326\363M\276o\337"
 2072      C5576296 
 2072      4FE4AA62 
 2072      EDD6F34D 
 2072      BE6FDF
 2073 033c 64B98BB4 		.ascii	"d\271\213\264}\253\011l\235\310\363O9\2212\355W+\215"
 2073      7DAB096C 
 2073      9DC8F34F 
 2073      399132ED 
 2073      572B8D
 2074 034f F0CC7228 		.ascii	"\360\314r(;;J\367r\203)/u\034\365\002\026\360\020\016"
 2074      3B3B4AF7 
 2074      7283292F 
 2074      751CF502 
 2074      16F0100E 
 2075 0363 BD2A3652 		.ascii	"\275*6R\221L\352\270QMs\320\355\0175?O\240\357\316\237"
 2075      914CEAB8 
 2075      514D73D0 
 2075      ED0F353F 
 2075      4FA0EFCE 
 2076 0378 D10F812E 		.ascii	"\321\017\201.'\345sd\000\241\360;(Dc\363\313-\315\241"
 2076      27E57364 
 2076      00A1F03B 
 2076      284463F3 
 2076      CB2DCDA1 
 2077 038c F6BDED3B 		.ascii	"\366\275\355;\337\351\331\327\336\321\362nG\367\376"
 2077      DFE9D9D7 
 2077      DED1F26E 
 2077      47F7FE
 2078 039b 70676B5B 		.ascii	"pgk[pOO8\330\335\262c\327\346\235\273\266\277T\377z"
 2078      704F4F38 
 2078      D8DDB263 
 2078      D7E69DBB 
 2078      B6BF54FF 
 2079 03b0 4353C38E 		.ascii	"CS\303\216m\233\337\334\335\374\306\266\267\032\033"
ARM GAS  C:\Users\angio\AppData\Local\Temp\ccBoW3RA.s 			page 61


 2079      6D9BDFDC 
 2079      DDFCC6B6 
 2079      B71A1B
 2080 03bf C48B3535 		.ascii	"\304\21355\265\364\327\306\231\035\341\372\272\272\272"
 2080      B5F4D7C6 
 2080      991DE1FA 
 2080      BABABA
 2081 03ce DA8E706D 		.ascii	"\332\216pm\250\365@m\270\273\215\337{\272z\202=\301"
 2081      A8F5406D 
 2081      B8BB8DDF 
 2081      7BBA7A82 
 2081      3DC1
 2082 03e0 704D9BC0 		.ascii	"pM\233\300\366\256\316\212\302H\315\326`\260\351\355"
 2082      F6AECE8A 
 2082      C248CDD6 
 2082      60B0E9ED 
 2083 03f0 D6A646A1 		.ascii	"\326\246F\241\354\355\204\203J\270^\011\327\375\007"
 2083      ECED8483 
 2083      4AB85E09 
 2083      D7FD07
 2084 03ff 790B99DE 		.ascii	"y\013\231\336"
 2085              		.text
 2086              		.section	.gnu.lto_oq_write.403.1f2b1718,"e",%progbits
 2087 0000 789C8554 		.ascii	"x\234\205TolSU\024\277\347\235\327\327?\357\321\025"
 2087      6F6C5355 
 2087      14BFE79D 
 2087      D7D73FEF 
 2087      D115
 2088 0012 18237133 		.ascii	"\030#q3\016\220\210&ll\216-\361\223\311\202~\361O\002"
 2088      0E908826 
 2088      6C6C8E2D 
 2088      F193C982 
 2088      7EF14F02 
 2089 0026 F86D0919 		.ascii	"\370m\011\031\243\246\213\306n\253\213\037\3676\272"
 2089      A3A68BC6 
 2089      6EAB8B1F 
 2089      F736BA
 2090 0035 36D69876 		.ascii	"6\326\230vC\215nsq/\305,\361\203HP\230\016,T\304\010"
 2090      438D6E73 
 2090      712FC52C 
 2090      F1834850 
 2090      980E2C54 
 2091 004b 44D06034 		.ascii	"D\320`4\270\204\240\250K\214\031\030\022\253\323z\316"
 2091      B884A0A8 
 2091      4B8C1918 
 2091      12ABD37A 
 2091      CE
 2092 005c 7DAF5BBB 		.ascii	"}\257[\273u\365e;\357\334\323\337\371\235\3379\367\336"
 2092      75F5653B 
 2092      EFDCD3DF 
 2092      F99DDF39 
 2092      F7DE
 2093 006e 774B13E2 		.ascii	"wK\023\342e!\3041\372\027\206\200\321\221\204\"\362"
 2093      6521C431 
 2093      FA178680 
 2093      D1918422 
 2093      F2
ARM GAS  C:\Users\angio\AppData\Local\Temp\ccBoW3RA.s 			page 62


 2094 007f F9FC80AA 		.ascii	"\371\374\200\252\300\021\362\341,\310\025*\321\021]"
 2094      C011F2E1 
 2094      2CC8152A 
 2094      D1115D
 2095 008e 7AC3237E 		.ascii	"z\303#~\371V\341\365%\254K\211\215\274\262\204\215;"
 2095      F956E1F5 
 2095      25AC4B89 
 2095      8DBCB284 
 2095      8D3B
 2096 00a0 080DC646 		.ascii	"\010\015\306F-;\344V\336L\035\267\335\267R7m\307\263"
 2096      2D3BE456 
 2096      DE4C1DB7 
 2096      DDB75237 
 2096      6DC7B3
 2097 00b3 FCB397DD 		.ascii	"\374\263\227\335-6\227\017\306G\255\333\343\347\037"
 2097      2D36970F 
 2097      C647ADDB 
 2097      E3E71F
 2098 00c2 2BD0E930 		.ascii	"+\320\3510\250J\007\304\200\202\252Ks{\274>\035\006"
 2098      A84A07C4 
 2098      8082AA4B 
 2098      737BBC3E 
 2098      1D06
 2099 00d4 E0084E20 		.ascii	"\340\010N \214b\032\005\250\216\007P\377`\3064\377<"
 2099      8C621A05 
 2099      A88E0750 
 2099      FF60C634 
 2099      FF3C
 2100 00e6 3AF9C38F 		.ascii	":\371\303\217\356\211\351\214\232FEL\022\340C\200\023"
 2100      EE89E98C 
 2100      9A46454C 
 2100      12E04380 
 2100      13
 2101 00f7 C03D1210 		.ascii	"\300=\022\020\017\211\007\010t\345\273S\246\351\025"
 2101      0F890708 
 2101      74E5BB53 
 2101      A6E915
 2102 0106 69443809 		.ascii	"iD8\011E\030\012\204\022\006\343\006l\334\242\203Sa"
 2102      45180A84 
 2102      1206E306 
 2102      6CDCA283 
 2102      5361
 2103 0118 A614A786 		.ascii	"\246\024\247\206\336\220\270!\260\201\311\303q3\300"
 2103      DE90B821 
 2103      B081C9C3 
 2103      7133C0
 2104 0127 25E19352 		.ascii	"%\341\223R\240\022\2322\354\322Q\340\327vB/\314e\343"
 2104      A0129A32 
 2104      ECD251E0 
 2104      D776422F 
 2104      CC65E3
 2105 013a FED4A087 		.ascii	"\376\324\240\207\341\247\241Dc\350#I\033_\302^\031c"
 2105      E1A7A144 
 2105      63E82349 
 2105      1B5FC25E 
 2105      1963
 2106 014c 09F50CFD 		.ascii	"\011\365\014\375t\005\364=C\023\220\0018\003\334'=\024"
ARM GAS  C:\Users\angio\AppData\Local\Temp\ccBoW3RA.s 			page 63


 2106      7405F43D 
 2106      43139001 
 2106      3803DC27 
 2106      3D14
 2107 015e 56B76786 		.ascii	"V\267g\206\315c\343\303\361D Z\277j\002\016|\032\305"
 2107      CD63E3C3 
 2107      F144205A 
 2107      BF6A020E 
 2107      7C1AC5
 2108 0171 FB5FBB32 		.ascii	"\373_\2732\346b>i\232\277\334;\226\375\3435\330\006"
 2108      E6623E69 
 2108      9ABFDC3B 
 2108      96FDE335 
 2108      D806
 2109 0183 02664125 		.ascii	"\002fA%\305.\027\031Mc\343&\343\366\260\307C\320|lt"
 2109      C52E1719 
 2109      4D63E326 
 2109      E3F6B0C7 
 2109      43D07C6C 
 2110 0198 36069B75 		.ascii	"6\006\233ul\374l\252\330\004\330\254g\202\015l6\002"
 2110      6CFC6CAA 
 2110      D804D8AC 
 2110      67820D6C 
 2110      3602
 2111 01aa 9C826A20 		.ascii	"\234\202j \322M\314\\\303\2657\003|\014\265\202L\235"
 2111      D24DCC5C 
 2111      C3B53703 
 2111      7C0CB582 
 2111      4C9D
 2112 01bc 201D5B79 		.ascii	" \035[y>B$\221\267_>\367\001/\225\345%\210\024b\361"
 2112      3E422491 
 2112      B75F3EF7 
 2112      012F95E5 
 2112      25881462 
 2113 01d1 F2773837 		.ascii	"\362w87;s\367\003\264\260\260\361(g\365.\230\246I\023"
 2113      3B73F703 
 2113      B4B0B0F1 
 2113      2867F52E 
 2113      98A64913 
 2114 01e5 F558B811 		.ascii	"\365X\270\021\262 vM\311\245\027>\203\267\345p\346!"
 2114      B220764D 
 2114      C9A5173E 
 2114      83B7E570 
 2114      E621
 2115 01f7 3A97BDC7 		.ascii	":\227\275\307\302j\312\224\263H\241\272\2228w\267\327"
 2115      C26ACA94 
 2115      B348A1BA 
 2115      923877B7 
 2115      D7
 2116 0208 C24D05B6 		.ascii	"\302M\005\266_\2152t\237;t\234\357*\315\037\232\235"
 2116      5F8D3274 
 2116      9F3B749C 
 2116      EF2ACD1F 
 2116      9A9D
 2117 021a 593CEBB2 		.ascii	"Y<\353\262\320UN\216\275\324\340\013\312\347\275`\370"
 2117      D0554E8E 
 2117      BDD4E00B 
ARM GAS  C:\Users\angio\AppData\Local\Temp\ccBoW3RA.s 			page 64


 2117      CAE7BD60 
 2117      F8
 2118 022b FCFD166A 		.ascii	"\374\375\026j\225\300_\022X\221\340\303'b\267\250g7"
 2118      95C05F12 
 2118      5891E0C3 
 2118      2762B7A8 
 2118      6737
 2119 023d B1530E67 		.ascii	"\261S\016g/\306w[XC!\356\354zv\276\312B\240\000+\373"
 2119      2FC6775B 
 2119      584321EE 
 2119      EC7A76BE 
 2119      CA42A000 
 2120 0253 0BC8ABA6 		.ascii	"\013\310\253\2466\251\031\365\314\351\016\272N\244V"
 2120      36A919F5 
 2120      CCE90EBA 
 2120      4EA456
 2121 0262 5BA936F7 		.ascii	"[\2516\367\317m\"\363T\022p\311\021\260\000\261wt\021"
 2121      CF6D22F3 
 2121      541270C9 
 2121      11B000B1 
 2121      777411
 2122 0275 05258DBE 		.ascii	"\005%\215\276I\326o1v3\225L\243n\267\376\357\024\221"
 2122      49D66F31 
 2122      7633954C 
 2122      A36EB7FE 
 2122      EF1491
 2123 0288 79CB91F1 		.ascii	"y\313\221\361\271\200\257\226[9\036#y>\002S:\347.$`"
 2123      B980AF96 
 2123      5B391E23 
 2123      793E0253 
 2123      3AE72E24 
 2124 029d CDB4AB76 		.ascii	"\315\264\253v\032\341\345\304\335\305=\310\035\375;"
 2124      1AE1E5C4 
 2124      DDC53DC8 
 2124      1DFD3B
 2125 02ac 59BBDC38 		.ascii	"Y\273\3348!<\253\272\314s\227z\245.\277Y\273K]vYcwI"
 2125      213CABBA 
 2125      CC73977A 
 2125      A52EBF59 
 2125      BB4B5D76 
 2126 02c4 CA2F4CEF 		.ascii	"\312/L\357\262\260\326\016rd2vq\207\205u\216\0049\210"
 2126      B2B0D60E 
 2126      72643276 
 2126      71878575 
 2126      8E043988 
 2127 02d8 F377A89E 		.ascii	"\363w\250\236Q\251\336\267T\017\313\3273${]a\2529I\266"
 2127      51A9DEB7 
 2127      540FCBD7 
 2127      33247B5D 
 2127      61AA3949 
 2128 02ed AE12D9F7 		.ascii	"\256\022\331\367\016\231\224wM\265\320O\011DaO\366\232"
 2128      0E999477 
 2128      4DB5D04F 
 2128      0944614F 
 2128      F69A
 2129 02ff 52C89D36 		.ascii	"R\310\2356\312$_/\214\327/\207\347]u\240/p\375\252J"
 2129      CA245F2F 
ARM GAS  C:\Users\angio\AppData\Local\Temp\ccBoW3RA.s 			page 65


 2129      8CD72F87 
 2129      E75D75A0 
 2129      2F70FDAA 
 2130 0314 F5E7D61E 		.ascii	"\365\347\326\036^U\351\021\311I\262@%\262\033K\315\374"
 2130      5E55E911 
 2130      C949B240 
 2130      25B21B4B 
 2130      CDFC
 2131 0326 BFF69B05 		.ascii	"\277\366\233\005\355\001\251\335\267\352+q\331\242r"
 2131      ED01A9DD 
 2131      B7EA2B71 
 2131      D9A272
 2132 0335 EBCB95DB 		.ascii	"\353\313\225\333\3027\371'\347&\313]\244\355\333@`\373"
 2132      C237F927 
 2132      E726CB5D 
 2132      A4EDDB40 
 2132      60FB
 2133 0347 449E5BE3 		.ascii	"D\236[\343D\312\264\237\3554\302\263\312\261\334e\213"
 2133      44CAB49F 
 2133      ED34C2B3 
 2133      CAB1DC65 
 2133      8B
 2134 0358 EEE5564B 		.ascii	"\356\345VK^\352\024\352E*\3407\030|Tl#\222\205\211\243"
 2134      5EEA14EA 
 2134      452AE037 
 2134      187C546C 
 2134      23928589 
 2135 036d 663DCDC1 		.ascii	"f=\315\301p>\324\374\334\201\241\033'\023\257\002]N"
 2135      703ED4FC 
 2135      DC81A11B 
 2135      2713AF02 
 2135      5D4E
 2136 037f CAE74812 		.ascii	"\312\347H\022\241\370;(Dk\373#\035\355\241\356\203\335"
 2136      A1F83B28 
 2136      446BFB23 
 2136      1DEDA1EE 
 2136      83DD
 2137 0391 FB5EEC3F 		.ascii	"\373^\354?\324\035\356x)\334\367\\\244\247\263+x\240"
 2137      D41DEE78 
 2137      29DCF75C 
 2137      A4A7B32B 
 2137      78A0
 2138 03a3 3F12ECEB 		.ascii	"?\022\354\353\330\273\177\347\276\375O>\334\374xK[\313"
 2138      D8BB7FE7 
 2138      BEFD4F3E 
 2138      DCFC784B 
 2138      5BCB
 2139 03b5 DE3D3B9F 		.ascii	"\336=;\237z\246\375\211=O\267\266\210\207\032\032\032"
 2139      7AA6FD89 
 2139      3D4FB7B6 
 2139      88871A1A 
 2139      1A
 2140 03c6 E9AF8B33 		.ascii	"\351\257\2133\303\221\346\246\246\246\306p\2441\324"
 2140      C391E6A6 
 2140      A6A6C670 
 2140      A431D4
 2141 03d5 F97C63A4 		.ascii	"\371|c\244\257\213\337\007z\373\203\375\301HC\227\300"
ARM GAS  C:\Users\angio\AppData\Local\Temp\ccBoW3RA.s 			page 66


 2141      AF8BDF07 
 2141      7AFB83FD 
 2141      C1484397 
 2141      C0
 2142 03e6 706F4F4D 		.ascii	"poOMq\244aw0\330\366lg[\253P\016\366\300\013J\244Y\211"
 2142      71A46177 
 2142      30D8F66C 
 2142      675BAB50 
 2142      0EF6C00B 
 2143 03fe 34FD07BF 		.ascii	"4\375\007\277\265\233\032"
 2143      B59B1A
 2144              		.text
 2145              		.section	.gnu.lto_iqObjectInit.404.1f2b1718,"e",%progbits
 2146 0000 789C8593 		.ascii	"x\234\205\223Kh\023Q\024\206\357?w\362\2501\0267n\255"
 2146      4B681351 
 2146      1486EF3F 
 2146      77F2A831 
 2146      16376EAD 
 2147 0014 50118526 		.ascii	"P\021\205&m\215)\270\022Jq\341\013\332\272\013\2264"
 2147      6D8D29B8 
 2147      124A71E1 
 2147      0BDABA0B 
 2147      9634
 2148 0026 9D32434B 		.ascii	"\2352CK\223f\014\242\233\214\261(\004!\261\272\022-"
 2148      93660CA2 
 2148      9B8CB128 
 2148      0421B1BA 
 2148      122D
 2149 0038 18A6D295 		.ascii	"\030\246\322\225\005Am}\324X\025!\210\226\322.\334\351"
 2149      05416D7D 
 2149      D4581521 
 2149      8896D22E 
 2149      DCE9
 2150 004a 42AC8252 		.ascii	"B\254\202R\272\320\026S\342\2713\023\332,l/3\334s\177"
 2150      BAD01653 
 2150      E2B93313 
 2150      DA2C6C2F 
 2150      33DC737F 
 2151 005e BEF39F73 		.ascii	"\276\363\237s\3170\3078cy\306\330>z\031g\030\275\221"
 2151      CF30C738 
 2151      6379C6D8 
 2151      3E7A1967 
 2151      18BD91
 2152 0071 9558A552 		.ascii	"\225X\245RI\313\022.7\342\025\254\030,-!\215\233\374"
 2152      49CB122E 
 2152      37E215AC 
 2152      182C2D21 
 2152      8D9BFC
 2153 0084 A06118AB 		.ascii	"\240a\030\253\343c\337\337\302\230(\302\244\3441\316"
 2153      E363DFDF 
 2153      C29828C2 
 2153      A4E431CE 
 2154 0094 EC758763 		.ascii	"\354u\207c\224\233\034\220\235HB\003E\274\217\035(\032"
 2154      949B1C90 
 2154      9D484203 
 2154      45BC8F1D 
 2154      281A
ARM GAS  C:\Users\angio\AppData\Local\Temp\ccBoW3RA.s 			page 67


 2155 00a6 C65C69CA 		.ascii	"\306\\i\3120\352\230\3119\236\200r\360\030x\004&\004"
 2155      30EA98C9 
 2155      399E8072 
 2155      F0187804 
 2155      2604
 2156 00b8 75C627B8 		.ascii	"u\306'\270\264\315-9\234\214\351ZNVK\026\227\201\015"
 2156      B4CD2D39 
 2156      9C8CE95A 
 2156      4E564B16 
 2156      97810D
 2157 00cb FE754017 		.ascii	"\376u@\027\236\325\202.u\321\002\257\331\340\362\217"
 2157      9ED5822E 
 2157      75D102AF 
 2157      D9E0F28F 
 2158 00db F1DCAE3C 		.ascii	"\361\334\256<\365\352\306\213Z\320\255~\261\300\353"
 2158      F5EAC68B 
 2158      5AD0AD7E 
 2158      B1C0EB
 2159 00ea 8EE327C7 		.ascii	"\216\343'\307\321\203\227\265\240G\375\351c\314]\275"
 2159      D18397B5 
 2159      A047FDE9 
 2159      63CC5DBD 
 2160 00fa 2C696C72 		.ascii	",ilr\336U4\312\225\234a\254\177Ey\377n\020\346\225D"
 2160      DE5534CA 
 2160      959C61AC 
 2160      7F4579FF 
 2160      6E10E695 
 2161 010f 9B348129 		.ascii	"\2334\201)x\200\247\360\001\317\341\007fP\017\024)+"
 2161      7880A7F0 
 2161      01CFE107 
 2161      66500F14 
 2161      292B
 2162 0121 C7C568AD 		.ascii	"\307\305h\255\265\227\216y.m\034\301~!s+\373\355\201"
 2162      B5978E79 
 2162      2E6D1CC1 
 2162      7E21732B 
 2162      FBED81
 2163 0134 BBC0E14C 		.ascii	"\273\300\341L\220CL\365>h\350K\215&\257+\2202ki\315"
 2163      90434CF5 
 2163      3E68E84B 
 2163      8D26AF2B 
 2163      90326B69 
 2164 0149 24794DBE 		.ascii	"$yM\276\003\257qW\3644b1tI/\336\220\3632F\032H\223L"
 2164      03AF7157 
 2164      F4346231 
 2164      74492FDE 
 2164      90F33246 
 2165 0161 EE1B2313 		.ascii	"\356\033#\023F\226&\337I\025fWV\177\027\\U\323\011\276"
 2165      469626DF 
 2165      49156657 
 2165      567F175C 
 2165      55D309BE 
 2166 0175 61DA7CCF 		.ascii	"a\332|\317r\364\343\0359R\212\250\357\247\235\272\272"
 2166      72F4E31D 
 2166      39528AA8 
 2166      EFA79DBA 
 2166      BA
ARM GAS  C:\Users\angio\AppData\Local\Temp\ccBoW3RA.s 			page 68


 2167 0186 3DFDE73F 		.ascii	"=\375\347?9v\0272J\224#\2112\036\213_\333\216\177O<"
 2167      39761732 
 2167      4A942389 
 2167      321E8B5F 
 2167      DB8E7F4F 
 2168 019b DFE0A7CB 		.ascii	"\337\340\247\313\333\360\037\210\227\253\374\225\207"
 2168      DBF01F88 
 2168      97ABFC95 
 2168      87
 2169 01a8 573F4E9E 		.ascii	"W?N\236+p\211\216\005\356\023\016\313\331EiK\20392p"
 2169      2B70898E 
 2169      05EE130E 
 2169      CBD94569 
 2169      4B833932 
 2170 01bd 0903C92E 		.ascii	"\011\003\311.\270\276eA7\346\211w\013\336o_hk\336\203"
 2170      B8BE6541 
 2170      37E68977 
 2170      0BDE6F5F 
 2170      686BDE83 
 2171 01d1 05E23D82 		.ascii	"\005\342=\202\257g+\310|^;a\375\0229\216\315\337\233"
 2171      AF672BC8 
 2171      7C5E3B61 
 2171      FD12398E 
 2171      CDDF9B
 2172 01e4 B170FBD1 		.ascii	"\261p\373\321H\273\252\365j]\347S}Z<r!\236\034\320\023"
 2172      48BBAAF5 
 2172      6A5DE753 
 2172      7D5A3C72 
 2172      219E1CD0 
 2173 01f9 D198D293 		.ascii	"\321\230\322\223\322\225d\244\263\273\251\253\373\324"
 2173      D29564A4 
 2173      B3BBA9AB 
 2173      FBD4
 2174 0207 E1D6E3A1 		.ascii	"\341\326\343\241\266PgG\323\351\263\355';\316\204C\354"
 2174      B6506747 
 2174      D3E9B3ED 
 2174      273BCE84 
 2174      43EC
 2175 0219 502010A4 		.ascii	"P \020\244'&2\343zkKKK0\256\007\325\350`PO\306\304\336"
 2175      272632E3 
 2175      7A6B4B4B 
 2175      4B30AE07 
 2175      D5E86050 
 2176 0231 339C5252 		.ascii	"3\234RR\212\036\2101\256\015'\366lV\002G\024\245\255"
 2176      8A1E8831 
 2176      AE0D27F6 
 2176      6C560247 
 2176      14A5AD
 2177 0244 3FDA1666 		.ascii	"?\332\026fRoB\326\265K\212\254\015\365_\224\007\265"
 2177      526F42D6 
 2177      B54B8AAC 
 2177      0DF55F94 
 2177      07B5
 2178 0256 A1817F2C 		.ascii	"\241\201\177,\3608\""
 2178      F03822
 2179              		.text
 2180              		.section	.gnu.lto_iqResetI.405.1f2b1718,"e",%progbits
ARM GAS  C:\Users\angio\AppData\Local\Temp\ccBoW3RA.s 			page 69


 2181 0000 789C9591 		.ascii	"x\234\225\221ML\023Q\020\307\347\377f\227\362q\367\250"
 2181      4D4C1351 
 2181      10C7E7FF 
 2181      6697F271 
 2181      F7A8
 2182 0012 2531219A 		.ascii	"%1!\232\320Z\250m\342\265!^\004\023\300[\023R\313\232"
 2182      D05AA86D 
 2182      E2B5215E 
 2182      0413C05B 
 2182      1352CB9A 
 2183 0026 369214BA 		.ascii	"6\222\024\2726\334\350\263\221K/U\344B\202M\304\305"
 2183      36DCE8B3 
 2183      914B2F55 
 2183      E442824D 
 2183      C4C5
 2184 0038 E0C9930A 		.ascii	"\340\311\223\012\370U5\320\233\0308\223p\340\340\311"
 2184      F85535D0 
 2184      9B183893 
 2184      70E0E0C9 
 2185 0048 104E9898 		.ascii	"\020N\230\230\324y\3336p &\276\354\27673\371\315\177"
 2185      D479DB36 
 2185      702026BE 
 2185      ECBE3733 
 2185      F9CD7F
 2186 005b 66324145 		.ascii	"f2AE4GD\275\362\023\023\026\236\224\0255\032\215\242"
 2186      344744BD 
 2186      F2131316 
 2186      9E941535 
 2186      1A8DA2
 2187 006e A5F0F032 		.ascii	"\245\360\36026\340\333\240\242B\021O\371\212\326\372"
 2187      36E0DBA0 
 2187      A242114F 
 2187      F98AD6FA 
 2188 007e 64B5BA54 		.ascii	"d\265\272T\207^\253\301c\242*S\363,3\026\330c\300jY"
 2188      875EABC1 
 2188      63A22A53 
 2188      F32C3316 
 2188      D863C06A 
 2189 0093 0A41B178 		.ascii	"\012A\261x\222\372jZ\377\370\264\256u\027y\314x\007"
 2189      92FA6A5A 
 2189      FFF8B4AE 
 2189      751779CC 
 2189      7807
 2190 00a5 C9C15BE0 		.ascii	"\311\301[\340\015\310\0042\253=D\035m%\211\321\353]"
 2190      0DC80432 
 2190      AB3D441D 
 2190      6D2589D1 
 2190      EB5D
 2191 00b7 BBA6FF34 		.ascii	"\273\246\3774*Z\357\037\342U_7\004\263\224\271X.\333"
 2191      2A5AEF1F 
 2191      E2555F37 
 2191      04B394B9 
 2191      582EDB
 2192 00ca 06D605AB 		.ascii	"\006\326\005\253\260i\324?\227\304}\314\352\324\005"
 2192      B069D43F 
 2192      97C47DCC 
 2192      EAD405
ARM GAS  C:\Users\angio\AppData\Local\Temp\ccBoW3RA.s 			page 70


 2193 00d9 FD42E9C3 		.ascii	"\375B\351\303\357\357{\366\012\243\325\017\303\364\370"
 2193      EFEF7BF6 
 2193      0AA3D50F 
 2193      C3F4F8
 2194 00e8 123242A7 		.ascii	"\0222B\247\307\035+lc\023t\255\351Zx\217g~\003\222x"
 2194      C71D2B6C 
 2194      631374AD 
 2194      E95A788F 
 2194      677E0392 
 2195 00fd 54DE526D 		.ascii	"T\336Rmt\215\317a?\012+%E\333\257\263\261c\352\250\177"
 2195      748DCF61 
 2195      3F0A2B25 
 2195      45DBAFB3 
 2195      B163EAA8 
 2196 0112 A97FFE0F 		.ascii	"\251\177\376\017\365/\302*\243\256\004\377z|\262\363"
 2196      F52FC22A 
 2196      A3AE04FF 
 2196      7A7CB2F3 
 2197 0122 C23E977F 		.ascii	"\302>\227\177\356\363\001|\023^\304\315\214\001\370"
 2197      EEF3017C 
 2197      135EC4CD 
 2197      8C01F8
 2198 0131 2516CBF5 		.ascii	"%\026\313\365M\301\270\235\366\363\342i\232\304Z\225"
 2198      4DC1B89D 
 2198      F6F3E269 
 2198      9AC45A95 
 2199 0141 3AB12D99 		.ascii	":\261-\231\026\321#\237\221u\332\250\213\300\021\346"
 2199      16D1239F 
 2199      9175DAA8 
 2199      8BC011E6 
 2200 0151 8312531E 		.ascii	"\203\022S\036wU\233c\262\321\356\306\234\307=t\214\322"
 2200      77559B63 
 2200      B2D1EEC6 
 2200      9CC73D74 
 2200      8CD2
 2201 0163 C1DE88BF 		.ascii	"\301\336\210\277\362\012\343\354\006\210b\211\033\311"
 2201      F20AE3EC 
 2201      06886289 
 2201      1BC9
 2202 0171 44267B37 		.ascii	"D&{7;\366\2400\231\315%gs\371\373\356t*\355L\024\\'"
 2202      3BF6A030 
 2202      99CD2567 
 2202      73F9FBEE 
 2202      742AED4C 
 2203 0188 9F1C1DEF 		.ascii	"\237\034\035\357\037\033\037\036\034\270\031\215GG\207"
 2203      1F1B1F1E 
 2203      1CB8198D 
 2203      474787
 2204 0197 FA47EE24 		.ascii	"\372G\356$n\015\335\216E\351j(\024\226/m2s\356@$\022"
 2204      6E0DDD8E 
 2204      45E96A28 
 2204      14962F6D 
 2204      3273EE40 
 2205 01ad 09E7DC70 		.ascii	"\011\347\334p&5\025v\363i\363N\314\024\234\202\343\206"
 2205      26351576 
 2205      F369F34E 
 2205      CC149C82 
ARM GAS  C:\Users\angio\AppData\Local\Temp\ccBoW3RA.s 			page 71


 2205      E386
 2206 01bf D2C4D999 		.ascii	"\322\304\331\231\351\013g#\241\353\216\023\277\227\212"
 2206      E90B6723 
 2206      A1EB8E13 
 2206      BF978A
 2207 01ce C7E82FDF 		.ascii	"\307\350/\337\230\331v"
 2207      98D976
 2208              		.text
 2209              		.section	.gnu.lto_iqPutI.406.1f2b1718,"e",%progbits
 2210 0000 789C7D54 		.ascii	"x\234}T]h\024W\024\276\347\336\231\331\231\235\335$"
 2210      5D681457 
 2210      14BEE7DE 
 2210      99D9999D 
 2210      DD24
 2211 0012 0F31813C 		.ascii	"\0171\201<\244)\266\224Z\334$\232& -\024\202\370b[P"
 2211      A429B694 
 2211      5ADC249A 
 2211      26202D14 
 2211      82F8625B 
 2212 0027 FB169024 		.ascii	"\373\026\220$\256\354b%1k\360q\357\232\237\225-h6)b"
 2212      AEEC6225 
 2212      316BF071 
 2212      EF9A9F95 
 2212      2D683629 
 2213 003c 34063ADD 		.ascii	"4\006:\335\266\351SA,\215m\304\220H\015\024\251ZD\264"
 2213      B6E95341 
 2213      2C8D6DC4 
 2213      90480D14 
 2213      A95A44B4 
 2214 0050 9A8782C6 		.ascii	"\232\207\202\306H\210k\360\301ZK<\347\316l2\211a\207"
 2214      48886BF0 
 2214      C15A4B3C 
 2214      E7CE6C32 
 2214      896187
 2215 0063 DD3373CE 		.ascii	"\3353s\316\371\316w~\346\314\375]g\354\004c\354\012"
 2215      F9CE777E 
 2215      E6CCFD5D 
 2215      67EC0463 
 2215      EC0A
 2216 0075 FE5988C1 		.ascii	"\376Y\210\301`6\303\331\362\362rR\343\274'\373\025\207"
 2216      6036C3D9 
 2216      F2F27252 
 2216      E3BC27FB 
 2216      1587
 2217 0087 DF40697D 		.ascii	"\337@i}\331\022u\027\2747k\257\261hp:\233y:Q\247\024"
 2217      D9127517 
 2217      BC376BAF 
 2217      B168703A 
 2217      9B793A51 
 2218 009d 9D148FC0 		.ascii	"\235\024\217\300\340i\037\301\331\201\177\334\207\000"
 2218      E0691FC1 
 2218      D9817FDC 
 2218      8700
 2219 00ab 3F3370C1 		.ascii	"?3p\301}\034.\330L\030\036t\336v\303,87\350<\233M\357"
 2219      7D1C2ED8 
 2219      4C181E74 
 2219      DE76C32C 
ARM GAS  C:\Users\angio\AppData\Local\Temp\ccBoW3RA.s 			page 72


 2219      3837E83C 
 2220 00c2 2A440695 		.ascii	"*D\006\225a\376\232\2414\033R\246\013\004\226\344B\323"
 2220      61FE9AA1 
 2220      341B52A6 
 2220      0B0496E4 
 2220      42D3
 2221 00d4 8D806905 		.ascii	"\215\200i\005mH\302\220\030\0210(r\202\201\346=\001"
 2221      6D48C290 
 2221      18113028 
 2221      728281E6 
 2221      3D01
 2222 00e6 D4BC2FA5 		.ascii	"\324\274/\245|\361\335\350\314\034\214\214Mj9\301\331"
 2222      7CF1DDE8 
 2222      CC1C8C8C 
 2222      4D6A39C1 
 2222      D9
 2223 00f7 28027E06 		.ascii	"(\002~\006\270\010\3242\002\305\001\366\336\244\224"
 2223      B808D432 
 2223      02C501F6 
 2223      DEA494
 2224 0106 372E8F4B 		.ascii	"7.\217Ki\261\234\020\360\013\3700h\210\035\267\011\227"
 2224      69B19C10 
 2224      F00BF830 
 2224      68881DB7 
 2224      0997
 2225 0118 7471F72E 		.ascii	"tq\367.J)\320\254\301%\205\333\016u\204\322b'm\306\014"
 2225      4A29D0AC 
 2225      C12585DB 
 2225      0E7584D2 
 2225      62276DC6 
 2226 012d 46FC7861 		.ascii	"F\374xa$\247\240\024\260weJ\346\257\247\373O\226\017"
 2226      24A7A014 
 2226      B077654A 
 2226      E6AFA7FB 
 2226      4F960F
 2227 0140 A4CC9CD0 		.ascii	"\244\314\234\320a\002\326\324\200\200>\231\237M\247"
 2227      6102D6D4 
 2227      80803E99 
 2227      9F4DA7
 2228 014f 3DC0BA12 		.ascii	"=\300\272\022\331O\267\364I\371j\371\224\224\327>zp"
 2228      D94FB7F4 
 2228      49F96AF9 
 2228      9494D73E 
 2228      7A70
 2229 0161 FFA5F516 		.ascii	"\377\245\365\026`:\203\223\240:\002\032\012S'a\220\032"
 2229      603A8393 
 2229      A03A021A 
 2229      0A532761 
 2229      901A
 2230 0173 20619297 		.ascii	" a\222\227\2721\202$l\022!\022a\022%(\254R\024z\031"
 2230      BA318224 
 2230      6C122112 
 2230      61122528 
 2230      AC52147A 
 2231 0188 0A5E0E30 		.ascii	"\012^\0160\016\233H\255 QI\266*\200_\241\232\236\030"
 2231      0E9B48AD 
 2231      205149B6 
ARM GAS  C:\Users\angio\AppData\Local\Temp\ccBoW3RA.s 			page 73


 2231      2A805FA1 
 2231      9A9E18
 2232 019b 3B2568E2 		.ascii	";%h\342\352\302\334l@\360U\025\330\"\034\237\370\367"
 2232      EAC2DC6C 
 2232      40F05515 
 2232      D8221C9F 
 2232      F8F7
 2233 01ad 51CF667C 		.ascii	"Q\317f|_\216\000o\362\002h\264\337\003N\037;\012:\242"
 2233      5F8E006F 
 2233      F20268B4 
 2233      DF034E1F 
 2233      3B0A3AA2 
 2234 01c1 1CAE00AB 		.ascii	"\034\256\000\253sU\003&\341\274\232\022\305Z\216\340"
 2234      73550326 
 2234      E1BC9A12 
 2234      C55A8EE0 
 2235 01d1 C5B05388 		.ascii	"\305\260S\210\245A\314C\357\343f\314\340PI\214\312\020"
 2235      A541CC43 
 2235      EFE366CC 
 2235      E050498C 
 2235      CA10
 2236 01e3 BE326011 		.ascii	"\2762`\021\246\210JlD\365\215Rm\270\212T\334\245\232"
 2236      A6884A6C 
 2236      44F58D52 
 2236      6DB88A54 
 2236      DCA59A
 2237 01f6 472A4195 		.ascii	"G*A\225\332\356\220\221N\363\321\011\254l\311t\304&"
 2237      DAEE9091 
 2237      4EF3D109 
 2237      AC6CC974 
 2237      C426
 2238 0208 F840F974 		.ascii	"\370@\371t\237O\363|\025\260E\371\014\237\317@\337\253"
 2238      9F4FF37C 
 2238      15B045F9 
 2238      0C9FCF40 
 2238      DFAB
 2239 021a 34D6A839 		.ascii	"4\326\2509\242\224\332;\223\376\330\021:\352*\351t\025"
 2239      A294DA3B 
 2239      93FED811 
 2239      3AEA2AE9 
 2239      7415
 2240 022c 2A94D574 		.ascii	"*\224\325t\263\276\204R\314\241e\004\262\351\034\271"
 2240      B3BE8452 
 2240      CCA16504 
 2240      B2E91CB9 
 2241 023c 026B273B 		.ascii	"\002k';51<\207>\243XS3^S\213\3203\322\377\200;\"\200"
 2241      35313C87 
 2241      3EA35853 
 2241      335E538B 
 2241      D033D2FF 
 2242 0254 016E678A 		.ascii	"\001ng\212\"\237\201B\370Xh\203\370?\334x\214s_\345"
 2242      229F8142 
 2242      F8586883 
 2242      F83FDC78 
 2242      8C735FE5 
 2243 0268 DC106634 		.ascii	"\334\020f4\213\275\221\353\253o/\237\271\215\031q\356"
 2243      8BBD91EB 
ARM GAS  C:\Users\angio\AppData\Local\Temp\ccBoW3RA.s 			page 74


 2243      AB6F2F9F 
 2243      B98D1971 
 2243      EE
 2244 0279 26E5BFD0 		.ascii	"&\345\277\320\217\235#\334\302OB9W2?\016m\300\363\247"
 2244      8F9D23DC 
 2244      C24F4239 
 2244      57323F0E 
 2244      6DC0F3A7 
 2245 028d CB832184 		.ascii	"\313\203!\204>;_\341-\217\001\314\015\3429\232\243\005"
 2245      3E3B5FE1 
 2245      2D8F01CC 
 2245      0DE2399A 
 2245      A305
 2246 029f 37014155 		.ascii	"7\001AU\252\274K\013\323X\236]\254\274\277|\313\365"
 2246      AABC4B0B 
 2246      D3589E5D 
 2246      ACBCBF7C 
 2246      CBF5
 2247 02b1 63B52342 		.ascii	"c\265#B\305\300\267\021,\334\225\230\235nCf\304{\373"
 2247      C5C0B711 
 2247      2CDC9598 
 2247      9D6E4366 
 2247      C47BFB
 2248 02c4 60BEB1E5 		.ascii	"`\276\261\345\013C8\333p1\272;H\247\025F\363pe\257\307"
 2248      0B4338DB 
 2248      7031BA3B 
 2248      48A71546 
 2248      F37065AF 
 2249 02d9 C21B60EF 		.ascii	"\302\033`\357\026\332\017\253t\326\272t_g\346.cL\311"
 2249      16DA0FAB 
 2249      74D6BA74 
 2249      5F67E62E 
 2249      634CC9
 2250 02ec 0AC73BAB 		.ascii	"\012\307;\253\034h\363hB\3607\322\340)\336[\230\230"
 2250      1C68F368 
 2250      42F037D2 
 2250      E029DE5B 
 2250      9898
 2251 02fe 05F771B9 		.ascii	"\005\367q\271\362\320W\2036\324\303\243\364\371 \021"
 2251      F2D05783 
 2251      36D4C3A3 
 2251      F4F92011 
 2252 030e 8DB684CE 		.ascii	"\215\266\204\316\016\265\230K\343Oi\222\325d\345\364"
 2252      0EB5984B 
 2252      E34F6992 
 2252      D564E5F4 
 2253 031e 557339A3 		.ascii	"Us9\243\251B\202\353\012Yz\361\374[DV\272\310\244\302"
 2253      A94282EB 
 2253      0A597AF1 
 2253      FC5B4456 
 2253      BAC8A4C2 
 2254 0332 D87ECC02 		.ascii	"\330~\314\002\244>a\2331}\376\311\017\262\006r\242\314"
 2254      A43E619B 
 2254      317DFEC9 
 2254      0FB20672 
 2254      A2CC
 2255 0344 3B04E95A 		.ascii	";\004\351Z\002\\\2202\265\353e\230\316Z\374/o\252\243"
ARM GAS  C:\Users\angio\AppData\Local\Temp\ccBoW3RA.s 			page 75


 2255      025C9032 
 2255      B5EB6598 
 2255      CE5AFC2F 
 2255      6FAAA3
 2256 0357 A23238FA 		.ascii	"\24228\372\177\014\317\026\360\237-\21456\357hi\216"
 2256      7F0CCF16 
 2256      F09F2D8C 
 2256      3536EF68 
 2256      698E
 2257 0369 C5DBE27B 		.ascii	"\305\333\342{\217v\037\210w\264\034\353\350:\224\350"
 2257      8F761F88 
 2257      77B41CEB 
 2257      E83A94E8 
 2258 0379 6C6D8FEE 		.ascii	"lm\217\356\357ND\273Z\366\354\333\272w\337\247\333\267"
 2258      EF4E44BB 
 2258      5AF6ECDB 
 2258      BA77DFA7 
 2258      DBB7
 2259 038b ED6A686A 		.ascii	"\355jhj\330\263s\353g_4\357\336\371yc\003\333\022\211"
 2259      D8B373EB 
 2259      675F34EF 
 2259      DEF97963 
 2259      03DB1289 
 2260 039f D4E2AF9D 		.ascii	"\324\342\257\235\";\022\333\352\353\353k;\022\265\261"
 2260      223B12DB 
 2260      EAEBEB6B 
 2260      3B12B5B1 
 2261 03af D62F6B13 		.ascii	"\326/k\023]\355t\337\177\244;\332\035MD\332\231\210"
 2261      5DED74DF 
 2261      7FA43BDA 
 2261      1D4D44DA 
 2261      9988
 2262 03c1 1FE9ACF0 		.ascii	"\037\351\254\360[\"\037F\243M\007[\233\032\031\264\005"
 2262      5B221F46 
 2262      A34D075B 
 2262      9B1A19B4 
 2262      05
 2263 03d2 E2078F1E 		.ascii	"\342\007\217\036\356\214\324\275\006,\304P\302"
 2263      EE8CD4BD 
 2263      062CC450 
 2263      C2
 2264              		.text
 2265              		.section	.gnu.lto_iqGetI.407.1f2b1718,"e",%progbits
 2266 0000 789C7D94 		.ascii	"x\234}\224]H\024Q\024\307\317\271wvvv\\\023\245\242"
 2266      5D481451 
 2266      14C7CFB9 
 2266      77767676 
 2266      5C13A5A2 
 2267 0014 7A284122 		.ascii	"z(A\"\012\3224\323\010\202@\314\036\372\000\2637!\324"
 2267      0AD234D3 
 2267      088240CC 
 2267      1EFA00B3 
 2267      3721D4
 2268 0027 36560A2C 		.ascii	"6V\012,7\351q\307\\]4\310\217\022\015Lj\333B_,\242H"
 2268      37E971C7 
 2268      5C5D34C8 
 2268      8F120D4C 
ARM GAS  C:\Users\angio\AppData\Local\Temp\ccBoW3RA.s 			page 76


 2268      6ADB425F 
 2269 003e 6D2BD1C2 		.ascii	"m+\321\302>\350;\251\207\352!\022Z\010\331\202(C\260"
 2269      3EE83BA9 
 2269      87EA2112 
 2269      5A08D982 
 2269      2843B0
 2270 0051 736676D7 		.ascii	"sfv\327Mm\207\3353\367\316\374\317\357\374\357\2713"
 2270      4D6D87DD 
 2270      33F7CEFC 
 2270      CFEFFCEF 
 2270      B933
 2271 0063 1356000C 		.ascii	"\023V\000\014\000\270L\177\320\001;\332[\004\314\316"
 2271      00B84C7F 
 2271      D0013BDA 
 2271      5B04CCCE 
 2272 0073 CE7A1521 		.ascii	"\316z\025!\032\332O\013\034Bs\326\335\366\331\032H\341"
 2272      1ADA4F0B 
 2272      1C4273D6 
 2272      DDF6D91A 
 2272      48E1
 2273 0085 E3CB216B 		.ascii	"\343\313!k\326\330\276\304<+\330\031O\264\211\246\004"
 2273      D6D8BEC4 
 2273      3C2BD819 
 2273      4FB489A6 
 2273      04
 2274 0096 853FAA50 		.ascii	"\205?\252P\261+\256\260\343\371\216\300\367\201\346"
 2274      B12BAEB0 
 2274      E3F98EC0 
 2274      F781E6
 2275 00a5 92984833 		.ascii	"\222\230H3/\014=\336\031+\347\300z\315\322\"x\205Tl"
 2275      2F0C3DDE 
 2275      192BE7C0 
 2275      7ACDD222 
 2275      7885546C 
 2276 00b9 AA5D73A0 		.ascii	"\252]s\240\027\317\312\036\211\0352(\001\225\350\010"
 2276      17CFCA1E 
 2276      891D3228 
 2276      0195E808 
 2277 00c9 3173BD61 		.ascii	"1s\275a\030\277\257\364\266\204\261\247oD\011J\001\275"
 2277      18BFAFF4 
 2277      B684B1A7 
 2277      6F44094A 
 2277      01BD
 2278 00db 24B88578 		.ascii	"$\270\205x\023yY$\224\207`\335\210a\274\274;h\030\016"
 2278      13795924 
 2278      948760DD 
 2278      8861BCBC 
 2278      3B68180E 
 2279 00ef 084A89B7 		.ascii	"\010J\211\2671AC\027\334\357t\000\0258\023\0009\305"
 2279      31414317 
 2279      DCEF7400 
 2279      15381300 
 2279      39C5
 2280 0101 CB896B29 		.ascii	"\313\211k)+\322\335\357O\275nhA\251\340\260\231\266"
 2280      2BD2DDEF 
 2280      4FBD6E68 
 2280      41A9E0B0 
ARM GAS  C:\Users\angio\AppData\Local\Temp\ccBoW3RA.s 			page 77


 2280      99B6
 2281 0113 193731D8 		.ascii	"\03171\330=\251\253\200w\020\3106\270\277\350D\022k"
 2281      3DA9AB80 
 2281      7710C836 
 2281      B8BFE844 
 2281      126B
 2282 0125 8D462332 		.ascii	"\215F#2\320\354?\263\264\255^[`\205\325\327^\333F\214"
 2282      D0EC3FB3 
 2282      B4AD5E5B 
 2282      6085D5D7 
 2282      5EDB468C 
 2283 0139 99D956C3 		.ascii	"\231\331V\303x\267\353\311\207\001}%R}\233\340 9(\024"
 2283      78B7EBC9 
 2283      87017D25 
 2283      527D9BE0 
 2283      20392814 
 2284 014d 541B0795 		.ascii	"T\033\007\225\203\235\203\306\201\215\253:\005{\012"
 2284      839D83C6 
 2284      818DAB3A 
 2284      057B0A
 2285 015c 07270591 		.ascii	"\007'\005\221\2168\210\031<Z\306\354\025<\002h\225\334"
 2285      8E388819 
 2285      3C5AC6EC 
 2285      153C0268 
 2285      95DC
 2286 016e 3CF35843 		.ascii	"<\363XCu\333\244\230\233\"L\341hhz\334\227E\256\003"
 2286      75DBA498 
 2286      9B224CE1 
 2286      68687ADC 
 2286      9745AE03 
 2287 0182 12A36D94 		.ascii	"\022\243m\224\310\313\275\212\324J\262\255\005d:\336"
 2287      C8CBBD8A 
 2287      D44AB2AD 
 2287      05643ADE 
 2288 0192 43D874C9 		.ascii	"C\330t\311\234:\360>^\340\306@\030}\341\261U\001+\307"
 2288      9C3AF03E 
 2288      5EE0C640 
 2288      187DE1B1 
 2288      55012BC7 
 2289 01a6 61AD89F8 		.ascii	"a\255\211\370r\001\377\031\361C\304\027\311\250\243"
 2289      7201FF19 
 2289      F143C417 
 2289      C9A8A3
 2290 01b5 51EA1436 		.ascii	"Q\352\0246\3644}\024\001))\301\"3,\215Q\221\026\214"
 2290      F4347D14 
 2290      012929C1 
 2290      22332C8D 
 2290      5191168C 
 2291 01c9 21FA9C8B 		.ascii	"!\372\234\2130\036Z\014\312%\365\251\320\320\363\267"
 2291      301E5A0C 
 2291      CA25F5A9 
 2291      D0D0F3B7 
 2292 01d9 045116AB 		.ascii	"\004Q\026\253jMU\034\247\0144\253\236\212\264\374\244"
 2292      6A4D551C 
 2292      A70C34AB 
 2292      9E8AB4FC 
 2292      A4
ARM GAS  C:\Users\angio\AppData\Local\Temp\ccBoW3RA.s 			page 78


 2293 01ea AA364A60 		.ascii	"\2526J`\0177\232\310\260Js\332^\363f\274\362\327%\213"
 2293      0F379AC8 
 2293      B04A73DA 
 2293      5EF366BC 
 2293      F2D7258B 
 2294 01fe 701E5B1C 		.ascii	"p\036[\034Jau\367\351\355\001\271,\332M\025\301\312"
 2294      4A6175F7 
 2294      E9ED01B9 
 2294      2CDA4D15 
 2294      C1CA
 2295 0210 23C70A03 		.ascii	"#\307\012\003\237\242Y/4\375\374\001\331\263'\263\367"
 2295      9FA2592F 
 2295      34FDFC01 
 2295      D9B327B3 
 2295      F7
 2296 0221 6CCE5EA8 		.ascii	"l\316^\250\177u@j\311\304/H,\254}\3714VId\322G\367D"
 2296      7F75406A 
 2296      C9C42F48 
 2296      2CAC7DF9 
 2296      34564964 
 2297 0239 F9774FA8 		.ascii	"\371wO\2505/\316\321mG2\334+\302\311Xk&\343{\327\227"
 2297      352FCED1 
 2297      6D4732DC 
 2297      2BC2C958 
 2297      6B26E37B 
 2298 024f BA88F64D 		.ascii	"\272\210\366Ml\371\016\263\234mA\271\011^\252\376\377"
 2298      6CF90EB3 
 2298      9C6D41B9 
 2298      095EAAFE 
 2298      FF
 2299 0260 723A4E10 		.ascii	"r:N\020B\211=U\344^\347\336\351\361\247J\235\217\234"
 2299      42893D55 
 2299      E45EE7DE 
 2299      E9F1A74A 
 2299      9D8F9C
 2300 0273 9E081232 		.ascii	"\236\010\0222%\031\362}\024\031A\337\30542\227B\377"
 2300      2519F27D 
 2300      141941DF 
 2300      C5343297 
 2300      42FF
 2301 0285 F4209D18 		.ascii	"\364 \235\030h\237\007\234\361\377z\2625 W\320\306A"
 2301      689F079C 
 2301      F1FF7AB2 
 2301      352057D0 
 2301      C641
 2302 0297 9B301E29 		.ascii	"\2330\036)\246J\233\247\372\361\373C\320zY2\330\237"
 2302      A64A9BA7 
 2302      FAF1FB43 
 2302      D07A5932 
 2302      D89F
 2303 02a9 40AF2973 		.ascii	"@\257)s$\312\276a\375\016\310\"\023\221\341~#\023\203"
 2303      24CABE61 
 2303      FD0EC822 
 2303      1391E17E 
 2303      231383
 2304 02bc D2697D49 		.ascii	"\322i}I\314\343\007\322C\346\244\301\037tR5\373T\347"
 2304      CCE307D2 
ARM GAS  C:\Users\angio\AppData\Local\Temp\ccBoW3RA.s 			page 79


 2304      43E6A4C1 
 2304      1F745235 
 2304      FB54E7
 2305 02cf 77CD7C39 		.ascii	"w\315|92\264\336\256\260\306_\217V\211\211o,@A\321\266"
 2305      32B4DEAE 
 2305      B0C65F8F 
 2305      5689896F 
 2305      2C4041D1 
 2306 02e4 F2227775 		.ascii	"\362\"wue\365\376\023u\207\252k\312O\326\324\036\361"
 2306      65F5FE13 
 2306      7587AA6B 
 2306      CA4FD6D4 
 2306      1EF1
 2307 02f6 1CABA872 		.ascii	"\034\253\250r\035\254\363\270j\313K\3136\356/\333\263"
 2307      1DACF3B8 
 2307      6ACB4BCB 
 2307      36EE2FDB 
 2307      B3
 2308 0307 39AF24BF 		.ascii	"9\257$\2770\277\264x\343\336\003E\273\213\367\025\344"
 2308      30BFB478 
 2308      E3DE0345 
 2308      BB8BF715 
 2308      E4
 2309 0318 C386ECEC 		.ascii	"\303\206\354\354\034\372Uqf\215'/777\247\306\223\343"
 2309      1CFA5571 
 2309      668D272F 
 2309      373737A7 
 2309      C693E3
 2310 032b AE389AE3 		.ascii	"\2568\232\343\251\255\342\363\301\343u\256:\227'\273"
 2310      A9ADE2F3 
 2310      C1E375AE 
 2310      3A9727BB 
 2311 033b 0A64F5F1 		.ascii	"\012d\365\361c\313\023\257doq\271\012\017W\024\026\000"
 2311      63CB13AF 
 2311      646F71B9 
 2311      0A0F5714 
 2311      1600
 2312 034d 56FE050B 		.ascii	"V\376\005\013\324\000\030"
 2312      D40018
 2313              		.text
 2314              		.section	.gnu.lto_iqGetTimeout.408.1f2b1718,"e",%progbits
 2315 0000 789C7D54 		.ascii	"x\234}TmlSe\024~\317=\267\355\355m\013C\0271\016q\013"
 2315      6D6C5365 
 2315      147ECF3D 
 2315      B7EDED6D 
 2315      0B431731 
 2316 0017 217E245B 		.ascii	"!~$[7\230[\342/\223\005\375\243\230\000\376[B\306Vl"
 2316      37985BE2 
 2316      2F9305FD 
 2316      A39800FE 
 2316      5B42C656 
 2317 002c A3A4B0AE 		.ascii	"\243\244\260\256\361\347\356X\267\205b\\;?2qT\275):"
 2317      F1E7EE58 
 2317      B785625C 
 2317      3B3F3271 
 2317      54BD293A 
 2318 0040 43A2643A 		.ascii	"C\242d:\241Zaq#\023\011\013\031\212\237!D4\254\211\231"
ARM GAS  C:\Users\angio\AppData\Local\Temp\ccBoW3RA.s 			page 80


 2318      A15A6171 
 2318      2313090B 
 2318      198A9F21 
 2318      4434AC89 
 2319 0055 5563700B 		.ascii	"Ucp\013\246\236\363\336\266\333J\355M{\356}\337\373"
 2319      A69EF3DE 
 2319      B6DB4AED 
 2319      4D7BEE7D 
 2319      DFFB
 2320 0067 3CCF79CE 		.ascii	"<\317y\316y\337\367>d\027\342%!\304<\375\205[\300H<"
 2320      79DFF73E 
 2320      6417E225 
 2320      21C43CFD 
 2320      855BC048 
 2321 007c AA885C2E 		.ascii	"\252\210\\.\327\253*\360Z<zknB\205\317AN\240\022\211"
 2321      D7AB2AF0 
 2321      5A3C7A6B 
 2321      6E4285CF 
 2321      414EA012 
 2322 0091 1F5560CA 		.ascii	"\037U`\312\032\015\304\327\311\273\012o\216\230\177"
 2322      1A0DC4D7 
 2322      C9BB0A6F 
 2322      8E987F
 2323 00a0 2C5F70C8 		.ascii	",_p\310\221M\351gL\2361\230\307\330\225\241\270K>\215"
 2323      914DE967 
 2323      4C9E3198 
 2323      C7D895A1 
 2323      B84B3E8D 
 2324 00b4 C67EB65E 		.ascii	"\306~\266^9`t\304\254\2632i\312\033\261\211\272\002"
 2324      396074C4 
 2324      ACB33269 
 2324      CA1BB189 
 2324      BA02
 2325 00c6 E95801E2 		.ascii	"\351X\001\342\204cE\210.\263\214]|\242\200rA\237f\275"
 2325      84634588 
 2325      2EB38C5D 
 2325      7CA28072 
 2325      419F66BD 
 2326 00da 02D1ABA0 		.ascii	"\002\321\253\240j\263;4\247\356\202^\305&V\256Wp\014"
 2326      6AB33B34 
 2326      A7EE825E 
 2326      C52656AE 
 2326      57700C
 2327 00ed 61049328 		.ascii	"a\004\223(@\315?\001\324>l\030\306?'\022\013\031\030"
 2327      40CD3F01 
 2327      D43E6C18 
 2327      C63F2712 
 2327      0B1918
 2328 0100 1B9F5293 		.ascii	"\033\237R\223\250\210\004\001&\001>\006&\021\020\273"
 2328      A8880401 
 2328      26013E06 
 2328      261110BB 
 2329 0110 C4835386 		.ascii	"\304\203S\206q\371\342\031\303p\212$\"\234\206U\030"
 2329      71F9E219 
 2329      C3708A24 
 2329      229C8655 
 2329      18
ARM GAS  C:\Users\angio\AppData\Local\Temp\ccBoW3RA.s 			page 81


 2330 0121 9AF0C775 		.ascii	"\232\360\307u\306\365Z\270\305<N\205\324Z\234\352O\350"
 2330      C6F55AB8 
 2330      C53C4E85 
 2330      D45A9CEA 
 2330      4FE8
 2331 0133 96E210F0 		.ascii	"\226\342\020\360m+\241\263\231\314\240\347\224\241%"
 2331      6D2BA1B3 
 2331      99CCA0E7 
 2331      94A125
 2332 0142 D1069F49 		.ascii	"\321\006\237I\370vh\344\304\376\223\272]@\032\330\216"
 2332      F87668E4 
 2332      C4FE93BA 
 2332      5D401AD8 
 2332      8E
 2333 0153 10C0AC23 		.ascii	"\020\300\254#\026\213\014\237\372\375\310\220Q\025\251"
 2333      168B0C9F 
 2333      FAFDC890 
 2333      5115A9
 2334 0162 25BB7016 		.ascii	"%\273p\026\326\030\366\237f\3369\020\324\034\341\377"
 2334      D618F69F 
 2334      66DE3910 
 2334      D41CE1FF 
 2335 0172 44A749DC 		.ascii	"D\247I\334j\014\030\331\345\013C/W\307\372\264;J\344"
 2335      6A0C18D9 
 2335      E50B432F 
 2335      57C7FAB4 
 2335      3B4AE4
 2336 0185 2C44F870 		.ascii	",D\370p\3366e\334\316\015\033\306\354\316\\\372\246"
 2336      DE3665DC 
 2336      CE0D1BC6 
 2336      ECCE5CFA 
 2336      A6
 2337 0196 5E0764D9 		.ascii	"^\007d\331\256Pp \007\225\203\215\202f\347\340\340\240"
 2337      AE507020 
 2337      0795838D 
 2337      8266E7E0 
 2337      E0A0
 2338 01a8 71E05A35 		.ascii	"q\340Z5\235\203\213\202\323\315\301CA\251\0068\003\033"
 2338      9D838B82 
 2338      D3CDC143 
 2338      41A90638 
 2338      031B
 2339 01ba 59BE8687 		.ascii	"Y\276\206\207\233\000>\205\315\354\255\226\207B\014"
 2339      9B003E85 
 2339      CDECAD96 
 2339      87420C
 2340 01c9 232F9ABC 		.ascii	"#/\232\274\036 '1TV\206 \262\320\177\375\333+N.#\002"
 2340      1E202731 
 2340      54568620 
 2340      B2D07FFD 
 2340      DB2B4E2E 
 2341 01df 4A12F504 		.ascii	"J\022\365\004\312.\272\004Cq5t\021\016\277\032\315\315"
 2341      CA2EBA04 
 2341      43713574 
 2341      110EBF1A 
 2341      CDCD
 2342 01f1 CDABB41F 		.ascii	"\315\253\264\037M\204\374\342\242l\327\273@\375Z\360"
ARM GAS  C:\Users\angio\AppData\Local\Temp\ccBoW3RA.s 			page 82


 2342      4D84FCE2 
 2342      A26CD7BB 
 2342      40FD5AF0 
 2343 0201 26D16D62 		.ascii	"&\321mb5L\313\271F\232\242>x`\006\216sw#\022SM\345\302"
 2343      354CCBB9 
 2343      469AA23E 
 2343      7860068E 
 2343      73772312 
 2344 0219 79CA9185 		.ascii	"y\312\221\205\201Z\0237\313\254\353\022\354\224DM\334"
 2344      815A1337 
 2344      CBACEB12 
 2344      EC94444D 
 2344      DC
 2345 022a 94C4F522 		.ascii	"\224\304\365\"\003\221\037\247o\274w/\275\347\034\212"
 2345      03911FA7 
 2345      6FBC772F 
 2345      BDE71C8A 
 2346 023a D54132A4 		.ascii	"\325A2\244\226z\377\353\012\026\215\243e\234|\276\236"
 2346      967AFFEB 
 2346      0A168DA3 
 2346      659C7CBE 
 2346      9E
 2347 024b FAF71734 		.ascii	"\372\367\0274\221\365EL1\276T%\331\266\266\232/\322"
 2347      91F5454C 
 2347      31BE5425 
 2347      D9B6B69A 
 2347      2FD2
 2348 025d A95BC92D 		.ascii	"\251[\311-T\271\211J\241\004m\245\202\306w\344\260\012"
 2348      54B9894A 
 2348      A1046DA5 
 2348      82C677E4 
 2348      B00A
 2349 026f BE22FB6C 		.ascii	"\276\"\373l\200L-L\357'0[\252*Z\262\227\252.\345\272"
 2349      804C2D4C 
 2349      EF27305B 
 2349      AA2A5AB2 
 2349      97AA2EE5 
 2350 0284 4CC44A8A 		.ascii	"L\304J\212\227\362\212\213\320?6xI1Q%\202\245\312B\353"
 2350      97F28A8B 
 2350      D03F3678 
 2350      49315125 
 2350      82A5CA42 
 2351 0299 59261B85 		.ascii	"Y&\033\205\202\3048\226\321\270li\020\227\013N\247f"
 2351      82C43896 
 2351      D1B86C69 
 2351      10970B4E 
 2351      A766
 2352 02ab 26A9605B 		.ascii	"&\251`[\271\254\326P\203yb(2\353\341l\364W\312j'\002"
 2352      B9ACD650 
 2352      83796228 
 2352      32EBE16C 
 2352      F457CA6A 
 2353 02c1 7B9818A4 		.ascii	"{\230\030\244\0268hLgB\276,f^\360\224\321\371\332\322"
 2353      1638684C 
 2353      6742BE2C 
 2353      665EF094 
 2353      D1F9DAD2 
ARM GAS  C:\Users\angio\AppData\Local\Temp\ccBoW3RA.s 			page 83


 2354 02d5 210AA347 		.ascii	"!\012\243G\217\326\233\2701\277\0314\020\026\217\236"
 2354      8FD69BB8 
 2354      31BF1934 
 2354      10168F9E 
 2355 02e5 6D2C7815 		.ascii	"m,x\025d\276\364\322\314\011\262\247U\262\367\335\212"
 2355      64BEF4D2 
 2355      CC09B2A7 
 2355      55B2F7DD 
 2355      8A
 2356 02f6 BDF4FBF7 		.ascii	"\275\364\373\367\233\350\254\004\376\201\300h\255\311"
 2356      9BE8AC04 
 2356      FE81C068 
 2356      ADC9
 2357 0304 B5E9FB48 		.ascii	"\265\351\373H\231\360\371\365p\224\354\331t\352\374"
 2357      99F0F9F5 
 2357      7094ECD9 
 2357      74EAFC
 2358 0313 DFE445AF 		.ascii	"\337\344E\257$\367\023\311\251\205\326|S\334\015\343"
 2358      24F713C9 
 2358      A985D67C 
 2358      53DC0DE3 
 2359 0323 EE32D86B 		.ascii	"\3562\330k\205\362u\231N\273#\335,\227\352\372\377t"
 2359      85F27599 
 2359      4EBB23DD 
 2359      2C97EAFA 
 2359      FF74
 2360 0335 1BE03A49 		.ascii	"\033\340:I\330,\367\031v\357\342\336m(\356(g\251\344"
 2360      D82CF719 
 2360      76EFE2DE 
 2360      6D28EE28 
 2360      67A9E4
 2361 0348 D2EC0049 		.ascii	"\322\354\000I\272+I\336\310Kf!\362\266\213\314\271\351"
 2361      BA2B49DE 
 2361      C84B6621 
 2361      F2B68BCC 
 2361      B9E9
 2362 035a 4F47ED2E 		.ascii	"OG\355.)\250\227\236\232\311\253P\346\324\334\036\272"
 2362      29A8979E 
 2362      9AC9AB50 
 2362      E6D4DC1E 
 2362      BA
 2363 036b F97DB389 		.ascii	"\371}\263\2115\264\236\222\346ZM\373\015\372\036\027"
 2363      35B49E92 
 2363      E65A4DFB 
 2363      0DFA1E17 
 2364 037b 5B285DF6 		.ascii	"[(]\366\370I\243\026\222x\267\365\315\224\327\237@\333"
 2364      F849A316 
 2364      9278B7F5 
 2364      CD94D79F 
 2364      40DB
 2365 038d C9430FCB 		.ascii	"\311C\017\313\340\241c\247~\360\326\222&\277\0225\372"
 2365      E0A163A7 
 2365      7EF0D692 
 2365      26BF1235 
 2365      FA
 2366 039e DC47198D 		.ascii	"\334G\031\215\277.\303\010\253?CB\264\264=\326\336\346"
 2366      BF2EC308 
ARM GAS  C:\Users\angio\AppData\Local\Temp\ccBoW3RA.s 			page 84


 2366      AB3F4342 
 2366      B4B43DD6 
 2366      DEE6
 2367 03b0 0FEC0BEC 		.ascii	"\017\354\013\354\356\011w\005\202\355/\006\273\237\017"
 2367      EE097705 
 2367      82ED2F06 
 2367      BB9F0F
 2368 03bf 1DECE8F4 		.ascii	"\035\354\350\364\355\015\207|\335\355\273\366\324\357"
 2368      ED0D877C 
 2368      DDEDBBF6 
 2368      D4EF
 2369 03cd DEF3F4F6 		.ascii	"\336\363\364\366mO6\2676\357\332Q\277\363\331\266\247"
 2369      6D4F36B7 
 2369      36EFDA51 
 2369      BFF3D9B6 
 2369      A7
 2370 03de 763CD3D2 		.ascii	"v<\323\322,\036ih\360\322\257\223\231\301\320\266\246"
 2370      2C1E6968 
 2370      F0D2AF93 
 2370      99C1D0B6 
 2370      A6
 2371 03ef A6266F30 		.ascii	"\246&o0\344\365w\274\340\015uw\362}\357\241\260/\354"
 2371      E4F577BC 
 2371      E00D7577 
 2371      F27DEFA1 
 2371      B02FEC
 2372 0402 0B35740A 		.ascii	"\0135t\012\014\034:x\317\352\231\206G}\276\326\375\035"
 2372      0C1C3A78 
 2372      CFEA9986 
 2372      477DBED6 
 2372      FD1D
 2373 0414 AD2DC2D1 		.ascii	"\255-\302\321\0238\340\013\206{`\037\036\010=\367\037"
 2373      1338E00B 
 2373      867B601F 
 2373      1E083DF7 
 2373      1F
 2374 0425 DBCA7A6D 		.ascii	"\333\312zm"
 2375              		.text
 2376              		.section	.gnu.lto_iqReadI.409.1f2b1718,"e",%progbits
 2377 0000 789C5D92 		.ascii	"x\234]\222_H\323Q\024\307\317\367\236\337\357\3476\303"
 2377      5F48D351 
 2377      14C7CFF7 
 2377      9EDFEFE7 
 2377      36C3
 2378 0012 A7A8C784 		.ascii	"\247\250\307\204\220(pK\263\011=\005\"\275\364\007\324"
 2378      9028704B 
 2378      B3093D05 
 2378      22BDF407 
 2378      D4
 2379 0023 9E1244E7 		.ascii	"\236\022D\347l\243p\2725\242\247\375\264\251\240\224"
 2379      6CA370BA 
 2379      35A2A7FD 
 2379      B4A9A094 
 2380 0033 CE505FCC 		.ascii	"\316P_\314`\374\014A\250\027%\315\177+{\363\241\010"
 2380      60FC0C41 
 2380      A81725CD 
 2380      7F2B7BF3 
ARM GAS  C:\Users\angio\AppData\Local\Temp\ccBoW3RA.s 			page 85


 2380      A108
 2381 0045 42500CE9 		.ascii	"BP\014\351\241\020*FA\030\011\353\336\337\246n^~?\356"
 2381      A1102A46 
 2381      411809EB 
 2381      DEDFA66E 
 2381      5E7E3FEE 
 2382 0059 BDE77ECE 		.ascii	"\275\347~\3169\337s\356\235\027D\375Dt[\376TD\030N\364"
 2382      39DF73EE 
 2382      9D1744FD 
 2382      44745BFE 
 2382      5444184E 
 2383 006e 0BCA6432 		.ascii	"\013\312d21M\210\207\211\001\2017\260w=\211\022{f\021"
 2383      314D8887 
 2383      89018137 
 2383      B0773D89 
 2383      127B6611 
 2384 0082 4F141758 		.ascii	"O\024\027X4\214\034\370\350\030M\364\257o\315h\373n"
 2384      348C1CF8 
 2384      E8184DF4 
 2384      AF6FCD68 
 2384      FB6E
 2385 0094 06BA347B 		.ascii	"\006\2724{\001\212\011\326t\0031<\341q\3060[L\320r+"
 2385      018A09D6 
 2385      7403313C 
 2385      E171C630 
 2385      5B4CD072 
 2386 00a9 A0F46CCA 		.ascii	"\240\364l\3124w''\026\007\214\361\251\224f\261\240\011"
 2386      34772727 
 2386      16078CF1 
 2386      A99466B1 
 2386      A009
 2387 00bb 09CC0233 		.ascii	"\011\314\0023P\322$\310\255tFB\037V\346L\323I\0263^"
 2387      50D224C8 
 2387      AD744642 
 2387      1F56E64C 
 2387      D3491633 
 2388 00d0 218F9186 		.ascii	"!\217\221\206\300[\247\342bYn+\307i\230/\344\264\300"
 2388      C05BA7E2 
 2388      62596E2B 
 2388      C769982F 
 2388      E4B4C0
 2389 00e3 7B9BEB46 		.ascii	"{\233\353F\026\334\315\201\002\013\205\240\010l:\263"
 2389      16DCCD81 
 2389      020B85A0 
 2389      086C3AB3 
 2390 00f3 A9E35053 		.ascii	"\251\343PS\231\244\323\313k\275%C]\016\205/\241@c\340"
 2390      99A4D3CB 
 2390      6BBD2543 
 2390      5D0E852F 
 2390      A14063E0 
 2391 0107 B71DB6EF 		.ascii	"\267\035\266\357\220]\232\356\313\262:V\216\260_\235"
 2391      905D9AEE 
 2391      CBB23A56 
 2391      8EB05F9D 
 2392 0117 0621052C 		.ascii	"\006!\005,C\025*\2074sY\252\307Lo\254\365>>\236\315"
 2392      43152A87 
 2392      347359AA 
ARM GAS  C:\Users\angio\AppData\Local\Temp\ccBoW3RA.s 			page 86


 2392      C74C6FAC 
 2392      F53E3E9E 
 2393 012c 50D8831C 		.ascii	"P\330\203\034\377\362\243\2362\3672\203\246\371\355"
 2393      FFF2A39E 
 2393      32F73283 
 2393      A6F9ED
 2394 013b D6BFBD3F 		.ascii	"\326\277\275?\256b\331\2769h\352T\007^\303\000\026\341"
 2394      AE62D9BE 
 2394      3968EA54 
 2394      075EC300 
 2394      16E1
 2395 014d 2049BA54 		.ascii	" I\272T\015D\203\254n\307\036\247d\240!\026\207[\320"
 2395      0D4483AC 
 2395      6EC71EA7 
 2395      64A02116 
 2395      875BD0
 2396 0160 4F742FFE 		.ascii	"Ot/\376\375\374\211\223\274\177\033l\027\360\034\246"
 2396      FDFC8993 
 2396      BC7F1B6C 
 2396      17F01CA6 
 2397 0170 694E9DB4 		.ascii	"iN\235\264\330HJ\313*\350\274\334\333\245\274\303S["
 2397      D8484ACB 
 2397      2AE8BCDC 
 2397      DBA5BCC3 
 2397      535B
 2398 0182 711ABDDB 		.ascii	"q\032\275\333#c\307\222\354\210CX\\4!\035I\302I\326"
 2398      2363C792 
 2398      EC884358 
 2398      5C34211D 
 2398      49C249D6 
 2399 0196 936C58EC 		.ascii	"\223lX\354\240\035\304wV\027^\310\010\016\025Xd\313"
 2399      A01DC477 
 2399      56175EC8 
 2399      080E1558 
 2399      64CB
 2400 01a8 900A384F 		.ascii	"\220\0128O\001l\352\013\244\000\005\351\007\220\226"
 2400      016CEA0B 
 2400      A40005E9 
 2400      079096
 2401 01b7 2F338DF8 		.ascii	"/3\215\370\366\263u!\343k*\207\305N\233\321\217\224"
 2401      F6B37521 
 2401      E36B2A87 
 2401      C54E9BD1 
 2401      8F94
 2402 01c9 323AFF63 		.ascii	"2:\377cR\012p\311\214\366\271\221\237\350;\272.\323"
 2402      520A70C9 
 2402      8CF6B991 
 2402      9FE83BBA 
 2402      2ED3
 2403 01db 6959467A 		.ascii	"iYFzs\332,\205\305\256\\\357\325\370\205\356\355\331"
 2403      73DA2C85 
 2403      C5AE5CEF 
 2403      D5F885EE 
 2403      EDD9
 2404 01ed B147904F 		.ascii	"\261G\220OW\372+\313 #\277oD\336\232K\2155\201`K\260"
 2404      57FA2BCB 
 2404      2023BF6F 
ARM GAS  C:\Users\angio\AppData\Local\Temp\ccBoW3RA.s 			page 87


 2404      44DE9A4B 
 2404      8D358160 
 2405 0203 FE5EB435 		.ascii	"\376^\2645\030j\274\037\012\337\211t4\373\374M\321\210"
 2405      186ABC1F 
 2405      0ADF8974 
 2405      34FBFC4D 
 2405      D188
 2406 0215 3FDC58D7 		.ascii	"?\334X\327P^\337p\355B\345\225\252\352\252\272\332\362"
 2406      505EDF70 
 2406      ED42E595 
 2406      AAEAAABA 
 2406      DAF2
 2407 0227 EB376BAE 		.ascii	"\3537k\256\326\336\360V\3219\267\333#?\237\362\014E"
 2407      D6DEF056 
 2407      D139B7DB 
 2407      233F9FF2 
 2407      0C45
 2408 0239 2A2B2A2A 		.ascii	"*+**<\241\210'\320|\327\023\011\373\324\334\324\031"
 2408      3CA18827 
 2408      D07CD713 
 2408      09FBD4DC 
 2408      D419
 2409 024b F547FD11 		.ascii	"\365G\375\021\267\2178\330\331q\"\337\342\276\350\367"
 2409      B78F38D8 
 2409      D97122DF 
 2409      E2BEE8F7 
 2410 025b 57B73557 		.ascii	"W\2675W{I\264t\240]\204[\271\275\355\301\177\303\012"
 2410      7B49B474 
 2410      A05D845B 
 2410      B9BDEDC1 
 2410      7FC30A
 2411 026e 3C7F     		.ascii	"<\177"
 2412              		.text
 2413              		.section	.gnu.lto_iqReadTimeout.410.1f2b1718,"e",%progbits
 2414 0000 789C6D54 		.ascii	"x\234mTkL\034U\024\276g\316\354\354\314>\300\202\025"
 2414      6B4C1C55 
 2414      14BE67CE 
 2414      ECECCC3E 
 2414      C08215
 2415 0013 E91F694C 		.ascii	"\351\037iLcjR\220\272Bb\374a\202\215\177|$m\375G\322"
 2415      636A5290 
 2415      BA4262FC 
 2415      61828D7F 
 2415      7C246DFD 
 2416 0029 50D8BA1B 		.ascii	"P\330\272\033\013KY6\352/\006\272,I\025v\331\326\244"
 2416      0B4B5936 
 2416      EA2F06BA 
 2416      2C491576 
 2416      D9D6A4
 2417 003c 3CDC26E3 		.ascii	"<\334&\343\332\2204\244\332\224PZ\324\255(h,\011}\244"
 2417      DA9034A4 
 2417      DA94505A 
 2417      D4AD2868 
 2417      2C097DA4 
 2418 0050 499FA27F 		.ascii	"I\237\242\177,\266V41\255U\203\347\334\331\355>t\262"
 2418      2CB65634 
 2418      31AD5583 
ARM GAS  C:\Users\angio\AppData\Local\Temp\ccBoW3RA.s 			page 88


 2418      E7DCD9ED 
 2418      3E74B2
 2419 0063 3BF79E73 		.ascii	";\367\236s\277\357\234\357\234{\357\274\344\020b\\\010"
 2419      BFEF9CEF 
 2419      9C7BEFBC 
 2419      E410625C 
 2419      08
 2420 0074 7183FEC2 		.ascii	"q\203\376\302+ 9|@\021kkk=\252\002\007i\016s -\204\321"
 2420      2B20397C 
 2420      40116B6B 
 2420      6B3DAA02 
 2420      07690E73 
 2421 008c A4F55B6A 		.ascii	"\244\365[jR\223\226\252\364\017\277\247\300\274\275"
 2421      529396AA 
 2421      F40FBFA7 
 2421      C0BCBD
 2422 009b 36305C26 		.ascii	"60\\&G\207\022c\357\267\266w4\361\243=\321`,i}z\334"
 2422      47871263 
 2422      EFB7B677 
 2422      34F1A33D 
 2422      D1602C69 
 2423 00b2 2B0DA772 		.ascii	"+\015\247r8qbc\2169\222\303\3500\222\2646\332\211\015"
 2423      38716263 
 2423      8E3992C3 
 2423      E83092B4 
 2423      36DA890D 
 2424 00c6 4E65BB5D 		.ascii	"Ne\273]J\224#f5\214\345\320n\030'1\327\027\235\322\362"
 2424      4A942366 
 2424      358CE5D0 
 2424      6E182731 
 2424      D7179DD2 
 2425 00db 40AF2A27 		.ascii	"@\257*' z\024T\035\232S7\\n\017\364(.\221\177\016\342"
 2425      207A1454 
 2425      1D9A5337 
 2425      5C6E0FF4 
 2425      282E917F 
 2426 00f1 384212D3 		.ascii	"8B\022\323(@\315\316\000j6gL\363\376\307\251\301Am|"
 2426      2840CDCE 
 2426      006A3667 
 2426      4CF3FEC7 
 2426      A9C1416D 
 2427 0106 22A3A651 		.ascii	"\"\243\246Q\021)\002L\001\234\004&\021\020\333\304S"
 2427      1129024C 
 2427      019C0426 
 2427      1110DBC4 
 2427      53
 2428 0117 045A5A3C 		.ascii	"\004ZZ<e\232\206H#\3024\024`\310\021\370Hg\\\217\215"
 2428      659A8648 
 2428      23C23414 
 2428      60C811F8 
 2428      48675C8F 
 2429 012c BB9DC5A9 		.ascii	"\273\235\305\2510S\214S\003\237H\\\037H\340\352\320"
 2429      30538C53 
 2429      039F485C 
 2429      1F48E0EA 
 2429      D0
 2430 013d 64BC2C01 		.ascii	"d\274,\001\224\022\316\024\003\225\300\254\004Fm\340"
ARM GAS  C:\Users\angio\AppData\Local\Temp\ccBoW3RA.s 			page 89


 2430      9412CE14 
 2430      0395C0AC 
 2430      04466DE0 
 2431 014d D2CD6C44 		.ascii	"\322\315lD\007|V\014t\004\026t[\343\373\300\303&\016"
 2431      077C560C 
 2431      74041674 
 2431      5BE3FBC0 
 2431      C3260E
 2432 0160 7B783156 		.ascii	"{x1V\226\350\3259\356\027PTL\340\007\0316\221\307\306"
 2432      96E8D539 
 2432      EE175054 
 2432      4CE00719 
 2432      3691C7C6 
 2433 0174 27076CAC 		.ascii	"'\007l\254\006gK\260\227tM\300\227\000\031\340\216\010"
 2433      06674BB0 
 2433      97744DC0 
 2433      970019E0 
 2433      8E08
 2434 0186 014C3D94 		.ascii	"\001L=\224\247\036\031\034\310\245\371\252\204z\237"
 2434      A71E191C 
 2434      C8A5F9AA 
 2434      847A9F
 2435 0195 D310FB6B 		.ascii	"\323\020\373k\020\264s\"pO\246\035\261\271&q\217\345"
 2435      10B47322 
 2435      704FA61D 
 2435      B1B92671 
 2435      8FE5
 2436 01a7 D23A61A1 		.ascii	"\322:a\241\204\0333\210\370\015\021\347\211\330o\220"
 2436      841B3388 
 2436      F80D11E7 
 2436      89D86F90 
 2437 01b7 53DB94E9 		.ascii	"S\333\224\3517W\257/\016\014=j\347+\336\241\254\310"
 2437      3757AF2F 
 2437      0E0C3D6A 
 2437      E72BDEA1 
 2437      ACC8
 2438 01c9 09E47CC4 		.ascii	"\011\344|\304<~\301\2211\377^\213\233\346\275\300\257"
 2438      3C7EC191 
 2438      31FF5E8B 
 2438      9BE6BDC0 
 2438      AF
 2439 01da B3D3EE0D 		.ascii	"\263\323\356\015\024\3534(\002fA\245\226\351:\300)0"
 2439      14EB3428 
 2439      026641A5 
 2439      96E93AC0 
 2439      2930
 2440 01ec 98E502F2 		.ascii	"\230\345\002\362\271\005\221\275@\220r\016P\301\270"
 2440      B90591BD 
 2440      4090720E 
 2440      50C1B8
 2441 01fb 4A66AC07 		.ascii	"Jf\254\007\370\034\252XK5o\211\020q\344\323)\237'(s"
 2441      F81CAA58 
 2441      4B356F89 
 2441      1071E4D3 
 2441      299F2728 
 2442 0210 0295BC09 		.ascii	"\002\225\274\011\342.\364\315\376\271p\031-4\262\207"
 2442      E22EF4CD 
ARM GAS  C:\Users\angio\AppData\Local\Temp\ccBoW3RA.s 			page 90


 2442      FEB97019 
 2442      2D34B287 
 2443 0220 0B65BD47 		.ascii	"\013e\275G\201\012\236\250J\243a\241\016\337\201x\206"
 2443      810A9EA8 
 2443      4AA361A1 
 2443      0EDF8178 
 2443      86
 2444 0231 6CD9F073 		.ascii	"l\331\360s\360!\367\225\231\2433\347\216\022\323m!\037"
 2444      F021F795 
 2444      99A333E7 
 2444      8E12D36D 
 2444      211F
 2445 0243 D8046261 		.ascii	"\330\004ba\344U\330\277<s\025D\024\2244\272R(w\336-"
 2445      E455D8BF 
 2445      3C731544 
 2445      149434BA 
 2445      522877DE 
 2446 0258 716A312E 		.ascii	"qj1.\266|qt\010\250s\026\226K\264'\305\302)\261\205"
 2446      B67C7174 
 2446      08A87316 
 2446      964BB427 
 2446      C5C229B1 
 2447 026d E4238757 		.ascii	"\344#\207W\254@\364\326\334\261\251\307\011\302\"\025"
 2447      AC40F4D6 
 2447      DCB1A9C7 
 2447      09C22215 
 2448 027d BB8714CB 		.ascii	"\273\207\024\313QR\315\241\003\337\377|Y\245\273l\241"
 2448      5152CDA1 
 2448      03DFFF7C 
 2448      59A5BB6C 
 2448      A1
 2449 028e 9AABE396 		.ascii	"\232\253\343\226/_\007\371\262\245\224\301y*\205\002"
 2449      2F5F07F9 
 2449      B2A594C1 
 2449      792A8502 
 2450 029e 4525663D 		.ascii	"E%f=5\031.\220\271\012\3755\026VI%\345)DV\242ZH\353"
 2450      35192E90 
 2450      B90AFD35 
 2450      16564925 
 2450      E5294456 
 2451 02b6 8FB08C95 		.ascii	"\217\260\214\225\2713S\033h\235e8\2632\342\250\025\312"
 2451      B933531B 
 2451      689D6538 
 2451      B332E2A8 
 2451      15CA
 2452 02c8 48A0B3D0 		.ascii	"H\240\263\320\224\244?\246\354\012\015\346i\017\345"
 2452      94A43FA6 
 2452      EC0A0DE6 
 2452      690FE5
 2453 02d7 EBC5AD88 		.ascii	"\353\305\255\210.\377s\325C\371\014\256>\215\353$\306"
 2453      2EFF73D5 
 2453      43F90CAE 
 2453      3E8DEB24 
 2453      C6
 2454 02e8 286DEB07 		.ascii	"(m\353\007\327\360a[U\273\255wa\177*\366\323\035\237"
 2454      D7F0615B 
 2454      55BBAD77 
ARM GAS  C:\Users\angio\AppData\Local\Temp\ccBoW3RA.s 			page 91


 2454      617F2AF6 
 2454      D31D9F
 2455 02fb 8515D431 		.ascii	"\205\025\3241\352\022{N\304n\357\265\260Rv\261\\2\217"
 2455      EA127B4E 
 2455      C46EEFB5 
 2455      B05276B1 
 2455      5C328F
 2456 030e 14300B36 		.ascii	"\0240\0136\304\365\037\271\177\235\034\341\317\027\305"
 2456      C4F51FB9 
 2456      7F9D1CE1 
 2456      CF17C5
 2457 031d 822529F6 		.ascii	"\202%)\366\001\220\341\245t\024\315A\257J\343\346\225"
 2457      0190E1A5 
 2457      7414CD41 
 2457      AF4AE3E6 
 2457      95
 2458 032e 159D4A7A 		.ascii	"\025\235Jz\000\224\316%\027\024^\2500\346\2578\370\032"
 2458      0094CE25 
 2458      17145EA8 
 2458      30E6AF38 
 2458      F81A
 2459 0340 24D05D2A 		.ascii	"$\320]*|\372\232\3017\353\177\265\377\362\202\205\325"
 2459      7CFA9AC1 
 2459      37EB7FB5 
 2459      FFF28285 
 2459      D5
 2460 0351 F2302952 		.ascii	"\3620)R\223\247\200\014w\240\367E\361$\337\301\033\223"
 2460      93A7800C 
 2460      77A0F745 
 2460      F124DFC1 
 2460      1B93
 2461 0363 660D7D7C 		.ascii	"f\015}|*\354\333-\237\337\241oyf,\016Ro\265\275\037"
 2461      2AECDB2D 
 2461      9FDFA16F 
 2461      79662C0E 
 2461      526FB5BD 
 2462 0378 5078E685 		.ascii	"Px\346\205hhz\276\271)\020\334\035\334\321\035i\013"
 2462      68687ABE 
 2462      B92910DC 
 2462      1DDCD11D 
 2462      690B
 2463 038a 869ADF0E 		.ascii	"\206\232\337\016u\275\025\356li\365\357\212\204\375"
 2463      75BD15EE 
 2463      6C69F5EF 
 2463      8A84FD
 2464 0399 5DCDDB77 		.ascii	"]\315\333wn\331\261\363\325g\267\276\354k\364m\337\266"
 2464      6ED9B1F3 
 2464      D567B7BE 
 2464      EC6BF46D 
 2464      DFB6
 2465 03ab E5B5379A 		.ascii	"\345\2657\232^\331\366z\203O<][[G\277Vf\206\302[\353"
 2465      5ED9F67A 
 2465      834F3C5D 
 2465      5B5B47BF 
 2465      566686C2 
 2466 03c1 EBEBEB42 		.ascii	"\353\353\353B\341\272@\313\336\272pW+\217\273\366E\374"
 2466      E1BA40CB 
ARM GAS  C:\Users\angio\AppData\Local\Temp\ccBoW3RA.s 			page 92


 2466      DEBA7057 
 2466      2B8FBBF6 
 2466      45FC
 2467 03d3 117FB8B6 		.ascii	"\021\177\270\266U`p_\347c\205\236\332\347\374\376\306"
 2467      5560705F 
 2467      E763859E 
 2467      DAE7FCFE 
 2467      C6
 2468 03e4 3D2D8D0D 		.ascii	"=-\215\015B\331\335\011\035\316\356`\273?\024\351\306"
 2468      42D9DD09 
 2468      1DCEEE60 
 2468      BB3F14E9 
 2468      C6
 2469 03f5 F69677B0 		.ascii	"\366\226w\260c\317\273j[\250\303\217\355\3417\377\005"
 2469      63CFBB6A 
 2469      5BA8C38F 
 2469      EDE137FF 
 2469      05
 2470 0406 E14844BC 		.ascii	"\341HD\274"
 2471              		.text
 2472              		.section	.gnu.lto_oqObjectInit.411.1f2b1718,"e",%progbits
 2473 0000 789C8593 		.ascii	"x\234\205\223Kh\023Q\024\206\357?w2I\325Z\334\270\265"
 2473      4B681351 
 2473      1486EF3F 
 2473      773249D5 
 2473      5ADCB8B5 
 2474 0014 4241149A 		.ascii	"BA\024\232\2645& \356Jq\343\003\332\272\013-i:eBK'\315"
 2474      B4352620 
 2474      EE4A71E3 
 2474      03DABA0B 
 2474      2D693A65 
 2475 002c 18443719 		.ascii	"\030D7\031kQ\010Bbuc\321\202e\324nDP\324\306g\254\217"
 2475      6B510842 
 2475      627563D1 
 2475      8265D46E 
 2475      4450D4C6 
 2476 0043 22B5B455 		.ascii	"\"\265\264U\\\270\0217\202\272\220\340\246)T\343\271"
 2476      5CB81137 
 2476      82BA90E0 
 2476      A62954E3 
 2476      B9
 2477 0054 3313DA2C 		.ascii	"3\023\332,L/3\314\271?\337\371\317\271g\270\2078c9\306"
 2477      4C2F33CC 
 2477      B93FDFF9 
 2477      CFB967B8 
 2477      87386339 
 2478 0069 D86E7A19 		.ascii	"\330nz\031g\030\277\224\221X\271\\N\313\022\3166\341"
 2478      6718BF94 
 2478      9158B95C 
 2478      4ECB12CE 
 2478      36E1
 2479 007b 25EC182C 		.ascii	"%\354\030,-!\215\313|\257i\232\245\233\223\177\027`"
 2479      2D218DCB 
 2479      7CAF699A 
 2479      A59B937F 
 2479      1760
 2480 008d 4E176051 		.ascii	"N\027`Q\362$g\316\272\3061\316-\016\310n$\241\221\""
ARM GAS  C:\Users\angio\AppData\Local\Temp\ccBoW3RA.s 			page 93


 2480      F22467CE 
 2480      BAC631CE 
 2480      2D0EC86E 
 2480      24A19122 
 2481 00a1 DECFF614 		.ascii	"\336\317\366\024Lsi~\3064\353\230\3059\036\201r\360"
 2481      4C73697E 
 2481      C634EB98 
 2481      C5391E81 
 2481      72F0
 2482 00b3 10780026 		.ascii	"\020x\000&\004m\331+\270\264\303\375p9\031\371jN\326"
 2482      046DD92B 
 2482      B8B4C3FD 
 2482      703919F9 
 2482      6A4ED6
 2483 00c6 BED8DC28 		.ascii	"\276\330\334(\034p\315\005=xR\015z\264\2376x\301\001"
 2483      1C70CD05 
 2483      3D78520D 
 2483      7AB49F36 
 2483      78C101
 2484 00d9 8BE53BD9 		.ascii	"\213\345;\331\3559\352U\301\263jP\321Vl\360\242\353"
 2484      ED39EA55 
 2484      C1B36A50 
 2484      D1566CF0 
 2484      A2EB
 2485 00eb F8D975F4 		.ascii	"\370\331u\364\342E5\350\325\306|\214)\225\303\222\306"
 2485      E24535E8 
 2485      D5C67C8C 
 2485      2995C392 
 2485      C6
 2486 00fc EE7EF014 		.ascii	"\356~\360\024\314\265r\3264\377|\303\325\300\016\020"
 2486      CCB572D6 
 2486      34FF7CC3 
 2486      D5C00E10 
 2487 010c E693449B 		.ascii	"\346\223D\2334\201\031(\300S\370\200\307\250\007\236"
 2487      34811928 
 2487      C053F880 
 2487      C7A8079E 
 2488 011c A3012850 		.ascii	"\243\001(PV\226\213\321\332k\027ms\\Z\337\202\375\302"
 2488      56968BD1 
 2488      DA6B176D 
 2488      735C5ADF 
 2488      82FDC2
 2489 012f E895CC62 		.ascii	"\350\225\314bI\231\342p'\310!\246z\0134\364\357M\026"
 2489      4999E270 
 2489      27C821A6 
 2489      7A0B34F4 
 2489      EF4D16
 2490 0142 AF9B2265 		.ascii	"\257\233\"e\326\326ZH\362Y|\013^\341\272\350i\314f\350"
 2490      D6D65A48 
 2490      F2597C0B 
 2490      5EE1BAE8 
 2490      69CC66E8 
 2491 0156 903EBC26 		.ascii	"\220>\274&\347\"\306\032I\223,\276u\222L\030YZ|\033"
 2491      E722C61A 
 2491      49932CBE 
 2491      75924C18 
 2491      595A7C1B 
ARM GAS  C:\Users\angio\AppData\Local\Temp\ccBoW3RA.s 			page 94


 2492 016a 55989DC8 		.ascii	"U\230\235\310\277\271\355\251\230N\363u\323\226\033"
 2492      BFB9EDA9 
 2492      984EF375 
 2492      D3961B
 2493 0179 B6633DE6 		.ascii	"\266c=\346\310\321NQDG\023\253\377\343\235\016d\274"
 2493      C8D14E51 
 2493      444713AB 
 2493      FFE39D0E 
 2493      64BC
 2494 018b 235E12BC 		.ascii	"#^\022\274\317\346\363o7\341\347\211\347\353\374\352"
 2494      CFE6F36F 
 2494      37E1E789 
 2494      E7EBFCEA 
 2495 019b 66FC02F1 		.ascii	"f\374\002\361r\205?w\357\374J\251g\212K\264u;,f>I5\015"
 2495      72853F77 
 2495      EFFC4AA9 
 2495      678A4BB4 
 2495      753B2C66 
 2496 01b3 16C9C023 		.ascii	"\026\311\300#\014$\247\340\\\315\202\012\226\211W\004"
 2496      0C24A7E0 
 2496      5CCD820A 
 2496      96895704 
 2497 01c3 5FEF1CE8 		.ascii	"_\357\034\350}M\336\213\217\304{\005\337\300~c\364\353"
 2497      7D4DDE8B 
 2497      8FC47B05 
 2497      DFC07E63 
 2497      F4EB
 2498 01d5 FD1EFB3A 		.ascii	"\375\036\373:d96\376k\306B\355\007#\355Z\274/\336u2"
 2498      643936FE 
 2498      6BC642ED 
 2498      0723ED5A 
 2498      BC2FDE75 
 2499 01ea D51FD723 		.ascii	"\325\037\327#\247\364\344\240\221\210\306\324\336\224"
 2499      A7F4E4A0 
 2499      9188C6D4 
 2499      DE94
 2500 01f8 A126239D 		.ascii	"\241&#\235\335\315]\335G\367\267\035\016\206\203\235"
 2500      DDCD5DDD 
 2500      47F7B71D 
 2500      0E86839D 
 2501 0208 1DCDC74E 		.ascii	"\035\315\307N\264\037\3518\036\012\262}~\177\200\236"
 2501      B41FE938 
 2501      1E0AB27D 
 2501      7E7F809E 
 2502 0218 98C8D48D 		.ascii	"\230\310\324\215\266\326\326\326\200n\004\264\350P\300"
 2502      B6D6D6D6 
 2502      806E04B4 
 2502      E850C0
 2503 0227 48C6C4B7 		.ascii	"H\306\304\267w$\245\246T\303\037c\\\037I\354\334\250"
 2503      7724A5A6 
 2503      54C31F63 
 2503      5C1F49EC 
 2503      DCA8
 2504 0239 F80FA86A 		.ascii	"\370\017\250jx \032\0161\251/!\033\3613\252\254\017"
 2504      78201A0E 
 2504      31A92F21 
 2504      1BF133AA 
ARM GAS  C:\Users\angio\AppData\Local\Temp\ccBoW3RA.s 			page 95


 2504      AC0F
 2505 024b 0F9C9687 		.ascii	"\017\234\226\207\342\303\203\377\000|\2636@"
 2505      E2C383FF 
 2505      007CB336 
 2505      40
 2506              		.text
 2507              		.section	.gnu.lto_oqResetI.412.1f2b1718,"e",%progbits
 2508 0000 789C9552 		.ascii	"x\234\225RKh\023Q\024\275\347\335I\246\361\267t\251"
 2508      4B681351 
 2508      14BDE7DD 
 2508      49A6F1B7 
 2508      74A9
 2509 0012 15045168 		.ascii	"\025\004QhbjL\300m(n\374@[w\301\022\323\221\004\205"
 2509      626A4CC0 
 2509      6D286EFC 
 2509      405B77C1 
 2509      12D39104 
 2510 0027 B41983BB 		.ascii	"\264\031\203\273\346Y\177\220M\264\272\324\200a\324"
 2510      E6597F90 
 2510      4DB4BAD4 
 2510      8061D4
 2511 0036 AE74A3B5 		.ascii	"\256t\243\265\325j\243R\212n\024A\\).\024\\\325\340"
 2511      D56AA352 
 2511      8A6E1441 
 2511      5C292E14 
 2511      5CD5E0
 2512 0049 4AB112EF 		.ascii	"J\261\022\357\233$\266\213\022\3601s\337\273\227s\316"
 2512      9B24B68B 
 2512      12F03173 
 2512      DFBB9773 
 2512      CE
 2513 005a 3DEF7357 		.ascii	"=\357sW\021M\020\321\016\371\211\011SW\313\212\232\315"
 2513      114D10D1 
 2513      0EF98909 
 2513      5357CB8A 
 2513      9ACD
 2514 006c 66C95238 		.ascii	"f\311R8\267\023s\360\327\240\222B\011\327x\267\326\372"
 2514      B71373F0 
 2514      D7A09242 
 2514      09D778B7 
 2514      D6FA
 2515 007e E7EDEABD 		.ascii	"\347\355\352\2757\320\323uxLTej\215\033\214)\366\030"
 2515      37D0D375 
 2515      784C5465 
 2515      6A8D1B8C 
 2515      29F618
 2516 0091 B0DA2B85 		.ascii	"\260\332+\205^Y\361(\355\252k\375vaV\353\020y\314x\004"
 2516      5E59F128 
 2516      EDAA6BFD 
 2516      766156EB 
 2516      1079CC78 
 2517 00a6 E1600678 		.ascii	"\341`\006x\0102\205\354\214M\024\354(I\215\356\277\013"
 2517      083285EC 
 2517      8C4D14EC 
 2517      28498DEE 
 2517      BF0B
 2518 00b8 D4F54AB3 		.ascii	"\324\365J\263\242\365\327/x\026\331\002\201Y\312\004"
ARM GAS  C:\Users\angio\AppData\Local\Temp\ccBoW3RA.s 			page 96


 2518      A2F5D72F 
 2518      7816D902 
 2518      8159CA04 
 2519 00c8 36C13221 		.ascii	"6\3012! !\020\224\020\264%\330!`V\250\0256\346\375\261"
 2519      20211094 
 2519      10B425D8 
 2519      216056A8 
 2519      1536E6FD 
 2520 00dd 5DD22BAC 		.ascii	"]\322+\254VS\3202&\347\347>~\010\324\030m\217\014\343"
 2520      5653D032 
 2520      26E7E73E 
 2520      7E08D418 
 2520      6D8F0CE3 
 2521 00f1 FB0E645B 		.ascii	"\373\016d[=\036\367\3248\204\307\240\275\255\324\302"
 2521      3D1EF7D4 
 2521      3884C7A0 
 2521      BDADD4C2 
 2522 0101 13DCF44D 		.ascii	"\023\334\364M\011\261Q^T\035\3504\257\203}*Xi)\332~"
 2522      09B1515E 
 2522      541DE834 
 2522      AF837D2A 
 2522      586929DA 
 2523 0116 9F5F7E1F 		.ascii	"\237_~\037\325M}\341?\324\237\013V\031u\325\332\305"
 2523      D54D7DE1 
 2523      3FD49F0B 
 2523      561975D5 
 2523      DAC5
 2524 0128 A72551E7 		.ascii	"\247%Q\347n\352/\205\301-\365\371P\215\255n\330\305"
 2524      6EEA2F85 
 2524      C12DF5F9 
 2524      508DAD6E 
 2524      D8C5
 2525 013a 7F4ECE3F 		.ascii	"\177N\316?\270\204\032\033m\241\030\356\312e\311\203"
 2525      B8841A1B 
 2525      6DA118EE 
 2525      CA65C983 
 2526 014a 5292E445 		.ascii	"R\222\344E\243\374~}\233\267|\241\020\226D\31026\203"
 2526      A3FC7E7D 
 2526      9BB77CA1 
 2526      109644C8 
 2526      323683
 2527 015d 867BBDFC 		.ascii	"\206{\275\374\375\267P\355\016\345\333\266U\212\324"
 2527      FDB750ED 
 2527      0EE5DBB6 
 2527      558AD4
 2528 016c DAED37E0 		.ascii	"\332\3557\340\225\260\002D\027|\214\274*\033\257\345"
 2528      95B00244 
 2528      177C8CBC 
 2528      2A1BAFE5 
 2529 017c 241BB8D8 		.ascii	"$\033\270\330+5\345\361\306j\353dmse\2330\341\361f\372"
 2529      2B35E5F1 
 2529      C66AEB64 
 2529      6D73659B 
 2529      30E1F166 
 2530 0191 81C9CF7F 		.ascii	"\201\311\317\177\216\373/\257\302X{\351D\361\344\201"
 2530      8EFB2FAF 
 2530      C2587BE9 
ARM GAS  C:\Users\angio\AppData\Local\Temp\ccBoW3RA.s 			page 97


 2530      44F1E481 
 2531 01a1 54329B3B 		.ascii	"T2\233;\221\033:S\034\315\345Sg\363\205S\356X:\343\214"
 2531      911B3A53 
 2531      1CCDE553 
 2531      67F38553 
 2531      EE583AE3 
 2532 01b6 145DA790 		.ascii	"\024]\247\220\032\034\356\033\032>\274\257\377`,\021"
 2532      1A1CEE1B 
 2532      1A3EBCAF 
 2532      FF602C11 
 2533 01c6 1B1CE83B 		.ascii	"\033\034\350;r,yh\340h<F{\302\341\210|\031\303\314\273"
 2533      722C7968 
 2533      E0683C46 
 2533      7BC2E188 
 2533      7C19C3CC 
 2534 01db FDD16834 		.ascii	"\375\321h4\222w#\331\364\351\210[\310\230yd\274\350"
 2534      927723D9 
 2534      F4E9885B 
 2534      C8987964 
 2534      BCE8
 2535 01ed 141D379C 		.ascii	"\024\0357\234!\316\217\217m][\011\357w\234\304\311t"
 2535      21CE8F8F 
 2535      6D5D5B09 
 2535      EF779CC4 
 2535      C974
 2536 01ff 224E7F01 		.ascii	"\"N\177\001\037\301\376\363"
 2536      1FC1FEF3 
 2537              		.text
 2538              		.section	.gnu.lto_oqPutI.413.1f2b1718,"e",%progbits
 2539 0000 789C7D54 		.ascii	"x\234}TmHSa\024~\317}\357\356\3076\013\005\003\373Q"
 2539      6D485361 
 2539      147ECF7D 
 2539      EFEEC736 
 2539      0B0503FB 
 2540 0015 414414E8 		.ascii	"AD\024\350\374X\032\375*\244\372\323\007\364\361O\020"
 2540      FC581AFD 
 2540      2AA4FAD3 
 2540      07F4F14F 
 2540      10
 2541 0026 3F269382 		.ascii	"?&\223\202\251k\364+\366js\206F9#4\321\250\333\372\242"
 2541      A96BF42B 
 2541      F66A7386 
 2541      46392334 
 2541      D1A8DBFA 
 2542 003b 1F62186A 		.ascii	"\037b\030j\231X\026\022\021}P\364#\032\021\004IQK(3"
 2542      99581612 
 2542      117D50F4 
 2542      231A1104 
 2542      49514B28 
 2543 0050 C475DEF7 		.ascii	"\304u\336\367ns\351\332\345\336s\337\363\3569\317s\316"
 2543      6E73E9DA 
 2543      E5DE73DF 
 2543      F3EE39CF 
 2543      73CE
 2544 0062 79CF5D44 		.ascii	"y\317]D&\204\021Bn\341Cl\004\272B\355\022\211\305b~"
 2544      26841142 
 2544      6EE1436C 
ARM GAS  C:\Users\angio\AppData\Local\Temp\ccBoW3RA.s 			page 98


 2544      04BA42ED 
 2544      1289C562 
 2545 0077 59829E2E 		.ascii	"Y\202\236.\343\307\227\201]p\017\304\006\225\002!\233"
 2545      E3C79781 
 2545      5D700FC4 
 2545      06950221 
 2545      9B
 2546 0088 58B58656 		.ascii	"X\265\206V\210\267\014\347\223p\213\024\014uH\011l["
 2546      88B70CE7 
 2546      93708B14 
 2546      0C754809 
 2546      6C5B
 2547 009a 1CA14077 		.ascii	"\034\241@w\022\241B/\022\236\032\214j\011\224&\235\214"
 2547      12A1422F 
 2547      129E1A8C 
 2547      6A099426 
 2547      9D8C
 2548 00ac 335EE8FC 		.ascii	"3^\350\374hn\351\002\3241\350\026\236\025\23253\030"
 2548      686EE902 
 2548      D431E816 
 2548      9E159A35 
 2548      3318
 2549 00be 885FA2B2 		.ascii	"\210_\242\262EQ5\335\012~8G\373(t\3210% \307W\000\353"
 2549      455135DD 
 2549      0A7E3847 
 2549      FB2874D1 
 2549      302520C7 
 2550 00d5 3631C67E 		.ascii	"61\306~_\275\030\371\016}7&\3440\225\310E\004\334\001"
 2550      5FBD18F9 
 2550      0E7D3726 
 2550      E43095C8 
 2550      4504DC01 
 2551 00e9 18025E1E 		.ascii	"\030\002^\036\002i-\3318\301\330\213\361\021\306t\022"
 2551      02692DD9 
 2551      38C1D88B 
 2551      F111C674 
 2551      12
 2552 00fa A6148621 		.ascii	"\246\024\206!\005\203\033\356N\225\343\374&\356\335"
 2552      05831BEE 
 2552      4E95E3FC 
 2552      26EEDD
 2553 0109 106314B7 		.ascii	"\020c\024\267e\030\025\270\022(\344(\331\335\257\022"
 2553      651815B8 
 2553      1228E428 
 2553      D9DDAF12 
 2554 0119 A210CE8F 		.ascii	"\242\020\316\217\027F\302\006\326\312\242X\334\207\035"
 2554      1746C206 
 2554      D6CAA258 
 2554      DC871D
 2555 0128 CD5D0C96 		.ascii	"\315]\014\226i\223\201W\226\0116\037;\313\330\354\211"
 2555      69938157 
 2555      9609361F 
 2555      3BCBD8EC 
 2555      89
 2556 0139 48DF95D3 		.ascii	"H\337\225\323\260\032\220\310\"q\303\025\024\231\033"
 2556      B01A90C8 
 2556      2271C315 
ARM GAS  C:\Users\angio\AppData\Local\Temp\ccBoW3RA.s 			page 99


 2556      14991B
 2557 0148 0B370A37 		.ascii	"\0137\0127*7\0327<O\325\312\215\215\203\355h\244l\200"
 2557      2A371A37 
 2557      3C4FD5CA 
 2557      8D8D83ED 
 2557      68A46C80 
 2558 015c 11C8E1AB 		.ascii	"\021\310\341\253\\\200\273\220\307W\204\234\245\274"
 2558      5C80BB90 
 2558      C757849C 
 2558      A5BC
 2559 016a 59E25A0B 		.ascii	"Y\342Z\013\334\225\026] \235\224\246\272\337\340\341"
 2559      DC95165D 
 2559      209D94A6 
 2559      BADFE0E1 
 2560 017a D8DCAFB6 		.ascii	"\330\334\257\266\365x\030\006\205x\023)\360.]\003l\244"
 2560      F5781806 
 2560      85781329 
 2560      F02E5D03 
 2560      6CA4
 2561 018c 16A69A41 		.ascii	"\026\246\232A\263\341>\220\302\313\302\325a\034\372"
 2561      B3E13E90 
 2561      C2CBC2D5 
 2561      611CFA
 2562 019b 45C1DFE0 		.ascii	"E\301\337\340d_\360\275dP\274E\234\316O/\266\222\223"
 2562      645FF0BD 
 2562      6450BC45 
 2562      9CCE4F2F 
 2562      B69293
 2563 01ae 46DB2141 		.ascii	"F\333!Aq\303\236\206\343\201\311\201\261\210n\031\033"
 2563      71C39E86 
 2563      E381C981 
 2563      B1886E19 
 2563      1B
 2564 01bf 9DEDA606 		.ascii	"\235\355\246\006\245\351TMW\201I\214\000\241\332\022"
 2564      A5E9544D 
 2564      5781498C 
 2564      00A1DA12 
 2565 01cf 6D7F8392 		.ascii	"m\177\203\2222\006\360\034n\0071u\013\372x*\342\307"
 2565      3206F01C 
 2565      6E073175 
 2565      0BFA782A 
 2565      E2C7
 2566 01e1 A4F2677B 		.ascii	"\244\362g{\032\236\307&\017\206pt\357\364\252x\321\012"
 2566      1A9EC726 
 2566      0F867074 
 2566      EFF4AA78 
 2566      D10A
 2567 01f3 1033480A 		.ascii	"\0203H\012sj\031\246\000A\271\"\275\271\331)LO\311\224"
 2567      736A19A6 
 2567      0041B922 
 2567      BDB9D929 
 2567      4C4FC994 
 2568 0207 DE93C5F4 		.ascii	"\336\223\305\364\306n\2561\250\232\011\374\024\301x"
 2568      C66EAE31 
 2568      A89A09FC 
 2568      14C178
 2569 0216 52641A02 		.ascii	"Rd\032\002\221\311jdF\274\230\217N*\377{:\330\232\371"
ARM GAS  C:\Users\angio\AppData\Local\Temp\ccBoW3RA.s 			page 100


 2569      91C96A64 
 2569      46BC988F 
 2569      4E2AFF7B 
 2569      3AD89AF9 
 2570 022a 6ED5A05A 		.ascii	"n\325\240Z&\272gHG\023\255\371$%\033\237\225\006\373"
 2570      26BA6748 
 2570      4713ADF9 
 2570      24251B9F 
 2570      9506FB
 2571 023d 3C51BE26 		.ascii	"<Q\276&\344,\313\344\026x\251\372\377\345\254\360\022"
 2571      E42CCBE4 
 2571      1678A9FA 
 2571      FFE5ACF0 
 2571      12
 2572 024e 296433FB 		.ascii	")d3\373i\236\275\316\333g5\007\034)\225\245\224s\013"
 2572      699EBDCE 
 2572      DB673507 
 2572      1C2995A5 
 2572      94730B
 2573 0261 D791D29A 		.ascii	"\327\221\322\232\211\362u\2342\012\201K+19+>\331aj\023"
 2573      89F2759C 
 2573      320A814B 
 2573      2B31392B 
 2573      3ED9616A 
 2574 0276 84EA12C2 		.ascii	"\204\352\022\302\231\221G=[\015\232\307e%0E\265eC\375"
 2574      9991473D 
 2574      5B0D9AC7 
 2574      65253045 
 2574      B56543FD 
 2575 028a 7318456D 		.ascii	"s\030Em\231\346\370m|\216E\035u\0106g8Q\207\276T\366"
 2575      99E6F86D 
 2575      7C8E451D 
 2575      75083667 
 2575      385187BE 
 2576 02a0 F7E31EA7 		.ascii	"\367\343\036\247AsLY\277\300XS1_\241y;Y\217b\321\323"
 2576      41734C59 
 2576      BFC05853 
 2576      315FA179 
 2576      3B598F62 
 2577 02b6 830126E3 		.ascii	"\203\001&\343\034\331\343\177\015\374\232\001\234Y;"
 2577      1CD9E37F 
 2577      0DFC9A01 
 2577      9C593B
 2578 02c5 2EFE801D 		.ascii	".\376\200\035\223W\317\204\202g@|v9\372x(\230\205\037"
 2578      9357CF84 
 2578      8267407C 
 2578      7639FA78 
 2578      2898851F 
 2579 02d9 2AA47EB7 		.ascii	"*\244~\267\204\224\226o\253(w\327W\327\037<\346\253"
 2579      8494966F 
 2579      AB2877D7 
 2579      57D71F3C 
 2579      E6AB
 2580 02eb ADF7541C 		.ascii	"\255\367T\034\3674\035\3616T\325\270*}^WS\305\201C\371"
 2580      F7341DF1 
 2580      3654D5B8 
 2580      2A7D5E57 
ARM GAS  C:\Users\angio\AppData\Local\Temp\ccBoW3RA.s 			page 101


 2580      53C58143 
 2581 0300 070FED2D 		.ascii	"\007\017\355-)\336\355,s\036\330\231\277\357p\371\236"
 2581      29DEED2C 
 2581      731ED899 
 2581      BFEF70F9 
 2581      9E
 2582 0311 9DFB4B9D 		.ascii	"\235\373K\235dsA\201\003\357\032\036\351\361\026\027"
 2582      64734181 
 2582      03EF1A1E 
 2582      E9F11617 
 2583 0321 1515393C 		.ascii	"\025\0259<^\207\273\352\250\303\333T\303\337\225\215"
 2583      5E87BBEA 
 2583      A8C3DB54 
 2583      C3DF958D 
 2584 0331 3E97CFE5 		.ascii	">\227\317\345-\250!\324\323\330\260*u\247`\213\313U"
 2584      2DA821D4 
 2584      D3D8B02A 
 2584      75A7608B 
 2584      CB55
 2585 0343 56575556 		.ascii	"VWUVJ\240\372/R\030\011\350"
 2585      4AA0FA2F 
 2585      521809E8 
 2586              		.text
 2587              		.section	.gnu.lto_oqPutTimeout.414.1f2b1718,"e",%progbits
 2588 0000 789C7D54 		.ascii	"x\234}TkL\034U\024\276\347\236\231\331\331\007\224*"
 2588      6B4C1C55 
 2588      14BEE79E 
 2588      99D9D907 
 2588      942A
 2589 0012 5A632014 		.ascii	"Zc \024Mc4\226\205\026\301\030\177hH51>\222\266\376"
 2589      4D633496 
 2589      8516C118 
 2589      7F684835 
 2589      313E92B6 
 2590 0027 2336946E 		.ascii	"#6\224n]\242\315\266,\033\375\307lY\266q\213\201]\037"
 2590      5DA2CDB6 
 2590      2C1BFDC7 
 2590      6C59B671 
 2590      8B815D1F 
 2591 003b 1990129D 		.ascii	"\031\220\022\235\256\206\376j\266b\004]\225\2105\015"
 2591      AE86FE6A 
 2591      B662045D 
 2591      9588350D 
 2592 004b 91D8D447 		.ascii	"\221\330\324G\2155\204\200QHZ\2726\032\301T\361\334"
 2592      8D358480 
 2592      51485ABA 
 2592      361AC154 
 2592      F1DC
 2593 005d 3BBBCBB2 		.ascii	";\273\313\262\342Nf\316\314=\363\235\357|\347\334\307"
 2593      E24E66CE 
 2593      CC3DF39D 
 2593      EF7CE7DC 
 2593      C7
 2594 006e FD1A637D 		.ascii	"\375\032c}\214\261o\350a\036\006\211x\214\263\265\265"
 2594      8CB16FE8 
 2594      611E0689 
 2594      788CB3B5 
ARM GAS  C:\Users\angio\AppData\Local\Temp\ccBoW3RA.s 			page 102


 2594      B5
 2595 007f B56E85C3 		.ascii	"\265n\205\303\033\361\330\327}\247\037\203O@:\220G\342"
 2595      1BF1D8D7 
 2595      7DA71F83 
 2595      4F403A90 
 2595      47E2
 2596 0091 27394CDA 		.ascii	"'9L\332\243\336x\271|+\360V\302\372m&\365\262\034\251"
 2596      A3DE78B9 
 2596      7C2BF056 
 2596      C2FA6D26 
 2596      F5B21CA9 
 2597 00a5 BC4760B2 		.ascii	"\274G`\262\021\321,F\343'\342n\371e\016\314\333\277"
 2597      11D12C46 
 2597      E327E26E 
 2597      F9650ECC 
 2597      DBBF
 2598 00b7 1C6026AC 		.ascii	"\034`&\254Z;\223\316\007\007\316\325\346\202\206r\020"
 2598      5A3B93CE 
 2598      0707CED5 
 2598      E6828672 
 2598      10
 2599 00c8 270CE521 		.ascii	"'\014\345!.\231\345zjQ\317\301\334\020\326\355\177\300"
 2599      2E99E57A 
 2599      6A51CFC1 
 2599      DC10D6ED 
 2599      7FC0
 2600 00da BA392AAA 		.ascii	"\2729*\252\346\320\235.7ts\225\255_\257\3410B\002\223"
 2600      E6D09D2E 
 2600      37747395 
 2600      AD5FAFE1 
 2600      30420293 
 2601 00ee C840C97E 		.ascii	"\310@\311~\001l\277\3270\214\225wG\322\251\252\341\321"
 2601      016CBFD7 
 2601      308C9577 
 2601      47D2A9AA 
 2601      E1D1
 2602 0100 4925899C 		.ascii	"I%\211\234\215\020\340\003\2001\020A\004\304C\354\236"
 2602      8D10E003 
 2602      80311041 
 2602      04C443EC 
 2602      9E
 2603 0111 49C3B8F8 		.ascii	"I\303\270\370\325\270a8Y\022\021>\204\002\0149\374\323"
 2603      D5B86138 
 2603      5912113E 
 2603      84020C39 
 2603      FCD3
 2604 0123 9AC075DB 		.ascii	"\232\300u\333\270\2451\303@r+0!q\273\241^\240\024\377"
 2604      B8A531C3 
 2604      40722B30 
 2604      2171BBA1 
 2604      5EA014FF 
 2605 0137 65890A83 		.ascii	"e\211\012\203\015\213\365\2340*(\241\012\037o\244S\375"
 2605      0D8BF59C 
 2605      302A28A1 
 2605      0A1F6FA4 
 2605      53FD
 2606 0149 F3341174 		.ascii	"\3634\021t\223\2271\0201\257\200\020\262\203\244f\246"
ARM GAS  C:\Users\angio\AppData\Local\Temp\ccBoW3RA.s 			page 103


 2606      93973110 
 2606      31AF8010 
 2606      B283A466 
 2606      A6
 2607 015a 5357E7C0 		.ascii	"SW\347\300H\030@R\341S\330 \326\237\3214\006\237\001"
 2607      48184052 
 2607      E153D820 
 2607      D69FD134 
 2607      069F01
 2608 016d A3C630FF 		.ascii	"\243\3060\377u\215\234|\207\321kdfR+s\217\206\355\240"
 2608      758D9C7C 
 2608      87D16B64 
 2608      66522B73 
 2608      8F86EDA0 
 2609 0181 8DF509F8 		.ascii	"\215\365\011\370\331K\352\244qs\255\3370~=\011\251\367"
 2609      D94BEAA4 
 2609      7173ADDF 
 2609      307E3D09 
 2609      A9F7
 2610 0193 C76F9AFC 		.ascii	"\307o\232\374. !\032'\343\020\2458\024aT2\272&\214C"
 2610      2E20211A 
 2610      27E310A5 
 2610      38146154 
 2610      32BA268C 
 2611 01a8 185D18D1 		.ascii	"\030]\030\321\020\335%\214\233\214\323#L\031\031^\011"
 2611      10DD258C 
 2611      9B8CD323 
 2611      4C19195E 
 2611      09
 2612 01b9 300EDB00 		.ascii	"0\016\333\000>\202*1\254\006HC\215\310V+\206\214\365"
 2612      3E822A31 
 2612      AC064843 
 2612      8DC8562B 
 2612      868CF5
 2613 01cc A3983179 		.ascii	"\243\2301y\325\220\222\001\344\353C`\031\350\231\373"
 2613      D5909201 
 2613      E4EB4360 
 2613      19E899FB 
 2614 01dc 7BDE0451 		.ascii	"{\336\004QH\004x\022]#(\233\343f\002\213\205\330e8\376"
 2614      48047812 
 2614      5D23289B 
 2614      E366028B 
 2614      85D86538 
 2615 01f1 7AEC72DF 		.ascii	"z\354r\337\351'h9Z\010\331\251E\331\262\367\200z\266"
 2615      E9276839 
 2615      5A08D9A9 
 2615      45D9B2F7 
 2615      807AB6
 2616 0204 E84DA2C7 		.ascii	"\350M\242\307\302J\230\222\276zr\351I,\203/\340\224"
 2616      C24A9892 
 2616      BE7A72E9 
 2616      492C832F 
 2616      E094
 2617 0216 E8704462 		.ascii	"\350pDb*\251^8O92\320\273\335\302\032\231\265|DH%R\013"
 2617      2AA95E38 
 2617      4F3932D0 
 2617      BBDDC21A 
ARM GAS  C:\Users\angio\AppData\Local\Temp\ccBoW3RA.s 			page 104


 2617      99B57C44 
 2618 022e AB93B885 		.ascii	"\253\223\270\205-A\344\312\324\331/\303H\000\221\204"
 2618      2D41E4CA 
 2618      D4D92FC3 
 2618      48009184 
 2619 023e DB3D2445 		.ascii	"\333=$EJ\261\372\301\205\007\363\312\321VNB\337\\\375"
 2619      4AB1FAC1 
 2619      8507F3CA 
 2619      D1564E42 
 2619      DF5CFD
 2620 0251 C57CD8C2 		.ascii	"\305|\330\302Z\212g\003\334\270\240\310`uc9\237\247"
 2620      5A8A6703 
 2620      DCB8A0C8 
 2620      60756339 
 2620      9FA7
 2621 0263 577F36C7 		.ascii	"W\1776\307\024\252\335B\236+B_\257\241\376\0359\254"
 2621      14AADD42 
 2621      9E2B425F 
 2621      AFA1FE1D 
 2621      39AC
 2622 0275 80692A40 		.ascii	"\200i*@( Y\213S\207\011,4U\3445i\305\264\023\327L\342"
 2622      2820598B 
 2622      5387092C 
 2622      3455E435 
 2622      69C5B413 
 2623 028c C0529433 		.ascii	"\300R\2243Y\312e\350\031\216\316p\013\025\012\260i\005"
 2623      59CA65E8 
 2623      198ECE70 
 2623      0B150AB0 
 2623      6905
 2624 029e D316C193 		.ascii	"\323\026\301\223\211A\216b\0247\341\270hsP\254(9\275"
 2624      89418E62 
 2624      1437E1B8 
 2624      687350AC 
 2624      2839BD
 2625 02b1 7ACD2CB7 		.ascii	"z\315,\267P\335,\253=\324\341\022Ep\231\365x&v\236\262"
 2625      50DD2CAB 
 2625      3DD4E112 
 2625      457099F5 
 2625      7826769E 
 2626 02c6 6A142034 		.ascii	"j\024 4\234\213R\017\0344\246=$\177\3463/\342&<\337"
 2626      9C8B520F 
 2626      1C34A63D 
 2626      247FE633 
 2626      2FE2263C 
 2627 02db DA3C1422 		.ascii	"\332<\024\"\320CK\267e\027\203\016\314\016\242\015\240"
 2627      D0434BB7 
 2627      6517830E 
 2627      CC0EA20D 
 2627      A0
 2628 02ec 08B6EF81 		.ascii	"\010\266\357\201@\333\244\274\211e\263\321B\275\224"
 2628      40DBA4BC 
 2628      8965B3D1 
 2628      42BD94
 2629 02fb BC1FD6E5 		.ascii	"\274\037\326\345\245\317T[\350,\005\376\221\300hO\312"
 2629      A5CF545B 
 2629      E82C05FE 
ARM GAS  C:\Users\angio\AppData\Local\Temp\ccBoW3RA.s 			page 105


 2629      91C0684F 
 2629      CA
 2630 030c ECD49DC4 		.ascii	"\354\324\235\304L\370\354\2048\212\226mzu\331|\316B"
 2630      4CF8EC84 
 2630      388A966D 
 2630      7A75D97C 
 2630      CE42
 2631 031e 5729BA9F 		.ascii	"W)\272\237\210N\311\265\346\273\374r\030\365l\202\235"
 2631      884EC9B5 
 2631      E6BBFC72 
 2631      18F56C82 
 2631      9D
 2632 032f CD95EF92 		.ascii	"\315\225\357\222\351\364\377\244\373]\224\352\376\377"
 2632      E9F4FFA4 
 2632      FB5D94EA 
 2632      FEFF
 2633 033d 745B618E 		.ascii	"t[a\216(T[\375\222P\357\026\355\333\232_R\316b\312\211"
 2633      28545BFD 
 2633      9250EF16 
 2633      EDDB9A5F 
 2633      52CE62CA 
 2634 0352 3FCC7A0B 		.ascii	"?\314z\013=\245(\027\262\224\031\210\274\355&q\036z"
 2634      3DA52817 
 2634      B2941988 
 2634      BCED2671 
 2634      1E7A
 2635 0364 68B7DD22 		.ascii	"h\267\335\"\011]\305\373\346\312\302\035\233\354\233"
 2635      095DC5FB 
 2635      E6CAC21D 
 2635      9BEC9B
 2636 0373 1B2B7F0A 		.ascii	"\033+\177\012\351Up\001d\230\2730\354*\204\037aw\213"
 2636      E9557001 
 2636      6498BB30 
 2636      EC2A841F 
 2636      61778B
 2637 0386 C3712515 		.ascii	"\303q%\0251\024\212\275\325>;\345u\003h=\225\321\307"
 2637      31148ABD 
 2637      D53E3BE5 
 2637      7503683D 
 2637      95D1C7
 2638 0399 5F50463B 		.ascii	"_PF;O\231\035\214\366\203<*\252\\\377\234\212\276*\317"
 2638      4F991D8C 
 2638      F6833C2A 
 2638      AA5CFF9C 
 2638      8ABE2ACF 
 2639 03ad 987E84C2 		.ascii	"\230~\204\302\323\210\261\246\226\207Z[\374\035\007"
 2639      D388B1A6 
 2639      96875A5B 
 2639      FC1D07
 2640 03bc 3BF67585 		.ascii	";\366u\205\016u\004Z_\012t\276\020<\332\326\356;\020"
 2640      0E75045A 
 2640      5F0A74BE 
 2640      103CDAD6 
 2640      EE3B10
 2641 03cf 0AFA3A5B 		.ascii	"\012\372:[\367\356\337\271o\377S\273w=\336\330\334\270"
 2641      F7EEDFB9 
 2641      6FFF53BB 
ARM GAS  C:\Users\angio\AppData\Local\Temp\ccBoW3RA.s 			page 106


 2641      773DDED8 
 2641      DCB8
 2642 03e1 77CFCEA7 		.ascii	"w\317\316\247\237myr\3173M\215\354\276\272:/\335\355"
 2642      9F6D7972 
 2642      CF334D8D 
 2642      ECBEBA3A 
 2642      2FDDED
 2643 03f4 223210DC 		.ascii	"\"2\020\334\325\320\320\340\015\004\275\376\266\027"
 2643      D5D0D0E0 
 2643      0D04BDFE 
 2643      B617
 2644 0402 BDC1CE76 		.ascii	"\275\301\316v\361>p,\344\013\371\202u\355\014\003\307"
 2644      F13E702C 
 2644      E40BF982 
 2644      75ED0C03 
 2644      C7
 2645 0413 8EDE5EE8 		.ascii	"\216\336^\350\251{\300\347k>\334\326\334\304\340\240"
 2645      A97BC0E7 
 2645      6B3EDCD6 
 2645      DCC4E0A0 
 2646 0423 A3ABE388 		.ascii	"\243\253\343\210/\020\352\302#\301\347\377\005\360="
 2646      2F10EAC2 
 2646      23C1E7FF 
 2646      05F03D
 2647 0432 825C     		.ascii	"\202\\"
 2648              		.text
 2649              		.section	.gnu.lto_oqGetI.415.1f2b1718,"e",%progbits
 2650 0000 789C7D54 		.ascii	"x\234}T}h[U\024\277\347\236\367^^>[ak\241\270\271\241"
 2650      7D685B55 
 2650      14BFE79E 
 2650      F75E5E3E 
 2650      5B616BA1 
 2651 0017 433659BA 		.ascii	"C6Y\272n\265\225\201\240\224\341?~\3006\377+\214\266"
 2651      6EB59581 
 2651      A094E13F 
 2651      7EC036FF 
 2651      2B8CB6
 2652 002a CB48D191 		.ascii	"\313H\321\221\256Y\361\317\274\3306\225\214\255M\024"
 2652      AE59F1CF 
 2652      BCD83695 
 2652      8CAD4D14 
 2653 003a 69BA5AF0 		.ascii	"i\272Z\360\031\245\242\242.\033k\265\216\272\"l\340"
 2653      19A5A2A2 
 2653      2E1B6BB5 
 2653      8EBA226C 
 2653      E0
 2654 004b B63286DB 		.ascii	"\2662\206\333d\233C\020;\320.\026\005\225B=\347\276"
 2654      649B4310 
 2654      3BD02E16 
 2654      0595423D 
 2654      E7BE
 2655 005d 9736AD25 		.ascii	"\2276\255%\341\345\274w\276~\347w\317=\367\376\256\013"
 2655      E1E5BC77 
 2655      BE7EE777 
 2655      CF3DF7FE 
 2655      AE0B
 2656 006f F19610E2 		.ascii	"\361\226\020\342\022\375E@@6\223\226bii)\241I\331\233"
ARM GAS  C:\Users\angio\AppData\Local\Temp\ccBoW3RA.s 			page 107


 2656      12FD4540 
 2656      40369396 
 2656      62696929 
 2656      A149D99B 
 2657 0083 39216112 		.ascii	"9!a\022\224\326\237\011\2517\312\276\214\177\225E\203"
 2657      94D69F09 
 2657      A937CABE 
 2657      8C7F9545 
 2657      83
 2658 0094 7733E99B 		.ascii	"w3\351\233\271^Ci:k.\202!\007\312\020F\206~v><rx\350"
 2658      B95E4369 
 2658      3A6B2E82 
 2658      2107CA10 
 2658      46867E76 
 2659 00ad CC569872 		.ascii	"\314V\230r\264\\\311lB.kou2\275p:k\377\361Y\241h\226"
 2659      B45CC96C 
 2659      422E6B6F 
 2659      7532BD70 
 2659      3A6BFFF1 
 2660 00c5 C27CCA32 		.ascii	"\302|\3122Q\2303Kx~H\232N4\210\204DM7<\246\327\347\207"
 2660      5198334B 
 2660      787E489A 
 2660      4E348884 
 2660      444D373C 
 2661 00dd 04BC8DA3 		.ascii	"\004\274\215\243\010Y\314\243\000\315\375\002\330\262"
 2661      0859CCA3 
 2661      00CDFD02 
 2661      D8B2
 2662 00eb DDB2ACBF 		.ascii	"\335\262\254\277?\034;Yxtt|Z\313\243\024c\024p\016\340"
 2662      3F1C3B59 
 2662      7874747C 
 2662      5ACBA314 
 2662      6314700E 
 2663 0100 2CF0DA29 		.ascii	",\360\332)\020\017\213'\247-k\366\302\204eyE\036\021"
 2663      100F8B27 
 2663      A72D6BF6 
 2663      C2846579 
 2663      451E11
 2664 0113 CE43590C 		.ascii	"\316CY\014\031\242c\206\020\364\220U\010\340\224\004"
 2664      19A26386 
 2664      10F49055 
 2664      08E09404 
 2665 0123 276EA3AC 		.ascii	"'n\243\254\342\351\302\237\263`\245,\310\243\006_\251"
 2665      E2E9C29F 
 2665      B360A52C 
 2665      C8A3065F 
 2665      A9
 2666 0134 C43DB08B 		.ascii	"\304=\260\213\241\243\237\032\206\200\257A\020u\021"
 2666      A1A39F1A 
 2666      8680AF41 
 2666      107511
 2667 0143 FDC4202C 		.ascii	"\375\304 ,f\210I\020\333\254\244U\034)\334\277\377|"
 2667      66884910 
 2667      DBACA455 
 2667      1C29DCBF 
 2667      FF7C
 2668 0155 32CB993A 		.ascii	"2\313\231:|\003\253hQD\277U\244N\224\"\326\320f\334"
ARM GAS  C:\Users\angio\AppData\Local\Temp\ccBoW3RA.s 			page 108


 2668      7C03AB68 
 2668      5144BF55 
 2668      A44E9422 
 2668      D6D066DC 
 2669 0169 CFAFEBD3 		.ascii	"\317\257\353\323\326\342\322\240e=\034\206//\377z\345"
 2669      D6E2D2A0 
 2669      653D1C86 
 2669      2F2FFF7A 
 2669      E5
 2670 017a 91CD406C 		.ascii	"\221\315@l\015\311\002Ix4\022\246\316\302`\325\303\302"
 2670      0DC90249 
 2670      783412A6 
 2670      CEC260D5 
 2670      C3C2
 2671 018c 642F2FD3 		.ascii	"d//\323\360\261\360\263\010\260\010\262\010\221\360"
 2671      F0B1F0B3 
 2671      08B008B2 
 2671      0891F0
 2672 019b 5691D0AB 		.ascii	"V\221\320\253I\310\015\000\023\260\221\325\032\026\265"
 2672      49C80D00 
 2672      13B091D5 
 2672      1A16B5
 2673 01aa 6CABE3DA 		.ascii	"l\253\343\332\233\370K\210A\344\255P\277\307\210\327"
 2673      9BF84B88 
 2673      41E4AD50 
 2673      BFC788D7 
 2674 01ba 10CA1515 		.ascii	"\020\312\025\025\304<\27495y%\367\205F\015\260\021\334"
 2674      C43CBC39 
 2674      357925F7 
 2674      85460DB0 
 2674      11DC
 2675 01cc 3D41E0DE 		.ascii	"=A\340\336}\004\264/f\036}6n\200i\020\273\034\325\200"
 2675      7D04B42F 
 2675      661E7D36 
 2675      6E806910 
 2675      BB1CD580 
 2676 01e0 6FE13DEE 		.ascii	"o\341=\356\262J\366\332(+\305\316P,\267\343\001\364"
 2676      B24AF6DA 
 2676      282BC5CE 
 2676      502CB7E3 
 2676      01F4
 2677 01f2 CDB55005 		.ascii	"\315\265P\005\2339\011\346\201e<`\036.2\024\256\007"
 2677      9B3909E6 
 2677      81653C60 
 2677      1E2E3214 
 2677      AE07
 2678 0204 F5BE52FD 		.ascii	"\365\276R\375\360\035AI\007\352\001A!3\365;\255&8\255"
 2678      F01D4149 
 2678      07EA0141 
 2678      2133F53B 
 2678      AD2638AD 
 2679 0218 0C0E89D9 		.ascii	"\014\016\211\331\202i\343FxJ\371\3642\237\346\372j`"
 2679      8269E346 
 2679      784AF9F4 
 2679      329FE6FA 
 2679      6A60
 2680 022a 87F21965 		.ascii	"\207\362\031e>\203|\213\003\304Q\263\261\212\2277<\360"
ARM GAS  C:\Users\angio\AppData\Local\Temp\ccBoW3RA.s 			page 109


 2680      3E837C8B 
 2680      03C451B3 
 2680      B18A9737 
 2680      3CF0
 2681 023c AC8D3AE9 		.ascii	"\254\215:\351\252\350L\035)\\\325t\252\376\013UTCK#"
 2681      AAE84C1D 
 2681      295CD574 
 2681      AAFE0B55 
 2681      54434B23 
 2682 0250 A1E992B0 		.ascii	"\241\351\222\260<\253[{q\352\366\325\234\244sb\243Q"
 2682      3CAB5B7B 
 2682      71EAF6D5 
 2682      9CA47362 
 2682      A351
 2683 0262 696197DD 		.ascii	"ia\227\335\205\315C\357h\352\256\264\321C\011\316\352"
 2683      85CD43EF 
 2683      68EAAEB4 
 2683      D14309CE 
 2683      EA
 2684 0273 144C310D 		.ascii	"\024L1\015\245\364\361\300:\371\337;\371\224\347\354"
 2684      A5F4F1C0 
 2684      3AF9DF3B 
 2684      F994E7EC 
 2685 0283 E7B5DC5E 		.ascii	"\347\265\334^\033\315J\273r\325\335\025\012/\246\377"
 2685      1BCD4ABB 
 2685      72D5DD15 
 2685      0A2FA6FF 
 2686 0293 A28AD47B 		.ascii	"\242\212\324{\223\353\237I\021Y\012\367\322\371P\316"
 2686      93EB9F49 
 2686      11590AF7 
 2686      D2F950CE 
 2687 02a3 E5CA73A1 		.ascii	"\345\312s\241upf\035\034JQ\335:A\335\252sg\210\316\222"
 2687      7570661D 
 2687      1C4A51DD 
 2687      3A41DDAA 
 2687      736788CE 
 2688 02b8 93478C35 		.ascii	"\223G\2145\006\274\016\316\304\374s-\367\214\215\376"
 2688      06BC0ECE 
 2688      C4FC732D 
 2688      F78C8DFE 
 2689 02c8 4AF46EAC 		.ascii	"J\364n\254\320\233\372x\263\215\201J\301?P0:cqo\246"
 2689      D09BFA78 
 2689      B38D814A 
 2689      C13F5030 
 2689      3A63716F 
 2690 02dd 9D9029DE 		.ascii	"\235\220)\336\235\011\363\177\243~#\327mc\260\022\334"
 2690      9D09F37F 
 2690      A37E23D7 
 2690      6D63B012 
 2690      DC
 2691 02ee 2D82D34A 		.ascii	"-\202\323J\255\371ey\266\307\203\353\304\376XZ~P\225"
 2691      ADF96579 
 2691      B6C783EB 
 2691      C4FE585A 
 2691      7E5095
 2692 0301 F3AE29F7 		.ascii	"\363\256)\367N\372\247\221\017\250\237\241e\220'V@\310"
 2692      4EFAA791 
ARM GAS  C:\Users\angio\AppData\Local\Temp\ccBoW3RA.s 			page 110


 2692      0FA89FA1 
 2692      65902756 
 2692      40C8
 2693 0313 E6E204E0 		.ascii	"\346\342\004\340\016\341\320m\337\247\372%\351x\303"
 2693      0EE1D06D 
 2693      DFA7FA25 
 2693      E978C3
 2694 0322 5D822D42 		.ascii	"]\202-B\377\026\262\221\036\034s\312\204\270\261!\276"
 2694      FF16B291 
 2694      1E1C73CA 
 2694      84B8B121 
 2694      BE
 2695 0333 41D4742E 		.ascii	"A\324t.\016<\034\351\245Y\331D]\027C\322\272\244)\032"
 2695      0E3C1CE9 
 2695      A559D944 
 2695      5D1743D2 
 2695      BAA4291A 
 2696 0347 BE353416 		.ascii	"\27654\026&\356\344\316:\007\274\226\001$$T\234\277"
 2696      26EEE4CE 
 2696      3A07BC96 
 2696      01242454 
 2696      9CBF
 2697 0359 3CEE3748 		.ascii	"<\3567H>'\036\247\372\305\311B\237\245Q\321j\347.U\277"
 2697      3E271EA7 
 2697      FAC5C942 
 2697      9FA551D1 
 2697      6AE72E55 
 2698 036e 05A019A9 		.ascii	"\005\240\031\251V#_M\365\274\367\316\245N\201\032\354"
 2698      56235F4D 
 2698      F5BCF7CE 
 2698      A54E811A 
 2698      EC
 2699 037f 5ADFA9F3 		.ascii	"Z\337\251\363\251\223\300\367\347 B\371M#DS\313\336"
 2699      A993C0F7 
 2699      E72042F9 
 2699      4D234453 
 2699      CBDE
 2700 0391 D6966867 		.ascii	"\326\226hg{\347\201\343=\207;c\255o\304\272_\213w\265"
 2700      7BE781E3 
 2700      3D873B63 
 2700      AD6FC4BA 
 2700      5F8B77B5 
 2701 03a5 75440EF5 		.ascii	"uD\016\365\304#\335\255\373\017\356<p\360\245=\273_"
 2701      C423DDAD 
 2701      FB0FEE3C 
 2701      70F0A53D 
 2701      BB5F
 2702 03b7 686C6EDC 		.ascii	"hln\334\277o\347\313\257\266\274\270\357\225\246F\261"
 2702      BF6FE7CB 
 2702      AFB6BCB8 
 2702      EF95A646 
 2702      B1
 2703 03c8 231CAEA7 		.ascii	"#\034\256\247\247\2033c\361\335\015\015\015\365\261"
 2703      A7833363 
 2703      F1DD0D0D 
 2703      0DF5B1
 2704 03d7 787DB4ED 		.ascii	"x}\264\355\365\372xw\007\277\017\035\353\211\364D\342"
ARM GAS  C:\Users\angio\AppData\Local\Temp\ccBoW3RA.s 			page 111


 2704      F5FA7877 
 2704      07BF0F1D 
 2704      EB89F444 
 2704      E2
 2705 03e8 E10E81B1 		.ascii	"\341\016\201\261c]5\345\226\360\323\221H\363\221\266"
 2705      635D35E5 
 2705      96F0D391 
 2705      48F391B6 
 2706 03f8 E62601ED 		.ascii	"\346&\001\355\236\316#\307\217v\205\033\376\003\327"
 2706      9ECE23C7 
 2706      8F76851B 
 2706      FE03D7
 2707 0407 C16155   		.ascii	"\301aU"
 2708              		.text
 2709              		.section	.gnu.lto_oqWriteI.416.1f2b1718,"e",%progbits
 2710 0000 789C5D92 		.ascii	"x\234]\222_H\323Q\024\307\317\271\347\376~N\205\250"
 2710      5F48D351 
 2710      14C7CFB9 
 2710      E7FE7E4E 
 2710      85A8
 2711 0012 977A4C08 		.ascii	"\227zL\010\351\017\270e-\005\237\012\261z\350\017\250"
 2711      E90FB865 
 2711      2D059F0A 
 2711      B17AE80F 
 2711      A8
 2712 0023 BD0932E7 		.ascii	"\275\0112\347lR8\335\032\322\323\256:3\354\301f$\010"
 2712      6C5238DD 
 2712      1AD2D3AE 
 2712      3A33ECC1 
 2712      662408
 2713 0036 B987F12B 		.ascii	"\271\207\361+\202\036BV\244\2455Y\020=)\275\364\207"
 2713      821E4256 
 2713      A4A53559 
 2713      103D29BD 
 2713      F487
 2714 0048 82D18B0A 		.ascii	"\202\321\213\012f\243\002\015\202u\356oS7/\277\037\367"
 2714      66A3020D 
 2714      8275EE6F 
 2714      53372FBF 
 2714      1FF7
 2715 005a DEF3FB9C 		.ascii	"\336\363\373\234\363\375\236{\177i\0010\012\000W\371"
 2715      F3FD9E7B 
 2715      7F690130 
 2715      0A0057F9 
 2716 006a 8532C0F1 		.ascii	"\2052\300\361\330\250\200\\.\027\221B\014\305\356\010"
 2716      D8A8805C 
 2716      2E179142 
 2716      0CC5EE08 
 2717 007a 5C407B37 		.ascii	"\\@{7\034\333c\317$\242\261\312\222\210\304\373\333"
 2717      1CDB63CF 
 2717      24A2B1CA 
 2717      9288C4FB 
 2717      DB
 2718 008b 39064EC4 		.ascii	"9\006N\304F7\342\351\263[i&\016H{\201\020\021$\015\023"
 2718      4637E2E9 
 2718      B35B6926 
 2718      0E487B81 
ARM GAS  C:\Users\angio\AppData\Local\Temp\ccBoW3RA.s 			page 112


 2718      1011240D 
 2719 00a0 23788F1E 		.ascii	"#x\217\036\020\216\223E\200\262\260B\254:\232Rj\363"
 2719      108E9345 
 2719      80B2B042 
 2719      AC3A9A52 
 2719      6AF3
 2720 00b2 61FC53B2 		.ascii	"a\374S\262jah\370\274E\002\342\014<G|\206\332\032\203"
 2720      6A6168F8 
 2720      BC4502E2 
 2720      0C3C477C 
 2720      86DA1A83 
 2721 00c6 D4098719 		.ascii	"\324\011\207\031Zz?\243T9XD\370\002\213\030\016\370"
 2721      5A7A3FA3 
 2721      54395844 
 2721      F8028B18 
 2721      0EF8
 2722 00d8 170DCD45 		.ascii	"\027\015\315E\362\334\217\002'q\266\224\223\376\257"
 2722      F2DC8F02 
 2722      2771B694 
 2722      93FEAF
 2723 00e7 36378879 		.ascii	"67\210y\360\366\320\210\332+Y\022_\225\202\302\277b"
 2723      F0F6D088 
 2723      DA2B5912 
 2723      5F9582C2 
 2723      BF62
 2724 00f9 E4A5A3A8 		.ascii	"\344\245\243\250\247j\246\263_\222+\031T\343\012u\302"
 2724      A76AA6B3 
 2724      5F922B19 
 2724      54E30A75 
 2724      C2
 2725 010a 3C96B8F4 		.ascii	"<\226\270\364+S\323#;\364\347\344\237-\332\3007\273"
 2725      2B53D323 
 2725      3BF4E7E4 
 2725      9F2DDAC0 
 2725      37BB
 2726 011c E8DF8609 		.ascii	"\350\337\206\011\230B|\215\272Y\036\034\246\352\324"
 2726      98427C8D 
 2726      BA591E1C 
 2726      A6EAD4
 2727 012b B0CAAEB3 		.ascii	"\260\312\256\263\310\231\201\274H\351A\024\022\236~"
 2727      C89981BC 
 2727      48E94114 
 2727      129E7E
 2728 013a 3052EA5F 		.ascii	"0R\352_nL\251wS8=\275\2711)*\371\030gPj\300@|\211&\342"
 2728      6E4CA977 
 2728      53383DBD 
 2728      B931292A 
 2728      F9186750 
 2729 0155 1C3A80E1 		.ascii	"\034:\200\341\012\335\013\300\030\351[\262\307A\256"
 2729      0ADD0BC0 
 2729      18E95BB2 
 2729      C741AE
 2730 0164 7597C4CE 		.ascii	"u\227\304\316\026a\035\007\347\376\256M6$h\353V\310"
 2730      16611D07 
 2730      E7FEAE4D 
 2730      362468EB 
 2730      56C8
ARM GAS  C:\Users\angio\AppData\Local\Temp\ccBoW3RA.s 			page 113


 2731 0176 6EE3112A 		.ascii	"n\343\021*\245\036\037\260\310Lp$\215p\234\367\016\335"
 2731      A51E1FB0 
 2731      C84C7024 
 2731      8D709CF7 
 2731      0EDD
 2732 0188 CE5B9CB2 		.ascii	"\316[\234\262]g\361Vf~9\205\011rDQXT\026\347L`:AF\202"
 2732      5D67F156 
 2732      667E3985 
 2732      09724451 
 2732      585416E7 
 2733 01a2 4C8B1CB0 		.ascii	"L\213\034\260\212\321\325\364\223E\017#\272\262\310"
 2733      8AD1D5F4 
 2733      93450F23 
 2733      BAB2C8
 2734 01b1 B7C216A8 		.ascii	"\267\302\026\250\310\002\332\324w\256#5dlC\262\330g"
 2734      C802DAD4 
 2734      77AE2335 
 2734      646C43B2 
 2734      D867
 2735 01c3 16A3998F 		.ascii	"\026\243\231\217\313G\270\276\324\032\026\225\333\214"
 2735      CB47B8BE 
 2735      D41A1695 
 2735      DB8C
 2736 01d1 B1AB9789 		.ascii	"\261\253\227\211\331\215Iw\202*X\321\376n\026\013\255"
 2736      D98D4977 
 2736      822A58D1 
 2736      FE6E160B 
 2736      AD
 2737 01e2 E1C06938 		.ascii	"\341\300i8\304}d\177&\243J\262\347\212\302\015\350\361"
 2737      C47D647F 
 2737      26A34AB2 
 2737      E78AC20D 
 2737      E8F1
 2738 01f4 0B0733DF 		.ascii	"\013\0073\337\226\227\366\361O\314\005td\214\260\370"
 2738      9697F6F1 
 2738      4FCC0574 
 2738      648CB0F8 
 2739 0204 E400EA1A 		.ascii	"\344\000\352\032\033\332\032\375\335\035\335-7\302\235"
 2739      1BDA1AFD 
 2739      DD1DDD2D 
 2739      37C29D
 2740 0213 DD81B6FE 		.ascii	"\335\201\266\376@\360Z\250\327\343\365\265\207C\276"
 2740      40F05AA8 
 2740      D7E3F5B5 
 2740      8743BE
 2741 0222 605B736B 		.ascii	"`[skMK\353\305\223'\316\271\353\335\315M5\227\2564^"
 2741      4D4BEBC5 
 2741      9327CEB9 
 2741      EBDDCD4D 
 2741      3597AE34 
 2742 0237 68BA5CE7 		.ascii	"h\272\\\347\206cN\247\213\037\257\316\014\204N\324\326"
 2742      86634EA7 
 2742      8B1FAFCE 
 2742      0C844ED4 
 2742      D6
 2743 0248 D6BA0221 		.ascii	"\326\272\002!\227\337s\335\025\012z\365\334\336\027"
 2743      97DF73DD 
ARM GAS  C:\Users\angio\AppData\Local\Temp\ccBoW3RA.s 			page 114


 2743      150A7AF5 
 2743      DCDE17
 2744 0257 F6857D21 		.ascii	"\366\205}!\247\027(\320\327\273\2778\342<\345\363\325"
 2744      A71728D0 
 2744      D7BBBF38 
 2744      E23CE5F3 
 2744      D5
 2745 0268 7779EAEB 		.ascii	"wy\352\353@t\364b\217\350\017RO\327\315\377\020\032"
 2745      4074F462 
 2745      8FE80F52 
 2745      4FD7CDFF 
 2745      101A
 2746 027a 4600     		.ascii	"F\000"
 2747              		.text
 2748              		.section	.gnu.lto_oqWriteTimeout.417.1f2b1718,"e",%progbits
 2749 0000 789C6D53 		.ascii	"x\234mSoL[U\024\277\347\235\367\332\276\026\206\224"
 2749      6F4C5B55 
 2749      14BFE79D 
 2749      F7DABE16 
 2749      8694
 2750 0012 4CC42FB2 		.ascii	"L\304/\262,\213q\311@f\007f\2374dj\214\177\222m~0!Y"
 2750      2C8B71C9 
 2750      40660766 
 2750      9F34646A 
 2750      8C7F926D 
 2751 002a 18749628 		.ascii	"\030t\226(\224Q\032\347'^\241\255\311\324P\312>\214"
 2751      94511AE7 
 2751      275EA1AD 
 2751      C9D450CA 
 2751      3E8C
 2752 003c 0E9BF852 		.ascii	"\016\233\370R\315\034f\233\213/\356\037\033\263\272"
 2752      CD1C669B 
 2752      8B2FEE1F 
 2752      1BB3BA
 2753 004b B960325C 		.ascii	"\271`2\\\004>\221u\032#[\015)\306\017\3350\251\347\336"
 2753      043E9175 
 2753      1A235B0D 
 2753      29C60FDD 
 2753      30A9E7DE 
 2754 005f D7AEAFD5 		.ascii	"\327\256\257\325\027\350{\347\334\337\357\234\337\371"
 2754      17E87BE7 
 2754      DCDFEF9C 
 2754      DFF9
 2755 006d DD7BDF56 		.ascii	"\335{\337V\030\233f\214\255\320?\253e\020\2378*\261"
 2755      189B668C 
 2755      ADD03FAB 
 2755      65109F38 
 2755      2AB1
 2756 007f 42A13022 		.ascii	"B\2410\"K0I\337\220\006\021!$\342\372\372E\243WD\262"
 2756      4B3049DF 
 2756      90061121 
 2756      24E2FAFA 
 2756      45A35744 
 2757 0094 1499F848 		.ascii	"\024\231\370H\202\353\346\332\207\023\233\304[\221\242"
 2757      82EBE6DA 
 2757      87139BC4 
 2757      5B91A2
ARM GAS  C:\Users\angio\AppData\Local\Temp\ccBoW3RA.s 			page 115


 2758 00a3 3C7BD3CC 		.ascii	"<{\323\314&b\277\232\03768\021\327\277\236\337%\002"
 2758      2662BF9A 
 2758      1F363811 
 2758      D7BF9EDF 
 2758      2502
 2759 00b5 BB743C76 		.ascii	"\273t<vnK\2119U\3028`*\256o1\033\253\274\225\231vJa"
 2759      6E4B8939 
 2759      55C23860 
 2759      2AAE6F31 
 2759      1BABBC95 
 2760 00cd 5EB1A8E1 		.ascii	"^\261\250\341D\011\355\202i\022\2237\216\210\250\006"
 2760      4409ED82 
 2760      69129337 
 2760      8E88A806 
 2761 00dd 42B2F800 		.ascii	"B\262\370\0006\"\241\254\330\354\016\325\351\252\201"
 2761      3622A1AC 
 2761      D8EC0ED5 
 2761      E9AA81
 2762 00ec 11C9C9CA 		.ascii	"\021\311\311\312\317$N#\3041\205\014\344\342\027@\363"
 2762      CF244E23 
 2762      C431850C 
 2762      E4E21740 
 2762      F3
 2763 00fd 33739A96 		.ascii	"3s\232\226\377<\371\245\321|m,\362J\012%\226$\200\001"
 2763      FF3CF9A5 
 2763      D17C6D2C 
 2763      F24A0A25 
 2763      96248001 
 2764 0111 F00D7012 		.ascii	"\360\015p\022\001\261\227=M\240\205[\3475Me)D\370\026"
 2764      01B1973D 
 2764      4DA0855B 
 2764      E7354D65 
 2764      2944F816 
 2765 0125 2C184AF8 		.ascii	",\030J\370\316\362\2028b\3426\2128\031.T\342d\337\254"
 2765      CEF28238 
 2765      62E2368A 
 2765      38192E54 
 2765      E264DFAC 
 2766 0139 C08D8200 		.ascii	"\300\215\202\000\346N\031\371\273\240\271\251'\\\252"
 2766      E64E19F9 
 2766      BBA0B9A9 
 2766      275CAA
 2767 0148 444ABE9B 		.ascii	"DJ\276\233\002\0316\221\013w\212%\025\230\255\004*\276"
 2767      02193691 
 2767      0B778A25 
 2767      1598AD04 
 2767      2ABE
 2768 015a 5F6453E4 		.ascii	"_dS\344\307\300_\333x\335\257\214\325\014hq\015x\345"
 2768      C7C05FDB 
 2768      78DDAF8C 
 2768      D50C6871 
 2768      0D78E5
 2769 016d AB50318F 		.ascii	"\253P1\217oM\024\216\225\3213\306\337%\264\015\256U"
 2769      6F4D148E 
 2769      95D133C6 
 2769      DF25B40D 
 2769      AE55
ARM GAS  C:\Users\angio\AppData\Local\Temp\ccBoW3RA.s 			page 116


 2770 017f A1EFCA36 		.ascii	"\241\357\3126\006\337\001\314\001\267\2051\340\344c"
 2770      06DF01CC 
 2770      01B78531 
 2770      E0E463
 2771 018e 65F22523 		.ascii	"e\362%#Wn\365}\0259\242\020\214\370?\000\243\015d\276"
 2771      576EF57D 
 2771      1539A210 
 2771      8CF83F00 
 2771      A30D64BE 
 2772 01a2 308F71CA 		.ascii	"0\217q\312dk\304\276Znm\207\033U\354I\205\250?\022\365"
 2772      646BC4BE 
 2772      5A6E6D87 
 2772      1B55EC49 
 2772      85A83F12 
 2773 01b7 3A51E30A 		.ascii	":Q\343\012%m\333\346\"Z.o\3443/\206\314\226\225{UTz"
 2773      256DDBE6 
 2773      225A2E6F 
 2773      E4332F86 
 2773      CC96957B 
 2774 01ce 12794BA2 		.ascii	"\022yK\242\236\271\255\314i\377\024\3065m\371\024\204"
 2774      9EB9ADCC 
 2774      69FF14C6 
 2774      356DF914 
 2774      84
 2775 01df 6EFDB15C 		.ascii	"n\375\261\\\377$\225\273\010\022\203\313 \223{\016\007"
 2775      FF2495BB 
 2775      081283CB 
 2775      20937B0E 
 2775      07
 2776 01f0 C0795039 		.ascii	"\300yP9\317\011\224s1\242\327\002A\352x\0117\3075p\306"
 2776      CF099473 
 2776      31A2D702 
 2776      41EA7809 
 2776      37C73570 
 2777 0205 66802BD0 		.ascii	"f\200+\320\310\3454\361\335al\034\371I\025\317S\324"
 2777      C8E534F1 
 2777      DD616C1C 
 2777      F94915CF 
 2777      53D4
 2778 0217 3B865239 		.ascii	";\206R9\004\266\006\243\227\037,&v\353\250\026\017\032"
 2778      04B606A3 
 2778      971F2C26 
 2778      76EBA816 
 2778      0F1A
 2779 0229 8AA1BF00 		.ascii	"\212\241\277\000\232\372dc\012U\035\0350\017\354Y\212"
 2779      9AFA6463 
 2779      0A551D1D 
 2779      300FEC59 
 2779      8A
 2780 023a 1DDCF79F 		.ascii	"\035\334\367\237\340Sn/g&.,%<:\272t\344\2077\206h\255"
 2780      E0536E2F 
 2780      67262E2C 
 2780      253C3ABA 
 2780      74E48737 
 2781 0251 9C83B1CC 		.ascii	"\234\203\261\314\372\375'X\030\244\024:\223(\016\201"
 2781      FAFD2758 
 2781      18A4143A 
ARM GAS  C:\Users\angio\AppData\Local\Temp\ccBoW3RA.s 			page 117


 2781      93280E81 
 2782 0261 4BE0E44A 		.ascii	"K\340\344J\\4\263q?SO\346\351X'\3205I.\234\032\353H"
 2782      5C34B371 
 2782      3F534FE6 
 2782      E95827D0 
 2782      35492E9C 
 2783 0278 394AD4B2 		.ascii	"9J\324\262{\020^Mo,\206\2200\\\245d\332H\305\224\252"
 2783      7B105E4D 
 2783      6F2C8690 
 2783      305CA564 
 2783      DA48C594 
 2784 028d 718E1D2D 		.ascii	"q\216\035-\314\374\366*]l\035\345\322 \253\236\362 "
 2784      CCFCF62A 
 2784      5D6C1DE5 
 2784      D220AB9E 
 2784      F220
 2785 029f 942BCEB2 		.ascii	"\224+\316\262\011~\246Y\250PX`6\223\313p\233\302\034"
 2785      097EA659 
 2785      A8505860 
 2785      3693CB70 
 2785      9BC21C
 2786 02b2 449A756C 		.ascii	"D\232ul\024R\352\222\210\\\212\254#\255?\306u\334K\317"
 2786      1452EA92 
 2786      885C8AAC 
 2786      23AD3FC6 
 2786      75DC4BCF 
 2787 02c6 2C7D463A 		.ascii	",}F:\032\271\016{Q\3078\332\254:bh\267\206\202\365\373"
 2787      1AB90E7B 
 2787      51C738DA 
 2787      AC3A6268 
 2787      B78682F5 
 2788 02db 9239A3CA 		.ascii	"\2229\243\312y\266G\372\035\225f\2043F\226\216\022\301"
 2788      79B647FA 
 2788      1D956684 
 2788      3346968E 
 2788      12C1
 2789 02ed B80129AC 		.ascii	"\270\001)\254\027 \265\332\331\331\354\363\217\234\225"
 2789      1720B5DA 
 2789      D9D9ECF3 
 2789      8F9C95
 2790 02fc 4D67D760 		.ascii	"Mg\327`,\031\275q:m\323\321M\256\221Q<u.:\177\232\304"
 2790      2C19BD71 
 2790      3A6DD3D1 
 2790      4DAE9151 
 2790      3C752E3A 
 2791 0313 36082BEB 		.ascii	"6\010+\353\004w\331\302\265\354\212\363?\212\263\213"
 2791      0477D9C2 
 2791      B5EC8AF3 
 2791      3F8AB38B 
 2792 0323 135BE93A 		.ascii	"\023[\351:P1X\020z\037\002\005\265\324\220\252)\364"
 2792      50315810 
 2792      7A1F0205 
 2792      B5D490AA 
 2792      29F4
 2793 0335 D3A02657 		.ascii	"\323\240&W\242\237\000\215\365\020\250\241S\254H|\305"
 2793      A29F008D 
 2793      F510A8A1 
ARM GAS  C:\Users\angio\AppData\Local\Temp\ccBoW3RA.s 			page 118


 2793      53AC487C 
 2793      C5
 2794 0346 AD46575E 		.ascii	"\255FW^\342\367!\206\256j\355w\262\307\201\337\262\377"
 2794      E2F72186 
 2794      AE6AED77 
 2794      B2C781DF 
 2794      B2FF
 2795 0358 D57F266D 		.ascii	"\325\177&m\327\261I\034*I\310\252\261\320\341O\010\275"
 2795      D7B1491C 
 2795      2A49C8AA 
 2795      B1D0E14F 
 2795      08BD
 2796 036a C0B6F20B 		.ascii	"\300\266\362\013\371\300\010k2\361\335\346m\027\317"
 2796      F9C0086B 
 2796      32F1DDE6 
 2796      6D17CF
 2797 0379 5F309A59 		.ascii	"_0\232Y\317\346\352\205\346&s[\300z\370\031k\357\334"
 2797      CFE6EA85 
 2797      E626735B 
 2797      C07AF819 
 2797      6BEFDC
 2798 038c DDD5E9EB 		.ascii	"\335\325\351\353;\330\267o8\330\333\347\357z\337?\364"
 2798      3BD8B76F 
 2798      38D8DBE7 
 2798      EF7ADF3F 
 2798      F4
 2799 039d 6E60B0BB 		.ascii	"n`\260\273\307{ \030\360\016u\355\335\277c\337\376\327"
 2799      C77B2018 
 2799      F00E75ED 
 2799      DDBF63DF 
 2799      FED7
 2800 03af 9FDBF9B2 		.ascii	"\237\333\371\262\247\303\263w\317\2167\336\352|m\317"
 2800      A7C3B377 
 2800      CF8E37DE 
 2800      EA7C6DCF 
 2801 03bf 9BED1EB6 		.ascii	"\233\355\036\266\275\245\245\225\376z8\323\037\330\331"
 2801      BDA5A595 
 2801      FE7A38D3 
 2801      1FD8D9
 2802 03ce D6D6D6EA 		.ascii	"\326\326\326\352\017\264\372\272\337k\015\014\365\360"
 2802      0FB4FABA 
 2802      DF6B0D0C 
 2802      F5F0
 2803 03dc F781C341 		.ascii	"\367\201\303Ao\320\033h\351a\350?<\370\2705\323\262"
 2803      6FD01B68 
 2803      E961E83F 
 2803      3CF8B835 
 2803      D3B2
 2804 03ee CBEBED38 		.ascii	"\313\353\3558\324\335\321\316\244\203\2030`\037\356"
 2804      D4DDD1CE 
 2804      A4838330 
 2804      601FEE
 2805 03fd EBF7FA83 		.ascii	"\353\367\372\203\303\330\337}\004\007\016} \367\372"
 2805      C3D8DF7D 
 2805      04070E7D 
 2805      20F7FA
 2806 040c 07BCD81F 		.ascii	"\007\274\330\037x\347_\343\341X\204"
ARM GAS  C:\Users\angio\AppData\Local\Temp\ccBoW3RA.s 			page 119


 2806      78E75FE3 
 2806      E15884
 2807              		.text
 2808              		.section	.gnu.lto_.symbol_nodes.1f2b1718,"e",%progbits
 2809 0000 789C7D94 		.ascii	"x\234}\224[N\302P\020\206\3179\177)\320\"B\301B\001"
 2809      5B4EC250 
 2809      1086CF39 
 2809      7F29D022 
 2809      42C14201 
 2810 0014 E3031B70 		.ascii	"\343\003\033p\017]\012\013\031\0327`\274\337oD]\204"
 2810      0F5D0A0B 
 2810      191A3760 
 2810      BCDF6F44 
 2810      5D84
 2811 0026 D7A4EFBE 		.ascii	"\327\244\357\276\350\006\014\211\227UhI4\231\011a\316"
 2811      E8060C89 
 2811      97556849 
 2811      34990961 
 2811      CE
 2812 0037 DB9FF9A6 		.ascii	"\333\237\371\246s\346O\377s\347\033c\\\213\314\317\337"
 2812      73E64FFF 
 2812      73E71B63 
 2812      5C8BCCCF 
 2812      DF
 2813 0048 59B39B2F 		.ascii	"Y\263\233/\306\2201\017\343,[7\326\314\216{\262du\342"
 2813      C690310F 
 2813      E32C5B37 
 2813      D6CC8E7B 
 2813      B26475E2 
 2814 005c D992D389 		.ascii	"\331\222\323\211wK\320\211WG\236N\2749*\351\304\207"
 2814      774BD089 
 2814      57479E4E 
 2814      BC392AE9 
 2814      C487
 2815 006e 235F27BE 		.ascii	"#_'\276\035\225u\342\313QE'>\035Uub\013\024\314\021"
 2815      1D9575E2 
 2815      CB514527 
 2815      3E1D5575 
 2815      620B14CC 
 2816 0083 F71923B6 		.ascii	"\367\031#\266A\241N\354\200js\304c\226\331\177`\027"
 2816      41A14EEC 
 2816      806A73C4 
 2816      6396D97F 
 2816      6017
 2817 0095 B4A4027B 		.ascii	"\264\244\002{\240\272\012\354\203\226U\340\000\324P"
 2817      A0BA0AEC 
 2817      839655E0 
 2817      00D450
 2818 00a4 81435053 		.ascii	"\201CPS\005\216@\221\012\034\203Z*p\002j\253\300)hE"
 2818      058E4091 
 2818      0A1C835A 
 2818      2A70026A 
 2818      ABC02968 
 2819 00b9 05CE40B1 		.ascii	"\005\316@\261\012\234\203:*p\001\352\252\300%(\321\000"
 2819      0A9C833A 
 2819      2A7001EA 
 2819      AAC02528 
ARM GAS  C:\Users\angio\AppData\Local\Temp\ccBoW3RA.s 			page 120


 2819      D100
 2820 00cb 7B0DEA49 		.ascii	"{\015\352I\300\230\361x<\253\332\033P\177Q\355\0264"
 2820      C098F178 
 2820      3CABDA1B 
 2820      507F51ED 
 2820      1634
 2821 00dd 5854BB02 		.ascii	"XT\273\002\255.\250\001,\323)<\226\337!J\216+\037\\"
 2821      AD2EA801 
 2821      2CD3293C 
 2821      96DF214A 
 2821      8E2B1F5C 
 2822 00f1 957B5C55 		.ascii	"\225{\\U\372\\U\007\\\005l\366\324\027r\022H\031\012"
 2822      FA5C5507 
 2822      5C056CF6 
 2822      D4177212 
 2822      48190A
 2823 0104 99D711CA 		.ascii	"\231\327\021\312\336P\366\206\2627\224\2755\226\360"
 2823      DE50F686 
 2823      B23794BD 
 2823      3596F0
 2824 0113 144B2CCD 		.ascii	"\024K,\315S\213z\205\263\036\373\273\247\001\032\354"
 2824      538B7A85 
 2824      B31EFBBB 
 2824      A7011AEC 
 2825 0123 7D19A2C1 		.ascii	"}\031\242\3012<B\203\275,\023+\344\264\356\261\020\024"
 2825      323C4283 
 2825      BD2C132B 
 2825      E4B4EEB1 
 2825      1014
 2826 0135 3768B26C 		.ascii	"7h\262l\247^S4Fl\306\010\021#7\212\"\033Y\\6\342C|\321"
 2826      A75E5334 
 2826      466CC608 
 2826      1123378A 
 2826      221B595C 
 2827 014e 9A974535 		.ascii	"\232\227E5\017<\226\242\334GK\230\320\346&\370\036K"
 2827      0F3C96A2 
 2827      DC474B98 
 2827      D0E626F8 
 2827      1E4B
 2828 0160 43E1662C 		.ascii	"C\341f,\266\216\305\326\261\334:\226[\263\320\024[w"
 2828      B68EC5D6 
 2828      B1DC3A96 
 2828      5BB3D014 
 2828      5B77
 2829 0172 84B5E8B2 		.ascii	"\204\265\350\262\347+\365\272\342;\2110!adaB\"MH\244"
 2829      E72BF5BA 
 2829      E23B8930 
 2829      21616461 
 2829      42224D48 
 2830 0187 09893421 		.ascii	"\011\2114!\221&\260\214\345\276\371\005K+K\305"
 2830      9126B08C 
 2830      E5BEF905 
 2830      4B2B4BC5 
 2831              		.text
 2832              		.section	.gnu.lto_.refs.1f2b1718,"e",%progbits
 2833 0000 789C6364 		.ascii	"x\234cd\000\002\000\000\012\000\002"
 2833      00020000 
ARM GAS  C:\Users\angio\AppData\Local\Temp\ccBoW3RA.s 			page 121


 2833      0A0002
 2834              		.text
 2835              		.section	.gnu.lto_.decls.1f2b1718,"e",%progbits
 2836 0000 789CA558 		.ascii	"x\234\245X\013PTW\232\276\377=Mw\323\274\034\0373\273"
 2836      0B505457 
 2836      9ABEFF3D 
 2836      4D77D3BC 
 2836      1C1F33BB 
 2837 0014 959D0C9B 		.ascii	"\225\235\014\233rk\230\255U\004\263:5\2655k\342f\262"
 2837      726B98AD 
 2837      5504B33A 
 2837      35B5356B 
 2837      E266B2
 2838 0027 D6C44C12 		.ascii	"\326\304L\022M\315&KM\207\320\255t\0024\320\215\306"
 2838      4DCD264B 
 2838      4D87D0AD 
 2838      740234D0 
 2838      8DC6
 2839 0039 7D55F350 		.ascii	"}U\363P\361\201\0225\012\212\212o\021\225VDQ@\221\227"
 2839      F1811235 
 2839      0A8A8A6F 
 2839      11955644 
 2839      51409197 
 2840 004d 88A8F842 		.ascii	"\210\250\370B|\240\370B|\243\"!\276\330\377\234s_t_"
 2840      7CA0F842 
 2840      7CA32221 
 2840      BED8FF9C 
 2840      735F745F 
 2841 0061 13B7B68B 		.ascii	"\023\267\266\213\303\275}\356w\376\357\377\277\363\377"
 2841      C3BD7DEE 
 2841      77FEEFFF 
 2841      BFF3FF
 2842 0070 E79ED37F 		.ascii	"\347\236\323\177\376\245 \324\005\010B\243E\020\372"
 2842      FEA520D4 
 2842      050842A3 
 2842      4510FA
 2843 007f F1F38620 		.ascii	"\361\363\206 \010'\004\365\363&\266:l\207\260\035\306"
 2843      082704F5 
 2843      F326B63A 
 2843      6C87B01D 
 2843      C6
 2844 0090 7612DB69 		.ascii	"v\022\333il\255\330\332\260]\301v\015\333]\012\006A"
 2844      6CADD8DA 
 2844      B05DC176 
 2844      0DDB5D0A 
 2844      0641
 2845 00a2 08C2F606 		.ascii	"\010\302\366\006\266_a\033\216-\002\333\010l\221\330"
 2845      B65F611B 
 2845      8E2D02DB 
 2845      086C91D8 
 2846 00b2 C660FB3D 		.ascii	"\306`\373=\266w\261\275\217m\"\266\217\261M\302\366"
 2846      B677B1BD 
 2846      8F6D22B6 
 2846      8FB14DC2 
 2846      F6
 2847 00c3 39B6186C 		.ascii	"9\266\030l\177\301\366\005\266d\020\374>s\260\017]\025"
 2847      7FC1F605 
ARM GAS  C:\Users\angio\AppData\Local\Temp\ccBoW3RA.s 			page 122


 2847      B66410FC 
 2847      3E73B00F 
 2847      5D15
 2848 00d5 E2B10DC6 		.ascii	"\342\261\015\3066\024\333\014\354\373\006\233\210\367"
 2848      3614DB0C 
 2848      ECFB069B 
 2848      88F7
 2849 00e3 D3F13A0D 		.ascii	"\323\361:\015\230\033\314g\337\317B|`\364\031\377\237"
 2849      981BCC67 
 2849      DFCF427C 
 2849      60F419FF 
 2849      9F
 2850 00f4 D8978E6D 		.ascii	"\330\227\216m\226\304G\244X\347\003\307\373~\026\277"
 2850      96C447A4 
 2850      58E703C7 
 2850      FB7E16BF 
 2851 0104 A68DC392 		.ascii	"\246\215\303\222\215E\222?\005>\2666\340\367@\037;k"
 2851      8D45923F 
 2851      053EB636 
 2851      E0F7401F 
 2851      3B6B
 2852 0116 80C75328 		.ascii	"\200\307S(\305\264\026[-\227UX-\305x\362\025\261\025"
 2852      C5B4165B 
 2852      2D975558 
 2852      2DC578F2 
 2852      15B115
 2853 0129 01E7A5F6 		.ascii	"\001\347\245\366\326\341}\203\324/J\363uHg\314\266\037"
 2853      D6E17D83 
 2853      D42F4AF3 
 2853      754867CC 
 2853      B61F
 2854 013b 19D32AC5 		.ascii	"\031\323*\305\340\373\331\241\023?\365{=\250yC\307\267"
 2854      E0FBD9A1 
 2854      133FF57B 
 2854      3DA87943 
 2854      C7B7
 2855 014d 49BEFA7E 		.ascii	"I\276\372~\316!\316\254\031\333.\215\357\2224\271#\331"
 2855      CE21CEAC 
 2855      19DB2E8D 
 2855      EF9234B9 
 2855      23D9
 2856 015f 96EDD0BC 		.ascii	"\226\355\320\274\372Bg\036\016a\237I\307\017jo#^;46"
 2856      FA42671E 
 2856      0E619F49 
 2856      C70F6A6F 
 2856      235E3B34 
 2857 0174 687EFE45 		.ascii	"h~\376E\307F\355\377\301\006\315\363\030\035\033\200"
 2857      C746EDFF 
 2857      C106CDF3 
 2857      181D1B80 
 2858 0184 0F8335E3 		.ascii	"\017\2035\343\037b;\200\270\357\361\372\031\266\317"
 2858      1F623B80 
 2858      B8EFF1FA 
 2858      19B6CF
 2859 0193 B1EDC7EF 		.ascii	"\261\355\307\357^l\325Tc\340|\006l{\361\276\022[\031"
 2859      5E6CD554 
 2859      63E07C06 
ARM GAS  C:\Users\angio\AppData\Local\Temp\ccBoW3RA.s 			page 123


 2859      6C7BF1BE 
 2859      125B19
 2860 01a6 B672697E 		.ascii	"\266ri~\005)\367)\325\021\037\276_  \304\207\353(b\014"
 2860      0529F729 
 2860      D5111FBE 
 2860      5F2020C4 
 2860      87EB2862 
 2861 01bb C0B9BE97 		.ascii	"\300\271\276\227\370\232\177\202o\267\206/H\303w\332"
 2861      F89A7F82 
 2861      6FB7862F 
 2861      48C377DA 
 2862 01cb 876F2C02 		.ascii	"\207o,\002B}\364\221c\243\334\303\360~\252\244\331~"
 2862      427DF491 
 2862      63A3DCC3 
 2862      F07EAAA4 
 2862      D97E
 2863 01dd 296FE53C 		.ascii	")o\345<\360J\363\\\005\234\267\\\212s\267\344C\005\266"
 2863      F04AF35C 
 2863      059CB75C 
 2863      8A73B7E4 
 2863      4305B6
 2864 01f0 7D920F74 		.ascii	"}\222\017t\275h\363\227V\370gI[=~\231\323+\361n\224"
 2864      BD68F397 
 2864      56F86749 
 2864      5B3D7E99 
 2864      D32BF16E 
 2865 0205 F292CE19 		.ascii	"\362\222\316\031]#\264|\224\277J\342\242\353\322\025"
 2865      5D23B47C 
 2865      94BF4AE2 
 2865      A2EBD215 
 2866 0215 1DAE09F8 		.ascii	"\035\256\011\370\360g\302\300\274\244\\\275\222\246"
 2866      F067C2C0 
 2866      BCA45CBD 
 2866      92A6
 2867 0223 F27CB6C1 		.ascii	"\362|\266\301\217sS_\351\375n\211_\326\274\\\343\003"
 2867      8F73535F 
 2867      E9FD6E89 
 2867      5FD6BC5C 
 2867      E303
 2868 0235 5D17AFE9 		.ascii	"]\027\257\351\370\360\261\317\374j}\220\347w\210\206"
 2868      F8F0B1CF 
 2868      FC6A7D90 
 2868      E7778886 
 2869 0245 9BEA3F58 		.ascii	"\233\352?X\232\337\000i~\3134|\025\322\274F\350\344"
 2869      9ADF0069 
 2869      7ECB347C 
 2869      15D2BC46 
 2869      E8E4
 2870 0257 EDBF8B9C 		.ascii	"\355\277\213\234\303\227\213\326a\257\244\257\226S^"
 2870      C3978BD6 
 2870      61AFA4AF 
 2870      96535E
 2871 0266 1FE47996 		.ascii	"\037\344y\226k\325\327\017\243f\316}}\2419H\337\005"
 2871      6BD5D70F 
 2871      A366CE7D 
 2871      7DA13948 
 2871      DF05
ARM GAS  C:\Users\angio\AppData\Local\Temp\ccBoW3RA.s 			page 124


 2872 0278 743DA275 		.ascii	"t=\242u\335\252\243\201\025\375\012\022\364\353i\230"
 2872      DDAAA381 
 2872      15FD0A12 
 2872      F4EB6998 
 2873 0288 143B5D43 		.ascii	"\024;]C\372\005\225\223\206W!iK\3373\202N\274\211\370"
 2873      FA059593 
 2873      86572169 
 2873      4BDF3382 
 2873      4EBC89F8 
 2874 029c 70C82BEC 		.ascii	"p\310+\354vI\266\345\265h\277&^\231K\033\263\314+J\274"
 2874      7649B6E5 
 2874      B568BF26 
 2874      5E994B1B 
 2874      B3CC2B4A 
 2875 02b1 345EAAFF 		.ascii	"4^\252\377\030)6\312/\307G]\271\342\343\317\177\353"
 2875      182936CA 
 2875      2FC7475D 
 2875      B9E2E3CF 
 2875      7FEB
 2876 02c3 D4D5D157 		.ascii	"\324\325\321W\324U\363\377\243\256~\377\212\272\232"
 2876      D455F3FF 
 2876      A3AE7EFF 
 2876      8ABA9A
 2877 02d2 F923FC34 		.ascii	"\371#\3744\327?\323p\353\3458\275\372\362jk\354\335"
 2877      D73FD370 
 2877      EBE538BD 
 2877      FAF26A6B 
 2877      ECDD
 2878 02e4 57D4D842 		.ascii	"W\324\330B\235\374>\252\223\3372\257^~\313|\332\374"
 2878      9DFC3EAA 
 2878      93DF32AF 
 2878      5E7ECB7C 
 2878      DAFC
 2879 02f6 7E5F67BE 		.ascii	"~_g\276W\350\344\267\314\325%\274:\277e\275_'\277}}"
 2879      57E8E4B7 
 2879      CCD525BC 
 2879      3ABF65BD 
 2879      5F27BF7D 
 2880 030b A1F93DF1 		.ascii	"\241\371=\361'\362{\235\316:#\373\245\267\316\274j\016"
 2880      27F27B9D 
 2880      CE3A23FB 
 2880      A5B7CEBC 
 2880      6A0E
 2881 031d 5E679DF9 		.ascii	"^g\235\371\370\025\353\314&\235\032\223\337#\303$\316"
 2881      F815EBCC 
 2881      269D1A93 
 2881      DF23C324 
 2881      CE
 2882 032e ABD82CA0 		.ascii	"\253\330,\240_ct\277\026\244\243y\231N\215\311v}k\254"
 2882      5F6374BF 
 2882      16A4A379 
 2882      994E8DC9 
 2882      767D6BAC 
 2883 0342 59A3B9CC 		.ascii	"Y\243\271\314\365:5\366\271\244o\220O\215\335\362\361"
 2883      F53A35F6 
 2883      B9A46F90 
 2883      4F8DDDF2 
ARM GAS  C:\Users\angio\AppData\Local\Temp\ccBoW3RA.s 			page 125


 2883      F1
 2884 0353 6705116F 		.ascii	"g\005\021o\234\276t\310r\203\367\033l\000\3206\006\377"
 2884      9CBE74C8 
 2884      7283F71B 
 2884      6C00D036 
 2884      06FF
 2885 0365 5984CF89 		.ascii	"Y\204\317\2110\324#zD\243\215\210\026b!6K#\274\031\321"
 2885      30D4237A 
 2885      44A38D88 
 2885      16622136 
 2885      4B23BC19 
 2886 037a 43C699C5 		.ascii	"C\306\231\305\2100\213ys-\014\262\004\230E\261\313d"
 2886      88308B79 
 2886      732D0CB2 
 2886      049845B1 
 2886      CB64
 2887 038c B3443C85 		.ascii	"\263D<\205\255b\2411|\234\307`\233?\254\313\344\021"
 2887      AD62A131 
 2887      7C9CC760 
 2887      9B3FACCB 
 2887      E411
 2888 039e 733F1C3A 		.ascii	"s?\034:z\034\376\35725\202\015G}d0\017\302\273.\223"
 2888      7A1CFEEF 
 2888      3235820D 
 2888      477D6430 
 2888      0FC2BB2E 
 2889 03b3 A58714E6 		.ascii	"\245\207\024\346\030mG\305\354_C#Xl\321C=\036\3178\263"
 2889      186D47C5 
 2889      EC5F4323 
 2889      586CD143 
 2889      3D1ECF38 
 2890 03c8 F9CDB01A 		.ascii	"\371\315\260\032RC\376\200ek\366n\037f\3512\205\241"
 2890      5243FE80 
 2890      656BF66E 
 2890      1F66E932 
 2890      85A1
 2891 03da 89085BF8 		.ascii	"\211\010[\370 [xX#\004\330l\226\241\021\002:a\213\216"
 2891      205B7858 
 2891      2304D86C 
 2891      96A11102 
 2891      3A618B8E 
 2892 03ee 1E275AD0 		.ascii	"\036'Z\320\262\301\334\010\321\004\202\243=W\356\374"
 2892      B2C1DC08 
 2892      D10482A3 
 2892      3D57EEFC 
 2893 03fe C2126009 		.ascii	"\302\022`\011|3<B\020l\302\037D\264K\372\345\017\230"
 2893      7C333C42 
 2893      106CC21F 
 2893      44B44BFA 
 2893      E50F98
 2894 0411 90D3A67E 		.ascii	"\220\323\246~\005\210\260\210\321\"\371c\027\356iD1"
 2894      0588B088 
 2894      D122F963 
 2894      17EE6944 
 2894      31
 2895 0422 5C103C06 		.ascii	"\\\020<\006sp0x\360\022h\375\243\355\243h\213\320e\022"
 2895      73703078 
ARM GAS  C:\Users\angio\AppData\Local\Temp\ccBoW3RA.s 			page 126


 2895      F01268FD 
 2895      A3EDA368 
 2895      8BD06512 
 2896 0436 F1D15003 		.ascii	"\361\321P\003xDPGZ\214(\241\310uc%5@K\372E\305\012\352"
 2896      78445047 
 2896      5A8C28A1 
 2896      C8756325 
 2896      35404BFA 
 2897 044e 7311E4C7 		.ascii	"s\021\344\307\034\347\227\021\274<\2017QkO;Lc\034|\206"
 2897      1CE79711 
 2897      BC3C8137 
 2897      516B4F3B 
 2897      4C631C7C 
 2898 0463 03FDD0FF 		.ascii	"\003\375\320\377\302\2005]\366Q\341\027\025\267@\205"
 2898      C280355D 
 2898      F651E117 
 2898      15B74085 
 2899 0473 F838CEAC 		.ascii	"\3708\316\254\200\354\220\377\207\310isp\361\205\331"
 2899      80EC90FF 
 2899      87C86973 
 2899      70F185D9 
 2900 0483 019D289B 		.ascii	"\001\235(\233'o(\014\313\035'\000yC \277\021\"=\354"
 2900      276F280C 
 2900      CB1D2700 
 2900      794320BF 
 2900      11223DEC 
 2901 0497 73F52B01 		.ascii	"s\365+\001\366p\0131A\213\010\014\006\003\376\037\012"
 2901      F6700B31 
 2901      418B080C 
 2901      0603FE1F 
 2901      0A
 2902 04a8 E1C44547 		.ascii	"\341\304EG_\355\331\266I\034\302\241\325\334\301\012"
 2902      5FEDD9B6 
 2902      491CC2A1 
 2902      D5DCC10A 
 2903 04b8 804A005A 		.ascii	"\200J\000Z\230\002\371/\212Y\3344\347\216e \246J\305"
 2903      9802F92F 
 2903      8A59DC34 
 2903      E78E6520 
 2903      A64AC5
 2904 04cb 5023F732 		.ascii	"P#\3672\033\315\301\325\036O\267\247\260\306\000\373"
 2904      1BCDC1D5 
 2904      1E4FB7A7 
 2904      B0C600FB 
 2905 04db 01F601D0 		.ascii	"\001\366\001\320\012\007\372\312B\300\346\226\213\233"
 2905      0A07FACA 
 2905      42C0E696 
 2905      8B9B
 2906 04e9 43E97283 		.ascii	"C\351r\203\035\340d^\210\314\213A\370pE}\361\225\260"
 2906      1DE0645E 
 2906      88CC8B41 
 2906      F870457D 
 2906      F195B0
 2907 04fc 5FA0EDBB 		.ascii	"_\240\355\273\036\317P\210\207\032\200\203t,nw\201\322"
 2907      1ECF5088 
 2907      871A8083 
 2907      742C6E77 
ARM GAS  C:\Users\angio\AppData\Local\Temp\ccBoW3RA.s 			page 127


 2907      81D2
 2908 050e BD959BEB 		.ascii	"\275\225\233\353\351[=\267\277&\262v\346lO\013\002s"
 2908      E95B3DB7 
 2908      BF26B276 
 2908      E66C4F0B 
 2908      0273
 2909 0520 813E85DD 		.ascii	"\201>\205\335\222\007\002\336\011P\006\260\013b\036"
 2909      920702DE 
 2909      095006B0 
 2909      0B621E
 2910 052f 85112C2D 		.ascii	"\205\021,-\264:\273b\301\021\213\216U\334`\202\223\033"
 2910      B43ABB62 
 2910      C1118B8E 
 2910      55DC6082 
 2910      931B
 2911 0541 2D6F5D58 		.ascii	"-o]X\222c\362lF\320\277b?\324+\366\352\025{\225a\244"
 2911      9263F26C 
 2911      46D0BF62 
 2911      3FD42BF6 
 2911      EA157B95 
 2912 0557 406468EF 		.ascii	"@dh\357\321\234\331\236A\031(\201\201\202\033\025p\243"
 2912      D19CD99E 
 2912      41192881 
 2912      81821B15 
 2912      70A3
 2913 0569 02CE0D23 		.ascii	"\002\316\015#\233E\201T\211\324\201\366\366\307k\215"
 2913      9B458154 
 2913      89D481F6 
 2913      F6C76B8D 
 2914 0579 03553B02 		.ascii	"\003U;\002\320,+{\214\201\036\354(\253\015\036\010:"
 2914      D02C2B7B 
 2914      8C811EEC 
 2914      28AB0D1E 
 2914      083A
 2915 058b AA8210D0 		.ascii	"\252\202\020\320\177\372\354SP\245=\246J{\234K{f\373"
 2915      7FFAEC53 
 2915      50A53DA6 
 2915      4A7B9C4B 
 2915      7B66FB
 2916 059e E11F8C4C 		.ascii	"\341\037\214L\332\343(-v\354\271\260\341\211\250\023"
 2916      DAE3282D 
 2916      76ECB9B0 
 2916      E189A813 
 2917 05ae F80974B3 		.ascii	"\370\011t\263E\222\263\374\371\322\225\013\345\310O"
 2917      4592B3FC 
 2917      F9D2950B 
 2917      E5C84F
 2918 05bd 003429C1 		.ascii	"\0004)\3014)\301<\011%\363\010G_Z\376\"\252\300S\255"
 2918      3429C13C 
 2918      0925F308 
 2918      475F5AFE 
 2918      22AAC053 
 2919 05d2 C47E4A81 		.ascii	"\304~J\201\237R\340wCI\035\207{\363J\223\025M\317(\320"
 2919      9F52E077 
 2919      43491D87 
 2919      7BF34A93 
 2919      154DCF28 
ARM GAS  C:\Users\angio\AppData\Local\Temp\ccBoW3RA.s 			page 128


 2920 05e7 330AF45A 		.ascii	"3\012\364Z(9)A\033+\222\025'\316*\320\263\012\2641\224"
 2920      28392941 
 2920      1B2B9215 
 2920      27CE2AD0 
 2920      B30AB431 
 2921 05fc DC2502A6 		.ascii	"\334%\002\246\212\221\325\277\211\335Q\261\276!\031"
 2921      8A91D5BF 
 2921      89DD51B1 
 2921      BE2119
 2922 060b 062660EB 		.ascii	"\006&`\353\231\032\243\305C\365\251\316\012\024$u\340"
 2922      991AA3C5 
 2922      43F5A9CE 
 2922      0A142475 
 2922      E0
 2923 061c 2220AE1C 		.ascii	"\" \256\034\340\002\300y@\330\235\375\375\323\230H\355"
 2923      E002C079 
 2923      40D89DFD 
 2923      FDD39848 
 2923      ED
 2924 062d 5CA4A27B 		.ascii	"\\\244\242{\021\262f\227\350\363\271\035\253\377GG\263"
 2924      11B26697 
 2924      E8F3B91D 
 2924      ABFF4747 
 2924      B3
 2925 063e 0E347559 		.ascii	"\0164uY\322\314[R%\371\332\001pN\361\365\234\342kC\010"
 2925      D2CC5B52 
 2925      25F9DA01 
 2925      704EF1F5 
 2925      9CE26B43 
 2926 0653 C93670E8 		.ascii	"\3116p\350r\015\364\252\002\275\252@{B\310j\003\015"
 2926      720DF4AA 
 2926      02BDAA40 
 2926      7B42C86A 
 2926      030D
 2927 0665 EBD72CAC 		.ascii	"\353\327,\2540v'\220\275,\244c\215\325\275\241\226j"
 2927      30762790 
 2927      BD2CA463 
 2927      8DD5BDA1 
 2927      966A
 2928 0677 DF906E02 		.ascii	"\337\220n\002b0\244N\200\033\324\345S%\275\347\314,"
 2928      6230A44E 
 2928      801BD4E5 
 2928      5325BDE7 
 2928      CC2C
 2929 0689 882E1ED3 		.ascii	"\210.\036\323\226{\207\313@\216\352\026\205\324/\273"
 2929      967B87CB 
 2929      408EEA16 
 2929      85D42FBB 
 2930 0699 51AD5616 		.ascii	"Q\255V\026\206.\307u\007\355\335\226\342\352~^\261\353"
 2930      862EC775 
 2930      07EDDD96 
 2930      E2EA7E5E 
 2930      B1EB
 2931 06ab 0A78E622 		.ascii	"\012x\346\"l0>\200\353\212\277\327\025\177\013B\311"
 2931      6C303E80 
 2931      EB8ABFD7 
 2931      157F0B42 
ARM GAS  C:\Users\angio\AppData\Local\Temp\ccBoW3RA.s 			page 129


 2931      C9
 2932 06bc 21E6EF67 		.ascii	"!\346\357g\212\277\237\241\277\307\231\277\213\036\177"
 2932      8ABF9FA1 
 2932      BFC799BF 
 2932      8B1E7F
 2933 06cb DF68F4F7 		.ascii	"\337h\364\367\267\033\020\203\376>\000\270O\235Yq`\357"
 2933      B71B1083 
 2933      FE3E00B8 
 2933      4F9D5971 
 2933      60EF
 2934 06dd 260373EF 		.ascii	"&\003s\357!_\003\376\006\372\201]\004\322\312\01457"
 2934      215F03FE 
 2934      06FA815D 
 2934      04D2CA0C 
 2934      3537
 2935 06ef E4E08B08 		.ascii	"\344\340\213\010\015uyj\322\211\000\243a\224\000O\000"
 2935      0D75796A 
 2935      D28900A3 
 2935      6194004F 
 2935      00
 2936 0700 1168A607 		.ascii	"\021h\246\007\34015\323S\267~}\220Z\020\275jA|\317\013"
 2936      E03135D3 
 2936      53B77E7D 
 2936      905A10BD 
 2936      6A417CCF 
 2937 0715 A2FDEEAD 		.ascii	"\242\375\356\255\245\"\343\371\036\340\021\220K\314"
 2937      A522E3F9 
 2937      1EE01190 
 2937      4BCC
 2938 0723 766BFDE5 		.ascii	"vk\375\3452\363\300B\373\001\340\251\\\2157\031h\351"
 2938      32F3C042 
 2938      FB01E0A9 
 2938      5C8D3719 
 2938      68E9
 2939 0735 A2AD0521 		.ascii	"\242\255\005!\003A\317T\020\002\026\354n\352\015T\311"
 2939      0341CF54 
 2939      100216EC 
 2939      6EEA0D54 
 2939      C9
 2940 0746 9FABE42F 		.ascii	"\237\253\344/8y\303\315\254l^\215/\000\372\250\277["
 2940      3879C3CD 
 2940      AC6C5E8D 
 2940      2F00FAA8 
 2940      BF5B
 2941 0758 4B779E05 		.ascii	"Kw\236\005e\016\036\252s\200\357&x)/o\347oV?0\361\022"
 2941      650E1EAA 
 2941      7380EF26 
 2941      78292F6F 
 2941      E76F563F 
 2942 076f F318F011 		.ascii	"\363\030\360\021\334Sf\341\2362\013\035\301\2440@\360"
 2942      DC5366E1 
 2942      9E320B1D 
 2942      C1A43040 
 2942      F0
 2943 0780 93123BAE 		.ascii	"\223\022;\256-(\271\026\306\224\253~\265r\227\027\324"
 2943      2D28B916 
 2943      C694AB7E 
ARM GAS  C:\Users\angio\AppData\Local\Temp\ccBoW3RA.s 			page 130


 2943      B5729717 
 2943      D4
 2944 0791 6DB1A8CE 		.ascii	"m\261\250\316g\212\212\363Y\"_\306\227\364\036\344\031"
 2944      678A8AF3 
 2944      59225FC6 
 2944      97F41EE4 
 2944      19
 2945 07a2 95254286 		.ascii	"\225%B\206H\212\030Y\355\236\235\313C\007\2122K\324"
 2945      488A1859 
 2945      ED9E9DCB 
 2945      43078A32 
 2945      4BD4
 2946 07b4 8A727BD9 		.ascii	"\212r{\331\243\343\232\031\231\255\332\315\346v[j{^"
 2946      A3E39A19 
 2946      99ADDACD 
 2946      E6765B6A 
 2946      7B5E
 2947 07c6 1066375B 		.ascii	"\020f7[\204\231\"\315\335C"
 2947      849922CD 
 2947      DD43
 2948 07d0 CDF382F4 		.ascii	"\315\363\202\364D\231+\0120G\224\012\356b&_pQ\221\271"
 2948      44992B0A 
 2948      3047940A 
 2948      EE62265F 
 2948      705191B9 
 2949 07e4 22A48BB2 		.ascii	"\"\244\213\262\"\351\242\254\310\323 R\316\234\274\325"
 2949      22E9A2AC 
 2949      C8D32052 
 2949      CE9CBCD5 
 2950 07f4 9775278C 		.ascii	"\227u'\214QL\005'\251g}\205\005yU0\320\361\005\003\034"
 2950      514C0527 
 2950      A9677D85 
 2950      05795530 
 2950      D0F10503 
 2951 0809 7FE26D3A 		.ascii	"\177\342m:eR\035_\250:\236\313\035\337\327s;\203\247"
 2951      65521D5F 
 2951      A83A9ECB 
 2951      1DDFD773 
 2951      3B83A7
 2952 081c 52AEC874 		.ascii	"R\256\310t>_\274mw\210\316:\261\010=\372\226\217\331"
 2952      3E5FBC6D 
 2952      7788CE3A 
 2952      B1083DFA 
 2952      968FD9
 2953 082f 76E9C95A 		.ascii	"v\351\311Z\243jt\221jt1\013\200\2640\347\22664\255\023"
 2953      A36A7491 
 2953      6A74310B 
 2953      80B430E7 
 2953      963634AD 
 2954 0844 7560B044 		.ascii	"u`\260D\224\200\010*]\361\362i\010\343\377N\204\034"
 2954      9480082A 
 2954      5DF1F269 
 2954      08E3FF4E 
 2954      841C
 2955 0856 2A5C71E9 		.ascii	"*\\q\351\202\203\001\362\314/\245=\345;\3632B\345t_"
 2955      828301F2 
 2955      CC2FA53D 
ARM GAS  C:\Users\angio\AppData\Local\Temp\ccBoW3RA.s 			page 131


 2955      E53BF332 
 2955      42E5745F 
 2956 086a 467B4AD7 		.ascii	"F{J\327\337\276\011r\016\346\321\236-\347Od\350\271"
 2956      DFBE0972 
 2956      0EE6D19E 
 2956      2DE74F64 
 2956      E8B9
 2957 087c BD1CDDCE 		.ascii	"\275\034\335\316\347nW\3646n\264\274\225\207\313\301"
 2957      E76E57F4 
 2957      366EB4BC 
 2957      9587CBC1 
 2958 088c ADFA14BA 		.ascii	"\255\372\024\272v\215\303\2470_\321|\276\242\371\316"
 2958      768DC3A7 
 2958      305FD17C 
 2958      BEA2F9CE 
 2959 089c 20729E85 		.ascii	" r\236\205P>\247|N\200\314C\3259>3\347[\223\016\315"
 2959      503EA77C 
 2959      4E80CC43 
 2959      D5393E33 
 2959      E75B930E 
 2960 08b1 2A1CBB92 		.ascii	"*\034\273\222\323d\354\275\3744\230\322x\363g+\223\273"
 2960      D364ECBD 
 2960      FC3498D2 
 2960      78F3672B 
 2960      93BB
 2961 08c3 4A840285 		.ascii	"J\204\002\205\250@!\312\017\"\327x\272?Z\355\015fD\275"
 2961      A84021CA 
 2961      0F22D778 
 2961      BA3F5AED 
 2961      0D6644BD 
 2962 08d7 9CA876E9 		.ascii	"\234\250v\351\203\271J\225\255\241\021\336\271\272\351"
 2962      83B94A95 
 2962      ADA111DE 
 2962      B9BAE9
 2963 08e6 5B516FA5 		.ascii	"[Qo\245\303\363\013\254\345\3347w\266\267\204\260\020"
 2963      C3F30BAC 
 2963      E5DC3777 
 2963      B6B784B0 
 2963      10
 2964 08f7 1B6F4A21 		.ascii	"\033oJ!\256\023\241Pa.T\230\037Y\310m\375\020\033^6"
 2964      AE13A150 
 2964      612E5498 
 2964      1F59C86D 
 2964      FD101B5E 
 2965 090c DC013D1E 		.ascii	"\334\001=\036<\243\300F\316\323\326\331Y\034\310b\234"
 2965      3CA3C046 
 2965      CED3D6D9 
 2965      591CC862 
 2965      9C
 2966 091d 3B478971 		.ascii	";G\211q\223\010\033\024\246\015\012S\203\205<dL~\253"
 2966      93081B14 
 2966      A60D0A53 
 2966      83853C64 
 2966      4C7EAB
 2967 0930 794DDF85 		.ascii	"yM\337\205\034\205z\013\215\261\360Q\345/\365\250\267"
 2967      1C857A0B 
 2967      8DB1F051 
ARM GAS  C:\Users\angio\AppData\Local\Temp\ccBoW3RA.s 			page 132


 2967      E52FF5A8 
 2967      B7
 2968 0941 A2B5624E 		.ascii	"\242\265bN]\271|\345v\221Qw\251\324[E(R\250\213\024"
 2968      5DB97CE5 
 2968      76915177 
 2968      A9D45B45 
 2968      2852A88B 
 2969 0956 6A8F85BC 		.ascii	"j\217\205\274d\324MUG\273\315L\227\312y\263B\351\376"
 2969      64D44D55 
 2969      47BBCD4C 
 2969      97CA79B3 
 2969      42E9FE
 2970 0969 CA037409 		.ascii	"\312\003t\011\332\256\014\332\256\014\332\021Hf\031"
 2970      DAAE0CDA 
 2970      AE0CDA11 
 2970      486619
 2971 0978 75FDCDDD 		.ascii	"u\375\315\335\237qH\2243s\007\313\303\202\274#!rf\356"
 2971      9F714894 
 2971      337307CB 
 2971      C382BC23 
 2971      217266EE 
 2972 098c A43D6DAB 		.ascii	"\244=m\253\312\316\004\3121\225\322\236\253\207\012"
 2972      CACE04CA 
 2972      3195D29E 
 2972      AB870A
 2973 099b 1E9AF516 		.ascii	"\036\232\365\026\002<\233\301.\036\324\312\3225\213"
 2973      023C9BC1 
 2973      2E1ED4CA 
 2973      D2358B
 2974 09aa 596A7A73 		.ascii	"Yjzsr\224\240\312D\360*\376y\025\377\026\231\311\022"
 2974      7294A0CA 
 2974      44F02AFE 
 2974      7915FF16 
 2974      99C912
 2975 09bd A3DF82E0 		.ascii	"\243\337\202\340[J\345~\245\264\327\257\224\366\321"
 2975      5B4AE57E 
 2975      A5B4D7AF 
 2975      94F6D1
 2976 09cc 9EECDA83 		.ascii	"\236\354\332\203]\312\312UA{65\035\316\327\333\254\342"
 2976      5DCACA55 
 2976      417B3635 
 2976      1DCED7DB 
 2976      ACE2
 2977 09de 9E0F2AB9 		.ascii	"\236\017*\271\277\233\027\337.\011`z\276<*\345Y\225"
 2977      BF9B17DF 
 2977      2E09607A 
 2977      BE3C2AE5 
 2977      5995
 2978 09f0 087B146F 		.ascii	"\010{\024o\367(\336\326\231\310\032\356mIw\215(\363"
 2978      F728DED6 
 2978      99C81AEE 
 2978      6D49778D 
 2978      28F3
 2979 0a02 50773B1F 		.ascii	"Pw;\037\027\246\007\350\320\034\304\261\325\234&'3\263"
 2979      17A607E8 
 2979      D01CC4B1 
 2979      D59C2627 
ARM GAS  C:\Users\angio\AppData\Local\Temp\ccBoW3RA.s 			page 133


 2979      33B3
 2980 0a14 8D3059B6 		.ascii	"\2150Y\266/Td9(\302\001\205\350\200BTd\"[\214\272\245"
 2980      2F546439 
 2980      28C20185 
 2980      E8804254 
 2980      64225B8C 
 2981 0a2a E469A9CF 		.ascii	"\344i\251\3174\313\314u4\302\314\272\253Uf\275<k@s\365"
 2981      34CBCC75 
 2981      34C2CCBA 
 2981      AB5566BD 
 2981      3C6B4073 
 2982 0a3f 9CFBE9DA 		.ascii	"\234\373\351\332\352V\023\013\361\322\003)\304\006\021"
 2982      EA56130B 
 2982      F1D20329 
 2982      C40611
 2983 0a4e 6A15E65A 		.ascii	"j\025\346Z\205\271\337Hv\350'LeF\333u\305\225\303\224"
 2983      85B9DF48 
 2983      76E8274C 
 2983      6546DB75 
 2983      C595C394 
 2984 0a62 79D9B295 		.ascii	"y\331\262\225g\215\262/M\264g\336\242\222\177\322s\245"
 2984      678DB22F 
 2984      4DB467DE 
 2984      A2927FD2 
 2984      73A5
 2985 0a74 19ED1FE1 		.ascii	"\031\355\037\341\256\324m\370\2567\224\311P\271#\231"
 2985      AED46DF8 
 2985      AE3794C9 
 2985      50B92399 
 2986 0a84 BBD28C07 		.ascii	"\273\322\214\007O\305\225F\305\225\275F\262__\355\352"
 2986      4FC59546 
 2986      C595BD46 
 2986      B25F5FED 
 2986      EA
 2987 0a95 C28A42DD 		.ascii	"\302\212B\335\325\243\005\007\037\347<O6\324.\343r\347"
 2987      D5A30507 
 2987      1FE73C4F 
 2987      36D42EE3 
 2987      72E7
 2988 0aa7 944A3C2D 		.ascii	"\224J<-\"\034Sx\216)<9FR\317x\362J\367\236b\013Aw[i"
 2988      221C5378 
 2988      8E293C39 
 2988      4652CF78 
 2988      F24AF79E 
 2989 0ac1 4707DF62 		.ascii	"G\007\337b\015\242\257\262\223\312\250\223\312\250\375"
 2989      0DA2AFB2 
 2989      93CAA893 
 2989      CAA8FD
 2990 0ad0 01E4D86B 		.ascii	"\001\344\330kT\326\031*K\357\303\223YD~Q\267\322\236"
 2990      54D6192A 
 2990      4BEFC393 
 2990      59447E51 
 2990      B7D29E
 2991 0ae3 4B774B1F 		.ascii	"KwK\037)\211z\226\366<~\371$'P\257\262\316!e\033\217"
 2991      29897A96 
 2991      F63C7EF9 
 2991      242750AF 
ARM GAS  C:\Users\angio\AppData\Local\Temp\ccBoW3RA.s 			page 134


 2991      B2CE2165 
 2992 0af9 E968CFFA 		.ascii	"\351h\317\372\203\006\026SQ\231\024\3239\021N+\336\235"
 2992      83061653 
 2992      519914D3 
 2992      39114E2B 
 2992      DE9D
 2993 0b0b 56BC5B6D 		.ascii	"V\274[m \355\314\273\276\314\314R\234y\017=B\314\231"
 2993      20EDCCBB 
 2993      BECCCC52 
 2993      9C790F3D 
 2993      42CC99
 2994 0b1e 672A8CA0 		.ascii	"g*\214\240[\334\013\312\210\013\354\330L\3563l\357\326"
 2994      5BDC0BCA 
 2994      880BECD8 
 2994      4CEE336C 
 2994      EFD6
 2995 0b30 0B7B2C14 		.ascii	"\013{,\024\353\315\2367\273z\220H\241\355\012\264\235"
 2995      EBCD9E37 
 2995      BB7A9048 
 2995      A1ED0AB4 
 2995      9D
 2996 0b41 433D2696 		.ascii	"C=&\226P\345K\323\315\024\332\335_4k\201\007>\242;\321"
 2996      50E54BD3 
 2996      CD14DADD 
 2996      5F346B81 
 2996      073EA23B 
 2997 0b56 CB0AF632 		.ascii	"\313\012\3662\307~g\022H\001\303{Wt6\231\014tO\215O"
 2997      C77E6712 
 2997      4801C37B 
 2997      57743699 
 2997      0C744F8D 
 2998 0b6b C81AD6B7 		.ascii	"\310\032\326\267v\303\252\223tu\201\353\350\3665Qo\237"
 2998      76C3AA93 
 2998      747581EB 
 2998      E8F63551 
 2998      6F9F
 2999 0b7d D4DCB9F6 		.ascii	"\324\334\271\366N\020\353p@'+\347\336\254\213\201\322"
 2999      4E10EB70 
 2999      40272BE7 
 2999      DEAC8B81 
 2999      D2
 3000 0b8e 32719376 		.ascii	"2q\223v\264f\316\357\015\375\333\"\023;\235U\345\337"
 3000      B466CEEF 
 3000      0DFDDB22 
 3000      133B9D55 
 3000      E5DF
 3001 0ba0 2AE5E36F 		.ascii	"*\345\343o\341\261\256\230\261<\\\375x#MR\270#\302m"
 3001      E1B1AE98 
 3001      B13C5CFD 
 3001      78234D52 
 3001      B823C26D 
 3002 0bb4 EC2D65BD 		.ascii	"\354-e\275\305\313\326\2670\177\356!\367]j\250\247\375"
 3002      C5CBD6B7 
 3002      307FEE21 
 3002      F75D6AA8 
 3002      A7FD
 3003 0bc6 458BFAA6 		.ascii	"E\213\372\246\230\312\345\207\373\370\370\001\266.>"
ARM GAS  C:\Users\angio\AppData\Local\Temp\ccBoW3RA.s 			page 135


 3003      98CAE587 
 3003      FBF8F801 
 3003      B62E3E
 3004 0bd5 01A7CAEE 		.ascii	"\001\247\312\3567\301[y\331\236\362\336g}\263M\205\233"
 3004      37C15B79 
 3004      D99EF2DE 
 3004      677DB34D 
 3004      859B
 3005 0be7 71A3D241 		.ascii	"q\243\322A\020\001Wx\354p\003\301Wx\364K\314\002;9\233"
 3005      10015778 
 3005      EC7003C1 
 3005      5778F44B 
 3005      CC023B39 
 3006 0bfc D9C9B95A 		.ascii	"\331\311\271Z \371f\264a<{\377\341\352\240!\303\207"
 3006      20F966B4 
 3006      613C7BFF 
 3006      E1EAA021 
 3006      C387
 3007 0c0e 2355163D 		.ascii	"#U\026=\240\011\360X\204G\";\307?\241V\340{\021z\251"
 3007      A009F058 
 3007      8447223B 
 3007      C73FA156 
 3007      E07B117A 
 3008 0c23 09DC6DF4 		.ascii	"\011\334m\364=\237\267\2606\0247\232Y\301\364(\336#"
 3008      3D9FB7B0 
 3008      3614379A 
 3008      59C1F428 
 3008      DE23
 3009 0c35 5288BC41 		.ascii	"R\210\274A\211\024\350\346\235\302\274\013\350\326\213"
 3009      8914E8E6 
 3009      9DC2BC0B 
 3009      E8D68B
 3010 0c44 631EFA61 		.ascii	"c\036\372a\242\330\257U\217\257\236`'\327\201\244U\276"
 3010      A2D8AF55 
 3010      8FAF9E60 
 3010      27D781A4 
 3010      55BE
 3011 0c56 A4F40553 		.ascii	"\244\364\005S9\277 X\335\353\364\251\326~\240\263\267"
 3011      39BF2058 
 3011      DDEBF4A9 
 3011      D67EA0B3 
 3011      B7
 3012 0c67 8A8621DE 		.ascii	"\212\206!\336\255\277\325\034\342\177\212x*\016<\365"
 3012      ADBFD51C 
 3012      E27F8A78 
 3012      2A0E3CF5 
 3013 0c77 94DD7FEE 		.ascii	"\224\335\177\356\015P\316{\250\206l\3529\222G\302(\262"
 3013      0D50CE7B 
 3013      A8866CEA 
 3013      399247C2 
 3013      28B2
 3014 0c89 8989F2E2 		.ascii	"\211\211\362\342\364\231\026\223\345\015\000\374\363"
 3014      F4991693 
 3014      E50D00FC 
 3014      F3
 3015 0c96 3950BC10 		.ascii	"9P\274\020\341%b\373E\360\020z\213\013\347\363_\341"
 3015      E12562FB 
ARM GAS  C:\Users\angio\AppData\Local\Temp\ccBoW3RA.s 			page 136


 3015      45F0107A 
 3015      8B0BE7F3 
 3015      5FE1
 3016 0ca8 959EA5D7 		.ascii	"\225\236\245\327=\255$\203yL_`\227R3t0\022p\375\215"
 3016      3DAD2483 
 3016      794C5F60 
 3016      97523374 
 3016      301270FD 
 3017 0cbd 346FF666 		.ascii	"4o\366f\037\011\324s#\223P72\010C\232\330L\375\226N"
 3017      1F09D473 
 3017      23935037 
 3017      3208439A 
 3017      D84CFD96 
 3018 0cd2 F4B5CE9A 		.ascii	"\364\265\316\2320\255\345\231\004\262\010\335J\0236"
 3018      30ADE599 
 3018      04B208DD 
 3018      4A1336
 3019 0ce1 46205BCD 		.ascii	"F [\315\002\331\307\224\230WS[\3002,\2330\371r\263O"
 3019      02D9C794 
 3019      9857535B 
 3019      C0322C9B 
 3019      30F972B3 
 3020 0cf6 8F6149F8 		.ascii	"\217aI\370L\332\204\346\344\317\321\333f\341i\035\346"
 3020      4CDA84E6 
 3020      E4CFD1DB 
 3020      66E1691D 
 3020      E6
 3021 0d07 12E940E1 		.ascii	"\022\351@\341\335\270\343\331\210\332Lz\304\317\305"
 3021      DDB8E3D9 
 3021      88DA4C7A 
 3021      C4CFC5
 3022 0d16 C5701E81 		.ascii	"\305p\036\201\331\204g\324\034\002\363\3517\271\264"
 3022      D98467D4 
 3022      1C02F3E9 
 3022      37B9B4
 3023 0d25 CF8691F9 		.ascii	"\317\206\221\371\201~\274\354\334\177q\313\216\305\322"
 3023      817EBCEC 
 3023      DC7F71CB 
 3023      8EC5D2
 3024 0d34 A9E4E050 		.ascii	"\251\344\340Pz\232\317\221l, \260\220\3407\331\306\261"
 3024      7A9ACF91 
 3024      6C2C20B0 
 3024      90E037D9 
 3024      C6B1
 3025 0d46 30724CDF 		.ascii	"0rL\337\206\367\300\336d\311\007\034\237+\215\377\226"
 3025      86F7C0DE 
 3025      64C9071C 
 3025      9F2B8DFF 
 3025      96
 3026 0d57 D0935FAE 		.ascii	"\320\223_\2562\276>\214\234\017\344\352\0063\315:\004"
 3026      32BE3E8C 
 3026      9C0FE4EA 
 3026      0633CD3A 
 3026      04
 3027 0d68 7243EA08 		.ascii	"rC\352\010B\263\247\317\234\272\256;\353yL\356e\004"
 3027      42B3A7CF 
 3027      9CBAAE3B 
ARM GAS  C:\Users\angio\AppData\Local\Temp\ccBoW3RA.s 			page 137


 3027      EB794CEE 
 3027      6504
 3028 0d7a 31F3E71D 		.ascii	"1\363\347\035\352\011\320J\374\035\201%T\342|\302p\354"
 3028      EA09D04A 
 3028      FC1D8125 
 3028      54E27CC2 
 3028      70EC
 3029 0d8c 48F0B2A5 		.ascii	"H\360\262\245(\310\367\234\244M\010\272\024\255\311"
 3029      28C8F79C 
 3029      A44D08BA 
 3029      14ADC9
 3030 0d9b 2B0B55EC 		.ascii	"+\013U\354,'~v\376n\011\352\333\272\360Rbzauz8&%,%p"
 3030      2C277E76 
 3030      FE6E09EA 
 3030      DBBAF052 
 3030      627A6175 
 3031 0db6 1814DC62 		.ascii	"\030\024\334b\002I1+\303\310}\252\210\241\257`U\241"
 3031      0249312B 
 3031      C3C87DAA 
 3031      88A1AF60 
 3031      55A1
 3032 0dc8 79887F75 		.ascii	"y\210\177u\036\001XE\325\200\325\364\227<|\334\327V"
 3032      1E015845 
 3032      D580D5F4 
 3032      973C7CDC 
 3032      D756
 3033 0dda B2E3CCF0 		.ascii	"\262\343\314\360%\036Oc5\320\032YI(\200\2435u7\367Y"
 3033      251E4F63 
 3033      35D01A59 
 3033      492880A3 
 3033      357537F7 
 3034 0def 5D7A987F 		.ascii	"]z\230\177\335\035\035`\016q'\262:\033C\324\242+$\212"
 3034      DD1D1D60 
 3034      0E7127B2 
 3034      3A1B43D4 
 3034      A22B248A 
 3035 0e03 666BB816 		.ascii	"fk\270\026\367\312\232\366k~\264\253U\317\262k9\240"
 3035      F7CA9AF6 
 3035      6B7EB4AB 
 3035      55CFB26B 
 3035      39A0
 3036 0e15 E9A2F799 		.ascii	"\351\242\367\231\006\320\240\002\326q\300\375\357\362"
 3036      06D0A002 
 3036      D671C0FD 
 3036      EFF2
 3037 0e23 6685AA80 		.ascii	"f\205\252\200\023*`=\007\314\334\265\365\007\315\217"
 3037      132A603D 
 3037      07CCDCB5 
 3037      F507CD8F 
 3038 0e33 577754C0 		.ascii	"WwT\300\006\016(>W~^s$\355P\001\033\211Tm\341\354\377"
 3038      060E283E 
 3038      577E5E73 
 3038      24ED5001 
 3038      1B89546D 
 3039 0e4a 5F913516 		.ascii	"_\2215\026\201l\261\360\276Ad'~\333\207\255\032\333"
 3039      816CB1F0 
 3039      BE416427 
ARM GAS  C:\Users\angio\AppData\Local\Temp\ccBoW3RA.s 			page 138


 3039      7EDB87AD 
 3039      1ADB
 3040 0e5c 610B35F5 		.ascii	"a\0135\365\362\352\252\333fK\307\217\376\012ANI\006"
 3040      F2EAAADB 
 3040      664BC78F 
 3040      FE0A414E 
 3040      4906
 3041 0e6e 86B3242B 		.ascii	"\206\263$+\024I;\035;\270\362t\276\027\206\017\307E"
 3041      14493B1D 
 3041      3BB8F274 
 3041      BE17860F 
 3041      C745
 3042 0e80 947EE832 		.ascii	"\224~\3502\231\267gMY\004\226\017\235\013\334\014n!"
 3042      99B7674D 
 3042      5904960F 
 3042      9D0BDC0C 
 3042      6E21
 3043 0e92 B0471570 		.ascii	"\260G\025p3a\223A\327\311\"i\235D\314\326\001\230b\302"
 3043      33619341 
 3043      D7C92269 
 3043      9D44CCD6 
 3043      019862C2 
 3044 0ea6 175375A2 		.ascii	"\027Su\242J\011\354$\354W\207=l\242\252\010\354\305"
 3044      4A09EC24 
 3044      EC57873D 
 3044      6CA2AA08 
 3044      ECC5
 3045 0eb8 1B029504 		.ascii	"\033\002\225\004v\023(#P\201\303\011_\247\275\253T\303"
 3045      76132823 
 3045      5081C309 
 3045      5FA7BDAB 
 3045      54C3
 3046 0eca DB071866 		.ascii	"\333\007\030f\331\200\206\257`\244+\327-\010\315M'\340"
 3046      D98086AF 
 3046      60A42BD7 
 3046      2D08CD4D 
 3046      27E0
 3047 0edc 2550E20F 		.ascii	"%P\342\017b\036vo\255\345\230\251\260k\000d\223\022"
 3047      621E766F 
 3047      ADE598A9 
 3047      B06B0064 
 3047      9312
 3048 0eee 4477B164 		.ascii	"Dw\261d\006w\306E\376\201\3627B\367j\311\016:\264\315"
 3048      0677C645 
 3048      FE81F237 
 3048      42F76AC9 
 3048      0E3AB4CD 
 3049 0f02 3FD2281A 		.ascii	"?\322(\032hw\301\272\017)\004sm\007\203\370%\357\252"
 3049      6877C1BA 
 3049      0F290473 
 3049      6D0783F8 
 3049      25EFAA
 3050 0f15 8D577A42 		.ascii	"\215WzB\206\370i\362\354\2475\301\301\351k\327\244j"
 3050      86F869F2 
 3050      ECA735C1 
 3050      C1E96BD7 
 3050      A46A
ARM GAS  C:\Users\angio\AppData\Local\Temp\ccBoW3RA.s 			page 139


 3051 0f27 7E64563D 		.ascii	"~dV=8\300\223)kY\367\2210\025\360@}\315Ts\200\337v\340"
 3051      38C09329 
 3051      6B59F791 
 3051      3015F040 
 3051      7DCD5473 
 3052 0f3f 71F18A97 		.ascii	"q\361\212\227\374\254\236KG|\245\014p0\374\245\272M"
 3052      FCAC9E4B 
 3052      477CA50C 
 3052      7030FCA5 
 3052      BA4D
 3053 0f51 272D0C5F 		.ascii	"'-\014_C\340 ]\033v\025duh\006\304+\003\246J'\366\276"
 3053      43E0205D 
 3053      1B761564 
 3053      756806C4 
 3053      2B03A64A 
 3054 0f68 EE754FF8 		.ascii	"\356uO\370\220:\002\265t\310\212\233\005\007\002u\367"
 3054      903A02B5 
 3054      74C88A9B 
 3054      05070275 
 3054      F7
 3055 0f79 010D1879 		.ascii	"\001\015\030y=]\372\027\007\321\241{[s\252\202\364\326"
 3055      3D5DFA17 
 3055      07D1A17B 
 3055      5B73AA82 
 3055      F4D6
 3056 0f8b B846B6C6 		.ascii	"\270F\266\306eQc\245\035\335?X\264k\234\254\360a\302"
 3056      655163A5 
 3056      1DDD3F58 
 3056      B46B9CAC 
 3056      F061C2
 3057 0f9e 70AC     		.ascii	"p\254"
 3058 0fa0 AE33DA96 		.ascii	"\2563\332\226\006k\327/_\014[\277\316\337\354v\362\365"
 3058      066BD72F 
 3058      5F0C5BBF 
 3058      CEDFEC76 
 3058      F2F5
 3059 0fb2 AB89AD5F 		.ascii	"\253\211\255_\036\325\326!\272~m\012AS\371=e\333\002"
 3059      1ED5D621 
 3059      BA7E6D0A 
 3059      4153F93D 
 3059      65DB02
 3060 0fc5 FDA76B96 		.ascii	"\375\247k\226\370:\323\325ya\315\002\315\352\320\254"
 3060      F83AD3D5 
 3060      7961CD02 
 3060      CDEAD0AC 
 3061 0fd5 CED7511A 		.ascii	"\316\327Q\032\364\252 ^\212\201\254\024\033\331\026"
 3061      F4AA205E 
 3061      8A81AC14 
 3061      1BD916
 3062 0fe4 7B7549B9 		.ascii	"{uI\271AO\201\023L\201G\364\025\275\265\243\264\330"
 3062      414F8113 
 3062      4C8147F4 
 3062      15BDB5A3 
 3062      B4D8
 3063 0ff6 A055A085 		.ascii	"\240U\240\205\300q\232\201'\011"
 3063      C0719A81 
 3063      2709
ARM GAS  C:\Users\angio\AppData\Local\Temp\ccBoW3RA.s 			page 140


 3064 1000 C3513B17 		.ascii	"\303Q;\027{o\0371j\025\360\305P\005\274\227\327y\262"
 3064      7B6F1F31 
 3064      6A15F0C5 
 3064      5005BC97 
 3064      D779B2
 3065 1013 0761FCA7 		.ascii	"\007a\374\247X\374\363TK\307h\374\007\203I\021\235\026"
 3065      58FCF354 
 3065      4BC768FC 
 3065      07834911 
 3065      9D16
 3066 1025 E3BEB9BB 		.ascii	"\343\276\271\273\326\031\370F\"P\2046\222A\217Ym\204"
 3066      D619F846 
 3066      22508436 
 3066      92418F59 
 3066      6D84
 3067 1037 6D2AB282 		.ascii	"m*\262\202\245W\310\031\202]\002\264\0228K\247iN\307"
 3067      A557C819 
 3067      825D02B4 
 3067      12384BA7 
 3067      694EC7
 3068 104a 9C7ECDBA 		.ascii	"\234~\315\272\327\257.k\347h\350%R\350\241,\364n\376"
 3068      D7AF2E6B 
 3068      E768E825 
 3068      52E8A12C 
 3068      F46EFE
 3069 105d 85EA7D66 		.ascii	"\205\352}fwz\276n\012\\b\002\264S\333[\262JJD\255\000"
 3069      777ABE6E 
 3069      0A5C6202 
 3069      B453DB5B 
 3069      B24A4A44 
 3070 1073 17095CA0 		.ascii	"\027\011\\\240n_&\014\307R\251\370\361z\213V\000_\014"
 3070      6E5F260C 
 3070      C752A9F8 
 3070      F17A8B56 
 3070      005F0C
 3071 1086 1360F936 		.ascii	"\023`\3716.@\007\023`\267j\351<\025\340\276\231n\312"
 3071      2E400713 
 3071      60B76AE9 
 3071      3C15E0BE 
 3071      996ECA
 3072 1099 4E54CCD4 		.ascii	"NT\314\324\224\324\\\265\244\256\322@\366I\201\204\261"
 3072      94D45CB5 
 3072      A4AED240 
 3072      F6498184 
 3072      B1
 3073 10aa 40FAD891 		.ascii	"@\372\330\221\242\271:?L/\204N\026\302\005\032B\343"
 3073      A2B93A3F 
 3073      4C2F844E 
 3073      16C2051A 
 3073      42E3
 3074 10bc AD8E2341 		.ascii	"\255\216#A\332\020n\020\270N\211o\022\206c\313\371\213"
 3074      DA106E10 
 3074      B84E896F 
 3074      128663CB 
 3074      F98B
 3075 10ce 279D666D 		.ascii	"'\235fm\010\276\030\026\302\366\262,\017\344\341\204"
 3075      08BE1816 
ARM GAS  C:\Users\angio\AppData\Local\Temp\ccBoW3RA.s 			page 141


 3075      C2F6B22C 
 3075      0FE4E184 
 3076 10de 74B118CE 		.ascii	"t\261\030\316\253\246\256\321\030\236\031\004\0225F"
 3076      ABA6AED1 
 3076      189E1904 
 3076      123546
 3077 10ed 088C4D4D 		.ascii	"\010\214MM\2346\326>\"Q\260\3049S\335\366oF$\276-\204"
 3077      9C36D63E 
 3077      2251B0C4 
 3077      3953DDF6 
 3077      6F4624BE 
 3078 1103 C4C55B53 		.ascii	"\304\305[S\322\354iv\253#\311\341\376\315\310\221\221"
 3078      D2EC6976 
 3078      AB23C9E1 
 3078      FECDC891 
 3078      91
 3079 1114 F81717EF 		.ascii	"\370\027\027\357\370\322\341tEGEEE:]\221\361\261\011"
 3079      F8D2E174 
 3079      45474545 
 3079      453A5D91 
 3079      F1B109
 3080 1127 91AED438 		.ascii	"\221\256\3248z\345X\327\3108\363\373\037~\032>>j\254"
 3080      7AE558D7 
 3080      C838F3FB 
 3080      1F7E1A3E 
 3080      3E6AAC
 3081 113a F0736DEF 		.ascii	"\360sm\357\310\177\264\333\307N\211\035;F0\313v-\012"
 3081      C87FB4DB 
 3081      C74E891D 
 3081      3B4630CB 
 3081      762D0A
 3082 114d 817BCCF8 		.ascii	"\201{\314\370\337\305\214\247\246'\271\323l\016g\314"
 3082      DFC58CA7 
 3082      A627B9D3 
 3082      6C0E67CC 
 3083 115d 7467EAD7 		.ascii	"tg\352\327\256\344\3308\2735\315eO\215\371d\362\210"
 3083      AEE4D838 
 3083      BB35CD65 
 3083      4F8DF964 
 3083      F288
 3084 116f 4993278E 		.ascii	"I\223'\216\216~\377\355\261o\177\362\336\210\017?\035"
 3084      8E7EFFED 
 3084      B16F7FF2 
 3084      DE880F3F 
 3084      1D
 3085 1180 FFC17B7F 		.ascii	"\377\301{\177\032\363\266\360\367\272N\245\272#\035"
 3085      1AF3B6F0 
 3085      F7BA4EA5 
 3085      BA231D
 3086 118f 49710969 		.ascii	"Iq\011i6;>Ip\270\334\256\221\361B`\\\374\244\031\256"
 3086      363B3E49 
 3086      70B8DCAE 
 3086      91F14260 
 3086      5CFCA419 
 3087 11a4 0F9C715F 		.ascii	"\017\234q_G\374\364 \327\014:$\210\015\3714)\001\007"
 3087      47FCF420 
 3087      D70C3A24 
ARM GAS  C:\Users\angio\AppData\Local\Temp\ccBoW3RA.s 			page 142


 3087      880DF934 
 3087      290107
 3088 11b7 0D8D8B9F 		.ascii	"\015\215\213\237\034o\373\230z\373\247/\277\262\307"
 3088      1C6FFB98 
 3088      7AFBA72F 
 3088      BFB2C7
 3089 11c6 B927A026 		.ascii	"\271'\240&\2030\000w|\252=\326\346\342\201\204\015\370"
 3089      83300077 
 3089      7CAA3DD6 
 3089      E6E28184 
 3089      0DF8
 3090 11d8 6675FFC3 		.ascii	"fu\377\303OSI#(\235\323\025\233 \371\250?\220\252MA"
 3090      4F534923 
 3090      289DD315 
 3090      9B20F9A8 
 3090      3F90AA4D 
 3091 11ed 68614492 		.ascii	"haD\222\203\337\343\300\020i \367\364\257\351\267\311"
 3091      83DFE3C0 
 3091      106920F7 
 3091      F4AFE9B7 
 3091      C9
 3092 11fe CCAA8FBB 		.ascii	"\314\252\217\273\303\324'\377bg\036\276\223\2200! \321"
 3092      C3D427FF 
 3092      62671EBE 
 3092      93903021 
 3092      20D1
 3093 1210 35D5EAFE 		.ascii	"5\325\352\376\271\337\263\017\355\337\270'h\214\275"
 3093      B9DFB30F 
 3093      EDDFB827 
 3093      688CBD
 3094 121f 97C4BA27 		.ascii	"\227\304\272';\022\355\3164\367\244\020\324\310\221"
 3094      3B12EDCE 
 3094      34F7A410 
 3094      D4C891
 3095 122e E4B6A74E 		.ascii	"\344\266\247N\303Iv\233\034)V\0122\272\034\377\201q"
 3095      C349769B 
 3095      1C29560A 
 3095      32BA1CFF 
 3095      8171
 3096 1240 9BD2F0D1 		.ascii	"\233\322\360\321o\255n\263\303\311\245\010q$%\247\271"
 3096      6FAD6EB3 
 3096      C3C9A508 
 3096      712425A7 
 3096      B9
 3097 1251 6559F4A7 		.ascii	"eY\364\247M/\227\004\2633\305:=\325\341\266\207\"\251"
 3097      4D2F9704 
 3097      B333C53A 
 3097      3DD5E1B6 
 3097      8722A9
 3098 1264 C644B023 		.ascii	"\306D\260#E\015\314\"\323X\335\201)IN\267c\312\014\312"
 3098      450DCC22 
 3098      D358DD81 
 3098      29494EB7 
 3098      63CA0CCA 
 3099 1278 9DF289DD 		.ascii	"\235\362\211\335ewO0:R>Jc\227\367\361[0\273HQ\230(&"
 3099      65774F30 
 3099      3A523E4A 
ARM GAS  C:\Users\angio\AppData\Local\Temp\ccBoW3RA.s 			page 143


 3099      6397F7F1 
 3099      5B30BB48 
 3100 1290 D6362184 		.ascii	"\3266!\204_\245\336`\247\3066: \231q23\301\354\"!\261"
 3100      5FA5DE60 
 3100      A7C6363A 
 3100      20997132 
 3100      33C1EC22 
 3101 12a6 8FDA44CC 		.ascii	"\217\332D\314\237\251\217\023B\245\033\351\361 \226"
 3101      9FA98F13 
 3101      42A51BE9 
 3101      F12096
 3102 12b5 341AAD7F 		.ascii	"4\032\255\177\246\355`\002\363\274\362\321\326\230h"
 3102      A6ED6002 
 3102      F3BCF2D1 
 3102      D69868
 3103 12c4 4F8C4B9E 		.ascii	"O\214K\236aH\260\307N1a<\361\251\316\351\020e\232\222"
 3103      6148B0C7 
 3103      4E31613C 
 3103      F1A9CEE9 
 3103      10659A92 
 3104 12d8 14EE4AB6 		.ascii	"\024\356J\266\307aORRZB\302\277\305\375.\206I\350\342"
 3104      C7614F52 
 3104      525A42C2 
 3104      BFC5FD2E 
 3104      8649E8E2 
 3105 12ec 35E3763A 		.ascii	"5\343v:\023\\1S\223\322\302\331]8\326t\270=\361K\273"
 3105      135C3153 
 3105      93D2C2D9 
 3105      5D38D674 
 3105      B83DF14B 
 3106 1301 CD66B7C5 		.ascii	"\315f\267\305D\215\0329:<zTt\324\310\250Q1\370d\004"
 3106      448D1A39 
 3106      3A3C7A54 
 3106      74D4C8A8 
 3106      5131F864 
 3107 1316 1AB18FB0 		.ascii	"\032\261\217\260\307~\351\210\221r1\306\345Nu$M\305"
 3107      C77EE988 
 3107      917231C6 
 3107      E54E7524 
 3107      4DC5
 3108 1328 7C3224A1 		.ascii	"|2$\241g\206\344T\37343\235\307\321\321V\267!.>65\304"
 3108      6786E454 
 3108      FB34339D 
 3108      C7D1D156 
 3108      B7212E3E 
 3109 133f 6A4521AC 		.ascii	"jE!\254\357\2763\351\275\217>\231\020\022\2330=v\206"
 3109      EFBE33E9 
 3109      BD8F3E99 
 3109      10129B30 
 3109      3D7686
 3110 1352 0B178704 		.ascii	"\013\027\207\004G\222}\274\356\224\3069\023\023\235"
 3110      47927DBC 
 3110      EE94C639 
 3110      13139D
 3111 1361 4991682E 		.ascii	"I\221h.\362\235O&F\216\2378i\302\244\310\361\316T{\344"
 3111      F29D4F26 
 3111      468E9F38 
ARM GAS  C:\Users\angio\AppData\Local\Temp\ccBoW3RA.s 			page 144


 3111      69C2A4C8 
 3111      F1CE547B 
 3112 1376 04B90012 		.ascii	"\004\271\000\022]\016\227uj\\\034-\321d\\{\2544\207"
 3112      5D0E9775 
 3112      6A5C1C2D 
 3112      D1645C7B 
 3112      AC3487
 3113 1389 C7FE9835 		.ascii	"\307\376\2305\212rQ{\323\306\216\2308\342\235\017&#"
 3113      8A72517B 
 3113      D3C68E98 
 3113      38E29D0F 
 3113      2623
 3114 139b 0E572D3B 		.ascii	"\016W-;-!f!\215\325\201\305j\235\222\226\024g\265\216"
 3114      2D216621 
 3114      8DD581C5 
 3114      6A9D9296 
 3114      1467B58E 
 3115 13af 7CDB2CDF 		.ascii	"|\333,\337\0060\231_\243*\235l\376iU\232S\254<\243L"
 3115      0630995F 
 3115      A32A9D6C 
 3115      FE69559A 
 3115      53AC3CA3 
 3116 13c4 98E1B664 		.ascii	"\230\341\266dw\252\211&$^\003R\254ng2>\3762m\312\024"
 3116      77AA8926 
 3116      245E0352 
 3116      AC6E6732 
 3116      3EFE326D 
 3117 13da 7B6A608A 		.ascii	"{j`\2125\316\231F\013\002\357\246\307:\334\250\2451"
 3117      35CE9946 
 3117      0B02EFA6 
 3117      C73ADCA8 
 3117      A531
 3118 13ec C58ADA7C 		.ascii	"\305\212\332|=\362\225\351.\023jR>^P\035\037\255\336"
 3118      3DF295E9 
 3118      2E136A52 
 3118      3E5E501D 
 3118      1FADDE
 3119 13ff 460758DF 		.ascii	"F\007X\337\305YU;\242\324\333Q\377\013;\205\352R"
 3119      C559553B 
 3119      A2D4DB51 
 3119      FF0B3B85 
 3119      EA52
 3120              		.text
 3121              		.section	.gnu.lto_.symtab.1f2b1718,"e",%progbits
 3122 0000 69714F62 		.ascii	"iqObjectInit\000"
 3122      6A656374 
 3122      496E6974 
 3122      00
 3123 000d 00       		.ascii	"\000"
 3124 000e 00       		.ascii	"\000"
 3125 000f 00       		.ascii	"\000"
 3126 0010 00000000 		.ascii	"\000\000\000\000\000\000\000\000"
 3126      00000000 
 3127 0018 1B010000 		.ascii	"\033\001\000\000"
 3128 001c 69715265 		.ascii	"iqResetI\000"
 3128      73657449 
 3128      00
ARM GAS  C:\Users\angio\AppData\Local\Temp\ccBoW3RA.s 			page 145


 3129 0025 00       		.ascii	"\000"
 3130 0026 00       		.ascii	"\000"
 3131 0027 00       		.ascii	"\000"
 3132 0028 00000000 		.ascii	"\000\000\000\000\000\000\000\000"
 3132      00000000 
 3133 0030 1F010000 		.ascii	"\037\001\000\000"
 3134 0034 69715075 		.ascii	"iqPutI\000"
 3134      744900
 3135 003b 00       		.ascii	"\000"
 3136 003c 00       		.ascii	"\000"
 3137 003d 00       		.ascii	"\000"
 3138 003e 00000000 		.ascii	"\000\000\000\000\000\000\000\000"
 3138      00000000 
 3139 0046 24010000 		.ascii	"$\001\000\000"
 3140 004a 69714765 		.ascii	"iqGetI\000"
 3140      744900
 3141 0051 00       		.ascii	"\000"
 3142 0052 00       		.ascii	"\000"
 3143 0053 00       		.ascii	"\000"
 3144 0054 00000000 		.ascii	"\000\000\000\000\000\000\000\000"
 3144      00000000 
 3145 005c 28010000 		.ascii	"(\001\000\000"
 3146 0060 69714765 		.ascii	"iqGetTimeout\000"
 3146      7454696D 
 3146      656F7574 
 3146      00
 3147 006d 00       		.ascii	"\000"
 3148 006e 00       		.ascii	"\000"
 3149 006f 00       		.ascii	"\000"
 3150 0070 00000000 		.ascii	"\000\000\000\000\000\000\000\000"
 3150      00000000 
 3151 0078 2D010000 		.ascii	"-\001\000\000"
 3152 007c 69715265 		.ascii	"iqReadI\000"
 3152      61644900 
 3153 0084 00       		.ascii	"\000"
 3154 0085 00       		.ascii	"\000"
 3155 0086 00       		.ascii	"\000"
 3156 0087 00000000 		.ascii	"\000\000\000\000\000\000\000\000"
 3156      00000000 
 3157 008f 2F010000 		.ascii	"/\001\000\000"
 3158 0093 69715265 		.ascii	"iqReadTimeout\000"
 3158      61645469 
 3158      6D656F75 
 3158      7400
 3159 00a1 00       		.ascii	"\000"
 3160 00a2 00       		.ascii	"\000"
 3161 00a3 00       		.ascii	"\000"
 3162 00a4 00000000 		.ascii	"\000\000\000\000\000\000\000\000"
 3162      00000000 
 3163 00ac 36010000 		.ascii	"6\001\000\000"
 3164 00b0 6F714F62 		.ascii	"oqObjectInit\000"
 3164      6A656374 
 3164      496E6974 
 3164      00
 3165 00bd 00       		.ascii	"\000"
 3166 00be 00       		.ascii	"\000"
 3167 00bf 00       		.ascii	"\000"
ARM GAS  C:\Users\angio\AppData\Local\Temp\ccBoW3RA.s 			page 146


 3168 00c0 00000000 		.ascii	"\000\000\000\000\000\000\000\000"
 3168      00000000 
 3169 00c8 3E010000 		.ascii	">\001\000\000"
 3170 00cc 6F715265 		.ascii	"oqResetI\000"
 3170      73657449 
 3170      00
 3171 00d5 00       		.ascii	"\000"
 3172 00d6 00       		.ascii	"\000"
 3173 00d7 00       		.ascii	"\000"
 3174 00d8 00000000 		.ascii	"\000\000\000\000\000\000\000\000"
 3174      00000000 
 3175 00e0 42010000 		.ascii	"B\001\000\000"
 3176 00e4 6F715075 		.ascii	"oqPutI\000"
 3176      744900
 3177 00eb 00       		.ascii	"\000"
 3178 00ec 00       		.ascii	"\000"
 3179 00ed 00       		.ascii	"\000"
 3180 00ee 00000000 		.ascii	"\000\000\000\000\000\000\000\000"
 3180      00000000 
 3181 00f6 47010000 		.ascii	"G\001\000\000"
 3182 00fa 6F715075 		.ascii	"oqPutTimeout\000"
 3182      7454696D 
 3182      656F7574 
 3182      00
 3183 0107 00       		.ascii	"\000"
 3184 0108 00       		.ascii	"\000"
 3185 0109 00       		.ascii	"\000"
 3186 010a 00000000 		.ascii	"\000\000\000\000\000\000\000\000"
 3186      00000000 
 3187 0112 4D010000 		.ascii	"M\001\000\000"
 3188 0116 6F714765 		.ascii	"oqGetI\000"
 3188      744900
 3189 011d 00       		.ascii	"\000"
 3190 011e 00       		.ascii	"\000"
 3191 011f 00       		.ascii	"\000"
 3192 0120 00000000 		.ascii	"\000\000\000\000\000\000\000\000"
 3192      00000000 
 3193 0128 51010000 		.ascii	"Q\001\000\000"
 3194 012c 6F715772 		.ascii	"oqWriteI\000"
 3194      69746549 
 3194      00
 3195 0135 00       		.ascii	"\000"
 3196 0136 00       		.ascii	"\000"
 3197 0137 00       		.ascii	"\000"
 3198 0138 00000000 		.ascii	"\000\000\000\000\000\000\000\000"
 3198      00000000 
 3199 0140 53010000 		.ascii	"S\001\000\000"
 3200 0144 6F715772 		.ascii	"oqWriteTimeout\000"
 3200      69746554 
 3200      696D656F 
 3200      757400
 3201 0153 00       		.ascii	"\000"
 3202 0154 00       		.ascii	"\000"
 3203 0155 00       		.ascii	"\000"
 3204 0156 00000000 		.ascii	"\000\000\000\000\000\000\000\000"
 3204      00000000 
 3205 015e 5A010000 		.ascii	"Z\001\000\000"
ARM GAS  C:\Users\angio\AppData\Local\Temp\ccBoW3RA.s 			page 147


 3206 0162 63685468 		.ascii	"chThdDequeueAllI\000"
 3206      64446571 
 3206      75657565 
 3206      416C6C49 
 3206      00
 3207 0173 00       		.ascii	"\000"
 3208 0174 02       		.ascii	"\002"
 3209 0175 00       		.ascii	"\000"
 3210 0176 00000000 		.ascii	"\000\000\000\000\000\000\000\000"
 3210      00000000 
 3211 017e 5C010000 		.ascii	"\\\001\000\000"
 3212 0182 63685468 		.ascii	"chThdDequeueNextI\000"
 3212      64446571 
 3212      75657565 
 3212      4E657874 
 3212      4900
 3213 0194 00       		.ascii	"\000"
 3214 0195 02       		.ascii	"\002"
 3215 0196 00       		.ascii	"\000"
 3216 0197 00000000 		.ascii	"\000\000\000\000\000\000\000\000"
 3216      00000000 
 3217 019f 5E010000 		.ascii	"^\001\000\000"
 3218 01a3 63685468 		.ascii	"chThdEnqueueTimeoutS\000"
 3218      64456E71 
 3218      75657565 
 3218      54696D65 
 3218      6F757453 
 3219 01b8 00       		.ascii	"\000"
 3220 01b9 02       		.ascii	"\002"
 3221 01ba 00       		.ascii	"\000"
 3222 01bb 00000000 		.ascii	"\000\000\000\000\000\000\000\000"
 3222      00000000 
 3223 01c3 60010000 		.ascii	"`\001\000\000"
 3224              		.text
 3225              		.section	.gnu.lto_.ext_symtab.1f2b1718,"e",%progbits
 3226 0000 01       		.ascii	"\001"
 3227 0001 01       		.ascii	"\001"
 3228 0002 00       		.ascii	"\000"
 3229 0003 01       		.ascii	"\001"
 3230 0004 00       		.ascii	"\000"
 3231 0005 01       		.ascii	"\001"
 3232 0006 00       		.ascii	"\000"
 3233 0007 01       		.ascii	"\001"
 3234 0008 00       		.ascii	"\000"
 3235 0009 01       		.ascii	"\001"
 3236 000a 00       		.ascii	"\000"
 3237 000b 01       		.ascii	"\001"
 3238 000c 00       		.ascii	"\000"
 3239 000d 01       		.ascii	"\001"
 3240 000e 00       		.ascii	"\000"
 3241 000f 01       		.ascii	"\001"
 3242 0010 00       		.ascii	"\000"
 3243 0011 01       		.ascii	"\001"
 3244 0012 00       		.ascii	"\000"
 3245 0013 01       		.ascii	"\001"
 3246 0014 00       		.ascii	"\000"
 3247 0015 01       		.ascii	"\001"
ARM GAS  C:\Users\angio\AppData\Local\Temp\ccBoW3RA.s 			page 148


 3248 0016 00       		.ascii	"\000"
 3249 0017 01       		.ascii	"\001"
 3250 0018 00       		.ascii	"\000"
 3251 0019 01       		.ascii	"\001"
 3252 001a 00       		.ascii	"\000"
 3253 001b 01       		.ascii	"\001"
 3254 001c 00       		.ascii	"\000"
 3255 001d 01       		.ascii	"\001"
 3256 001e 00       		.ascii	"\000"
 3257 001f 01       		.ascii	"\001"
 3258 0020 00       		.ascii	"\000"
 3259 0021 01       		.ascii	"\001"
 3260 0022 00       		.ascii	"\000"
 3261              		.text
 3262              		.section	.gnu.lto_.opts,"e",%progbits
 3263 0000 272D666E 		.ascii	"'-fno-openmp' '-fno-openacc' '-fno-pie' '-fcf-prote"
 3263      6F2D6F70 
 3263      656E6D70 
 3263      2720272D 
 3263      666E6F2D 
 3264 0033 6374696F 		.ascii	"ction=none' '-g' '-mcpu=cortex-m4' '-mthumb' '-mflo"
 3264      6E3D6E6F 
 3264      6E652720 
 3264      272D6727 
 3264      20272D6D 
 3265 0066 61742D61 		.ascii	"at-abi=soft' '-mlibarch=armv7e-m' '-march=armv7e-m'"
 3265      62693D73 
 3265      6F667427 
 3265      20272D6D 
 3265      6C696261 
 3266 0099 20272D4F 		.ascii	" '-O0' '-fomit-frame-pointer' '-falign-functions=16"
 3266      30272027 
 3266      2D666F6D 
 3266      69742D66 
 3266      72616D65 
 3267 00cc 2720272D 		.ascii	"' '-ffunction-sections' '-fdata-sections' '-fno-com"
 3267      6666756E 
 3267      6374696F 
 3267      6E2D7365 
 3267      6374696F 
 3268 00ff 6D6F6E27 		.ascii	"mon' '-flto' '-Xassembler' '-alms=./build/lst/hal_q"
 3268      20272D66 
 3268      6C746F27 
 3268      20272D58 
 3268      61737365 
 3269 0132 75657565 		.ascii	"ueues.lst'\000"
 3269      732E6C73 
 3269      742700
 3270              		.text
 3271              		.comm	__gnu_lto_slim,1,1
 3272              		.ident	"GCC: (GNU Arm Embedded Toolchain 10.3-2021.10) 10.3.1 20210824 (release)"
ARM GAS  C:\Users\angio\AppData\Local\Temp\ccBoW3RA.s 			page 149


DEFINED SYMBOLS
                            *ABS*:00000000 hal_queues.c
C:\Users\angio\AppData\Local\Temp\ccBoW3RA.s:32     .gnu.debuglto_.debug_info:00000000 hal_queues.c.5ee7fa76
                            *COM*:00000001 __gnu_lto_slim

NO UNDEFINED SYMBOLS
