ARM GAS  C:\Users\angio\AppData\Local\Temp\cciUCl9c.s 			page 1


   1              		.cpu cortex-m4
   2              		.arch armv7e-m
   3              		.fpu softvfp
   4              		.eabi_attribute 20, 1
   5              		.eabi_attribute 21, 1
   6              		.eabi_attribute 23, 3
   7              		.eabi_attribute 24, 1
   8              		.eabi_attribute 25, 1
   9              		.eabi_attribute 26, 1
  10              		.eabi_attribute 30, 6
  11              		.eabi_attribute 34, 1
  12              		.eabi_attribute 18, 4
  13              		.file	"hal_sio_lld.c"
  14              		.file 1 "c:\\chibistudio\\tools\\gnu tools arm embedded\\10.3 2021.10\\lib\\gcc\\arm-none-eabi\\10
  15              		.file 2 "c:\\chibistudio\\tools\\gnu tools arm embedded\\10.3 2021.10\\arm-none-eabi\\include\\mac
  16              		.file 3 "c:\\chibistudio\\tools\\gnu tools arm embedded\\10.3 2021.10\\arm-none-eabi\\include\\sys
  17              		.file 4 "c:\\chibistudio\\tools\\gnu tools arm embedded\\10.3 2021.10\\arm-none-eabi\\include\\std
  18              		.file 5 "../../chibios2111/os/common/ports/ARM-common/chtypes.h"
  19              		.file 6 "../../chibios2111/os/rt/include/chearly.h"
  20              		.file 7 "../../chibios2111/os/rt/include/chobjects.h"
  21              		.file 8 "../../chibios2111/os/rt/include/chrfcu.h"
  22              		.file 9 "../../chibios2111/os/rt/include/chdebug.h"
  23              		.file 10 "../../chibios2111/os/rt/include/chtime.h"
  24              		.file 11 "../../chibios2111/os/rt/include/chlists.h"
  25              		.file 12 "../../chibios2111/os/common/ext/ST/STM32G4xx/stm32g474xx.h"
  26              		.file 13 "../../chibios2111/os/common/ports/ARMv7-M-ALT/chcore.h"
  27              		.file 14 "../../chibios2111/os/rt/include/chsem.h"
  28              		.file 15 "../../chibios2111/os/rt/include/chmtx.h"
  29              		.file 16 "../../chibios2111/os/hal/include/hal_sio.h"
  30              		.file 17 "../../chibios2111/os/hal/ports/STM32/LLD/USARTv3/hal_sio_lld.c"
  31              		.file 18 "../../chibios2111/os/hal/osal/rt-nil/osal.h"
  32              		.file 19 "../../chibios2111/os/rt/include/chsys.h"
  33              		.file 20 "../../chibios2111/os/common/ext/ARM/CMSIS/Core/Include/cmsis_gcc.h"
  34              		.file 21 "../../chibios2111/os/hal/ports/STM32/LLD/USARTv3/hal_sio_lld.h"
  35              		.section	.gnu.debuglto_.debug_info,"e",%progbits
  36              	.Ldebug_info0:
  37              		.hidden	hal_sio_lld.c.58472486
  38              		.weak	hal_sio_lld.c.58472486
  39              	hal_sio_lld.c.58472486:
  40 0000 B5120000 		.4byte	0x12b5
  41 0004 0400     		.2byte	0x4
  42 0006 00000000 		.4byte	.Ldebug_abbrev0
  43 000a 04       		.byte	0x4
  44 000b 01       		.uleb128 0x1
  45 000c 5C010000 		.4byte	.LASF223
  46 0010 0C       		.byte	0xc
  47 0011 28060000 		.4byte	.LASF224
  48 0015 D4030000 		.4byte	.LASF225
  49 0019 00000000 		.4byte	.Ldebug_line0
  50 001d 02       		.uleb128 0x2
  51 001e 04       		.byte	0x4
  52 001f 05       		.byte	0x5
  53 0020 696E7400 		.ascii	"int\000"
  54 0024 03       		.uleb128 0x3
  55 0025 10000000 		.4byte	.LASF4
  56 0029 01       		.byte	0x1
  57 002a D1       		.byte	0xd1
ARM GAS  C:\Users\angio\AppData\Local\Temp\cciUCl9c.s 			page 2


  58 002b 17       		.byte	0x17
  59 002c 30000000 		.4byte	0x30
  60 0030 04       		.uleb128 0x4
  61 0031 04       		.byte	0x4
  62 0032 07       		.byte	0x7
  63 0033 D1060000 		.4byte	.LASF0
  64 0037 04       		.uleb128 0x4
  65 0038 08       		.byte	0x8
  66 0039 05       		.byte	0x5
  67 003a 1A060000 		.4byte	.LASF1
  68 003e 04       		.uleb128 0x4
  69 003f 08       		.byte	0x8
  70 0040 04       		.byte	0x4
  71 0041 5E070000 		.4byte	.LASF2
  72 0045 04       		.uleb128 0x4
  73 0046 01       		.byte	0x1
  74 0047 06       		.byte	0x6
  75 0048 E9020000 		.4byte	.LASF3
  76 004c 03       		.uleb128 0x3
  77 004d 1E010000 		.4byte	.LASF5
  78 0051 02       		.byte	0x2
  79 0052 2B       		.byte	0x2b
  80 0053 18       		.byte	0x18
  81 0054 58000000 		.4byte	0x58
  82 0058 04       		.uleb128 0x4
  83 0059 01       		.byte	0x1
  84 005a 08       		.byte	0x8
  85 005b 47030000 		.4byte	.LASF6
  86 005f 04       		.uleb128 0x4
  87 0060 02       		.byte	0x2
  88 0061 05       		.byte	0x5
  89 0062 0B090000 		.4byte	.LASF7
  90 0066 04       		.uleb128 0x4
  91 0067 02       		.byte	0x2
  92 0068 07       		.byte	0x7
  93 0069 330A0000 		.4byte	.LASF8
  94 006d 03       		.uleb128 0x3
  95 006e 740A0000 		.4byte	.LASF9
  96 0072 02       		.byte	0x2
  97 0073 4D       		.byte	0x4d
  98 0074 18       		.byte	0x18
  99 0075 79000000 		.4byte	0x79
 100 0079 04       		.uleb128 0x4
 101 007a 04       		.byte	0x4
 102 007b 05       		.byte	0x5
 103 007c 2B020000 		.4byte	.LASF10
 104 0080 03       		.uleb128 0x3
 105 0081 07060000 		.4byte	.LASF11
 106 0085 02       		.byte	0x2
 107 0086 4F       		.byte	0x4f
 108 0087 19       		.byte	0x19
 109 0088 8C000000 		.4byte	0x8c
 110 008c 04       		.uleb128 0x4
 111 008d 04       		.byte	0x4
 112 008e 07       		.byte	0x7
 113 008f 42050000 		.4byte	.LASF12
 114 0093 03       		.uleb128 0x3
ARM GAS  C:\Users\angio\AppData\Local\Temp\cciUCl9c.s 			page 3


 115 0094 37050000 		.4byte	.LASF13
 116 0098 02       		.byte	0x2
 117 0099 69       		.byte	0x69
 118 009a 19       		.byte	0x19
 119 009b 9F000000 		.4byte	0x9f
 120 009f 04       		.uleb128 0x4
 121 00a0 08       		.byte	0x8
 122 00a1 07       		.byte	0x7
 123 00a2 C8070000 		.4byte	.LASF14
 124 00a6 03       		.uleb128 0x3
 125 00a7 FC020000 		.4byte	.LASF15
 126 00ab 03       		.byte	0x3
 127 00ac 18       		.byte	0x18
 128 00ad 13       		.byte	0x13
 129 00ae 4C000000 		.4byte	0x4c
 130 00b2 05       		.uleb128 0x5
 131 00b3 A6000000 		.4byte	0xa6
 132 00b7 03       		.uleb128 0x3
 133 00b8 52000000 		.4byte	.LASF16
 134 00bc 03       		.byte	0x3
 135 00bd 2C       		.byte	0x2c
 136 00be 13       		.byte	0x13
 137 00bf 6D000000 		.4byte	0x6d
 138 00c3 03       		.uleb128 0x3
 139 00c4 E1090000 		.4byte	.LASF17
 140 00c8 03       		.byte	0x3
 141 00c9 30       		.byte	0x30
 142 00ca 14       		.byte	0x14
 143 00cb 80000000 		.4byte	0x80
 144 00cf 06       		.uleb128 0x6
 145 00d0 C3000000 		.4byte	0xc3
 146 00d4 05       		.uleb128 0x5
 147 00d5 C3000000 		.4byte	0xc3
 148 00d9 03       		.uleb128 0x3
 149 00da 3C090000 		.4byte	.LASF18
 150 00de 03       		.byte	0x3
 151 00df 3C       		.byte	0x3c
 152 00e0 14       		.byte	0x14
 153 00e1 93000000 		.4byte	0x93
 154 00e5 06       		.uleb128 0x6
 155 00e6 D9000000 		.4byte	0xd9
 156 00ea 03       		.uleb128 0x3
 157 00eb 070A0000 		.4byte	.LASF19
 158 00ef 04       		.byte	0x4
 159 00f0 3E       		.byte	0x3e
 160 00f1 20       		.byte	0x20
 161 00f2 30000000 		.4byte	0x30
 162 00f6 03       		.uleb128 0x3
 163 00f7 19080000 		.4byte	.LASF20
 164 00fb 05       		.byte	0x5
 165 00fc 48       		.byte	0x48
 166 00fd 1D       		.byte	0x1d
 167 00fe D9000000 		.4byte	0xd9
 168 0102 03       		.uleb128 0x3
 169 0103 46040000 		.4byte	.LASF21
 170 0107 06       		.byte	0x6
 171 0108 50       		.byte	0x50
ARM GAS  C:\Users\angio\AppData\Local\Temp\cciUCl9c.s 			page 4


 172 0109 19       		.byte	0x19
 173 010a F6000000 		.4byte	0xf6
 174 010e 03       		.uleb128 0x3
 175 010f 97080000 		.4byte	.LASF22
 176 0113 06       		.byte	0x6
 177 0114 53       		.byte	0x53
 178 0115 19       		.byte	0x19
 179 0116 A6000000 		.4byte	0xa6
 180 011a 03       		.uleb128 0x3
 181 011b 7D020000 		.4byte	.LASF23
 182 011f 06       		.byte	0x6
 183 0120 54       		.byte	0x54
 184 0121 19       		.byte	0x19
 185 0122 A6000000 		.4byte	0xa6
 186 0126 03       		.uleb128 0x3
 187 0127 B5090000 		.4byte	.LASF24
 188 012b 06       		.byte	0x6
 189 012c 55       		.byte	0x55
 190 012d 19       		.byte	0x19
 191 012e A6000000 		.4byte	0xa6
 192 0132 03       		.uleb128 0x3
 193 0133 40000000 		.4byte	.LASF25
 194 0137 06       		.byte	0x6
 195 0138 57       		.byte	0x57
 196 0139 19       		.byte	0x19
 197 013a C3000000 		.4byte	0xc3
 198 013e 03       		.uleb128 0x3
 199 013f F8070000 		.4byte	.LASF26
 200 0143 06       		.byte	0x6
 201 0144 58       		.byte	0x58
 202 0145 19       		.byte	0x19
 203 0146 B7000000 		.4byte	0xb7
 204 014a 03       		.uleb128 0x3
 205 014b 0E030000 		.4byte	.LASF27
 206 014f 06       		.byte	0x6
 207 0150 5A       		.byte	0x5a
 208 0151 19       		.byte	0x19
 209 0152 C3000000 		.4byte	0xc3
 210 0156 03       		.uleb128 0x3
 211 0157 FE070000 		.4byte	.LASF28
 212 015b 06       		.byte	0x6
 213 015c 5B       		.byte	0x5b
 214 015d 19       		.byte	0x19
 215 015e C3000000 		.4byte	0xc3
 216 0162 03       		.uleb128 0x3
 217 0163 AD040000 		.4byte	.LASF29
 218 0167 06       		.byte	0x6
 219 0168 5C       		.byte	0x5c
 220 0169 19       		.byte	0x19
 221 016a B7000000 		.4byte	0xb7
 222 016e 03       		.uleb128 0x3
 223 016f 04030000 		.4byte	.LASF30
 224 0173 06       		.byte	0x6
 225 0174 80       		.byte	0x80
 226 0175 12       		.byte	0x12
 227 0176 30000000 		.4byte	0x30
 228 017a 03       		.uleb128 0x3
ARM GAS  C:\Users\angio\AppData\Local\Temp\cciUCl9c.s 			page 5


 229 017b 46070000 		.4byte	.LASF31
 230 017f 06       		.byte	0x6
 231 0180 85       		.byte	0x85
 232 0181 1A       		.byte	0x1a
 233 0182 86010000 		.4byte	0x186
 234 0186 07       		.uleb128 0x7
 235 0187 78050000 		.4byte	.LASF46
 236 018b 70       		.byte	0x70
 237 018c 07       		.byte	0x7
 238 018d 9C       		.byte	0x9c
 239 018e 08       		.byte	0x8
 240 018f 69020000 		.4byte	0x269
 241 0193 08       		.uleb128 0x8
 242 0194 68647200 		.ascii	"hdr\000"
 243 0198 07       		.byte	0x7
 244 0199 AD       		.byte	0xad
 245 019a 05       		.byte	0x5
 246 019b 3A090000 		.4byte	0x93a
 247 019f 00       		.byte	0
 248 01a0 08       		.uleb128 0x8
 249 01a1 63747800 		.ascii	"ctx\000"
 250 01a5 07       		.byte	0x7
 251 01a6 B1       		.byte	0xb1
 252 01a7 21       		.byte	0x21
 253 01a8 88080000 		.4byte	0x888
 254 01ac 0C       		.byte	0xc
 255 01ad 09       		.uleb128 0x9
 256 01ae A6040000 		.4byte	.LASF32
 257 01b2 07       		.byte	0x7
 258 01b3 B6       		.byte	0xb6
 259 01b4 21       		.byte	0x21
 260 01b5 AA030000 		.4byte	0x3aa
 261 01b9 38       		.byte	0x38
 262 01ba 09       		.uleb128 0x9
 263 01bb 3A000000 		.4byte	.LASF33
 264 01bf 07       		.byte	0x7
 265 01c0 BB       		.byte	0xbb
 266 01c1 22       		.byte	0x22
 267 01c2 470A0000 		.4byte	0xa47
 268 01c6 40       		.byte	0x40
 269 01c7 09       		.uleb128 0x9
 270 01c8 DA080000 		.4byte	.LASF34
 271 01cc 07       		.byte	0x7
 272 01cd C0       		.byte	0xc0
 273 01ce 22       		.byte	0x22
 274 01cf 42030000 		.4byte	0x342
 275 01d3 44       		.byte	0x44
 276 01d4 09       		.uleb128 0x9
 277 01d5 85080000 		.4byte	.LASF35
 278 01d9 07       		.byte	0x7
 279 01da C9       		.byte	0xc9
 280 01db 22       		.byte	0x22
 281 01dc B8080000 		.4byte	0x8b8
 282 01e0 48       		.byte	0x48
 283 01e1 09       		.uleb128 0x9
 284 01e2 B3000000 		.4byte	.LASF36
 285 01e6 07       		.byte	0x7
ARM GAS  C:\Users\angio\AppData\Local\Temp\cciUCl9c.s 			page 6


 286 01e7 CE       		.byte	0xce
 287 01e8 21       		.byte	0x21
 288 01e9 1A010000 		.4byte	0x11a
 289 01ed 4C       		.byte	0x4c
 290 01ee 09       		.uleb128 0x9
 291 01ef 3B040000 		.4byte	.LASF37
 292 01f3 07       		.byte	0x7
 293 01f4 D2       		.byte	0xd2
 294 01f5 21       		.byte	0x21
 295 01f6 0E010000 		.4byte	0x10e
 296 01fa 4D       		.byte	0x4d
 297 01fb 09       		.uleb128 0x9
 298 01fc 35080000 		.4byte	.LASF38
 299 0200 07       		.byte	0x7
 300 0201 D7       		.byte	0xd7
 301 0202 21       		.byte	0x21
 302 0203 26010000 		.4byte	0x126
 303 0207 4E       		.byte	0x4e
 304 0208 0A       		.uleb128 0xa
 305 0209 7500     		.ascii	"u\000"
 306 020b 07       		.byte	0x7
 307 020c 2801     		.2byte	0x128
 308 020e 21       		.byte	0x21
 309 020f 68090000 		.4byte	0x968
 310 0213 50       		.byte	0x50
 311 0214 0B       		.uleb128 0xb
 312 0215 A5090000 		.4byte	.LASF39
 313 0219 07       		.byte	0x7
 314 021a 2D01     		.2byte	0x12d
 315 021c 21       		.byte	0x21
 316 021d 7D030000 		.4byte	0x37d
 317 0221 54       		.byte	0x54
 318 0222 0B       		.uleb128 0xb
 319 0223 5B090000 		.4byte	.LASF40
 320 0227 07       		.byte	0x7
 321 0228 3301     		.2byte	0x133
 322 022a 21       		.byte	0x21
 323 022b AA030000 		.4byte	0x3aa
 324 022f 58       		.byte	0x58
 325 0230 0B       		.uleb128 0xb
 326 0231 86020000 		.4byte	.LASF41
 327 0235 07       		.byte	0x7
 328 0236 3901     		.2byte	0x139
 329 0238 21       		.byte	0x21
 330 0239 4A010000 		.4byte	0x14a
 331 023d 60       		.byte	0x60
 332 023e 0B       		.uleb128 0xb
 333 023f 12060000 		.4byte	.LASF42
 334 0243 07       		.byte	0x7
 335 0244 4001     		.2byte	0x140
 336 0246 22       		.byte	0x22
 337 0247 410A0000 		.4byte	0xa41
 338 024b 64       		.byte	0x64
 339 024c 0B       		.uleb128 0xb
 340 024d BC050000 		.4byte	.LASF43
 341 0251 07       		.byte	0x7
 342 0252 4401     		.2byte	0x144
ARM GAS  C:\Users\angio\AppData\Local\Temp\cciUCl9c.s 			page 7


 343 0254 21       		.byte	0x21
 344 0255 32010000 		.4byte	0x132
 345 0259 68       		.byte	0x68
 346 025a 0B       		.uleb128 0xb
 347 025b 73040000 		.4byte	.LASF44
 348 025f 07       		.byte	0x7
 349 0260 4B01     		.2byte	0x14b
 350 0262 22       		.byte	0x22
 351 0263 BE080000 		.4byte	0x8be
 352 0267 6C       		.byte	0x6c
 353 0268 00       		.byte	0
 354 0269 03       		.uleb128 0x3
 355 026a DE060000 		.4byte	.LASF45
 356 026e 06       		.byte	0x6
 357 026f 8A       		.byte	0x8a
 358 0270 1F       		.byte	0x1f
 359 0271 75020000 		.4byte	0x275
 360 0275 0C       		.uleb128 0xc
 361 0276 ED040000 		.4byte	.LASF47
 362 027a B0       		.byte	0xb0
 363 027b 07       		.byte	0x7
 364 027c 8A01     		.2byte	0x18a
 365 027e 08       		.byte	0x8
 366 027f F4020000 		.4byte	0x2f4
 367 0283 0B       		.uleb128 0xb
 368 0284 91080000 		.4byte	.LASF48
 369 0288 07       		.byte	0x7
 370 0289 8E01     		.2byte	0x18e
 371 028b 21       		.byte	0x21
 372 028c 780A0000 		.4byte	0xa78
 373 0290 00       		.byte	0
 374 0291 0B       		.uleb128 0xb
 375 0292 9E090000 		.4byte	.LASF49
 376 0296 07       		.byte	0x7
 377 0297 9201     		.2byte	0x192
 378 0299 21       		.byte	0x21
 379 029a F5080000 		.4byte	0x8f5
 380 029e 10       		.byte	0x10
 381 029f 0B       		.uleb128 0xb
 382 02a0 7B090000 		.4byte	.LASF50
 383 02a4 07       		.byte	0x7
 384 02a5 9901     		.2byte	0x199
 385 02a7 21       		.byte	0x21
 386 02a8 1C090000 		.4byte	0x91c
 387 02ac 28       		.byte	0x28
 388 02ad 0B       		.uleb128 0xb
 389 02ae 51040000 		.4byte	.LASF51
 390 02b2 07       		.byte	0x7
 391 02b3 9E01     		.2byte	0x19e
 392 02b5 21       		.byte	0x21
 393 02b6 6E010000 		.4byte	0x16e
 394 02ba 30       		.byte	0x30
 395 02bb 0B       		.uleb128 0xb
 396 02bc 56090000 		.4byte	.LASF52
 397 02c0 07       		.byte	0x7
 398 02c1 A401     		.2byte	0x1a4
 399 02c3 21       		.byte	0x21
ARM GAS  C:\Users\angio\AppData\Local\Temp\cciUCl9c.s 			page 8


 400 02c4 1B030000 		.4byte	0x31b
 401 02c8 34       		.byte	0x34
 402 02c9 0B       		.uleb128 0xb
 403 02ca AC000000 		.4byte	.LASF53
 404 02ce 07       		.byte	0x7
 405 02cf A901     		.2byte	0x1a9
 406 02d1 22       		.byte	0x22
 407 02d2 EC0A0000 		.4byte	0xaec
 408 02d6 38       		.byte	0x38
 409 02d7 0B       		.uleb128 0xb
 410 02d8 61080000 		.4byte	.LASF54
 411 02dc 07       		.byte	0x7
 412 02dd AD01     		.2byte	0x1ad
 413 02df 21       		.byte	0x21
 414 02e0 7A010000 		.4byte	0x17a
 415 02e4 3C       		.byte	0x3c
 416 02e5 0A       		.uleb128 0xa
 417 02e6 64626700 		.ascii	"dbg\000"
 418 02ea 07       		.byte	0x7
 419 02eb B101     		.2byte	0x1b1
 420 02ed 21       		.byte	0x21
 421 02ee 59030000 		.4byte	0x359
 422 02f2 AC       		.byte	0xac
 423 02f3 00       		.byte	0
 424 02f4 03       		.uleb128 0x3
 425 02f5 5F050000 		.4byte	.LASF55
 426 02f9 08       		.byte	0x8
 427 02fa 3F       		.byte	0x3f
 428 02fb 12       		.byte	0x12
 429 02fc C3000000 		.4byte	0xc3
 430 0300 07       		.uleb128 0x7
 431 0301 C8000000 		.4byte	.LASF56
 432 0305 04       		.byte	0x4
 433 0306 08       		.byte	0x8
 434 0307 44       		.byte	0x44
 435 0308 10       		.byte	0x10
 436 0309 1B030000 		.4byte	0x31b
 437 030d 09       		.uleb128 0x9
 438 030e AA060000 		.4byte	.LASF57
 439 0312 08       		.byte	0x8
 440 0313 48       		.byte	0x48
 441 0314 21       		.byte	0x21
 442 0315 F4020000 		.4byte	0x2f4
 443 0319 00       		.byte	0
 444 031a 00       		.byte	0
 445 031b 03       		.uleb128 0x3
 446 031c D3050000 		.4byte	.LASF58
 447 0320 08       		.byte	0x8
 448 0321 49       		.byte	0x49
 449 0322 03       		.byte	0x3
 450 0323 00030000 		.4byte	0x300
 451 0327 07       		.uleb128 0x7
 452 0328 6B090000 		.4byte	.LASF59
 453 032c 04       		.byte	0x4
 454 032d 09       		.byte	0x9
 455 032e 3E       		.byte	0x3e
 456 032f 10       		.byte	0x10
ARM GAS  C:\Users\angio\AppData\Local\Temp\cciUCl9c.s 			page 9


 457 0330 42030000 		.4byte	0x342
 458 0334 09       		.uleb128 0x9
 459 0335 9B030000 		.4byte	.LASF60
 460 0339 09       		.byte	0x9
 461 033a 46       		.byte	0x46
 462 033b 24       		.byte	0x24
 463 033c 48030000 		.4byte	0x348
 464 0340 00       		.byte	0
 465 0341 00       		.byte	0
 466 0342 0D       		.uleb128 0xd
 467 0343 04       		.byte	0x4
 468 0344 54030000 		.4byte	0x354
 469 0348 06       		.uleb128 0x6
 470 0349 42030000 		.4byte	0x342
 471 034d 04       		.uleb128 0x4
 472 034e 01       		.byte	0x1
 473 034f 08       		.byte	0x8
 474 0350 17040000 		.4byte	.LASF61
 475 0354 05       		.uleb128 0x5
 476 0355 4D030000 		.4byte	0x34d
 477 0359 03       		.uleb128 0x3
 478 035a A5030000 		.4byte	.LASF62
 479 035e 09       		.byte	0x9
 480 035f 51       		.byte	0x51
 481 0360 03       		.byte	0x3
 482 0361 27030000 		.4byte	0x327
 483 0365 03       		.uleb128 0x3
 484 0366 1E000000 		.4byte	.LASF63
 485 036a 0A       		.byte	0xa
 486 036b 6D       		.byte	0x6d
 487 036c 12       		.byte	0x12
 488 036d C3000000 		.4byte	0xc3
 489 0371 03       		.uleb128 0x3
 490 0372 67060000 		.4byte	.LASF64
 491 0376 0A       		.byte	0xa
 492 0377 79       		.byte	0x79
 493 0378 12       		.byte	0x12
 494 0379 C3000000 		.4byte	0xc3
 495 037d 03       		.uleb128 0x3
 496 037e 8F020000 		.4byte	.LASF65
 497 0382 0B       		.byte	0xb
 498 0383 32       		.byte	0x32
 499 0384 18       		.byte	0x18
 500 0385 89030000 		.4byte	0x389
 501 0389 07       		.uleb128 0x7
 502 038a B5020000 		.4byte	.LASF66
 503 038e 04       		.byte	0x4
 504 038f 0B       		.byte	0xb
 505 0390 38       		.byte	0x38
 506 0391 08       		.byte	0x8
 507 0392 A4030000 		.4byte	0x3a4
 508 0396 09       		.uleb128 0x9
 509 0397 930A0000 		.4byte	.LASF67
 510 039b 0B       		.byte	0xb
 511 039c 39       		.byte	0x39
 512 039d 1A       		.byte	0x1a
 513 039e A4030000 		.4byte	0x3a4
ARM GAS  C:\Users\angio\AppData\Local\Temp\cciUCl9c.s 			page 10


 514 03a2 00       		.byte	0
 515 03a3 00       		.byte	0
 516 03a4 0D       		.uleb128 0xd
 517 03a5 04       		.byte	0x4
 518 03a6 7D030000 		.4byte	0x37d
 519 03aa 03       		.uleb128 0x3
 520 03ab 54050000 		.4byte	.LASF68
 521 03af 0B       		.byte	0xb
 522 03b0 3F       		.byte	0x3f
 523 03b1 19       		.byte	0x19
 524 03b2 B6030000 		.4byte	0x3b6
 525 03b6 07       		.uleb128 0x7
 526 03b7 DF070000 		.4byte	.LASF69
 527 03bb 08       		.byte	0x8
 528 03bc 0B       		.byte	0xb
 529 03bd 45       		.byte	0x45
 530 03be 08       		.byte	0x8
 531 03bf DE030000 		.4byte	0x3de
 532 03c3 09       		.uleb128 0x9
 533 03c4 930A0000 		.4byte	.LASF67
 534 03c8 0B       		.byte	0xb
 535 03c9 46       		.byte	0x46
 536 03ca 1A       		.byte	0x1a
 537 03cb DE030000 		.4byte	0x3de
 538 03cf 00       		.byte	0
 539 03d0 09       		.uleb128 0x9
 540 03d1 A30A0000 		.4byte	.LASF70
 541 03d5 0B       		.byte	0xb
 542 03d6 47       		.byte	0x47
 543 03d7 1A       		.byte	0x1a
 544 03d8 DE030000 		.4byte	0x3de
 545 03dc 04       		.byte	0x4
 546 03dd 00       		.byte	0
 547 03de 0D       		.uleb128 0xd
 548 03df 04       		.byte	0x4
 549 03e0 AA030000 		.4byte	0x3aa
 550 03e4 03       		.uleb128 0x3
 551 03e5 88060000 		.4byte	.LASF71
 552 03e9 0B       		.byte	0xb
 553 03ea 4E       		.byte	0x4e
 554 03eb 22       		.byte	0x22
 555 03ec F0030000 		.4byte	0x3f0
 556 03f0 07       		.uleb128 0x7
 557 03f1 2A090000 		.4byte	.LASF72
 558 03f5 0C       		.byte	0xc
 559 03f6 0B       		.byte	0xb
 560 03f7 55       		.byte	0x55
 561 03f8 08       		.byte	0x8
 562 03f9 25040000 		.4byte	0x425
 563 03fd 09       		.uleb128 0x9
 564 03fe 930A0000 		.4byte	.LASF67
 565 0402 0B       		.byte	0xb
 566 0403 56       		.byte	0x56
 567 0404 1A       		.byte	0x1a
 568 0405 25040000 		.4byte	0x425
 569 0409 00       		.byte	0
 570 040a 09       		.uleb128 0x9
ARM GAS  C:\Users\angio\AppData\Local\Temp\cciUCl9c.s 			page 11


 571 040b A30A0000 		.4byte	.LASF70
 572 040f 0B       		.byte	0xb
 573 0410 57       		.byte	0x57
 574 0411 1A       		.byte	0x1a
 575 0412 25040000 		.4byte	0x425
 576 0416 04       		.byte	0x4
 577 0417 09       		.uleb128 0x9
 578 0418 FE000000 		.4byte	.LASF73
 579 041c 0B       		.byte	0xb
 580 041d 58       		.byte	0x58
 581 041e 19       		.byte	0x19
 582 041f 32010000 		.4byte	0x132
 583 0423 08       		.byte	0x8
 584 0424 00       		.byte	0
 585 0425 0D       		.uleb128 0xd
 586 0426 04       		.byte	0x4
 587 0427 E4030000 		.4byte	0x3e4
 588 042b 03       		.uleb128 0x3
 589 042c 00000000 		.4byte	.LASF74
 590 0430 0B       		.byte	0xb
 591 0431 5F       		.byte	0x5f
 592 0432 1E       		.byte	0x1e
 593 0433 37040000 		.4byte	0x437
 594 0437 07       		.uleb128 0x7
 595 0438 11070000 		.4byte	.LASF75
 596 043c 0C       		.byte	0xc
 597 043d 0B       		.byte	0xb
 598 043e 64       		.byte	0x64
 599 043f 08       		.byte	0x8
 600 0440 6C040000 		.4byte	0x46c
 601 0444 09       		.uleb128 0x9
 602 0445 930A0000 		.4byte	.LASF67
 603 0449 0B       		.byte	0xb
 604 044a 65       		.byte	0x65
 605 044b 1A       		.byte	0x1a
 606 044c 6C040000 		.4byte	0x46c
 607 0450 00       		.byte	0
 608 0451 09       		.uleb128 0x9
 609 0452 A30A0000 		.4byte	.LASF70
 610 0456 0B       		.byte	0xb
 611 0457 66       		.byte	0x66
 612 0458 1A       		.byte	0x1a
 613 0459 6C040000 		.4byte	0x46c
 614 045d 04       		.byte	0x4
 615 045e 09       		.uleb128 0x9
 616 045f 13080000 		.4byte	.LASF76
 617 0463 0B       		.byte	0xb
 618 0464 67       		.byte	0x67
 619 0465 19       		.byte	0x19
 620 0466 71030000 		.4byte	0x371
 621 046a 08       		.byte	0x8
 622 046b 00       		.byte	0
 623 046c 0D       		.uleb128 0xd
 624 046d 04       		.byte	0x4
 625 046e 2B040000 		.4byte	0x42b
 626 0472 0E       		.uleb128 0xe
 627 0473 A0       		.byte	0xa0
ARM GAS  C:\Users\angio\AppData\Local\Temp\cciUCl9c.s 			page 12


 628 0474 0C       		.byte	0xc
 629 0475 9902     		.2byte	0x299
 630 0477 09       		.byte	0x9
 631 0478 AC060000 		.4byte	0x6ac
 632 047c 0A       		.uleb128 0xa
 633 047d 435200   		.ascii	"CR\000"
 634 0480 0C       		.byte	0xc
 635 0481 9B02     		.2byte	0x29b
 636 0483 11       		.byte	0x11
 637 0484 CF000000 		.4byte	0xcf
 638 0488 00       		.byte	0
 639 0489 0B       		.uleb128 0xb
 640 048a A6000000 		.4byte	.LASF77
 641 048e 0C       		.byte	0xc
 642 048f 9C02     		.2byte	0x29c
 643 0491 11       		.byte	0x11
 644 0492 CF000000 		.4byte	0xcf
 645 0496 04       		.byte	0x4
 646 0497 0B       		.uleb128 0xb
 647 0498 FC040000 		.4byte	.LASF78
 648 049c 0C       		.byte	0xc
 649 049d 9D02     		.2byte	0x29d
 650 049f 11       		.byte	0x11
 651 04a0 CF000000 		.4byte	0xcf
 652 04a4 08       		.byte	0x8
 653 04a5 0B       		.uleb128 0xb
 654 04a6 FF050000 		.4byte	.LASF79
 655 04aa 0C       		.byte	0xc
 656 04ab 9E02     		.2byte	0x29e
 657 04ad 11       		.byte	0x11
 658 04ae CF000000 		.4byte	0xcf
 659 04b2 0C       		.byte	0xc
 660 04b3 0B       		.uleb128 0xb
 661 04b4 33030000 		.4byte	.LASF80
 662 04b8 0C       		.byte	0xc
 663 04b9 9F02     		.2byte	0x29f
 664 04bb 11       		.byte	0x11
 665 04bc C3000000 		.4byte	0xc3
 666 04c0 10       		.byte	0x10
 667 04c1 0B       		.uleb128 0xb
 668 04c2 3D030000 		.4byte	.LASF81
 669 04c6 0C       		.byte	0xc
 670 04c7 A002     		.2byte	0x2a0
 671 04c9 11       		.byte	0x11
 672 04ca C3000000 		.4byte	0xc3
 673 04ce 14       		.byte	0x14
 674 04cf 0B       		.uleb128 0xb
 675 04d0 270A0000 		.4byte	.LASF82
 676 04d4 0C       		.byte	0xc
 677 04d5 A102     		.2byte	0x2a1
 678 04d7 11       		.byte	0x11
 679 04d8 CF000000 		.4byte	0xcf
 680 04dc 18       		.byte	0x18
 681 04dd 0B       		.uleb128 0xb
 682 04de 6F0A0000 		.4byte	.LASF83
 683 04e2 0C       		.byte	0xc
 684 04e3 A202     		.2byte	0x2a2
ARM GAS  C:\Users\angio\AppData\Local\Temp\cciUCl9c.s 			page 13


 685 04e5 11       		.byte	0x11
 686 04e6 CF000000 		.4byte	0xcf
 687 04ea 1C       		.byte	0x1c
 688 04eb 0B       		.uleb128 0xb
 689 04ec 83090000 		.4byte	.LASF84
 690 04f0 0C       		.byte	0xc
 691 04f1 A302     		.2byte	0x2a3
 692 04f3 11       		.byte	0x11
 693 04f4 CF000000 		.4byte	0xcf
 694 04f8 20       		.byte	0x20
 695 04f9 0B       		.uleb128 0xb
 696 04fa CA030000 		.4byte	.LASF85
 697 04fe 0C       		.byte	0xc
 698 04ff A402     		.2byte	0x2a4
 699 0501 11       		.byte	0x11
 700 0502 C3000000 		.4byte	0xc3
 701 0506 24       		.byte	0x24
 702 0507 0B       		.uleb128 0xb
 703 0508 1C040000 		.4byte	.LASF86
 704 050c 0C       		.byte	0xc
 705 050d A502     		.2byte	0x2a5
 706 050f 11       		.byte	0x11
 707 0510 CF000000 		.4byte	0xcf
 708 0514 28       		.byte	0x28
 709 0515 0B       		.uleb128 0xb
 710 0516 D1080000 		.4byte	.LASF87
 711 051a 0C       		.byte	0xc
 712 051b A602     		.2byte	0x2a6
 713 051d 11       		.byte	0x11
 714 051e CF000000 		.4byte	0xcf
 715 0522 2C       		.byte	0x2c
 716 0523 0B       		.uleb128 0xb
 717 0524 3D070000 		.4byte	.LASF88
 718 0528 0C       		.byte	0xc
 719 0529 A702     		.2byte	0x2a7
 720 052b 11       		.byte	0x11
 721 052c CF000000 		.4byte	0xcf
 722 0530 30       		.byte	0x30
 723 0531 0B       		.uleb128 0xb
 724 0532 55030000 		.4byte	.LASF89
 725 0536 0C       		.byte	0xc
 726 0537 A802     		.2byte	0x2a8
 727 0539 11       		.byte	0x11
 728 053a C3000000 		.4byte	0xc3
 729 053e 34       		.byte	0x34
 730 053f 0B       		.uleb128 0xb
 731 0540 88040000 		.4byte	.LASF90
 732 0544 0C       		.byte	0xc
 733 0545 A902     		.2byte	0x2a9
 734 0547 11       		.byte	0x11
 735 0548 CF000000 		.4byte	0xcf
 736 054c 38       		.byte	0x38
 737 054d 0B       		.uleb128 0xb
 738 054e 92040000 		.4byte	.LASF91
 739 0552 0C       		.byte	0xc
 740 0553 AA02     		.2byte	0x2aa
 741 0555 11       		.byte	0x11
ARM GAS  C:\Users\angio\AppData\Local\Temp\cciUCl9c.s 			page 14


 742 0556 CF000000 		.4byte	0xcf
 743 055a 3C       		.byte	0x3c
 744 055b 0B       		.uleb128 0xb
 745 055c A1060000 		.4byte	.LASF92
 746 0560 0C       		.byte	0xc
 747 0561 AB02     		.2byte	0x2ab
 748 0563 11       		.byte	0x11
 749 0564 CF000000 		.4byte	0xcf
 750 0568 40       		.byte	0x40
 751 0569 0B       		.uleb128 0xb
 752 056a 5F030000 		.4byte	.LASF93
 753 056e 0C       		.byte	0xc
 754 056f AC02     		.2byte	0x2ac
 755 0571 11       		.byte	0x11
 756 0572 C3000000 		.4byte	0xc3
 757 0576 44       		.byte	0x44
 758 0577 0B       		.uleb128 0xb
 759 0578 AB080000 		.4byte	.LASF94
 760 057c 0C       		.byte	0xc
 761 057d AD02     		.2byte	0x2ad
 762 057f 11       		.byte	0x11
 763 0580 CF000000 		.4byte	0xcf
 764 0584 48       		.byte	0x48
 765 0585 0B       		.uleb128 0xb
 766 0586 25040000 		.4byte	.LASF95
 767 058a 0C       		.byte	0xc
 768 058b AE02     		.2byte	0x2ae
 769 058d 11       		.byte	0x11
 770 058e CF000000 		.4byte	0xcf
 771 0592 4C       		.byte	0x4c
 772 0593 0B       		.uleb128 0xb
 773 0594 C9080000 		.4byte	.LASF96
 774 0598 0C       		.byte	0xc
 775 0599 AF02     		.2byte	0x2af
 776 059b 11       		.byte	0x11
 777 059c CF000000 		.4byte	0xcf
 778 05a0 50       		.byte	0x50
 779 05a1 0B       		.uleb128 0xb
 780 05a2 69030000 		.4byte	.LASF97
 781 05a6 0C       		.byte	0xc
 782 05a7 B002     		.2byte	0x2b0
 783 05a9 11       		.byte	0x11
 784 05aa C3000000 		.4byte	0xc3
 785 05ae 54       		.byte	0x54
 786 05af 0B       		.uleb128 0xb
 787 05b0 28000000 		.4byte	.LASF98
 788 05b4 0C       		.byte	0xc
 789 05b5 B102     		.2byte	0x2b1
 790 05b7 11       		.byte	0x11
 791 05b8 CF000000 		.4byte	0xcf
 792 05bc 58       		.byte	0x58
 793 05bd 0B       		.uleb128 0xb
 794 05be 31000000 		.4byte	.LASF99
 795 05c2 0C       		.byte	0xc
 796 05c3 B202     		.2byte	0x2b2
 797 05c5 11       		.byte	0x11
 798 05c6 CF000000 		.4byte	0xcf
ARM GAS  C:\Users\angio\AppData\Local\Temp\cciUCl9c.s 			page 15


 799 05ca 5C       		.byte	0x5c
 800 05cb 0B       		.uleb128 0xb
 801 05cc AD020000 		.4byte	.LASF100
 802 05d0 0C       		.byte	0xc
 803 05d1 B302     		.2byte	0x2b3
 804 05d3 11       		.byte	0x11
 805 05d4 CF000000 		.4byte	0xcf
 806 05d8 60       		.byte	0x60
 807 05d9 0B       		.uleb128 0xb
 808 05da 73030000 		.4byte	.LASF101
 809 05de 0C       		.byte	0xc
 810 05df B402     		.2byte	0x2b4
 811 05e1 11       		.byte	0x11
 812 05e2 C3000000 		.4byte	0xc3
 813 05e6 64       		.byte	0x64
 814 05e7 0B       		.uleb128 0xb
 815 05e8 150A0000 		.4byte	.LASF102
 816 05ec 0C       		.byte	0xc
 817 05ed B502     		.2byte	0x2b5
 818 05ef 11       		.byte	0x11
 819 05f0 CF000000 		.4byte	0xcf
 820 05f4 68       		.byte	0x68
 821 05f5 0B       		.uleb128 0xb
 822 05f6 AF060000 		.4byte	.LASF103
 823 05fa 0C       		.byte	0xc
 824 05fb B602     		.2byte	0x2b6
 825 05fd 11       		.byte	0x11
 826 05fe CF000000 		.4byte	0xcf
 827 0602 6C       		.byte	0x6c
 828 0603 0B       		.uleb128 0xb
 829 0604 21020000 		.4byte	.LASF104
 830 0608 0C       		.byte	0xc
 831 0609 B702     		.2byte	0x2b7
 832 060b 11       		.byte	0x11
 833 060c CF000000 		.4byte	0xcf
 834 0610 70       		.byte	0x70
 835 0611 0B       		.uleb128 0xb
 836 0612 7D030000 		.4byte	.LASF105
 837 0616 0C       		.byte	0xc
 838 0617 B802     		.2byte	0x2b8
 839 0619 11       		.byte	0x11
 840 061a C3000000 		.4byte	0xc3
 841 061e 74       		.byte	0x74
 842 061f 0B       		.uleb128 0xb
 843 0620 88090000 		.4byte	.LASF106
 844 0624 0C       		.byte	0xc
 845 0625 B902     		.2byte	0x2b9
 846 0627 11       		.byte	0x11
 847 0628 CF000000 		.4byte	0xcf
 848 062c 78       		.byte	0x78
 849 062d 0B       		.uleb128 0xb
 850 062e 93090000 		.4byte	.LASF107
 851 0632 0C       		.byte	0xc
 852 0633 BA02     		.2byte	0x2ba
 853 0635 11       		.byte	0x11
 854 0636 CF000000 		.4byte	0xcf
 855 063a 7C       		.byte	0x7c
ARM GAS  C:\Users\angio\AppData\Local\Temp\cciUCl9c.s 			page 16


 856 063b 0B       		.uleb128 0xb
 857 063c 500A0000 		.4byte	.LASF108
 858 0640 0C       		.byte	0xc
 859 0641 BB02     		.2byte	0x2bb
 860 0643 11       		.byte	0x11
 861 0644 CF000000 		.4byte	0xcf
 862 0648 80       		.byte	0x80
 863 0649 0B       		.uleb128 0xb
 864 064a 87030000 		.4byte	.LASF109
 865 064e 0C       		.byte	0xc
 866 064f BC02     		.2byte	0x2bc
 867 0651 11       		.byte	0x11
 868 0652 C3000000 		.4byte	0xc3
 869 0656 84       		.byte	0x84
 870 0657 0B       		.uleb128 0xb
 871 0658 31050000 		.4byte	.LASF110
 872 065c 0C       		.byte	0xc
 873 065d BD02     		.2byte	0x2bd
 874 065f 11       		.byte	0x11
 875 0660 CF000000 		.4byte	0xcf
 876 0664 88       		.byte	0x88
 877 0665 0B       		.uleb128 0xb
 878 0666 91030000 		.4byte	.LASF111
 879 066a 0C       		.byte	0xc
 880 066b BE02     		.2byte	0x2be
 881 066d 11       		.byte	0x11
 882 066e C3000000 		.4byte	0xc3
 883 0672 8C       		.byte	0x8c
 884 0673 0B       		.uleb128 0xb
 885 0674 A1040000 		.4byte	.LASF112
 886 0678 0C       		.byte	0xc
 887 0679 BF02     		.2byte	0x2bf
 888 067b 11       		.byte	0x11
 889 067c CF000000 		.4byte	0xcf
 890 0680 90       		.byte	0x90
 891 0681 0A       		.uleb128 0xa
 892 0682 43535200 		.ascii	"CSR\000"
 893 0686 0C       		.byte	0xc
 894 0687 C002     		.2byte	0x2c0
 895 0689 11       		.byte	0x11
 896 068a CF000000 		.4byte	0xcf
 897 068e 94       		.byte	0x94
 898 068f 0B       		.uleb128 0xb
 899 0690 E7040000 		.4byte	.LASF113
 900 0694 0C       		.byte	0xc
 901 0695 C102     		.2byte	0x2c1
 902 0697 11       		.byte	0x11
 903 0698 CF000000 		.4byte	0xcf
 904 069c 98       		.byte	0x98
 905 069d 0B       		.uleb128 0xb
 906 069e 79000000 		.4byte	.LASF114
 907 06a2 0C       		.byte	0xc
 908 06a3 C202     		.2byte	0x2c2
 909 06a5 11       		.byte	0x11
 910 06a6 CF000000 		.4byte	0xcf
 911 06aa 9C       		.byte	0x9c
 912 06ab 00       		.byte	0
ARM GAS  C:\Users\angio\AppData\Local\Temp\cciUCl9c.s 			page 17


 913 06ac 0F       		.uleb128 0xf
 914 06ad E9080000 		.4byte	.LASF115
 915 06b1 0C       		.byte	0xc
 916 06b2 C302     		.2byte	0x2c3
 917 06b4 03       		.byte	0x3
 918 06b5 72040000 		.4byte	0x472
 919 06b9 0E       		.uleb128 0xe
 920 06ba 30       		.byte	0x30
 921 06bb 0C       		.byte	0xc
 922 06bc 8303     		.2byte	0x383
 923 06be 09       		.byte	0x9
 924 06bf 6C070000 		.4byte	0x76c
 925 06c3 0A       		.uleb128 0xa
 926 06c4 43523100 		.ascii	"CR1\000"
 927 06c8 0C       		.byte	0xc
 928 06c9 8503     		.2byte	0x385
 929 06cb 11       		.byte	0x11
 930 06cc CF000000 		.4byte	0xcf
 931 06d0 00       		.byte	0
 932 06d1 0A       		.uleb128 0xa
 933 06d2 43523200 		.ascii	"CR2\000"
 934 06d6 0C       		.byte	0xc
 935 06d7 8603     		.2byte	0x386
 936 06d9 11       		.byte	0x11
 937 06da CF000000 		.4byte	0xcf
 938 06de 04       		.byte	0x4
 939 06df 0A       		.uleb128 0xa
 940 06e0 43523300 		.ascii	"CR3\000"
 941 06e4 0C       		.byte	0xc
 942 06e5 8703     		.2byte	0x387
 943 06e7 11       		.byte	0x11
 944 06e8 CF000000 		.4byte	0xcf
 945 06ec 08       		.byte	0x8
 946 06ed 0A       		.uleb128 0xa
 947 06ee 42525200 		.ascii	"BRR\000"
 948 06f2 0C       		.byte	0xc
 949 06f3 8803     		.2byte	0x388
 950 06f5 11       		.byte	0x11
 951 06f6 CF000000 		.4byte	0xcf
 952 06fa 0C       		.byte	0xc
 953 06fb 0B       		.uleb128 0xb
 954 06fc 9C060000 		.4byte	.LASF116
 955 0700 0C       		.byte	0xc
 956 0701 8903     		.2byte	0x389
 957 0703 11       		.byte	0x11
 958 0704 CF000000 		.4byte	0xcf
 959 0708 10       		.byte	0x10
 960 0709 0B       		.uleb128 0xb
 961 070a 74000000 		.4byte	.LASF117
 962 070e 0C       		.byte	0xc
 963 070f 8A03     		.2byte	0x38a
 964 0711 11       		.byte	0x11
 965 0712 CF000000 		.4byte	0xcf
 966 0716 14       		.byte	0x14
 967 0717 0A       		.uleb128 0xa
 968 0718 52515200 		.ascii	"RQR\000"
 969 071c 0C       		.byte	0xc
ARM GAS  C:\Users\angio\AppData\Local\Temp\cciUCl9c.s 			page 18


 970 071d 8B03     		.2byte	0x38b
 971 071f 11       		.byte	0x11
 972 0720 CF000000 		.4byte	0xcf
 973 0724 18       		.byte	0x18
 974 0725 0A       		.uleb128 0xa
 975 0726 49535200 		.ascii	"ISR\000"
 976 072a 0C       		.byte	0xc
 977 072b 8C03     		.2byte	0x38c
 978 072d 11       		.byte	0x11
 979 072e CF000000 		.4byte	0xcf
 980 0732 1C       		.byte	0x1c
 981 0733 0A       		.uleb128 0xa
 982 0734 49435200 		.ascii	"ICR\000"
 983 0738 0C       		.byte	0xc
 984 0739 8D03     		.2byte	0x38d
 985 073b 11       		.byte	0x11
 986 073c CF000000 		.4byte	0xcf
 987 0740 20       		.byte	0x20
 988 0741 0A       		.uleb128 0xa
 989 0742 52445200 		.ascii	"RDR\000"
 990 0746 0C       		.byte	0xc
 991 0747 8E03     		.2byte	0x38e
 992 0749 11       		.byte	0x11
 993 074a CF000000 		.4byte	0xcf
 994 074e 24       		.byte	0x24
 995 074f 0A       		.uleb128 0xa
 996 0750 54445200 		.ascii	"TDR\000"
 997 0754 0C       		.byte	0xc
 998 0755 8F03     		.2byte	0x38f
 999 0757 11       		.byte	0x11
 1000 0758 CF000000 		.4byte	0xcf
 1001 075c 28       		.byte	0x28
 1002 075d 0B       		.uleb128 0xb
 1003 075e BA030000 		.4byte	.LASF118
 1004 0762 0C       		.byte	0xc
 1005 0763 9003     		.2byte	0x390
 1006 0765 11       		.byte	0x11
 1007 0766 CF000000 		.4byte	0xcf
 1008 076a 2C       		.byte	0x2c
 1009 076b 00       		.byte	0
 1010 076c 0F       		.uleb128 0xf
 1011 076d 59040000 		.4byte	.LASF119
 1012 0771 0C       		.byte	0xc
 1013 0772 9103     		.2byte	0x391
 1014 0774 03       		.byte	0x3
 1015 0775 B9060000 		.4byte	0x6b9
 1016 0779 0C       		.uleb128 0xc
 1017 077a 67040000 		.4byte	.LASF120
 1018 077e 20       		.byte	0x20
 1019 077f 0D       		.byte	0xd
 1020 0780 9301     		.2byte	0x193
 1021 0782 08       		.byte	0x8
 1022 0783 F3070000 		.4byte	0x7f3
 1023 0787 0A       		.uleb128 0xa
 1024 0788 723000   		.ascii	"r0\000"
 1025 078b 0D       		.byte	0xd
 1026 078c 9401     		.2byte	0x194
ARM GAS  C:\Users\angio\AppData\Local\Temp\cciUCl9c.s 			page 19


 1027 078e 19       		.byte	0x19
 1028 078f C3000000 		.4byte	0xc3
 1029 0793 00       		.byte	0
 1030 0794 0A       		.uleb128 0xa
 1031 0795 723100   		.ascii	"r1\000"
 1032 0798 0D       		.byte	0xd
 1033 0799 9501     		.2byte	0x195
 1034 079b 19       		.byte	0x19
 1035 079c C3000000 		.4byte	0xc3
 1036 07a0 04       		.byte	0x4
 1037 07a1 0A       		.uleb128 0xa
 1038 07a2 723200   		.ascii	"r2\000"
 1039 07a5 0D       		.byte	0xd
 1040 07a6 9601     		.2byte	0x196
 1041 07a8 19       		.byte	0x19
 1042 07a9 C3000000 		.4byte	0xc3
 1043 07ad 08       		.byte	0x8
 1044 07ae 0A       		.uleb128 0xa
 1045 07af 723300   		.ascii	"r3\000"
 1046 07b2 0D       		.byte	0xd
 1047 07b3 9701     		.2byte	0x197
 1048 07b5 19       		.byte	0x19
 1049 07b6 C3000000 		.4byte	0xc3
 1050 07ba 0C       		.byte	0xc
 1051 07bb 0A       		.uleb128 0xa
 1052 07bc 72313200 		.ascii	"r12\000"
 1053 07c0 0D       		.byte	0xd
 1054 07c1 9801     		.2byte	0x198
 1055 07c3 19       		.byte	0x19
 1056 07c4 C3000000 		.4byte	0xc3
 1057 07c8 10       		.byte	0x10
 1058 07c9 0B       		.uleb128 0xb
 1059 07ca 98050000 		.4byte	.LASF121
 1060 07ce 0D       		.byte	0xd
 1061 07cf 9901     		.2byte	0x199
 1062 07d1 19       		.byte	0x19
 1063 07d2 C3000000 		.4byte	0xc3
 1064 07d6 14       		.byte	0x14
 1065 07d7 0A       		.uleb128 0xa
 1066 07d8 706300   		.ascii	"pc\000"
 1067 07db 0D       		.byte	0xd
 1068 07dc 9A01     		.2byte	0x19a
 1069 07de 19       		.byte	0x19
 1070 07df C3000000 		.4byte	0xc3
 1071 07e3 18       		.byte	0x18
 1072 07e4 0B       		.uleb128 0xb
 1073 07e5 16050000 		.4byte	.LASF122
 1074 07e9 0D       		.byte	0xd
 1075 07ea 9B01     		.2byte	0x19b
 1076 07ec 19       		.byte	0x19
 1077 07ed C3000000 		.4byte	0xc3
 1078 07f1 1C       		.byte	0x1c
 1079 07f2 00       		.byte	0
 1080 07f3 0C       		.uleb128 0xc
 1081 07f4 85070000 		.4byte	.LASF123
 1082 07f8 28       		.byte	0x28
 1083 07f9 0D       		.byte	0xd
ARM GAS  C:\Users\angio\AppData\Local\Temp\cciUCl9c.s 			page 20


 1084 07fa B701     		.2byte	0x1b7
 1085 07fc 08       		.byte	0x8
 1086 07fd 88080000 		.4byte	0x888
 1087 0801 0B       		.uleb128 0xb
 1088 0802 1F0A0000 		.4byte	.LASF124
 1089 0806 0D       		.byte	0xd
 1090 0807 B801     		.2byte	0x1b8
 1091 0809 19       		.byte	0x19
 1092 080a C3000000 		.4byte	0xc3
 1093 080e 00       		.byte	0
 1094 080f 0A       		.uleb128 0xa
 1095 0810 723400   		.ascii	"r4\000"
 1096 0813 0D       		.byte	0xd
 1097 0814 B901     		.2byte	0x1b9
 1098 0816 19       		.byte	0x19
 1099 0817 C3000000 		.4byte	0xc3
 1100 081b 04       		.byte	0x4
 1101 081c 0A       		.uleb128 0xa
 1102 081d 723500   		.ascii	"r5\000"
 1103 0820 0D       		.byte	0xd
 1104 0821 BA01     		.2byte	0x1ba
 1105 0823 19       		.byte	0x19
 1106 0824 C3000000 		.4byte	0xc3
 1107 0828 08       		.byte	0x8
 1108 0829 0A       		.uleb128 0xa
 1109 082a 723600   		.ascii	"r6\000"
 1110 082d 0D       		.byte	0xd
 1111 082e BB01     		.2byte	0x1bb
 1112 0830 19       		.byte	0x19
 1113 0831 C3000000 		.4byte	0xc3
 1114 0835 0C       		.byte	0xc
 1115 0836 0A       		.uleb128 0xa
 1116 0837 723700   		.ascii	"r7\000"
 1117 083a 0D       		.byte	0xd
 1118 083b BC01     		.2byte	0x1bc
 1119 083d 19       		.byte	0x19
 1120 083e C3000000 		.4byte	0xc3
 1121 0842 10       		.byte	0x10
 1122 0843 0A       		.uleb128 0xa
 1123 0844 723800   		.ascii	"r8\000"
 1124 0847 0D       		.byte	0xd
 1125 0848 BD01     		.2byte	0x1bd
 1126 084a 19       		.byte	0x19
 1127 084b C3000000 		.4byte	0xc3
 1128 084f 14       		.byte	0x14
 1129 0850 0A       		.uleb128 0xa
 1130 0851 723900   		.ascii	"r9\000"
 1131 0854 0D       		.byte	0xd
 1132 0855 BE01     		.2byte	0x1be
 1133 0857 19       		.byte	0x19
 1134 0858 C3000000 		.4byte	0xc3
 1135 085c 18       		.byte	0x18
 1136 085d 0A       		.uleb128 0xa
 1137 085e 72313000 		.ascii	"r10\000"
 1138 0862 0D       		.byte	0xd
 1139 0863 BF01     		.2byte	0x1bf
 1140 0865 19       		.byte	0x19
ARM GAS  C:\Users\angio\AppData\Local\Temp\cciUCl9c.s 			page 21


 1141 0866 C3000000 		.4byte	0xc3
 1142 086a 1C       		.byte	0x1c
 1143 086b 0A       		.uleb128 0xa
 1144 086c 72313100 		.ascii	"r11\000"
 1145 0870 0D       		.byte	0xd
 1146 0871 C001     		.2byte	0x1c0
 1147 0873 19       		.byte	0x19
 1148 0874 C3000000 		.4byte	0xc3
 1149 0878 20       		.byte	0x20
 1150 0879 0B       		.uleb128 0xb
 1151 087a 64090000 		.4byte	.LASF125
 1152 087e 0D       		.byte	0xd
 1153 087f C401     		.2byte	0x1c4
 1154 0881 19       		.byte	0x19
 1155 0882 C3000000 		.4byte	0xc3
 1156 0886 24       		.byte	0x24
 1157 0887 00       		.byte	0
 1158 0888 0C       		.uleb128 0xc
 1159 0889 BD090000 		.4byte	.LASF126
 1160 088d 2C       		.byte	0x2c
 1161 088e 0D       		.byte	0xd
 1162 088f DF01     		.2byte	0x1df
 1163 0891 08       		.byte	0x8
 1164 0892 B2080000 		.4byte	0x8b2
 1165 0896 0A       		.uleb128 0xa
 1166 0897 737000   		.ascii	"sp\000"
 1167 089a 0D       		.byte	0xd
 1168 089b E001     		.2byte	0x1e0
 1169 089d 1A       		.byte	0x1a
 1170 089e B2080000 		.4byte	0x8b2
 1171 08a2 00       		.byte	0
 1172 08a3 0B       		.uleb128 0xb
 1173 08a4 8C080000 		.4byte	.LASF127
 1174 08a8 0D       		.byte	0xd
 1175 08a9 E101     		.2byte	0x1e1
 1176 08ab 19       		.byte	0x19
 1177 08ac F3070000 		.4byte	0x7f3
 1178 08b0 04       		.byte	0x4
 1179 08b1 00       		.byte	0
 1180 08b2 0D       		.uleb128 0xd
 1181 08b3 04       		.byte	0x4
 1182 08b4 79070000 		.4byte	0x779
 1183 08b8 0D       		.uleb128 0xd
 1184 08b9 04       		.byte	0x4
 1185 08ba 02010000 		.4byte	0x102
 1186 08be 10       		.uleb128 0x10
 1187 08bf 04       		.byte	0x4
 1188 08c0 07       		.uleb128 0x7
 1189 08c1 CA090000 		.4byte	.LASF128
 1190 08c5 18       		.byte	0x18
 1191 08c6 07       		.byte	0x7
 1192 08c7 64       		.byte	0x64
 1193 08c8 10       		.byte	0x10
 1194 08c9 F5080000 		.4byte	0x8f5
 1195 08cd 09       		.uleb128 0x9
 1196 08ce 1F070000 		.4byte	.LASF129
 1197 08d2 07       		.byte	0x7
ARM GAS  C:\Users\angio\AppData\Local\Temp\cciUCl9c.s 			page 22


 1198 08d3 68       		.byte	0x68
 1199 08d4 21       		.byte	0x21
 1200 08d5 2B040000 		.4byte	0x42b
 1201 08d9 00       		.byte	0
 1202 08da 09       		.uleb128 0x9
 1203 08db B3040000 		.4byte	.LASF130
 1204 08df 07       		.byte	0x7
 1205 08e0 73       		.byte	0x73
 1206 08e1 21       		.byte	0x21
 1207 08e2 65030000 		.4byte	0x365
 1208 08e6 0C       		.byte	0xc
 1209 08e7 09       		.uleb128 0x9
 1210 08e8 BD020000 		.4byte	.LASF131
 1211 08ec 07       		.byte	0x7
 1212 08ed 79       		.byte	0x79
 1213 08ee 21       		.byte	0x21
 1214 08ef E5000000 		.4byte	0xe5
 1215 08f3 10       		.byte	0x10
 1216 08f4 00       		.byte	0
 1217 08f5 03       		.uleb128 0x3
 1218 08f6 82050000 		.4byte	.LASF132
 1219 08fa 07       		.byte	0x7
 1220 08fb 7B       		.byte	0x7b
 1221 08fc 03       		.byte	0x3
 1222 08fd C0080000 		.4byte	0x8c0
 1223 0901 07       		.uleb128 0x7
 1224 0902 F2000000 		.4byte	.LASF133
 1225 0906 08       		.byte	0x8
 1226 0907 07       		.byte	0x7
 1227 0908 80       		.byte	0x80
 1228 0909 10       		.byte	0x10
 1229 090a 1C090000 		.4byte	0x91c
 1230 090e 09       		.uleb128 0x9
 1231 090f 47080000 		.4byte	.LASF134
 1232 0913 07       		.byte	0x7
 1233 0914 84       		.byte	0x84
 1234 0915 21       		.byte	0x21
 1235 0916 AA030000 		.4byte	0x3aa
 1236 091a 00       		.byte	0
 1237 091b 00       		.byte	0
 1238 091c 03       		.uleb128 0x3
 1239 091d 80000000 		.4byte	.LASF135
 1240 0921 07       		.byte	0x7
 1241 0922 85       		.byte	0x85
 1242 0923 03       		.byte	0x3
 1243 0924 01090000 		.4byte	0x901
 1244 0928 03       		.uleb128 0x3
 1245 0929 6A070000 		.4byte	.LASF136
 1246 092d 07       		.byte	0x7
 1247 092e 8A       		.byte	0x8a
 1248 092f 14       		.byte	0x14
 1249 0930 34090000 		.4byte	0x934
 1250 0934 0D       		.uleb128 0xd
 1251 0935 04       		.byte	0x4
 1252 0936 7A010000 		.4byte	0x17a
 1253 093a 11       		.uleb128 0x11
 1254 093b 0C       		.byte	0xc
ARM GAS  C:\Users\angio\AppData\Local\Temp\cciUCl9c.s 			page 23


 1255 093c 07       		.byte	0x7
 1256 093d A0       		.byte	0xa0
 1257 093e 03       		.byte	0x3
 1258 093f 68090000 		.4byte	0x968
 1259 0943 12       		.uleb128 0x12
 1260 0944 F4060000 		.4byte	.LASF137
 1261 0948 07       		.byte	0x7
 1262 0949 A4       		.byte	0xa4
 1263 094a 21       		.byte	0x21
 1264 094b 7D030000 		.4byte	0x37d
 1265 094f 12       		.uleb128 0x12
 1266 0950 47080000 		.4byte	.LASF134
 1267 0954 07       		.byte	0x7
 1268 0955 A8       		.byte	0xa8
 1269 0956 21       		.byte	0x21
 1270 0957 AA030000 		.4byte	0x3aa
 1271 095b 12       		.uleb128 0x12
 1272 095c C2080000 		.4byte	.LASF138
 1273 0960 07       		.byte	0x7
 1274 0961 AC       		.byte	0xac
 1275 0962 21       		.byte	0x21
 1276 0963 E4030000 		.4byte	0x3e4
 1277 0967 00       		.byte	0
 1278 0968 11       		.uleb128 0x11
 1279 0969 04       		.byte	0x4
 1280 096a 07       		.byte	0x7
 1281 096b EB       		.byte	0xeb
 1282 096c 03       		.byte	0x3
 1283 096d D8090000 		.4byte	0x9d8
 1284 0971 12       		.uleb128 0x12
 1285 0972 2C0A0000 		.4byte	.LASF139
 1286 0976 07       		.byte	0x7
 1287 0977 F2       		.byte	0xf2
 1288 0978 21       		.byte	0x21
 1289 0979 3E010000 		.4byte	0x13e
 1290 097d 12       		.uleb128 0x12
 1291 097e 15010000 		.4byte	.LASF140
 1292 0982 07       		.byte	0x7
 1293 0983 F9       		.byte	0xf9
 1294 0984 21       		.byte	0x21
 1295 0985 3E010000 		.4byte	0x13e
 1296 0989 13       		.uleb128 0x13
 1297 098a 2D040000 		.4byte	.LASF141
 1298 098e 07       		.byte	0x7
 1299 098f 0001     		.2byte	0x100
 1300 0991 22       		.byte	0x22
 1301 0992 BE080000 		.4byte	0x8be
 1302 0996 13       		.uleb128 0x13
 1303 0997 1A030000 		.4byte	.LASF142
 1304 099b 07       		.byte	0x7
 1305 099c 0701     		.2byte	0x107
 1306 099e 22       		.byte	0x22
 1307 099f D8090000 		.4byte	0x9d8
 1308 09a3 13       		.uleb128 0x13
 1309 09a4 7D070000 		.4byte	.LASF143
 1310 09a8 07       		.byte	0x7
 1311 09a9 0C01     		.2byte	0x10c
ARM GAS  C:\Users\angio\AppData\Local\Temp\cciUCl9c.s 			page 24


 1312 09ab 21       		.byte	0x21
 1313 09ac 3E010000 		.4byte	0x13e
 1314 09b0 13       		.uleb128 0x13
 1315 09b1 17000000 		.4byte	.LASF144
 1316 09b5 07       		.byte	0x7
 1317 09b6 1501     		.2byte	0x115
 1318 09b8 22       		.byte	0x22
 1319 09b9 060A0000 		.4byte	0xa06
 1320 09bd 13       		.uleb128 0x13
 1321 09be D1040000 		.4byte	.LASF145
 1322 09c2 07       		.byte	0x7
 1323 09c3 1E01     		.2byte	0x11e
 1324 09c5 22       		.byte	0x22
 1325 09c6 410A0000 		.4byte	0xa41
 1326 09ca 13       		.uleb128 0x13
 1327 09cb F5020000 		.4byte	.LASF146
 1328 09cf 07       		.byte	0x7
 1329 09d0 2601     		.2byte	0x126
 1330 09d2 21       		.byte	0x21
 1331 09d3 4A010000 		.4byte	0x14a
 1332 09d7 00       		.byte	0
 1333 09d8 0D       		.uleb128 0xd
 1334 09d9 04       		.byte	0x4
 1335 09da 28090000 		.4byte	0x928
 1336 09de 07       		.uleb128 0x7
 1337 09df 6B050000 		.4byte	.LASF147
 1338 09e3 0C       		.byte	0xc
 1339 09e4 0E       		.byte	0xe
 1340 09e5 34       		.byte	0x34
 1341 09e6 10       		.byte	0x10
 1342 09e7 060A0000 		.4byte	0xa06
 1343 09eb 09       		.uleb128 0x9
 1344 09ec 47080000 		.4byte	.LASF134
 1345 09f0 0E       		.byte	0xe
 1346 09f1 35       		.byte	0x35
 1347 09f2 19       		.byte	0x19
 1348 09f3 AA030000 		.4byte	0x3aa
 1349 09f7 00       		.byte	0
 1350 09f8 08       		.uleb128 0x8
 1351 09f9 636E7400 		.ascii	"cnt\000"
 1352 09fd 0E       		.byte	0xe
 1353 09fe 37       		.byte	0x37
 1354 09ff 19       		.byte	0x19
 1355 0a00 62010000 		.4byte	0x162
 1356 0a04 08       		.byte	0x8
 1357 0a05 00       		.byte	0
 1358 0a06 0D       		.uleb128 0xd
 1359 0a07 04       		.byte	0x4
 1360 0a08 DE090000 		.4byte	0x9de
 1361 0a0c 07       		.uleb128 0x7
 1362 0a0d 45090000 		.4byte	.LASF148
 1363 0a11 10       		.byte	0x10
 1364 0a12 0F       		.byte	0xf
 1365 0a13 39       		.byte	0x39
 1366 0a14 08       		.byte	0x8
 1367 0a15 410A0000 		.4byte	0xa41
 1368 0a19 09       		.uleb128 0x9
ARM GAS  C:\Users\angio\AppData\Local\Temp\cciUCl9c.s 			page 25


 1369 0a1a 47080000 		.4byte	.LASF134
 1370 0a1e 0F       		.byte	0xf
 1371 0a1f 3A       		.byte	0x3a
 1372 0a20 19       		.byte	0x19
 1373 0a21 AA030000 		.4byte	0x3aa
 1374 0a25 00       		.byte	0
 1375 0a26 09       		.uleb128 0x9
 1376 0a27 3A000000 		.4byte	.LASF33
 1377 0a2b 0F       		.byte	0xf
 1378 0a2c 3C       		.byte	0x3c
 1379 0a2d 1A       		.byte	0x1a
 1380 0a2e 34090000 		.4byte	0x934
 1381 0a32 08       		.byte	0x8
 1382 0a33 09       		.uleb128 0x9
 1383 0a34 930A0000 		.4byte	.LASF67
 1384 0a38 0F       		.byte	0xf
 1385 0a39 3E       		.byte	0x3e
 1386 0a3a 1A       		.byte	0x1a
 1387 0a3b FE0A0000 		.4byte	0xafe
 1388 0a3f 0C       		.byte	0xc
 1389 0a40 00       		.byte	0
 1390 0a41 0D       		.uleb128 0xd
 1391 0a42 04       		.byte	0x4
 1392 0a43 0C0A0000 		.4byte	0xa0c
 1393 0a47 0D       		.uleb128 0xd
 1394 0a48 04       		.byte	0x4
 1395 0a49 69020000 		.4byte	0x269
 1396 0a4d 0C       		.uleb128 0xc
 1397 0a4e 7E0A0000 		.4byte	.LASF149
 1398 0a52 10       		.byte	0x10
 1399 0a53 07       		.byte	0x7
 1400 0a54 5C01     		.2byte	0x15c
 1401 0a56 10       		.byte	0x10
 1402 0a57 780A0000 		.4byte	0xa78
 1403 0a5b 0B       		.uleb128 0xb
 1404 0a5c C2080000 		.4byte	.LASF138
 1405 0a60 07       		.byte	0x7
 1406 0a61 6101     		.2byte	0x161
 1407 0a63 21       		.byte	0x21
 1408 0a64 E4030000 		.4byte	0x3e4
 1409 0a68 00       		.byte	0
 1410 0a69 0B       		.uleb128 0xb
 1411 0a6a EC060000 		.4byte	.LASF150
 1412 0a6e 07       		.byte	0x7
 1413 0a6f 6501     		.2byte	0x165
 1414 0a71 22       		.byte	0x22
 1415 0a72 34090000 		.4byte	0x934
 1416 0a76 0C       		.byte	0xc
 1417 0a77 00       		.byte	0
 1418 0a78 0F       		.uleb128 0xf
 1419 0a79 9F050000 		.4byte	.LASF151
 1420 0a7d 07       		.byte	0x7
 1421 0a7e 6601     		.2byte	0x166
 1422 0a80 03       		.byte	0x3
 1423 0a81 4D0A0000 		.4byte	0xa4d
 1424 0a85 0C       		.uleb128 0xc
 1425 0a86 F5080000 		.4byte	.LASF152
ARM GAS  C:\Users\angio\AppData\Local\Temp\cciUCl9c.s 			page 26


 1426 0a8a 14       		.byte	0x14
 1427 0a8b 07       		.byte	0x7
 1428 0a8c 6B01     		.2byte	0x16b
 1429 0a8e 10       		.byte	0x10
 1430 0a8f DA0A0000 		.4byte	0xada
 1431 0a93 0B       		.uleb128 0xb
 1432 0a94 DA080000 		.4byte	.LASF34
 1433 0a98 07       		.byte	0x7
 1434 0a99 6F01     		.2byte	0x16f
 1435 0a9b 22       		.byte	0x22
 1436 0a9c 42030000 		.4byte	0x342
 1437 0aa0 00       		.byte	0
 1438 0aa1 0B       		.uleb128 0xb
 1439 0aa2 E8070000 		.4byte	.LASF153
 1440 0aa6 07       		.byte	0x7
 1441 0aa7 7501     		.2byte	0x175
 1442 0aa9 22       		.byte	0x22
 1443 0aaa B8080000 		.4byte	0x8b8
 1444 0aae 04       		.byte	0x4
 1445 0aaf 0B       		.uleb128 0xb
 1446 0ab0 79040000 		.4byte	.LASF154
 1447 0ab4 07       		.byte	0x7
 1448 0ab5 7901     		.2byte	0x179
 1449 0ab7 22       		.byte	0x22
 1450 0ab8 B8080000 		.4byte	0x8b8
 1451 0abc 08       		.byte	0x8
 1452 0abd 0B       		.uleb128 0xb
 1453 0abe 5F0A0000 		.4byte	.LASF155
 1454 0ac2 07       		.byte	0x7
 1455 0ac3 7F01     		.2byte	0x17f
 1456 0ac5 22       		.byte	0x22
 1457 0ac6 B8080000 		.4byte	0x8b8
 1458 0aca 0C       		.byte	0xc
 1459 0acb 0B       		.uleb128 0xb
 1460 0acc 4F070000 		.4byte	.LASF156
 1461 0ad0 07       		.byte	0x7
 1462 0ad1 8301     		.2byte	0x183
 1463 0ad3 22       		.byte	0x22
 1464 0ad4 B8080000 		.4byte	0x8b8
 1465 0ad8 10       		.byte	0x10
 1466 0ad9 00       		.byte	0
 1467 0ada 0F       		.uleb128 0xf
 1468 0adb 15090000 		.4byte	.LASF157
 1469 0adf 07       		.byte	0x7
 1470 0ae0 8501     		.2byte	0x185
 1471 0ae2 03       		.byte	0x3
 1472 0ae3 850A0000 		.4byte	0xa85
 1473 0ae7 05       		.uleb128 0x5
 1474 0ae8 DA0A0000 		.4byte	0xada
 1475 0aec 0D       		.uleb128 0xd
 1476 0aed 04       		.byte	0x4
 1477 0aee E70A0000 		.4byte	0xae7
 1478 0af2 03       		.uleb128 0x3
 1479 0af3 AD090000 		.4byte	.LASF158
 1480 0af7 0F       		.byte	0xf
 1481 0af8 34       		.byte	0x34
 1482 0af9 19       		.byte	0x19
ARM GAS  C:\Users\angio\AppData\Local\Temp\cciUCl9c.s 			page 27


 1483 0afa 0C0A0000 		.4byte	0xa0c
 1484 0afe 0D       		.uleb128 0xd
 1485 0aff 04       		.byte	0x4
 1486 0b00 F20A0000 		.4byte	0xaf2
 1487 0b04 04       		.uleb128 0x4
 1488 0b05 01       		.byte	0x1
 1489 0b06 02       		.byte	0x2
 1490 0b07 B4030000 		.4byte	.LASF159
 1491 0b0b 0D       		.uleb128 0xd
 1492 0b0c 04       		.byte	0x4
 1493 0b0d A6000000 		.4byte	0xa6
 1494 0b11 14       		.uleb128 0x14
 1495 0b12 24000000 		.4byte	0x24
 1496 0b16 2A0B0000 		.4byte	0xb2a
 1497 0b1a 15       		.uleb128 0x15
 1498 0b1b BE080000 		.4byte	0x8be
 1499 0b1f 15       		.uleb128 0x15
 1500 0b20 2A0B0000 		.4byte	0xb2a
 1501 0b24 15       		.uleb128 0x15
 1502 0b25 24000000 		.4byte	0x24
 1503 0b29 00       		.byte	0
 1504 0b2a 0D       		.uleb128 0xd
 1505 0b2b 04       		.byte	0x4
 1506 0b2c B2000000 		.4byte	0xb2
 1507 0b30 0D       		.uleb128 0xd
 1508 0b31 04       		.byte	0x4
 1509 0b32 110B0000 		.4byte	0xb11
 1510 0b36 14       		.uleb128 0x14
 1511 0b37 24000000 		.4byte	0x24
 1512 0b3b 4F0B0000 		.4byte	0xb4f
 1513 0b3f 15       		.uleb128 0x15
 1514 0b40 BE080000 		.4byte	0x8be
 1515 0b44 15       		.uleb128 0x15
 1516 0b45 0B0B0000 		.4byte	0xb0b
 1517 0b49 15       		.uleb128 0x15
 1518 0b4a 24000000 		.4byte	0x24
 1519 0b4e 00       		.byte	0
 1520 0b4f 0D       		.uleb128 0xd
 1521 0b50 04       		.byte	0x4
 1522 0b51 360B0000 		.4byte	0xb36
 1523 0b55 14       		.uleb128 0x14
 1524 0b56 3E010000 		.4byte	0x13e
 1525 0b5a 690B0000 		.4byte	0xb69
 1526 0b5e 15       		.uleb128 0x15
 1527 0b5f BE080000 		.4byte	0x8be
 1528 0b63 15       		.uleb128 0x15
 1529 0b64 A6000000 		.4byte	0xa6
 1530 0b68 00       		.byte	0
 1531 0b69 0D       		.uleb128 0xd
 1532 0b6a 04       		.byte	0x4
 1533 0b6b 550B0000 		.4byte	0xb55
 1534 0b6f 14       		.uleb128 0x14
 1535 0b70 3E010000 		.4byte	0x13e
 1536 0b74 7E0B0000 		.4byte	0xb7e
 1537 0b78 15       		.uleb128 0x15
 1538 0b79 BE080000 		.4byte	0x8be
 1539 0b7d 00       		.byte	0
ARM GAS  C:\Users\angio\AppData\Local\Temp\cciUCl9c.s 			page 28


 1540 0b7e 0D       		.uleb128 0xd
 1541 0b7f 04       		.byte	0x4
 1542 0b80 6F0B0000 		.4byte	0xb6f
 1543 0b84 14       		.uleb128 0x14
 1544 0b85 3E010000 		.4byte	0x13e
 1545 0b89 9D0B0000 		.4byte	0xb9d
 1546 0b8d 15       		.uleb128 0x15
 1547 0b8e BE080000 		.4byte	0x8be
 1548 0b92 15       		.uleb128 0x15
 1549 0b93 A6000000 		.4byte	0xa6
 1550 0b97 15       		.uleb128 0x15
 1551 0b98 71030000 		.4byte	0x371
 1552 0b9c 00       		.byte	0
 1553 0b9d 0D       		.uleb128 0xd
 1554 0b9e 04       		.byte	0x4
 1555 0b9f 840B0000 		.4byte	0xb84
 1556 0ba3 14       		.uleb128 0x14
 1557 0ba4 3E010000 		.4byte	0x13e
 1558 0ba8 B70B0000 		.4byte	0xbb7
 1559 0bac 15       		.uleb128 0x15
 1560 0bad BE080000 		.4byte	0x8be
 1561 0bb1 15       		.uleb128 0x15
 1562 0bb2 71030000 		.4byte	0x371
 1563 0bb6 00       		.byte	0
 1564 0bb7 0D       		.uleb128 0xd
 1565 0bb8 04       		.byte	0x4
 1566 0bb9 A30B0000 		.4byte	0xba3
 1567 0bbd 14       		.uleb128 0x14
 1568 0bbe 24000000 		.4byte	0x24
 1569 0bc2 DB0B0000 		.4byte	0xbdb
 1570 0bc6 15       		.uleb128 0x15
 1571 0bc7 BE080000 		.4byte	0x8be
 1572 0bcb 15       		.uleb128 0x15
 1573 0bcc 2A0B0000 		.4byte	0xb2a
 1574 0bd0 15       		.uleb128 0x15
 1575 0bd1 24000000 		.4byte	0x24
 1576 0bd5 15       		.uleb128 0x15
 1577 0bd6 71030000 		.4byte	0x371
 1578 0bda 00       		.byte	0
 1579 0bdb 0D       		.uleb128 0xd
 1580 0bdc 04       		.byte	0x4
 1581 0bdd BD0B0000 		.4byte	0xbbd
 1582 0be1 14       		.uleb128 0x14
 1583 0be2 24000000 		.4byte	0x24
 1584 0be6 FF0B0000 		.4byte	0xbff
 1585 0bea 15       		.uleb128 0x15
 1586 0beb BE080000 		.4byte	0x8be
 1587 0bef 15       		.uleb128 0x15
 1588 0bf0 0B0B0000 		.4byte	0xb0b
 1589 0bf4 15       		.uleb128 0x15
 1590 0bf5 24000000 		.4byte	0x24
 1591 0bf9 15       		.uleb128 0x15
 1592 0bfa 71030000 		.4byte	0x371
 1593 0bfe 00       		.byte	0
 1594 0bff 0D       		.uleb128 0xd
 1595 0c00 04       		.byte	0x4
 1596 0c01 E10B0000 		.4byte	0xbe1
ARM GAS  C:\Users\angio\AppData\Local\Temp\cciUCl9c.s 			page 29


 1597 0c05 14       		.uleb128 0x14
 1598 0c06 3E010000 		.4byte	0x13e
 1599 0c0a 1E0C0000 		.4byte	0xc1e
 1600 0c0e 15       		.uleb128 0x15
 1601 0c0f BE080000 		.4byte	0x8be
 1602 0c13 15       		.uleb128 0x15
 1603 0c14 30000000 		.4byte	0x30
 1604 0c18 15       		.uleb128 0x15
 1605 0c19 BE080000 		.4byte	0x8be
 1606 0c1d 00       		.byte	0
 1607 0c1e 0D       		.uleb128 0xd
 1608 0c1f 04       		.byte	0x4
 1609 0c20 050C0000 		.4byte	0xc05
 1610 0c24 0D       		.uleb128 0xd
 1611 0c25 04       		.byte	0x4
 1612 0c26 6C070000 		.4byte	0x76c
 1613 0c2a 03       		.uleb128 0x3
 1614 0c2b BC070000 		.4byte	.LASF160
 1615 0c2f 10       		.byte	0x10
 1616 0c30 82       		.byte	0x82
 1617 0c31 16       		.byte	0x16
 1618 0c32 56010000 		.4byte	0x156
 1619 0c36 03       		.uleb128 0x3
 1620 0c37 43010000 		.4byte	.LASF161
 1621 0c3b 10       		.byte	0x10
 1622 0c3c 87       		.byte	0x87
 1623 0c3d 1F       		.byte	0x1f
 1624 0c3e 420C0000 		.4byte	0xc42
 1625 0c42 07       		.uleb128 0x7
 1626 0c43 D8040000 		.4byte	.LASF162
 1627 0c47 30       		.byte	0x30
 1628 0c48 10       		.byte	0x10
 1629 0c49 C1       		.byte	0xc1
 1630 0c4a 08       		.byte	0x8
 1631 0c4b EB0C0000 		.4byte	0xceb
 1632 0c4f 08       		.uleb128 0x8
 1633 0c50 766D7400 		.ascii	"vmt\000"
 1634 0c54 10       		.byte	0x10
 1635 0c55 C6       		.byte	0xc6
 1636 0c56 20       		.byte	0x20
 1637 0c57 3D0E0000 		.4byte	0xe3d
 1638 0c5b 00       		.byte	0
 1639 0c5c 09       		.uleb128 0x9
 1640 0c5d B3000000 		.4byte	.LASF36
 1641 0c61 10       		.byte	0x10
 1642 0c62 CB       		.byte	0xcb
 1643 0c63 1D       		.byte	0x1d
 1644 0c64 8F0D0000 		.4byte	0xd8f
 1645 0c68 04       		.byte	0x4
 1646 0c69 09       		.uleb128 0x9
 1647 0c6a AC000000 		.4byte	.LASF53
 1648 0c6e 10       		.byte	0x10
 1649 0c6f CF       		.byte	0xcf
 1650 0c70 1E       		.byte	0x1e
 1651 0c71 430E0000 		.4byte	0xe43
 1652 0c75 08       		.byte	0x8
 1653 0c76 09       		.uleb128 0x9
ARM GAS  C:\Users\angio\AppData\Local\Temp\cciUCl9c.s 			page 30


 1654 0c77 1B050000 		.4byte	.LASF163
 1655 0c7b 10       		.byte	0x10
 1656 0c7c D3       		.byte	0xd3
 1657 0c7d 1D       		.byte	0x1d
 1658 0c7e 2A0C0000 		.4byte	0xc2a
 1659 0c82 0C       		.byte	0xc
 1660 0c83 08       		.uleb128 0x8
 1661 0c84 636200   		.ascii	"cb\000"
 1662 0c87 10       		.byte	0x10
 1663 0c88 D8       		.byte	0xd8
 1664 0c89 1D       		.byte	0x1d
 1665 0c8a 4B0D0000 		.4byte	0xd4b
 1666 0c8e 10       		.byte	0x10
 1667 0c8f 08       		.uleb128 0x8
 1668 0c90 61726700 		.ascii	"arg\000"
 1669 0c94 10       		.byte	0x10
 1670 0c95 DD       		.byte	0xdd
 1671 0c96 1E       		.byte	0x1e
 1672 0c97 BE080000 		.4byte	0x8be
 1673 0c9b 14       		.byte	0x14
 1674 0c9c 09       		.uleb128 0x9
 1675 0c9d DA050000 		.4byte	.LASF164
 1676 0ca1 10       		.byte	0x10
 1677 0ca2 E2       		.byte	0xe2
 1678 0ca3 1D       		.byte	0x1d
 1679 0ca4 28090000 		.4byte	0x928
 1680 0ca8 18       		.byte	0x18
 1681 0ca9 09       		.uleb128 0x9
 1682 0caa 9F080000 		.4byte	.LASF165
 1683 0cae 10       		.byte	0x10
 1684 0caf E6       		.byte	0xe6
 1685 0cb0 1D       		.byte	0x1d
 1686 0cb1 28090000 		.4byte	0x928
 1687 0cb5 1C       		.byte	0x1c
 1688 0cb6 09       		.uleb128 0x9
 1689 0cb7 C4060000 		.4byte	.LASF166
 1690 0cbb 10       		.byte	0x10
 1691 0cbc EA       		.byte	0xea
 1692 0cbd 1D       		.byte	0x1d
 1693 0cbe 28090000 		.4byte	0x928
 1694 0cc2 20       		.byte	0x20
 1695 0cc3 09       		.uleb128 0x9
 1696 0cc4 B1070000 		.4byte	.LASF167
 1697 0cc8 10       		.byte	0x10
 1698 0cc9 EE       		.byte	0xee
 1699 0cca 1D       		.byte	0x1d
 1700 0ccb 28090000 		.4byte	0x928
 1701 0ccf 24       		.byte	0x24
 1702 0cd0 09       		.uleb128 0x9
 1703 0cd1 E3020000 		.4byte	.LASF168
 1704 0cd5 10       		.byte	0x10
 1705 0cd6 F4       		.byte	0xf4
 1706 0cd7 03       		.byte	0x3
 1707 0cd8 240C0000 		.4byte	0xc24
 1708 0cdc 28       		.byte	0x28
 1709 0cdd 09       		.uleb128 0x9
 1710 0cde C5050000 		.4byte	.LASF169
ARM GAS  C:\Users\angio\AppData\Local\Temp\cciUCl9c.s 			page 31


 1711 0ce2 10       		.byte	0x10
 1712 0ce3 F4       		.byte	0xf4
 1713 0ce4 03       		.byte	0x3
 1714 0ce5 C3000000 		.4byte	0xc3
 1715 0ce9 2C       		.byte	0x2c
 1716 0cea 00       		.byte	0
 1717 0ceb 03       		.uleb128 0x3
 1718 0cec BE000000 		.4byte	.LASF170
 1719 0cf0 10       		.byte	0x10
 1720 0cf1 8C       		.byte	0x8c
 1721 0cf2 1F       		.byte	0x1f
 1722 0cf3 FC0C0000 		.4byte	0xcfc
 1723 0cf7 05       		.uleb128 0x5
 1724 0cf8 EB0C0000 		.4byte	0xceb
 1725 0cfc 07       		.uleb128 0x7
 1726 0cfd E3000000 		.4byte	.LASF171
 1727 0d01 14       		.byte	0x14
 1728 0d02 10       		.byte	0x10
 1729 0d03 A5       		.byte	0xa5
 1730 0d04 08       		.byte	0x8
 1731 0d05 4B0D0000 		.4byte	0xd4b
 1732 0d09 09       		.uleb128 0x9
 1733 0d0a 5A0A0000 		.4byte	.LASF172
 1734 0d0e 10       		.byte	0x10
 1735 0d0f A7       		.byte	0xa7
 1736 0d10 03       		.byte	0x3
 1737 0d11 C3000000 		.4byte	0xc3
 1738 0d15 00       		.byte	0
 1739 0d16 09       		.uleb128 0x9
 1740 0d17 9D0A0000 		.4byte	.LASF173
 1741 0d1b 10       		.byte	0x10
 1742 0d1c A7       		.byte	0xa7
 1743 0d1d 03       		.byte	0x3
 1744 0d1e C3000000 		.4byte	0xc3
 1745 0d22 04       		.byte	0x4
 1746 0d23 08       		.uleb128 0x8
 1747 0d24 63723100 		.ascii	"cr1\000"
 1748 0d28 10       		.byte	0x10
 1749 0d29 A7       		.byte	0xa7
 1750 0d2a 03       		.byte	0x3
 1751 0d2b C3000000 		.4byte	0xc3
 1752 0d2f 08       		.byte	0x8
 1753 0d30 08       		.uleb128 0x8
 1754 0d31 63723200 		.ascii	"cr2\000"
 1755 0d35 10       		.byte	0x10
 1756 0d36 A7       		.byte	0xa7
 1757 0d37 03       		.byte	0x3
 1758 0d38 C3000000 		.4byte	0xc3
 1759 0d3c 0C       		.byte	0xc
 1760 0d3d 08       		.uleb128 0x8
 1761 0d3e 63723300 		.ascii	"cr3\000"
 1762 0d42 10       		.byte	0x10
 1763 0d43 A7       		.byte	0xa7
 1764 0d44 03       		.byte	0x3
 1765 0d45 C3000000 		.4byte	0xc3
 1766 0d49 10       		.byte	0x10
 1767 0d4a 00       		.byte	0
ARM GAS  C:\Users\angio\AppData\Local\Temp\cciUCl9c.s 			page 32


 1768 0d4b 03       		.uleb128 0x3
 1769 0d4c 4E090000 		.4byte	.LASF174
 1770 0d50 10       		.byte	0x10
 1771 0d51 93       		.byte	0x93
 1772 0d52 10       		.byte	0x10
 1773 0d53 570D0000 		.4byte	0xd57
 1774 0d57 0D       		.uleb128 0xd
 1775 0d58 04       		.byte	0x4
 1776 0d59 5D0D0000 		.4byte	0xd5d
 1777 0d5d 16       		.uleb128 0x16
 1778 0d5e 680D0000 		.4byte	0xd68
 1779 0d62 15       		.uleb128 0x15
 1780 0d63 680D0000 		.4byte	0xd68
 1781 0d67 00       		.byte	0
 1782 0d68 0D       		.uleb128 0xd
 1783 0d69 04       		.byte	0x4
 1784 0d6a 360C0000 		.4byte	0xc36
 1785 0d6e 17       		.uleb128 0x17
 1786 0d6f 07       		.byte	0x7
 1787 0d70 01       		.byte	0x1
 1788 0d71 58000000 		.4byte	0x58
 1789 0d75 10       		.byte	0x10
 1790 0d76 98       		.byte	0x98
 1791 0d77 0E       		.byte	0xe
 1792 0d78 8F0D0000 		.4byte	0xd8f
 1793 0d7c 18       		.uleb128 0x18
 1794 0d7d 6C080000 		.4byte	.LASF175
 1795 0d81 00       		.byte	0
 1796 0d82 18       		.uleb128 0x18
 1797 0d83 53010000 		.4byte	.LASF176
 1798 0d87 01       		.byte	0x1
 1799 0d88 18       		.uleb128 0x18
 1800 0d89 C0030000 		.4byte	.LASF177
 1801 0d8d 02       		.byte	0x2
 1802 0d8e 00       		.byte	0
 1803 0d8f 03       		.uleb128 0x3
 1804 0d90 B9060000 		.4byte	.LASF178
 1805 0d94 10       		.byte	0x10
 1806 0d95 9C       		.byte	0x9c
 1807 0d96 03       		.byte	0x3
 1808 0d97 6E0D0000 		.4byte	0xd6e
 1809 0d9b 19       		.uleb128 0x19
 1810 0d9c 0B080000 		.4byte	.LASF226
 1811 0da0 15       		.byte	0x15
 1812 0da1 D301     		.2byte	0x1d3
 1813 0da3 12       		.byte	0x12
 1814 0da4 360C0000 		.4byte	0xc36
 1815 0da8 07       		.uleb128 0x7
 1816 0da9 B3080000 		.4byte	.LASF179
 1817 0dad 28       		.byte	0x28
 1818 0dae 10       		.byte	0x10
 1819 0daf B8       		.byte	0xb8
 1820 0db0 08       		.byte	0x8
 1821 0db1 380E0000 		.4byte	0xe38
 1822 0db5 09       		.uleb128 0x9
 1823 0db6 F7090000 		.4byte	.LASF180
 1824 0dba 10       		.byte	0x10
ARM GAS  C:\Users\angio\AppData\Local\Temp\cciUCl9c.s 			page 33


 1825 0dbb B9       		.byte	0xb9
 1826 0dbc 03       		.byte	0x3
 1827 0dbd 24000000 		.4byte	0x24
 1828 0dc1 00       		.byte	0
 1829 0dc2 09       		.uleb128 0x9
 1830 0dc3 94000000 		.4byte	.LASF181
 1831 0dc7 10       		.byte	0x10
 1832 0dc8 B9       		.byte	0xb9
 1833 0dc9 03       		.byte	0x3
 1834 0dca 300B0000 		.4byte	0xb30
 1835 0dce 04       		.byte	0x4
 1836 0dcf 09       		.uleb128 0x9
 1837 0dd0 CC060000 		.4byte	.LASF182
 1838 0dd4 10       		.byte	0x10
 1839 0dd5 B9       		.byte	0xb9
 1840 0dd6 03       		.byte	0x3
 1841 0dd7 4F0B0000 		.4byte	0xb4f
 1842 0ddb 08       		.byte	0x8
 1843 0ddc 08       		.uleb128 0x8
 1844 0ddd 70757400 		.ascii	"put\000"
 1845 0de1 10       		.byte	0x10
 1846 0de2 B9       		.byte	0xb9
 1847 0de3 03       		.byte	0x3
 1848 0de4 690B0000 		.4byte	0xb69
 1849 0de8 0C       		.byte	0xc
 1850 0de9 08       		.uleb128 0x8
 1851 0dea 67657400 		.ascii	"get\000"
 1852 0dee 10       		.byte	0x10
 1853 0def B9       		.byte	0xb9
 1854 0df0 03       		.byte	0x3
 1855 0df1 7E0B0000 		.4byte	0xb7e
 1856 0df5 10       		.byte	0x10
 1857 0df6 09       		.uleb128 0x9
 1858 0df7 B9000000 		.4byte	.LASF183
 1859 0dfb 10       		.byte	0x10
 1860 0dfc B9       		.byte	0xb9
 1861 0dfd 03       		.byte	0x3
 1862 0dfe 9D0B0000 		.4byte	0xb9d
 1863 0e02 14       		.byte	0x14
 1864 0e03 09       		.uleb128 0x9
 1865 0e04 41040000 		.4byte	.LASF184
 1866 0e08 10       		.byte	0x10
 1867 0e09 B9       		.byte	0xb9
 1868 0e0a 03       		.byte	0x3
 1869 0e0b B70B0000 		.4byte	0xbb7
 1870 0e0f 18       		.byte	0x18
 1871 0e10 09       		.uleb128 0x9
 1872 0e11 5A000000 		.4byte	.LASF185
 1873 0e15 10       		.byte	0x10
 1874 0e16 B9       		.byte	0xb9
 1875 0e17 03       		.byte	0x3
 1876 0e18 DB0B0000 		.4byte	0xbdb
 1877 0e1c 1C       		.byte	0x1c
 1878 0e1d 09       		.uleb128 0x9
 1879 0e1e 4D010000 		.4byte	.LASF186
 1880 0e22 10       		.byte	0x10
 1881 0e23 B9       		.byte	0xb9
ARM GAS  C:\Users\angio\AppData\Local\Temp\cciUCl9c.s 			page 34


 1882 0e24 03       		.byte	0x3
 1883 0e25 FF0B0000 		.4byte	0xbff
 1884 0e29 20       		.byte	0x20
 1885 0e2a 08       		.uleb128 0x8
 1886 0e2b 63746C00 		.ascii	"ctl\000"
 1887 0e2f 10       		.byte	0x10
 1888 0e30 B9       		.byte	0xb9
 1889 0e31 03       		.byte	0x3
 1890 0e32 1E0C0000 		.4byte	0xc1e
 1891 0e36 24       		.byte	0x24
 1892 0e37 00       		.byte	0
 1893 0e38 05       		.uleb128 0x5
 1894 0e39 A80D0000 		.4byte	0xda8
 1895 0e3d 0D       		.uleb128 0xd
 1896 0e3e 04       		.byte	0x4
 1897 0e3f 380E0000 		.4byte	0xe38
 1898 0e43 0D       		.uleb128 0xd
 1899 0e44 04       		.byte	0x4
 1900 0e45 F70C0000 		.4byte	0xcf7
 1901 0e49 1A       		.uleb128 0x1a
 1902 0e4a 9B0D0000 		.4byte	0xd9b
 1903 0e4e 11       		.byte	0x11
 1904 0e4f 8D       		.byte	0x8d
 1905 0e50 0B       		.byte	0xb
 1906 0e51 1B       		.uleb128 0x1b
 1907 0e52 5D020000 		.4byte	.LASF187
 1908 0e56 11       		.byte	0x11
 1909 0e57 99       		.byte	0x99
 1910 0e58 18       		.byte	0x18
 1911 0e59 F70C0000 		.4byte	0xcf7
 1912 0e5d 1C       		.uleb128 0x1c
 1913 0e5e F9060000 		.4byte	.LASF191
 1914 0e62 11       		.byte	0x11
 1915 0e63 1A03     		.2byte	0x31a
 1916 0e65 06       		.byte	0x6
 1917 0e66 B30E0000 		.4byte	0xeb3
 1918 0e6a 1D       		.uleb128 0x1d
 1919 0e6b 9C040000 		.4byte	.LASF189
 1920 0e6f 11       		.byte	0x11
 1921 0e70 1A03     		.2byte	0x31a
 1922 0e72 29       		.byte	0x29
 1923 0e73 680D0000 		.4byte	0xd68
 1924 0e77 1E       		.uleb128 0x1e
 1925 0e78 7500     		.ascii	"u\000"
 1926 0e7a 11       		.byte	0x11
 1927 0e7b 1B03     		.2byte	0x31b
 1928 0e7d 12       		.byte	0x12
 1929 0e7e 240C0000 		.4byte	0xc24
 1930 0e82 1F       		.uleb128 0x1f
 1931 0e83 8C0A0000 		.4byte	.LASF188
 1932 0e87 11       		.byte	0x11
 1933 0e88 1C03     		.2byte	0x31c
 1934 0e8a 0F       		.byte	0xf
 1935 0e8b 2A0C0000 		.4byte	0xc2a
 1936 0e8f 1E       		.uleb128 0x1e
 1937 0e90 63723100 		.ascii	"cr1\000"
 1938 0e94 11       		.byte	0x11
ARM GAS  C:\Users\angio\AppData\Local\Temp\cciUCl9c.s 			page 35


 1939 0e95 1D03     		.2byte	0x31d
 1940 0e97 0C       		.byte	0xc
 1941 0e98 C3000000 		.4byte	0xc3
 1942 0e9c 1E       		.uleb128 0x1e
 1943 0e9d 63723300 		.ascii	"cr3\000"
 1944 0ea1 11       		.byte	0x11
 1945 0ea2 1D03     		.2byte	0x31d
 1946 0ea4 11       		.byte	0x11
 1947 0ea5 C3000000 		.4byte	0xc3
 1948 0ea9 20       		.uleb128 0x20
 1949 0eaa 8B000000 		.4byte	.LASF205
 1950 0eae C30E0000 		.4byte	0xec3
 1951 0eb2 00       		.byte	0
 1952 0eb3 21       		.uleb128 0x21
 1953 0eb4 54030000 		.4byte	0x354
 1954 0eb8 C30E0000 		.4byte	0xec3
 1955 0ebc 22       		.uleb128 0x22
 1956 0ebd 30000000 		.4byte	0x30
 1957 0ec1 17       		.byte	0x17
 1958 0ec2 00       		.byte	0
 1959 0ec3 05       		.uleb128 0x5
 1960 0ec4 B30E0000 		.4byte	0xeb3
 1961 0ec8 23       		.uleb128 0x23
 1962 0ec9 AC050000 		.4byte	.LASF194
 1963 0ecd 11       		.byte	0x11
 1964 0ece 0A03     		.2byte	0x30a
 1965 0ed0 07       		.byte	0x7
 1966 0ed1 3E010000 		.4byte	0x13e
 1967 0ed5 010F0000 		.4byte	0xf01
 1968 0ed9 1D       		.uleb128 0x1d
 1969 0eda 9C040000 		.4byte	.LASF189
 1970 0ede 11       		.byte	0x11
 1971 0edf 0A03     		.2byte	0x30a
 1972 0ee1 22       		.byte	0x22
 1973 0ee2 680D0000 		.4byte	0xd68
 1974 0ee6 1D       		.uleb128 0x1d
 1975 0ee7 460A0000 		.4byte	.LASF190
 1976 0eeb 11       		.byte	0x11
 1977 0eec 0A03     		.2byte	0x30a
 1978 0eee 35       		.byte	0x35
 1979 0eef 30000000 		.4byte	0x30
 1980 0ef3 24       		.uleb128 0x24
 1981 0ef4 61726700 		.ascii	"arg\000"
 1982 0ef8 11       		.byte	0x11
 1983 0ef9 0A03     		.2byte	0x30a
 1984 0efb 46       		.byte	0x46
 1985 0efc BE080000 		.4byte	0x8be
 1986 0f00 00       		.byte	0
 1987 0f01 1C       		.uleb128 0x1c
 1988 0f02 9A000000 		.4byte	.LASF192
 1989 0f06 11       		.byte	0x11
 1990 0f07 EF02     		.2byte	0x2ef
 1991 0f09 06       		.byte	0x6
 1992 0f0a 290F0000 		.4byte	0xf29
 1993 0f0e 1D       		.uleb128 0x1d
 1994 0f0f 9C040000 		.4byte	.LASF189
 1995 0f13 11       		.byte	0x11
ARM GAS  C:\Users\angio\AppData\Local\Temp\cciUCl9c.s 			page 36


 1996 0f14 EF02     		.2byte	0x2ef
 1997 0f16 1D       		.byte	0x1d
 1998 0f17 680D0000 		.4byte	0xd68
 1999 0f1b 1D       		.uleb128 0x1d
 2000 0f1c 980A0000 		.4byte	.LASF193
 2001 0f20 11       		.byte	0x11
 2002 0f21 EF02     		.2byte	0x2ef
 2003 0f23 31       		.byte	0x31
 2004 0f24 EA000000 		.4byte	0xea
 2005 0f28 00       		.byte	0
 2006 0f29 23       		.uleb128 0x23
 2007 0f2a 29080000 		.4byte	.LASF195
 2008 0f2e 11       		.byte	0x11
 2009 0f2f D902     		.2byte	0x2d9
 2010 0f31 07       		.byte	0x7
 2011 0f32 3E010000 		.4byte	0x13e
 2012 0f36 550F0000 		.4byte	0xf55
 2013 0f3a 1D       		.uleb128 0x1d
 2014 0f3b 9C040000 		.4byte	.LASF189
 2015 0f3f 11       		.byte	0x11
 2016 0f40 D902     		.2byte	0x2d9
 2017 0f42 1E       		.byte	0x1e
 2018 0f43 680D0000 		.4byte	0xd68
 2019 0f47 1E       		.uleb128 0x1e
 2020 0f48 6D736700 		.ascii	"msg\000"
 2021 0f4c 11       		.byte	0x11
 2022 0f4d DA02     		.2byte	0x2da
 2023 0f4f 09       		.byte	0x9
 2024 0f50 3E010000 		.4byte	0x13e
 2025 0f54 00       		.byte	0
 2026 0f55 23       		.uleb128 0x23
 2027 0f56 23050000 		.4byte	.LASF196
 2028 0f5a 11       		.byte	0x11
 2029 0f5b B502     		.2byte	0x2b5
 2030 0f5d 08       		.byte	0x8
 2031 0f5e 24000000 		.4byte	0x24
 2032 0f62 980F0000 		.4byte	0xf98
 2033 0f66 1D       		.uleb128 0x1d
 2034 0f67 9C040000 		.4byte	.LASF189
 2035 0f6b 11       		.byte	0x11
 2036 0f6c B502     		.2byte	0x2b5
 2037 0f6e 21       		.byte	0x21
 2038 0f6f 680D0000 		.4byte	0xd68
 2039 0f73 1D       		.uleb128 0x1d
 2040 0f74 BC040000 		.4byte	.LASF197
 2041 0f78 11       		.byte	0x11
 2042 0f79 B502     		.2byte	0x2b5
 2043 0f7b 36       		.byte	0x36
 2044 0f7c 2A0B0000 		.4byte	0xb2a
 2045 0f80 24       		.uleb128 0x24
 2046 0f81 6E00     		.ascii	"n\000"
 2047 0f83 11       		.byte	0x11
 2048 0f84 B502     		.2byte	0x2b5
 2049 0f86 45       		.byte	0x45
 2050 0f87 24000000 		.4byte	0x24
 2051 0f8b 1E       		.uleb128 0x1e
 2052 0f8c 777200   		.ascii	"wr\000"
ARM GAS  C:\Users\angio\AppData\Local\Temp\cciUCl9c.s 			page 37


 2053 0f8f 11       		.byte	0x11
 2054 0f90 B602     		.2byte	0x2b6
 2055 0f92 0A       		.byte	0xa
 2056 0f93 24000000 		.4byte	0x24
 2057 0f97 00       		.byte	0
 2058 0f98 23       		.uleb128 0x23
 2059 0f99 3A080000 		.4byte	.LASF198
 2060 0f9d 11       		.byte	0x11
 2061 0f9e 9102     		.2byte	0x291
 2062 0fa0 08       		.byte	0x8
 2063 0fa1 24000000 		.4byte	0x24
 2064 0fa5 DB0F0000 		.4byte	0xfdb
 2065 0fa9 1D       		.uleb128 0x1d
 2066 0faa 9C040000 		.4byte	.LASF189
 2067 0fae 11       		.byte	0x11
 2068 0faf 9102     		.2byte	0x291
 2069 0fb1 20       		.byte	0x20
 2070 0fb2 680D0000 		.4byte	0xd68
 2071 0fb6 1D       		.uleb128 0x1d
 2072 0fb7 BC040000 		.4byte	.LASF197
 2073 0fbb 11       		.byte	0x11
 2074 0fbc 9102     		.2byte	0x291
 2075 0fbe 2F       		.byte	0x2f
 2076 0fbf 0B0B0000 		.4byte	0xb0b
 2077 0fc3 24       		.uleb128 0x24
 2078 0fc4 6E00     		.ascii	"n\000"
 2079 0fc6 11       		.byte	0x11
 2080 0fc7 9102     		.2byte	0x291
 2081 0fc9 3E       		.byte	0x3e
 2082 0fca 24000000 		.4byte	0x24
 2083 0fce 1E       		.uleb128 0x1e
 2084 0fcf 726400   		.ascii	"rd\000"
 2085 0fd2 11       		.byte	0x11
 2086 0fd3 9202     		.2byte	0x292
 2087 0fd5 0A       		.byte	0xa
 2088 0fd6 24000000 		.4byte	0x24
 2089 0fda 00       		.byte	0
 2090 0fdb 23       		.uleb128 0x23
 2091 0fdc 61000000 		.4byte	.LASF199
 2092 0fe0 11       		.byte	0x11
 2093 0fe1 7102     		.2byte	0x271
 2094 0fe3 0D       		.byte	0xd
 2095 0fe4 2A0C0000 		.4byte	0xc2a
 2096 0fe8 14100000 		.4byte	0x1014
 2097 0fec 1D       		.uleb128 0x1d
 2098 0fed 9C040000 		.4byte	.LASF189
 2099 0ff1 11       		.byte	0x11
 2100 0ff2 7102     		.2byte	0x271
 2101 0ff4 2B       		.byte	0x2b
 2102 0ff5 680D0000 		.4byte	0xd68
 2103 0ff9 1E       		.uleb128 0x1e
 2104 0ffa 69737200 		.ascii	"isr\000"
 2105 0ffe 11       		.byte	0x11
 2106 0fff 7202     		.2byte	0x272
 2107 1001 0C       		.byte	0xc
 2108 1002 C3000000 		.4byte	0xc3
 2109 1006 1F       		.uleb128 0x1f
ARM GAS  C:\Users\angio\AppData\Local\Temp\cciUCl9c.s 			page 38


 2110 1007 8C0A0000 		.4byte	.LASF188
 2111 100b 11       		.byte	0x11
 2112 100c 7302     		.2byte	0x273
 2113 100e 0F       		.byte	0xf
 2114 100f 2A0C0000 		.4byte	0xc2a
 2115 1013 00       		.byte	0
 2116 1014 23       		.uleb128 0x23
 2117 1015 40020000 		.4byte	.LASF200
 2118 1019 11       		.byte	0x11
 2119 101a 4902     		.2byte	0x249
 2120 101c 0D       		.byte	0xd
 2121 101d 2A0C0000 		.4byte	0xc2a
 2122 1021 4D100000 		.4byte	0x104d
 2123 1025 1D       		.uleb128 0x1d
 2124 1026 9C040000 		.4byte	.LASF189
 2125 102a 11       		.byte	0x11
 2126 102b 4902     		.2byte	0x249
 2127 102d 35       		.byte	0x35
 2128 102e 680D0000 		.4byte	0xd68
 2129 1032 1E       		.uleb128 0x1e
 2130 1033 69737200 		.ascii	"isr\000"
 2131 1037 11       		.byte	0x11
 2132 1038 4A02     		.2byte	0x24a
 2133 103a 0C       		.byte	0xc
 2134 103b C3000000 		.4byte	0xc3
 2135 103f 1F       		.uleb128 0x1f
 2136 1040 8C0A0000 		.4byte	.LASF188
 2137 1044 11       		.byte	0x11
 2138 1045 4B02     		.2byte	0x24b
 2139 1047 0F       		.byte	0xf
 2140 1048 2A0C0000 		.4byte	0xc2a
 2141 104c 00       		.byte	0
 2142 104d 23       		.uleb128 0x23
 2143 104e E2050000 		.4byte	.LASF201
 2144 1052 11       		.byte	0x11
 2145 1053 2902     		.2byte	0x229
 2146 1055 0D       		.byte	0xd
 2147 1056 2A0C0000 		.4byte	0xc2a
 2148 105a 86100000 		.4byte	0x1086
 2149 105e 1D       		.uleb128 0x1d
 2150 105f 9C040000 		.4byte	.LASF189
 2151 1063 11       		.byte	0x11
 2152 1064 2902     		.2byte	0x229
 2153 1066 35       		.byte	0x35
 2154 1067 680D0000 		.4byte	0xd68
 2155 106b 1E       		.uleb128 0x1e
 2156 106c 69737200 		.ascii	"isr\000"
 2157 1070 11       		.byte	0x11
 2158 1071 2A02     		.2byte	0x22a
 2159 1073 0C       		.byte	0xc
 2160 1074 C3000000 		.4byte	0xc3
 2161 1078 1F       		.uleb128 0x1f
 2162 1079 34040000 		.4byte	.LASF202
 2163 107d 11       		.byte	0x11
 2164 107e 2B02     		.2byte	0x22b
 2165 1080 0F       		.byte	0xf
 2166 1081 2A0C0000 		.4byte	0xc2a
ARM GAS  C:\Users\angio\AppData\Local\Temp\cciUCl9c.s 			page 39


 2167 1085 00       		.byte	0
 2168 1086 1C       		.uleb128 0x1c
 2169 1087 C7020000 		.4byte	.LASF203
 2170 108b 11       		.byte	0x11
 2171 108c 0602     		.2byte	0x206
 2172 108e 06       		.byte	0x6
 2173 108f C8100000 		.4byte	0x10c8
 2174 1093 1D       		.uleb128 0x1d
 2175 1094 9C040000 		.4byte	.LASF189
 2176 1098 11       		.byte	0x11
 2177 1099 0602     		.2byte	0x206
 2178 109b 2D       		.byte	0x2d
 2179 109c 680D0000 		.4byte	0xd68
 2180 10a0 1E       		.uleb128 0x1e
 2181 10a1 63723100 		.ascii	"cr1\000"
 2182 10a5 11       		.byte	0x11
 2183 10a6 0702     		.2byte	0x207
 2184 10a8 0C       		.byte	0xc
 2185 10a9 C3000000 		.4byte	0xc3
 2186 10ad 1E       		.uleb128 0x1e
 2187 10ae 63723200 		.ascii	"cr2\000"
 2188 10b2 11       		.byte	0x11
 2189 10b3 0702     		.2byte	0x207
 2190 10b5 11       		.byte	0x11
 2191 10b6 C3000000 		.4byte	0xc3
 2192 10ba 1E       		.uleb128 0x1e
 2193 10bb 63723300 		.ascii	"cr3\000"
 2194 10bf 11       		.byte	0x11
 2195 10c0 0702     		.2byte	0x207
 2196 10c2 16       		.byte	0x16
 2197 10c3 C3000000 		.4byte	0xc3
 2198 10c7 00       		.byte	0
 2199 10c8 1C       		.uleb128 0x1c
 2200 10c9 EA090000 		.4byte	.LASF204
 2201 10cd 11       		.byte	0x11
 2202 10ce B101     		.2byte	0x1b1
 2203 10d0 06       		.byte	0x6
 2204 10d1 EC100000 		.4byte	0x10ec
 2205 10d5 1D       		.uleb128 0x1d
 2206 10d6 9C040000 		.4byte	.LASF189
 2207 10da 11       		.byte	0x11
 2208 10db B101     		.2byte	0x1b1
 2209 10dd 1E       		.byte	0x1e
 2210 10de 680D0000 		.4byte	0xd68
 2211 10e2 20       		.uleb128 0x20
 2212 10e3 8B000000 		.4byte	.LASF205
 2213 10e7 FC100000 		.4byte	0x10fc
 2214 10eb 00       		.byte	0
 2215 10ec 21       		.uleb128 0x21
 2216 10ed 54030000 		.4byte	0x354
 2217 10f1 FC100000 		.4byte	0x10fc
 2218 10f5 22       		.uleb128 0x22
 2219 10f6 30000000 		.4byte	0x30
 2220 10fa 0C       		.byte	0xc
 2221 10fb 00       		.byte	0
 2222 10fc 05       		.uleb128 0x5
 2223 10fd EC100000 		.4byte	0x10ec
ARM GAS  C:\Users\angio\AppData\Local\Temp\cciUCl9c.s 			page 40


 2224 1101 23       		.uleb128 0x23
 2225 1102 C3040000 		.4byte	.LASF206
 2226 1106 11       		.byte	0x11
 2227 1107 5001     		.2byte	0x150
 2228 1109 07       		.byte	0x7
 2229 110a 3E010000 		.4byte	0x13e
 2230 110e 29110000 		.4byte	0x1129
 2231 1112 1D       		.uleb128 0x1d
 2232 1113 9C040000 		.4byte	.LASF189
 2233 1117 11       		.byte	0x11
 2234 1118 5001     		.2byte	0x150
 2235 111a 20       		.byte	0x20
 2236 111b 680D0000 		.4byte	0xd68
 2237 111f 20       		.uleb128 0x20
 2238 1120 8B000000 		.4byte	.LASF205
 2239 1124 39110000 		.4byte	0x1139
 2240 1128 00       		.byte	0
 2241 1129 21       		.uleb128 0x21
 2242 112a 54030000 		.4byte	0x354
 2243 112e 39110000 		.4byte	0x1139
 2244 1132 22       		.uleb128 0x22
 2245 1133 30000000 		.4byte	0x30
 2246 1137 0D       		.byte	0xd
 2247 1138 00       		.byte	0
 2248 1139 05       		.uleb128 0x5
 2249 113a 29110000 		.4byte	0x1129
 2250 113e 25       		.uleb128 0x25
 2251 113f 0A040000 		.4byte	.LASF227
 2252 1143 11       		.byte	0x11
 2253 1144 0C01     		.2byte	0x10c
 2254 1146 06       		.byte	0x6
 2255 1147 26       		.uleb128 0x26
 2256 1148 A6070000 		.4byte	.LASF208
 2257 114c 11       		.byte	0x11
 2258 114d D0       		.byte	0xd0
 2259 114e 16       		.byte	0x16
 2260 114f A3110000 		.4byte	0x11a3
 2261 1153 27       		.uleb128 0x27
 2262 1154 9C040000 		.4byte	.LASF189
 2263 1158 11       		.byte	0x11
 2264 1159 D0       		.byte	0xd0
 2265 115a 2C       		.byte	0x2c
 2266 115b 680D0000 		.4byte	0xd68
 2267 115f 28       		.uleb128 0x28
 2268 1160 7500     		.ascii	"u\000"
 2269 1162 11       		.byte	0x11
 2270 1163 D1       		.byte	0xd1
 2271 1164 12       		.byte	0x12
 2272 1165 240C0000 		.4byte	0xc24
 2273 1169 1B       		.uleb128 0x1b
 2274 116a 9D0A0000 		.4byte	.LASF173
 2275 116e 11       		.byte	0x11
 2276 116f D2       		.byte	0xd2
 2277 1170 0C       		.byte	0xc
 2278 1171 C3000000 		.4byte	0xc3
 2279 1175 28       		.uleb128 0x28
 2280 1176 62727200 		.ascii	"brr\000"
ARM GAS  C:\Users\angio\AppData\Local\Temp\cciUCl9c.s 			page 41


 2281 117a 11       		.byte	0x11
 2282 117b D2       		.byte	0xd2
 2283 117c 13       		.byte	0x13
 2284 117d C3000000 		.4byte	0xc3
 2285 1181 1B       		.uleb128 0x1b
 2286 1182 C5050000 		.4byte	.LASF169
 2287 1186 11       		.byte	0x11
 2288 1187 D2       		.byte	0xd2
 2289 1188 18       		.byte	0x18
 2290 1189 C3000000 		.4byte	0xc3
 2291 118d 1B       		.uleb128 0x1b
 2292 118e 48000000 		.4byte	.LASF207
 2293 1192 11       		.byte	0x11
 2294 1193 D5       		.byte	0xd5
 2295 1194 19       		.byte	0x19
 2296 1195 B3110000 		.4byte	0x11b3
 2297 1199 20       		.uleb128 0x20
 2298 119a 8B000000 		.4byte	.LASF205
 2299 119e C8110000 		.4byte	0x11c8
 2300 11a2 00       		.byte	0
 2301 11a3 21       		.uleb128 0x21
 2302 11a4 D4000000 		.4byte	0xd4
 2303 11a8 B3110000 		.4byte	0x11b3
 2304 11ac 22       		.uleb128 0x22
 2305 11ad 30000000 		.4byte	0x30
 2306 11b1 0B       		.byte	0xb
 2307 11b2 00       		.byte	0
 2308 11b3 05       		.uleb128 0x5
 2309 11b4 A3110000 		.4byte	0x11a3
 2310 11b8 21       		.uleb128 0x21
 2311 11b9 54030000 		.4byte	0x354
 2312 11bd C8110000 		.4byte	0x11c8
 2313 11c1 22       		.uleb128 0x22
 2314 11c2 30000000 		.4byte	0x30
 2315 11c6 0A       		.byte	0xa
 2316 11c7 00       		.byte	0
 2317 11c8 05       		.uleb128 0x5
 2318 11c9 B8110000 		.4byte	0x11b8
 2319 11cd 26       		.uleb128 0x26
 2320 11ce 25070000 		.4byte	.LASF209
 2321 11d2 11       		.byte	0x11
 2322 11d3 C3       		.byte	0xc3
 2323 11d4 16       		.byte	0x16
 2324 11d5 E6110000 		.4byte	0x11e6
 2325 11d9 27       		.uleb128 0x27
 2326 11da 9C040000 		.4byte	.LASF189
 2327 11de 11       		.byte	0x11
 2328 11df C3       		.byte	0xc3
 2329 11e0 39       		.byte	0x39
 2330 11e1 680D0000 		.4byte	0xd68
 2331 11e5 00       		.byte	0
 2332 11e6 26       		.uleb128 0x26
 2333 11e7 4D080000 		.4byte	.LASF210
 2334 11eb 11       		.byte	0x11
 2335 11ec BC       		.byte	0xbc
 2336 11ed 16       		.byte	0x16
 2337 11ee FF110000 		.4byte	0x11ff
ARM GAS  C:\Users\angio\AppData\Local\Temp\cciUCl9c.s 			page 42


 2338 11f2 27       		.uleb128 0x27
 2339 11f3 9C040000 		.4byte	.LASF189
 2340 11f7 11       		.byte	0x11
 2341 11f8 BC       		.byte	0xbc
 2342 11f9 35       		.byte	0x35
 2343 11fa 680D0000 		.4byte	0xd68
 2344 11fe 00       		.byte	0
 2345 11ff 26       		.uleb128 0x26
 2346 1200 28010000 		.4byte	.LASF211
 2347 1204 11       		.byte	0x11
 2348 1205 AF       		.byte	0xaf
 2349 1206 16       		.byte	0x16
 2350 1207 18120000 		.4byte	0x1218
 2351 120b 27       		.uleb128 0x27
 2352 120c 9C040000 		.4byte	.LASF189
 2353 1210 11       		.byte	0x11
 2354 1211 AF       		.byte	0xaf
 2355 1212 3C       		.byte	0x3c
 2356 1213 680D0000 		.4byte	0xd68
 2357 1217 00       		.byte	0
 2358 1218 26       		.uleb128 0x26
 2359 1219 99020000 		.4byte	.LASF212
 2360 121d 11       		.byte	0x11
 2361 121e A5       		.byte	0xa5
 2362 121f 16       		.byte	0x16
 2363 1220 31120000 		.4byte	0x1231
 2364 1224 27       		.uleb128 0x27
 2365 1225 9C040000 		.4byte	.LASF189
 2366 1229 11       		.byte	0x11
 2367 122a A5       		.byte	0xa5
 2368 122b 35       		.byte	0x35
 2369 122c 680D0000 		.4byte	0xd68
 2370 1230 00       		.byte	0
 2371 1231 29       		.uleb128 0x29
 2372 1232 03010000 		.4byte	.LASF213
 2373 1236 12       		.byte	0x12
 2374 1237 4503     		.2byte	0x345
 2375 1239 14       		.byte	0x14
 2376 123a 59120000 		.4byte	0x1259
 2377 123e 24       		.uleb128 0x24
 2378 123f 74727000 		.ascii	"trp\000"
 2379 1243 12       		.byte	0x12
 2380 1244 4503     		.2byte	0x345
 2381 1246 3A       		.byte	0x3a
 2382 1247 D8090000 		.4byte	0x9d8
 2383 124b 24       		.uleb128 0x24
 2384 124c 6D736700 		.ascii	"msg\000"
 2385 1250 12       		.byte	0x12
 2386 1251 4503     		.2byte	0x345
 2387 1253 45       		.byte	0x45
 2388 1254 3E010000 		.4byte	0x13e
 2389 1258 00       		.byte	0
 2390 1259 2A       		.uleb128 0x2a
 2391 125a 01050000 		.4byte	.LASF214
 2392 125e 12       		.byte	0x12
 2393 125f 5E02     		.2byte	0x25e
 2394 1261 14       		.byte	0x14
ARM GAS  C:\Users\angio\AppData\Local\Temp\cciUCl9c.s 			page 43


 2395 1262 2A       		.uleb128 0x2a
 2396 1263 D0000000 		.4byte	.LASF215
 2397 1267 12       		.byte	0x12
 2398 1268 5302     		.2byte	0x253
 2399 126a 14       		.byte	0x14
 2400 126b 2A       		.uleb128 0x2a
 2401 126c 20030000 		.4byte	.LASF216
 2402 1270 13       		.byte	0x13
 2403 1271 D901     		.2byte	0x1d9
 2404 1273 14       		.byte	0x14
 2405 1274 2A       		.uleb128 0x2a
 2406 1275 6C020000 		.4byte	.LASF217
 2407 1279 13       		.byte	0x13
 2408 127a C301     		.2byte	0x1c3
 2409 127c 14       		.byte	0x14
 2410 127d 2A       		.uleb128 0x2a
 2411 127e 91070000 		.4byte	.LASF218
 2412 1282 0D       		.byte	0xd
 2413 1283 3503     		.2byte	0x335
 2414 1285 1B       		.byte	0x1b
 2415 1286 2A       		.uleb128 0x2a
 2416 1287 75060000 		.4byte	.LASF219
 2417 128b 0D       		.byte	0xd
 2418 128c 2A03     		.2byte	0x32a
 2419 128e 1B       		.byte	0x1b
 2420 128f 2A       		.uleb128 0x2a
 2421 1290 34020000 		.4byte	.LASF220
 2422 1294 0D       		.byte	0xd
 2423 1295 1F03     		.2byte	0x31f
 2424 1297 1B       		.byte	0x1b
 2425 1298 2A       		.uleb128 0x2a
 2426 1299 DF080000 		.4byte	.LASF221
 2427 129d 0D       		.byte	0xd
 2428 129e 0B03     		.2byte	0x30b
 2429 12a0 1B       		.byte	0x1b
 2430 12a1 2B       		.uleb128 0x2b
 2431 12a2 77080000 		.4byte	.LASF228
 2432 12a6 14       		.byte	0x14
 2433 12a7 EB01     		.2byte	0x1eb
 2434 12a9 1B       		.byte	0x1b
 2435 12aa 1D       		.uleb128 0x1d
 2436 12ab CB050000 		.4byte	.LASF222
 2437 12af 14       		.byte	0x14
 2438 12b0 EB01     		.2byte	0x1eb
 2439 12b2 32       		.byte	0x32
 2440 12b3 C3000000 		.4byte	0xc3
 2441 12b7 00       		.byte	0
 2442 12b8 00       		.byte	0
 2443              		.section	.gnu.debuglto_.debug_abbrev,"e",%progbits
 2444              	.Ldebug_abbrev0:
 2445 0000 01       		.uleb128 0x1
 2446 0001 11       		.uleb128 0x11
 2447 0002 01       		.byte	0x1
 2448 0003 25       		.uleb128 0x25
 2449 0004 0E       		.uleb128 0xe
 2450 0005 13       		.uleb128 0x13
 2451 0006 0B       		.uleb128 0xb
ARM GAS  C:\Users\angio\AppData\Local\Temp\cciUCl9c.s 			page 44


 2452 0007 03       		.uleb128 0x3
 2453 0008 0E       		.uleb128 0xe
 2454 0009 1B       		.uleb128 0x1b
 2455 000a 0E       		.uleb128 0xe
 2456 000b 10       		.uleb128 0x10
 2457 000c 17       		.uleb128 0x17
 2458 000d 00       		.byte	0
 2459 000e 00       		.byte	0
 2460 000f 02       		.uleb128 0x2
 2461 0010 24       		.uleb128 0x24
 2462 0011 00       		.byte	0
 2463 0012 0B       		.uleb128 0xb
 2464 0013 0B       		.uleb128 0xb
 2465 0014 3E       		.uleb128 0x3e
 2466 0015 0B       		.uleb128 0xb
 2467 0016 03       		.uleb128 0x3
 2468 0017 08       		.uleb128 0x8
 2469 0018 00       		.byte	0
 2470 0019 00       		.byte	0
 2471 001a 03       		.uleb128 0x3
 2472 001b 16       		.uleb128 0x16
 2473 001c 00       		.byte	0
 2474 001d 03       		.uleb128 0x3
 2475 001e 0E       		.uleb128 0xe
 2476 001f 3A       		.uleb128 0x3a
 2477 0020 0B       		.uleb128 0xb
 2478 0021 3B       		.uleb128 0x3b
 2479 0022 0B       		.uleb128 0xb
 2480 0023 39       		.uleb128 0x39
 2481 0024 0B       		.uleb128 0xb
 2482 0025 49       		.uleb128 0x49
 2483 0026 13       		.uleb128 0x13
 2484 0027 00       		.byte	0
 2485 0028 00       		.byte	0
 2486 0029 04       		.uleb128 0x4
 2487 002a 24       		.uleb128 0x24
 2488 002b 00       		.byte	0
 2489 002c 0B       		.uleb128 0xb
 2490 002d 0B       		.uleb128 0xb
 2491 002e 3E       		.uleb128 0x3e
 2492 002f 0B       		.uleb128 0xb
 2493 0030 03       		.uleb128 0x3
 2494 0031 0E       		.uleb128 0xe
 2495 0032 00       		.byte	0
 2496 0033 00       		.byte	0
 2497 0034 05       		.uleb128 0x5
 2498 0035 26       		.uleb128 0x26
 2499 0036 00       		.byte	0
 2500 0037 49       		.uleb128 0x49
 2501 0038 13       		.uleb128 0x13
 2502 0039 00       		.byte	0
 2503 003a 00       		.byte	0
 2504 003b 06       		.uleb128 0x6
 2505 003c 35       		.uleb128 0x35
 2506 003d 00       		.byte	0
 2507 003e 49       		.uleb128 0x49
 2508 003f 13       		.uleb128 0x13
ARM GAS  C:\Users\angio\AppData\Local\Temp\cciUCl9c.s 			page 45


 2509 0040 00       		.byte	0
 2510 0041 00       		.byte	0
 2511 0042 07       		.uleb128 0x7
 2512 0043 13       		.uleb128 0x13
 2513 0044 01       		.byte	0x1
 2514 0045 03       		.uleb128 0x3
 2515 0046 0E       		.uleb128 0xe
 2516 0047 0B       		.uleb128 0xb
 2517 0048 0B       		.uleb128 0xb
 2518 0049 3A       		.uleb128 0x3a
 2519 004a 0B       		.uleb128 0xb
 2520 004b 3B       		.uleb128 0x3b
 2521 004c 0B       		.uleb128 0xb
 2522 004d 39       		.uleb128 0x39
 2523 004e 0B       		.uleb128 0xb
 2524 004f 01       		.uleb128 0x1
 2525 0050 13       		.uleb128 0x13
 2526 0051 00       		.byte	0
 2527 0052 00       		.byte	0
 2528 0053 08       		.uleb128 0x8
 2529 0054 0D       		.uleb128 0xd
 2530 0055 00       		.byte	0
 2531 0056 03       		.uleb128 0x3
 2532 0057 08       		.uleb128 0x8
 2533 0058 3A       		.uleb128 0x3a
 2534 0059 0B       		.uleb128 0xb
 2535 005a 3B       		.uleb128 0x3b
 2536 005b 0B       		.uleb128 0xb
 2537 005c 39       		.uleb128 0x39
 2538 005d 0B       		.uleb128 0xb
 2539 005e 49       		.uleb128 0x49
 2540 005f 13       		.uleb128 0x13
 2541 0060 38       		.uleb128 0x38
 2542 0061 0B       		.uleb128 0xb
 2543 0062 00       		.byte	0
 2544 0063 00       		.byte	0
 2545 0064 09       		.uleb128 0x9
 2546 0065 0D       		.uleb128 0xd
 2547 0066 00       		.byte	0
 2548 0067 03       		.uleb128 0x3
 2549 0068 0E       		.uleb128 0xe
 2550 0069 3A       		.uleb128 0x3a
 2551 006a 0B       		.uleb128 0xb
 2552 006b 3B       		.uleb128 0x3b
 2553 006c 0B       		.uleb128 0xb
 2554 006d 39       		.uleb128 0x39
 2555 006e 0B       		.uleb128 0xb
 2556 006f 49       		.uleb128 0x49
 2557 0070 13       		.uleb128 0x13
 2558 0071 38       		.uleb128 0x38
 2559 0072 0B       		.uleb128 0xb
 2560 0073 00       		.byte	0
 2561 0074 00       		.byte	0
 2562 0075 0A       		.uleb128 0xa
 2563 0076 0D       		.uleb128 0xd
 2564 0077 00       		.byte	0
 2565 0078 03       		.uleb128 0x3
ARM GAS  C:\Users\angio\AppData\Local\Temp\cciUCl9c.s 			page 46


 2566 0079 08       		.uleb128 0x8
 2567 007a 3A       		.uleb128 0x3a
 2568 007b 0B       		.uleb128 0xb
 2569 007c 3B       		.uleb128 0x3b
 2570 007d 05       		.uleb128 0x5
 2571 007e 39       		.uleb128 0x39
 2572 007f 0B       		.uleb128 0xb
 2573 0080 49       		.uleb128 0x49
 2574 0081 13       		.uleb128 0x13
 2575 0082 38       		.uleb128 0x38
 2576 0083 0B       		.uleb128 0xb
 2577 0084 00       		.byte	0
 2578 0085 00       		.byte	0
 2579 0086 0B       		.uleb128 0xb
 2580 0087 0D       		.uleb128 0xd
 2581 0088 00       		.byte	0
 2582 0089 03       		.uleb128 0x3
 2583 008a 0E       		.uleb128 0xe
 2584 008b 3A       		.uleb128 0x3a
 2585 008c 0B       		.uleb128 0xb
 2586 008d 3B       		.uleb128 0x3b
 2587 008e 05       		.uleb128 0x5
 2588 008f 39       		.uleb128 0x39
 2589 0090 0B       		.uleb128 0xb
 2590 0091 49       		.uleb128 0x49
 2591 0092 13       		.uleb128 0x13
 2592 0093 38       		.uleb128 0x38
 2593 0094 0B       		.uleb128 0xb
 2594 0095 00       		.byte	0
 2595 0096 00       		.byte	0
 2596 0097 0C       		.uleb128 0xc
 2597 0098 13       		.uleb128 0x13
 2598 0099 01       		.byte	0x1
 2599 009a 03       		.uleb128 0x3
 2600 009b 0E       		.uleb128 0xe
 2601 009c 0B       		.uleb128 0xb
 2602 009d 0B       		.uleb128 0xb
 2603 009e 3A       		.uleb128 0x3a
 2604 009f 0B       		.uleb128 0xb
 2605 00a0 3B       		.uleb128 0x3b
 2606 00a1 05       		.uleb128 0x5
 2607 00a2 39       		.uleb128 0x39
 2608 00a3 0B       		.uleb128 0xb
 2609 00a4 01       		.uleb128 0x1
 2610 00a5 13       		.uleb128 0x13
 2611 00a6 00       		.byte	0
 2612 00a7 00       		.byte	0
 2613 00a8 0D       		.uleb128 0xd
 2614 00a9 0F       		.uleb128 0xf
 2615 00aa 00       		.byte	0
 2616 00ab 0B       		.uleb128 0xb
 2617 00ac 0B       		.uleb128 0xb
 2618 00ad 49       		.uleb128 0x49
 2619 00ae 13       		.uleb128 0x13
 2620 00af 00       		.byte	0
 2621 00b0 00       		.byte	0
 2622 00b1 0E       		.uleb128 0xe
ARM GAS  C:\Users\angio\AppData\Local\Temp\cciUCl9c.s 			page 47


 2623 00b2 13       		.uleb128 0x13
 2624 00b3 01       		.byte	0x1
 2625 00b4 0B       		.uleb128 0xb
 2626 00b5 0B       		.uleb128 0xb
 2627 00b6 3A       		.uleb128 0x3a
 2628 00b7 0B       		.uleb128 0xb
 2629 00b8 3B       		.uleb128 0x3b
 2630 00b9 05       		.uleb128 0x5
 2631 00ba 39       		.uleb128 0x39
 2632 00bb 0B       		.uleb128 0xb
 2633 00bc 01       		.uleb128 0x1
 2634 00bd 13       		.uleb128 0x13
 2635 00be 00       		.byte	0
 2636 00bf 00       		.byte	0
 2637 00c0 0F       		.uleb128 0xf
 2638 00c1 16       		.uleb128 0x16
 2639 00c2 00       		.byte	0
 2640 00c3 03       		.uleb128 0x3
 2641 00c4 0E       		.uleb128 0xe
 2642 00c5 3A       		.uleb128 0x3a
 2643 00c6 0B       		.uleb128 0xb
 2644 00c7 3B       		.uleb128 0x3b
 2645 00c8 05       		.uleb128 0x5
 2646 00c9 39       		.uleb128 0x39
 2647 00ca 0B       		.uleb128 0xb
 2648 00cb 49       		.uleb128 0x49
 2649 00cc 13       		.uleb128 0x13
 2650 00cd 00       		.byte	0
 2651 00ce 00       		.byte	0
 2652 00cf 10       		.uleb128 0x10
 2653 00d0 0F       		.uleb128 0xf
 2654 00d1 00       		.byte	0
 2655 00d2 0B       		.uleb128 0xb
 2656 00d3 0B       		.uleb128 0xb
 2657 00d4 00       		.byte	0
 2658 00d5 00       		.byte	0
 2659 00d6 11       		.uleb128 0x11
 2660 00d7 17       		.uleb128 0x17
 2661 00d8 01       		.byte	0x1
 2662 00d9 0B       		.uleb128 0xb
 2663 00da 0B       		.uleb128 0xb
 2664 00db 3A       		.uleb128 0x3a
 2665 00dc 0B       		.uleb128 0xb
 2666 00dd 3B       		.uleb128 0x3b
 2667 00de 0B       		.uleb128 0xb
 2668 00df 39       		.uleb128 0x39
 2669 00e0 0B       		.uleb128 0xb
 2670 00e1 01       		.uleb128 0x1
 2671 00e2 13       		.uleb128 0x13
 2672 00e3 00       		.byte	0
 2673 00e4 00       		.byte	0
 2674 00e5 12       		.uleb128 0x12
 2675 00e6 0D       		.uleb128 0xd
 2676 00e7 00       		.byte	0
 2677 00e8 03       		.uleb128 0x3
 2678 00e9 0E       		.uleb128 0xe
 2679 00ea 3A       		.uleb128 0x3a
ARM GAS  C:\Users\angio\AppData\Local\Temp\cciUCl9c.s 			page 48


 2680 00eb 0B       		.uleb128 0xb
 2681 00ec 3B       		.uleb128 0x3b
 2682 00ed 0B       		.uleb128 0xb
 2683 00ee 39       		.uleb128 0x39
 2684 00ef 0B       		.uleb128 0xb
 2685 00f0 49       		.uleb128 0x49
 2686 00f1 13       		.uleb128 0x13
 2687 00f2 00       		.byte	0
 2688 00f3 00       		.byte	0
 2689 00f4 13       		.uleb128 0x13
 2690 00f5 0D       		.uleb128 0xd
 2691 00f6 00       		.byte	0
 2692 00f7 03       		.uleb128 0x3
 2693 00f8 0E       		.uleb128 0xe
 2694 00f9 3A       		.uleb128 0x3a
 2695 00fa 0B       		.uleb128 0xb
 2696 00fb 3B       		.uleb128 0x3b
 2697 00fc 05       		.uleb128 0x5
 2698 00fd 39       		.uleb128 0x39
 2699 00fe 0B       		.uleb128 0xb
 2700 00ff 49       		.uleb128 0x49
 2701 0100 13       		.uleb128 0x13
 2702 0101 00       		.byte	0
 2703 0102 00       		.byte	0
 2704 0103 14       		.uleb128 0x14
 2705 0104 15       		.uleb128 0x15
 2706 0105 01       		.byte	0x1
 2707 0106 27       		.uleb128 0x27
 2708 0107 19       		.uleb128 0x19
 2709 0108 49       		.uleb128 0x49
 2710 0109 13       		.uleb128 0x13
 2711 010a 01       		.uleb128 0x1
 2712 010b 13       		.uleb128 0x13
 2713 010c 00       		.byte	0
 2714 010d 00       		.byte	0
 2715 010e 15       		.uleb128 0x15
 2716 010f 05       		.uleb128 0x5
 2717 0110 00       		.byte	0
 2718 0111 49       		.uleb128 0x49
 2719 0112 13       		.uleb128 0x13
 2720 0113 00       		.byte	0
 2721 0114 00       		.byte	0
 2722 0115 16       		.uleb128 0x16
 2723 0116 15       		.uleb128 0x15
 2724 0117 01       		.byte	0x1
 2725 0118 27       		.uleb128 0x27
 2726 0119 19       		.uleb128 0x19
 2727 011a 01       		.uleb128 0x1
 2728 011b 13       		.uleb128 0x13
 2729 011c 00       		.byte	0
 2730 011d 00       		.byte	0
 2731 011e 17       		.uleb128 0x17
 2732 011f 04       		.uleb128 0x4
 2733 0120 01       		.byte	0x1
 2734 0121 3E       		.uleb128 0x3e
 2735 0122 0B       		.uleb128 0xb
 2736 0123 0B       		.uleb128 0xb
ARM GAS  C:\Users\angio\AppData\Local\Temp\cciUCl9c.s 			page 49


 2737 0124 0B       		.uleb128 0xb
 2738 0125 49       		.uleb128 0x49
 2739 0126 13       		.uleb128 0x13
 2740 0127 3A       		.uleb128 0x3a
 2741 0128 0B       		.uleb128 0xb
 2742 0129 3B       		.uleb128 0x3b
 2743 012a 0B       		.uleb128 0xb
 2744 012b 39       		.uleb128 0x39
 2745 012c 0B       		.uleb128 0xb
 2746 012d 01       		.uleb128 0x1
 2747 012e 13       		.uleb128 0x13
 2748 012f 00       		.byte	0
 2749 0130 00       		.byte	0
 2750 0131 18       		.uleb128 0x18
 2751 0132 28       		.uleb128 0x28
 2752 0133 00       		.byte	0
 2753 0134 03       		.uleb128 0x3
 2754 0135 0E       		.uleb128 0xe
 2755 0136 1C       		.uleb128 0x1c
 2756 0137 0B       		.uleb128 0xb
 2757 0138 00       		.byte	0
 2758 0139 00       		.byte	0
 2759 013a 19       		.uleb128 0x19
 2760 013b 34       		.uleb128 0x34
 2761 013c 00       		.byte	0
 2762 013d 03       		.uleb128 0x3
 2763 013e 0E       		.uleb128 0xe
 2764 013f 3A       		.uleb128 0x3a
 2765 0140 0B       		.uleb128 0xb
 2766 0141 3B       		.uleb128 0x3b
 2767 0142 05       		.uleb128 0x5
 2768 0143 39       		.uleb128 0x39
 2769 0144 0B       		.uleb128 0xb
 2770 0145 49       		.uleb128 0x49
 2771 0146 13       		.uleb128 0x13
 2772 0147 3F       		.uleb128 0x3f
 2773 0148 19       		.uleb128 0x19
 2774 0149 3C       		.uleb128 0x3c
 2775 014a 19       		.uleb128 0x19
 2776 014b 00       		.byte	0
 2777 014c 00       		.byte	0
 2778 014d 1A       		.uleb128 0x1a
 2779 014e 34       		.uleb128 0x34
 2780 014f 00       		.byte	0
 2781 0150 47       		.uleb128 0x47
 2782 0151 13       		.uleb128 0x13
 2783 0152 3A       		.uleb128 0x3a
 2784 0153 0B       		.uleb128 0xb
 2785 0154 3B       		.uleb128 0x3b
 2786 0155 0B       		.uleb128 0xb
 2787 0156 39       		.uleb128 0x39
 2788 0157 0B       		.uleb128 0xb
 2789 0158 00       		.byte	0
 2790 0159 00       		.byte	0
 2791 015a 1B       		.uleb128 0x1b
 2792 015b 34       		.uleb128 0x34
 2793 015c 00       		.byte	0
ARM GAS  C:\Users\angio\AppData\Local\Temp\cciUCl9c.s 			page 50


 2794 015d 03       		.uleb128 0x3
 2795 015e 0E       		.uleb128 0xe
 2796 015f 3A       		.uleb128 0x3a
 2797 0160 0B       		.uleb128 0xb
 2798 0161 3B       		.uleb128 0x3b
 2799 0162 0B       		.uleb128 0xb
 2800 0163 39       		.uleb128 0x39
 2801 0164 0B       		.uleb128 0xb
 2802 0165 49       		.uleb128 0x49
 2803 0166 13       		.uleb128 0x13
 2804 0167 00       		.byte	0
 2805 0168 00       		.byte	0
 2806 0169 1C       		.uleb128 0x1c
 2807 016a 2E       		.uleb128 0x2e
 2808 016b 01       		.byte	0x1
 2809 016c 3F       		.uleb128 0x3f
 2810 016d 19       		.uleb128 0x19
 2811 016e 03       		.uleb128 0x3
 2812 016f 0E       		.uleb128 0xe
 2813 0170 3A       		.uleb128 0x3a
 2814 0171 0B       		.uleb128 0xb
 2815 0172 3B       		.uleb128 0x3b
 2816 0173 05       		.uleb128 0x5
 2817 0174 39       		.uleb128 0x39
 2818 0175 0B       		.uleb128 0xb
 2819 0176 27       		.uleb128 0x27
 2820 0177 19       		.uleb128 0x19
 2821 0178 01       		.uleb128 0x1
 2822 0179 13       		.uleb128 0x13
 2823 017a 00       		.byte	0
 2824 017b 00       		.byte	0
 2825 017c 1D       		.uleb128 0x1d
 2826 017d 05       		.uleb128 0x5
 2827 017e 00       		.byte	0
 2828 017f 03       		.uleb128 0x3
 2829 0180 0E       		.uleb128 0xe
 2830 0181 3A       		.uleb128 0x3a
 2831 0182 0B       		.uleb128 0xb
 2832 0183 3B       		.uleb128 0x3b
 2833 0184 05       		.uleb128 0x5
 2834 0185 39       		.uleb128 0x39
 2835 0186 0B       		.uleb128 0xb
 2836 0187 49       		.uleb128 0x49
 2837 0188 13       		.uleb128 0x13
 2838 0189 00       		.byte	0
 2839 018a 00       		.byte	0
 2840 018b 1E       		.uleb128 0x1e
 2841 018c 34       		.uleb128 0x34
 2842 018d 00       		.byte	0
 2843 018e 03       		.uleb128 0x3
 2844 018f 08       		.uleb128 0x8
 2845 0190 3A       		.uleb128 0x3a
 2846 0191 0B       		.uleb128 0xb
 2847 0192 3B       		.uleb128 0x3b
 2848 0193 05       		.uleb128 0x5
 2849 0194 39       		.uleb128 0x39
 2850 0195 0B       		.uleb128 0xb
ARM GAS  C:\Users\angio\AppData\Local\Temp\cciUCl9c.s 			page 51


 2851 0196 49       		.uleb128 0x49
 2852 0197 13       		.uleb128 0x13
 2853 0198 00       		.byte	0
 2854 0199 00       		.byte	0
 2855 019a 1F       		.uleb128 0x1f
 2856 019b 34       		.uleb128 0x34
 2857 019c 00       		.byte	0
 2858 019d 03       		.uleb128 0x3
 2859 019e 0E       		.uleb128 0xe
 2860 019f 3A       		.uleb128 0x3a
 2861 01a0 0B       		.uleb128 0xb
 2862 01a1 3B       		.uleb128 0x3b
 2863 01a2 05       		.uleb128 0x5
 2864 01a3 39       		.uleb128 0x39
 2865 01a4 0B       		.uleb128 0xb
 2866 01a5 49       		.uleb128 0x49
 2867 01a6 13       		.uleb128 0x13
 2868 01a7 00       		.byte	0
 2869 01a8 00       		.byte	0
 2870 01a9 20       		.uleb128 0x20
 2871 01aa 34       		.uleb128 0x34
 2872 01ab 00       		.byte	0
 2873 01ac 03       		.uleb128 0x3
 2874 01ad 0E       		.uleb128 0xe
 2875 01ae 49       		.uleb128 0x49
 2876 01af 13       		.uleb128 0x13
 2877 01b0 34       		.uleb128 0x34
 2878 01b1 19       		.uleb128 0x19
 2879 01b2 00       		.byte	0
 2880 01b3 00       		.byte	0
 2881 01b4 21       		.uleb128 0x21
 2882 01b5 01       		.uleb128 0x1
 2883 01b6 01       		.byte	0x1
 2884 01b7 49       		.uleb128 0x49
 2885 01b8 13       		.uleb128 0x13
 2886 01b9 01       		.uleb128 0x1
 2887 01ba 13       		.uleb128 0x13
 2888 01bb 00       		.byte	0
 2889 01bc 00       		.byte	0
 2890 01bd 22       		.uleb128 0x22
 2891 01be 21       		.uleb128 0x21
 2892 01bf 00       		.byte	0
 2893 01c0 49       		.uleb128 0x49
 2894 01c1 13       		.uleb128 0x13
 2895 01c2 2F       		.uleb128 0x2f
 2896 01c3 0B       		.uleb128 0xb
 2897 01c4 00       		.byte	0
 2898 01c5 00       		.byte	0
 2899 01c6 23       		.uleb128 0x23
 2900 01c7 2E       		.uleb128 0x2e
 2901 01c8 01       		.byte	0x1
 2902 01c9 3F       		.uleb128 0x3f
 2903 01ca 19       		.uleb128 0x19
 2904 01cb 03       		.uleb128 0x3
 2905 01cc 0E       		.uleb128 0xe
 2906 01cd 3A       		.uleb128 0x3a
 2907 01ce 0B       		.uleb128 0xb
ARM GAS  C:\Users\angio\AppData\Local\Temp\cciUCl9c.s 			page 52


 2908 01cf 3B       		.uleb128 0x3b
 2909 01d0 05       		.uleb128 0x5
 2910 01d1 39       		.uleb128 0x39
 2911 01d2 0B       		.uleb128 0xb
 2912 01d3 27       		.uleb128 0x27
 2913 01d4 19       		.uleb128 0x19
 2914 01d5 49       		.uleb128 0x49
 2915 01d6 13       		.uleb128 0x13
 2916 01d7 01       		.uleb128 0x1
 2917 01d8 13       		.uleb128 0x13
 2918 01d9 00       		.byte	0
 2919 01da 00       		.byte	0
 2920 01db 24       		.uleb128 0x24
 2921 01dc 05       		.uleb128 0x5
 2922 01dd 00       		.byte	0
 2923 01de 03       		.uleb128 0x3
 2924 01df 08       		.uleb128 0x8
 2925 01e0 3A       		.uleb128 0x3a
 2926 01e1 0B       		.uleb128 0xb
 2927 01e2 3B       		.uleb128 0x3b
 2928 01e3 05       		.uleb128 0x5
 2929 01e4 39       		.uleb128 0x39
 2930 01e5 0B       		.uleb128 0xb
 2931 01e6 49       		.uleb128 0x49
 2932 01e7 13       		.uleb128 0x13
 2933 01e8 00       		.byte	0
 2934 01e9 00       		.byte	0
 2935 01ea 25       		.uleb128 0x25
 2936 01eb 2E       		.uleb128 0x2e
 2937 01ec 00       		.byte	0
 2938 01ed 3F       		.uleb128 0x3f
 2939 01ee 19       		.uleb128 0x19
 2940 01ef 03       		.uleb128 0x3
 2941 01f0 0E       		.uleb128 0xe
 2942 01f1 3A       		.uleb128 0x3a
 2943 01f2 0B       		.uleb128 0xb
 2944 01f3 3B       		.uleb128 0x3b
 2945 01f4 05       		.uleb128 0x5
 2946 01f5 39       		.uleb128 0x39
 2947 01f6 0B       		.uleb128 0xb
 2948 01f7 27       		.uleb128 0x27
 2949 01f8 19       		.uleb128 0x19
 2950 01f9 00       		.byte	0
 2951 01fa 00       		.byte	0
 2952 01fb 26       		.uleb128 0x26
 2953 01fc 2E       		.uleb128 0x2e
 2954 01fd 01       		.byte	0x1
 2955 01fe 03       		.uleb128 0x3
 2956 01ff 0E       		.uleb128 0xe
 2957 0200 3A       		.uleb128 0x3a
 2958 0201 0B       		.uleb128 0xb
 2959 0202 3B       		.uleb128 0x3b
 2960 0203 0B       		.uleb128 0xb
 2961 0204 39       		.uleb128 0x39
 2962 0205 0B       		.uleb128 0xb
 2963 0206 27       		.uleb128 0x27
 2964 0207 19       		.uleb128 0x19
ARM GAS  C:\Users\angio\AppData\Local\Temp\cciUCl9c.s 			page 53


 2965 0208 01       		.uleb128 0x1
 2966 0209 13       		.uleb128 0x13
 2967 020a 00       		.byte	0
 2968 020b 00       		.byte	0
 2969 020c 27       		.uleb128 0x27
 2970 020d 05       		.uleb128 0x5
 2971 020e 00       		.byte	0
 2972 020f 03       		.uleb128 0x3
 2973 0210 0E       		.uleb128 0xe
 2974 0211 3A       		.uleb128 0x3a
 2975 0212 0B       		.uleb128 0xb
 2976 0213 3B       		.uleb128 0x3b
 2977 0214 0B       		.uleb128 0xb
 2978 0215 39       		.uleb128 0x39
 2979 0216 0B       		.uleb128 0xb
 2980 0217 49       		.uleb128 0x49
 2981 0218 13       		.uleb128 0x13
 2982 0219 00       		.byte	0
 2983 021a 00       		.byte	0
 2984 021b 28       		.uleb128 0x28
 2985 021c 34       		.uleb128 0x34
 2986 021d 00       		.byte	0
 2987 021e 03       		.uleb128 0x3
 2988 021f 08       		.uleb128 0x8
 2989 0220 3A       		.uleb128 0x3a
 2990 0221 0B       		.uleb128 0xb
 2991 0222 3B       		.uleb128 0x3b
 2992 0223 0B       		.uleb128 0xb
 2993 0224 39       		.uleb128 0x39
 2994 0225 0B       		.uleb128 0xb
 2995 0226 49       		.uleb128 0x49
 2996 0227 13       		.uleb128 0x13
 2997 0228 00       		.byte	0
 2998 0229 00       		.byte	0
 2999 022a 29       		.uleb128 0x29
 3000 022b 2E       		.uleb128 0x2e
 3001 022c 01       		.byte	0x1
 3002 022d 03       		.uleb128 0x3
 3003 022e 0E       		.uleb128 0xe
 3004 022f 3A       		.uleb128 0x3a
 3005 0230 0B       		.uleb128 0xb
 3006 0231 3B       		.uleb128 0x3b
 3007 0232 05       		.uleb128 0x5
 3008 0233 39       		.uleb128 0x39
 3009 0234 0B       		.uleb128 0xb
 3010 0235 27       		.uleb128 0x27
 3011 0236 19       		.uleb128 0x19
 3012 0237 01       		.uleb128 0x1
 3013 0238 13       		.uleb128 0x13
 3014 0239 00       		.byte	0
 3015 023a 00       		.byte	0
 3016 023b 2A       		.uleb128 0x2a
 3017 023c 2E       		.uleb128 0x2e
 3018 023d 00       		.byte	0
 3019 023e 03       		.uleb128 0x3
 3020 023f 0E       		.uleb128 0xe
 3021 0240 3A       		.uleb128 0x3a
ARM GAS  C:\Users\angio\AppData\Local\Temp\cciUCl9c.s 			page 54


 3022 0241 0B       		.uleb128 0xb
 3023 0242 3B       		.uleb128 0x3b
 3024 0243 05       		.uleb128 0x5
 3025 0244 39       		.uleb128 0x39
 3026 0245 0B       		.uleb128 0xb
 3027 0246 27       		.uleb128 0x27
 3028 0247 19       		.uleb128 0x19
 3029 0248 00       		.byte	0
 3030 0249 00       		.byte	0
 3031 024a 2B       		.uleb128 0x2b
 3032 024b 2E       		.uleb128 0x2e
 3033 024c 01       		.byte	0x1
 3034 024d 03       		.uleb128 0x3
 3035 024e 0E       		.uleb128 0xe
 3036 024f 3A       		.uleb128 0x3a
 3037 0250 0B       		.uleb128 0xb
 3038 0251 3B       		.uleb128 0x3b
 3039 0252 05       		.uleb128 0x5
 3040 0253 39       		.uleb128 0x39
 3041 0254 0B       		.uleb128 0xb
 3042 0255 27       		.uleb128 0x27
 3043 0256 19       		.uleb128 0x19
 3044 0257 00       		.byte	0
 3045 0258 00       		.byte	0
 3046 0259 00       		.byte	0
 3047              		.section	.gnu.debuglto_.debug_line,"e",%progbits
 3048              	.Ldebug_line0:
 3049 0000 E1030000 		.4byte	.LELT0-.LSLT0
 3050              	.LSLT0:
 3051 0004 0400     		.2byte	0x4
 3052 0006 DB030000 		.4byte	.LELTP0-.LASLTP0
 3053              	.LASLTP0:
 3054 000a 01       		.byte	0x1
 3055 000b 01       		.byte	0x1
 3056 000c 01       		.byte	0x1
 3057 000d F6       		.byte	0xf6
 3058 000e F2       		.byte	0xf2
 3059 000f 0D       		.byte	0xd
 3060 0010 00       		.byte	0
 3061 0011 01       		.byte	0x1
 3062 0012 01       		.byte	0x1
 3063 0013 01       		.byte	0x1
 3064 0014 01       		.byte	0x1
 3065 0015 00       		.byte	0
 3066 0016 00       		.byte	0
 3067 0017 00       		.byte	0
 3068 0018 01       		.byte	0x1
 3069 0019 00       		.byte	0
 3070 001a 00       		.byte	0
 3071 001b 01       		.byte	0x1
 3072 001c 2E2E2F2E 		.ascii	"../../chibios2111/os/common/ext/ARM/CMSIS/Core/Incl"
 3072      2E2F6368 
 3072      6962696F 
 3072      73323131 
 3072      312F6F73 
 3073 004f 756465   		.ascii	"ude"
 3074 0052 00       		.byte	0
ARM GAS  C:\Users\angio\AppData\Local\Temp\cciUCl9c.s 			page 55


 3075 0053 2E2E2F2E 		.ascii	"../../chibios2111/os/common/ext/ST/STM32G4xx"
 3075      2E2F6368 
 3075      6962696F 
 3075      73323131 
 3075      312F6F73 
 3076 007f 00       		.byte	0
 3077 0080 2E2E2F2E 		.ascii	"../../chibios2111/os/common/ports/ARM-common"
 3077      2E2F6368 
 3077      6962696F 
 3077      73323131 
 3077      312F6F73 
 3078 00ac 00       		.byte	0
 3079 00ad 2E2E2F2E 		.ascii	"../../chibios2111/os/common/ports/ARMv7-M-ALT"
 3079      2E2F6368 
 3079      6962696F 
 3079      73323131 
 3079      312F6F73 
 3080 00da 00       		.byte	0
 3081 00db 2E2E2F2E 		.ascii	"../../chibios2111/os/hal/include"
 3081      2E2F6368 
 3081      6962696F 
 3081      73323131 
 3081      312F6F73 
 3082 00fb 00       		.byte	0
 3083 00fc 2E2E2F2E 		.ascii	"../../chibios2111/os/hal/osal/rt-nil"
 3083      2E2F6368 
 3083      6962696F 
 3083      73323131 
 3083      312F6F73 
 3084 0120 00       		.byte	0
 3085 0121 2E2E2F2E 		.ascii	"../../chibios2111/os/hal/ports/STM32/LLD/USARTv3"
 3085      2E2F6368 
 3085      6962696F 
 3085      73323131 
 3085      312F6F73 
 3086 0151 00       		.byte	0
 3087 0152 2E2E2F2E 		.ascii	"../../chibios2111/os/rt/include"
 3087      2E2F6368 
 3087      6962696F 
 3087      73323131 
 3087      312F6F73 
 3088 0171 00       		.byte	0
 3089 0172 633A5C63 		.ascii	"c:\\chibistudio\\tools\\gnu tools arm embedded\\10."
 3089      68696269 
 3089      73747564 
 3089      696F5C74 
 3089      6F6F6C73 
 3090 01a1 33203230 		.ascii	"3 2021.10\\arm-none-eabi\\include\\machine"
 3090      32312E31 
 3090      305C6172 
 3090      6D2D6E6F 
 3090      6E652D65 
 3091 01c8 00       		.byte	0
 3092 01c9 633A5C63 		.ascii	"c:\\chibistudio\\tools\\gnu tools arm embedded\\10."
 3092      68696269 
 3092      73747564 
 3092      696F5C74 
ARM GAS  C:\Users\angio\AppData\Local\Temp\cciUCl9c.s 			page 56


 3092      6F6F6C73 
 3093 01f8 33203230 		.ascii	"3 2021.10\\arm-none-eabi\\include\\sys"
 3093      32312E31 
 3093      305C6172 
 3093      6D2D6E6F 
 3093      6E652D65 
 3094 021b 00       		.byte	0
 3095 021c 633A5C63 		.ascii	"c:\\chibistudio\\tools\\gnu tools arm embedded\\10."
 3095      68696269 
 3095      73747564 
 3095      696F5C74 
 3095      6F6F6C73 
 3096 024b 33203230 		.ascii	"3 2021.10\\arm-none-eabi\\include"
 3096      32312E31 
 3096      305C6172 
 3096      6D2D6E6F 
 3096      6E652D65 
 3097 026a 00       		.byte	0
 3098 026b 633A5C63 		.ascii	"c:\\chibistudio\\tools\\gnu tools arm embedded\\10."
 3098      68696269 
 3098      73747564 
 3098      696F5C74 
 3098      6F6F6C73 
 3099 029a 33203230 		.ascii	"3 2021.10\\lib\\gcc\\arm-none-eabi\\10.3.1\\include"
 3099      32312E31 
 3099      305C6C69 
 3099      625C6763 
 3099      635C6172 
 3100 02c8 00       		.byte	0
 3101 02c9 00       		.byte	0
 3102 02ca 73746464 		.ascii	"stddef.h\000"
 3102      65662E68 
 3102      00
 3103 02d3 0C       		.uleb128 0xc
 3104 02d4 00       		.uleb128 0
 3105 02d5 00       		.uleb128 0
 3106 02d6 5F646566 		.ascii	"_default_types.h\000"
 3106      61756C74 
 3106      5F747970 
 3106      65732E68 
 3106      00
 3107 02e7 09       		.uleb128 0x9
 3108 02e8 00       		.uleb128 0
 3109 02e9 00       		.uleb128 0
 3110 02ea 5F737464 		.ascii	"_stdint.h\000"
 3110      696E742E 
 3110      6800
 3111 02f4 0A       		.uleb128 0xa
 3112 02f5 00       		.uleb128 0
 3113 02f6 00       		.uleb128 0
 3114 02f7 73746469 		.ascii	"stdint.h\000"
 3114      6E742E68 
 3114      00
 3115 0300 0B       		.uleb128 0xb
 3116 0301 00       		.uleb128 0
 3117 0302 00       		.uleb128 0
 3118 0303 63687479 		.ascii	"chtypes.h\000"
ARM GAS  C:\Users\angio\AppData\Local\Temp\cciUCl9c.s 			page 57


 3118      7065732E 
 3118      6800
 3119 030d 03       		.uleb128 0x3
 3120 030e 00       		.uleb128 0
 3121 030f 00       		.uleb128 0
 3122 0310 63686561 		.ascii	"chearly.h\000"
 3122      726C792E 
 3122      6800
 3123 031a 08       		.uleb128 0x8
 3124 031b 00       		.uleb128 0
 3125 031c 00       		.uleb128 0
 3126 031d 63686F62 		.ascii	"chobjects.h\000"
 3126      6A656374 
 3126      732E6800 
 3127 0329 08       		.uleb128 0x8
 3128 032a 00       		.uleb128 0
 3129 032b 00       		.uleb128 0
 3130 032c 63687266 		.ascii	"chrfcu.h\000"
 3130      63752E68 
 3130      00
 3131 0335 08       		.uleb128 0x8
 3132 0336 00       		.uleb128 0
 3133 0337 00       		.uleb128 0
 3134 0338 63686465 		.ascii	"chdebug.h\000"
 3134      6275672E 
 3134      6800
 3135 0342 08       		.uleb128 0x8
 3136 0343 00       		.uleb128 0
 3137 0344 00       		.uleb128 0
 3138 0345 63687469 		.ascii	"chtime.h\000"
 3138      6D652E68 
 3138      00
 3139 034e 08       		.uleb128 0x8
 3140 034f 00       		.uleb128 0
 3141 0350 00       		.uleb128 0
 3142 0351 63686C69 		.ascii	"chlists.h\000"
 3142      7374732E 
 3142      6800
 3143 035b 08       		.uleb128 0x8
 3144 035c 00       		.uleb128 0
 3145 035d 00       		.uleb128 0
 3146 035e 73746D33 		.ascii	"stm32g474xx.h\000"
 3146      32673437 
 3146      3478782E 
 3146      6800
 3147 036c 02       		.uleb128 0x2
 3148 036d 00       		.uleb128 0
 3149 036e 00       		.uleb128 0
 3150 036f 6368636F 		.ascii	"chcore.h\000"
 3150      72652E68 
 3150      00
 3151 0378 04       		.uleb128 0x4
 3152 0379 00       		.uleb128 0
 3153 037a 00       		.uleb128 0
 3154 037b 63687365 		.ascii	"chsem.h\000"
 3154      6D2E6800 
 3155 0383 08       		.uleb128 0x8
ARM GAS  C:\Users\angio\AppData\Local\Temp\cciUCl9c.s 			page 58


 3156 0384 00       		.uleb128 0
 3157 0385 00       		.uleb128 0
 3158 0386 63686D74 		.ascii	"chmtx.h\000"
 3158      782E6800 
 3159 038e 08       		.uleb128 0x8
 3160 038f 00       		.uleb128 0
 3161 0390 00       		.uleb128 0
 3162 0391 68616C5F 		.ascii	"hal_sio.h\000"
 3162      73696F2E 
 3162      6800
 3163 039b 05       		.uleb128 0x5
 3164 039c 00       		.uleb128 0
 3165 039d 00       		.uleb128 0
 3166 039e 68616C5F 		.ascii	"hal_sio_lld.c\000"
 3166      73696F5F 
 3166      6C6C642E 
 3166      6300
 3167 03ac 07       		.uleb128 0x7
 3168 03ad 00       		.uleb128 0
 3169 03ae 00       		.uleb128 0
 3170 03af 6F73616C 		.ascii	"osal.h\000"
 3170      2E6800
 3171 03b6 06       		.uleb128 0x6
 3172 03b7 00       		.uleb128 0
 3173 03b8 00       		.uleb128 0
 3174 03b9 63687379 		.ascii	"chsys.h\000"
 3174      732E6800 
 3175 03c1 08       		.uleb128 0x8
 3176 03c2 00       		.uleb128 0
 3177 03c3 00       		.uleb128 0
 3178 03c4 636D7369 		.ascii	"cmsis_gcc.h\000"
 3178      735F6763 
 3178      632E6800 
 3179 03d0 01       		.uleb128 0x1
 3180 03d1 00       		.uleb128 0
 3181 03d2 00       		.uleb128 0
 3182 03d3 68616C5F 		.ascii	"hal_sio_lld.h\000"
 3182      73696F5F 
 3182      6C6C642E 
 3182      6800
 3183 03e1 07       		.uleb128 0x7
 3184 03e2 00       		.uleb128 0
 3185 03e3 00       		.uleb128 0
 3186 03e4 00       		.byte	0
 3187              	.LELTP0:
 3188              	.LELT0:
 3189              		.section	.gnu.debuglto_.debug_str,"eMS",%progbits,1
 3190              	.LASF74:
 3191 0000 63685F64 		.ascii	"ch_delta_list_t\000"
 3191      656C7461 
 3191      5F6C6973 
 3191      745F7400 
 3192              	.LASF4:
 3193 0010 73697A65 		.ascii	"size_t\000"
 3193      5F7400
 3194              	.LASF144:
 3195 0017 77747365 		.ascii	"wtsemp\000"
ARM GAS  C:\Users\angio\AppData\Local\Temp\cciUCl9c.s 			page 59


 3195      6D7000
 3196              	.LASF63:
 3197 001e 73797374 		.ascii	"systime_t\000"
 3197      696D655F 
 3197      7400
 3198              	.LASF98:
 3199 0028 41504231 		.ascii	"APB1ENR1\000"
 3199      454E5231 
 3199      00
 3200              	.LASF99:
 3201 0031 41504231 		.ascii	"APB1ENR2\000"
 3201      454E5232 
 3201      00
 3202              	.LASF33:
 3203 003a 6F776E65 		.ascii	"owner\000"
 3203      7200
 3204              	.LASF25:
 3205 0040 74707269 		.ascii	"tprio_t\000"
 3205      6F5F7400 
 3206              	.LASF207:
 3207 0048 70726573 		.ascii	"prescvals\000"
 3207      6376616C 
 3207      7300
 3208              	.LASF16:
 3209 0052 696E7433 		.ascii	"int32_t\000"
 3209      325F7400 
 3210              	.LASF185:
 3211 005a 77726974 		.ascii	"writet\000"
 3211      657400
 3212              	.LASF199:
 3213 0061 73696F5F 		.ascii	"sio_lld_get_events\000"
 3213      6C6C645F 
 3213      6765745F 
 3213      6576656E 
 3213      747300
 3214              	.LASF117:
 3215 0074 52544F52 		.ascii	"RTOR\000"
 3215      00
 3216              	.LASF114:
 3217 0079 43434950 		.ascii	"CCIPR2\000"
 3217      523200
 3218              	.LASF135:
 3219 0080 72656769 		.ascii	"registry_t\000"
 3219      73747279 
 3219      5F7400
 3220              	.LASF205:
 3221 008b 5F5F6675 		.ascii	"__func__\000"
 3221      6E635F5F 
 3221      00
 3222              	.LASF181:
 3223 0094 77726974 		.ascii	"write\000"
 3223      6500
 3224              	.LASF192:
 3225 009a 73696F5F 		.ascii	"sio_lld_put\000"
 3225      6C6C645F 
 3225      70757400 
 3226              	.LASF77:
ARM GAS  C:\Users\angio\AppData\Local\Temp\cciUCl9c.s 			page 60


 3227 00a6 49435343 		.ascii	"ICSCR\000"
 3227      5200
 3228              	.LASF53:
 3229 00ac 636F6E66 		.ascii	"config\000"
 3229      696700
 3230              	.LASF36:
 3231 00b3 73746174 		.ascii	"state\000"
 3231      6500
 3232              	.LASF183:
 3233 00b9 70757474 		.ascii	"putt\000"
 3233      00
 3234              	.LASF170:
 3235 00be 53494F43 		.ascii	"SIOConfig\000"
 3235      6F6E6669 
 3235      6700
 3236              	.LASF56:
 3237 00c8 63685F72 		.ascii	"ch_rfcu\000"
 3237      66637500 
 3238              	.LASF215:
 3239 00d0 6F73616C 		.ascii	"osalSysLockFromISR\000"
 3239      5379734C 
 3239      6F636B46 
 3239      726F6D49 
 3239      535200
 3240              	.LASF171:
 3241 00e3 68616C5F 		.ascii	"hal_sio_config\000"
 3241      73696F5F 
 3241      636F6E66 
 3241      696700
 3242              	.LASF133:
 3243 00f2 63685F72 		.ascii	"ch_registry\000"
 3243      65676973 
 3243      74727900 
 3244              	.LASF73:
 3245 00fe 7072696F 		.ascii	"prio\000"
 3245      00
 3246              	.LASF213:
 3247 0103 6F73616C 		.ascii	"osalThreadResumeI\000"
 3247      54687265 
 3247      61645265 
 3247      73756D65 
 3247      4900
 3248              	.LASF140:
 3249 0115 65786974 		.ascii	"exitcode\000"
 3249      636F6465 
 3249      00
 3250              	.LASF5:
 3251 011e 5F5F7569 		.ascii	"__uint8_t\000"
 3251      6E74385F 
 3251      7400
 3252              	.LASF211:
 3253 0128 75736172 		.ascii	"usart_enable_rx_errors_irq\000"
 3253      745F656E 
 3253      61626C65 
 3253      5F72785F 
 3253      6572726F 
 3254              	.LASF161:
ARM GAS  C:\Users\angio\AppData\Local\Temp\cciUCl9c.s 			page 61


 3255 0143 53494F44 		.ascii	"SIODriver\000"
 3255      72697665 
 3255      7200
 3256              	.LASF186:
 3257 014d 72656164 		.ascii	"readt\000"
 3257      7400
 3258              	.LASF176:
 3259 0153 53494F5F 		.ascii	"SIO_STOP\000"
 3259      53544F50 
 3259      00
 3260              	.LASF223:
 3261 015c 474E5520 		.ascii	"GNU C17 10.3.1 20210824 (release) -mcpu=cortex-m4 -"
 3261      43313720 
 3261      31302E33 
 3261      2E312032 
 3261      30323130 
 3262 018f 6D746875 		.ascii	"mthumb -mfloat-abi=soft -march=armv7e-m -ggdb -O0 -"
 3262      6D62202D 
 3262      6D666C6F 
 3262      61742D61 
 3262      62693D73 
 3263 01c2 666F6D69 		.ascii	"fomit-frame-pointer -falign-functions=16 -ffunction"
 3263      742D6672 
 3263      616D652D 
 3263      706F696E 
 3263      74657220 
 3264 01f5 2D736563 		.ascii	"-sections -fdata-sections -fno-common -flto\000"
 3264      74696F6E 
 3264      73202D66 
 3264      64617461 
 3264      2D736563 
 3265              	.LASF104:
 3266 0221 41484233 		.ascii	"AHB3SMENR\000"
 3266      534D454E 
 3266      5200
 3267              	.LASF10:
 3268 022b 6C6F6E67 		.ascii	"long int\000"
 3268      20696E74 
 3268      00
 3269              	.LASF220:
 3270 0234 706F7274 		.ascii	"port_unlock\000"
 3270      5F756E6C 
 3270      6F636B00 
 3271              	.LASF200:
 3272 0240 73696F5F 		.ascii	"sio_lld_get_and_clear_events\000"
 3272      6C6C645F 
 3272      6765745F 
 3272      616E645F 
 3272      636C6561 
 3273              	.LASF187:
 3274 025d 64656661 		.ascii	"default_config\000"
 3274      756C745F 
 3274      636F6E66 
 3274      696700
 3275              	.LASF217:
 3276 026c 63685379 		.ascii	"chSysLockFromISR\000"
 3276      734C6F63 
ARM GAS  C:\Users\angio\AppData\Local\Temp\cciUCl9c.s 			page 62


 3276      6B46726F 
 3276      6D495352 
 3276      00
 3277              	.LASF23:
 3278 027d 74737461 		.ascii	"tstate_t\000"
 3278      74655F74 
 3278      00
 3279              	.LASF41:
 3280 0286 6570656E 		.ascii	"epending\000"
 3280      64696E67 
 3280      00
 3281              	.LASF65:
 3282 028f 63685F6C 		.ascii	"ch_list_t\000"
 3282      6973745F 
 3282      7400
 3283              	.LASF212:
 3284 0299 75736172 		.ascii	"usart_enable_rx_irq\000"
 3284      745F656E 
 3284      61626C65 
 3284      5F72785F 
 3284      69727100 
 3285              	.LASF100:
 3286 02ad 41504232 		.ascii	"APB2ENR\000"
 3286      454E5200 
 3287              	.LASF66:
 3288 02b5 63685F6C 		.ascii	"ch_list\000"
 3288      69737400 
 3289              	.LASF131:
 3290 02bd 6C617374 		.ascii	"laststamp\000"
 3290      7374616D 
 3290      7000
 3291              	.LASF203:
 3292 02c7 73696F5F 		.ascii	"sio_lld_update_enable_flags\000"
 3292      6C6C645F 
 3292      75706461 
 3292      74655F65 
 3292      6E61626C 
 3293              	.LASF168:
 3294 02e3 75736172 		.ascii	"usart\000"
 3294      7400
 3295              	.LASF3:
 3296 02e9 7369676E 		.ascii	"signed char\000"
 3296      65642063 
 3296      68617200 
 3297              	.LASF146:
 3298 02f5 65776D61 		.ascii	"ewmask\000"
 3298      736B00
 3299              	.LASF15:
 3300 02fc 75696E74 		.ascii	"uint8_t\000"
 3300      385F7400 
 3301              	.LASF30:
 3302 0304 636F7265 		.ascii	"core_id_t\000"
 3302      5F69645F 
 3302      7400
 3303              	.LASF27:
 3304 030e 6576656E 		.ascii	"eventmask_t\000"
 3304      746D6173 
ARM GAS  C:\Users\angio\AppData\Local\Temp\cciUCl9c.s 			page 63


 3304      6B5F7400 
 3305              	.LASF142:
 3306 031a 77747472 		.ascii	"wttrp\000"
 3306      7000
 3307              	.LASF216:
 3308 0320 63685379 		.ascii	"chSysUnlockFromISR\000"
 3308      73556E6C 
 3308      6F636B46 
 3308      726F6D49 
 3308      535200
 3309              	.LASF80:
 3310 0333 52455345 		.ascii	"RESERVED0\000"
 3310      52564544 
 3310      3000
 3311              	.LASF81:
 3312 033d 52455345 		.ascii	"RESERVED1\000"
 3312      52564544 
 3312      3100
 3313              	.LASF6:
 3314 0347 756E7369 		.ascii	"unsigned char\000"
 3314      676E6564 
 3314      20636861 
 3314      7200
 3315              	.LASF89:
 3316 0355 52455345 		.ascii	"RESERVED3\000"
 3316      52564544 
 3316      3300
 3317              	.LASF93:
 3318 035f 52455345 		.ascii	"RESERVED4\000"
 3318      52564544 
 3318      3400
 3319              	.LASF97:
 3320 0369 52455345 		.ascii	"RESERVED5\000"
 3320      52564544 
 3320      3500
 3321              	.LASF101:
 3322 0373 52455345 		.ascii	"RESERVED6\000"
 3322      52564544 
 3322      3600
 3323              	.LASF105:
 3324 037d 52455345 		.ascii	"RESERVED7\000"
 3324      52564544 
 3324      3700
 3325              	.LASF109:
 3326 0387 52455345 		.ascii	"RESERVED8\000"
 3326      52564544 
 3326      3800
 3327              	.LASF111:
 3328 0391 52455345 		.ascii	"RESERVED9\000"
 3328      52564544 
 3328      3900
 3329              	.LASF60:
 3330 039b 70616E69 		.ascii	"panic_msg\000"
 3330      635F6D73 
 3330      6700
 3331              	.LASF62:
 3332 03a5 73797374 		.ascii	"system_debug_t\000"
ARM GAS  C:\Users\angio\AppData\Local\Temp\cciUCl9c.s 			page 64


 3332      656D5F64 
 3332      65627567 
 3332      5F7400
 3333              	.LASF159:
 3334 03b4 5F426F6F 		.ascii	"_Bool\000"
 3334      6C00
 3335              	.LASF118:
 3336 03ba 50524553 		.ascii	"PRESC\000"
 3336      4300
 3337              	.LASF177:
 3338 03c0 53494F5F 		.ascii	"SIO_READY\000"
 3338      52454144 
 3338      5900
 3339              	.LASF85:
 3340 03ca 52455345 		.ascii	"RESERVED2\000"
 3340      52564544 
 3340      3200
 3341              	.LASF225:
 3342 03d4 433A5C43 		.ascii	"C:\\ChibiStudio\\workspace_user\\RT-STM32G474RE-NUC"
 3342      68696269 
 3342      53747564 
 3342      696F5C77 
 3342      6F726B73 
 3343 0404 4C454F36 		.ascii	"LEO64\000"
 3343      3400
 3344              	.LASF227:
 3345 040a 73696F5F 		.ascii	"sio_lld_init\000"
 3345      6C6C645F 
 3345      696E6974 
 3345      00
 3346              	.LASF61:
 3347 0417 63686172 		.ascii	"char\000"
 3347      00
 3348              	.LASF86:
 3349 041c 41484231 		.ascii	"AHB1RSTR\000"
 3349      52535452 
 3349      00
 3350              	.LASF95:
 3351 0425 41484232 		.ascii	"AHB2ENR\000"
 3351      454E5200 
 3352              	.LASF141:
 3353 042d 77746F62 		.ascii	"wtobjp\000"
 3353      6A7000
 3354              	.LASF202:
 3355 0434 6572726F 		.ascii	"errors\000"
 3355      727300
 3356              	.LASF37:
 3357 043b 666C6167 		.ascii	"flags\000"
 3357      7300
 3358              	.LASF184:
 3359 0441 67657474 		.ascii	"gett\000"
 3359      00
 3360              	.LASF21:
 3361 0446 73746B61 		.ascii	"stkalign_t\000"
 3361      6C69676E 
 3361      5F7400
 3362              	.LASF51:
ARM GAS  C:\Users\angio\AppData\Local\Temp\cciUCl9c.s 			page 65


 3363 0451 636F7265 		.ascii	"core_id\000"
 3363      5F696400 
 3364              	.LASF119:
 3365 0459 55534152 		.ascii	"USART_TypeDef\000"
 3365      545F5479 
 3365      70654465 
 3365      6600
 3366              	.LASF120:
 3367 0467 706F7274 		.ascii	"port_extctx\000"
 3367      5F657874 
 3367      63747800 
 3368              	.LASF44:
 3369 0473 6D706F6F 		.ascii	"mpool\000"
 3369      6C00
 3370              	.LASF154:
 3371 0479 6D61696E 		.ascii	"mainthread_end\000"
 3371      74687265 
 3371      61645F65 
 3371      6E6400
 3372              	.LASF90:
 3373 0488 41504231 		.ascii	"APB1RSTR1\000"
 3373      52535452 
 3373      3100
 3374              	.LASF91:
 3375 0492 41504231 		.ascii	"APB1RSTR2\000"
 3375      52535452 
 3375      3200
 3376              	.LASF189:
 3377 049c 73696F70 		.ascii	"siop\000"
 3377      00
 3378              	.LASF112:
 3379 04a1 42444352 		.ascii	"BDCR\000"
 3379      00
 3380              	.LASF32:
 3381 04a6 72717565 		.ascii	"rqueue\000"
 3381      756500
 3382              	.LASF29:
 3383 04ad 636E745F 		.ascii	"cnt_t\000"
 3383      7400
 3384              	.LASF130:
 3385 04b3 6C617374 		.ascii	"lasttime\000"
 3385      74696D65 
 3385      00
 3386              	.LASF197:
 3387 04bc 62756666 		.ascii	"buffer\000"
 3387      657200
 3388              	.LASF206:
 3389 04c3 73696F5F 		.ascii	"sio_lld_start\000"
 3389      6C6C645F 
 3389      73746172 
 3389      7400
 3390              	.LASF145:
 3391 04d1 77746D74 		.ascii	"wtmtxp\000"
 3391      787000
 3392              	.LASF162:
 3393 04d8 68616C5F 		.ascii	"hal_sio_driver\000"
 3393      73696F5F 
ARM GAS  C:\Users\angio\AppData\Local\Temp\cciUCl9c.s 			page 66


 3393      64726976 
 3393      657200
 3394              	.LASF113:
 3395 04e7 43525243 		.ascii	"CRRCR\000"
 3395      5200
 3396              	.LASF47:
 3397 04ed 63685F6F 		.ascii	"ch_os_instance\000"
 3397      735F696E 
 3397      7374616E 
 3397      636500
 3398              	.LASF78:
 3399 04fc 43464752 		.ascii	"CFGR\000"
 3399      00
 3400              	.LASF214:
 3401 0501 6F73616C 		.ascii	"osalSysUnlockFromISR\000"
 3401      53797355 
 3401      6E6C6F63 
 3401      6B46726F 
 3401      6D495352 
 3402              	.LASF122:
 3403 0516 78707372 		.ascii	"xpsr\000"
 3403      00
 3404              	.LASF163:
 3405 051b 656E6162 		.ascii	"enabled\000"
 3405      6C656400 
 3406              	.LASF196:
 3407 0523 73696F5F 		.ascii	"sio_lld_write\000"
 3407      6C6C645F 
 3407      77726974 
 3407      6500
 3408              	.LASF110:
 3409 0531 43434950 		.ascii	"CCIPR\000"
 3409      5200
 3410              	.LASF13:
 3411 0537 5F5F7569 		.ascii	"__uint64_t\000"
 3411      6E743634 
 3411      5F7400
 3412              	.LASF12:
 3413 0542 6C6F6E67 		.ascii	"long unsigned int\000"
 3413      20756E73 
 3413      69676E65 
 3413      6420696E 
 3413      7400
 3414              	.LASF68:
 3415 0554 63685F71 		.ascii	"ch_queue_t\000"
 3415      75657565 
 3415      5F7400
 3416              	.LASF55:
 3417 055f 72666375 		.ascii	"rfcu_mask_t\000"
 3417      5F6D6173 
 3417      6B5F7400 
 3418              	.LASF147:
 3419 056b 63685F73 		.ascii	"ch_semaphore\000"
 3419      656D6170 
 3419      686F7265 
 3419      00
 3420              	.LASF46:
ARM GAS  C:\Users\angio\AppData\Local\Temp\cciUCl9c.s 			page 67


 3421 0578 63685F74 		.ascii	"ch_thread\000"
 3421      68726561 
 3421      6400
 3422              	.LASF132:
 3423 0582 76697274 		.ascii	"virtual_timers_list_t\000"
 3423      75616C5F 
 3423      74696D65 
 3423      72735F6C 
 3423      6973745F 
 3424              	.LASF121:
 3425 0598 6C725F74 		.ascii	"lr_thd\000"
 3425      686400
 3426              	.LASF151:
 3427 059f 72656164 		.ascii	"ready_list_t\000"
 3427      795F6C69 
 3427      73745F74 
 3427      00
 3428              	.LASF194:
 3429 05ac 73696F5F 		.ascii	"sio_lld_control\000"
 3429      6C6C645F 
 3429      636F6E74 
 3429      726F6C00 
 3430              	.LASF43:
 3431 05bc 7265616C 		.ascii	"realprio\000"
 3431      7072696F 
 3431      00
 3432              	.LASF169:
 3433 05c5 636C6F63 		.ascii	"clock\000"
 3433      6B00
 3434              	.LASF222:
 3435 05cb 62617365 		.ascii	"basePri\000"
 3435      50726900 
 3436              	.LASF58:
 3437 05d3 72666375 		.ascii	"rfcu_t\000"
 3437      5F7400
 3438              	.LASF164:
 3439 05da 73796E63 		.ascii	"sync_rx\000"
 3439      5F727800 
 3440              	.LASF201:
 3441 05e2 73696F5F 		.ascii	"sio_lld_get_and_clear_errors\000"
 3441      6C6C645F 
 3441      6765745F 
 3441      616E645F 
 3441      636C6561 
 3442              	.LASF79:
 3443 05ff 504C4C43 		.ascii	"PLLCFGR\000"
 3443      46475200 
 3444              	.LASF11:
 3445 0607 5F5F7569 		.ascii	"__uint32_t\000"
 3445      6E743332 
 3445      5F7400
 3446              	.LASF42:
 3447 0612 6D74786C 		.ascii	"mtxlist\000"
 3447      69737400 
 3448              	.LASF1:
 3449 061a 6C6F6E67 		.ascii	"long long int\000"
 3449      206C6F6E 
ARM GAS  C:\Users\angio\AppData\Local\Temp\cciUCl9c.s 			page 68


 3449      6720696E 
 3449      7400
 3450              	.LASF224:
 3451 0628 2E2E2F2E 		.ascii	"../../chibios2111/os/hal/ports/STM32/LLD/USARTv3/ha"
 3451      2E2F6368 
 3451      6962696F 
 3451      73323131 
 3451      312F6F73 
 3452 065b 6C5F7369 		.ascii	"l_sio_lld.c\000"
 3452      6F5F6C6C 
 3452      642E6300 
 3453              	.LASF64:
 3454 0667 73797369 		.ascii	"sysinterval_t\000"
 3454      6E746572 
 3454      76616C5F 
 3454      7400
 3455              	.LASF219:
 3456 0675 706F7274 		.ascii	"port_lock_from_isr\000"
 3456      5F6C6F63 
 3456      6B5F6672 
 3456      6F6D5F69 
 3456      737200
 3457              	.LASF71:
 3458 0688 63685F70 		.ascii	"ch_priority_queue_t\000"
 3458      72696F72 
 3458      6974795F 
 3458      71756575 
 3458      655F7400 
 3459              	.LASF116:
 3460 069c 47545052 		.ascii	"GTPR\000"
 3460      00
 3461              	.LASF92:
 3462 06a1 41504232 		.ascii	"APB2RSTR\000"
 3462      52535452 
 3462      00
 3463              	.LASF57:
 3464 06aa 6D61736B 		.ascii	"mask\000"
 3464      00
 3465              	.LASF103:
 3466 06af 41484232 		.ascii	"AHB2SMENR\000"
 3466      534D454E 
 3466      5200
 3467              	.LASF178:
 3468 06b9 73696F73 		.ascii	"siostate_t\000"
 3468      74617465 
 3468      5F7400
 3469              	.LASF166:
 3470 06c4 73796E63 		.ascii	"sync_tx\000"
 3470      5F747800 
 3471              	.LASF182:
 3472 06cc 72656164 		.ascii	"read\000"
 3472      00
 3473              	.LASF0:
 3474 06d1 756E7369 		.ascii	"unsigned int\000"
 3474      676E6564 
 3474      20696E74 
 3474      00
ARM GAS  C:\Users\angio\AppData\Local\Temp\cciUCl9c.s 			page 69


 3475              	.LASF45:
 3476 06de 6F735F69 		.ascii	"os_instance_t\000"
 3476      6E737461 
 3476      6E63655F 
 3476      7400
 3477              	.LASF150:
 3478 06ec 63757272 		.ascii	"current\000"
 3478      656E7400 
 3479              	.LASF137:
 3480 06f4 6C697374 		.ascii	"list\000"
 3480      00
 3481              	.LASF191:
 3482 06f9 73696F5F 		.ascii	"sio_lld_serve_interrupt\000"
 3482      6C6C645F 
 3482      73657276 
 3482      655F696E 
 3482      74657272 
 3483              	.LASF75:
 3484 0711 63685F64 		.ascii	"ch_delta_list\000"
 3484      656C7461 
 3484      5F6C6973 
 3484      7400
 3485              	.LASF129:
 3486 071f 646C6973 		.ascii	"dlist\000"
 3486      7400
 3487              	.LASF209:
 3488 0725 75736172 		.ascii	"usart_enable_tx_end_irq\000"
 3488      745F656E 
 3488      61626C65 
 3488      5F74785F 
 3488      656E645F 
 3489              	.LASF88:
 3490 073d 41484233 		.ascii	"AHB3RSTR\000"
 3490      52535452 
 3490      00
 3491              	.LASF31:
 3492 0746 74687265 		.ascii	"thread_t\000"
 3492      61645F74 
 3492      00
 3493              	.LASF156:
 3494 074f 69646C65 		.ascii	"idlethread_end\000"
 3494      74687265 
 3494      61645F65 
 3494      6E6400
 3495              	.LASF2:
 3496 075e 6C6F6E67 		.ascii	"long double\000"
 3496      20646F75 
 3496      626C6500 
 3497              	.LASF136:
 3498 076a 74687265 		.ascii	"thread_reference_t\000"
 3498      61645F72 
 3498      65666572 
 3498      656E6365 
 3498      5F7400
 3499              	.LASF143:
 3500 077d 73656E74 		.ascii	"sentmsg\000"
 3500      6D736700 
ARM GAS  C:\Users\angio\AppData\Local\Temp\cciUCl9c.s 			page 70


 3501              	.LASF123:
 3502 0785 706F7274 		.ascii	"port_intctx\000"
 3502      5F696E74 
 3502      63747800 
 3503              	.LASF218:
 3504 0791 706F7274 		.ascii	"port_unlock_from_isr\000"
 3504      5F756E6C 
 3504      6F636B5F 
 3504      66726F6D 
 3504      5F697372 
 3505              	.LASF208:
 3506 07a6 75736172 		.ascii	"usart_init\000"
 3506      745F696E 
 3506      697400
 3507              	.LASF167:
 3508 07b1 73796E63 		.ascii	"sync_txend\000"
 3508      5F747865 
 3508      6E6400
 3509              	.LASF160:
 3510 07bc 73696F65 		.ascii	"sioevents_t\000"
 3510      76656E74 
 3510      735F7400 
 3511              	.LASF14:
 3512 07c8 6C6F6E67 		.ascii	"long long unsigned int\000"
 3512      206C6F6E 
 3512      6720756E 
 3512      7369676E 
 3512      65642069 
 3513              	.LASF69:
 3514 07df 63685F71 		.ascii	"ch_queue\000"
 3514      75657565 
 3514      00
 3515              	.LASF153:
 3516 07e8 6D61696E 		.ascii	"mainthread_base\000"
 3516      74687265 
 3516      61645F62 
 3516      61736500 
 3517              	.LASF26:
 3518 07f8 6D73675F 		.ascii	"msg_t\000"
 3518      7400
 3519              	.LASF28:
 3520 07fe 6576656E 		.ascii	"eventflags_t\000"
 3520      74666C61 
 3520      67735F74 
 3520      00
 3521              	.LASF226:
 3522 080b 4C505349 		.ascii	"LPSIOD1\000"
 3522      4F443100 
 3523              	.LASF76:
 3524 0813 64656C74 		.ascii	"delta\000"
 3524      6100
 3525              	.LASF20:
 3526 0819 706F7274 		.ascii	"port_stkalign_t\000"
 3526      5F73746B 
 3526      616C6967 
 3526      6E5F7400 
 3527              	.LASF195:
ARM GAS  C:\Users\angio\AppData\Local\Temp\cciUCl9c.s 			page 71


 3528 0829 73696F5F 		.ascii	"sio_lld_get\000"
 3528      6C6C645F 
 3528      67657400 
 3529              	.LASF38:
 3530 0835 72656673 		.ascii	"refs\000"
 3530      00
 3531              	.LASF198:
 3532 083a 73696F5F 		.ascii	"sio_lld_read\000"
 3532      6C6C645F 
 3532      72656164 
 3532      00
 3533              	.LASF134:
 3534 0847 71756575 		.ascii	"queue\000"
 3534      6500
 3535              	.LASF210:
 3536 084d 75736172 		.ascii	"usart_enable_tx_irq\000"
 3536      745F656E 
 3536      61626C65 
 3536      5F74785F 
 3536      69727100 
 3537              	.LASF54:
 3538 0861 6D61696E 		.ascii	"mainthread\000"
 3538      74687265 
 3538      616400
 3539              	.LASF175:
 3540 086c 53494F5F 		.ascii	"SIO_UNINIT\000"
 3540      554E494E 
 3540      495400
 3541              	.LASF228:
 3542 0877 5F5F7365 		.ascii	"__set_BASEPRI\000"
 3542      745F4241 
 3542      53455052 
 3542      4900
 3543              	.LASF35:
 3544 0885 77616261 		.ascii	"wabase\000"
 3544      736500
 3545              	.LASF127:
 3546 088c 72656773 		.ascii	"regs\000"
 3546      00
 3547              	.LASF48:
 3548 0891 726C6973 		.ascii	"rlist\000"
 3548      7400
 3549              	.LASF22:
 3550 0897 746D6F64 		.ascii	"tmode_t\000"
 3550      655F7400 
 3551              	.LASF165:
 3552 089f 73796E63 		.ascii	"sync_rxidle\000"
 3552      5F727869 
 3552      646C6500 
 3553              	.LASF94:
 3554 08ab 41484231 		.ascii	"AHB1ENR\000"
 3554      454E5200 
 3555              	.LASF179:
 3556 08b3 73696F5F 		.ascii	"sio_driver_vmt\000"
 3556      64726976 
 3556      65725F76 
 3556      6D7400
ARM GAS  C:\Users\angio\AppData\Local\Temp\cciUCl9c.s 			page 72


 3557              	.LASF138:
 3558 08c2 70717565 		.ascii	"pqueue\000"
 3558      756500
 3559              	.LASF96:
 3560 08c9 41484233 		.ascii	"AHB3ENR\000"
 3560      454E5200 
 3561              	.LASF87:
 3562 08d1 41484232 		.ascii	"AHB2RSTR\000"
 3562      52535452 
 3562      00
 3563              	.LASF34:
 3564 08da 6E616D65 		.ascii	"name\000"
 3564      00
 3565              	.LASF221:
 3566 08df 706F7274 		.ascii	"port_lock\000"
 3566      5F6C6F63 
 3566      6B00
 3567              	.LASF115:
 3568 08e9 5243435F 		.ascii	"RCC_TypeDef\000"
 3568      54797065 
 3568      44656600 
 3569              	.LASF152:
 3570 08f5 63685F6F 		.ascii	"ch_os_instance_config\000"
 3570      735F696E 
 3570      7374616E 
 3570      63655F63 
 3570      6F6E6669 
 3571              	.LASF7:
 3572 090b 73686F72 		.ascii	"short int\000"
 3572      7420696E 
 3572      7400
 3573              	.LASF157:
 3574 0915 6F735F69 		.ascii	"os_instance_config_t\000"
 3574      6E737461 
 3574      6E63655F 
 3574      636F6E66 
 3574      69675F74 
 3575              	.LASF72:
 3576 092a 63685F70 		.ascii	"ch_priority_queue\000"
 3576      72696F72 
 3576      6974795F 
 3576      71756575 
 3576      6500
 3577              	.LASF18:
 3578 093c 75696E74 		.ascii	"uint64_t\000"
 3578      36345F74 
 3578      00
 3579              	.LASF148:
 3580 0945 63685F6D 		.ascii	"ch_mutex\000"
 3580      75746578 
 3580      00
 3581              	.LASF174:
 3582 094e 73696F63 		.ascii	"siocb_t\000"
 3582      625F7400 
 3583              	.LASF52:
 3584 0956 72666375 		.ascii	"rfcu\000"
 3584      00
ARM GAS  C:\Users\angio\AppData\Local\Temp\cciUCl9c.s 			page 73


 3585              	.LASF40:
 3586 095b 6D736771 		.ascii	"msgqueue\000"
 3586      75657565 
 3586      00
 3587              	.LASF125:
 3588 0964 6C725F65 		.ascii	"lr_exc\000"
 3588      786300
 3589              	.LASF59:
 3590 096b 63685F73 		.ascii	"ch_system_debug\000"
 3590      79737465 
 3590      6D5F6465 
 3590      62756700 
 3591              	.LASF50:
 3592 097b 7265676C 		.ascii	"reglist\000"
 3592      69737400 
 3593              	.LASF84:
 3594 0983 43494352 		.ascii	"CICR\000"
 3594      00
 3595              	.LASF106:
 3596 0988 41504231 		.ascii	"APB1SMENR1\000"
 3596      534D454E 
 3596      523100
 3597              	.LASF107:
 3598 0993 41504231 		.ascii	"APB1SMENR2\000"
 3598      534D454E 
 3598      523200
 3599              	.LASF49:
 3600 099e 76746C69 		.ascii	"vtlist\000"
 3600      737400
 3601              	.LASF39:
 3602 09a5 77616974 		.ascii	"waiting\000"
 3602      696E6700 
 3603              	.LASF158:
 3604 09ad 6D757465 		.ascii	"mutex_t\000"
 3604      785F7400 
 3605              	.LASF24:
 3606 09b5 74726566 		.ascii	"trefs_t\000"
 3606      735F7400 
 3607              	.LASF126:
 3608 09bd 706F7274 		.ascii	"port_context\000"
 3608      5F636F6E 
 3608      74657874 
 3608      00
 3609              	.LASF128:
 3610 09ca 63685F76 		.ascii	"ch_virtual_timers_list\000"
 3610      69727475 
 3610      616C5F74 
 3610      696D6572 
 3610      735F6C69 
 3611              	.LASF17:
 3612 09e1 75696E74 		.ascii	"uint32_t\000"
 3612      33325F74 
 3612      00
 3613              	.LASF204:
 3614 09ea 73696F5F 		.ascii	"sio_lld_stop\000"
 3614      6C6C645F 
 3614      73746F70 
ARM GAS  C:\Users\angio\AppData\Local\Temp\cciUCl9c.s 			page 74


 3614      00
 3615              	.LASF180:
 3616 09f7 696E7374 		.ascii	"instance_offset\000"
 3616      616E6365 
 3616      5F6F6666 
 3616      73657400 
 3617              	.LASF19:
 3618 0a07 75696E74 		.ascii	"uint_fast16_t\000"
 3618      5F666173 
 3618      7431365F 
 3618      7400
 3619              	.LASF102:
 3620 0a15 41484231 		.ascii	"AHB1SMENR\000"
 3620      534D454E 
 3620      5200
 3621              	.LASF124:
 3622 0a1f 62617365 		.ascii	"basepri\000"
 3622      70726900 
 3623              	.LASF82:
 3624 0a27 43494552 		.ascii	"CIER\000"
 3624      00
 3625              	.LASF139:
 3626 0a2c 7264796D 		.ascii	"rdymsg\000"
 3626      736700
 3627              	.LASF8:
 3628 0a33 73686F72 		.ascii	"short unsigned int\000"
 3628      7420756E 
 3628      7369676E 
 3628      65642069 
 3628      6E7400
 3629              	.LASF190:
 3630 0a46 6F706572 		.ascii	"operation\000"
 3630      6174696F 
 3630      6E00
 3631              	.LASF108:
 3632 0a50 41504232 		.ascii	"APB2SMENR\000"
 3632      534D454E 
 3632      5200
 3633              	.LASF172:
 3634 0a5a 62617564 		.ascii	"baud\000"
 3634      00
 3635              	.LASF155:
 3636 0a5f 69646C65 		.ascii	"idlethread_base\000"
 3636      74687265 
 3636      61645F62 
 3636      61736500 
 3637              	.LASF83:
 3638 0a6f 43494652 		.ascii	"CIFR\000"
 3638      00
 3639              	.LASF9:
 3640 0a74 5F5F696E 		.ascii	"__int32_t\000"
 3640      7433325F 
 3640      7400
 3641              	.LASF149:
 3642 0a7e 63685F72 		.ascii	"ch_ready_list\000"
 3642      65616479 
 3642      5F6C6973 
ARM GAS  C:\Users\angio\AppData\Local\Temp\cciUCl9c.s 			page 75


 3642      7400
 3643              	.LASF188:
 3644 0a8c 6576656E 		.ascii	"events\000"
 3644      747300
 3645              	.LASF67:
 3646 0a93 6E657874 		.ascii	"next\000"
 3646      00
 3647              	.LASF193:
 3648 0a98 64617461 		.ascii	"data\000"
 3648      00
 3649              	.LASF173:
 3650 0a9d 70726573 		.ascii	"presc\000"
 3650      6300
 3651              	.LASF70:
 3652 0aa3 70726576 		.ascii	"prev\000"
 3652      00
 3653              		.text
 3654              		.section	.gnu.lto_.inline.1f2b2c89,"e",%progbits
 3655 0000 789CAD93 		.ascii	"x\234\255\223;N\3040\020\206\377\035\233,\332\015\220"
 3655      3B4EC430 
 3655      1086FF1D 
 3655      9B2CDA0D 
 3655      90
 3656 0011 659F2044 		.ascii	"e\237 D\211((VBH\234\"\342\014\010\226\307!\020\334"
 3656      89282856 
 3656      42489C22 
 3656      E20C0896 
 3656      C72110DC 
 3657 0025 C047E008 		.ascii	"\300G\340\010\034\201\222\006\211\222\022q\002JJf&\231"
 3657      1C819206 
 3657      89921271 
 3657      024A4A66 
 3657      2699
 3658 0037 48CE3EB2 		.ascii	"H\316>\262\005n\346\037\347\363x\374\333i{Tc\014\370"
 3658      056EE61F 
 3658      E7F378FC 
 3658      DB697B54 
 3658      630CF8
 3659 004a 471EEE0A 		.ascii	"G\036\356\012\240Jy<\261z \020#\255F\202Jb\306\222D"
 3659      A04A793C 
 3659      B17A2010 
 3659      23AD4682 
 3659      4A62C692 
 3660 005f D15C8D8E 		.ascii	"\321\\\215\216l\346\326\344<\206<\365J7\314\035\231"
 3660      6CE6D6E4 
 3660      3C863CF5 
 3660      4A37CC1D 
 3660      99
 3661 0070 8AB80D1C 		.ascii	"\212\270\015\034r\362\341\20487\025\021\011RN\276H\366"
 3661      72F2E184 
 3661      38371511 
 3661      09524EBE 
 3661      48F6
 3662 0082 1A988A88 		.ascii	"\032\230\212\210v#\261\211SN>\351\216\211KS\021\321"
 3662      7623B189 
 3662      534E3EE9 
 3662      8E894B53 
ARM GAS  C:\Users\angio\AppData\Local\Temp\cciUCl9c.s 			page 76


 3662      11D1
 3663 0094 4522FDAD 		.ascii	"E\"\375\2558\221K\305\240\220\207<E\207\247_\264\347"
 3663      38914BC5 
 3663      A090873C 
 3663      4587A75F 
 3663      B4E7
 3664 00a6 44D9EB45 		.ascii	"D\331\353El\013\324\325\260\205\003\376\364L\267\314"
 3664      6C0BD4D5 
 3664      B08503FE 
 3664      F44CB7CC 
 3665 00b6 4F5985B9 		.ascii	"OY\205\2713\026`\310w0\022\017\324\257cS\021\231\341"
 3665      331660C8 
 3665      7730120F 
 3665      D4AF6353 
 3665      1199E1
 3666 00c9 4C6A39A9 		.ascii	"Lj9\25153\025\021=dz7Rc\242D\335\015\333mW\275\377]"
 3666      35331511 
 3666      3D647A37 
 3666      5263A244 
 3666      DD0DDB6D 
 3667 00e1 A32F8B7D 		.ascii	"\243/\213}H\305\037\355\357\304T\264b\200\236U\242}"
 3667      48C51FED 
 3667      EFC454B4 
 3667      62809E55 
 3667      A27D
 3668 00f3 737461CD 		.ascii	"sta\315!\372\225+\253I\213#\275\347\3425e\272v\331\212"
 3668      21FA952B 
 3668      AB498B23 
 3668      BDE7E235 
 3668      65BA76D9 
 3669 0108 31B6A53B 		.ascii	"1\266\245;\327LZ\234\300\331\255/\271\377=\274\203\263"
 3669      D74C5A9C 
 3669      C0D9AD2F 
 3669      B9FF3DBC 
 3669      83B3
 3670 011a 6F77CFC8 		.ascii	"ow\317\310\005\2537\252[_\376\034\345C)\323\377\235"
 3670      05AB37AA 
 3670      5B5FFE1C 
 3670      E54329D3 
 3670      FF9D
 3671 012c AC7D2D1E 		.ascii	"\254}-\036Z\310}VD\374\001\006\023\313^"
 3671      5AC87D56 
 3671      44FC0106 
 3671      13CB5E
 3672              		.text
 3673              		.section	.gnu.lto_.jmpfuncs.1f2b2c89,"e",%progbits
 3674 0000 789C6362 		.ascii	"x\234cb@\006\000\000*\000\003"
 3674      40060000 
 3674      2A0003
 3675              		.text
 3676              		.section	.gnu.lto_.lto.1f2b2c89,"e",%progbits
 3677 0000 09000400 		.ascii	"\011\000\004\000\001\000\000\000"
 3677      01000000 
 3678              		.text
 3679              		.section	.gnu.lto_chSysLockFromISR.193.1f2b2c89,"e",%progbits
 3680 0000 789C7D52 		.ascii	"x\234}RMh\023A\024~og\223*=\330\233(\202\351\241\250"
 3680      4D681341 
ARM GAS  C:\Users\angio\AppData\Local\Temp\cciUCl9c.s 			page 77


 3680      147E6F67 
 3680      932A3DD8 
 3680      9B2882E9 
 3681 0016 D064DB18 		.ascii	"\320d\333\030\233\342\255,A\012\215J\022\361\022\014"
 3681      9BE2AD2C 
 3681      410A8D4A 
 3681      12F1120C 
 3682 0026 E976B18B 		.ascii	"\351v\261\213I7\354\246jO\3356\240`\241\251i\255\240"
 3682      4937ECA6 
 3682      6A4FDD36 
 3682      A060A1A9 
 3682      69ADA0
 3683 0039 A1871241 		.ascii	"\241\207\022AE\324\213\366\307\250\261\305Z<(\010\236"
 3683      45D48BF6 
 3683      C7A8B1C5 
 3683      5A3C2808 
 3683      9E
 3684 004a 3C788AC7 		.ascii	"<x\212\307V\352A\0051\276\331$&\007qX\330\371\336\367"
 3684      56EA4105 
 3684      31BED924 
 3684      26077158 
 3684      D8F9DEF7 
 3685 005e 7DEF6766 		.ascii	"}\357gf\230\000\260\017\001\316\002-'`\356\3725\001"
 3685      9800B00F 
 3685      01CE022D 
 3685      2760EEFA 
 3685      3501
 3686 0070 2A95CAB8 		.ascii	"*\225\312\270(\340\354ty\355{+\256\243\215\031\316M"
 3686      28E0EC74 
 3686      79ED7B2B 
 3686      AEA38D19 
 3686      CE4D
 3687 0082 97271E4E 		.ascii	"\227'\036N#\026\253\001\021o<X\"\270Z\205\016\234xW"
 3687      2316AB01 
 3687      116F3C58 
 3687      22B85A85 
 3687      0E9C7857 
 3688 0096 7C7C0E9F 		.ascii	"||\016\237T!\302\270\300(8\216\263\354\210eY?\356,L"
 3688      5421C2B8 
 3688      C028388E 
 3688      B3EC8865 
 3688      593FEE2C 
 3689 00ab 655BADBB 		.ascii	"e[\255\273%,0\200\005\006\365\345\254!\3143\264\367"
 3689      252C3080 
 3689      0506F5E5 
 3689      AC21CC33 
 3689      B4F7
 3690 00bd 884F11EA 		.ascii	"\210O\021\352@\300\245\006`\270\\\005<\337\206\037\250"
 3690      40C0A506 
 3690      60B85C05 
 3690      3CDF861F 
 3690      A8
 3691 00ce 16056B34 		.ascii	"\026\005k4\256`\023\235\177\233\331:\000\324\033\245"
 3691      AE60139D 
 3691      7F9BD93A 
 3691      00D41BA5 
 3692 00de A80B9E61 		.ascii	"\250\013\236a-Y\216\025\250\212X\333\011\350\242\035"
ARM GAS  C:\Users\angio\AppData\Local\Temp\cciUCl9c.s 			page 78


 3692      2D598E15 
 3692      A88A58DB 
 3692      09E8A21D 
 3693 00ee BB655387 		.ascii	"\273eS\207J\224zn\352\323\373\375y\253$\026\250\344"
 3693      4A947A6E 
 3693      EAD3FBFD 
 3693      79AB2416 
 3693      A8E4
 3694 0100 4BE42DBD 		.ascii	"K\344-\275@|\216\200\274{\366\005\357w\220\264\303\226"
 3694      407C8E80 
 3694      BC7BF605 
 3694      EF7790B4 
 3694      C396
 3695 0112 5EBDBDD2 		.ascii	"^\275\275\322\271\236\2616\255\277bh\210i\254Z?\313"
 3695      B99EB136 
 3695      ADBF6268 
 3695      8869AC5A 
 3695      3FCB
 3696 0124 1FF34E7C 		.ascii	"\037\363N|E\301\"O\307\207\3065{P\322 \021\217>8J\326"
 3696      45C1224F 
 3696      C787C635 
 3696      7B50D220 
 3696      118F3E38 
 3697 013a AF4AD62A 		.ascii	"\257J\326*\335\3343\265=\377\346\247 \012\300\015\220"
 3697      DDDC33B5 
 3697      3DFFE6A7 
 3697      200AC00D 
 3697      90
 3698 014b 65FC3EEC 		.ascii	"e\374>\354u\220\340\014\023\032\220\301\026N\356\264"
 3698      7590E00C 
 3698      131A90C1 
 3698      164EEEB4 
 3699 015b C12213F8 		.ascii	"\301\"\023\370$\014\273`\233\002\367\346W?\357\246{"
 3699      240CBB60 
 3699      9B02F7E6 
 3699      573FEFA6 
 3699      7B
 3700 016c E3D97FF3 		.ascii	"\343\331\177\363sm\317\012Wv\025\030\237X\344G\375\032"
 3700      736DCF0A 
 3700      57761518 
 3700      9F58E447 
 3700      FD1A
 3701 017e 81FEB881 		.ascii	"\201\376\270\201\213\325\323i\317\331\274\303&7y\333"
 3701      8BD5D369 
 3701      CFD9BCC3 
 3701      263779DB 
 3702 018e 549635D7 		.ascii	"T\2265\327\3112\261\031\3160G3\334\301\311\257\345\314"
 3702      C932B119 
 3702      CE304733 
 3702      DCC1C9AF 
 3702      E5CC
 3703 01a0 B7005D08 		.ascii	"\267\000]\010T\315\330\240\351\205A\217|<*\017k\203"
 3703      54CDD8A0 
 3703      E985418F 
 3703      7C3C2A0F 
 3703      6B83
 3704 01b2 5A383D3A 		.ascii	"Z8=:\244\351\321K\272q\301L\305\02556j\252F4\024q\207"
ARM GAS  C:\Users\angio\AppData\Local\Temp\cciUCl9c.s 			page 79


 3704      A4E9D14B 
 3704      BA71C14C 
 3704      C5153536 
 3704      6AAA4634 
 3705 01c9 23C1A3DE 		.ascii	"#\301\243\336\023>\277/\024p\237<#\017\004N\365\370"
 3705      133EBF2F 
 3705      14709F3C 
 3705      230F044E 
 3705      F5F8
 3706 01db E0B0C723 		.ascii	"\340\260\307#\321\247p\247nz\273\273\273%\335\224\214"
 3706      D1A770A7 
 3706      6E7ABBBB 
 3706      BB25DD94 
 3706      8C
 3707 01ec B4A48D28 		.ascii	"\264\244\215(\211\321!\225\030s\314\364\014\203\377"
 3707      89D12195 
 3707      1873CCF4 
 3707      0C83FF
 3708 01fb 9F42454F 		.ascii	"\237BEO&\365\021)\245\033iS\352\013\005/\372\335Aw\337"
 3708      26F51129 
 3708      A51B6953 
 3708      EA0B052F 
 3708      FADD4177 
 3709 0210 4084748A 		.ascii	"@\204t\212n\250\344k\031\214\233\352iC\223\377\347W"
 3709      6EA8E46B 
 3709      198C9BEA 
 3709      694393FF 
 3709      E757
 3710 0222 2FA7B95B 		.ascii	"/\247\271[\222\203\341\376\260$\223S\352\257\327O\232"
 3710      9283E1FE 
 3710      B0249353 
 3710      EAAFD74F 
 3710      9A
 3711 0233 9A193BAF 		.ascii	"\232\031;\257(\224k\357p<\02135=\226H\014y\024\317\261"
 3711      28946BEF 
 3711      703C1133 
 3711      353D9648 
 3711      0C7914CF 
 3712 0248 5E9FDFEB 		.ascii	"^\237\337\353\353\355\201\266`8\344\342uR\206\326\351"
 3712      EBED81B6 
 3712      6038E4E2 
 3712      755286D6 
 3712      E9
 3713 0259 EAE802C1 		.ascii	"\352\350\002\301\200\226\244\232\324\2151\370\0032H"
 3713      8096A49A 
 3713      D48D31F8 
 3713      033248
 3714 0268 2150     		.ascii	"!P"
 3715              		.text
 3716              		.section	.gnu.lto_chSysUnlockFromISR.194.1f2b2c89,"e",%progbits
 3717 0000 789C7D52 		.ascii	"x\234}RMh\023Q\020\236\331\267I\225\036\354M\024\301"
 3717      4D681351 
 3717      109ED9B7 
 3717      49951EEC 
 3717      4D14C1
 3718 0013 F4105468 		.ascii	"\364\020Th\262\246\306\244x+!H\241QI*^\202\241\335."
 3718      B2A6C6A4 
ARM GAS  C:\Users\angio\AppData\Local\Temp\cciUCl9c.s 			page 80


 3718      782B2148 
 3718      A151492A 
 3718      5E82A1DD 
 3719 0028 7631E986 		.ascii	"v1\351\206\335T\355)k\005\005\225\244\246\325\202\204"
 3719      DD54ED29 
 3719      6B050595 
 3719      A4A6D582 
 3719      84
 3720 0039 1E4A04F5 		.ascii	"\036J\004\365R\020\374I\255m\332\242\224\036\024\274"
 3720      5210FC49 
 3720      AD6DDAA2 
 3720      941E14BC 
 3721 0049 0A7AD078 		.ascii	"\012z\320xT\351%\202\3058o719\210\217\205}\337|\337"
 3721      54E92582 
 3721      C5386F37 
 3721      3139888F 
 3721      857DDF7C 
 3722 005e 7C33F3DE 		.ascii	"|3\363\336c\002\300>\0048\007\264\234\200\205;7\005"
 3722      6302C03E 
 3722      043807B4 
 3722      9C80853B 
 3722      3705
 3723 0070 A8D7EB59 		.ascii	"\250\327\353YQ\300\231\\u\275\326\211\033ha\206\263"
 3723      51C0995C 
 3723      75BDD689 
 3723      1B686186 
 3723      B3
 3724 0081 B9EADA93 		.ascii	"\271\352\332\223\034\342\262\035\020\361\356\355\025"
 3724      1CE2B21D 
 3724      10F1EEED 
 3724      15
 3725 008e 824B3674 		.ascii	"\202K6t\340\325\267\313;\347\361\251\015\021\262\002"
 3725      E0D5B7CB 
 3725      3BE7F1A9 
 3725      0D11B202 
 3726 009e A3601667 		.ascii	"\243`\026g\330\021\3234\177>\230/\347;\315\207\025,"
 3726      D811D334 
 3726      7F3E982F 
 3726      E73BCD87 
 3726      152C
 3727 00b0 31807906 		.ascii	"1\200y\006\315\345l ,2\264\366\210\317\020\232@\300"
 3727      CDE56C20 
 3727      2C32B4F6 
 3727      88CF109A 
 3727      40C0
 3728 00c2 E72DC0F0 		.ascii	"\347-\300\360\205\015\270\337\307 P-\0126h,c\033]\334"
 3728      850DB8DF 
 3728      C720502D 
 3728      0A36682C 
 3728      631B5DDC 
 3729 00d6 DAA81D00 		.ascii	"\332\250\035\000\352\215,\232\202\227\3300+\260\022"
 3729      EA8D2C9A 
 3729      8297D830 
 3729      2BB012
 3730 00e5 55111B3B 		.ascii	"U\021\033;\001]\264c\367-\352P\205\254go}x\267\277h"
 3730      015DB463 
 3730      F72DEA50 
ARM GAS  C:\Users\angio\AppData\Local\Temp\cciUCl9c.s 			page 81


 3730      85AC676F 
 3730      7D78B7BF 
 3731 00fa 56C41295 		.ascii	"V\304\022\225\\E\336\322\012\342+\004\344\335\263\257"
 3731      5C45DED2 
 3731      0AE22B04 
 3731      E4DDB3AF 
 3732 010a F8D84D52 		.ascii	"\370\330MR\267%\275\261Z\356\331\270fn\232\177\305\320"
 3732      B725BDB1 
 3732      5AEED9B8 
 3732      666E9A7F 
 3732      C5D0
 3733 011c 12D358CD 		.ascii	"\022\323X\315v\277\024\235\270F\301en\307\207\306uk"
 3733      76BF149D 
 3733      B846C165 
 3733      6EC787C6 
 3733      756B
 3734 012e 50D22011 		.ascii	"P\322 \021\213\357\035\025s\247\2367+s{\312\213s\265"
 3734      8BEF1D15 
 3734      73A79E37 
 3734      2B737BCA 
 3734      8B73B5
 3735 0141 5F822800 		.ascii	"_\202(\000O\200<\343\367a\255\203\004\247\231\320\202"
 3735      4F803CE3 
 3735      F761AD83 
 3735      04A799D0 
 3735      82
 3736 0152 0CBEE1D4 		.ascii	"\014\276\341\324v\027,0\201OB\306\360\235\002\217\356"
 3736      76172C30 
 3736      814F42C6 
 3736      F09D028F 
 3736      EE
 3737 0163 2D7DDA4D 		.ascii	"-}\332M\367\306\335\177\363s\355\316\013\327w\225\030"
 3737      F7C6DD7F 
 3737      F373EDCE 
 3737      0BD77795 
 3737      18
 3738 0174 9F58E447 		.ascii	"\237X\344G\375\032\201\376\370\006\027\354\323\351."
 3738      FD1A81FE 
 3738      F80617EC 
 3738      D3E92E
 3739 0183 58BCC322 		.ascii	"X\274\303\"7y\333T\226\265\327\3113\261\035N3G;\334"
 3739      3779DB54 
 3739      96B5D7C9 
 3739      33B11D4E 
 3739      33473BDC 
 3740 0197 C6A91FD5 		.ascii	"\306\251\037\325\317\2650]\010\330\311\330\242\351\205"
 3740      CFB5305D 
 3740      08D8C9D8 
 3740      A2E985
 3741 01a6 41207422 		.ascii	"A t\"\036\032SG\324XfbT\325\342\2275\375\242\221\036"
 3741      1E1A5347 
 3741      D4586662 
 3741      54D5E297 
 3741      35FDA291 
 3742 01bb 9695C484 		.ascii	"\226\225\304\204\241\350\361\350\220'6\0249\326{\322"
 3742      A1E8F1E8 
 3742      90273614 
ARM GAS  C:\Users\angio\AppData\Local\Temp\cciUCl9c.s 			page 82


 3742      39D67BD2 
 3743 01cb 1FF447C3 		.ascii	"\037\364G\303\236SgC\203\341\323\001?\034\366z%\372"
 3743      9E536743 
 3743      83E1D301 
 3743      3F1CF67A 
 3743      25FA
 3744 01dd 649EA919 		.ascii	"d\236\251\031\275>\237O\322\014I\317H\352\270\234\234"
 3744      BD3E9F4F 
 3744      D20C49CF 
 3744      48EAB89C 
 3744      9C
 3745 01ee 18558831 		.ascii	"\030U\2101&\015\357\030\004\377)\224\265TJ\033\227\322"
 3745      260DEF18 
 3745      04FF2994 
 3745      B5544A1B 
 3745      97D2
 3746 0200 9A9E31A4 		.ascii	"\232\2361\244\376h\344R\320\023\361\364\017\016\221"
 3746      FE68E452 
 3746      D013F1F4 
 3746      0F0E91
 3747 020f 4ED67485 		.ascii	"N\326t\205\362:F\206\015\345\214\256\206\376\227\257"
 3747      F23A4686 
 3747      0DE58CAE 
 3747      86FE97AF 
 3748 021f 5CC9F06C 		.ascii	"\\\311\360l)\024\211\015\304\244\020eJ\003\315\372)"
 3748      2914890D 
 3748      C4A41065 
 3748      4A03CDFA 
 3748      29
 3749 0230 43351217 		.ascii	"C5\022\027d\231\274\366\216\015'\023\206\252%\222\311"
 3749      6499BCF6 
 3749      8E0D2713 
 3749      86AA2592 
 3749      C9
 3750 0241 51AFEC3D 		.ascii	"Q\257\354=\336\347\017\366\372\373\002\320\025\211E"
 3750      DEE70FF6 
 3750      FAFB02D0 
 3750      158945
 3751 0250 5DBC4E5A 		.ascii	"]\274NZW{\\\356\243 \350\320\221RR\232>\011\177\000"
 3751      577B5CEE 
 3751      A320E8D0 
 3751      9152529A 
 3751      3E097F00 
 3752 0264 A161231E 		.ascii	"\241a#\036"
 3753              		.text
 3754              		.section	.gnu.lto_osalSysLockFromISR.341.1f2b2c89,"e",%progbits
 3755 0000 789C9BC0 		.ascii	"x\234\233\300\300\300\220\012\304\212@\314\300\314\300"
 3755      C0C0900A 
 3755      C48A40CC 
 3755      C0CCC0
 3756 000f 38696217 		.ascii	"8ib\027\023\303\377\377\377\353Y\230\030\033U\030\267"
 3756      13C3FFFF 
 3756      FFEB5998 
 3756      181B5518 
 3756      B7
 3757 0020 3282D98C 		.ascii	"2\202\331\214\014\365L\214\365\214\223\2315\033\032"
 3757      0CF54C8C 
ARM GAS  C:\Users\angio\AppData\Local\Temp\cciUCl9c.s 			page 83


 3757      F58C9399 
 3757      351B1A
 3758 002f 1A7E2C9D 		.ascii	"\032~,\235\267z\263ASC\253\304\022f\006\206y\314\014"
 3758      B77AB341 
 3758      5343ABC4 
 3758      12660686 
 3758      79CC0C
 3759 0042 30C006E3 		.ascii	"0\300\006\3431\002\361\372K\254\007\032\376\374\357"
 3759      3102F1FA 
 3759      4BAC071A 
 3759      FEFCEF
 3760 0051 6F6878FB 		.ascii	"ohx\373\224q\335f\026\240D?3\310d0\220\007*\231\300"
 3760      9471DD66 
 3760      16A0443F 
 3760      33C86430 
 3760      90072A99 
 3761 0066 CC84E032 		.ascii	"\314\204\34022|`l~p\373\231\004C\013#\323\022f\306y"
 3761      327C606C 
 3761      7E70FB99 
 3761      04430B23 
 3761      D31266C6 
 3762 007b CC40154B 		.ascii	"\314@\025K\230\231\030>16=\270\373\214\003lA?3#\262"
 3762      9899183E 
 3762      31363DB8 
 3762      FB8C036C 
 3762      413F3323 
 3763 0090 010C0C66 		.ascii	"\001\014\014f\316V1\316\031\231I\231\301%\245)\231\371"
 3763      CE5631CE 
 3763      19994999 
 3763      C125A529 
 3763      99F9
 3764 00a2 31E5F945 		.ascii	"1\345\371E\331\305\005\211\311\251\361\245\305\251E"
 3764      D9C50589 
 3764      C9A9F1A5 
 3764      C5A945
 3765 00b1 314121BA 		.ascii	"1A!\272\301!\276\306F\356&\346&A\256\272~\241\316>\256"
 3765      C121BEC6 
 3765      46EE26E6 
 3765      2641AEBA 
 3765      7EA1CE3E 
 3766 00c6 FE66260C 		.ascii	"\376f&\014:zz\372@\224\014\322\231_ldhh\250\237_\254"
 3766      3A7A7AFA 
 3766      40940CD2 
 3766      995F6C64 
 3766      6868A89F 
 3767 00dc 9F919803 		.ascii	"\237\221\230\003\244\200DQ\211n^&\204\255\227\301\000"
 3767      A4804451 
 3767      896E5E26 
 3767      84AD97C1 
 3767      00
 3768 00ed 00175364 		.ascii	"\000\027Sd]"
 3768      5D
 3769              		.text
 3770              		.section	.gnu.lto_osalSysUnlockFromISR.342.1f2b2c89,"e",%progbits
 3771 0000 789C9BC0 		.ascii	"x\234\233\300\300\300\220\012\304\212@\314\300\314\300"
 3771      C0C0900A 
 3771      C48A40CC 
ARM GAS  C:\Users\angio\AppData\Local\Temp\cciUCl9c.s 			page 84


 3771      C0CCC0
 3772 000f 38696217 		.ascii	"8ib\027\023\303\377\377\377\353Y\230\030\033U\030\267"
 3772      13C3FFFF 
 3772      FFEB5998 
 3772      181B5518 
 3772      B7
 3773 0020 3282D98C 		.ascii	"2\202\331\214\014\365L\214\365\214\223\2315\033\032"
 3773      0CF54C8C 
 3773      F58C9399 
 3773      351B1A
 3774 002f 1A7E2C9D 		.ascii	"\032~,\235\267o\263ASC\253\304\022f\006\206y\314\014"
 3774      B76FB341 
 3774      5343ABC4 
 3774      12660686 
 3774      79CC0C
 3775 0042 30C006E3 		.ascii	"0\300\006\3431\002\361\372K\254\007\032\376\374\357"
 3775      3102F1FA 
 3775      4BAC071A 
 3775      FEFCEF
 3776 0051 6F68F8FB 		.ascii	"oh\370\373\224\361\344f\026\240D?3\310d0\220\007*\231"
 3776      94F1E466 
 3776      16A0443F 
 3776      33C86430 
 3776      90072A99 
 3777 0065 C0CC84E0 		.ascii	"\300\314\204\34022|`l~0\361\271\004C\013#\323\022f\306"
 3777      32327C60 
 3777      6C7E30F1 
 3777      B904430B 
 3777      23D31266 
 3778 007a 79CC4015 		.ascii	"y\314@\025K\230\231\030>16=\230\374\234\003lA?3#\262"
 3778      4B989918 
 3778      3E31363D 
 3778      98FC9C03 
 3778      6C413F33 
 3779 0090 010C0C66 		.ascii	"\001\014\014f\316V1\316\031\231I\231\301%\245)\231\371"
 3779      CE5631CE 
 3779      19994999 
 3779      C125A529 
 3779      99F9
 3780 00a2 31E5F945 		.ascii	"1\345\371E\331\305\005\211\311\251\361\245\305\251E"
 3780      D9C50589 
 3780      C9A9F1A5 
 3780      C5A945
 3781 00b1 314121BA 		.ascii	"1A!\272\301!\276\306F\356&\346&A\256\272~\241\316>\256"
 3781      C121BEC6 
 3781      46EE26E6 
 3781      2641AEBA 
 3781      7EA1CE3E 
 3782 00c6 FE66260C 		.ascii	"\376f&\014:zz\372@\224\014\322\231_ldhh\250\237_\254"
 3782      3A7A7AFA 
 3782      40940CD2 
 3782      995F6C64 
 3782      6868A89F 
 3783 00dc 9F919803 		.ascii	"\237\221\230\003\244\200DQ\211n^&\204\255\227\301\000"
 3783      A4804451 
 3783      896E5E26 
 3783      84AD97C1 
ARM GAS  C:\Users\angio\AppData\Local\Temp\cciUCl9c.s 			page 85


 3783      00
 3784 00ed 00FAB164 		.ascii	"\000\372\261d\011"
 3784      09
 3785              		.text
 3786              		.section	.gnu.lto_osalThreadResumeI.356.1f2b2c89,"e",%progbits
 3787 0000 789C554F 		.ascii	"x\234UO\315K\002Q\020\237\331Y\245n\335\262S\005\202"
 3787      CD4B0251 
 3787      109FD959 
 3787      A56EDDB2 
 3787      530582
 3788 0013 04B9A66D 		.ascii	"\004\271\246m&]E\274\364\001j7AL-\327\254\025W\351\350"
 3788      265D45BC 
 3788      F4016A37 
 3788      414C2DD7 
 3788      AC1557E9 
 3789 0028 CB922030 		.ascii	"\313\222 0\313\256a \3339\"*K\010\357]$\350\356\237"
 3789      CBAE6120 
 3789      DB39222A 
 3789      4B08EF5D 
 3789      24E8EE9F 
 3790 003c 101D2422 		.ascii	"\020\035$\"\330\236ZT\303\314{\277\231\371\315\227\210"
 3790      D89E5A54 
 3790      C3CC7BBF 
 3790      99F9CD97 
 3790      88
 3791 004d 00250098 		.ascii	"\000%\000\230\344\006\004X=9\024\3000\214\202(\340\256"
 3791      E4060458 
 3791      3D3914C0 
 3791      308C8228 
 3791      E0AE
 3792 005f 159BD8C7 		.ascii	"\025\233\330\307\010\005\001\013xJS\214\261\367\213"
 3792      0805010B 
 3792      784A538C 
 3792      B1F78B
 3793 006e 5AB93953 		.ascii	"Z\2719Sd%\213N\0005\202\201\234\021VI'D\361\033\011"
 3793      64258B4E 
 3793      00358281 
 3793      9C115649 
 3793      2744F11B 
 3794 0083 38C111AD 		.ascii	"8\301\021\255\203\255\305X\373\243\301\3300\350Dx\207"
 3794      83ADC558 
 3794      FBA3C1D8 
 3794      30E84478 
 3794      87
 3795 0094 BC066F11 		.ascii	"\274\006o\021o\370l\036H=Z{\274\"\202\215wo\227\367"
 3795      6FF86C1E 
 3795      483D5A7B 
 3795      BC22828D 
 3795      776F97F7 
 3796 00a8 0ED888A8 		.ascii	"\016\330\210\250\223\210\367\377\211b\352\311\012`\376"
 3796      9388F7FF 
 3796      8962EAC9 
 3796      0A60FE
 3797 00b7 19C96370 		.ascii	"\031\311cp\371lj\261O\243\302\330\313\330\321\265\337"
 3797      F96C6AB1 
 3797      4FA3C2D8 
 3797      CBD8D1B5 
ARM GAS  C:\Users\angio\AppData\Local\Temp\cciUCl9c.s 			page 86


 3797      DF
 3798 00c8 24203690 		.ascii	"$ 6\220\257\360\300\223\025\352\335\321\227q\356\036"
 3798      AFF0C093 
 3798      15EADDD1 
 3798      9771EE1E 
 3799 00d8 93F0EB22 		.ascii	"\223\360\353\"\274b\251s\336\265\300>\012:\231j\304"
 3799      BC62A973 
 3799      DEB5C03E 
 3799      0A3A996A 
 3799      C4
 3800 00e9 197512EA 		.ascii	"\031u\022\352\304\3676\303\033\026;W\335\241\376Y\025"
 3800      C4F736C3 
 3800      1B163B57 
 3800      DDA1FE59 
 3800      15
 3801 00fa C2BF6D00 		.ascii	"\302\277m\000\334\336\205\2607\251\254)\301\\>\256\250"
 3801      DCDE85B0 
 3801      37A9AC29 
 3801      C15C3EAE 
 3801      A8
 3802 010b E11D35BB 		.ascii	"\341\0355\273\251e\242\261D$\257%\262\341@\310\036\014"
 3802      A965A2B1 
 3802      4424AF25 
 3802      B2E140C8 
 3802      1E0C
 3803 011d 2DCDBAFC 		.ascii	"-\315\272\374\362\274\034\360\331\227W\275\213\276\025"
 3803      F2BC1CF0 
 3803      D99757BD 
 3803      8BBE15
 3804 012c B70CD392 		.ascii	"\267\014\323\222\344\340\032\353U\252\232\313\351t:"
 3804      E4E01AEB 
 3804      55AA9ACB 
 3804      E9743A
 3805 013b 54CD918C 		.ascii	"T\315\221\214\246\371\307\237l\316\276\255\014\260\224"
 3805      A6F9C79F 
 3805      6CCEBEAD 
 3805      0CB094
 3806 014a 04CA6533 		.ascii	"\004\312e3\243<\027\321\0245\222N\307\245\2304\347\221"
 3806      A33C17D1 
 3806      1435924E 
 3806      C7A59834 
 3806      E791
 3807 015c E75DB2C7 		.ascii	"\347]\262\307\015\264\245m|\001\234{\212V"
 3807      0DB4A56D 
 3807      7C019C7B 
 3807      8A56
 3808              		.text
 3809              		.section	.gnu.lto_default_config.403.1f2b2c89,"e",%progbits
 3810 0000 789CB361 		.ascii	"x\234\263a```d\200\2009\314\214\223\230\2270\003\371"
 3810      60606064 
 3810      808039CC 
 3810      8C939897 
 3810      3003F9
 3811 0013 7056C31A 		.ascii	"pV\303\032&\313\246\216\006\221%\314\214s\201\334\255"
 3811      26CBA68E 
 3811      069125CC 
 3811      8C7381DC 
ARM GAS  C:\Users\angio\AppData\Local\Temp\cciUCl9c.s 			page 87


 3811      AD
 3812 0024 40929171 		.ascii	"@\222\221q\013\220d\002\223\314`\222\005H2\000\000\324"
 3812      0B906402 
 3812      93CC6092 
 3812      05483200 
 3812      00D4
 3813 0036 F10E5E   		.ascii	"\361\016^"
 3814              		.text
 3815              		.section	.gnu.lto_usart_enable_rx_irq.404.1f2b2c89,"e",%progbits
 3816 0000 789C7D52 		.ascii	"x\234}RMh\023Q\020~\263\263\273\371+\022\360P\360\242"
 3816      4D681351 
 3816      107EB3B3 
 3816      BBF92B12 
 3816      F050F0A2 
 3817 0014 42453C34 		.ascii	"BE<4k\332\230\026/\"\261x0*$\351-\020jZh0\260!\333*"
 3817      6BDA9816 
 3817      2F22B178 
 3817      302A24E9 
 3817      2D106A5A 
 3818 002e 5ECC9AB4 		.ascii	"^\314\232\264\012\365\220&jO\332C\210\242'Ojk\203\306"
 3818      0AF59026 
 3818      6A4FDA43 
 3818      88A2274F 
 3818      6A6B83C6 
 3819 0042 A888A052 		.ascii	"\250\210\240R\364\\\360V\002\246\210 (\010q\336n\376"
 3819      F45CF056 
 3819      02A68820 
 3819      280871DE 
 3819      6EFE
 3820 0054 AB5976DF 		.ascii	"\253Yv\337\316\2337\337|\363}\273\213\310\330\035\306"
 3820      CE9B37DF 
 3820      7CF37DBB 
 3820      8BC8D81D 
 3820      C6
 3821 0065 588C1E66 		.ascii	"X\214\036fa\220\317-\011\254^\257\247DA\310\344n\012"
 3821      6190CF2D 
 3821      09AC5EAF 
 3821      A74441C8 
 3821      E46E0A
 3822 0078 B00EC66E 		.ascii	"\260\016\306n!\267\307x#\334nU\210\302bG\305\365F\205"
 3822      21B7C778 
 3822      23DC6E55 
 3822      88C26247 
 3822      C5F54685 
 3823 008c 042BAD0A 		.ascii	"\004+\255\012\031\256\0155\317\201\245\004\024%\031"
 3823      19AE0D35 
 3823      CF81A504 
 3823      142519
 3824 009b 52700B8F 		.ascii	"Rp\013\217\350\272\376\353\376\352\307\267\016\375a"
 3824      E8BAFEEB 
 3824      FEEAC7B7 
 3824      0EFD61
 3825 00aa 198A34C4 		.ascii	"\031\2124\304*2\363\272\213\220\307\"\002\210\215H\200"
 3825      2A32F3BA 
 3825      8B90C722 
 3825      02888D48 
 3825      80
ARM GAS  C:\Users\angio\AppData\Local\Temp\cciUCl9c.s 			page 88


 3826 00bb 0314E115 		.ascii	"\003\024\341\025v\270\254\353\233\2655]\267\261\"\""
 3826      76B8ACEB 
 3826      9BB5355D 
 3826      B7B12222 
 3827 00cb 3C03C2C0 		.ascii	"<\003\302\300S\200'\300x\342jq\2101\271\331\211r\354"
 3827      538027C0 
 3827      78E26A71 
 3827      8831B9D9 
 3827      8972EC
 3828 00de F167A9AC 		.ascii	"\361g\251\254\377\251gu}k\033\266\016\355\005*\023\005"
 3828      FFA96775 
 3828      7D6B1BB6 
 3828      0EED052A 
 3828      1305
 3829 00f0 BE202D92 		.ascii	"\276 -\222\310#\211G2\217,|\261\362\205\367\227\354"
 3829      C8238947 
 3829      328F2C7C 
 3829      B1F285F7 
 3829      97EC
 3830 0102 3C72F068 		.ascii	"<r\360h\200GN\2005\352\231E\256\314\270\366\323v\031"
 3830      80474E80 
 3830      35EA9945 
 3830      AECCB8F6 
 3830      D37619
 3831 0115 85F616D8 		.ascii	"\205\366\026\330\016\244K\277\267+X@h\014\217\300\005"
 3831      0EA44BBF 
 3831      B72B5840 
 3831      680C8FC0 
 3831      05
 3832 0126 3D00D26B 		.ascii	"=\000\322k-\242\\@'<\007v\324\334Z`\003\356\031\323"
 3832      2DA25C40 
 3832      273C0776 
 3832      D4DC5A60 
 3832      03EE19D3 
 3833 013a EE4066E5 		.ascii	"\356@f\345\306O\241\200t\0338\021DV\205\205\352\353"
 3833      C64FA180 
 3833      741B3811 
 3833      44568585 
 3833      EAEB
 3834 014c 7D943313 		.ascii	"}\2243\023\246=\313\210\275\214\353\337\362\304\210"
 3834      A63DCB88 
 3834      BD8CEBDF 
 3834      F2C488
 3835 015b FFE791E0 		.ascii	"\377\347\221\340%\361\200\301S)=\032,`\323[\251k<+u"
 3835      25F180C1 
 3835      53293D1A 
 3835      2C60D35B 
 3835      A96B3C2B 
 3836 0170 8157043B 		.ascii	"\201W\004;XD\033T\010#\030\230t\251:P@\251\037\301\233"
 3836      58441B54 
 3836      08231898 
 3836      74A93A50 
 3836      40A91FC1 
 3837 0185 1641266F 		.ascii	"\026A&o\010\241\012\321\234\233Jt>h\345\373\022t\223"
 3837      08A10AD1 
 3837      9C9B4A74 
 3837      3E68E5FB 
ARM GAS  C:\Users\angio\AppData\Local\Temp\cciUCl9c.s 			page 89


 3837      127493
 3838 0198 496DB277 		.ascii	"Im\262w&\031\341\014\215\342.\2155\356\252\245\237\227"
 3838      2619E10C 
 3838      8DE22E8D 
 3838      35EEAAA5 
 3838      9F97
 3839 01aa EF7BBD24 		.ascii	"\357{\275$\006Kc\204\266\231Vx\001\015#\245]\237\256"
 3839      064B6384 
 3839      B6995678 
 3839      010D23A5 
 3839      5D9FAE
 3840 01bd C68DB4F5 		.ascii	"\306\215\264\365\323\371\241\307H{\267\"[[\321'\252"
 3840      D3F9A1C7 
 3840      487BB722 
 3840      5B5BD127 
 3840      AA
 3841 01ce C40EFB1C 		.ascii	"\304\016\373\034\375\332n\366\332G\000\2739\273\363"
 3841      FDDA6EF6 
 3841      DA4700BB 
 3841      39BBF3
 3842 01dd 9FD639DA 		.ascii	"\237\3269\332D_L\"\302\030\252\344NU? \375u\343\214"
 3842      445F4C22 
 3842      C218AAE4 
 3842      4E553F20 
 3842      FD75E38C 
 3843 01f1 A1378BD0 		.ascii	"\2417\213\320\371\3472\346\365\035\017\373fc\027b\301"
 3843      F9E732E6 
 3843      F51D0FFB 
 3843      66631762 
 3843      C1
 3844 0202 B9F9E998 		.ascii	"\271\371\351\230\032\276\254&/j\211\251\350Ld^\233I"
 3844      1ABEAC26 
 3844      2F6A89A9 
 3844      E84C645E 
 3844      9B49
 3845 0214 8603A1E1 		.ascii	"\206\003\241\341`\350\354\350\310i\317\230'01|n\322"
 3845      60E8ECE8 
 3845      C869CF98 
 3845      2730317C 
 3845      6ED2
 3846 0226 E79F38EF 		.ascii	"\347\2378\357\365\260\023.\227Bw\224#Um\304\355v+\252"
 3846      F5B0132E 
 3846      97427794 
 3846      23556DC4 
 3846      ED762BAA 
 3847 023a A6CC4EC5 		.ascii	"\246\314N\305\225\204\232\234\323\024\003\244\370\375"
 3847      95849A9C 
 3847      D31403A4 
 3847      F8FD
 3848 0248 A794C9E0 		.ascii	"\247\224\311\340\311@\350\322(?\213h15\022\217O\273"
 3848      C940E8D2 
 3848      283F8B68 
 3848      3135128F 
 3848      4FBB
 3849 025a A24CA430 		.ascii	"\242L\24401\330\225s\035\033\367\214\215x\306\275\354"
 3849      31D89573 
 3849      1D1BF78C 
ARM GAS  C:\Users\angio\AppData\Local\Temp\cciUCl9c.s 			page 90


 3849      8D78C6BD 
 3849      EC
 3850 026b 2FCF7F6D 		.ascii	"/\317\177m\266"
 3850      B6
 3851              		.text
 3852              		.section	.gnu.lto_usart_enable_rx_errors_irq.405.1f2b2c89,"e",%progbits
 3853 0000 789C7D53 		.ascii	"x\234}SMH\024a\030\376\336y\277\331_\377\1773\210\012"
 3853      4D481461 
 3853      18FEDE79 
 3853      BFD95FFF 
 3853      7F33880A 
 3854 0014 84E8E04E 		.ascii	"\204\350\340N\352\246\322%\302\244CV\340\317M\020S\301"
 3854      EAA6D225 
 3854      C2A44356 
 3854      E0CF4D10 
 3854      53C1
 3855 0026 25616557 		.ascii	"%aeW\213.9\251$\350A\335\312Sy\030\266\250K\235*-\213"
 3855      8B2E39A9 
 3855      24E841DD 
 3855      CA537918 
 3855      B6A84B9D 
 3856 003d C5908810 		.ascii	"\305\220\210\020B\252CD\326\241\203\027\211\310\250"
 3856      42AA4344 
 3856      D6A18317 
 3856      89C8A8
 3857 004c 58D8DE77 		.ascii	"X\330\336wf\335?l\206\335g\336\357\371\336\237\357y"
 3857      66DD3F6C 
 3857      86DD67DE 
 3857      EFF9DE9F 
 3857      EF79
 3858 005e 66664D0A 		.ascii	"ffM\012qS\010\321B\177\241\012\210\314M)\"\221H\214"
 3858      715308D1 
 3858      427FA10A 
 3858      88CC4D29 
 3858      2291488C 
 3859 0072 4A45199F 		.ascii	"JE\031\237\233V`\011\314\325\304\\\201yG\270\221\312"
 3859      9B566009 
 3859      CCD5C45C 
 3859      817947B8 
 3859      91CA
 3860 0084 9070B57A 		.ascii	"\220p\265zg\037\304\250\202\022F\341:\036\326u\375\367"
 3860      671FC4A8 
 3860      821246E1 
 3860      3A1ED675 
 3860      FDF7
 3861 0096 9D858D55 		.ascii	"\235\205\215U\257~/\006Q\024b\001\205u\335B\210`\024"
 3861      AF7E2F06 
 3861      51146201 
 3861      8575DD42 
 3861      886014
 3862 00a9 01643252 		.ascii	"\001d2R\340\000ExY\034\212\351\372\333\370\242\256\273"
 3862      E0004578 
 3862      591C8AE9 
 3862      FADBF8A2 
 3862      AEBB
 3863 00bb 4514119E 		.ascii	"E\024\021\236\000\325\300c\200G \230\2702]-\204c\247"
 3863      00D5C063 
ARM GAS  C:\Users\angio\AppData\Local\Temp\cciUCl9c.s 			page 91


 3863      80472098 
 3863      B8325D2D 
 3863      8463A7
 3864 00ce 1371E2E1 		.ascii	"\023q\342\341\272\032\323\343\211\031]\177\277\347\301"
 3864      BA1AD3E3 
 3864      89195D7F 
 3864      BFE7C1
 3865 00dd 86DC0794 		.ascii	"\206\334\007\224&\025\002\025\031$\203\312\340`p\362"
 3865      26150215 
 3865      192483CA 
 3865      E06070F2 
 3866 00ed AE8B23EE 		.ascii	"\256\213#\356/=\034y\031\362\030\362\031\012\030\012"
 3866      2F3D1C79 
 3866      19F218F2 
 3866      190A180A 
 3867 00fd 79B788A3 		.ascii	"y\267\210\243b\206\022\206R\346\3128*\347\250\202\243"
 3867      62861286 
 3867      52E6CA38 
 3867      2AE7A882 
 3867      A3
 3868 010e 2A80453A 		.ascii	"*\200E:\305\014\262\023\346\265\237\226\263\250\244"
 3868      C50CB213 
 3868      E6B59F96 
 3868      B3A8A4
 3869 011d 9720B660 		.ascii	"\227 \266`l\371\317\317\220\201\220T\213\300\016\334"
 3869      6CF9CFCF 
 3869      90819054 
 3869      8BC00EDC 
 3870 012d 0532C815 		.ascii	"\0052\310\025E\207\201U\360\024\304\021k)\341\031\334"
 3870      45878155 
 3870      F014C411 
 3870      6B29E119 
 3870      DC
 3871 013e 36E56DC1 		.ascii	"6\345m\301\312\362\375\012\003\225d\231\314*sR?xNe\007"
 3871      CAF2FD0A 
 3871      03956499 
 3871      CC2A7352 
 3871      3F784E65 
 3872 0153 A3E88217 		.ascii	"\243\350\202\027T\003f\315\330\362f\245\201\370\377"
 3872      540366CD 
 3872      D8F266A5 
 3872      81F8FF
 3873 0162 016E8851 		.ascii	"\001n\210Q\262b&\217\307\257\201\201\222\362y\200\007"
 3873      B262268F 
 3873      C7AF8181 
 3873      92F27980 
 3873      07
 3874 0173 54E6FE32 		.ascii	"T\346\3762\247\022\315\234\027\\\314\315O\022G\215T"
 3874      A712CD9C 
 3874      175CCCCD 
 3874      4F12478D 
 3874      54
 3875 0184 E654D015 		.ascii	"\346T\320\025k\022\032\350\264\223\262\232\2222\036"
 3875      6B121AE8 
 3875      B493B29A 
 3875      92321E
 3876 0193 99FCA618 		.ascii	"\231\374\246\030\350\"9\324\210\265}\237\202l9\316\264"
ARM GAS  C:\Users\angio\AppData\Local\Temp\cciUCl9c.s 			page 92


 3876      E82239D4 
 3876      88B57D9F 
 3876      826C39CE 
 3876      B4
 3877 01a4 9C57961C 		.ascii	"\234W\226\034\3127\347,m\223{n\273A\257s<\363d\267v"
 3877      CA37E72C 
 3877      6D937B6E 
 3877      BB41AF73 
 3877      3CF364B7 
 3878 01b9 A75BBFA1 		.ascii	"\247[\277\241L\314p\312k\347\324Z\216Sy\224o9\345I9"
 3878      4CCC70CA 
 3878      6BE7D45A 
 3878      8E537994 
 3878      6F39E549 
 3879 01ce 954FB4E5 		.ascii	"\225O\264\345\224#\345T\001\321\226S1\221r\252\320N"
 3879      9423E554 
 3879      01D19653 
 3879      319172AA 
 3879      D04E
 3880 01e0 C07AAE53 		.ascii	"\300z\256SE$\202\032\355\352TaZ\316;K\016\345[\357\331"
 3880      4524821A 
 3880      EDEA5461 
 3880      5ACE3B4B 
 3880      0EE55BEF 
 3881 01f5 AF159A54 		.ascii	"\257\025\232Tl\247\351CZ\323\374\3446M*\241\202\344"
 3881      6CA7E943 
 3881      5AD3FCE4 
 3881      364D2AA1 
 3881      82E4
 3882 0207 61516CC2 		.ascii	"aQl\302\304\346\313\275DZ\214\365\275\316\"\346\276"
 3882      C4E6CBBD 
 3882      445A8CF5 
 3882      BDCE22E6 
 3882      BE
 3883 0218 D04BF108 		.ascii	"\320K\361\010\015*\265\223\3641\363\231\220\323e\331"
 3883      0D2AB593 
 3883      F431F399 
 3883      90D365D9 
 3884 0228 224AD322 		.ascii	"\"J\323\">Q\246\334y&\344q\271]\333\317\231N\361\371"
 3884      3E51A6DC 
 3884      7926E471 
 3884      B95DDBCF 
 3884      994EF1F9 
 3885 023c E9719759 		.ascii	"\351q\227Y\247\205]\335*O\017\372j\015\242\032S\225"
 3885      A7855DDD 
 3885      2A4F0FFA 
 3885      6A0DA21A 
 3885      5395
 3886 024e CC54F503 		.ascii	"\314T\365\003\306\276l\2376\365\316 d~\317B44\037\353"
 3886      C6BE6C9F 
 3886      36F5CE20 
 3886      647ECF42 
 3886      34341FEB 
 3887 0262 6A1E089C 		.ascii	"j\036\010\234\017\264\017\217\364\005\202]\227\202\241"
 3887      0FB40F8F 
 3887      F405825D 
 3887      9782A1
ARM GAS  C:\Users\angio\AppData\Local\Temp\cciUCl9c.s 			page 93


 3888 0271 0BE1A19E 		.ascii	"\013\341\241\236\336\376\356\221p\177\250\253\255\243"
 3888      DEFEEE91 
 3888      707FA8AB 
 3888      ADA3
 3889 027f A6BDE34C 		.ascii	"\246\275\343L}\335)\177\243\277\255\245\346lgsk\313"
 3889      7DDD297F 
 3889      A3BFADA5 
 3889      E66C6773 
 3889      6BCB
 3890 0291 B906BF38 		.ascii	"\271\006\2778\356\363i\364\353\345\312`\270\256\266"
 3890      EEF369F4 
 3890      EBE5CA60 
 3890      B8AEB6
 3891 02a0 B6560B86 		.ascii	"\266V\013\206\265\201\236Am(\030\032\016kf\221\326\332"
 3891      B5819E41 
 3891      6D28181A 
 3891      0E6B6691 
 3891      D6DA
 3892 02b2 7A52EB6C 		.ascii	"zR\353l?\321\326q\261\236\367\272\303\201`\367\340`"
 3892      3FD1D671 
 3892      B19EF7BA 
 3892      C38160F7 
 3892      E060
 3893 02c4 9FAF5748 		.ascii	"\237\257WH\012\207*\2638\337\321&\177c\235\277\251A"
 3893      0A872AB3 
 3893      38DFD126 
 3893      7F639DBF 
 3893      A941
 3894 02d6 FC03591A 		.ascii	"\374\003Y\032\253}"
 3894      AB7D
 3895              		.text
 3896              		.section	.gnu.lto_usart_enable_tx_irq.406.1f2b2c89,"e",%progbits
 3897 0000 789C7D50 		.ascii	"x\234}PAh\023A\024\375\177\376lL\250x-xQQ(\"\315\232"
 3897      41681341 
 3897      14FD7FFE 
 3897      6C4CA878 
 3897      2D785151 
 3898 0018 34A6C58B 		.ascii	"4\246\305\213H\014^b\205$\275\005BM\013\015\0066d[\305"
 3898      480C5E62 
 3898      8524BD05 
 3898      424D0B0D 
 3898      0636645B 
 3899 002d 8B199382 		.ascii	"\213\031\223\202X\017iR\365\244=\204(z\362\244\266\032"
 3899      580F6952 
 3899      F5A43D84 
 3899      287AF2A4 
 3899      B61A
 3900 003f 3046C5AB 		.ascii	"0F\305\253x\027\274I\016\026)\010\026\012\353\337\331"
 3900      7817BC49 
 3900      0E162908 
 3900      160AEBDF 
 3900      D9
 3901 0050 A66D041D 		.ascii	"\246m\004\035fg\337\377\363\337\274\367\377)\001p\037"
 3901      6667DFFF 
 3901      F3DFBCF7 
 3901      FF290170 
 3901      1F
ARM GAS  C:\Users\angio\AppData\Local\Temp\cciUCl9c.s 			page 94


 3902 0061 00E2FC81 		.ascii	"\000\342\374\201\001\330\250/\011p\034\247,\205\250"
 3902      01D8A82F 
 3902      09701CA7 
 3902      2C85A8
 3903 0070 D6EF0A5C 		.ascii	"\326\357\012\\G\035-\326\017\351?\341\275\335\012\211"
 3903      471D2DD6 
 3903      0FE93FE1 
 3903      BDDD0A89 
 3904 0080 B74EF4EF 		.ascii	"\267N\364\357\021\312\202$\226q\205N*\245~?^\335\376"
 3904      11CA8224 
 3904      9671854E 
 3904      2AA57E3F 
 3904      5EDDFE
 3905 0093 38A49E76 		.ascii	"8\244\236v\260E\000\253\004\336zH\330\240\026!\312\035"
 3905      B04500AB 
 3905      04DE7A48 
 3905      D8A01621 
 3905      CA1D
 3906 00a5 24F02823 		.ascii	"$\360(#\272\001#\035\245>\377XS*\000-\"|\205\314\301"
 3906      BA01231D 
 3906      A53EFF58 
 3906      532A002D 
 3906      227C85CC 
 3907 00ba 97882F10 		.ascii	"\227\210/\020\334\304\315\315\343\000\276\376K\234\203"
 3907      DCC4CDCD 
 3907      E300BEFE 
 3907      4B9C83
 3908 00c9 E75F8C8E 		.ascii	"\347_\214\216\332vjJ}\375\216wF\206\220\313\244p\017"
 3908      DA766A4A 
 3908      7DFD8E77 
 3908      468690CB 
 3908      A4700F
 3909 00dc E2C3902E 		.ascii	"\342\303\220.2\\\344sQ\000q\215Y5r\235\353u\204\303"
 3909      325CE473 
 3909      5100718D 
 3909      5935729D 
 3909      EB7584C3 
 3910 00f0 65127B21 		.ascii	"e\022{!\302\006V\332\353N\227\232\204;\366\010]\313"
 3910      C20656DA 
 3910      EB4E979A 
 3910      843BF608 
 3910      5DCB
 3911 0102 4F903BF2 		.ascii	"O\220;\362\267\310\327\244\000\276F8\355\205\007\360"
 3911      B7C8D7A4 
 3911      00BE4638 
 3911      ED8507F0 
 3912 0112 0D3ED27E 		.ascii	"\015>\322~6\260\372\340\366/\321$\336\232'\321\017="
 3912      36B0FAE0 
 3912      F62FD124 
 3912      DE9A27D1 
 3912      0F3D
 3913 0124 5CECBD3F 		.ascii	"\\\354\275?\3149/\341\015`\231\350o\305-\247\301\212"
 3913      CC392FE1 
 3913      0D6099E8 
 3913      6FC52DA7 
 3913      C18A
 3914 0136 F46F1D03 		.ascii	"\364o\035\003\337\262\016j\235n\373\331p\223\372\323"
ARM GAS  C:\Users\angio\AppData\Local\Temp\cciUCl9c.s 			page 95


 3914      DFB20E6A 
 3914      9D6EFBD9 
 3914      7093FAD3 
 3915 0146 3306ECF9 		.ascii	"3\006\354\371\371\025|\307\264c-\346w\231#4\247\322"
 3915      F9157CC7 
 3915      B4632DE6 
 3915      77992334 
 3915      A7D2
 3916 0158 EE1D6C92 		.ascii	"\356\035l\222\361?\201\017\273\002\325\206n\204+\244"
 3916      F13F810F 
 3916      BB02D586 
 3916      6E842BA4 
 3917 0168 E79B4BA4 		.ascii	"\347\233K\244+\374s\011\007\265\214=\255O\236\026\323"
 3917      2BFC7309 
 3917      07B58C3D 
 3917      AD4F9E16 
 3917      D3
 3918 0179 748B727F 		.ascii	"t\213r\177\213\233X\371\2662\251\233\257\021\356\237"
 3918      8B9B58F9 
 3918      B632A99B 
 3918      AF11EE9F 
 3919 0189 3E403476 		.ascii	">@4v6\023\233\313_\311\247\346\027f\362V\346\272U\272"
 3919      36139BCB 
 3919      5FC9A7E6 
 3919      1766F256 
 3919      E6BA55BA 
 3920 019d 6A17A773 		.ascii	"j\027\247s\263\331\005{\266\224I\246GS\351Kc\341\213"
 3920      B3D9057B 
 3920      B69449A6 
 3920      4753E94B 
 3920      63E18B
 3921 01b0 91F14832 		.ascii	"\221\361H2>:9\025K\304/G#p.\0304y\347\\\246e\207C\241"
 3921      3E3A3915 
 3921      4BC42F47 
 3921      23702E18 
 3921      3479E75C 
 3922 01c9 9069D9E6 		.ascii	"\220i\331\346\334t\301,Z\245y\333\324$3\221\270`N\245"
 3922      DC74C12C 
 3922      5AA579DB 
 3922      D4243391 
 3922      B8604EA5 
 3923 01dd CE27D3D7 		.ascii	"\316'\323\327\306\334\273\254\235\267\262\205\302L0"
 3923      C6DCBBAC 
 3923      9DB7B285 
 3923      C24C30
 3924 01ec 07926171 		.ascii	"\007\222aqx \027<3\021\031\017G&\242\360\007\026u\366"
 3924      7820173C 
 3924      3311190F 
 3924      4726A2F0 
 3924      071675F6 
 3925 0200 9E       		.ascii	"\236"
 3926              		.text
 3927              		.section	.gnu.lto_usart_enable_tx_end_irq.407.1f2b2c89,"e",%progbits
 3928 0000 789C7D50 		.ascii	"x\234}PAh\023Q\020\235\371\263\033\033*\342\255\340"
 3928      41681351 
 3928      109DF9B3 
 3928      1B1B2AE2 
ARM GAS  C:\Users\angio\AppData\Local\Temp\cciUCl9c.s 			page 96


 3928      ADE0
 3929 0012 4545A1F4 		.ascii	"EE\241\364\320\254I\327\264x\021\211\301K\254\220\244"
 3929      D0AC49D7 
 3929      B4781189 
 3929      C14BAC90 
 3929      A4
 3930 0023 B740A869 		.ascii	"\267@\250i\241\301\300\206l\253\364b\276IAh\017iR\025"
 3930      A1C1C086 
 3930      6CABF462 
 3930      BE494168 
 3930      0F695215 
 3931 0037 0FDAC312 		.ascii	"\017\332\303\022EO\342Am5`l\305\\\305\2337o\222K\021"
 3931      454FE241 
 3931      6D35606C 
 3931      C55CC59B 
 3931      376F924B 
 3932 004c 41B05089 		.ascii	"A\260P\211\263\177\233\266)\350\347\357\3377\363\347"
 3932      B37F9BB6 
 3932      29E8E7EF 
 3932      DF37F3E7 
 3933 005c FDF76686 		.ascii	"\375\367f\206\004\300}\000\210\362\007:`\255\272(\240"
 3933      04C07D00 
 3933      88F2073A 
 3933      60ADBA28 
 3933      A0
 3934 006d D3E91435 		.ascii	"\323\351\0245!\312\325%\201\353\250\242\205\3521\365"
 3934      21CAD525 
 3934      81EBA8A2 
 3934      85EA31F5 
 3935 007d 27BCB757 		.ascii	"'\274\267W\241\341\235\263\335{\204\242 \015\213\270"
 3935      A1E19DB3 
 3935      DD7B84A2 
 3935      200D8BB8 
 3936 008d 424352CA 		.ascii	"BCR\312\337OV\227Z\375\362Y\023\353\004\260J\340\255"
 3936      DF4F5697 
 3936      5AFDF259 
 3936      13EB04B0 
 3936      4AE0AD
 3937 00a0 478435AA 		.ascii	"G\2045\252\023\242\266\213\004\236bD\3630\330\224\362"
 3937      13A2B68B 
 3937      049E6244 
 3937      F330D894 
 3937      F2
 3938 00b1 F3F69A94 		.ascii	"\363\366\232\224~\250\023\341\033d\016\276F|\205\340"
 3938      7EA813E1 
 3938      1B640EBE 
 3938      467C85E0 
 3939 00c1 266E7F3D 		.ascii	"&n\177=\003\340\353\276\3049x\361Eo\312\235NE\312?\337"
 3939      03E0EBBE 
 3939      C43978F1 
 3939      456FCA9D 
 3939      4E45CA3F 
 3940 00d6 F1E1603F 		.ascii	"\361\341`?r\231&\334\203\370\3205\027\351.\362\271\310"
 3940      729926DC 
 3940      83F8D035 
 3940      17E92EF2 
 3940      B9C8
ARM GAS  C:\Users\angio\AppData\Local\Temp\cciUCl9c.s 			page 97


 3941 00e8 8FB8C6AC 		.ascii	"\217\270\306\254\012\271\316\325:\311\3412\211\375\020"
 3941      0AB9CED5 
 3941      3AC9E132 
 3941      89FD10
 3942 00f7 610B4B8D 		.ascii	"a\013K\215\355O\233\344\020\356\332#t-?E\356\250\257"
 3942      ED4F9BE4 
 3942      10EEDA23 
 3942      742D3F45 
 3942      EEA8AF
 3943 010a 4E3E87FC 		.ascii	"N>\207\374\370\026\341\234\027\036\301w\370X\371\331"
 3943      F816E19C 
 3943      171EC177 
 3943      F858F9D9 
 3944 011a C2F283BB 		.ascii	"\302\362\203\273\277\204C\274\025O\303\343\320\306\205"
 3944      BF8443BC 
 3944      154FC3E3 
 3944      D0C685
 3945 0129 F6E609CE 		.ascii	"\366\346\011\316y\011o\000\313D\207\025\327[+\254H\377"
 3945      79096F00 
 3945      CB448715 
 3945      D75B2BAC 
 3945      48FF
 3946 013b D6D1F13D 		.ascii	"\326\321\361=\353\240\322\331h<\037p\250;=\275\307^"
 3946      EBA0D2D9 
 3946      683C1F70 
 3946      A83B3DBD 
 3946      C75E
 3947 014d 1FBF821F 		.ascii	"\037\277\202\037\230v\272\316\374\015\346\010\305)5"
 3947      9876BACE 
 3947      FC0DE608 
 3947      C52935
 3948 015c DA471DD2 		.ascii	"\332G\035\322\377'\360qO\240\\S\215p\205\346\371n*\331"
 3948      FF27F071 
 3948      4FA05C53 
 3948      8D7085E6 
 3948      F96E2AD9 
 3949 0170 1F8BD8AB 		.ascii	"\037\213\330\253\244\357+\265<%&\251\006\265\203\015"
 3949      A4EF2BB5 
 3949      3C2526A9 
 3949      06B5830D 
 3950 0180 FEC4D2B7 		.ascii	"\376\304\322\267\227\343\252\365\012\341\301\331\003"
 3950      97E3AAF5 
 3950      0AE1C1D9 
 3950      03
 3951 018d 84231752 		.ascii	"\204#\027R\221\231\354\365lbvn*k\245nY\205\033v~23\235"
 3951      9199ECF5 
 3951      6C62766E 
 3951      2A6BA56E 
 3951      59851B76 
 3952 01a5 9EB3A70B 		.ascii	"\236\263\247\013\251xr8\221\274:\022\272b\216\232\361"
 3952      A9787238 
 3952      91BC3A12 
 3952      BA628E9A 
 3952      F1
 3953 01b6 E8F0F844 		.ascii	"\350\360\370D$\026\275\0266\341b `\360\316\270L\313"
 3953      2416BD16 
 3953      36E16220 
ARM GAS  C:\Users\angio\AppData\Local\Temp\cciUCl9c.s 			page 98


 3953      60F0CEB8 
 3953      4CCB
 3954 01c8 0E058341 		.ascii	"\016\005\203A\303\262\215\231\311\234\221\267\012\263"
 3954      C3B28D99 
 3954      C99C91B7 
 3954      0AB3
 3955 01d6 B6A14846 		.ascii	"\266\241HF,v\331\230H\\\212'o\216\270wi;k\245s\271\251"
 3955      2C76D998 
 3955      485C8A27 
 3955      6F8EB877 
 3955      693B6BA5 
 3956 01ed 40063486 		.ascii	"@\0064\206\371\201\236\\\340\374\2309\0322\307\302\360"
 3956      F9819E5C 
 3956      E0FC9839 
 3956      1A32C7C2 
 3956      F0
 3957 01fe 17A66CF5 		.ascii	"\027\246l\365B"
 3957      42
 3958              		.text
 3959              		.section	.gnu.lto_usart_init.408.1f2b2c89,"e",%progbits
 3960 0000 789C8D55 		.ascii	"x\234\215UkL\333U\024\277\347\177\333\362(\264{\361"
 3960      6B4CDB55 
 3960      14BFE77F 
 3960      DBF228B4 
 3960      7BF1
 3961 0012 DC18C863 		.ascii	"\334\030\310c\300\200\026\030\262e_\214\301\305/\350"
 3961      C0801618 
 3961      B2655F8C 
 3961      C1C52FE8 
 3962 0022 12607E22 		.ascii	"\022`~\"!\243\220\214\214\244\244\035\032\3750\3760"
 3962      21A3908C 
 3962      8CA4A41D 
 3962      1AFD30FE 
 3962      30
 3963 0033 04C3928D 		.ascii	"\004\303\222\215G\302'@\375\213\263\314\017.YT\320\316"
 3963      47C22740 
 3963      FD8BB3CC 
 3963      0F2E5954 
 3963      D0CE
 3964 0045 E1C84234 		.ascii	"\341\310B4\303\2402g\314\234&\2068\026e\370\342!\217"
 3964      C3A03267 
 3964      CC9C2686 
 3964      381665F8 
 3964      E2218F
 3965 0058 7ACEBD2D 		.ascii	"z\316\275-\364_\244\332\300\351\271\367\376~\347\374"
 3965      F45FA4DA 
 3965      C0E9B9F7 
 3965      FE7EE7FC 
 3966 0068 CEB98F0E 		.ascii	"\316\271\217\016E1\366\016c\314\201\377,\202AoO\227"
 3966      4531F60E 
 3966      63CC81FF 
 3966      2C82416F 
 3966      4F97
 3967 007a C27C3E5F 		.ascii	"\302|>_\213AQ.\364\\T\340S\020\243\366\036\213\370\346"
 3967      8B41512E 
 3967      F45C54E0 
 3967      5310A3F6 
ARM GAS  C:\Users\angio\AppData\Local\Temp\cciUCl9c.s 			page 99


 3967      1E8BF8E6 
 3968 008e D0DF132D 		.ascii	"\320\337\023-<\203\362j\217Yx\035\3765#\256\005\330"
 3968      3C83F26A 
 3968      8F59781D 
 3968      FE3523AE 
 3968      05D8
 3969 00a0 2668CD0C 		.ascii	"&h\315\014p\201\265(\334`4A\013\364\361\\UU\227\337"
 3969      7081B528 
 3969      DC603441 
 3969      0BF4F15C 
 3969      555597DF 
 3970 00b4 1EF24C9A 		.ascii	"\036\362L\232U\3178\014s\306\2068\223\237\001\016\275"
 3970      55CF380C 
 3970      73C68638 
 3970      939F010E 
 3970      BD
 3971 00c5 7C980318 		.ascii	"|\230\003\030\374\236\002i\350\361\227Y\366\270\252"
 3971      FC9E0269 
 3971      E8F19759 
 3971      F6B8AA
 3972 00d4 4EDF1F55 		.ascii	"N\337\037U\325(6\3149|\010\310\201\017\000\336\007F"
 3972      D52836CC 
 3972      397C08C8 
 3972      810F00DE 
 3972      0746
 3973 00e6 13E7BF4E 		.ascii	"\023\347\277N\027l\336\017\364\225\205\350\205\253\235"
 3973      176CDE0F 
 3973      F49585E8 
 3973      85AB9D
 3974 00f5 972CDDAD 		.ascii	"\227,\335\255\221\303\334\000c\301p\306\316\267f\020"
 3974      91C3DC00 
 3974      63C170C6 
 3974      CEB76610 
 3975 0105 7660133B 		.ascii	"v`\023;\375.EN#\350\307!\320\277\322\011\372\306\026"
 3975      FD2E454E 
 3975      23E8C721 
 3975      D0BFD209 
 3975      FAC616
 3976 0118 7460137A 		.ascii	"t`\023z#\004:'\240W\266\024\214LvI\005F\270\031\202"
 3976      23043A27 
 3976      A057B614 
 3976      8C4C7649 
 3976      0546B819 
 3977 012d FD21DDC4 		.ascii	"\375!\335\304`\034\340\023\000/\300G\340\357\001.\232"
 3977      601CE013 
 3977      002FC047 
 3977      E0EF012E 
 3977      9A
 3978 013e 82A73D9C 		.ascii	"\202\247=\234y8\274\367\225q\\]\363]V\325\311\343\217"
 3978      7938BCF7 
 3978      95715C5D 
 3978      F35D56D5 
 3978      C9E38F
 3979 0151 BCBEA862 		.ascii	"\274\276\250b\300\232M\012\232\210h2f4\2211dbi\301B"
 3979      C09A4D0A 
 3979      9A886832 
 3979      66349131 
ARM GAS  C:\Users\angio\AppData\Local\Temp\cciUCl9c.s 			page 100


 3979      646269C1 
 3980 0166 73561AEE 		.ascii	"sV\032\356\"\263\233a\254=d\366\222\331Gy\343\030\006"
 3980      22B39B61 
 3980      AC3D64F6 
 3980      92D94779 
 3980      E31806
 3981 0179 8F679827 		.ascii	"\217g\230'\201\300\211DK\"/\231\274\375\344\035 \223"
 3981      81C08944 
 3981      4B222F99 
 3981      BCFDE41D 
 3981      2093
 3982 018b 42E62099 		.ascii	"B\346 \231T2i\024 \035`\0242\010\227IsY\344\035\"/\233"
 3982      54326914 
 3982      201D6014 
 3982      32089749 
 3982      7359E41D 
 3983 01a2 4C0E995C 		.ascii	"L\016\231\\\232;L^\036\231|\032\026\220g#c'SH\246\210"
 3983      9A3B4C5E 
 3983      1E997C1A 
 3983      16906723 
 3983      63275348 
 3984 01b8 0C639739 		.ascii	"\014c\2279\035\031\361I\305\016tsek\010l\036\332\274"
 3984      1D19F149 
 3984      C50E7473 
 3984      656B086C 
 3984      1EDABC
 3985 01cb 2B336F19 		.ascii	"+3o\0315\276\317\177*\270h\361\025\300\203\344I\031"
 3985      35BECF7F 
 3985      2AB868F1 
 3985      15C083E4 
 3985      4919
 3986 01dd E6511A4F 		.ascii	"\346Q\032O\207[\300\012q,\232=\001\203\242\233\304\034"
 3986      875BC00A 
 3986      712C9A3D 
 3986      0183A29B 
 3986      C41C
 3987 01ef BBD7C735 		.ascii	"\273\327\3075\036\027\300?\264n\303\033\3406\342\301"
 3987      1E17C03F 
 3987      B46EC31B 
 3987      E036E2C1 
 3988 01ff 8F5FB9D7 		.ascii	"\217_\271\327\027\241q\010\340#\267\301M0\211p\305\017"
 3988      17A17108 
 3988      E023B7C1 
 3988      4D308970 
 3988      C50F
 3989 0211 9FCBD4B8 		.ascii	"\237\313\324\270\342\227e\332\222\205\270h\214\002\237"
 3989      E29765DA 
 3989      9285B868 
 3989      8C029F
 3990 0220 21AD5D0C 		.ascii	"!\255]\014\315\3609\322\270\244M\317\305h<\336O\213"
 3990      CDF039D2 
 3990      B8A44DCF 
 3990      C5683CDE 
 3990      4F8B
 3991 0232 11B47630 		.ascii	"\021\264v0\241\213\373-c\030\206y,L\001\334\001V\214"
 3991      A18BFB2D 
 3991      63188679 
ARM GAS  C:\Users\angio\AppData\Local\Temp\cciUCl9c.s 			page 101


 3991      2C4C01DC 
 3991      01568C
 3992 0245 013CF114 		.ascii	"\001<\361\024\341\013\320Db6\007\355\017'\036\017\232"
 3992      E10BD044 
 3992      623607ED 
 3992      0F271E0F 
 3992      9A
 3993 0256 5099A02A 		.ascii	"P\231\240*\330\023\017.\011*\3664\012\246\201$\267C"
 3993      D8130F2E 
 3993      092AF634 
 3993      0AA68124 
 3993      B743
 3994 0268 9B2C99C3 		.ascii	"\233,\231\303\227 \257X7\347\372\346^\030\355\230\364"
 3994      9720AF58 
 3994      37E7FAE6 
 3994      5E18ED98 
 3994      F4
 3995 0279 5EC3C828 		.ascii	"^\303\310(8\016U\221\276\265\316uE\343f\234#\300\265"
 3995      380E5591 
 3995      BEB5CE75 
 3995      45E3669C 
 3995      23C0B5
 3996 028c 8E29CC84 		.ascii	"\216)\314\204\212\315$7\022TE\224>r\007I\261\341\032"
 3996      8ACD2437 
 3996      12544594 
 3996      3E720749 
 3996      B1E11A
 3997 029f 3513D4A8 		.ascii	"5\023\324\250\221\031D[\364\375\211\325\365\347\033"
 3997      9119445B 
 3997      F4FD89D5 
 3997      F5E71B
 3998 02ae 441B247A 		.ascii	"D\033$z\255\023\301V\304K}w\0235\276K(\260\312\325)"
 3998      AD13C156 
 3998      C44B7D77 
 3998      1335BE4B 
 3998      28B0CAD5 
 3999 02c3 5CDE8B73 		.ascii	"\\\336\213s\242\036\303\266z|\336W4\236\260U\216w\304"
 3999      A21EC3B6 
 3999      7A7CDE57 
 3999      349EB055 
 3999      8E77C4
 4000 02d6 A6F1C470 		.ascii	"\246\361\304pJ\277\015VZ\252\361$\275\320D\235\320\357"
 4000      4ABF0D56 
 4000      5AAAF124 
 4000      BDD0449D 
 4000      D0EF
 4001 02e8 3685622E 		.ascii	"6\205b.\222\262[dK\222\347m\376'<o\311\341\222\335\017"
 4001      92B25B64 
 4001      4B92E76D 
 4001      FE273C6F 
 4001      C9E192DD 
 4002 02fd 4E86C4FD 		.ascii	"N\206\304\375\372d\311\272d\017\020l\224\311\372;g1"
 4002      FA64C9BA 
 4002      640F106C 
 4002      94C9FA3B 
 4002      6731
 4003 030f F40124D0 		.ascii	"\364\001$\320>D C\241\22307Q\213\263r*\260\307\306\220"
ARM GAS  C:\Users\angio\AppData\Local\Temp\cciUCl9c.s 			page 102


 4003      3E442043 
 4003      A1933037 
 4003      518BB372 
 4003      2AB0C7C6 
 4004 0324 9EF4773E 		.ascii	"\236\364w>\276\361\202\306SP\253\004.\343\232Un\356"
 4004      BEF182C6 
 4004      5350AB04 
 4004      2EE39A55 
 4004      6EEE
 4005 0336 5D0C7A10 		.ascii	"]\014z\020\327\344\202\"\341\353\006\215\247n\242#h"
 4005      D7E48222 
 4005      E1EB068D 
 4005      A76EA223 
 4005      68
 4006 0347 B2B7F37B 		.ascii	"\262\267\363{\254u\217\000\247\212,\246\320k:\266H\327"
 4006      AC758F00 
 4006      A78A2CA6 
 4006      D06B3AB6 
 4006      48D7
 4007 0359 34235CF1 		.ascii	"4#\\\361\263\301\305\243\236L}\361\031\272\342\177\336"
 4007      B3C1C5A3 
 4007      9E4C7DF1 
 4007      19BAE27F 
 4007      DE
 4008 036a BC32B716 		.ascii	"\2742\267\026\272f\301\177a\214A\327\037O\276\005\037"
 4008      BA66C17F 
 4008      618C41D7 
 4008      1F4FBE05 
 4008      1F
 4009 037b 069843D6 		.ascii	"\006\230C\326\233\202e\205G\31021\206\261\211\330\277"
 4009      9B826585 
 4009      47C83231 
 4009      86B189D8 
 4009      BF
 4010 038c B238C1C3 		.ascii	"\2628\301\303\342\177A|\004\341\323d\021K\327\261\210"
 4010      E27F417C 
 4010      04E1D364 
 4010      114BD7B1 
 4010      88
 4011 039d AC7045CC 		.ascii	"\254pE\314\007\277\000X\304!}\021Y\272\"\026\202wp\012"
 4011      07BF0058 
 4011      C4217D11 
 4011      59BA2216 
 4011      8277700A 
 4012 03b1 FB9A8D04 		.ascii	"\373\232\215\004\331\327\266\265\215\327A\366\366W|"
 4012      D9D7B6B5 
 4012      8DD741F6 
 4012      F6577C
 4013 03c0 7572702D 		.ascii	"urp-\260\265\252\270e\201\262w\026\377'F\217$\3619\362"
 4013      B0B5AAB8 
 4013      6581B277 
 4013      16FF2746 
 4013      8F24F139 
 4014 03d5 F95AA21D 		.ascii	"\371Z\242\035\310\015'~1d\007\016\353\305\347\352\304"
 4014      C80D277E 
 4014      3164070E 
 4014      EBC5E7EA 
ARM GAS  C:\Users\angio\AppData\Local\Temp\cciUCl9c.s 			page 103


 4014      C4
 4015 03e6 2F23382A 		.ascii	"/#8* \3766\212\317C\202\324x\323\177\204\376[\343*\006"
 4015      20FE368A 
 4015      CF4382D4 
 4015      78D37F84 
 4015      FE5BE32A 
 4016 03fb 89268D79 		.ascii	"\211&\215y\262\301k\2441?\234\306\365\020\215\005z\215"
 4016      B2C16BA4 
 4016      313F9CC6 
 4016      F5108D05 
 4016      7A8D
 4017 040d F93A8D3E 		.ascii	"\371:\215>\004\233\2035\342m/\220\0327\226|\277Y\376"
 4017      049B8335 
 4017      E26D2F90 
 4017      1A37967C 
 4017      BF59FE
 4018 0420 97C63665 		.ascii	"\227\3066e\220\307\220F\033\301\275+\353\177\340\265"
 4018      90C79046 
 4018      1BC1BD2B 
 4018      EB7FE0B5 
 4019 0430 B007A5DD 		.ascii	"\260\007\245\335\306hGF\254\356p\356\034\275\003\261"
 4019      C6684746 
 4019      ACEE70EE 
 4019      1CBD03B1 
 4020 0440 168A6E17 		.ascii	"\026\212n\027\321\3076\256c\364\302\177\213\376\004"
 4020      D1C736AE 
 4020      63F4C27F 
 4020      8BFE04
 4021 044f C15F53C4 		.ascii	"\301_S\304\246\312\223\201\227\256\010\301\262\240X"
 4021      A6CA9381 
 4021      97AE08C1 
 4021      B2A058
 4022 045e 990E76A4 		.ascii	"\231\016v\244^T\374\347\241\210\375\016m?\256\236\244"
 4022      5E54FCE7 
 4022      A188FD0E 
 4022      6D3FAE9E 
 4022      A4
 4023 046f 07E16F48 		.ascii	"\007\341oH\303\007\223_Z\251\303\013l|\260\332\2107"
 4023      C307935F 
 4023      5AA9C30B 
 4023      6C7CB0DA 
 4023      8837
 4024 0481 DBB0B152 		.ascii	"\333\260\261R\207\277\274\020\374\313\313Xi\331\361"
 4024      87BFBC10 
 4024      FCCBCB58 
 4024      69D9F1
 4025 0490 EAB2330D 		.ascii	"\352\2623\015\265\015\225\347\232\353\032\234\325/9"
 4025      B50D95E7 
 4025      9AEB1A9C 
 4025      D52F39
 4026 049f 5D67DD4D 		.ascii	"]g\335M\247\035\3655\315\356zWuEUAe\325sG\212\237-9"
 4026      A71DF535 
 4026      CDEE7A57 
 4026      75455541 
 4026      65D57347 
 4027 04b7 5A5271A2 		.ascii	"ZRq\242\340\371Se\345'N\226\226\260\247l6;\3769\210"
 4027      E0F95365 
ARM GAS  C:\Users\angio\AppData\Local\Temp\cciUCl9c.s 			page 104


 4027      E5274E96 
 4027      96B0A76C 
 4027      363BFE39 
 4028 04cc E9741717 		.ascii	"\351t\027\027\025\025\331\235n\373\231\323\215\366&"
 4028      1515D99D 
 4028      6EFB99D3 
 4028      8DF626
 4029 04db A7EB9CDB 		.ascii	"\247\353\234\333.H\366\362\362g\354\247*\237\256\250"
 4029      2E48F6F2 
 4029      F267ECA7 
 4029      2A9FAEA8 
 4030 04eb 7AF108AD 		.ascii	"z\361\010\255\325\270\033\2345\215\215u6\0073\240\333"
 4030      D5B81B9C 
 4030      358D8D75 
 4030      360733A0 
 4030      DB
 4031 04fc 94A09BB3 		.ascii	"\224\240\233\263=y\254\344hq\311\261Rft4:\035gy\255"
 4031      3D79ACE4 
 4031      6871C9B1 
 4031      52667434 
 4031      3A1D6779 
 4032 0511 CB656C72 		.ascii	"\313elr\325\273\035\320\374\017\222qG\333"
 4032      D5BB1DD0 
 4032      FC0F9271 
 4032      47DB
 4033              		.text
 4034              		.section	.gnu.lto_sio_lld_init.409.1f2b2c89,"e",%progbits
 4035 0000 789C7550 		.ascii	"x\234uP=H\202a\020\276\373\316\277\202\346\306\010Z"
 4035      3D488261 
 4035      10BEFBCE 
 4035      BF82E6C6 
 4035      085A
 4036 0012 22F4CB1F 		.ascii	"\"\364\313\037\014Z\"LZ\254\300\237&AL\005%\341\023"
 4036      0C5A224C 
 4036      5AACC09F 
 4036      26414C05 
 4036      25E113
 4037 0025 3FFBD97C 		.ascii	"?\373\331|\023'\207,\243!P\207\370\012\267\246\250\250"
 4037      1327872C 
 4037      A3215087 
 4037      F80AB7A6 
 4037      A8A8
 4038 0037 C1828686 		.ascii	"\301\202\206\206\226 g\241\271\020'\207\300\336\367"
 4038      962067A1 
 4038      B9102787 
 4038      C0DEF7
 4039 0046 2BA9068F 		.ascii	"+\251\006\217{\341\356\336{\236\347\356\342\010\260"
 4039      7BE1EEDE 
 4039      7B9EE7EE 
 4039      E208B0
 4040 0055 0B0093FC 		.ascii	"\013\000\223\374\001\001V\016K\022\364\373\375\274A"
 4040      0101560E 
 4040      4B12F4FB 
 4040      FDBC41
 4041 0064 C2BD29BC 		.ascii	"\302\275)\274D=F\310K\230\307#\232f\214\365\316\352"
 4041      443D46C8 
 4041      4B98C723 
ARM GAS  C:\Users\angio\AppData\Local\Temp\cciUCl9c.s 			page 105


 4041      9A668CF5 
 4041      CEEA
 4042 0076 D527648D 		.ascii	"\325'd\215&j\004P'\030\230i\220qN\270x16\331g\277\314"
 4042      266A0450 
 4042      27189869 
 4042      90714EB8 
 4042      783136D9 
 4043 008d D8F31BEE 		.ascii	"\330\363\033\356\317\230\0214\342\3652\011v\335&xz@"
 4043      CF981134 
 4043      E2F53209 
 4043      76DD2678 
 4043      7A40
 4044 009f D26F8AD0 		.ascii	"\322o\212\320\301b\373\270\205PDI#\251.\000U\302\012"
 4044      C162FBB8 
 4044      85504449 
 4044      23A92E00 
 4044      55C20A
 4045 00b2 69C4431E 		.ascii	"i\304C\036\351uj\220^>\027\224\006\274F\274\022\210"
 4045      E9756A90 
 4045      5E3E1794 
 4045      06BC46BC 
 4045      1288
 4046 00c4 026316D1 		.ascii	"\002c\026\321w\203|j\215\214\360\201\205n\357\361\325"
 4046      77837C6A 
 4046      8D8CF081 
 4046      856EEFF1 
 4046      D5
 4047 00d5 380477AB 		.ascii	"8\004w\253\343f\371B\2151\215Lx\20751\274\0203!c\005"
 4047      E366F942 
 4047      8D318D4C 
 4047      78873531 
 4047      BC103321 
 4048 00eb 66D0C739 		.ascii	"f\320\3079i\215\237\376\020\230\353$}7X\320\250\321"
 4048      698D9FFE 
 4048      1098EB24 
 4048      7D3758D0 
 4048      A8D1
 4049 00fd 8850E894 		.ascii	"\210P\350\224\336\245!\002\367\377\004F\361\201\013"
 4049      DEA52102 
 4049      F7FF0446 
 4049      F1810B
 4050 010c F085381B 		.ascii	"\360\2058\033t\261\320\256\255\353G+\023\376=\010\200"
 4050      74B1D0AE 
 4050      ADEB472B 
 4050      13FE3D08 
 4050      80
 4051 011d DB331FF6 		.ascii	"\3333\037\366$S\033\251@n+\236R\302;JvS\315Dc\211\310"
 4051      24531BA9 
 4051      406E2B9E 
 4051      52C23B4A 
 4051      7653CD44 
 4052 0134 969AC886 		.ascii	"\226\232\310\206\375Ak \270\342t,\273\346\\~\257u5\344"
 4052      FD416B20 
 4052      B8E2742C 
 4052      BBE65C7E 
 4052      AF7535E4 
 4053 0148 F179D7DC 		.ascii	"\361y\327\334.X\260\331d\3561\201TT\207\335n\227\025"
ARM GAS  C:\Users\angio\AppData\Local\Temp\cciUCl9c.s 			page 106


 4053      2E58B0D9 
 4053      64EE3181 
 4053      545487DD 
 4053      6E9715
 4054 015b 554E46D3 		.ascii	"UNF\323rF\311\346TY\007\311>\337\222\034\012,\372\203"
 4054      7246C9E6 
 4054      545907C9 
 4054      3EDF921C 
 4054      0A2CFA83 
 4055 016f DB4EF117 		.ascii	"\333N\361\027QSJ$\235\216\333b\360\005\365\340\236\230"
 4055      51534A24 
 4055      9D8EDB62 
 4055      F005F5E0 
 4055      9E98
 4056              		.text
 4057              		.section	.gnu.lto_sio_lld_start.410.1f2b2c89,"e",%progbits
 4058 0000 789C7595 		.ascii	"x\234u\225]l\024U\024\307\357\177\356\314\316~u[\212"
 4058      5D6C1455 
 4058      14C7EF7F 
 4058      EECCCE7E 
 4058      755B8A
 4059 0013 B18DC1B4 		.ascii	"\261\215\301\264\305\020\343\003\273\264\254\205\370"
 4059      C510E303 
 4059      BBB4AC85 
 4059      F8
 4060 0020 A2A6125F 		.ascii	"\242\246\022_\252&my1M\032,$46\331\246\0135\276\330"
 4060      AA266D79 
 4060      314D1A2C 
 4060      243436D9 
 4060      A60B35BE 
 4061 0035 DBB21453 		.ascii	"\333\262\024S\203\355\256\004Aj-\233\225\354\213\321"
 4061      83EDAE04 
 4061      416A2D9B 
 4061      95EC8BD1 
 4062 0045 078BA04D 		.ascii	"\007\213\240M\334\224\250M\024J0\032\202H\032b\"\006"
 4062      DC94A84D 
 4062      144A301A 
 4062      82481A62 
 4062      2206
 4063 0057 3F169E78 		.ascii	"?\026\236x0\326s\356\35423\245L\332\333s\317\236\363"
 4063      30D673EE 
 4063      EC3233A5 
 4063      4CDADB73 
 4063      CF9EF3
 4064 006a 3BFF73EE 		.ascii	";\377s\356\235mC@\210\323B\2109\372\025\021\201\\v\322"
 4064      9D6D4340 
 4064      88D34288 
 4064      39FA1511 
 4064      815C76D2 
 4065 007e 10ABABAB 		.ascii	"\020\253\253\253\243\246a\034\312\276c\340<\364.\223"
 4065      A3A6611C 
 4065      CABE63E0 
 4065      3CF42E93 
 4066 008e 8DE9BF12 		.ascii	"\215\351\277\022\307\356G\230\306aO\304\311\351\233"
 4066      C7EE4798 
 4066      C6614FC4 
 4066      C9E99B
ARM GAS  C:\Users\angio\AppData\Local\Temp\cciUCl9c.s 			page 107


 4067 009d 8E611913 		.ascii	"\216a\031\023\331\210\337\025\300\373\331\260\266l\234"
 4067      D988DF15 
 4067      C0FBD9B0 
 4067      B66C9C
 4068 00ac C8E51D67 		.ascii	"\310\345\035g\020'\253f\010\037\344\362w\226/\006\364"
 4068      1027AB66 
 4068      081FE4F2 
 4068      77962F06 
 4068      F4
 4069 00bd 2E8C3153 		.ascii	".\2141S\033\020\243\2064\255\200\035\014\2051\212\367"
 4069      1B10A386 
 4069      34AD801D 
 4069      0C85318A 
 4069      F7
 4070 00ce E48C444E 		.ascii	"\344\214DN\026\244\200Y\261\200\346\247\224R\367>\236"
 4070      16A48059 
 4070      B180E6A7 
 4070      9452F73E 
 4070      9E
 4071 00df 2DDEC64C 		.ascii	"-\336\306L\261d\026\244!f)`\036\370\034\334\023\005"
 4071      B16416A4 
 4071      21662960 
 4071      1EF81CDC 
 4071      1305
 4072 00f1 CA37C593 		.ascii	"\3127\305\223%\245./\235S*$\012R\342\013xb\310\361V"
 4072      25A52E2F 
 4072      9D532A24 
 4072      0A52E20B 
 4072      7862C8F1 
 4073 0106 6EB31034 		.ascii	"n\263\0204\011\362\322C>\346\313\343\020[Jc\252\374"
 4073      09F2D243 
 4073      3EE6CBE3 
 4073      105B4A63 
 4073      AAFC
 4074 0118 D55F77E6 		.ascii	"\325_w\346\260\244\210m\342K\370\350\032?\343\304}\266"
 4074      B0A4886D 
 4074      E24BF8E8 
 4074      1A3FE3C4 
 4074      7DB6
 4075 012a 70F4C864 		.ascii	"p\364\310d]\246\231\303\026\326\204mQ\207Uy\371\342"
 4075      5DA699C3 
 4075      16D6846D 
 4075      51875579 
 4075      F9E2
 4076 013c C4BB8F4C 		.ascii	"\304\273\217L\217\005\037\320(\212R|z\305*\251\177W"
 4076      8F051FD0 
 4076      288A527C 
 4076      7AC52AA9 
 4076      7F57
 4077 014e A794FAEE 		.ascii	"\247\224\372\356\325K3g#\233A\302,\203\226\200\244\305"
 4077      D54B3367 
 4077      239B41C2 
 4077      2C839680 
 4077      A4C5
 4078 0160 3669312D 		.ascii	"6i1-\266\002l\331l\005\331\342\216\3540[\021\266\242"
 4078      B6026CD9 
 4078      6C05D9E2 
ARM GAS  C:\Users\angio\AppData\Local\Temp\cciUCl9c.s 			page 108


 4078      8EEC305B 
 4078      11B6A2
 4079 0173 BCD4F036 		.ascii	"\274\324\3606\306V-[ulm`\253\236\255\215l5\000\347\320"
 4079      C6562D5B 
 4079      756C6D60 
 4079      AB9EAD8D 
 4079      6C3500E7 
 4080 0188 C8DB4DBC 		.ascii	"\310\333M\274m\342\245E\26041%\371|\365\323D\372\246"
 4080      6DE2A545 
 4080      B0343125 
 4080      F97CF5D3 
 4080      44FAA6
 4081 019b A5E16E21 		.ascii	"\245\341n!\376\306\370\302\371\237\347e^\242r\010\022"
 4081      FEC6F8C2 
 4081      F99FE765 
 4081      5EA27208 
 4081      12
 4082 01ac 3C8633A0 		.ascii	"<\2063\240\203\240\336\202y\331\200\257!\2669[\013%"
 4082      83A0DE82 
 4082      79D980AF 
 4082      21B6395B 
 4082      0B25
 4083 01be 7CA8C7FA 		.ascii	"|\250\307\372\0072\267.<\226wr,\247q\202\3135\360c\223"
 4083      0732B72E 
 4083      3C967772 
 4083      2CA77182 
 4083      CB35F063 
 4084 01d3 FF5CEBA9 		.ascii	"\377\\\353\251\362nE\327\001^p\200\024\223A\200\034"
 4084      F26E45D7 
 4084      015E7080 
 4084      14934180 
 4084      1C
 4085 01e4 C5AA003A 		.ascii	"\305\252\000:\241\020\276\001\026!2\230P\252\370(\207"
 4085      A110BE01 
 4085      16213298 
 4085      50AAF828 
 4085      87
 4086 01f5 7F0BA790 		.ascii	"\177\013\247\220\371@\027\327\271\013\343\341\332\303"
 4086      F94017D7 
 4086      B90BE3E1 
 4086      DAC3
 4087 0203 58A252F0 		.ascii	"X\242R\360h7X{\030\250h\267\274H\035s{\376qbhi\006M"
 4087      6837587B 
 4087      18A868B7 
 4087      BC481D73 
 4087      7BFE7162 
 4088 021b A648F3D4 		.ascii	"\246H\363\324|\232l\020\337\203\341\031\214\223\264"
 4088      7C9A6C10 
 4088      DF83E119 
 4088      8C93B4
 4089 022a 5A9EDB0F 		.ascii	"Z\236\333\017\367\247\020X#\356\356\275_G\362Rr9\033"
 4089      F7A71058 
 4089      23EEEEBD 
 4089      5F47F252 
 4089      72391B
 4090 023d 6AEE6D65 		.ascii	"j\356me\222wq!\224\227\325\253o\373\246\036\241`,\223"
 4090      92777121 
ARM GAS  C:\Users\angio\AppData\Local\Temp\cciUCl9c.s 			page 109


 4090      9497D5AB 
 4090      6FFBA61E 
 4090      A1602C93 
 4091 0251 F296828C 		.ascii	"\362\226\202\214\3422\311\246\203\324 \352\311\302%"
 4091      E232C9A6 
 4091      83D420EA 
 4091      C9C225
 4092 0260 861ECA1D 		.ascii	"\206\036\312\035A^\006\010\301\371\246.\264X\236\204"
 4092      415E0608 
 4092      C1F9A62E 
 4092      B4589E84 
 4093 0270 1F63B998 		.ascii	"\037c\271\230\037\035\014\345TI\266C\322B\202\376<\333"
 4093      1F1D0CE5 
 4093      5449B643 
 4093      D24282FE 
 4093      3CDB
 4094 0282 CDFBC95F 		.ascii	"\315\373\311_>T)\177\234\313\207)\321)\377\037u[\273"
 4094      3E54297F 
 4094      9CCB8729 
 4094      D129FF1F 
 4094      755BBB
 4095 0295 AE84908B 		.ascii	"\256\204\220\213\272Z\225\020\256\322\"\036\011\233"
 4095      BA5A9510 
 4095      AED2221E 
 4095      099B
 4096 02a3 FC79119D 		.ascii	"\374y\021\235wZo\243\270\346Qq\342\006\265\035\365d"
 4096      775A6FA3 
 4096      B8E65171 
 4096      E206B51D 
 4096      F564
 4097 02b5 D6F833A3 		.ascii	"\326\3703\243n\305\353\224&]\3611\357\354j)\021W\326"
 4097      6EC5EB94 
 4097      265DF131 
 4097      EFEC6A29 
 4097      1157D6
 4098 02c8 9F5BCC45 		.ascii	"\237[\314E\334p\020\024\257\317\326\366\234-*\330:\217"
 4098      DC701014 
 4098      AFCFD6F6 
 4098      9C2D2AD8 
 4098      3A8F
 4099 02da 960D7E50 		.ascii	"\226\015~P\235\013Z!\220\351j\251\367j\331H\211\017"
 4099      9D0B5A21 
 4099      90E96AA9 
 4099      F76AD948 
 4099      890F
 4100 02ec D352EF22 		.ascii	"\323R\357\"n:\010\212\327Z\202\036-f\005\333\350\321"
 4100      6E3A088A 
 4100      D75A821E 
 4100      2D6605DB 
 4100      E8D1
 4101 02fe D2E40735 		.ascii	"\322\344\0075\372&\372[E\016\203B\336\013[Ff\345\324"
 4101      FA26FA5B 
 4101      450E8342 
 4101      DE0B5B46 
 4101      66E5D4
 4102 0311 2F7CB5E9 		.ascii	"/|\265\351\322\327\314\362+CoAA\306\234\253\374\373"
 4102      D2D7CCF2 
ARM GAS  C:\Users\angio\AppData\Local\Temp\cciUCl9c.s 			page 110


 4102      2B436F41 
 4102      41C69CAB 
 4102      FCFB
 4103 0323 197ACF5A 		.ascii	"\031z\317Z\370\324\215\312\273\030\366\216\344O\214"
 4103      F8D48DCA 
 4103      BB18F68E 
 4103      E44F8C
 4104 0332 3D279EA0 		.ascii	"='\236\240\232\345\253\237\250f\024hl\316\0271?w1\276"
 4104      9AE5AB9F 
 4104      A8661468 
 4104      6CCE1731 
 4104      3F7731BE 
 4105 0346 F2D1A9A3 		.ascii	"\362\321\251\243\240\1773\304`\317\224\204\367\353I"
 4105      A07F33C4 
 4105      60CF9484 
 4105      F7EB49
 4106 0355 88F68E67 		.ascii	"\210\366\216gz;\366\017\2746\320}\340\340\336\201T\357"
 4106      7A3BF60F 
 4106      BC36D07D 
 4106      E0E0DE81 
 4106      54EF
 4107 0367 1BA9E1D7 		.ascii	"\033\251\341\327\323C{\372\367\365\035L\357\033\356"
 4107      D3437BFA 
 4107      F7F51D4C 
 4107      EF1BEE
 4108 0376 EDEAD9DA 		.ascii	"\355\352\331\332\335\363\322\366\266\027\223;\222]\273"
 4108      DDF3D2F6 
 4108      B617933B 
 4108      925DBB
 4109 0385 B6BEBCBB 		.ascii	"\266\276\274\273\243s\327+\355I\361l<\236\240\237~\316"
 4109      A373D72B 
 4109      ED49F16C 
 4109      3C9EA09F 
 4109      7ECE
 4110 0397 4CA5DB5A 		.ascii	"L\245\333Z[[\023\251tb\377\236\301\304Pj\370@:\241\223"
 4110      5B5B13A9 
 4110      7462FF9E 
 4110      C1C4506A 
 4110      F8403AA1 
 4111 03ac 129D9D2F 		.ascii	"\022\235\235/$vw?\337\3253\262\235?\353K\017\244\372"
 4111      2476773F 
 4111      DFD533B2 
 4111      9D3FEB4B 
 4111      0FA4FA
 4112 03bf 0607F7C6 		.ascii	"\006\007\367\306\373\205I\346P\203\317\027\177zgrG["
 4112      FB8549E6 
 4112      5083CF17 
 4112      7F7A6772 
 4112      475B
 4113 03d1 7267BBB0 		.ascii	"rg\273\260FR\203\361mzm\375\037}<T\354"
 4113      465283F1 
 4113      6D7A6DFD 
 4113      1F7D3C54 
 4113      EC
 4114              		.text
 4115              		.section	.gnu.lto_sio_lld_stop.411.1f2b2c89,"e",%progbits
 4116 0000 789C7553 		.ascii	"x\234uSKHTQ\030>\377\375\357<\234Q\307\007\030\206\222"
ARM GAS  C:\Users\angio\AppData\Local\Temp\cciUCl9c.s 			page 111


 4116      4B485451 
 4116      183EFFFD 
 4116      EF3C9C51 
 4116      C7071886 
 4117 0015 2E225A38 		.ascii	".\"Z8\223:\251\264\2110ic\005>v\202\230\012\016I#\216"
 4117      933AA9B4 
 4117      89306963 
 4117      053E7682 
 4117      980A0E49 
 4118 002b 0FDAE451 		.ascii	"\017\332\344Q'\014[\214c$-Lt\230B\332\324&\263\022\025"
 4118      270C5B8C 
 4118      63242D4C 
 4118      749842DA 
 4118      D426B312 
 4119 0040 A50761D9 		.ascii	"\245\007a\331\003\211h\32327iBd M\377\177\357\014\367"
 4119      038968D3 
 4119      32376942 
 4119      64204DFF 
 4119      7FEF0CF7 
 4120 0054 5EB1CBCC 		.ascii	"^\261\313\314\231\357?\347\377\036\347\234;\017T!f\204"
 4120      99EF3FE7 
 4120      FF1EE79C 
 4120      3B0F5421 
 4120      6684
 4121 0066 10F5F415 		.ascii	"\020\365\364\025v\001\343\321QE$\022\211\001UQ\206\243"
 4121      7601E3D1 
 4121      51452412 
 4121      89015551 
 4121      86A3
 4122 0078 3715780A 		.ascii	"7\025x\012Zu=\232\251\375\242\022\216\272-3*\334\216"
 4122      5A753D9A 
 4122      A9FDA212 
 4122      8EBA2D33 
 4122      2ADC8E
 4123 008b BA346483 		.ascii	"\2724d\203AU\003 \006\024\244r\000n\341q)\345\356\275"
 4123      41550320 
 4123      0614A472 
 4123      006EE171 
 4123      29E5EEBD 
 4124 009f A9CDB720 		.ascii	"\251\315\267 g\227!\216BL\241\320\237I\204q\214#\200"
 4124      6797218E 
 4124      424CA1D0 
 4124      9F498471 
 4124      8C2380
 4125 00b2 9A440A14 		.ascii	"\232D\012\024\021\302\253\342\330\262\224\357\027\347"
 4125      11C2ABE2 
 4125      D8B294EF 
 4125      17E7
 4126 00c0 A54C1371 		.ascii	"\245L\023qDx\002\304\2019\200\307 x\342\332F1\207M*"
 4126      447802C4 
 4126      813980C7 
 4126      2078E2DA 
 4126      4631874D 
 4127 00d5 D11C326D 		.ascii	"\321\0342m\002\304\321\345A\271\275\265\365s\032^K5"
 4127      02C4D1E5 
 4127      41B9BDB5 
 4127      F5731A5E 
ARM GAS  C:\Users\angio\AppData\Local\Temp\cciUCl9c.s 			page 112


 4127      4B35
 4128 00e7 8E2A3C33 		.ascii	"\216*<33uK\234\324\373\036\355FFF\263\302E\334\266\260"
 4128      33754B9C 
 4128      D4FB1EED 
 4128      464646B3 
 4128      C245DCB6 
 4129 00fc AF6D16C5 		.ascii	"\257m\026\305\303\217\266e\271\227\210H\271~em/\341"
 4129      C38FB665 
 4129      B9978848 
 4129      B97E656D 
 4129      2FE1
 4130 010e 2E0472B6 		.ascii	".\004r\266)4\330\221\006Uedcdg\344`\344d\304\221U\027"
 4130      2934D891 
 4130      06556564 
 4130      636467E4 
 4130      60E464C4 
 4131 0125 23370FE9 		.ascii	"#7\017\351\\f0\312d\344a\224\305(\233Q\016\243\\Fy\000"
 4131      5C6630CA 
 4131      64E46194 
 4131      C5289B51 
 4131      0EA35C46 
 4132 013b F390CF65 		.ascii	"\363\220\317e\001\017BD\220\357A{\216P\2521T\214\022"
 4132      010F4244 
 4132      90EF417B 
 4132      8E50AA31 
 4132      548C12
 4133 014e C40F185A 		.ascii	"\304\017\030Z\370\363k\016c\010\311\303C\340\335\335"
 4133      F8F36B0E 
 4133      6308C9C3 
 4133      43E0DDDD 
 4134 015e 073A6F67 		.ascii	"\007:og\034\0351\314\203E\020'\364\322\011KpW;\255M"
 4134      1C1D31CC 
 4134      83451027 
 4134      F4D2094B 
 4134      70573BAD 
 4135 0173 087F5F3D 		.ascii	"\010\177_=\034\3239NP\264\375\216!\232\305\265\236\347"
 4135      1CD3394E 
 4135      50B4FD8E 
 4135      219AC5B5 
 4135      9EE7
 4136 0185 4B85A441 		.ascii	"K\205\244A\222aPH}6\245O\351\034\260\002,\036\206!)"
 4136      92615048 
 4136      7D36A54F 
 4136      E91CB002 
 4136      2C1E8621 
 4137 019a 673DECBD 		.ascii	"g=\354\275\252\037\034)\251\373b\356\354\376\356\217"
 4137      AA1F1C29 
 4137      A9FB62EE 
 4137      ECFEEE8F 
 4138 01aa A1C27676 		.ascii	"\241\302vv\220\3237\244J\263+\013i1\304dr\273%9-(\360"
 4138      90D337A4 
 4138      4AB32B0B 
 4138      6931C464 
 4138      72BB2539 
 4139 01c1 929217C7 		.ascii	"\222\222\027\307\321\005\257(6K\263\2203FW\365\202E"
 4139      D105AF28 
 4139      364BB390 
ARM GAS  C:\Users\angio\AppData\Local\Temp\cciUCl9c.s 			page 113


 4139      334657F5 
 4139      8245
 4140 01d3 87C74720 		.ascii	"\207\307G \2066\222`\276\252\031\255l\217\202UF5d\336"
 4140      86369260 
 4140      BEAA19AD 
 4140      6C8F8255 
 4140      463564DE 
 4141 01e7 E832C449 		.ascii	"\3502\304I)\331u%-\210\303\312\263\033\2745\253\275"
 4141      29D97525 
 4141      2D88C3CA 
 4141      B31BBC35 
 4141      ABBD
 4142 01f9 33693FC1 		.ascii	"3i?\301\366L\324\355\377\322n=\007Fp\032R\353\251\010"
 4142      F64CD4ED 
 4142      FFD26E3D 
 4142      0746701A 
 4142      52EBA908 
 4143 020d 69293597 		.ascii	"i)5\227)B\276\225\347\322x3Z\351\202\017\246\024w\366"
 4143      2942BE95 
 4143      E7D27833 
 4143      5AE9820F 
 4143      A61477F6 
 4144 0221 E86ADD26 		.ascii	"\350j\335&f\272\225\3516\034?\021M1\302g\230\303g\022"
 4144      66BA95E9 
 4144      361C3F11 
 4144      4D31C267 
 4144      98C36712 
 4145 0235 11DE1D7C 		.ascii	"\021\336\035|n\031\206\304\206.A\375)\025\217\311:\313"
 4145      6E1986C4 
 4145      862E41FD 
 4145      29158FC9 
 4145      3ACB
 4146 0247 CAF318BC 		.ascii	"\312\363\030\274\317\304C\303:\333l\235C\304\377Yg\033"
 4146      CFC443C3 
 4146      3ADB6C9D 
 4146      43C4FF59 
 4146      671B
 4147 0259 125F7409 		.ascii	"\022_t\011\352O\251\344\232\254\013\254\274\\\313y}"
 4147      EA4FA9E4 
 4147      9AAC0BAC 
 4147      BC5CCB79 
 4147      7D
 4148 026a 4DBAF3EB 		.ascii	"M\272\363\353h3\277\216;0\364-\321\254\255D\020\314"
 4148      6833BF8E 
 4148      3B30F42D 
 4148      D1ACAD44 
 4148      10CC
 4149 027c 7F2F212A 		.ascii	"\177/!*\252O5Uw\004.\005\352{z\333\002\301\246\376`"
 4149      AA4F3555 
 4149      77042E05 
 4149      EA7B7ADB 
 4149      02C1A6FE 
 4150 0291 F7E55057 		.ascii	"\367\345PWKk{so\250\275\273\251\256\241\244\276\341"
 4150      4B6B7B73 
 4150      6FA8BDBB 
 4150      A9AEA1A4 
 4150      BEE1
ARM GAS  C:\Users\angio\AppData\Local\Temp\cciUCl9c.s 			page 114


 4151 02a3 7C79D939 		.ascii	"|y\3319\177\245\277\256\246\344Bcum\315\305\012\277"
 4151      7FA5BFAE 
 4151      A6E44263 
 4151      756DCDC5 
 4151      0ABF
 4152 02b5 38EDF5FA 		.ascii	"8\355\365\372\350\323\312\314`\250\254\264\264\324\027"
 4152      E8D3CACC 
 4152      60A8ACB4 
 4152      B4D417
 4153 02c4 0CF93A5A 		.ascii	"\014\371:Z:}]\301\356\236\220O#\371jk\317\372\032\353"
 4153      3A7D5DC1 
 4153      EE9E904F 
 4153      23F96A6B 
 4153      CFFA1AEB 
 4154 02d8 CFD435F4 		.ascii	"\317\3245\364\225\363Zs(\020l\356\354l\363\266\012\225"
 4154      95F35A73 
 4154      28106CEE 
 4154      EC6CF3B6 
 4154      0A95
 4155 02ea 60D721CB 		.ascii	"`\327!\313\234\367d\225\277\262\314_U!l}\301No\2316"
 4155      9CF76495 
 4155      BFB2CC5F 
 4155      55216C7D 
 4155      C14E6F99 
 4156 02ff 96FF03B2 		.ascii	"\226\377\003\262d\266\006"
 4156      64B606
 4157              		.text
 4158              		.section	.gnu.lto_sio_lld_update_enable_flags.412.1f2b2c89,"e",%progbits
 4159 0000 789C7D95 		.ascii	"x\234}\225kl\024U\024\307\357\2313\273\335>\350\203"
 4159      6B6C1455 
 4159      14C7EF99 
 4159      33BBDD3E 
 4159      E883
 4160 0012 3EB640A1 		.ascii	">\266@\241\273\364\225\002\335\355c-\015\2111\2464~"
 4160      BBF49502 
 4160      DDED632D 
 4160      0D8931A6 
 4160      347E
 4161 0024 B06AD296 		.ascii	"\260j\322\226oM\032,$46\331\246\013\030\277\320\341"
 4161      6F4D1A2C 
 4161      243436D9 
 4161      A60B18BF 
 4161      D0E1
 4162 0036 11AB9050 		.ascii	"\021\253\220PZ\264\026\203\215\014\305\320\017\206\364"
 4162      5AB41683 
 4162      8D0CC5D0 
 4162      0F86F4
 4163 0045 83D06295 		.ascii	"\203\320b\225U\024b\002\024\215\222\250QQ\276Hb\360"
 4163      55146202 
 4163      148D92A8 
 4163      5151BE48 
 4163      62F0
 4164 0057 15520BE8 		.ascii	"\025R\013\350p\316\275\333ig\022g\262\363\337{\317\234"
 4164      70CEBDDB 
 4164      69671267 
 4164      B2F3DF7B 
 4164      CF9C
ARM GAS  C:\Users\angio\AppData\Local\Temp\cciUCl9c.s 			page 115


 4165 0069 737EE7DE 		.ascii	"s~\347\336\271\367\316\263\001!N\011!Z\350\026>\001"
 4165      B9F7CEB3 
 4165      01214E09 
 4165      215AE816 
 4165      3E01
 4166 007b 23C38735 		.ascii	"#\303\2075aY\326\200\256i\007\207\217hp\011d\357\320"
 4166      6159D680 
 4166      AE690787 
 4166      8F687009 
 4166      64EFD0
 4167 008e 70B6FC47 		.ascii	"p\266\374Gx\303\366\320a\177\371\342s\020\003\032\352"
 4167      78C3F6D0 
 4167      617FF9E2 
 4167      7310031A 
 4167      EA
 4168 009f 3000C7B1 		.ascii	"0\000\307\261\3320\214\177\316\214\037\235*6\316&a\002"
 4168      DA308C7F 
 4168      CE8C1F9D 
 4168      2A36CE26 
 4168      6102
 4169 00b1 851847A1 		.ascii	"\205\030G\241\256\223\010#8\201\000z\252\245A\210Z\370"
 4169      AE930823 
 4169      3881007A 
 4169      AAA54188 
 4169      5AF8
 4170 00c3 8AA84A1A 		.ascii	"\212\250J\032\306\315\037\246\015#]L \302\005\240\030"
 4170      C6CD1FA6 
 4170      0D235D4C 
 4170      20C205A0 
 4170      18
 4171 00d4 380FF001 		.ascii	"8\017\360\001\0106\354;\036\226\3218\012\374WA\336\177"
 4171      0836EC3B 
 4171      1E96D138 
 4171      0AFC5741 
 4171      DE7F
 4172 00e6 0C4D4DFF 		.ascii	"\014MM\377\014\306\210A\010\035f\226\007\010\261\357"
 4172      0CC68841 
 4172      081D6696 
 4172      0708B1EF 
 4173 00f6 6298BDDF 		.ascii	"b\230\275\337\266\275oNr\356\020\273~\350r}_\272\216"
 4173      B6BD6F4E 
 4173      72EE10BB 
 4173      7EE8727D 
 4173      5FBA8E
 4174 0109 2FB99EB4 		.ascii	"/\271\236\264]?r\271\276\033\366\013\370\030`\026\340"
 4174      5D3F72B9 
 4174      BE1BF60B 
 4174      F8186016 
 4174      E0
 4175 011a 22A48645 		.ascii	"\"\244\206EO\320\266\235\373\312\2274\036YC\2061\377"
 4175      4FD0B69D 
 4175      FBCA9734 
 4175      1E594386 
 4175      31FF
 4176 012c 1A4C5DB7 		.ascii	"\032L]\267>\317\213\001\325\357\323H\374\310-\235[>"
 4176      3ECF8B01 
 4176      D5EFD348 
ARM GAS  C:\Users\angio\AppData\Local\Temp\cciUCl9c.s 			page 116


 4176      FCC82D9D 
 4176      5B3E
 4177 013e 6EF9B995 		.ascii	"n\371\271\225\306\022`\341\201\3733X2Y\262XV\260d\263"
 4177      C61260E1 
 4177      81FB3358 
 4177      3259B258 
 4177      56B064B3 
 4178 0152 E4B0E4B2 		.ascii	"\344\260\344\262\344\261\254d\311g)`)d)b\011\262\024"
 4178      E4B1AC64 
 4178      C9672960 
 4178      29642962 
 4178      09B214
 4179 0165 B3AC6259 		.ascii	"\263\254bY\315\262\206\245\204e-\313:\226R\226\020K"
 4179      CDB286A5 
 4179      84652DCB 
 4179      3A965296 
 4179      104B
 4180 0177 98653D4B 		.ascii	"\230e=K\031K9\227V\301R\311R%hT\325\000\323\260\201"
 4180      194B3997 
 4180      56C152C9 
 4180      52256854 
 4180      D500D3B0 
 4181 018c 47BE51D0 		.ascii	"G\276Q\32087\261\255\206\273\021\356F\271[\313\"\304"
 4181      3837B1AD 
 4181      86BB11EE 
 4181      46B95BCB 
 4181      22C4
 4182 019e 10F2D290 		.ascii	"\020\362\322\220W)u\217\241\266\324\005q\017\016\314"
 4182      5729758F 
 4182      A1B6D405 
 4182      710F0ECC 
 4183 01ae 2E5C1BDB 		.ascii	".\\\033\333b\"\244\336?\312Y\177\017h\311\004&0\315"
 4183      6222A4DE 
 4183      3FCA597F 
 4183      0F68C904 
 4183      2630CD
 4184 01c1 C46A4882 		.ascii	"\304jH\202\250U]\037|\002\357\3109\276\007\237\316N"
 4184      A8555D1F 
 4184      7C02EFC8 
 4184      39BE079F 
 4184      CE4E
 4185 01d3 1699A8A5 		.ascii	"\026\231\250\245\302|\216\260\000\345\203\313\024vJ"
 4185      C27C8EB0 
 4185      00E583CB 
 4185      14764A
 4186 01e2 76D3E133 		.ascii	"v\323\3413\012\003\031vpt\360I\0237P$\207\371\341\334"
 4186      0A031976 
 4186      7074F049 
 4186      13375024 
 4186      87F9E1DC 
 4187 01f6 BF969523 		.ascii	"\277\226\225#\353\230\271\316u\240\027\375\252\213\256"
 4187      EB98B9CE 
 4187      75A017FD 
 4187      AA8BAE
 4188 0205 3B99E860 		.ascii	";\231\350`~A\316\3322\346F\362W\314K\326\"sA2}^\314"
 4188      7E41CEDA 
 4188      32E646F2 
ARM GAS  C:\Users\angio\AppData\Local\Temp\cciUCl9c.s 			page 117


 4188      57CC4BD6 
 4188      22734132 
 4189 021c 6B2EA6DF 		.ascii	"k.\246\337\311\3649\2307\310\031\22717\221\277b\376"
 4189      C9F43998 
 4189      37C81997 
 4189      313791BF 
 4189      62FE
 4190 022e 67590FB3 		.ascii	"gY\017\263\025\363\306X\314\304\264\377gf\300\227\224"
 4190      15F3C658 
 4190      CCC4B4FF 
 4190      6766C097 
 4190      94
 4191 023f 4657691E 		.ascii	"FWi\036\275\012&s\3228M&\244\263\355\001\333\322\311"
 4191      BD0A2673 
 4191      D2384D26 
 4191      A4B3ED01 
 4191      DBD2C9
 4192 0252 CCB62CD0 		.ascii	"\314\266,\320\025\216l\031dV\270\\\211:1Wlb\246\027"
 4192      158E6C19 
 4192      6456B85C 
 4192      893A3157 
 4192      6C62A617 
 4193 0266 E9968B94 		.ascii	"\351\226\213\224E\376\212\244\333\244\025dV$\277M\312"
 4193      45FE8AA4 
 4193      DBA41564 
 4193      5624BF4D 
 4193      CA
 4194 0277 26B32225 		.ascii	"&\263\"%e\360\310\340\357\257\337\331kb\216,\"5\320"
 4194      65F0C8E0 
 4194      EFAFDFD9 
 4194      6B628E2C 
 4194      2235D0
 4195 028a 391E68AE 		.ascii	"9\036h\256\027\376{\027>\217\374\025\336g\343W\222Y"
 4195      17FE7B17 
 4195      3E8FFC15 
 4195      DE67E357 
 4195      9259
 4196 029c E103363E 		.ascii	"\341\0036>\237\314\012oh\012?/\361\005\262\202|\273"
 4196      9FCC0A6F 
 4196      680A3F2F 
 4196      F105B282 
 4196      7CBB
 4197 02ae 2272AD91 		.ascii	"\"r\255\221\253\255@-\261\257\271\242B\257\212n\273"
 4197      ABAD402D 
 4197      B1AFB9A2 
 4197      42AF8A6E 
 4197      BB
 4198 02bf 2AA2375E 		.ascii	"*\2427^\250*\312\260+\012\222\031\276\005\273\032\232"
 4198      A82ACAB0 
 4198      2B0A9219 
 4198      BE05BB1A 
 4198      9A
 4199 02d0 E4207C07 		.ascii	"\344 |\007\212Jo=\"\027[\261\232\004\211\\\345\205\274"
 4199      8A4A6F3D 
 4199      22175BB1 
 4199      9A04895C 
 4199      E585BC
ARM GAS  C:\Users\angio\AppData\Local\Temp\cciUCl9c.s 			page 118


 4200 02e3 E342AE26 		.ascii	"\343B\256&\177\205\324l\344\0322\253I(\261\261%dNM\002"
 4200      7F85D46C 
 4200      E41A32AB 
 4200      4928B1B1 
 4200      25644E4D 
 4201 02f8 5D6A339F 		.ascii	"]j3\237\370\206\212Y\353E\373\325E[G\376t\200,\202J"
 4201      F8868A59 
 4201      EB45FBD5 
 4201      455B47FE 
 4201      74802C82 
 4202 030d C9A24041 		.ascii	"\311\242@A\033\024\"\263\015\322\3250\347\016\363|\207"
 4202      1B1422B3 
 4202      0DD2D530 
 4202      E70EF37C 
 4202      87
 4203 031e 6515217B 		.ascii	"e\025!{\344Q\271\344\303j\344\267\306\232L\\\357U\313"
 4203      E451B9E4 
 4203      C36AE4B7 
 4203      C69A4C5C 
 4203      EF55CB
 4204 0331 6F4BB58C 		.ascii	"oK\265\214\016\336\327L,\243\200\324\262Bq\027\016\335"
 4204      0EDED74C 
 4204      2CA380D4 
 4204      B2427117 
 4204      0EDD
 4205 0343 BD4C9351 		.ascii	"\275L\223Q\246,\352\203u\014\321y\200\021\370\352\221"
 4205      A62CEA83 
 4205      750CD179 
 4205      8011F8EA 
 4205      91
 4206 0354 D37E136B 		.ascii	"\323~\023k\011\257<A\372\351\356\203n\346\3071Z\266"
 4206      09AF3C41 
 4206      FAE9EE83 
 4206      6EE6C731 
 4206      5AB6
 4207 0366 E55E9BFD 		.ascii	"\345^\233\375\317\245\315>:Y\264\350y6Gn\365r\307V\377"
 4207      CFA5CD3E 
 4207      3A59B4E8 
 4207      7936476E 
 4207      F572C756 
 4208 037b 5B1D69B4 		.ascii	"[\035i\264\300\324he\362\012\257\344\367\275\222W8\222"
 4208      C0D46865 
 4208      F20AAFE4 
 4208      F7BD9257 
 4208      3892
 4209 038d CFABB38B 		.ascii	"\317\253\263\213\226\222\252\374'N^\351\225|\301+y\245"
 4209      9692AAFC 
 4209      274E5EE9 
 4209      957CC12B 
 4209      79A5
 4210 039f 23F94375 		.ascii	"#\371CuH\231X%\376\202\003\267\255_\002\034\370\000"
 4210      48995825 
 4210      FE8203B7 
 4210      AD5F021C 
 4210      F800
 4211 03b1 AA6802B5 		.ascii	"\252h\002\265\3617\257 \315%\036}\353J\026}<`\371\307"
 4211      F137AF20 
ARM GAS  C:\Users\angio\AppData\Local\Temp\cciUCl9c.s 			page 119


 4211      CD251E7D 
 4211      EB4A167D 
 4211      3C60F9C7 
 4212 03c5 4388C6E6 		.ascii	"C\210\306\346-\235\315\273z^\354i\337\275gGO\274\363"
 4212      2D9DCDBB 
 4212      7A5EEC69 
 4212      DFBD6747 
 4212      4FBCF3
 4213 03d8 E578FF4B 		.ascii	"\345x\377K\211\276\355\335;\273\366$v\366w\266u\324"
 4213      89BEEDDD 
 4213      3BBBF624 
 4213      76F677B6 
 4213      75D4
 4214 03ea B4773CD7 		.ascii	"\264w<\327P\377Lls\254\255\245\346\371m\315\255-/4\306"
 4214      50FF4C6C 
 4214      73ACADA5 
 4214      E6F96DCD 
 4214      AD2D2F34 
 4215 03ff C4539148 		.ascii	"\304S\221H\224~\335\034\031O\324\327\325\325E\343\211"
 4215      947EDD1C 
 4215      194FD4D7 
 4215      D5D545E3 
 4215      89
 4216 0410 E8AEEDBD 		.ascii	"\350\256\355\275\321\276x\377\356DT\006E[[\267F\267"
 4216      D1BE78FF 
 4216      EE445406 
 4216      455B5BB7 
 4216      46B7
 4217 0422 B53FDDD6 		.ascii	"\265?\335\326\261\267\201\237u%z\342]\275\275;\"\335"
 4217      B1B7819F 
 4217      75257AE2 
 4217      5DBDBD3B 
 4217      22DD
 4218 0434 42A7665F 		.ascii	"B\247f_\320a\213<\321\024\333\\\037kj\024\330\335\337"
 4218      D0618B3C 
 4218      D114DB5C 
 4218      1F6B6A14 
 4218      D8DDDF
 4219 0447 40773DDD 		.ascii	"@w=\335u\217\001\317\366\302\230"
 4219      758F01CF 
 4219      F6C298
 4220              		.text
 4221              		.section	.gnu.lto_sio_lld_get_and_clear_errors.413.1f2b2c89,"e",%progbits
 4222 0000 789C7D53 		.ascii	"x\234}S]H\024Q\024\276g\316\314\270\256\245\371b\276"
 4222      5D481451 
 4222      14BE67CE 
 4222      CCB8AEA5 
 4222      F962BE
 4223 0013 B510123D 		.ascii	"\265\020\022=\270\343\317\246bD\211Y=X\201?o\202\230"
 4223      B8E3CFA6 
 4223      62448959 
 4223      3D58813F 
 4223      6F8298
 4224 0026 0A2E0923 		.ascii	"\012.\011#3Z\364\242\327\177\020br\205%!\245\206-\362"
 4224      335AF4A2 
 4224      D77F1062 
 4224      72852521 
ARM GAS  C:\Users\angio\AppData\Local\Temp\cciUCl9c.s 			page 120


 4224      A5862DF2 
 4225 003a 29168AAC 		.ascii	")\026\212\254\2146\205\354M\351\255\202\\\360%\250d"
 4225      8C3685EC 
 4225      4DE9AD82 
 4225      5CF025A8 
 4225      64
 4226 004b 8B280B6B 		.ascii	"\213(\013k:wfM\267\207.3g\317=\363}\347\373\316\334"
 4226      3A77664D 
 4226      B7872E33 
 4226      67CF3DF3 
 4226      7DE7FBCE 
 4227 0060 D9A3C8D8 		.ascii	"\331\243\310\330M\306X\011\335Lf\020\231\234\220\230"
 4227      4DC65809 
 4227      DD4C6610 
 4227      999C9098 
 4228 0070 E33803B2 		.ascii	"\3438\003\262\004S\223\023\337\255\245S\360\024\334"
 4228      04539313 
 4228      DFADA553 
 4228      F014DC
 4229 007f 02C2A0EC 		.ascii	"\002\302\240\354&\300\006$\204\001\230\302\033\010\021"
 4229      26C00624 
 4229      840198C2 
 4229      1B0811
 4230 008e 8C210339 		.ascii	"\214!\0039\235\001\004\016'8\337\274=\373:\036z><z&"
 4230      9D01040E 
 4230      2738DFBC 
 4230      3DFB3A1E 
 4230      7A3E3C7A 
 4231 00a3 86129B25 		.ascii	"\206\022\233%\300\003\200\373 4\010\210W\330!\002\255"
 4231      C00380FB 
 4231      20340888 
 4231      57D82102 
 4231      AD
 4232 00b4 7E9AE73C 		.ascii	"~\232\347<\233\305\020\341!\354\302P\241\377]\300CF"
 4232      9BC510E1 
 4232      21ECC250 
 4232      A1FF5DC0 
 4232      4346
 4233 00c6 41FC1411 		.ascii	"A\374\024\021:\3656\276\225\004\036\341@-\341\021d4"
 4233      3AF536BE 
 4233      95041EE1 
 4233      402DE111 
 4233      6434
 4234 00d8 EDDF0C08 		.ascii	"\355\337\014\010\364\314\016\372M<\265\215\226\341\311"
 4234      F4CC0EFA 
 4234      4D3CB58D 
 4234      96E1C9
 4235 00e7 3FE80F01 		.ascii	"?\350\017\001\225\301\002\300c\020\336hQ\031\213\022"
 4235      95C102C0 
 4235      6310DE68 
 4235      51198B12 
 4236 00f7 A33CF53B 		.ascii	"\243<\365;\376>Y3\350\211d\372N\023\356\275R\022|\313"
 4236      FE3E5933 
 4236      E88964FA 
 4236      4E13EEBD 
 4236      52127CCB 
 4237 010b B1385FB9 		.ascii	"\2618_\271\012\361\025g9\177\037\220cE\242\240\242\310"
ARM GAS  C:\Users\angio\AppData\Local\Temp\cciUCl9c.s 			page 121


 4237      0AF11567 
 4237      397F1F90 
 4237      6345A2A0 
 4237      A2C8
 4238 011d 64912922 		.ascii	"d\221)\"\250\"d\211\340\023\301\0170\0179\242O.\243"
 4238      A8226489 
 4238      E013C10F 
 4238      300F39A2 
 4238      4F2EA3
 4239 0130 4E794C68 		.ascii	"NyLh0\013\305\353v\327\001\022\272\206\322\316\026\330"
 4239      300BC5EB 
 4239      76D70112 
 4239      BA86D2CE 
 4239      16D8
 4240 0142 060C2DFC 		.ascii	"\006\014-\374\370z\275\332FH\277atg\274\003\234s_\014"
 4240      F87ABDDA 
 4240      4648BF61 
 4240      7467BC03 
 4240      9C735F0C 
 4241 0156 B36CF4C3 		.ascii	"\263l\364\3033`%\336V\201\004\314\270\023m\300\342\302"
 4241      336025DE 
 4241      568104CC 
 4241      B8136DC0 
 4241      E2C2
 4242 0168 5C818D52 		.ascii	"\\\201\215R\232\246d\320|\324\017\026\211v\313\335f"
 4242      9AA664D0 
 4242      7CD40F16 
 4242      8976CBDD 
 4242      66
 4243 0179 C312D1C0 		.ascii	"\303\022\321\300\245\015G\307\217\331\230CLAS\301\222"
 4243      A50D47C7 
 4243      8FD99843 
 4243      4C4153C1 
 4243      92
 4244 018a 5C13D3DF 		.ascii	"\\\023\323\337\012m\304\377)\277\330Q\216\316\025l#"
 4244      0A6DC4FF 
 4244      29BFD851 
 4244      8ECE156C 
 4244      23
 4245 019b EFE6B96A 		.ascii	"\357\346\271j\230\241\366\222\2404:\311\260\024\214"
 4245      98A1F692 
 4245      A0343AC9 
 4245      B0148C
 4246 01aa 243FAF17 		.ascii	"$?\257\027\262\021\220b\350\237\025&\250q\214\236\220"
 4246      B2119062 
 4246      E89F1526 
 4246      A8718C9E 
 4246      90
 4247 01bb 959F636B 		.ascii	"\225\237ck\3260\011\311\204\024n\366\200\3429\004\033"
 4247      D63009C9 
 4247      84146EF6 
 4247      80E23904 
 4247      1B
 4248 01cc 152A7B0E 		.ascii	"\025*{\016\223(\212[c\353\026\332\250\246\241{\301\347"
 4248      93288A5B 
 4248      63EB16DA 
 4248      A8A6A17B 
ARM GAS  C:\Users\angio\AppData\Local\Temp\cciUCl9c.s 			page 122


 4248      C1E7
 4249 01de 75202875 		.ascii	"u (uP=\272\377/\235<eyt\356\002#\343k\326\022\221s\335"
 4249      503DBAFF 
 4249      2F9D3C65 
 4249      7974EE02 
 4249      23E36BD6 
 4250 01f6 CEA23414 		.ascii	"\316\2424\024\235vh\346<\2521q.\270\353\\\340#\014\236"
 4250      9D7668E6 
 4250      3CAA3171 
 4250      2EB8EB5C 
 4250      E0230C9E 
 4251 020a 600769BE 		.ascii	"`\007i\276\224\023\037\3412y\317M\177Jb}\201\241\344"
 4251      94131FE1 
 4251      3279CF4D 
 4251      7F4A627D 
 4251      81A1E4
 4252 021d AFF5D57C 		.ascii	"\257\365\325|\372\347P\003Q\261\020v\2372c\025\265\325"
 4252      FAE75003 
 4252      51B11076 
 4252      9F326315 
 4252      B5D5
 4253 022f 2DB55DE1 		.ascii	"-\265]\341\013\341\306\336\276\216\260\336rY7.\232="
 4253      0BE1C6DE 
 4253      BE8EB0DE 
 4253      7259372E 
 4253      9A3D
 4254 0241 6DED9DAD 		.ascii	"m\355\235\255}f\247\321\322\320T\334\330t\266\274\354"
 4254      7D66A7D1 
 4254      D2D054DC 
 4254      D874B6BC 
 4254      EC
 4255 0252 74A832D4 		.ascii	"t\2502\324PW|\256\271\266\276\356|E\210\035\017\006"
 4255      50577CAE 
 4255      B9B6BEEE 
 4255      7C45881D 
 4255      0F06
 4256 0264 35BADA05 		.ascii	"5\272\332\005S7\313JKK5\335\324\272\332\272\265\036"
 4256      5337CB4A 
 4256      4B4B35DD 
 4256      D4BADABA 
 4256      B51E
 4257 0276 DDE83535 		.ascii	"\335\35055\227\244\325\327\237\324\232\033k\032\232"
 4257      97A4D5D7 
 4257      9FD49A1B 
 4257      6B1A9A
 4258 0285 2E958B67 		.ascii	".\225\213g\255fXo\355\356\356\010\2663\231\322\236\375"
 4258      AD66586F 
 4258      EDEEEE08 
 4258      B63399D2 
 4258      9EFD
 4259 0297 19B5E091 		.ascii	"\031\265\340\221\252PeY\250\252\202\251\235\206\241"
 4259      AA506559 
 4259      A8AA82A9 
 4259      9D86A1
 4260 02a6 1B26864D 		.ascii	"\033&\206M\343\017\311\027Ex"
 4260      E30FC917 
 4260      4578
ARM GAS  C:\Users\angio\AppData\Local\Temp\cciUCl9c.s 			page 123


 4261              		.text
 4262              		.section	.gnu.lto_sio_lld_get_and_clear_events.414.1f2b2c89,"e",%progbits
 4263 0000 789C7D54 		.ascii	"x\234}T]HSa\030\376\336\363\235\3758\235\377h\241\221"
 4263      5D485361 
 4263      18FEDEF3 
 4263      9DFD389D 
 4263      FF68A191 
 4264 0014 1012413A 		.ascii	"\020\022A:\177\226\212\020%fua\005\376\334\011b\272"
 4264      7F968A10 
 4264      25667561 
 4264      05FEDC09 
 4264      62BA
 4265 0026 70244D3C 		.ascii	"p$M<jt\243\307\177\360\306T\030\254\246\324\230\221"
 4265      6A74A3C7 
 4265      7FF0C654 
 4265      18ACA6D4 
 4265      9891
 4266 0038 57512BFA 		.ascii	"WQ+\37234\205\012\002\225\010\274\011\332UvQ2\272)E"
 4266      3334850A 
 4266      029508BC 
 4266      09DA5576 
 4266      5132BA29 
 4267 004d 58EFFB7D 		.ascii	"X\357\373}\363\350\272\350\260=\373\316\363\275\317"
 4267      F3E8BAE8 
 4267      B03DFBCE 
 4267      F3BDCF
 4268 005c F33EEFBE 		.ascii	"\363>\357\276\263\015\250\214\335c\214\025\341\233\251"
 4268      B30DA88C 
 4268      DD638C15 
 4268      E19BA9
 4269 006b 0CA626C7 		.ascii	"\014\246&\307\025\026\215F\373U\005\246'\307\177\373"
 4269      15168D46 
 4269      FB5505A6 
 4269      27C77FFB 
 4270 007b 57CEC31B 		.ascii	"W\316\303\033\020\004\207\001U,\200\365+\034\372a\232"
 4270      10048701 
 4270      552C80F5 
 4270      2B1CFA61 
 4270      9A
 4271 008c FB394CF1 		.ascii	"\3739L\361 g\240\306V\000y'\226t\375\317\334\254/\344"
 4271      2067A0C6 
 4271      56007927 
 4271      9674FDCF 
 4271      DCAC2FE4 
 4272 00a0 7C3B3472 		.ascii	"|;4r1\310\0256\213\005\317\000\236\002\365\300B~\213"
 4272      31C81536 
 4272      8B05CF00 
 4272      9E02F5C0 
 4272      427E8B
 4273 00b3 1DC7A2F5 		.ascii	"\035\307\242\365\237/t=\201\0059\207\347p\240\006\211"
 4273      9F2F743D 
 4273      81053987 
 4273      E770A006 
 4273      89
 4274 00c4 BEB93C59 		.ascii	"\276\271<Y\351\005\372\310\307\352\310\335\320n\030"
 4274      E905FAC8 
 4274      C7EAC8DD 
ARM GAS  C:\Users\angio\AppData\Local\Temp\cciUCl9c.s 			page 124


 4274      D06E18
 4275 00d3 F4291DD0 		.ascii	"\364)\035\320\022^B\234i\337b\036U\317\354W\337\011"
 4275      125E429C 
 4275      69DF621E 
 4275      55CFEC57 
 4275      DF09
 4276 00e5 45F6AA55 		.ascii	"E\366\252Ux\375O\365\223<3\203\005\200W@\331\360B\232"
 4276      78FD4FF5 
 4276      933C3383 
 4276      05805740 
 4276      D9F0429A 
 4277 00f9 E72F8DE8 		.ascii	"\347/\215\350\221\325\320\367p\325\200l\022\237;&x\364"
 4277      91D5D0F7 
 4277      70D5806C 
 4277      129F3B26 
 4277      78F4
 4278 010b C9B4A4EF 		.ascii	"\311\264\244\357F't}\315\007\217\327\026W\323\216\000"
 4278      4627747D 
 4278      CD078FD7 
 4278      1657D38E 
 4278      00
 4279 011c 26362908 		.ascii	"&6)\010fN+\225V&\0023\201\205\300J@\243\232m\004\211"
 4279      664E2B95 
 4279      56260233 
 4279      8185C04A 
 4279      40A39A6D 
 4280 0132 04490476 		.ascii	"\004I\004v\202d\202\024\202T\2024\202t\202\014\202L"
 4280      82648214 
 4280      82548234 
 4280      8274820C 
 4280      824C
 4281 0144 822C8017 		.ascii	"\202,\200\027\220M\031r\030\246\310e\224\217Mp:*q\035"
 4281      904D1972 
 4281      18A6C865 
 4281      948F4D70 
 4281      3A2A711D 
 4282 0158 C590B7B9 		.ascii	"\305\220\267\271\262\177\013l\013\006\027\266?\373*"
 4282      B27F0B6C 
 4282      0B0617B6 
 4282      3FFB2A
 4283 0167 031C62A7 		.ascii	"\003\034b\247\303\305\367\363\000t]\267\006\271%\300"
 4283      C3C5F7F3 
 4283      00745DB7 
 4283      06B925C0 
 4284 0177 B3601158 		.ascii	"\263`\021X\221\2745\301\022\314\210oc\013\226\027\346"
 4284      91BC35C1 
 4284      12CC886F 
 4284      630B9617 
 4284      E6
 4285 0188 B3025C89 		.ascii	"\263\002\\\211\311Lq2+\372\3012\312\356\213\333\004"
 4285      C94C7132 
 4285      2BFAC132 
 4285      CAEE8BDB 
 4285      04
 4286 0199 58411908 		.ascii	"XA\031\010\331\220w\354t\200g\243\222df\210r\021\302"
 4286      D99077EC 
 4286      748067A3 
ARM GAS  C:\Users\angio\AppData\Local\Temp\cciUCl9c.s 			page 125


 4286      92646688 
 4286      7211C2
 4287 01ac F7E57080 		.ascii	"\367\345p\200\363\377u~\267\337\331;\237\265W\3710E"
 4287      F3FF757E 
 4287      B7DFD93B 
 4287      9FB557F9 
 4287      3045
 4288 01be 74E371DD 		.ascii	"t\343q\335>`)\216\216mX\004\206\303\333\337\016\261"
 4288      3E60298E 
 4288      8E6D5804 
 4288      86C3DBDF 
 4288      0EB1
 4289 01d0 615082DC 		.ascii	"aP\202\3346K!\3208\310\023\305\316\3165cC160\343\356"
 4289      364B21D0 
 4289      38C813C5 
 4289      CECE3563 
 4289      43313630 
 4290 01e6 E87BFF10 		.ascii	"\350{\377\020&P\321\202b&\201\211\350\235Q\010p\023"
 4290      2650D182 
 4290      62268189 
 4290      E89D5108 
 4290      7013
 4291 01f8 D2C4D941 		.ascii	"\322\304\331A\221\343 gFZ\216\243J\371G?\017\320\010"
 4291      91E32067 
 4291      465A8EA3 
 4291      4AF9473F 
 4291      0FD008
 4292 020b 31B5C550 		.ascii	"1\265\305PcV\013\2344\204\011\310H\241\225\270\2511"
 4292      63560B9C 
 4292      348409C8 
 4292      48A195B8 
 4292      A931
 4293 021d ECAB05B8 		.ascii	"\354\253\005\270MX&H\257\015\021%\32103\033fIH\313("
 4293      4D582648 
 4293      AF0D1125 
 4293      D130331B 
 4293      664948CB 
 4294 0232 AAE16847 		.ascii	"\252\341hGZ:\246J\3075\341\230,L\355R\372U8\246\304"
 4294      5A3AA64A 
 4294      C735E198 
 4294      2C4CED52 
 4294      FA5538A6 
 4295 0247 1CED7238 		.ascii	"\034\355r8\241NEZ\252\303\026)\337\020\3624\341\220"
 4295      A14E455A 
 4295      AAC31629 
 4295      DF10F234 
 4295      E190
 4296 0259 2A036D0A 		.ascii	"*\003m\012y\272\021\310j\004\312@ZZ\332\014\313L\244"
 4296      79BA11C8 
 4296      6A04CA40 
 4296      5A5ADA0C 
 4296      CB4CA4
 4297 026c A5A56ECC 		.ascii	"\245\245n\314\270\202\323\345\010\327L:}\257o\023O?"
 4297      B882D3E5 
 4297      08D74C3A 
 4297      7DAF6F13 
 4297      4F3F
ARM GAS  C:\Users\angio\AppData\Local\Temp\cciUCl9c.s 			page 126


 4298 027e 1739464F 		.ascii	"\0279FO(?\360\204\302\017\0308\313\216\341IG\326B\303"
 4298      283FF084 
 4298      C20F1838 
 4298      CB8EE149 
 4298      47D642C3 
 4299 0292 BA8A8795 		.ascii	"\272\212\207\225\034\373A\322\365\013\006\3033\233\353"
 4299      1CFB41D2 
 4299      F50B06C3 
 4299      339BEB
 4300 02a1 69F8FF83 		.ascii	"i\370\377\203\006\304Lp8\370\2743VV]\331T\335\356\276"
 4300      06C44C70 
 4300      38F8BC33 
 4300      56565DD9 
 4300      54DDEEBE 
 4301 02b5 EAAEEFEE 		.ascii	"\352\256\357\356is{\232nz\272\256k\235-\255\256\346"
 4301      69737B9A 
 4301      6E7ABAAE 
 4301      6B9D2DAD 
 4301      AEE6
 4302 02c7 1ECDD5D5 		.ascii	"\036\315\325\325T\327PP\337p\251\264\344\202\263\334"
 4302      54D75050 
 4302      DF70A9B4 
 4302      E482B3DC 
 4303 02d7 59575370 		.ascii	"YWSp\271\261\272\266\346J\231\223\235),t\340\253\225"
 4303      B9B1BAB6 
 4303      E64A9993 
 4303      9D292C74 
 4303      E0AB95
 4304 02ea 941EADA4 		.ascii	"\224\036\255\244\270\270\330\341\321\034\355-\035\216"
 4304      B8B8D8E1 
 4304      D11CED2D 
 4304      1D8E
 4305 02f8 4E4F57B7 		.ascii	"NOW\267\346\020\"Gm\3559Gc}U]Co)\3555knOsGG[a+Sq\331"
 4305      E6102247 
 4305      6DED3947 
 4305      637D555D 
 4305      436F29ED 
 4306 0319 991DC715 		.ascii	"\231\035\307\025\236\252p\226\2278+\312\230\331\325"
 4306      9EAA7096 
 4306      97382BCA 
 4306      98D9D5
 4307 0328 EBBAD1AD 		.ascii	"\353\272\321\255q\267\326\365\027\036\001\237\362"
 4307      71B7D6F5 
 4307      171E019F 
 4307      F2
 4308              		.text
 4309              		.section	.gnu.lto_sio_lld_get_events.415.1f2b2c89,"e",%progbits
 4310 0000 789C5D93 		.ascii	"x\234]\223]HSa\030\307\337\347\274ggs\323t\212\037u"
 4310      5D485361 
 4310      18C7DFE7 
 4310      BC676773 
 4310      D3748A1F 
 4311 0015 A3101241 		.ascii	"\243\020\022An~,\025!J\314\352\302\012\374\270\023\304"
 4311      6E7E2C15 
 4311      214ACCEA 
 4311      C20AFCB8 
 4311      13C4
ARM GAS  C:\Users\angio\AppData\Local\Temp\cciUCl9c.s 			page 127


 4312 0027 74E0489A 		.ascii	"t\340H\232\354\250\321\215\0365\025,0'\030Aj\215\025"
 4312      ECA8D18D 
 4312      1E35152C 
 4312      30271841 
 4312      6A8D15
 4313 003a 76D5C592 		.ascii	"v\325\305\222\264\214\226\022]\205\022\335D\027\355"
 4313      B48C9612 
 4313      5D8512DD 
 4313      4417ED
 4314 0049 B2CC6CD4 		.ascii	"\262\314l\324\205\025\302z\236\367]G\327a\373\357\234"
 4314      8515C27A 
 4314      9EF75D47 
 4314      D761FBEF 
 4314      9C
 4315 005a FF797EFF 		.ascii	"\377y~\377\367y?\366\2153v\2171V\212_\2462\010NM(,\221"
 4315      F7793FF6 
 4315      8D33768F 
 4315      31568A5F 
 4315      A632084E 
 4316 0072 480CAA0A 		.ascii	"H\014\252\012LOM|ZX;\003/@\030\034\206Tq\003lP\3410"
 4316      4C4F4D7C 
 4316      5A583B03 
 4316      2F40181C 
 4316      86547103 
 4317 008a 08D3FC2E 		.ascii	"\010\323\374.\207 \017s\006j\362\016\240\350h\3240~"
 4317      87200F73 
 4317      066AF20E 
 4317      A0E868D4 
 4317      307E
 4318 009c 3D98FB12 		.ascii	"=\230\373\022\361\274\032\031=\027\346\012\233\303\202"
 4318      F1BC1A19 
 4318      3D17E60A 
 4318      9BC382
 4319 00ab 45802740 		.ascii	"E\200'@c`!\277\306\216`\321\306\307%\303Hca\316\341"
 4319      636021BF 
 4319      C68E60D1 
 4319      C6C725C3 
 4319      486361CE 
 4320 00c0 29ECAB41 		.ascii	")\354\253Ac`\253PV\316\000\375\024cu\374kd7\006F\320"
 4320      6360AB50 
 4320      56CE00FD 
 4320      146375FC 
 4320      6B643706 
 4321 00d6 008C8465 		.ascii	"\000\214\204eH\011\035\030+\242\352\331\275\352\315"
 4321      48091D18 
 4321      2BA2EAD9 
 4321      BDEACD
 4322 00e5 48FC5FB5 		.ascii	"H\374_\265\012\317\377\253\376]\2501X\001x\006\324\033"
 4322      0ACFFFAB 
 4322      FE5DA831 
 4322      58017806 
 4322      D41B
 4323 00f7 5E68F3E2 		.ascii	"^h\363\342\350\250\021\277\261\3709V;$\007I\355;\011"
 4323      E8A811BF 
 4323      B1F83956 
 4323      3B240749 
 4323      ED3B09
ARM GAS  C:\Users\angio\AppData\Local\Temp\cciUCl9c.s 			page 128


 4324 010a 3C7E6789 		.ascii	"<~g\211\032\273\211I\303X\237\203\251\267\221\367\316"
 4324      1ABB8949 
 4324      C3589F83 
 4324      A9B791F7 
 4324      CE
 4325 011b 83801D5B 		.ascii	"\203\200\035[\024\024\215\223\250$\026\022\215\304J"
 4325      14148D93 
 4325      A8241612 
 4325      8DC44A
 4326 012a 6223A1A9 		.ascii	"b#\241\251jv\022\007I:I\006\311\001\222L\222,\022'I"
 4326      6A761207 
 4326      493A4906 
 4326      C901924C 
 4326      922C1227 
 4327 013f 36490E49 		.ascii	"6I\016I.\300\022\344\321\360\371\014\033(`\324\032\233"
 4327      2EC012E4 
 4327      D1F0F90C 
 4327      1B2860D4 
 4327      1A9B
 4328 0151 E4B44BE2 		.ascii	"\344\264K\342*\304\376nqe\357\021\3306\014\257,\357"
 4328      2AC4FE6E 
 4328      7165EF11 
 4328      D8360CAF 
 4328      2CEF
 4329 0163 DCA90971 		.ascii	"\334\251\011qHn\014\027K\363\020\014\303\260\205\271"
 4329      486E0C17 
 4329      4BF3100C 
 4329      C3B085B9 
 4330 0173 35C473E1 		.ascii	"5\304s\341%\260R\371h\201(\314\212\205\330\206\325\225"
 4330      25B052F9 
 4330      688128CC 
 4330      8A85D886 
 4330      D595
 4331 0185 477921AE 		.ascii	"Gy!\256$1K\012f\303<XE\354\276xL\2035\304@`#3\343'B"
 4331      24314B0A 
 4331      66C33C58 
 4331      45ECBE78 
 4331      4C8335C4 
 4332 01a0 9C48C234 		.ascii	"\234H\3024Hp2w\307\276\317\217\340`\034_\221o\007\013"
 4332      48703277 
 4332      C7BECF8F 
 4332      E0601C5F 
 4332      916F070B 
 4333 01b4 D97FC620 		.ascii	"\331\177\306 \304U\264\311s\200\"y\364,hK^\225\370\317"
 4333      C455B4C9 
 4333      73802279 
 4333      F42C684B 
 4333      5E95F8CF 
 4334 01c8 79443593 		.ascii	"yD5\223\266\2324\206jp\314\004\2613\253\004m\344\005"
 4334      B69A3486 
 4334      6A70CC04 
 4334      B133AB04 
 4334      6DE405
 4335 01db C7715C3D 		.ascii	"\307q\\=\304\323D\244Mf%D+v3L3\303\034h\313VT31\035"
 4335      C4D344A4 
 4335      4D662544 
 4335      2B76334C 
ARM GAS  C:\Users\angio\AppData\Local\Temp\cciUCl9c.s 			page 129


 4335      33C31C68 
 4336 01f5 6D999825 		.ascii	"m\231\230%\023wDb\206\010M\227\350\233\005J<\220Lt\310"
 4336      13774462 
 4336      86084D97 
 4336      E89B054A 
 4336      3C904C74 
 4337 020a C9093A13 		.ascii	"\311\011:\023mI\307\254\022O\010<K$d\312\206\326\005"
 4337      6D49C7AC 
 4337      124F083C 
 4337      4B2464CA 
 4337      86D605
 4338 021d EE341BB2 		.ascii	"\3564\033\262\231\015e\243-#\355fd\016\3322\3220\347"
 4338      990D65A3 
 4338      2D23ED66 
 4338      640EDA32 
 4338      D230E7
 4339 0230 B8864B93 		.ascii	"\270\206K\223/Rsh\317g>\274>\024\342\005\3501:\022|"
 4339      2F527368 
 4339      CF673EBC 
 4339      3E14E205 
 4339      E8313A12 
 4340 0245 DF91802D 		.ascii	"\337\221\200-\030:\305\016\343>\306o.^7T%\214\223\220"
 4340      183AC50E 
 4340      E33EC66F 
 4340      2E5E3754 
 4340      258C9390 
 4341 0259 879FAE1F 		.ascii	"\207\237\256\0370\034\273\275\271\341\304\377:\006\220"
 4341      301CBBBD 
 4341      B9E1C4FF 
 4341      3A0690
 4342 0268 33C961FF 		.ascii	"3\311a\377\001c\254\262\256\246\265\256\313w\311\327"
 4342      0163ACB2 
 4342      AEA6B5AE 
 4342      CB77C9D7 
 4343 0278 D4DBD7E9 		.ascii	"\324\333\327\351\363\267^\365\007.\353=\355\035\336"
 4343      F3B75EF5 
 4343      072EEB3D 
 4343      ED1DDE
 4344 0287 B63EDD1B 		.ascii	"\266>\335\033hml.ij>_Q~\326S\345i\254/\271\320R\327"
 4344      686D6C2E 
 4344      696A3E5F 
 4344      517ED653 
 4344      E569AC2F 
 4345 029f 507FB1D2 		.ascii	"P\177\261\322\303N\272\\n\374t\020\351\327\313\313\312"
 4345      C34EBA5C 
 4345      6EFC7410 
 4345      E9D7CBCB 
 4345      CA
 4346 02b0 CADC7EDD 		.ascii	"\312\334~\335\335\325\336\355\356\361\007zu\267\200"
 4346      DDD5DEED 
 4346      EEF1077A 
 4346      75B780
 4347 02bf DC0D0DA7 		.ascii	"\334\015\015\247\335-M\265\215\315\375\025\364\256M"
 4347      DD2D4DB5 
 4347      8DCDFD15 
 4347      F4AE4D
 4348 02ce F7F9DBBA 		.ascii	"\367\371\333\272\273;]\035L\305\333\236\374\024\317"
ARM GAS  C:\Users\angio\AppData\Local\Temp\cciUCl9c.s 			page 130


 4348      BB3B5D1D 
 4348      4CC5DB9E 
 4348      FC14CF
 4349 02dd 75BCDA53 		.ascii	"u\274\332SU\356\251\256d\232\267\337{\245W\347>=\360"
 4349      55EEA9AE 
 4349      649AB7DF 
 4349      7BA557E7 
 4349      3E3DF0
 4350 02f0 17428977 		.ascii	"\027B\211w\320"
 4350      D0
 4351              		.text
 4352              		.section	.gnu.lto_sio_lld_read.416.1f2b2c89,"e",%progbits
 4353 0000 789C7D53 		.ascii	"x\234}S]hTG\024\236o\316\375\331\215\033c\010j\037\012"
 4353      5D685447 
 4353      149E6FCE 
 4353      FDD98D1B 
 4353      63086A1F 
 4354 0015 0988161F 		.ascii	"\011\210\026\037\2225q\215\342\213\226T\332\207T!\211"
 4354      9235718D 
 4354      E28B9654 
 4354      DA875421 
 4354      89
 4355 0026 6F81607E 		.ascii	"o\201`~$\321\320\015\273\246\245 \361&\331l \205&\033"
 4355      24D1D00D 
 4355      BBA6A520 
 4355      F126D96C 
 4355      2085261B 
 4356 003a 21E8A251 		.ascii	"!\350\242Q/\333B\264\320Z\272\0325\332\324\240\004\304"
 4356      2FDB42B4 
 4356      D05ABA1A 
 4356      35DAD4A0 
 4356      04C4
 4357 004c AC141485 		.ascii	"\254\024\024\205\322\006\212\030Qd+>T\261\256gfW\334"
 4357      D2068A18 
 4357      51642B3E 
 4357      54B1AE67 
 4357      6657DC
 4358 005f 55E870EF 		.ascii	"U\350p\357\334\363\315\371\276s\346\234\231\373\201"
 4358      DCF3CDF9 
 4358      BE73E69C 
 4358      99FB81
 4359 006e 21C42921 		.ascii	"!\304)!D\234_Q$0\036\033\221\"\223\311\0342$\016\307"
 4359      449C5F51 
 4359      24301E1B 
 4359      912293C9 
 4359      1C32240E 
 4360 0083 8AB44532 		.ascii	"\212\264E2\022\373F\342Wh4\024[\256\277\006\216\214"
 4360      12FB46E2 
 4360      57683414 
 4360      5BAEBF06 
 4360      8E8C
 4361 0095 BBFF5C4A 		.ascii	"\273\377\\J~\250\221)\243\261e\332\032\316\371-\345"
 4361      7EA89129 
 4361      A3B165DA 
 4361      1ACEF92D 
 4361      E5
 4362 00a6 3F3BBF49 		.ascii	"?;\277I\003\233\203\215\244\316\014Z\032yp\224\245\251"
ARM GAS  C:\Users\angio\AppData\Local\Temp\cciUCl9c.s 			page 131


 4362      039B838D 
 4362      A4CE0C5A 
 4362      1A797094 
 4362      A5A9
 4363 00b8 64A7465E 		.ascii	"d\247F^\364\033\332\2008$\3110-\333\343\005[\342\355"
 4363      F41BDA80 
 4363      3824C930 
 4363      2DDBE305 
 4363      5BE2ED
 4364 00cb 384CC708 		.ascii	"8L\307\010\343\224 \001#g\001\025\353g\035\347\337\357"
 4364      E3942001 
 4364      23670115 
 4364      EB671DE7 
 4364      DFEF
 4365 00dd 26A79215 		.ascii	"&\247\222\025\277\015\016}\226 )&\231\220\004~\201\022"
 4365      BF0D0E7D 
 4365      96202926 
 4365      9990047E 
 4365      8112
 4366 00ef 3191BE16 		.ascii	"1\221\276\026\0371\351\326\374\264\343xE\202\010\347"
 4366      1F31E9D6 
 4366      FCB4E378 
 4366      458208E7 
 4367 00ff 91C7E185 		.ascii	"\221\307\341\205\276\251r\305\233@\226\370W\216h\340"
 4367      BEA972C5 
 4367      9B4096F8 
 4367      578E68E0 
 4368 010f 4221D1E8 		.ascii	"B!\321\350;\247\211\307s\304W9\242\304\245B\242\354"
 4368      3BA789C7 
 4368      73C45739 
 4368      A2C4A542 
 4368      A2EC
 4369 0121 9B2BCFE6 		.ascii	"\233+\317\346>\001\365Y\313\354\364\351\344\322\"\234"
 4369      3E01F559 
 4369      CBECF4E9 
 4369      E4D2229C 
 4370 0131 71074A70 		.ascii	"q\007Jp\031\005\333\354[(\267\004\256@m\236\007\257"
 4370      1905DBEC 
 4370      5B28B704 
 4370      AE406D9E 
 4370      07AF
 4371 0143 C9B5B343 		.ascii	"\311\265\263C\316O\251d\372$\346\035\343\275\272\024"
 4371      CE4FA964 
 4371      FA24E61D 
 4371      E3BDBA14 
 4372 0153 F9C7DFCD 		.ascii	"\371\307\337\315Y\347ef\324qR\247\021;;\3758.W\201\263"
 4372      59E76566 
 4372      D47152A7 
 4372      113B3BFD 
 4372      382E5781 
 4373 0168 9B92278B 		.ascii	"\233\222'\213\324d(h*\313R\373\267y\262=\002\027\341"
 4373      D4642868 
 4373      2ACB52FB 
 4373      B779B23D 
 4373      0217E1
 4374 017b 55017C6A 		.ascii	"U\001|j*\006\303\022`\032+\200\031\224*o\231r\254T\205"
 4374      2A06C312 
ARM GAS  C:\Users\angio\AppData\Local\Temp\cciUCl9c.s 			page 132


 4374      601A2B80 
 4374      19942A6F 
 4374      9972AC54 
 4375 0190 08314AEA 		.ascii	"\0101J\352*\350Q\316\251\307H\276\205\020O0\360t\372"
 4375      2AE851CE 
 4375      A9C748BE 
 4375      85104F30 
 4375      F074FA
 4376 01a3 4EDCE792 		.ascii	"N\334\347\222O\035\210Gon\214\350\035\316\314\363?\342"
 4376      4F1D8847 
 4376      6F6E8CE8 
 4376      1DCECCF3 
 4376      3FE2
 4377 01b5 352E2177 		.ascii	"5.!wn\244\273\362=\034\307\361$\310\353R\011\256Bl\310"
 4377      6EA4BBF2 
 4377      3D1CC7F1 
 4377      24C8EB52 
 4377      09AE426C 
 4378 01ca 42137338 		.ascii	"B\023s8\256\333\360\004Wg\330)s*\263@U\304\341p\215"
 4378      AEDBF004 
 4378      5767D829 
 4378      732AB340 
 4378      55C4E170 
 4379 01df 55A7345C 		.ascii	"U\2474\\\206\353\254\202V\015N\014\303%b\245\222Y\250"
 4379      86EBAC82 
 4379      560D4E0C 
 4379      C32562A5 
 4379      9259A8
 4380 01f2 100F1159 		.ascii	"\020\017\021Y\232k\345\265\354\202\356\340\013x\\*\226"
 4380      9A6BE5B5 
 4380      EC82EEE0 
 4380      0B785C2A 
 4380      96
 4381 0203 8670A9D4 		.ascii	"\206p\251\324\276r/\372-\370v\277\000'\364\311\205\333"
 4381      BE722FFA 
 4381      2DF876BF 
 4381      0027F4C9 
 4381      85DB
 4382 0215 519697D9 		.ascii	"Q\226\227\331\013\367\256\023\227c\344\227\223Fd\361"
 4382      0BF7AE13 
 4382      9763E497 
 4382      934664F1 
 4383 0225 D93E1181 		.ascii	"\331>\021\201L\220oR\245\344\375'\250X\027n\34639\353"
 4383      4C906F52 
 4383      A5E4FD27 
 4383      A858176E 
 4383      E63339EB 
 4384 0239 9F7399DB 		.ascii	"\237s\231\333\375\034\212\243\256\320YG\311\312\247"
 4384      FD1C8AA3 
 4384      AED05947 
 4384      C9CAA7
 4385 0248 8C91FD5E 		.ascii	"\214\221\375^\253\356\307\017\272d\374_\203n\3445\350"
 4385      ABEEC70F 
 4385      BA64FC5F 
 4385      836EE435 
 4385      E8
 4386 0259 E13A97CC 		.ascii	"\341:\227\314\302\276\030\005}\271\311d\251\311\003"
ARM GAS  C:\Users\angio\AppData\Local\Temp\cciUCl9c.s 			page 133


 4386      C2BE1805 
 4386      7DB9C964 
 4386      A9C903
 4387 0268 F1A9E52E 		.ascii	"\361\251\345.Y.yT\223~\216r\223J\031c\203\362\275\034"
 4387      592E7954 
 4387      937E8E72 
 4387      934A1963 
 4387      83F2BD1C 
 4388 027c BE295DB2 		.ascii	"\276)]\2629\230B\351\221\377\336\034\026\377\222:\366"
 4388      399842E9 
 4388      91FFDE1C 
 4388      16FF923A 
 4388      F6
 4389 028d 12D7ABE4 		.ascii	"\022\327\253\344H\201+\266U\210c\321\007?\374\315Q\312"
 4389      48812BB6 
 4389      558863D1 
 4389      073FFCCD 
 4389      51CA
 4390 029f B8404595 		.ascii	"\270@E\225\200\356\202\347\235\232&\236?\210\007\\Z"
 4390      80EE82E7 
 4390      9D9A269E 
 4390      3F88075C 
 4390      5A
 4391 02b0 C934EDF7 		.ascii	"\3114\355\367\346\371\361\030\375\333\305\032N\220\276"
 4391      E6F9F118 
 4391      FDDBC51A 
 4391      4E90BE
 4392 02bf 9B8C3806 		.ascii	"\233\2148\006g)\311\375\006j<\305\300\342\211G\267J"
 4392      6729C9FD 
 4392      066A3CC5 
 4392      C0E28947 
 4392      B74A
 4393 02d1 F96C3840 		.ascii	"\371l8@\266\203\310\277\220B\324\326mm\256\353\354j"
 4393      B683C8BF 
 4393      9042D4D6 
 4393      6D6DAEEB 
 4393      EC6A
 4394 02e3 ED6A3CD0 		.ascii	"\355j<\320\333\336\025l\376*\030\332\037\356\331\323"
 4394      DBDE156C 
 4394      FE2A18DA 
 4394      1FEED9D3 
 4395 02f3 D6D1D21B 		.ascii	"\326\321\322\033\356\010574U66}\276\261\346\323\300"
 4395      EE083537 
 4395      34553636 
 4395      7DBEB1E6 
 4395      D3C0
 4396 0305 E640C38E 		.ascii	"\346@\303\216\312\235\273\353\352w\354\252\015\210m"
 4396      CA9DBBEB 
 4396      EA77ECAA 
 4396      0D886D
 4397 0314 55557E7E 		.ascii	"UU~~\332\2242\030\256\251\256\256\366\007\303\376\316"
 4397      DA943218 
 4397      AEA9AEAE 
 4397      F607C3FE 
 4397      CE
 4398 0325 3DDDFE9E 		.ascii	"=\335\376\236`\350@\330\257E\376\372\372O\374\273\033"
 4398      60E840D8 
ARM GAS  C:\Users\angio\AppData\Local\Temp\cciUCl9c.s 			page 134


 4398      AF45FEFA 
 4398      FA4FFCBB 
 4398      1B
 4399 0336 3F6E68FA 		.ascii	"?nh\372r\243\362\265\204\273\202-\335\335\355Um\302"
 4399      72A3F2B5 
 4399      84BB822D 
 4399      DDDDED55 
 4399      6DC2
 4400 0348 60B36775 		.ascii	"`\263gu\301Z\325\246-\201\3155\201-\265\302j\355\335"
 4400      C15AD5A6 
 4400      2D81CD35 
 4400      812DB5C2 
 4400      6AEDDD
 4401 035b BBB72384 		.ascii	"\273\267#\204/d\250\3755\325\207\313_"
 4401      2F64A8FD 
 4401      35D587CB 
 4401      5F
 4402              		.text
 4403              		.section	.gnu.lto_sio_lld_write.417.1f2b2c89,"e",%progbits
 4404 0000 789C7D53 		.ascii	"x\234}S]L\223W\030>\3179\337O\213E ,\272\0133L\2141"
 4404      5D4C9357 
 4404      183ECF39 
 4404      DF4F8B45 
 4404      202CBA0B 
 4405 0018 BB900A54 		.ascii	"\273\220\012T0\336l\006\315v\3014\001\274#!\202\030"
 4405      30DE6C06 
 4405      CD76C134 
 4405      01BC2321 
 4405      8218
 4406 002a 88C49256 		.ascii	"\210\304\222Vfv\203\007(\220@\034\024\023\342@\230~"
 4406      66768307 
 4406      2890401C 
 4406      1413E240 
 4406      987E
 4407 003c A9C644A3 		.ascii	"\251\306D\243\233\216\264(nL\"\323,Sb\342\235Q\022\223"
 4407      9B8EB428 
 4407      6E4C22D3 
 4407      2C5362E2 
 4407      9D511293 
 4408 0050 4D93AD2B 		.ascii	"M\223\255+\032\223\215\020\352{N+\266,\331I{\276\363"
 4408      1A938D10 
 4408      EA7B4E2B 
 4408      B62CD949 
 4408      7BBEF3
 4409 0063 BEEFF3BC 		.ascii	"\276\357\363\274?\317\371\276\235\006c\347\031c\243"
 4409      3FCFF9BE 
 4409      9D0663E7 
 4409      1963A3
 4410 0072 F467390C 		.ascii	"\364g9\014\303\341~\316\222\311\344I\203\343t8G\237"
 4410      C3E17ECE 
 4410      92C9E449 
 4410      83E37438 
 4410      479F
 4411 0084 040F8507 		.ascii	"\004\017\205\0078~\202\266z\302\353\365\323\300\231"
 4411      387E82B6 
 4411      7AC2EBF5 
 4411      D3C099
ARM GAS  C:\Users\angio\AppData\Local\Temp\cciUCl9c.s 			page 135


 4412 0093 61677165 		.ascii	"agqer\223\266L\336\033^\247O}\351\270\245\342\337\017"
 4412      7293B64C 
 4412      DE1B5EA7 
 4412      4F7DE9B8 
 4412      A5E2DF0F 
 4413 00a7 5468C3A6 		.ascii	"Th\303\246d\375\177\\\353\266\264\345\3027D\035\217"
 4413      64FD7F5C 
 4413      EBB6B4E5 
 4413      C237441D 
 4413      8F
 4414 00b8 366BCB8D 		.ascii	"6k\313\215NC\037\300Nra\230\226\355r\203N\354\375:-"
 4414      4E431FC0 
 4414      4E726198 
 4414      96ED7283 
 4414      4EECFD3A 
 4415 00cd CE0A0C8B 		.ascii	"\316\012\014\213\210`0\322'`\363\3073R\376sa\342\257"
 4415      886030D2 
 4415      2760F3C7 
 4415      3352FE73 
 4415      61E2AF
 4416 00e0 C9CD3F77 		.ascii	"\311\315?w\367|\036\021\234M\020`\022\370\001\212D@"
 4416      F77C1E11 
 4416      9C4D1060 
 4416      12F8018A 
 4416      4440
 4417 00f2 F115DB46 		.ascii	"\361\025\333F\240\371\3731)\335,\"\004\242\310\300\220"
 4417      A0F9FB31 
 4417      29DD2C22 
 4417      04A2C8C0 
 4417      90
 4418 0103 A3E3F78F 		.ascii	"\243\343\367\217\024n\004)`<\01540\225\0154:^k\340x"
 4418      146E0429 
 4418      603C0D34 
 4418      30950D34 
 4418      3A5E6BE0 
 4419 0118 1A78AABB 		.ascii	"\032x\252\273O\346\033T\023\267\262\201\274C\026\245"
 4419      4FE61B54 
 4419      13B7B281 
 4419      BC4316A5 
 4420 0128 6A7F0BF5 		.ascii	"j\177\013\365\330J\350D|\362\305\002\344\260\204\"\334"
 4420      D84AE844 
 4420      7CF2C502 
 4420      E4B08422 
 4420      DC
 4421 0139 46569B1D 		.ascii	"FV\233\035\003E\026\303\217P\315\323\"\037\337:\323"
 4421      034516C3 
 4421      8F50CDD3 
 4421      221FDF3A 
 4421      D3
 4422 014a 23BF1B8F 		.ascii	"#\277\033\217&\316\341\2364\3763\227\002_{d\316\310"
 4422      26CEE19E 
 4422      34FE3397 
 4422      025F7B64 
 4422      CEC8
 4423 015c E5E4A094 		.ascii	"\345\344\240\224\177_E\347\215\330\3031\276\021T\335"
 4423      7F5F45E7 
 4423      8DD8C331 
ARM GAS  C:\Users\angio\AppData\Local\Temp\cciUCl9c.s 			page 136


 4423      BE1154DD 
 4424 016c E4B45942 		.ascii	"\344\264YBm\206\352\332\244\315\266T\300V>\027\303M"
 4424      6D86EADA 
 4424      A4CDB654 
 4424      C0563E17 
 4424      C34D
 4425 017e B855028F 		.ascii	"\270U\002\217\332rAf\036\020C>0\215\002\025-T\201\015"
 4425      DA724166 
 4425      1E10433E 
 4425      308D0215 
 4425      2D54810D 
 4426 0192 6A10C606 		.ascii	"j\020\306\006\205z\025\364*\242\322C\202\2777\301\342"
 4426      857A15F4 
 4426      2AA2D243 
 4426      82BF37C1 
 4426      E2
 4427 01a3 E87A155B 		.ascii	"\350z\025[\036\3658\302\243.\304\245\233\033\022b\015"
 4427      1EF538C2 
 4427      A32EC4A5 
 4427      9B1B1262 
 4427      0D
 4428 01b4 667A6A65 		.ascii	"fzje\264\324\021H\337\233\320\252\\\204\224\322\025"
 4428      B4D41148 
 4428      DF9BD0AA 
 4428      5C8494D2 
 4428      15
 4429 01c5 116E47E4 		.ascii	"\021nG\344\341\016\330\216\224ib\026\343Z\2068\356L"
 4429      E10ED88E 
 4429      94696216 
 4429      E35A8638 
 4429      EE4C
 4430 01d7 5390A759 		.ascii	"S\220\247Yf\026+\207\322\341.\261\316ks\035\346\210"
 4430      66162B87 
 4430      D2E12EB1 
 4430      CE6B731D 
 4430      E688
 4431 01e9 05CDEA1E 		.ascii	"\005\315\352\036\351\203#\0041\025\315\202\004{\211"
 4431      E9832304 
 4431      3115CD82 
 4431      047B89
 4432 01f8 D08BD906 		.ascii	"\320\213\331\006r\246<Z\302%\270\034\221\313\015\346"
 4432      72A63C5A 
 4432      C225B81C 
 4432      91CB0DE6 
 4433 0208 88023BBE 		.ascii	"\210\002;\2768w\005\364z/\201*z\370\327\317z\211_h\257"
 4433      387705F4 
 4433      7A2F812A 
 4433      7AF8D7CF 
 4433      7A895F68 
 4434 021d 2CCE099A 		.ascii	",\316\011\232\307\310\234'\201\320\302\322Q\026\002"
 4434      C7C89C27 
 4434      81D0C2D2 
 4434      511602
 4435 022c 8F08CF84 		.ascii	"\217\010\317\204\252I\003DD\256\236\334\314DR\325\247"
 4435      AA490344 
 4435      44AE9EDC 
 4435      CC4452D5 
ARM GAS  C:\Users\angio\AppData\Local\Temp\cciUCl9c.s 			page 137


 4435      A7
 4436 023d B3979F74 		.ascii	"\263\227\237tR*\312\232\257\253\016\012+\0232$\3545"
 4436      522ACA9A 
 4436      AFAB0E0A 
 4436      2B133224 
 4436      EC35
 4437 024f 5A8D4EFD 		.ascii	"Z\215N\3752v\235\3727\034\341R\303\\\357%\243\200l\354"
 4437      32769DFA 
 4437      371CE152 
 4437      C35CEF25 
 4437      A3806CEC 
 4438 0263 50E13303 		.ascii	"P\3413\003\217)b\2465\241\357\345\235 \353\025\344W"
 4438      8F2962A6 
 4438      35A1EFE5 
 4438      9D20EB15 
 4438      E457
 4439 0275 30ADF74B 		.ascii	"0\255\367K\272\021\353\3774\376mU\343\256\345\276\273"
 4439      BA11EBFF 
 4439      34FE6D55 
 4439      E3AEE5BE 
 4439      BB
 4440 0286 D4A04D49 		.ascii	"\324\240MI\225\342\211\3767\374\035\361\322\007Zg+K"
 4440      95E289FE 
 4440      37FC1DF1 
 4440      D2075A67 
 4440      2B4B
 4441 0298 E787C4E4 		.ascii	"\347\207\304\344jf[uw\2667\031{N\015\026\322\210\252"
 4441      6A665B75 
 4441      77B63719 
 4441      7B4E0D16 
 4441      D288AA
 4442 02ab 210E681D 		.ascii	"!\016h\035\\k\025\213\306?\\\225\214\257JF\345G\376"
 4442      5C6B158B 
 4442      C63F5C95 
 4442      8CAF4A46 
 4442      E547FE
 4443 02be 7D30E673 		.ascii	"}0\346s\304\006J\240\231\356\014&\376D\347\247l\013"
 4443      C4064AA0 
 4443      99EE0C26 
 4443      FE44E7A7 
 4443      6C0B
 4444 02d0 B5929888 		.ascii	"\265\222\230\210\206\244A\364\274\3647\242\326+t-\334"
 4444      86A441F4 
 4444      BCF437A2 
 4444      D62B742D 
 4444      DC
 4445 02e1 8ACF17D0 		.ascii	"\212\317\027\320\275Q\202\224\272\310|[\031+\257\334"
 4445      BD518294 
 4445      BAC87C5B 
 4445      192BAFDC 
 4446 02f1 5D57D9DC 		.ascii	"]W\331\334\322\320Rs\274\375p\213\277\356\204?p4\330"
 4446      D2D05273 
 4446      BCFD708B 
 4446      BFEE843F 
 4446      7034D8
 4447 0304 76A8B1A9 		.ascii	"v\250\261\251\276=\330\024\250\253\256\335^S\373EY\351"
 4447      BE3DD814 
ARM GAS  C:\Users\angio\AppData\Local\Temp\cciUCl9c.s 			page 138


 4447      A8ABAEDD 
 4447      5E53FB45 
 4447      59E9
 4448 0316 67BE0A5F 		.ascii	"g\276\012_\365\276\355\373\017VV\355;P\356c\237\024"
 4448      F5BEEDFB 
 4448      0F5656ED 
 4448      3B50EE63 
 4448      9F14
 4449 0328 177BE9D7 		.ascii	"\027{\351\327\250\230\376`iII\211\327\037\3646\037j"
 4449      A898FE60 
 4449      69494989 
 4449      D71FF436 
 4449      1F6A
 4450 033a F5B6F903 		.ascii	"\365\266\371\003\307\203^M\362VU\355\365\036\254\331"
 4450      C7835E4D 
 4450      F25655ED 
 4450      F51EACD9 
 4451 034a 535DFB65 		.ascii	"S]\373e\231\212\325\007[\374\365\255\255\207\213\033"
 4451      998AD507 
 4451      5BFCF5AD 
 4451      AD878B1B 
 4452 035a 9941C7B6 		.ascii	"\231A\307\266\215Y\276\342\235\273|\025\245\276]\345"
 4452      8D59BEE2 
 4452      9DBB7C15 
 4452      A5BE5DE5 
 4453 036a CC6A683F 		.ascii	"\314jh?r\244)\200c\374D\340-\022&\323w"
 4453      72A42980 
 4453      63FC44E0 
 4453      2D1226D3 
 4453      77
 4454              		.text
 4455              		.section	.gnu.lto_sio_lld_get.418.1f2b2c89,"e",%progbits
 4456 0000 789C7D52 		.ascii	"x\234}ROH\224A\024\177o\336|\266\233\021x\012\372cB"
 4456      4F489441 
 4456      147F6FDE 
 4456      7CB69B11 
 4456      780AFA63 
 4457 0015 487570BF 		.ascii	"Hup\277\\7\225 J\314\272X\201\256\320A\020S\311%c\305"
 4457      5C379520 
 4457      4ACCBA58 
 4457      81AED041 
 4457      1053C925 
 4458 002b 4F8B2E3A 		.ascii	"O\213.:\352\206`\007[+#4\241\217-\272u(Y\377%k\022\021"
 4458      EA866007 
 4458      5B2B2334 
 4458      A18F2DBA 
 4458      752859FF 
 4459 0043 0549B72E 		.ascii	"\005I\267.\272\207\002\205P\351T lof\267\332\355\320"
 4459      BA870285 
 4459      50E95420 
 4459      6C6F66B7 
 4459      DAEDD0
 4460 0056 F07D33EF 		.ascii	"\360}3\357\275\371\375~\357\315\233\231\022\000\017"
 4460      BDF9FD7E 
 4460      EFCD9B99 
 4460      12000F
 4461 0065 0120C83F 		.ascii	"\001 \310?\344\001\216F\207\005\244R\251>)\304`\364"
ARM GAS  C:\Users\angio\AppData\Local\Temp\cciUCl9c.s 			page 139


 4461      E4018E46 
 4461      8705A452 
 4461      A93E29C4 
 4461      60F4
 4462 0077 B6C03934 		.ascii	"\266\30094^$\272\333\254\204\367\376 $\336\217\016\257"
 4462      5E24BADB 
 4462      AC84F7FE 
 4462      2024DE8F 
 4462      0EAF
 4463 0089 CE2F9DFD 		.ascii	"\316/\235\375\015\262\260_\032\003\241O\020\273}x\227"
 4463      0DB2B05F 
 4463      1A03A14F 
 4463      10BB7D78 
 4463      97
 4464 009a 26084729 		.ascii	"&\010G)F\2002c!\026\035UJ\375x29\023\337?\361,!c$`\222"
 4464      46803263 
 4464      21161D55 
 4464      4AFD7832 
 4464      3913DF3F 
 4465 00b5 0153882F 		.ascii	"\001S\210/Q\327\301@\272\011\207\023J-/L+\345\205\030"
 4465      51D7C140 
 4465      BA098713 
 4465      4A2D2F4C 
 4465      2BE58518 
 4466 00c9 11C6310B 		.ascii	"\021\3061\013\303\201\336\331\3024r\014\365R\314\222"
 4466      C381DED9 
 4466      C234720C 
 4466      F552CC92 
 4467 00d9 5BB3F12F 		.ascii	"[\263\361/IT\243\012Y\022g0G\264\367m!\237o\026u*\036"
 4467      4954A30A 
 4467      59126730 
 4467      47B4F76D 
 4467      219F6F16 
 4468 00f0 1C13C5EA 		.ascii	"\034\023\305\352\226\332z\037_KV\365\2479\271eh\364"
 4468      96DA7A1F 
 4468      5F4B56F5 
 4468      A739B965 
 4468      68F4
 4469 0102 F34F5642 		.ascii	"\363OVBm\247F\224\3728\207\213\357^\254\024\354B\316"
 4469      6DA74694 
 4469      FA38878B 
 4469      EF5EAC14 
 4469      EC42CE
 4470 0115 2E054F16 		.ascii	".\005O\026iKj\313\322\223\007q\032\275\232\225\017Z"
 4470      694B6ACB 
 4470      D2930771 
 4470      1ABD9A95 
 4470      0F5A
 4471 0127 0C464837 		.ascii	"\014FH7\312\214\203\254x\207\304_\027a\003\007\346g"
 4471      CA8C83AC 
 4471      7887C45F 
 4471      17610307 
 4471      E667
 4472 0139 56C62FB9 		.ascii	"V\306/\271\204\231\316\2209\311S\344\243xb\224\347\222"
 4472      8499CE90 
 4472      39C953E4 
 4472      A3786294 
ARM GAS  C:\Users\angio\AppData\Local\Temp\cciUCl9c.s 			page 140


 4472      E792
 4473 014b 075F211C 		.ascii	"\007_!\034K\273\022\027\360\221)}\003_\317\257\037p"
 4473      4BBB1217 
 4473      F091297D 
 4473      035FCFAF 
 4473      1F70
 4474 015d 49646832 		.ascii	"Idh2\207\266\203\3650\301\264\307\306\365\340\"\323"
 4474      87B683F5 
 4474      30C1B4C7 
 4474      C6F5E022 
 4474      D3
 4475 016e D0D006B6 		.ascii	"\320\320\006\266\207N\272\344e\246I\376yu\237K\364\277"
 4475      874EBAE4 
 4475      65A649FE 
 4475      79759F4B 
 4475      F4BF
 4476 0180 8C4B5919 		.ascii	"\214KY\031\231&s\323PN\2327\214\025\006;86\204.Y\214"
 4476      992673D3 
 4476      504E9A37 
 4476      8C15063B 
 4476      3836842E 
 4477 0196 D7D55958 		.ascii	"\327\325YX\004\353\030Y[\332\313\261t\3004\227\333A"
 4477      04EB1859 
 4477      5BDACBB1 
 4477      74C03497 
 4477      DB41
 4478 01a8 D9EDD8C2 		.ascii	"\331\355\330\302H2\272y\004\"(b\344\235\324%s91\332"
 4478      4832BA79 
 4478      04222862 
 4478      E49DD425 
 4478      733931DA 
 4479 01bc 69A0F29F 		.ascii	"i\240\362\237\316\215\375\374:\036p)\237\217c\366\255"
 4479      CE8DFDFC 
 4479      3A1E7029 
 4479      9F8F63F6 
 4479      AD
 4480 01cd AC7DFC86 		.ascii	"\254}\374\206\375\247\341\220~\020\037\342\021%Y/?s"
 4480      FDA7E190 
 4480      7E101FE2 
 4480      1125592F 
 4480      3F73
 4481 01df EB7A7CC7 		.ascii	"\353z|\307\201\344\203\315\345\002~\265,\240##\204\331"
 4481      81E483CD 
 4481      E5027EB5 
 4481      2CA02323 
 4481      84D9
 4482 01f1 F704505E 		.ascii	"\367\004P^}\242\261\272=t9T\337\335\323\032\0127\336"
 4482      7DA2B1BA 
 4482      3D743954 
 4482      DFDDD31A 
 4482      0A37DE
 4483 0204 08775D75 		.ascii	"\010w]u:\233[\332\232z\234\266\256\306\272`I}\360|\231"
 4483      3A9B5BDA 
 4483      9A7A9CB6 
 4483      AEC6BA60 
 4483      497DF07C 
 4484 0219 FF5CA022 		.ascii	"\377\\\240\"PWSr\241\241\272\266\346by\000N\371|6\177"
ARM GAS  C:\Users\angio\AppData\Local\Temp\cciUCl9c.s 			page 141


 4484      50575372 
 4484      A1A1BAB6 
 4484      E6627900 
 4484      4EF97C36 
 4485 022e 2D9A1976 		.ascii	"-\232\031v\374\245\245\245v\330\261\333\233;\354\316"
 4485      FCA5A5A5 
 4485      76D8B1DB 
 4485      9B3BECCE 
 4486 023e 7057B763 		.ascii	"pW\267c\033\222][{\306n\250\257\252\013^/\323{MN(\334"
 4486      1B925D5B 
 4486      7BC66EA8 
 4486      AFAA0B5E 
 4486      2FD37B4D 
 4487 0255 D4D1D1EA 		.ascii	"\324\321\321\352k\001\311f\347\236\234\230\357xe\240"
 4487      6B01C966 
 4487      E79E9C98 
 4487      EF7865A0 
 4488 0265 C21FA82C 		.ascii	"\302\037\250,\007\272\346\\\371\005I\2140\304"
 4488      07BAE65C 
 4488      F905498C 
 4488      30C4
 4489              		.text
 4490              		.section	.gnu.lto_sio_lld_put.419.1f2b2c89,"e",%progbits
 4491 0000 789C7D91 		.ascii	"x\234}\221\317k\023Q\020\307\347\373f\363K\245\336\264"
 4491      CF6B1351 
 4491      10C7E7FB 
 4491      66F34BA5 
 4491      DEB4
 4492 0012 78A81E04 		.ascii	"x\250\036\004\365\320\254IcZ\274\210\304\350%*$\351"
 4492      F5D0AC49 
 4492      635ABC88 
 4492      C4E8252A 
 4492      24E9
 4493 0024 2D106252 		.ascii	"-\020bRh0\220\220\264\212\227fm\003\202\202i\252\364"
 4493      68309090 
 4493      B48A9766 
 4493      6D038282 
 4493      69AAF4
 4494 0037 D06AC0B0 		.ascii	"\320j\300\260J=y\322\264\232b\250\376\001\342\325\203"
 4494      4A3D79D2 
 4494      B49A62A8 
 4494      FE01E2D5 
 4494      83
 4495 0048 3D89BD34 		.ascii	"=\211\2754\342/T\224\370v\223\346\207\007\037\273\263"
 4495      E22F5494 
 4495      F87693E6 
 4495      87071FBB 
 4495      B3
 4496 0059 33F33EDF 		.ascii	"3\363>\337\2317o\317\012\242%\"\362\313\227,\204\205"
 4496      99376FCF 
 4496      0AA22522 
 4496      F2CB972C 
 4496      8485
 4497 006b D24D41CD 		.ascii	"\322MA\315f3\257\0101W\272%\360\002fT(\015\230_\306"
 4497      6633AF08 
 4497      3157BA25 
 4497      F0026654 
ARM GAS  C:\Users\angio\AppData\Local\Temp\cciUCl9c.s 			page 142


 4497      280D985F 
 4498 0080 DD0EA1E0 		.ascii	"\335\016\241\340\372\341\235}P^\260\202<\356\3601M\323"
 4498      FAE19D7D 
 4498      505EB082 
 4498      3CEEF031 
 4498      4DD3
 4499 0092 7E3C2CBF 		.ascii	"~<,\277\257\016j+u\350LTfj\255{\214\005\326\031P\332"
 4499      AF0E6A2B 
 4499      75E84C54 
 4499      666AAD7B 
 4499      8C05D619 
 4500 00a8 9EC021E9 		.ascii	"\236\300!\351\3615:R\327\2647\353\253\232\346 \235\031"
 4500      F1353A52 
 4500      D7B437EB 
 4500      AB9AE620 
 4500      9D19
 4501 00ba 55480D9E 		.ascii	"UH\015\236\001OAFb\346\366\220\301-\242\005n\265A\005"
 4501      014F4146 
 4501      62E6F690 
 4501      C12DA205 
 4501      6EB54105 
 4502 00ce 6BFDA032 		.ascii	"k\375\2402\263<Dd\335i)s\364\344\255\245\256\375n\026"
 4502      B33C4464 
 4502      DD692973 
 4502      F4E4ADA5 
 4502      AEFD6E16 
 4503 00e2 35EDCF07 		.ascii	"5\355\317\007\374\252*{ 9\2130\014KcU\014c\003Va\007"
 4503      FCAA2A7B 
 4503      20398B30 
 4503      0C4B6355 
 4503      0C630356 
 4504 00f8 9E4B4591 		.ascii	"\236KE\221\215\361\314uP\206\363,\272!h\033\263\265"
 4504      8DF1CC75 
 4504      5086F32C 
 4504      BA21681B 
 4504      B3B5
 4505 010a 9F5F9707 		.ascii	"\237_\227\007*\214\366\014\014c\256G\220c\333u\266U"
 4505      2A8CF60C 
 4505      0C63AE47 
 4505      9063DB75 
 4505      B655
 4506 011c D8861AE8 		.ascii	"\330\206\032\350x+\264`\035\367\315\263lcc\351\361\276"
 4506      782BB460 
 4506      1DF7CDB3 
 4506      6C6363E9 
 4506      F1BE
 4507 012e B6C6D2D5 		.ascii	"\266\306\322\325\254\354\325\331.\253\341\245\024=0"
 4507      ACECD5D9 
 4507      2EABE1A5 
 4507      143D30
 4508 013d 450ED4A5 		.ascii	"E\016\324\245H\366\256\260\335l\270\366\335h(\376\327"
 4508      48F6AEB0 
 4508      DD6CB8F6 
 4508      DD6828FE 
 4508      D7
 4509 014e 66A3DBA6 		.ascii	"f\243\333\246\346\2500\367\260\262\272\350\253\376Z"
 4509      E6A830F7 
ARM GAS  C:\Users\angio\AppData\Local\Temp\cciUCl9c.s 			page 143


 4509      B0B2BAE8 
 4509      ABFE5A
 4510 015d B2C264E7 		.ascii	"\262\302d\347\026o\240\302\212\344\215SY\241\201\266"
 4510      166FA0C2 
 4510      8AE48D53 
 4510      59A181B6 
 4511 016d 50F8F8EA 		.ascii	"P\370\370\352\200L\2662\255\0377\317\334{\011\237P\330"
 4511      804CB632 
 4511      AD1F37CF 
 4511      DC7B099F 
 4511      50D8
 4512 017f 7CD7384A 		.ascii	"|\3278J\005\010\235w\225[G\265\351\274\333D\225\177"
 4512      05089D77 
 4512      955B47B5 
 4512      E9BCDB44 
 4512      957F
 4513 0191 D12F8DC1 		.ascii	"\321/\215\301\016*:\350g\314n~k\330\315\372EF\357\235"
 4513      0E2A3AE8 
 4513      67CC6E7E 
 4513      6BD8CDFA 
 4513      4546EF9D 
 4514 01a5 13797D27 		.ascii	"\023y}'#\276\311\344\245dhj:\221LG\256\246\263\227s"
 4514      23BEC9E4 
 4514      A564686A 
 4514      3A914C47 
 4514      AEA6B397 
 4515 01ba 99587C22 		.ascii	"\231X|\":\235\233\310F\202\341\341P\370\374\210\373"
 4515      3A9D9BC8 
 4515      4682E1E1 
 4515      50F8FC88 
 4515      FB
 4516 01cb 9C67D413 		.ascii	"\234g\324\023\364\017_\030\367\005\374\027\275\036:"
 4516      F40F5F18 
 4516      F705FC17 
 4516      BD1E3A
 4517 01da E574AAF2 		.ascii	"\345t\252\362\211\033\312t\316\355r\271\324tN\235\214"
 4517      891BCA74 
 4517      CEED72B9 
 4517      D4744E9D 
 4517      8C
 4518 01eb A5D44C3A 		.ascii	"\245\324L:;\225SM\221\032\010\234Q\307C\247\203\341"
 4518      3B95534D 
 4518      911A089C 
 4518      51C743A7 
 4518      83E1
 4519 01fd 2B23C65E 		.ascii	"+#\306^4\227LGS\251\2043N\212t3\373\373r\316\023c\236"
 4519      34974C47 
 4519      53A98433 
 4519      4E8A7433 
 4519      FBFB72CE 
 4520 0214 51B767CC 		.ascii	"Q\267g\314KJ\"6\025\373\013\032\212\002{"
 4520      4B4A2236 
 4520      15FB0B1A 
 4520      8A027B
 4521              		.text
 4522              		.section	.gnu.lto_sio_lld_control.420.1f2b2c89,"e",%progbits
 4523 0000 789CAB60 		.ascii	"x\234\253`d`X\314\300\300`\000\304\014,\014\214\223"
ARM GAS  C:\Users\angio\AppData\Local\Temp\cciUCl9c.s 			page 144


 4523      646058CC 
 4523      C0C06000 
 4523      C40C2C0C 
 4523      8C93
 4524 0012 26763131 		.ascii	"&v11\374\377\377\277\236\205\211q\362\304\256\343\247"
 4524      FCFFFFBF 
 4524      9E858971 
 4524      F2C4AEE3 
 4524      A7
 4525 0023 0EBB31EE 		.ascii	"\016\2731\356e\004\013036\262\200\031\214\014\365L\314"
 4525      65040B30 
 4525      3336B280 
 4525      198C0CF5 
 4525      4CCC
 4526 0035 8CF58C93 		.ascii	"\214\365\214\223\231\34703Nb^\302\314\300\310\002e1"
 4526      99E73033 
 4526      4E625EC2 
 4526      CCC0C802 
 4526      6531
 4527 0047 322A6836 		.ascii	"2*h644\374X:o\326N\2319+\016\260,afb\230\007T\260\225"
 4527      3434FC58 
 4527      3A6FD64E 
 4527      99392B0E 
 4527      B02C6166 
 4528 0061 91710B23 		.ascii	"\221q\013#\310\016\240B\346J\006\365\003\015\015\027"
 4528      C80EA042 
 4528      E64A06F5 
 4528      030D0D17 
 4529 0071 4EED6868 		.ascii	"N\355hh\340dX\302\314\314\270\235\021I\015P\240\356"
 4529      E06458C2 
 4529      CCCCB89D 
 4529      11490D50 
 4529      A0EE
 4530 0083 A62C48DD 		.ascii	"\246,H\3354F\210\302\267P\205,\214;Q\025\262\324=\003"
 4530      344688C2 
 4530      B750852C 
 4530      8C3B5115 
 4530      B2D43D03 
 4531 0097 2B5C0055 		.ascii	"+\\\000U\330\327\334\336 \000\264\223\225q7\252B\326"
 4531      D8D7DCDE 
 4531      2000B493 
 4531      957137AA 
 4531      42D6
 4532 00a9 BACFB20C 		.ascii	"\272\317\262\014\014l\014 \267\000\001P\214Q\265\241"
 4532      0C6C0C20 
 4532      B7000150 
 4532      8C51B5A1 
 4533 00b9 B5E1C38A 		.ascii	"\265\341\303\212\235/\03686Nj`\304p'\303\372K\254\007"
 4533      9D2F1E38 
 4533      364E6A60 
 4533      C47027C3 
 4533      FA4BAC07 
 4534 00cd 1AFEFCEF 		.ascii	"\032\376\374\357oh\270~\222q\343\346\037W\346\000=\315"
 4534      6F68B87E 
 4534      9271E3E6 
 4534      1F57E600 
 4534      3DCD
ARM GAS  C:\Users\angio\AppData\Local\Temp\cciUCl9c.s 			page 145


 4535 00df 0052C7D0 		.ascii	"\000R\307\320\317\014\012\"0\220\007*\236\300\314\204"
 4535      CF0C0A22 
 4535      3090072A 
 4535      9EC0CC84 
 4536 00ef E03232BC 		.ascii	"\34022\274cl\372\304\261\010\022\036L`\263&03#)`|\303"
 4536      636CFAC4 
 4536      B108121E 
 4536      4C60B326 
 4536      30332329 
 4537 0106 D8E8C0A0 		.ascii	"\330\350\300\240\014\014\246\017+w\2664\2600-af\203"
 4537      0C0CA60F 
 4537      2B77B634 
 4537      B0302D61 
 4537      6683
 4538 0118 BA0B043E 		.ascii	"\272\013\004>16=\270\370\351\202 0\330\201\206\200D"
 4538      31363DB8 
 4538      F8E98220 
 4538      30D88186 
 4538      8044
 4539 012a FA991991 		.ascii	"\372\231\031\221\255c`0s\266\212q\316\310L\312\014."
 4539      AD636030 
 4539      73B68A71 
 4539      CEC84CCA 
 4539      0C2E
 4540 013c 294DC9CC 		.ascii	")M\311\314\217)\317/\312..HLN\215/-N-\212\011\012\321"
 4540      8F29CF2F 
 4540      CA2E2E48 
 4540      4C4E8D2F 
 4540      2D4E2D8A 
 4541 0153 0D0EF135 		.ascii	"\015\016\36156r717\011r\325\365\013u\366q\36573a\260"
 4541      36723731 
 4541      370972D5 
 4541      F50B75F6 
 4541      71F53733 
 4542 0169 D7D3D307 		.ascii	"\327\323\323\007\242d\220\316\374b#CCC\375\374b\375"
 4542      A26490CE 
 4542      FC622343 
 4542      4343FDFC 
 4542      62FD
 4543 017b 8CC41CFD 		.ascii	"\214\304\034\375\202\374\242\222b}\260&}\037\037\027"
 4543      82FCA292 
 4543      627DB026 
 4543      7D1F1F17 
 4544 018b FDD060C7 		.ascii	"\375\320`\307\240\2202c\220\\|qf~|NN\212^2\003\013\220"
 4544      A0903263 
 4544      905C7C71 
 4544      667E7C4E 
 4544      4E8A5E32 
 4545 01a2 59208E22 		.ascii	"Y \216\"\246gjabndba\306\300\231_\220Z\224X\222\231"
 4545      A6676A61 
 4545      626E6462 
 4545      61C6C099 
 4545      5F905A94 
 4546 01b9 9FC79C58 		.ascii	"\237\307\234X\224\016\000v\355\307S"
 4546      940E0076 
 4546      EDC753
 4547              		.text
ARM GAS  C:\Users\angio\AppData\Local\Temp\cciUCl9c.s 			page 146


 4548              		.section	.gnu.lto_sio_lld_serve_interrupt.421.1f2b2c89,"e",%progbits
 4549 0000 789C8556 		.ascii	"x\234\205V[l\023G\024\235\273\263k\257\337NB\002\037"
 4549      5B6C1347 
 4549      149DBBB3 
 4549      6BAFDF4E 
 4549      42021F
 4550 0013 84186855 		.ascii	"\204\030hU\372\221\270\001\027\254\252\022\252R\304"
 4550      FA91B801 
 4550      17ACAA12 
 4550      AA52C4
 4551 0022 0F7D08C2 		.ascii	"\017}\010\302\037\022\202\020\211\264\250A1P\365\007"
 4551      1F128210 
 4551      89B4A841 
 4551      3150F507 
 4552 0032 9610A08A 		.ascii	"\226\020\240\212\204\022B\213\200\332F]\014\312W+\025"
 4552      8412428B 
 4552      80DA465D 
 4552      0CCA572B 
 4552      15
 4553 0043 B5600890 		.ascii	"\265`\010\220\202Z\220\020\004!!\240Pa\212\372H\325"
 4553      825A9010 
 4553      042121A0 
 4553      50618AFA 
 4553      48D5
 4554 0055 120A15E1 		.ascii	"\022\012\025\341U\334{g\037Yl'\266\222\361\314\354\271"
 4554      55DC7B67 
 4554      1F596C27 
 4554      B692F1CC 
 4554      ECB9
 4555 0067 E7CE39F7 		.ascii	"\347\3169\367\356\256\373\274\214\035b\214M\001\034"
 4555      EEAEFBBC 
 4555      8C1D628C 
 4555      4D011C
 4556 0076 2A18F4ED 		.ascii	"*\030\364\355\354\226X>\237\337$K\260\013\347\360=\210"
 4556      EC96583E 
 4556      9FDF244B 
 4556      B00BE7F0 
 4556      3D88
 4557 0088 1597BA76 		.ascii	"\025\227\272v\372\304\254\277\367\027cK\226\266\232"
 4557      FAC4ACBF 
 4557      F717634B 
 4557      96B69A
 4558 0097 5BDB7606 		.ascii	"[\333v\006\305\267\002\373\372t\343\242K\332n^\334c"
 4558      C5B702FB 
 4558      FA74E3A2 
 4558      4BDA6E5E 
 4558      DC63
 4559 00a9 E1DDB0A7 		.ascii	"\341\335\260\247O\237n\220\253\322\336\336o\246[\344"
 4559      4F9F6E90 
 4559      ABD2DEDE 
 4559      6FA65BE4 
 4560 00b9 FB2C8887 		.ascii	"\373,\210\207\010L\210W\372\302\001IZ\020\037$m\210"
 4560      084C8857 
 4560      FAC20149 
 4560      5A101F24 
 4560      6D88
 4561 00cb 5F4A3920 		.ascii	"_J9 i\013\022\200\264\015\011J\373\035\020\373\354!"
ARM GAS  C:\Users\angio\AppData\Local\Temp\cciUCl9c.s 			page 147


 4561      690B1280 
 4561      B40D094A 
 4561      FB1D10FB 
 4561      EC21
 4562 00dd E8B72161 		.ascii	"\350\267!a\330\374\222\005\000\266I\342\262\342r\253"
 4562      D8FC9205 
 4562      00B649E2 
 4562      B2E272AB 
 4563 00ed 1EAFCF1F 		.ascii	"\036\257\317\037\010\206\302\260\011v\361W5M{t0},;E"
 4563      0886C2B0 
 4563      0976F157 
 4563      354D7B74 
 4563      307D2C3B 
 4564 0102 EB1F840C 		.ascii	"\353\037\204\014g,\215\377\342\223\344\320\3073\034"
 4564      672C8DFF 
 4564      E293E4D0 
 4564      C7331C
 4565 0111 40366712 		.ascii	"@6g\022Dp\306?a\257\014j\332\245\353G5\315\3032\234"
 4565      4470C63F 
 4565      61AF0C6A 
 4565      DAA5EB47 
 4565      35CDC332 
 4566 0126 C311C018 		.ascii	"\303\021\300\030\370\016\340[\264\03276\3769UD\363\335"
 4566      F80EE05B 
 4566      B41A3736 
 4566      FE395544 
 4566      F3DD
 4567 0138 405F2F23 		.ascii	"@_/#\372\336\211l\3466h}\032\246\220!\353\014`lc\262"
 4567      FADE896C 
 4567      E636687D 
 4567      1AA69021 
 4567      EB0C606C 
 4568 014e 96D0FB6C 		.ascii	"\226\320\373l\364\245$qG\010z\274\000\332#\240\3511"
 4568      F4A52471 
 4568      47087ABC 
 4568      00DA23A0 
 4568      E931
 4569 0160 E281ECB3 		.ascii	"\342\201\354\263\234I\254\300\211\002t\247@\037\034"
 4569      9C49ACC0 
 4569      890274A7 
 4569      401F1C
 4570 016f 431FCFF6 		.ascii	"C\037\317\366[\307p\301\251\002\364\350T\027\203A\200"
 4570      5BC770C1 
 4570      A902F4E8 
 4570      54178341 
 4570      80
 4571 0180 93000300 		.ascii	"\223\000\003\000\307\300\264\002/*\316\355~\316\276"
 4571      C7C0B402 
 4571      2F2ACEED 
 4571      7ECEBE
 4572 018f BEAC0C6A 		.ascii	"\276\254\014j\317\362=\232v\365<\374s\376\360H\305|"
 4572      CFF23D9A 
 4572      76F53CFC 
 4572      73FEF048 
 4572      C57C
 4573 01a1 607855A2 		.ascii	"`xU\242\201\323 3D*\350\206\333E\203\233\006\225\006"
 4573      81D32033 
ARM GAS  C:\Users\angio\AppData\Local\Temp\cciUCl9c.s 			page 148


 4573      442AE886 
 4573      DB45839B 
 4573      069506
 4574 01b4 B2CCEDC5 		.ascii	"\262\314\355\305A\365\321\340\247e\200fA\232\205h\026"
 4574      41F5D1E0 
 4574      A7658066 
 4574      419A8568 
 4574      16
 4575 01c5 A65905CD 		.ascii	"\246Y\005\315*iVE\263I8x\252i\250!\346Z\200\2430\215"
 4575      2A695645 
 4575      B3493878 
 4575      AA69A821 
 4575      E65A80A3 
 4576 01db 4E5B47D9 		.ascii	"N[G\331\"\2647\203\341\021g\322r\026-\353ih\240e\214"
 4576      22B43783 
 4576      E11167D2 
 4576      72162DEB 
 4576      6968A065 
 4577 01f0 66719A31 		.ascii	"fq\2321\326\303\2515\304\247\016\227\275\\\032[\002"
 4577      D6C3A935 
 4577      C4A70E97 
 4577      BD5C1A5B 
 4577      02
 4578 0201 BB0B9D03 		.ascii	"\273\013\235\003\217\177N6\353|\232Ys.\274;\004\330"
 4578      8F7F4E36 
 4578      EB7C9A59 
 4578      732EBC3B 
 4578      04D8
 4579 0213 26FDB519 		.ascii	"&\375\265\031\356\325y-\234\006\366\032\256U\362\360"
 4579      EED5792D 
 4579      9C06F61A 
 4579      AE55F2F0 
 4580 0223 0CA4CC7E 		.ascii	"\014\244\314~\351\345\374E\252\323\003\331_\223A\235"
 4580      E9E5FC45 
 4580      AAD303D9 
 4580      5F93419D 
 4581 0233 D799542E 		.ascii	"\327\231T.\007U \303}\230\004~@\252/\005\225\037~D*"
 4581      075520C3 
 4581      7D98047E 
 4581      40AA2F05 
 4581      951F7E44 
 4582 0248 2A04453E 		.ascii	"*\004E>\026\221\221\011\361\347\020/!\376\036t\345R"
 4582      16919109 
 4582      F1E7102F 
 4582      21FE1E74 
 4582      E552
 4583 025a 0F72A073 		.ascii	"\017r\240s\245\013\244\014\017\244\211\006\017\232\341"
 4583      A50BA40C 
 4583      0FA48906 
 4583      0F9AE1
 4584 0269 41A168B8 		.ascii	"A\241h\270^\347.\213J-\022\241\300yd\342\"\363\226\335"
 4584      5EE72E8B 
 4584      4A2D12A1 
 4584      C07964E2 
 4584      22F396DD 
 4585 027d DBAF20D1 		.ascii	"\333\257 \321\014\344\302\0306\014]\303gN\375\266\002"
 4585      0CE4C218 
ARM GAS  C:\Users\angio\AppData\Local\Temp\cciUCl9c.s 			page 149


 4585      360C5DC3 
 4585      674EFDB6 
 4585      02
 4586 028e 77488102 		.ascii	"wH\201\002\226T\371E\251\030v\365\302\001\344u\233H"
 4586      9654F945 
 4586      A91876F5 
 4586      C201E475 
 4586      9B48
 4587 02a0 37E47C46 		.ascii	"7\344|F\364J\3344v\254X\245\300\246\373GG\222o\332J"
 4587      F44ADC34 
 4587      76AC58A5 
 4587      C0A6FB47 
 4587      47926FDA 
 4588 02b5 FD25945E 		.ascii	"\375%\224^\302\363\311\214\0314a3\337\3053\230\014\225"
 4588      C2F3C98C 
 4588      19346133 
 4588      DFC53398 
 4588      0C95
 4589 02c7 458CEDE7 		.ascii	"E\214\355\347H\0304.\335\270\310u\336\200\306\033WF"
 4589      4818342E 
 4589      DDB8C875 
 4589      DE80C61B 
 4589      5746
 4590 02d9 FECBE743 		.ascii	"\376\313\347C\302\325\275\017\247\352\\u8ag\232Ni\256"
 4590      C2D5BD0F 
 4590      A7EA5C75 
 4590      3861679A 
 4590      4E69AE
 4591 02ec 601AC5B2 		.ascii	"`\032\305\262\001]\360 \330\2408\2257)\356u\303\270"
 4591      015DF020 
 4591      D8A03895 
 4591      3729EE75 
 4591      C3B8
 4592 02fe E1D78C70 		.ascii	"\341\327\214p\214\303\222l\311\335z\020g\242\036\241"
 4592      8CC3926C 
 4592      C9DD7A10 
 4592      67A21EA1 
 4593 030e 349529C3 		.ascii	"4\225)\303\351\340\235\237u#\261\267D1p\313\254G\005"
 4593      E9E09D9F 
 4593      7523B1B7 
 4593      443170CB 
 4593      AC4705
 4594 0321 DC402617 		.ascii	"\334@&\027\303hcC\205\233@e\336\0321\010+\323T-\244"
 4594      C3686343 
 4594      859B4065 
 4594      DE1A3108 
 4594      2BD3542D 
 4595 0336 A1C35501 		.ascii	"\241\303U\001\336\313\223lj_\031\352\034R\273\235\324"
 4595      DECB936C 
 4595      6A5F19EA 
 4595      1C52BB9D 
 4595      D4
 4596 0347 B74B52FB 		.ascii	"\267KR\373\340\226\240E!\021[\205l\250\240\032\272\212"
 4596      E096A045 
 4596      21115B85 
 4596      6CA8A01A 
 4596      BA8A
ARM GAS  C:\Users\angio\AppData\Local\Temp\cciUCl9c.s 			page 150


 4597 0359 EAFFFBD0 		.ascii	"\352\377\373\320\035\314\347\267\353\257\311F\375?\300"
 4597      1DCCE7B7 
 4597      EBAFC946 
 4597      FD3FC0
 4598 0368 4D1802B3 		.ascii	"M\030\002\263\366\356\242\270\374\320\001\254\343\314"
 4598      F6EEA2B8 
 4598      FCD001AC 
 4598      E3CC
 4599 0376 B16A09AB 		.ascii	"\261j\011\253\311\300\317\037\236\203\361\034\014\224"
 4599      C9C0CF1F 
 4599      9E83F11C 
 4599      0C94
 4600 0384 91F947A1 		.ascii	"\221\371G\241\314\341\2222\003\224\263\032\330DR\325"
 4600      CCE19232 
 4600      0394B31A 
 4600      D84452D5 
 4601 0394 A2238F5E 		.ascii	"\242#\217^#\251A[\352\230\322\240\251\364\011\340\031"
 4601      23A9415B 
 4601      EA98D2A0 
 4601      A9F409E0 
 4601      19
 4602 03a5 EB5C5FED 		.ascii	"\353\\_\355=\213\2358\323\375|\377\331 2y\012\033\377"
 4602      3D8B9D38 
 4602      D3FD7CFF 
 4602      D9203279 
 4602      0A1BFF
 4603 03b8 D185D4FB 		.ascii	"\321\205\324\373\023\336\342#F\343\303e\313\254\353"
 4603      13DEE223 
 4603      46E3C365 
 4603      CBACEB
 4604 03c7 64D62CBB 		.ascii	"d\326,\273\351\363\242\351\311\254+\023\230\025*c\326"
 4604      E9F3A2E9 
 4604      C9AC2B13 
 4604      98152A63 
 4604      D6
 4605 03d8 83C276FB 		.ascii	"\203\302v\373\267\244Y!\370k\302\236\360\026\327\366"
 4605      B7A45921 
 4605      F86BC29E 
 4605      F016D7F6 
 4606 03e8 277A2684 		.ascii	"'z&\204m\243T\373\221\020\266\215\222\360VUN\246\266"
 4606      6DA354FB 
 4606      9110B68D 
 4606      92F05655 
 4606      4EA6B6
 4607 03fb 87740EAA 		.ascii	"\207t\016\252\214i\300\203\2732\336\332\312\241\324"
 4607      8C69C083 
 4607      BB32DEDA 
 4607      CAA1D4
 4608 040a 427C7BA3 		.ascii	"B|{\243X\365\2440r\226\347\371aa\244\257\370\351s\343"
 4608      58F5A430 
 4608      7296E7F9 
 4608      6161A4AF 
 4608      F8E973E3 
 4609 041e 8E4BE731 		.ascii	"\216K\3471\235\313\2661O\215.z\372p\334\333\260\242"
 4609      9DCBB631 
 4609      4F8D2E7A 
 4609      FA70DCDB 
ARM GAS  C:\Users\angio\AppData\Local\Temp\cciUCl9c.s 			page 151


 4609      B0A2
 4610 0430 8C2F4FD1 		.ascii	"\214/O\321\027\325\351\313\263\222\276T\224\361\305"
 4610      17D5E9CB 
 4610      B392BE54 
 4610      94F1C5
 4611 043f 5F74DAA1 		.ascii	"_t\332\241\233\344K%\372B\225\265<\251\264=\251A\035"
 4611      9BE44B25 
 4611      FA4295B5 
 4611      3CA9B43D 
 4611      A9411D
 4612 0452 5EF222E6 		.ascii	"^\362\"\346\373\352\310\331\035\200. O\240\210\347\316"
 4612      FBEAC8D9 
 4612      1D802E20 
 4612      4FA088E7 
 4612      CE
 4613 0463 4D7425AE 		.ascii	"Mt%\256\343\017\223\253 \304\356\037\035WlU\031\261"
 4613      E30F93AB 
 4613      20C4EE1F 
 4613      1D576C55 
 4613      19B1
 4614 0475 9BA5143E 		.ascii	"\233\245\024>\270\034b;\245Rb\253\312\210\015\026\364"
 4614      B81C623B 
 4614      A55262AB 
 4614      CA880D16 
 4614      F4
 4615 0486 F8EEC77F 		.ascii	"\370\356\307\177\247\342v\217\363\022=\276MJ\031\357"
 4615      A7E2768F 
 4615      F3123DBE 
 4615      4D4A19EF 
 4616 0496 2B2EF0D9 		.ascii	"+.\360\331\273e\360\237J\342\265\247\363\032\343u=\222"
 4616      BB65F09F 
 4616      4AE2B5A7 
 4616      F31AE375 
 4616      3D92
 4617 04a8 423993C6 		.ascii	"B9\223\306\177\275\325@7F\340\217aat\023b\251Ej\214"
 4617      7FBDD540 
 4617      3746E08F 
 4617      61617413 
 4617      62A9456A 
 4618 04bd 27D21340 		.ascii	"'\322\023@\007%?y\035\017\\\314\332^\207\0342`,M\365"
 4618      07253F79 
 4618      1D0F5CCC 
 4618      DA5E871C 
 4618      32602C4D 
 4619 04d2 44697698 		.ascii	"Div\230i\360}\034A\276j\343\025<Y\330\022v\332r\037"
 4619      69F07D1C 
 4619      41BE6AE3 
 4619      153C59D8 
 4619      1276DA72 
 4620 04e7 3A73D747 		.ascii	":s\327GUq\200\036\016\316\337#\214\315mzcY\323\352\266"
 4620      5571801E 
 4620      0ECEDF23 
 4620      8CCD6D7A 
 4620      6359D3EA 
 4621 04fc 956D4BD6 		.ascii	"\225mK\326\255_\325\326\276\354\343\366\216\017\023"
 4621      AD5FD5D6 
 4621      BEECE3F6 
ARM GAS  C:\Users\angio\AppData\Local\Temp\cciUCl9c.s 			page 152


 4621      8E0F13
 4622 050b 6B57B4B4 		.ascii	"kW\264\264._\237h\355X\266\270\271~I\363;sf/\214\315"
 4622      2E5F9F68 
 4622      ED58B6B8 
 4622      B97E49F3 
 4622      3B73662F 
 4623 0521 8B2D5E50 		.ascii	"\213-^P\377\356\322\246E\013\336\233\033c\363\033\032"
 4623      FFEED2A6 
 4623      450BDE9B 
 4623      1B63F31B 
 4623      1A
 4624 0532 A2F8D742 		.ascii	"\242\370\327B\221\355\211\331\215\215\215\321\366Dt"
 4624      91ED89D9 
 4624      8D8D8DD1 
 4624      F64474
 4625 0541 F58A35D1 		.ascii	"\365\2125\321\265\355\035\353\022Q\021\024]\264\350"
 4625      B5ED1DEB 
 4625      12511114 
 4625      5DB4E8
 4626 0550 EDE8D225 		.ascii	"\355\350\322%o-n\3360\207\256-O\264\265/_\263fUC\013"
 4626      6F2D6EDE 
 4626      3087AE2D 
 4626      4FB4B52F 
 4626      5FB36655 
 4627 0566 9371BA76 		.ascii	"\223q\272v\362\013{\015\257\307c\363f\307\342s\031o"
 4627      F20B7B0D 
 4627      AFC763F3 
 4627      66C7E273 
 4627      196F
 4628 0578 E99883FF 		.ascii	"\351\230\203\377\215\256\326\015\255\037\255K\300\372"
 4628      8DAED60D 
 4628      AD1FAD4B 
 4628      C0FA
 4629 0586 FF01AB15 		.ascii	"\377\001\253\025\006\027"
 4629      0617
 4630              		.text
 4631              		.section	.gnu.lto_prescvals.0.425.1f2b2c89,"e",%progbits
 4632 0000 789C45C9 		.ascii	"x\234E\311\271\015\302P\020E\321\271\177\214\001\343"
 4632      B90DC250 
 4632      1045D1B9 
 4632      7F8C01E3 
 4633 0010 8012101D 		.ascii	"\200\022\020\035\000\021]Q\202\345\210\230\230\320%"
 4633      00115D51 
 4633      82E58898 
 4633      98D025
 4634 001f B0AF6677 		.ascii	"\260\257fwYF\010=\217^puf\210\331w\277[:\013/\334\310"
 4634      5946083D 
 4634      8F5E7075 
 4634      6688D977 
 4634      BF5B3A0B 
 4635 0036 C23FA1D7 		.ascii	"\302?\241\327 \302DX\232\260+\034\250\372\372\266e\251"
 4635      20C24458 
 4635      9AB02B1C 
 4635      A8FAFAB6 
 4635      65A9
 4636 0048 2C9625B2 		.ascii	",\226%\262\226\254#\213d\261\314e\221,\310\232b\232"
 4636      96AC238B 
ARM GAS  C:\Users\angio\AppData\Local\Temp\cciUCl9c.s 			page 153


 4636      64B1CC65 
 4636      912CC89A 
 4636      629A
 4637 005a CFB359E1 		.ascii	"\317\263Y\341\201\021\025\214\371\300\033^\360\204\007"
 4637      8111158C 
 4637      F9C01B5E 
 4637      F08407
 4638 0069 DCE10625 		.ascii	"\334\341\006%\\\341\002g8\301\021&\034`\017;\330\302"
 4638      5CE10267 
 4638      38C11126 
 4638      1C600F3B 
 4638      D8C2
 4639 007b 06D6B0C2 		.ascii	"\006\326\260\302j\353\214<\333"
 4639      6AEB8C3C 
 4639      DB
 4640              		.text
 4641              		.section	.gnu.lto_.symbol_nodes.1f2b2c89,"e",%progbits
 4642 0000 789C7DD4 		.ascii	"x\234}\324KN\3030\020\006\340\261\377$\205\246\017\332"
 4642      4B4EC330 
 4642      1006E0B1 
 4642      FF2485A6 
 4642      0FDA
 4643 0012 B40D6991 		.ascii	"\264\015i\221\272\340\002\234\241\327`\311A&Q$\330\""
 4643      BAE0029C 
 4643      A1D760C9 
 4643      41265124 
 4643      D822
 4644 0024 DEEF5778 		.ascii	"\336\357Wx\210\005G\000\011\262g\007\027\010\367\000"
 4644      88054700 
 4644      09B26707 
 4644      1708F700 
 4645 0034 1581F008 		.ascii	"\025\201\360\010u\274\3735\237\307\013{\274\352\023"
 4645      75BCFB35 
 4645      9FC70B7B 
 4645      BCEA13
 4646 0043 917D364C 		.ascii	"\221}6L\237?kl6_\211\230\3501\315\262\02524]\366\305"
 4646      9F3F6B6C 
 4646      365F8998 
 4646      E831CDB2 
 4646      1532345D 
 4647 0059 B0D1C59B 		.ascii	"\260\321\305\233e\253\213w\313\320\305\016\330\323\305"
 4647      65AB8B77 
 4647      CBD0C50E 
 4647      D8D3C5
 4648 0068 2ED8D7C5 		.ascii	".\330\327\305\0368\320\305>\270\246\213\003\360\234"
 4648      1E38D0C5 
 4648      3EB8A68B 
 4648      03F09C
 4649 0077 2AFC7BD0 		.ascii	"*\374{\320\372\204\010\376\026\314\306d\272\347\303"
 4649      FA8408FE 
 4649      16CCC664 
 4649      BAE7C3
 4650 0086 F2BCDEF5 		.ascii	"\362\274\336\365\020\\\377'\236\262\314\374\202#p\250"
 4650      105CFF27 
 4650      9EB2CCFC 
 4650      822370A8 
 4651 0096 017F1BF6 		.ascii	"\001\177\033\366\373T{\014n\250\255N\300M\025\234\202"
ARM GAS  C:\Users\angio\AppData\Local\Temp\cciUCl9c.s 			page 154


 4651      FB547B0C 
 4651      6EA8AD4E 
 4651      C04D159C 
 4651      82
 4652 00a7 5B2A3803 		.ascii	"[*8\003\267Up\016^P\301\005\270\243\202KpW\005W\340"
 4652      B755700E 
 4652      5E50C105 
 4652      B8A3824B 
 4652      70570557 
 4653 00bc 480505B8 		.ascii	"H\005\005\270\247\202kp_\0057\340\201\006\314\0038\226"
 4653      A7826B70 
 4653      5F0537E0 
 4653      8106CC03 
 4653      3896
 4654 00ce 80284DD3 		.ascii	"\200(M\323i\325\334\201\027g\325n\301\311\214\032\254"
 4654      69D5DC81 
 4654      1767D56E 
 4654      C1C98C1A 
 4654      AC
 4655 00df 336DCB80 		.ascii	"3m\313\200qS8tScI\244\321_ZC\323y\243U\033\035g0J\203"
 4655      71533874 
 4655      536349A4 
 4655      D15F5A43 
 4655      D379A355 
 4656 00f9 AE27A353 		.ascii	"\256'\243S\255\014zN5\017\320\017dt\346\243\250c q\034"
 4656      AD0C7A4E 
 4656      350FD00F 
 4656      6474E6A3 
 4656      A8632071 
 4657 010e 8856714D 		.ascii	"\210VqMT\023\347\306r\203\304\371\024\362:\022\347\201"
 4657      5413E7C6 
 4657      7283C4F9 
 4657      14F23A12 
 4657      E781
 4658 0120 9732E621 		.ascii	"\2272\346!\022\347\177(B\261\267h\011\\\265\004\316"
 4658      12E77F28 
 4658      42B1B768 
 4658      095CB504 
 4658      CE
 4659 0131 DB02975D 		.ascii	"\333\002\227]\3319\222\235#\201\253\201\300E,p\031K"
 4659      D939929D 
 4659      2381AB81 
 4659      C0452C70 
 4659      194B
 4660 0143 3C947824 		.ascii	"<\224x$\361\310s\356\274\030\323\027(\255~\024"
 4660      F1C873EE 
 4660      BC18D317 
 4660      28AD7E14 
 4661              		.text
 4662              		.section	.gnu.lto_.refs.1f2b2c89,"e",%progbits
 4663 0000 789C1DC8 		.ascii	"x\234\035\310A\022\000\021\020\004\301\232\036\004\035"
 4663      41120011 
 4663      1004C19A 
 4663      1E041D
 4664 000f D877F8FF 		.ascii	"\330w\370\377\007m8\344%\017\240\316\250\310\215\234"
 4664      076D38E4 
 4664      250FA0CE 
ARM GAS  C:\Users\angio\AppData\Local\Temp\cciUCl9c.s 			page 155


 4664      A8C88D9C 
 4665 001f 7210D6AF 		.ascii	"r\020\326\257\240\245\235\357\343\223\023.\026<\000"
 4665      A0A59DEF 
 4665      E393132E 
 4665      163C00
 4666 002e DF       		.ascii	"\337"
 4667              		.text
 4668              		.section	.gnu.lto_.decls.1f2b2c89,"e",%progbits
 4669 0000 789CC57A 		.ascii	"x\234\305zyX\024Y\226o\234\270\021d\222l\226Z\257\372"
 4669      79581459 
 4669      966F9CB8 
 4669      1164926C 
 4669      965AAFFA 
 4670 0014 EB76AA2D 		.ascii	"\353v\252-\313\232rf\332B\320\266\354\351\371\346U\025"
 4670      CB9A7266 
 4670      DA42D0B6 
 4670      ECE9F9E6 
 4670      5515
 4671 0026 6575FB4D 		.ascii	"eu\373M->\264f\246\346\365\373h\204\024\351b\353\314"
 4671      2D3EB466 
 4671      A6E6F5FB 
 4671      688414E9 
 4671      62EBCC
 4672 0039 C4A5FBCD 		.ascii	"\304\245\373\315\327\211\033\256@\211\226 *(*\356\202"
 4672      D7891BAE 
 4672      40899620 
 4672      2A282AEE 
 4672      82
 4673 004a 3B2A0848 		.ascii	";*\010H\011.\340\006\356(\356(\250\250\270o\357\334"
 4673      092EE006 
 4673      EE28EE28 
 4673      A8A8B86F 
 4673      EFDC
 4674 005c 7B236F44 		.ascii	"{#oDd\246U\3253\177\274\374<\231\261\374\316\357,\367"
 4674      64A655D5 
 4674      337FBCFC 
 4674      3C99B1FC 
 4674      CEEF2CF7 
 4675 0070 DC736F04 		.ascii	"\334so\004\336\213\224\244\267l\222\324\013\345%~~*"
 4675      DE8B94A4 
 4675      B76C92D4 
 4675      0BE5257E 
 4675      7E2A
 4676 0082 49D21149 		.ascii	"I\322\021I\377\320\363](\225(U(5(\015(\2074\3341\224"
 4676      FFD0F35D 
 4676      28952855 
 4676      2835280D 
 4676      288734DC 
 4677 0098 6694AB28 		.ascii	"f\224\253(m(\035(\267P:Q\036\241<Ay\206\022\004\222"
 4677      6D281D28 
 4677      B7503A51 
 4677      1EA13C41 
 4677      79861204 
 4678 00ad D403E575 		.ascii	"\324\003\345u\224^(}P\372\242\374-\312{(\003P\010\342"
 4678      945E287D 
 4678      50FAA2FC 
 4678      2DCA7B28 
ARM GAS  C:\Users\angio\AppData\Local\Temp\cciUCl9c.s 			page 156


 4678      035008E2 
 4679 00c1 FE097FD3 		.ascii	"\376\011\177\323P\334 \231>\023\360<\000\177\307\240"
 4679      50DC2099 
 4679      3E13F03C 
 4679      007FC7A0 
 4680 00d1 7447E989 		.ascii	"tG\351\2112\004\257ME\231\251a\025\315\327o\360|.\312"
 4680      3204AF4D 
 4680      4599A961 
 4680      15CDD76F 
 4680      F07C2ECA 
 4681 00e5 7C2F0EFA 		.ascii	"|/\016\372\371\317\037\311S\251\361,@Y\344\207'C\363"
 4681      F9CF1FC9 
 4681      53A9F12C 
 4681      4059E487 
 4681      2743F3
 4682 00f8 97F22CC6 		.ascii	"\227\362,\306\343\235\332uY\313\323._\025i\312\367\350"
 4682      E39DDA75 
 4682      59CBD32E 
 4682      5F1569CA 
 4682      F7E8
 4683 010a D46836BD 		.ascii	"\324h6\275?\015\210\263x\371\3731*\234\306\337\241\370"
 4683      3F0D88B3 
 4683      78F9FB31 
 4683      2A9CC6DF 
 4683      A1F8
 4684 011c 7BC5C041 		.ascii	"{\305\300A\307\340o\375\370\012\204\337\177\027\345"
 4684      C7E06FFD 
 4684      F80A84DF 
 4684      7F17E5
 4685 012b 2F785FC5 		.ascii	"/x_\305\337?\003\317\351\377\005\236\223?\371\321\243"
 4685      DF3F03CF 
 4685      E9FF059E 
 4685      933FF9D1 
 4685      A3
 4686 013c 9F02BC6E 		.ascii	"\237\002\274n\363\262\377\211\314\271F\341o*\336\177"
 4686      F3B2FF89 
 4686      CCB946E1 
 4686      6F2ADE7F 
 4687 014c 80C7B178 		.ascii	"\200\307\261x\374[\231\347n\024^\033\215\362\177\360"
 4687      FC5B99E7 
 4687      6E145E1B 
 4687      8DF27FF0 
 4688 015c FC5F5128 		.ascii	"\374_Q(u\203\037\356B\274\021\354\207{\224\306O\271"
 4688      75831FEE 
 4688      42BC11EC 
 4688      877B94C6 
 4688      4FB9
 4689 016e 3DBCD4C6 		.ascii	"=\274\324\306\177\240|%q\377)?\345\246\266\276\222\271"
 4689      7FA07C25 
 4689      71FF293F 
 4689      E5A6B6BE 
 4689      92B9
 4690 0180 2D6AE790 		.ascii	"-j\347\220\037;\305\177e\014\304+\006\312{\304\017o"
 4690      1F3BC57F 
 4690      650CC42B 
 4690      06CA7BC4 
 4690      0F6F
ARM GAS  C:\Users\angio\AppData\Local\Temp\cciUCl9c.s 			page 157


 4691 0192 C97F83D7 		.ascii	"\311\177\203\327\223\227c~x\327\340\215n~xi\235R\336"
 4691      9397637E 
 4691      78D7E08D 
 4691      6E7E7869 
 4691      9D52DE
 4692 01a5 38CD463F 		.ascii	"8\315F?-GtL\377\021%\036\257\377\332\220\2630-Oq(vm"
 4692      2D47744C 
 4692      FF11251E 
 4692      AFFFDA90 
 4692      B3302D4F 
 4693 01bd BCFFAC8D 		.ascii	"\274\377\254\215\371\277\343\375\030m|\376S\313\341"
 4693      F9BFE3FD 
 4693      186D7CFE 
 4693      53CBE1
 4694 01cc 9FB478FF 		.ascii	"\237\264x\377\015\345\367\232\177tn{\346e\222\314\347"
 4694      0DE5F79A 
 4694      7F746E7B 
 4694      E66592CC 
 4694      E7
 4695 01dd A6F17304 		.ascii	"\246\361s\004\317\2034_\251O\237\001\367\225\372uP\313"
 4695      CF83345F 
 4695      A94F9F01 
 4695      F795FA75 
 4695      50CB
 4696 01ef 43B2CCC7 		.ascii	"C\262\314\307\255?\360\030d\203_\224\233\366\215\001"
 4696      AD3FF018 
 4696      64835F94 
 4696      9BF68D01 
 4697 01ff 5A1FA0F4 		.ascii	"Z\037\240\364\3366Ni\371\360\344\342\264!\3174\027_"
 4697      DE364E69 
 4697      F9F0E4E2 
 4697      B421CF34 
 4697      175F
 4698 0211 E1FD7A59 		.ascii	"\341\375zY\317\305\377F\251\323r\360\231\346\307\030"
 4698      CFC5FF46 
 4698      A9D372F0 
 4698      99E6C718 
 4699 0221 AD6E681E 		.ascii	"\255nh\036\342Q\226\342\275\325(\213d\356O\207!\326"
 4699      E25196E2 
 4699      BDD5288B 
 4699      64EE4F87 
 4699      21D6
 4700 0233 C332EF3F 		.ascii	"\3032\357?\336~\264\030b\365\036o\243\017F\373t>x\333"
 4700      DE7EB418 
 4700      62F51E6F 
 4700      A30F46FB 
 4700      743E78DB 
 4701 0247 A3B4B447 		.ascii	"\243\264\264GR\273\307\375\344\364\002\236\207|\317"
 4701      52BBC7FD 
 4701      E4F4029E 
 4701      877CCF
 4702 0256 F8FFD8B9 		.ascii	"\370\377\330\271\341\231\027\243\264\274v\372\251\265"
 4702      E19917A3 
 4702      B4BC76FA 
 4702      A9B5
 4703 0264 3BC0EBC4 		.ascii	";\300\353\304c\347\301\017\330\362\344\323co\214\226"
 4703      63E7C10F 
ARM GAS  C:\Users\angio\AppData\Local\Temp\cciUCl9c.s 			page 158


 4703      D8F2E4D3 
 4703      636F8C96 
 4704 0274 336AD353 		.ascii	"3j\323S74.\332\373\375\315\305\373\377E{_i6\375\331"
 4704      37342EDA 
 4704      FBFDCDC5 
 4704      FBFF457B 
 4704      5F6936FD 
 4705 0289 A3E7749D 		.ascii	"\243\347t\235ix\205\315\307Z>\177\254M\243-\331`\213"
 4705      697885CD 
 4705      C75A3E7F 
 4705      AC4DA32D 
 4705      D9608B
 4706 029c E6F0991F 		.ascii	"\346\360\231\037\3767ds}\2026\007,\006\376^Z\014\376"
 4706      FE376473 
 4706      7D823607 
 4706      2C06FE5E 
 4706      5A0CFE
 4707 02af 620B00DF 		.ascii	"b\013\000\337\270Fjy\244\353\246\277\336\371\356+l\206"
 4707      B8466A79 
 4707      A4EBA6BF 
 4707      DEF9EE2B 
 4707      6C86
 4708 02c1 FD489BA1 		.ascii	"\375H\233\241~l~\251\345\222\256\323\236\265\335\373"
 4708      7E6C7EA9 
 4708      E592AED3 
 4708      9EB5DDFB 
 4709 02d1 F30F32EF 		.ascii	"\363\0172\357\331\336s\361\373\306\316hg\244\326_hl"
 4709      D9DE73F1 
 4709      FBC6CE68 
 4709      67A4D65F 
 4709      686C
 4710 02e3 AFBF22B6 		.ascii	"\257\277\"\266_\311\376\327\205\237\374@\215xl|\251"
 4710      5FC9FED7 
 4710      859FFC40 
 4710      8D786C7C 
 4710      A9
 4711 02f4 D9A0E7BD 		.ascii	"\331\240\347\275\276'\026\272~Z\374\304Bs\226\240\331"
 4711      BE2716BA 
 4711      7E5AFCC4 
 4711      427396A0 
 4711      D9
 4712 0305 A71F3AEE 		.ascii	"\247\037:\356}\374\254\217\303\250O~\374\034\242\365"
 4712      7DFCAC8F 
 4712      C3A84F7E 
 4712      FC1CA2F5 
 4713 0315 7D8FAF1F 		.ascii	"}\217\257\037k>\032}>\201\362P\322\367\001Q2\367\207"
 4713      6B3E1A7D 
 4713      3E81F250 
 4713      D2F70151 
 4713      32F787
 4714 0328 FA40D774 		.ascii	"\372@\327t\272G\371B\213+H\322\347\264g>\377^\233\337"
 4714      BA47F942 
 4714      8B2B48D2 
 4714      E7B4673E 
 4714      FF5E9BDF 
 4715 033c 0978FC35 		.ascii	"\011x\3745J\012\312\037h\217\326\326w\272\267\242\265"
 4715      4A0ACA1F 
ARM GAS  C:\Users\angio\AppData\Local\Temp\cciUCl9c.s 			page 159


 4715      688FD6D6 
 4715      77BAB7A2 
 4715      B5
 4716 034d 5A25F17D 		.ascii	"Z%\361}A\215\026\3079\331\034\303\004-O\357j\376\377"
 4716      418D16C7 
 4716      39D91CC3 
 4716      042D4FEF 
 4716      6AFEFF
 4717 0360 FA15FB00 		.ascii	"\372\025\373\000\372) \362\225\246su\266+\034\243\304"
 4717      FA2920F2 
 4717      95A67375 
 4717      B62B1CA3 
 4717      C4
 4718 0371 03C0C9C1 		.ascii	"\003\300\311\301\370e\223\376\203H=\335\262[\016\210"
 4718      F86593FE 
 4718      83483DDD 
 4718      B25B0E88 
 4719 0381 27B28DD8 		.ascii	"'\262\215\330H\274\255\036\336\354\327E>\260\312\375"
 4719      48BCAD1E 
 4719      DEECD745 
 4719      3EB0CAFD 
 4720 0391 C26CD695 		.ascii	"\302l\326\225{\240\233M\265\312r\233%\336\326\357\011"
 4720      7BA09B4D 
 4720      B5CA729B 
 4720      25DED6EF 
 4720      09
 4721 03a2 AC958B02 		.ascii	"\254\225\213\002z\177\340V\342g\275\336fq\3139\237\367"
 4721      7A7FE056 
 4721      E267BDDE 
 4721      6671CB39 
 4721      9FF7
 4722 03b4 1CF8017E 		.ascii	"\034\370\001~\267Y\352!\036\265\206+\326nx\324f\261"
 4722      B759EA21 
 4722      1EB5862B 
 4722      D66E78D4 
 4722      66B1
 4723 03c6 7591A2D9 		.ascii	"u\221\242\331\001\361\015\362\264w\241\036l\361\221"
 4723      01F10DF2 
 4723      B477A11E 
 4723      6CF191
 4724 03d5 3DDD6EF7 		.ascii	"=\335n\367\007V\353\233a5\244\206|\"IVk\351\372\327"
 4724      0756EB9B 
 4724      6135A486 
 4724      7C224956 
 4724      6BE9FAD7 
 4725 03e9 6D6D9630 		.ascii	"mm\2260\244\350\027\337\273[|\357\260zP\343\343m=\373"
 4725      A4E817DF 
 4725      BB5B7CEF 
 4725      B07A50E3 
 4725      E36D3DFB 
 4726 03fd 49E8447C 		.ascii	"I\350D|d\344\007\262\015\231\025k=D\022\010\216t_h\177"
 4726      64E407B2 
 4726      0D99156B 
 4726      3D441208 
 4726      8E745F68 
 4727 0412 C3A6DA02 		.ascii	"\303\246\332\002\337\354\215\253g<\016\027\362\222\227"
 4727      DFEC8DAB 
ARM GAS  C:\Users\angio\AppData\Local\Temp\cciUCl9c.s 			page 160


 4727      673C0E17 
 4727      F29297
 4728 0421 9E0F58D0 		.ascii	"\236\017X\320f\274~\012\320\317&G\312\344_\332\260N"
 4728      66BC7E0A 
 4728      D0CF2647 
 4728      CAE45FDA 
 4728      B04E
 4729 0433 64B937AE 		.ascii	"d\2717\256\013\21258\030\334\370\023\030\363/\361\303"
 4729      0B8A3538 
 4729      18DCF813 
 4729      18F32FF1 
 4729      C3
 4730 0444 236D529B 		.ascii	"#mR\233E\306[=\025p\313\240k\332\0020\335\262\250\037"
 4730      45C65B3D 
 4730      1570CBA0 
 4730      6BDA0230 
 4730      DDB2A81F 
 4731 0458 904C79A5 		.ascii	"\220Ly\245':V\322\357\313\340\271\315q>\243\301[9p\221"
 4731      273A56D2 
 4731      EFCBE0B9 
 4731      CD713EA3 
 4731      C15B3970 
 4732 046d 0D574D6A 		.ascii	"\015WMj\006r\360R\007\372\241\337F\005\335Ga_\026n\201"
 4732      0672F052 
 4732      07FAA1DF 
 4732      4605DD47 
 4732      615F166E 
 4733 0482 0EF1729C 		.ascii	"\016\361r\234\261\200\307!\337\017\361\224Mu\356\231"
 4733      B180C721 
 4733      DF0FF194 
 4733      4D75EE99 
 4734 0492 4CF52AA6 		.ascii	"L\365*\246\315\235\327\023^\317\371\000\267\244?\223"
 4734      CD9DD713 
 4734      5ECFF900 
 4734      B7A43F93 
 4735 04a2 C82FA470 		.ascii	"\310/\244p7\373\\\034+\3016\316\340\012\232C\240;\310"
 4735      37FB5C1C 
 4735      2BC136CE 
 4735      E00A9A43 
 4735      A03BC8
 4736 04b5 F8DD13BA 		.ascii	"\370\335\023\272\241j\346\316\254\003\2667\020\324\341"
 4736      A16AE6CE 
 4736      AC03B637 
 4736      10D4E1
 4737 04c4 76F78431 		.ascii	"v\367\2041\260\003\240\234\032\334\211vSq^\346\344\270"
 4737      B003A09C 
 4737      1ADC8976 
 4737      53715EE6 
 4737      E4B8
 4738 04d6 1F95EFFF 		.ascii	"\037\225\357\377\356R\237\272)\231\356\303\210\313\001"
 4738      EE529FBA 
 4738      2999EEC3 
 4738      88CB01
 4739 04e5 7A13B602 		.ascii	"z\023\266\002l\347\301l\305\013[\0006\203\253\253/\351"
 4739      6CE7C16C 
 4739      C50B5B00 
 4739      3683ABAB 
ARM GAS  C:\Users\angio\AppData\Local\Temp\cciUCl9c.s 			page 161


 4739      2FE9
 4740 04f7 00A6525A 		.ascii	"\000\246RZ\236\235\351\3566\321\355\256R(\270B\200+"
 4740      9E9DE9EE 
 4740      36D1EDAE 
 4740      5228B842 
 4740      802B
 4741 0509 04B8BD2F 		.ascii	"\004\270\275/y\311\301\333\233\346\254\031\270\320]"
 4741      79C9C1DB 
 4741      9BE6AC19 
 4741      B8D05D
 4742 0518 25E0BB05 		.ascii	"%\340\273\005|\267\200_\354Kv\313\234\273rS\332Jt\344"
 4742      7CB7805F 
 4742      EC4B76CB 
 4742      9CBB7253 
 4742      DA4A74E4 
 4743 052c B7145A2D 		.ascii	"\267\024Z-\240\325\002z\252/i\222%\026\247\302\342\354"
 4743      A0D5027A 
 4743      AA2F6992 
 4743      2516A7C2 
 4743      E2EC
 4744 053e 4DDA649A 		.ascii	"M\332d\232\246\315\353\327\234Pz\360\234Tq\255\275\000"
 4744      A6CDEBD7 
 4744      9C507AF0 
 4744      9C5471AD 
 4744      BD00
 4745 0550 751A0579 		.ascii	"u\032\005y\310@\353\357\266?\0170\203\352u\020\002\226"
 4745      C840EBEF 
 4745      B63F0F30 
 4745      83EA7510 
 4745      0296
 4746 0562 566615CB 		.ascii	"Vf\025\313\301Unw\247\273\250F\201}\000\337\001\324"
 4746      C1556E77 
 4746      A7BBA846 
 4746      817D00DF 
 4746      01D4
 4747 0574 D29CED07 		.ascii	"\322\234\355\007\006\330\326\324\374\204\320\215\011"
 4747      06D8D6D4 
 4747      FC84D08D 
 4747      09
 4748 0581 5E8054BC 		.ascii	"^\200T\274PSY~J\365\223\343\203\350\362\001\320\222"
 4748      5053597E 
 4748      4AF593E3 
 4748      83E8F201 
 4748      D092
 4749 0593 3C6741C3 		.ascii	"<gA\303wA\"\013\007\001\366\210\320\366\210\320\362"
 4749      7741220B 
 4749      0701F688 
 4749      D0F688D0 
 4749      F2
 4750 05a4 FA926AC2 		.ascii	"\372\222j\302\263p~\212\3100\202\033\005\270Q\200_\276"
 4750      B3707E8A 
 4750      C830821B 
 4750      05B85180 
 4750      5FBE
 4751 05b6 4DCE6AE0 		.ascii	"M\316j\340g&\360a\001>,\300W\337&\235\032xf\246\021"
 4751      6726F061 
 4751      013E2CC0 
ARM GAS  C:\Users\angio\AppData\Local\Temp\cciUCl9c.s 			page 162


 4751      57DF269D 
 4751      1A7866A6 
 4752 05cb 7C54808F 		.ascii	"|T\200\217\012p\303\333d\232\302\301+M\340&\001n\022"
 4752      0A70C3DB 
 4752      649AC2C1 
 4752      2B4DE026 
 4752      016E12
 4753 05de E0BA3E24 		.ascii	"\340\272>$W\241\303\021\300\346\257\205\035\321\354"
 4753      57A1C311 
 4753      C0E6AF85 
 4753      1DD1EC
 4754 05ed 8E27CB15 		.ascii	"\216'\313\025\232\257\333\307\233k\002ln\232\320\252"
 4754      9AAFDBC7 
 4754      9B6B026C 
 4754      6E9AD0AA 
 4755 05fd C9819296 		.ascii	"\311\201\222\226N8\005\210\333\216-\020\340\004 \254"
 4755      4E380588 
 4755      DB8E2D10 
 4755      E00420AC 
 4756 060d BDF2E558 		.ascii	"\275\362\345X\226\325\323\230U\262\206\251N\316\314"
 4756      96D5D398 
 4756      55B286A9 
 4756      4ECECC
 4757 061c DF279B07 		.ascii	"\337'\233\007\353,@\213gD\267p\320\375\302\007\252\031"
 4757      EB2C408B 
 4757      6744B770 
 4757      D0FDC207 
 4757      AA19
 4758 062e 744E0721 		.ascii	"tN\007!\340x~\376\006\303\210\236\327G\264\025\277H"
 4758      E0787EFE 
 4758      06C3889E 
 4758      D747B415 
 4758      BF48
 4759 0640 256339DE 		.ascii	"%c9\336Ur.\304\017\010.\000\203!\344\332\265\005\305"
 4759      55722EC4 
 4759      0F082E00 
 4759      8321E4DA 
 4759      B505C5
 4760 0653 413AE4A2 		.ascii	"A:\344\242\316s\211\003\346\335i\251\015f1\\\0028C\203"
 4760      CE738903 
 4760      E6DD69A9 
 4760      0D66315C 
 4760      02384383 
 4761 0667 DABD70DF 		.ascii	"\332\275p\337\224P?\245\201k\000\\\366\224F\323\234"
 4761      94503FA5 
 4761      816B005C 
 4761      F69446D3 
 4761      9C
 4762 0678 D93B07D4 		.ascii	"\331;\007\324Lr\363\252\277\002p\\\244\371\270HsY_r"
 4762      4C72F3AA 
 4762      BF02705C 
 4762      A4F9B848 
 4762      73595F72 
 4763 068c 84395ABE 		.ascii	"\2049Z\276b\3419\245O\036+\251\205\373\200\227\224\233"
 4763      62E139A5 
 4763      4F1E2BA9 
 4763      85FB8097 
ARM GAS  C:\Users\angio\AppData\Local\Temp\cciUCl9c.s 			page 163


 4763      949B
 4764 069e 4DAC6B42 		.ascii	"M\254kB\357\232\320\253\354C\316)~\313\366\233\035\223"
 4764      EF9AD0AB 
 4764      EC43CE29 
 4764      7ECBF69B 
 4764      1D93
 4765 06b0 16E8BE61 		.ascii	"\026\350\276a\326=\316\265\243\362\015\036\321\313\326"
 4765      D63DCEB5 
 4765      A3F20D1E 
 4765      D1CBD6
 4766 06bf 050DCC58 		.ascii	"\005\015\314X\347\312\366?R\377>\300\273p]\330\271."
 4766      E7CAF63F 
 4766      52FF3EC0 
 4766      BB705DD8 
 4766      B92E
 4767 06d1 EC64F421 		.ascii	"\354d\364!\035\314\316\322)\235\247\201\251\\o\320T"
 4767      1DCCCED2 
 4767      299DA781 
 4767      A95C6FD0 
 4767      54
 4768 06e2 B0726E0A 		.ascii	"\260rn\012\225\233B\245\376-\362\230\347~f\373\2460"
 4768      959B42A5 
 4768      FE2DF298 
 4768      E77E66FB 
 4768      A630
 4769 06f4 AA529A55 		.ascii	"\252R\232U\226&Tn\013\225\333Be\352[d\236\352\033\015"
 4769      9626546E 
 4769      0B95DB42 
 4769      65EA5B64 
 4769      9EEA1B0D 
 4770 0708 D6DCBBAC 		.ascii	"\326\334\273\254\372\302\330\221D62P{\363\335\232`["
 4770      FAC2D891 
 4770      44363250 
 4770      7BF3DD9A 
 4770      605B
 4771 071a 9577E5DD 		.ascii	"\225w\345\335\007\304`\345u\001\334\243\203te\306\326"
 4771      07C460E5 
 4771      7501DCA3 
 4771      837465C6 
 4771      D6
 4772 072b A6109188 		.ascii	"\246\020\221\210\007z\"\036\"\370.OD\375\343u%<\021"
 4772      077A221E 
 4772      22F82E4F 
 4772      44FDE375 
 4772      253C11
 4773 073e A7CABA5A 		.ascii	"\247\312\272Z\301=\003\341\335\020\000w\204\227w\364"
 4773      C13D03E1 
 4773      DD100077 
 4773      849777F4 
 4774 074e F9D39B54 		.ascii	"\371\323\233T2\007v\3255.d\271(\315\337\244\005\206"
 4774      320776D5 
 4774      352E64B9 
 4774      28CDDFA4 
 4774      0586
 4775 0760 2A8F85CA 		.ascii	"*\217\205\312c\2412\26779\303T\256\256\270\364$\210"
 4775      63A132B7 
 4775      3739C354 
ARM GAS  C:\Users\angio\AppData\Local\Temp\cciUCl9c.s 			page 164


 4775      AEAEB8F4 
 4775      2488
 4776 0772 A95C37A8 		.ascii	"\251\\7\250<\025*O\205\312\231\237\223[*\235x_\211\320"
 4776      3C152A4F 
 4776      85CA999F 
 4776      935B2A9D 
 4776      785F89D0 
 4777 0786 F1318A3C 		.ascii	"\3611\212<e4s\356=\254\017\360\015\035\027\331\257h"
 4777      653473EE 
 4777      3DAC0FF0 
 4777      0D1D17D9 
 4777      AF68
 4778 0798 E8B8F8BC 		.ascii	"\350\270\370\274\240\241\027\354./QX\0323d\226\306^"
 4778      A0A117EC 
 4778      2E2F5158 
 4778      1A336496 
 4778      C65E
 4779 07aa 788BFD48 		.ascii	"x\213\375Hdb\000%:\270w6n\035\220\250\315]\223A$\030"
 4779      64620025 
 4779      3AB87736 
 4779      6E1D90A8 
 4779      CD5D9341 
 4780 07c0 08032498 		.ascii	"\010\003$\230\"#\002i&\3130IFPW\355"
 4780      22230269 
 4780      26CB3049 
 4780      465057ED 
 4781 07d0 B2658699 		.ascii	"\262e\206\2311U\0263#Sf\351k\351\270\376\255\314\354"
 4781      31551633 
 4781      235366E9 
 4781      6BE9B8FE 
 4781      ADCCEC
 4782 07e3 64CA3091 		.ascii	"d\3120\221\252\314\277\373\240\035<\0038\215^Y\327\232"
 4782      AACCBFFB 
 4782      A01D3C03 
 4782      388D5E59 
 4782      D79A
 4783 07f5 DB578C02 		.ascii	"\333W\214\002\272\343\031\205\031\262\004\3239\315\306"
 4783      BAE31985 
 4783      19B204D3 
 4783      39CDC6
 4784 0804 23F72ECA 		.ascii	"#\367.\312l\024Vmi\025\2430C\206\347\"?\317\365f\372"
 4784      6C14566D 
 4784      6915A330 
 4784      4386E722 
 4784      3FCFF566 
 4785 0819 73328385 		.ascii	"s2\203\205`\016\022/\\\312\332p)\214\305T\365\352\230"
 4785      600E122F 
 4785      5CCADA70 
 4785      298CC554 
 4785      F5EA98
 4786 082c CE67D5AE 		.ascii	"\316g\325\256\266\3511e\3511esg.\316}Pme\264\3312\314"
 4786      B6E93165 
 4786      E9316573 
 4786      672ECE7D 
 4786      506D65B4 
 4787 0843 A62AB58B 		.ascii	"\246*\265\213\227\354\0201\345\320+\023\213_l\005\177"
 4787      97EC1031 
ARM GAS  C:\Users\angio\AppData\Local\Temp\cciUCl9c.s 			page 165


 4787      E5D02B13 
 4787      8B5F6C05 
 4787      7F
 4788 0854 41CDC1A0 		.ascii	"A\315\301\240\276\341</.-z\021\312F\374\346\026m\304"
 4788      BEE13C2F 
 4788      2E2D7A11 
 4788      CA46FCE6 
 4788      166DC4
 4789 0867 E7C8304B 		.ascii	"\347\3100K\366D4K\366D\324\374&\311c\021\255l\276\031"
 4789      F644344B 
 4789      F644D4FC 
 4789      26C96311 
 4789      AD6CBE19 
 4790 087b CDD250BE 		.ascii	"\315\322P\276ma(]\265\335@\347\345\\\2413W\350\254z"
 4790      6D61285D 
 4790      B5DD40E7 
 4790      E55CA133 
 4790      57E8AC7A 
 4791 088f 932C0B90 		.ascii	"\223,\013\220H)\323\233\262\374\316I\342[\025\363\275"
 4791      4829D39B 
 4791      B2FCCE49 
 4791      E25B15F3 
 4791      BD
 4792 08a0 AAA279E7 		.ascii	"\252\242y\347\332\277\2600\362x\276\026\257?\327\245"
 4792      DABFB030 
 4792      F278BE16 
 4792      AF3FD7A5 
 4793 08b0 7AE2CAA7 		.ascii	"z\342\312\247q\345w\254\333\034\344\247\257\025\240"
 4793      71E577AC 
 4793      DB1CE4A7 
 4793      AF15A0
 4794 08bf DD055A7A 		.ascii	"\335\005Zz\312\353\032C\230\223\347\267\345y\234,\220"
 4794      CAEB1A43 
 4794      9893E7B7 
 4794      E5799C2C 
 4794      90
 4795 08d0 E15BE1E4 		.ascii	"\341[\341\344\267\302\311\2147I%s\360\372\243\311\355"
 4795      B7C2C98C 
 4795      37492573 
 4795      F0FAA3C9 
 4795      ED
 4796 08e1 61CC5202 		.ascii	"a\314R\002\357Qk\033\276\341\226\277\202\305\324\360"
 4796      EF516B1B 
 4796      BEE196BF 
 4796      82C5D4F0 
 4797 08f1 8ADAB58B 		.ascii	"\212\332\265\213\003<\256\024\322+Me\027Z\025\177ml"
 4797      033CAE14 
 4797      D22B4D65 
 4797      175A157F 
 4797      6D6C
 4798 0903 09D21771 		.ascii	"\011\322\027q_\216\316\330\260\227\245\270sA\271H\330"
 4798      5F8ECED8 
 4798      B097A5B8 
 4798      7341B948 
 4798      D8
 4799 0914 12191609 		.ascii	"\022\031\026\011_\026\011_\352\377\20642_n\256\317\317"
 4799      5F16095F 
ARM GAS  C:\Users\angio\AppData\Local\Temp\cciUCl9c.s 			page 166


 4799      EAFF8634 
 4799      325F6EAE 
 4799      CFCF
 4800 0926 B330A51D 		.ascii	"\2630\245\035\345\"\000\354K\305B\251X(\265\364\"W\231"
 4800      E52200EC 
 4800      4BC542A9 
 4800      5828B5F4 
 4800      225799
 4801 0939 D2AE9A2B 		.ascii	"\322\256\232+{q\306\273\335\217\216?\254*|\253zRQ?\332"
 4801      7B71C6BB 
 4801      DD8F8E3F 
 4801      AC2A7CAB 
 4801      7A52513F 
 4802 094e D1970B9D 		.ascii	"\321\227\013\235\345l\327I\212,\022\331n\241\032K\012"
 4802      E56CD749 
 4802      8A2C12D9 
 4802      6EA11A4B 
 4802      0A
 4803 095f CE8FF61D 		.ascii	"\316\217\366\035\222\225^Cry\343\242\345\026\026\367"
 4803      92955E43 
 4803      7279E3A2 
 4803      E51616F7 
 4804 096f 2A1C13B2 		.ascii	"*\034\023\262\207\253\026=m\011\365\325]#\233\373\333"
 4804      87AB163D 
 4804      6D09F5D5 
 4804      5D239BFB 
 4804      DB
 4805 0980 A6B23533 		.ascii	"\246\26253\203E\206\326\352E\270\016\375_\3153t\300"
 4805      834586D6 
 4805      EA45B80E 
 4805      FD5FCD33 
 4805      74C0
 4806 0992 7DB52E80 		.ascii	"}\265.\200\371\275\343E\351\323\320E\333\335\223U\012"
 4806      F9BDE345 
 4806      E9D3D045 
 4806      DBDD9355 
 4806      0A
 4807 09a3 8012E179 		.ascii	"\200\022\341y\011\367<\323J\361\323\247Vn\2672\374\351"
 4807      09F73CD3 
 4807      4AF1D3A7 
 4807      566EB732 
 4807      FCE9
 4808 09b5 A5196501 		.ascii	"\245\031e\001y\034\217\331\331 \360\0338\276\332\312"
 4808      791C8FD9 
 4808      D920F01B 
 4808      38BEDACA 
 4809 09c5 F76A03D8 		.ascii	"\367j\003\330^\315MH\203v!\210\016^\363\261\313\252"
 4809      5ECD4D48 
 4809      83762188 
 4809      0E5EF3B1 
 4809      CBAA
 4810 09d7 D81BE045 		.ascii	"\330\033\340E\317\034\333\212\256\205\303\026\231\234"
 4810      CF1CDB8A 
 4810      AE85C316 
 4810      999C
 4811 09e5 60E63ABE 		.ascii	"`\346:\276\273~0\3047\322m^\2216\3466?\225\273#\335"
 4811      BB7E30C4 
ARM GAS  C:\Users\angio\AppData\Local\Temp\cciUCl9c.s 			page 167


 4811      37D26D5E 
 4811      9136E636 
 4811      3F95BB23 
 4812 09fa 64B7BB08 		.ascii	"d\267\273\010\035\221a\223\014\033\351\273\207r\231"
 4812      1D916193 
 4812      0C1BE9BB 
 4812      877299
 4813 0a09 7152AEAE 		.ascii	"qR\256\256gG7\362IP\365}\\;sn\034\010\325\271v\370r"
 4813      674737F2 
 4813      4950F57D 
 4813      5C3B736E 
 4813      1C08D5B9 
 4814 0a20 BD33972D 		.ascii	"\2753\227-\302\353JB3\320\253\336\260S\206\31524\203"
 4814      C2EB4A42 
 4814      33D0ABDE 
 4814      B05386CD 
 4814      323483
 4815 0a33 0096C990 		.ascii	"\000\226\311\220\342\232\3756i\325\"\356G\332X4g\246"
 4815      E29AFD36 
 4815      69D522EE 
 4815      47DA5834 
 4815      67A6
 4816 0a45 94658169 		.ascii	"\224e\201i\307\"A\225\2267r\213A.\356*,\367\332\246"
 4816      C7224195 
 4816      9637728B 
 4816      412EEE2A 
 4816      2CF7DAA6 
 4817 0a59 56CB0284 		.ascii	"V\313\002\204\200\205\371Uizw\252\321\273\323\036\264"
 4817      8085F955 
 4817      697A77AA 
 4817      D1BBD31E 
 4817      B4
 4818 0a6a CCACF526 		.ascii	"\314\254\365&\317\2548\\\201\374\354'$;P\"\005\332Y"
 4818      CFAC385C 
 4818      81FCEC27 
 4818      243B5022 
 4818      05DA59
 4819 0a7d 37528C67 		.ascii	"7R\214g%\201\224)\257\260d\225E\247:\250ok\032\2309"
 4819      25819429 
 4819      AFB06495 
 4819      45A73AA8 
 4819      6F6B1A98 
 4820 0a92 B29AC1D6 		.ascii	"\262\232\301\326\036\232\267\030\374\300\240Q\326\200"
 4820      1E9AB718 
 4820      FCC0A051 
 4820      D680
 4821 0aa0 8CD94A36 		.ascii	"\214\331J6\"\363\016\224j\2566gk\213\327\356\354\230"
 4821      22F30E94 
 4821      6AAE3667 
 4821      6B8BD7EE 
 4821      EC98
 4822 0ab2 0C4D9E68 		.ascii	"\014M\236h\0173\320\322\374k\313yB\252<\240f\035\204"
 4822      0F33D0D2 
 4822      FC6BCB79 
 4822      42AA3CA0 
 4822      661D84
 4823 0ac5 8005755B 		.ascii	"\200\005u[j\014>\036\327\303\245o\002\310i\306\262m"
ARM GAS  C:\Users\angio\AppData\Local\Temp\cciUCl9c.s 			page 168


 4823      6A0C3E1E 
 4823      D7C3A56F 
 4823      02C869C6 
 4823      B26D
 4824 0ad7 E9D3BD36 		.ascii	"\351\323\2756+m\353\323Z\221\205\265u\334g\312\242\253"
 4824      2B6DEBD3 
 4824      5A9185B5 
 4824      75DC67CA 
 4824      A2AB
 4825 0ae9 935686BB 		.ascii	"\223V\206\273\261\2502[\365\302\301i\331\204l\307\000"
 4825      B1A8325B 
 4825      F5C2C169 
 4825      D9846CC7 
 4825      00
 4826 0afa 6E33F4D1 		.ascii	"n3\364\321S\255\263C\315\001\264\310pN\367\355Q\365"
 4826      53ADB343 
 4826      CD01B4C8 
 4826      704EF7ED 
 4826      51F5
 4827 0b0c BEC3A166 		.ascii	"\276\303\241f\347\315\200\202#\267\257Z\015[K\335\371"
 4827      E7CD8082 
 4827      23B7AF5A 
 4827      0D5B4BDD 
 4827      F9
 4828 0b1d 56EAFC0B 		.ascii	"V\352\374\013j\346\247\265\327/\375\244/\377\364`\337"
 4828      6AE6A7B5 
 4828      D72FFDA4 
 4828      2FFFF460 
 4828      DF
 4829 0b2e 556C6E95 		.ascii	"Uln\225\335\037\264g\222\273\276\012\350\276\344\210"
 4829      DD1FB467 
 4829      92BBBE0A 
 4829      E8BEE488 
 4830 0b3e 0CD77565 		.ascii	"\014\327ue\372\236\025O$J\334q-\215b\260\340/\2300\225"
 4830      FA9E154F 
 4830      244ADC71 
 4830      2D8D62B0 
 4830      E02F9830 
 4831 0b53 064C4149 		.ascii	"\006LAIvH\251\233\300\031\031N2\020\317O\270\216(\254"
 4831      7648A99B 
 4831      C019194E 
 4831      3210CF4F 
 4831      B88E28AC 
 4832 0b67 CB0ECDC9 		.ascii	"\313\016\315\311 \230S8\352k*\302hi\217\014\273}-q\310"
 4832      20985338 
 4832      EA6B2AC2 
 4832      68698F0C 
 4832      BB7D2D71 
 4833 0b7c FE124E83 		.ascii	"\376\022N\203\033\344}&L\235\216\251\320L%\300\001\023"
 4833      1BE47D26 
 4833      4C9D8EA9 
 4833      D04C25C0 
 4833      0113
 4834 0b8e 64BFE630 		.ascii	"d\277\3460\237wU\212\244M&\372$w\235\215\317M\031.\313"
 4834      9F77558A 
 4834      A44D26FA 
 4834      24779D8D 
ARM GAS  C:\Users\angio\AppData\Local\Temp\cciUCl9c.s 			page 169


 4834      CF4D192E 
 4835 0ba3 7045868B 		.ascii	"pE\206\2132t\310\320&\3035\031\332e\270%\303\015\031"
 4835      3274C8D0 
 4835      26C33519 
 4835      DA65B825 
 4835      C30D19
 4836 0bb6 AECA7089 		.ascii	"\256\312p\211\366\035j\343\234\356\307w&#\265zVJ\033"
 4836      F61D6AE3 
 4836      9CEEC777 
 4836      2623B57A 
 4836      564A1B
 4837 0bc9 E903CEE4 		.ascii	"\351\003\316\344`\012\252\367uV\003m\327@\207d8\350"
 4837      600AAAF7 
 4837      7556036D 
 4837      D7408764 
 4837      38E8
 4838 0bdb EB2E8F28 		.ascii	"\353.\217(+s\016\263\326*\303Y\023&\\@N\353\016\355"
 4838      2B730EB3 
 4838      D62AC359 
 4838      13265C40 
 4838      4EEB0EED 
 4839 0bef F5752882 		.ascii	"\365u(\202\326\312\363\325'\233\202{\370D_\377\327E"
 4839      D6CAF3D5 
 4839      279B827B 
 4839      F8445FFF 
 4839      D745
 4840 0c01 8F44B9C5 		.ascii	"\217D\271\305\245\347\303\336\341\217\011\213\256\004"
 4840      A5E7C3DE 
 4840      E18F098B 
 4840      AE04
 4841 0c0f 64D027B8 		.ascii	"d\320'\270\3332T0\026O\203\252\220%\327\276^d\262\215"
 4841      DB325430 
 4841      164F83AA 
 4841      9025D7BE 
 4841      5E64B28D 
 4842 0c23 CFDD9EAC 		.ascii	"\317\335\236\254E\027\001\311\265Id>J\001\312\022\224"
 4842      451701C9 
 4842      B549643E 
 4842      4A01CA12 
 4842      94
 4843 0c34 1536A40C 		.ascii	"\0256\244\014\336\374\254hc0\257P^\234wN\005\343\343"
 4843      DEFCAC68 
 4843      6330AF50 
 4843      5E9C774E 
 4843      05E3E3
 4844 0c47 07E605EB 		.ascii	"\007\346\005\353\356\201\014/\3141\363\334\345 B\011"
 4844      EE810C2F 
 4844      CC31F3DC 
 4844      E5204209 
 4845 0c57 A0884726 		.ascii	"\240\210G&\204\2369\035\361\320\207\303\013p\337\004"
 4845      849E391D 
 4845      F1D087C3 
 4845      0B70DF04 
 4846 0c67 38EC87A2 		.ascii	"8\354\207\242\313\027a\252\246{2\334\225Y\013z\3012"
 4846      CB1761AA 
 4846      A67B32DC 
 4846      95590B7A 
ARM GAS  C:\Users\angio\AppData\Local\Temp\cciUCl9c.s 			page 170


 4846      C132
 4847 0c79 F15486C7 		.ascii	"\361T\206\3072<\303\035\244\014O\264\324\325e6\034b"
 4847      323CC31D 
 4847      A40C4FB4 
 4847      D4D56536 
 4847      1C62
 4848 0c8b BD777295 		.ascii	"\275wr\225Q\247\371\225:\332BP>%\224\245\371\245\014"
 4848      51A7F995 
 4848      3ADA4250 
 4848      3E2594A5 
 4848      F9A50C
 4849 0c9e 7718902B 		.ascii	"w\030\220+J\364,\305u\244\027Ro\271\365\254\324\357"
 4849      4AF42CC5 
 4849      75A41752 
 4849      6FB9F5AC 
 4849      D4EF
 4850 0cb0 7A47B7A1 		.ascii	"zG\267\241\3410\200\254\246\231\016x\336\324|\330b\373"
 4850      E13080AC 
 4850      A6990E78 
 4850      DED47CD8 
 4850      62FB
 4851 0cc2 1900FEF3 		.ascii	"\031\000\376\363\332zO$0\011\217'\023\230B\260S\021"
 4851      DA7A4F24 
 4851      30098F27 
 4851      139842B0 
 4851      5311
 4852 0cd4 7CF87BF6 		.ascii	"|\370{\366s\374\245\333\266\342'\273\210\266b\375\036"
 4852      73FCA5DB 
 4852      B6E227BB 
 4852      88B662FD 
 4852      1E
 4853 0ce5 2F89757E 		.ascii	"/\211u~*a\006\370 \007 \262\244|\332\201@\177nLcnd\022"
 4853      2A6106F8 
 4853      200720B2 
 4853      A47CDA81 
 4853      407F6E4C 
 4854 0cfd 86B4B072 		.ascii	"\206\264\260r\030\202\370c\227\256\326\204\031\231g"
 4854      1882F863 
 4854      97AED684 
 4854      199967
 4855 0d0c 10988E84 		.ascii	"\020\230\216\2040\2230\035\211l\300*\251\240\276\313"
 4855      3093301D 
 4855      896CC02A 
 4855      A9A0BECB 
 4856 0d1c 336BF62C 		.ascii	"3k\366,\244;4\230MX6s\2465\015f\033\227\355|3yzv\376"
 4856      A43B3498 
 4856      4D583673 
 4856      A6350D66 
 4856      1B97ED7C 
 4857 0d35 748B9FAD 		.ascii	"t\213\237\255c\016Re\023\355\221x\353\326\262\247\375"
 4857      630E5265 
 4857      13ED9178 
 4857      EBD6B2A7 
 4857      FD
 4858 0d46 F7B047E2 		.ascii	"\367\260G\342\034\234\2269\004f\021\326O!\213\3007\364"
 4858      1C9C9639 
 4858      046611D6 
ARM GAS  C:\Users\angio\AppData\Local\Temp\cciUCl9c.s 			page 171


 4858      4F218BC0 
 4858      37F4
 4859 0d58 CCB3F35A 		.ascii	"\314\263\363Z\362\016\311\016\362\261\313\336;\335\335"
 4859      F20EC90E 
 4859      F2B1CBDE 
 4859      3BDDDD
 4860 0d67 51966BE1 		.ascii	"Q\226k\341\317\307\325=\351\363\361\034\215#\227\300"
 4860      CFC7D53D 
 4860      E9F3F11C 
 4860      8D2397C0 
 4861 0d77 5C8267E2 		.ascii	"\\\202g\342I\341\035r\304?G\351\351\3624\315\007\324"
 4861      49E11D72 
 4861      C43F47E9 
 4861      E9F234CD 
 4861      07D4
 4862 0d89 9FA7E97F 		.ascii	"\237\247\351\177K`>\3013\361T\372\016\271\374\012\375"
 4862      4B603EC1 
 4862      33F154FA 
 4862      0EB9FC0A 
 4862      FD
 4863 0d9a DD46FD3C 		.ascii	"\335F\375<M?\237\300\002\202g\036\375\354wH\347+\364"
 4863      4D3F9FC0 
 4863      0282671E 
 4863      FDEC7748 
 4863      E72BF4
 4864 0dad 6F1AF50B 		.ascii	"o\032\365\0134\375\205\004\026\021<\363\350?\357\213"
 4864      34FD8504 
 4864      16113CF3 
 4864      E83FEF8B 
 4865 0dbd BAFBCF96 		.ascii	"\272\373\317\226>5\2542;\365e|\261g\350\333$2%X\"Y\301"
 4865      3E35AC32 
 4865      3BF5657C 
 4865      B167E8DB 
 4865      24322558 
 4866 0dd4 D456B3BB 		.ascii	"\324V\263\273a\241\325wK\265\204\030\266AL\253U\"\337"
 4866      61A1D577 
 4866      4BB58418 
 4866      B6414CAB 
 4866      5522DF
 4867 0de7 A2D662A6 		.ascii	"\242\326b\246u\371\336\332\2560\363j\270\234\300\012"
 4867      75F9DEDA 
 4867      AE30F36A 
 4867      B89CC00A 
 4868 0df7 2216BBDB 		.ascii	"\"\026\273\333\255\371\353\203u7\360\216\307\215\022"
 4868      ADF9EB83 
 4868      7537F08E 
 4868      C78D12
 4869 0e06 5A2725C8 		.ascii	"Z'%\310T\312\230\366\336?0O\365\265\277\312\307\376"
 4869      54CA98F6 
 4869      DE3F304F 
 4869      F5B5BFCA 
 4869      C7FE
 4870 0e18 4989D561 		.ascii	"I\211\325a\225Dv\241\362w(\373\031\301\305\256u%^/\207"
 4870      954476A1 
 4870      F27728FB 
 4870      19C1C5AE 
 4870      75255E2F 
ARM GAS  C:\Users\angio\AppData\Local\Temp\cciUCl9c.s 			page 172


 4871 0e2d 361028D5 		.ascii	"6\020(\325\\!\307\030(w\377\364v\233\031T\246\203(\313"
 4871      5C21C718 
 4871      2877FFF4 
 4871      769B1954 
 4871      A68328CB 
 4872 0e41 CD49F586 		.ascii	"\315I\365\206\264m\324\375\335D\375=GY\002N\334\272"
 4872      B46DD4FD 
 4872      DD44FD3D 
 4872      4759024E 
 4872      DCBA
 4873 0e53 531884CB 		.ascii	"S\030\204\313\262\336G\326\022\332\\\250\301-\224\013"
 4873      B2DE47D6 
 4873      12DA5CA8 
 4873      C12D940B 
 4874 0e63 B611D84A 		.ascii	"\266\021\330J\370\272\363\350\333kw\312\372i\253\366"
 4874      F8BAF3E8 
 4874      DB6B77CA 
 4874      FA69ABF6 
 4875 0e73 26029B19 		.ascii	"&\002\233\031\306\2673\226fM\342\253\012b\326\373`\330"
 4875      C6B73396 
 4875      664DE2AB 
 4875      0A62D6FB 
 4875      60D8
 4876 0e85 6A70E5DE 		.ascii	"jp\345\336\305#\306\325@\263Z\346m\225\345\3510\216"
 4876      C523C6D5 
 4876      40B35AE6 
 4876      6D95E5E9 
 4876      308E
 4877 0e97 6C088E55 		.ascii	"l\010\216U\010\325\254]\366\350\0061\307\275\223\300"
 4877      08D5AC5D 
 4877      F6E80631 
 4877      C7BD93C0 
 4878 0ea7 2E4F7216 		.ascii	".Or\0263\320\252\322\256\\\213\031T\241\203\350\276"
 4878      33D0AAD2 
 4878      AE5C8B19 
 4878      54A183E8 
 4878      BE
 4879 0eb8 ECCECE4C 		.ascii	"\354\316\316LUON\245\356\342n6\271\225\227\273JN\310"
 4879      554F4EA5 
 4879      EEE26E36 
 4879      B99597BB 
 4879      4A4EC8
 4880 0ecb 3DFAB24E 		.ascii	"=\372\262N\302<\324F\021mU1\017\253\265\244\224>\336"
 4880      C23CD446 
 4880      116D5531 
 4880      0FABB5A4 
 4880      943EDE
 4881 0ede EE760706 		.ascii	"\356v\007\006\243\036\215\265\312O\254+\357?X\301\336"
 4881      A31E8DB5 
 4881      CA4FAC2B 
 4881      EF3F58C1 
 4881      DE
 4882 0eef DE9A992A 		.ascii	"\336\232\231*LLd%F\270\032\245\014e;\312n\036\355\225"
 4882      4C4C6425 
 4882      46B81AA5 
 4882      0C653BCA 
 4882      6E1EED95 
ARM GAS  C:\Users\angio\AppData\Local\Temp\cciUCl9c.s 			page 173


 4883 0f03 63395E9B 		.ascii	"c9^\233\314:\002\365z {\037\256_\023\246\007R\257\333"
 4883      CC3A02F5 
 4883      7A207B1F 
 4883      AE5F13A6 
 4883      0752AFDB 
 4884 0f17 DF4747F9 		.ascii	"\337GG\371 25\241\234F\271\200r\203\262v\277\274\263"
 4884      203235A1 
 4884      9C46B980 
 4884      7283B276 
 4884      BFBCB3
 4885 0f2a 7D29F4ED 		.ascii	"})\364\355\251\355\312\350\310\036\275}a\376\337\325"
 4885      A9EDCAE8 
 4885      C81EBD7D 
 4885      61FEDFD5 
 4886 0f3a F2912D41 		.ascii	"\362\221-A\016\034\016\357H\274\003\220(\004\335?F\340"
 4886      0E1C0EEF 
 4886      48BC0390 
 4886      2804DD3F 
 4886      46E0
 4887 0f4c 38816602 		.ascii	"8\201f\002G\011\034\301-\026\201C\004\232hLTc\341*\276"
 4887      47091CC1 
 4887      2D168143 
 4887      049A684C 
 4887      5463E12A 
 4888 0f61 79C0C7D7 		.ascii	"y\300\307\327\375~H\251\343\331\3738\344\022\300\201"
 4888      FD7E48A9 
 4888      E3D9FB38 
 4888      E412C081 
 4889 0f71 57D8BD51 		.ascii	"W\330\275Q\"X\032\375\263\2246N\3475\267\232@\355+\014"
 4889      22581AFD 
 4889      B394364E 
 4889      E735B79A 
 4889      40ED2B0C 
 4890 0f85 4DD30C25 		.ascii	"M\323\014%\300\301W\330y\254\333ix\005\311:\215d\037"
 4890      C0C157D8 
 4890      79ACDB69 
 4890      7805C93A 
 4890      8D641F
 4891 0f98 81BD7E20 		.ascii	"\201\275~ lF\017`"
 4891      6C460F60 
 4892 0fa0 655B8FD5 		.ascii	"e[\217\325\030*\221\342P\266\205?\237\2614\310\373m"
 4892      182A91E2 
 4892      50B6853F 
 4892      9FB134C8 
 4892      FB6D
 4893 0fb2 D3196278 		.ascii	"\323\031bx3\3034\373\2215\250R\306Tno<{-\304[\345\274"
 4893      33C334FB 
 4893      9135A852 
 4893      C6546E6F 
 4893      3C7B2DC4 
 4894 0fc9 51859433 		.ascii	"Q\205\2243`\313\343\265\307|\200\027L\300\232P\352Y"
 4894      60CBE3B5 
 4894      C77C8017 
 4894      4CC09A50 
 4894      EA59
 4895 0fdb 3FF80BFB 		.ascii	"?\370\013\373\226\310>\2468\361\\\301J\326)\273\334"
 4895      96C83EA6 
ARM GAS  C:\Users\angio\AppData\Local\Temp\cciUCl9c.s 			page 174


 4895      38F15CC1 
 4895      4AD629BB 
 4895      DC
 4896 0fec 55793901 		.ascii	"Uy9\001b\032^\245 \324\275B\3402]\177\033&\316\252"
 4896      621A5EA5 
 4896      20D4BD42 
 4896      E0325D7F 
 4896      1B26CEAA 
 4897 1000 08D58BEC 		.ascii	"\010\325\213\354\232\036t\233\247\003c\023kb\234E/\016"
 4897      9A1E749B 
 4897      A7036313 
 4897      6B629C45 
 4897      2F0E
 4898 1012 AF0AF27E 		.ascii	"\257\012\362~\005e\\\333\351\033\250E\205\337\030Zi"
 4898      05655CDB 
 4898      E91BA845 
 4898      85DF185A 
 4898      69
 4899 1023 BBCED741 		.ascii	"\273\316\327A\213\366\024\246\340<#[\273u\3262\257?"
 4899      8BF614A6 
 4899      E03C235B 
 4899      BB75D632 
 4899      AF3F
 4900 1035 7CDC2270 		.ascii	"|\334\"p\3333\331oq\213{v6zu\204N\035D\027\352\2637"
 4900      DB33D96F 
 4900      718B7B76 
 4900      367A7584 
 4900      4E1D4417 
 4901 104c 15DDDA1D 		.ascii	"\025\335\332\035\335\332]\217\367C\310\263P~\364\013"
 4901      DDDA5D8F 
 4901      F743C8B3 
 4901      507EF40B 
 4902 105c 360CAD32 		.ascii	"6\014\2552\231\024\246ug\231d\206Id\026J.\312|\224\002"
 4902      9914A675 
 4902      67996486 
 4902      4964164A 
 4902      2ECA7C94 
 4903 1071 94C5284B 		.ascii	"\224\305(KP\226\241\224\240\254FY\207\262%\014-\376"
 4903      5096A194 
 4903      A0AC4659 
 4903      87B2250C 
 4903      2DFE
 4904 1083 8F4395B7 		.ascii	"\217C\225\267\357\310\236\347\035m\212\335\335q\341"
 4904      EFC89EE7 
 4904      1D6D8ADD 
 4904      DD71E1
 4905 1092 FC3B5AF3 		.ascii	"\374;Z\363\304\035\303s\002\231\212\237\007\210\322"
 4905      C41DC373 
 4905      02998A9F 
 4905      0788D2
 4906 10a1 47B37921 		.ascii	"G\263y!#f\222b\304\2102\325z\346#B\237M`2\003\341hM"
 4906      23669262 
 4906      C48832D5 
 4906      7AE62342 
 4906      9F4D6032 
 4907 10b9 55608602 		.ascii	"U`\206\002\263\024\230\246@\226\002\323\025\230\242"
 4907      B31498A6 
ARM GAS  C:\Users\angio\AppData\Local\Temp\cciUCl9c.s 			page 175


 4907      409602D3 
 4907      1598A2
 4908 10c8 40B602B3 		.ascii	"@\266\002\263\025\230\251h\315\352\251N\3566\221\033"
 4908      1598A968 
 4908      CDEAA94E 
 4908      EE36911B 
 4909 10d8 9EB94A9F 		.ascii	"\236\271J\237\353\240\027&/\367\033@\217u\320D\0377"
 4909      EBA01726 
 4909      2FF71B40 
 4909      8F75D044 
 4909      1F37
 4910 10ea 35CCAC6C 		.ascii	"5\314\254l\201yb\"2>\247<\321\2112|]\3429\231\246\023"
 4910      81796222 
 4910      323EA73C 
 4910      D189327C 
 4910      5DE23999 
 4911 1100 3DF525E2 		.ascii	"=\365%\342\230g:\317K_\2579\346\245\216y\346\233\177"
 4911      98673ACF 
 4911      4B5FAF39 
 4911      E6A58E79 
 4911      E69B7F
 4912 1113 748854E3 		.ascii	"t\210T\343\030\326\206\261\247\337\314K\253\275\036"
 4912      18D686B1 
 4912      A7DFCC4B 
 4912      ABBD1E
 4913 1122 8FBF5160 		.ascii	"\217\277Q`\216\242?\375^m\275mh\275st\266\\\205\276"
 4913      8EA23FFD 
 4913      5E6DBD6D 
 4913      68BD7374 
 4913      B65C85BE 
 4914 1136 00A02C01 		.ascii	"\000\240,\001\213\012\017f\020\376\\\321Y\177(\213\265"
 4914      8B0A0F66 
 4914      10FE5CD1 
 4914      597F288B 
 4914      B5
 4915 1147 8E5C0572 		.ascii	"\216\\\005r\024\230\357gd;\367m\370\234\"\320\263\307"
 4915      1498EF67 
 4915      643BF76D 
 4915      F89C22D0 
 4915      B3C7
 4916 1159 8422F818 		.ascii	"\204\"\370\030\213\244\352\203\377\200\300}\234Qs\031"
 4916      8BA4EA83 
 4916      FF80C07D 
 4916      9C517319 
 4917 1169 0F0EFE3C 		.ascii	"\017\016\376<\005\276U<\013f0/b\211\264`4\027P\332X"
 4917      05BE553C 
 4917      0B66302F 
 4917      6289B460 
 4917      341750DA 
 4918 117e 4405151D 		.ascii	"D\005\025\035n\257Uq\241\002\213\264\210\310\023\006"
 4918      6EAF5571 
 4918      A1028BB4 
 4918      88C81306 
 4919 118e BABA7A6F 		.ascii	"\272\272zo\207\371\025\016,\326A\010(\255j\256\010\320"
 4919      87F9150E 
 4919      2CD64108 
 4919      28AD6AAE 
ARM GAS  C:\Users\angio\AppData\Local\Temp\cciUCl9c.s 			page 176


 4919      08D0
 4920 11a0 C32ED4C3 		.ascii	"\303.\324\303(\242aguC\220u\375\274\375mVZ\377|\333"
 4920      28A26167 
 4920      75439075 
 4920      FDBCFD6D 
 4920      565AFF7C 
 4921 11b5 70618B67 		.ascii	"pa\213g\333P\244\320e\262\370\325U\235\257@\236\302"
 4921      DB50A4D0 
 4921      65B2F8D5 
 4921      559DAF40 
 4921      9EC2
 4922 11c7 1C2B6681 		.ascii	"\034+f\201-U`\231\002\313=\005\274A\333Z \317f\037\036"
 4922      2D556099 
 4922      02CB3D05 
 4922      BC41DB5A 
 4922      20CF661F 
 4923 11dc ED697F7B 		.ascii	"\355i\177{1\317\363R\002K\024#\346\260x\032]R\332U\024"
 4923      31CFF352 
 4923      024B1423 
 4923      E6B0781A 
 4923      5D52DA55 
 4924 11f1 D0C3C7EA 		.ascii	"\320\303\307\352b?VIn7\211\344\263\250\256\275Xy!\204"
 4924      623F5649 
 4924      6E3789E4 
 4924      B3A8AEBD 
 4924      58792184 
 4925 1205 AE9B6EB6 		.ascii	"\256\233n\266dV\237\352\253-\2315\004V*\260\372\207"
 4925      64569FEA 
 4925      AB2D9935 
 4925      04562AB0 
 4925      FA87
 4926 1217 A2922804 		.ascii	"\242\222(\004\331W)\260V\2015\012_#K\317.w\263\230V"
 4926      D95729B0 
 4926      5681350A 
 4926      5F234BCF 
 4926      2E77B398 
 4927 122c 2850C058 		.ascii	"(P\300X<h\301RzR\203l'P\302 \274S\033V\235\356\320\311"
 4927      3C68C152 
 4927      7A52836C 
 4927      2750C220 
 4927      BC531B56 
 4928 1244 1B96DB42 		.ascii	"\033\226\333B\026So\373L\357\230\265\016\372\032?\264"
 4928      16536FFB 
 4928      4CEF98B5 
 4928      0EFA1A3F 
 4928      B4
 4929 1255 1FD12A6B 		.ascii	"\037\321*kY\256R\257\221f\201\002\025\336\366h\012\237"
 4929      59AE52AF 
 4929      91668102 
 4929      15DEF668 
 4929      0A9F
 4930 1267 7EC757B9 		.ascii	"~\307W\271\273\004n\022\012\361\004v\235\350\223R{w"
 4930      BB046E12 
 4930      0AF10476 
 4930      9DE89352 
 4930      7B77
 4931 1279 D041E086 		.ascii	"\320A\340\206/F\033\213\015%s\330\273\231\263\270\250"
ARM GAS  C:\Users\angio\AppData\Local\Temp\cciUCl9c.s 			page 177


 4931      2F461B8B 
 4931      0D2573D8 
 4931      BB99B3B8 
 4931      A8
 4932 128a 3290F6EE 		.ascii	"2\220\366\356\212BN\022\026[\373*\021\333:\006\361\304"
 4932      8A424E12 
 4932      165BFB2A 
 4932      11DB3A06 
 4932      F1C4
 4933 129c B68688F8 		.ascii	"\266\206\210\370o\351\361w\2310\367t\177V\327Muw\313"
 4933      6FE9F177 
 4933      9930F774 
 4933      7F56D74D 
 4933      7577CB
 4934 12af 08865602 		.ascii	"\010\206V\002\347\274M\265pS'\265M\002.\333{L.\227\013"
 4934      E7BC4DB5 
 4934      705327B5 
 4934      4D022EDB 
 4934      7B4C2E97 
 4935 12c4 9ACE6907 		.ascii	"\232\316i\007x\350\270\015Zf\302\024\353a\225\026\314"
 4935      78E8B80D 
 4935      5A66C214 
 4935      EB619516 
 4935      CC
 4936 12d5 E44409B0 		.ascii	"\344D\011\260A1b\012\015\241\317Z3\307S\206E\304\007"
 4936      4131620A 
 4936      0DA1CF5A 
 4936      33C75386 
 4936      45C407
 4937 12e8 C47D7EAC 		.ascii	"\304}~\254\357ZV\372\032\343\016\345\327q\2366\334\""
 4937      EF5A56FA 
 4937      1AE30EE5 
 4937      D7719E36 
 4937      DC22
 4938 12fa 9930A788 		.ascii	"\2310\247\210W\225\255W`\235\302\376\222\\\301\352\254"
 4938      5795AD57 
 4938      609DC2FE 
 4938      925CC1EA 
 4938      AC
 4939 130b 54017C6A 		.ascii	"T\001|j\337\242@\031\356\377\025\330\205\033]\005\266"
 4939      DFA24019 
 4939      EEFF15D8 
 4939      851B5D05 
 4939      B6
 4940 131c 2AB04981 		.ascii	"*\260I\201m\012\354\306)\204\217S\210T`\207\002\345"
 4940      6D0AECC6 
 4940      29848F53 
 4940      88546087 
 4940      02E5
 4941 132e DA14EB5C 		.ascii	"\332\024\353\\\254\015\331EB_\247\231\363\310{Pi\213"
 4941      AC0DD945 
 4941      425FA799 
 4941      F3C87B50 
 4941      698B
 4942 1340 E636D6FD 		.ascii	"\3466\326\375\016\337<j\240\353\332\230a\203z\310@\274"
 4942      0EDF3C6A 
 4942      A0EBDA98 
ARM GAS  C:\Users\angio\AppData\Local\Temp\cciUCl9c.s 			page 178


 4942      61837AC8 
 4942      40BC
 4943 1352 67E96B0D 		.ascii	"g\351k\015\316\303\3733\217\316\267\366\360\211\340"
 4943      CEC3FB33 
 4943      8FCEB7F6 
 4943      F089E0
 4944 1361 DC7F3D02 		.ascii	"\334\177=\002$\3158y\342\224\341\235j\265\356^\015k"
 4944      24CD3879 
 4944      E294E19D 
 4944      6AB5EE5E 
 4944      0D6B
 4945 1373 6308B975 		.ascii	"c\010\271u\263\271#\324\017\204\376Q\\\200.N\337t\314"
 4945      B3B923D4 
 4945      0F84FE51 
 4945      5C802E4E 
 4945      DF74CC
 4946 1386 F097F33D 		.ascii	"\360\227\363=\206eG\341\217\204\315gn\006\352\200+\372"
 4946      866547E1 
 4946      8F84CD67 
 4946      6E06EA80 
 4946      2BFA
 4947 1398 93E9771C 		.ascii	"\223\351w\034p`s\365\237\365\373\267\365\3677{i\253"
 4947      706073F5 
 4947      9FF5FBB7 
 4947      F5F7377B 
 4947      69AB
 4948 13aa 5C46A7A9 		.ascii	"\\F\247\251<\265\352\332a\253\255\365{\377\002@Vb\017"
 4948      3CB5EADA 
 4948      61ABADF5 
 4948      7BFF0240 
 4948      56620F
 4949 13bd 5A8B528A 		.ascii	"Z\213R\212\262\031e;J\005J\015\312^\224\375(\215(G)"
 4949      B219653B 
 4949      4A054A0D 
 4949      CA5E94FD 
 4949      288D2847 
 4950 13d2 E54FEFCF 		.ascii	"\345O\357\317\233\231\033f\234\364}/`\303\352\\q\361"
 4950      9B991B66 
 4950      9CF47D2F 
 4950      60C3EA5C 
 4950      71F1
 4951 13e4 9865153E 		.ascii	"\230e\025>\255L\377\011\324+\260O\201\263\276+2\002"
 4951      AD4CFF09 
 4951      D42BB04F 
 4951      81B3BE2B 
 4951      3202
 4952 13f6 4B0B2BD8 		.ascii	"K\013+\330\233P\304\324\2310\332\233P\012\231- GM\220"
 4952      9B50C4D4 
 4952      9930DA9B 
 4952      500A992D 
 4952      20474D90 
 4953 140a 70815828 		.ascii	"p\201X(\020\007L\210:\203\241\225\002s\314\327\220\206"
 4953      10074C88 
 4953      3A83A195 
 4953      0273CCD7 
 4953      9086
 4954 141c C9129823 		.ascii	"\311\022\230#>\2264\310\002\001i0A\366\033h\362\005"
ARM GAS  C:\Users\angio\AppData\Local\Temp\cciUCl9c.s 			page 179


 4954      3E9634C8 
 4954      02016930 
 4954      41F61B68 
 4954      F205
 4955 142e A6D11763 		.ascii	"\246\321\027c\234C\2367\210gY\375\035W\340\224\002-"
 4955      9C439E37 
 4955      886759FD 
 4955      1D57E094 
 4955      022D
 4956 1440 0A9C57E0 		.ascii	"\012\234W\340\214\002\247\0258\247\300\011\005Z\025"
 4956      8C02A715 
 4956      38A7C009 
 4956      055A15
 4957 144f 6852A059 		.ascii	"hR\240Y\201\223\264\346\250\201la\340\260\311\300a="
 4957      8193B4E6 
 4957      A8816C61 
 4957      E0B0C9C0 
 4957      613D
 4958 1461 69050272 		.ascii	"i\005\002r\3207%\034\222' \207|Y\264P\026\011\314~\337"
 4958      D037251C 
 4958      92272087 
 4958      7C59B450 
 4958      1609CC7E 
 4959 1476 2164ABDB 		.ascii	"!d\253\333\243\242\266x\337W\255\325\362_\025\024\373"
 4959      A3A2B678 
 4959      DF57ADD5 
 4959      F25F1514 
 4959      FB
 4960 1487 0BC1E533 		.ascii	"\013\301\3453\206YrA\267u\221\327w\313\322\023\017\015"
 4960      86597241 
 4960      B77591D7 
 4960      77CBD213 
 4960      0F0D
 4961 1499 80977A81 		.ascii	"\200\227z\201_\342\200\262\212\235\215\206\275\367N"
 4961      5FE280B2 
 4961      8A9D8D86 
 4961      BDF74E
 4962 14a8 1D7099CE 		.ascii	"\035p\231\316\200\271\257\3615\353\244D\012_\343\253"
 4962      80B9AFF1 
 4962      35EBA444 
 4962      0A5FE3AB 
 4963 14b8 980DB52A 		.ascii	"\230\015\265*V\034\310\011\361\367\026\357\272B\337"
 4963      561CC809 
 4963      F1F716EF 
 4963      BA42DF
 4964 14c7 E2B52974 		.ascii	"\342\265)t\222\257\2775O6\276\271\273\212}\202f\340"
 4964      92AFBF35 
 4964      4F36BEB9 
 4964      BB8A7D82 
 4964      66E0
 4965 14d9 86C270D4 		.ascii	"\206\302p\324\372\276\206\271s\002\005\246\335\027\243"
 4965      FABE86B9 
 4965      730205A6 
 4965      DD17A3
 4966 14e8 BDDFDC55 		.ascii	"\275\337\334U\002\031EU\031\275\241\035\037n\024\372"
 4966      02194555 
 4966      19BDA11D 
ARM GAS  C:\Users\angio\AppData\Local\Temp\cciUCl9c.s 			page 180


 4966      1F6E14FA 
 4967 14f8 872E0FF0 		.ascii	"\207.\017\360\212\002)\256\374\267\351\223\370\272\332"
 4967      8A0229AE 
 4967      FCB7E993 
 4967      F8BADA
 4968 1507 6CC3FFB5 		.ascii	"l\303\377\265Y\247GrS\321\266]y8O\265(r\200\254\177"
 4968      59A74772 
 4968      53D1B65D 
 4968      79384FB5 
 4968      287280AC 
 4969 151c 4D221BB5 		.ascii	"M\"\033\265\323i@\266\341i\265v\352\006R\207\247G\264"
 4969      D36940B6 
 4969      E169B576 
 4969      EA065287 
 4969      A747B4
 4970 152f D3471239 		.ascii	"\323G\0229\203\247WQ\356\240<E\231\322]\"\331(\371("
 4970      83A75751 
 4970      EEA03C45 
 4970      99D25D22 
 4970      D928F928 
 4971 1543 C5286B50 		.ascii	"\305(kP6\243T\240\324\241\034B9\201r\036\345:\312]\224"
 4971      36A354A0 
 4971      D4A11C42 
 4971      3981721E 
 4971      E53ACA5D 
 4972 1558 6728537B 		.ascii	"g(S{H$\007%\037e)\312\032\224-(;Pv\243\324\2424\242"
 4972      48240725 
 4972      1F6529CA 
 4972      1A942D28 
 4972      3B5076A3 
 4973 1570 9C446945 		.ascii	"\234DiE\271\202\322\336\203\273Q\004|\377`#\267z`\366"
 4973      B982D2DE 
 4973      83BB5104 
 4973      7CFF6023 
 4973      B77A60F6 
 4974 1584 A24BB64E 		.ascii	"\242K\266N\274\032f\336<|\317\207w\230\245\347\003\364"
 4974      BC1A66DE 
 4974      3C7CCF87 
 4974      7798A5E7 
 4974      03F4
 4975 1596 0EF34481 		.ascii	"\016\363D\201\022U\244\351\261\242\227\360\256-\236"
 4975      1255A4E9 
 4975      B1A297F0 
 4975      AE2D9E
 4976 15a5 12CE538D 		.ascii	"\022\316S\215\030\303\244\336) \371>\020>WZ\004\"\323"
 4976      18C3A4DE 
 4976      2920F93E 
 4976      103E575A 
 4976      0422D3
 4977 15b8 8438A52F 		.ascii	"\2048\245/\257\365[<\177=\232k\202\030;\303iA3\303\204"
 4977      AFF55B3C 
 4977      7F3D9A6B 
 4977      82183BC3 
 4977      694133C3 
 4978 15cd B94774CC 		.ascii	"\271Gt\314u\201\231d\302h;\024\012y* \217La?P\004d\332"
 4978      75819964 
 4978      C2683B14 
ARM GAS  C:\Users\angio\AppData\Local\Temp\cciUCl9c.s 			page 181


 4978      0A792A20 
 4978      8F4C613F 
 4979 15e5 360FE48E 		.ascii	"6\017\344\216\011\322\251\350\033\213\335\302\343y\276"
 4979      09D2A9E8 
 4979      1B8BDDC2 
 4979      E379BE
 4980 15f4 1E1BFB54 		.ascii	"\036\033\373T\201\012\013T\274\206\030\234\322\205*"
 4980      810A0B54 
 4980      BC86189C 
 4980      D2852A
 4981 1603 2CC60315 		.ascii	",\306\003\025V\251\260B\205%*\354Va\255\012kT\330\204"
 4981      56A9B042 
 4981      85252AEC 
 4981      5661AD0A 
 4981      6B54D884 
 4982 1617 242A54A9 		.ascii	"$*T\251\260U\205R\025*TX\252\302N\025V\252P\244\302"
 4982      B0558552 
 4982      152A5458 
 4982      AAC24E15 
 4982      56AA50A4 
 4983 162c 6615CA55 		.ascii	"f\025\312UX\257B\261\012\253U\250Va\207\012{T\250Ta"
 4983      58AF42B1 
 4983      0AAB55A8 
 4983      5661870A 
 4983      7B54A854 
 4984 1641 8B0A1B54 		.ascii	"\213\012\033T\330\250\302\"\025\226\251\260M\2052\025"
 4984      D8A8C222 
 4984      1596A9B0 
 4984      4D853215 
 4985 1651 D6A950A3 		.ascii	"\326\251P\243\302r\025v\251P\253j\233\362\263\302\351"
 4985      C2721576 
 4985      A950AB6A 
 4985      9BF2B3C2 
 4985      E9
 4986 1662 6926A7AF 		.ascii	"i&\247\257\033RX)\362\363\255\011c\354l7\004f\242o\232"
 4986      1B525829 
 4986      F2F3AD09 
 4986      63EC6C37 
 4986      0466A26F 
 4987 1677 35CC0181 		.ascii	"5\314\001\201\371\306\204\251\325\233\350~\001\231c"
 4987      F9C684A9 
 4987      D59BE87E 
 4987      019963
 4988 1686 8218FFF0 		.ascii	"\202\030\377\360\365B\270\334e\032\213{\206\261h\023"
 4988      F542B8DC 
 4988      651A8B7B 
 4988      86B16813 
 4989 1696 98C9269E 		.ascii	"\230\311&\236r\303F\360\221\300<3\361\2543\360\234\024"
 4989      72C346F0 
 4989      91C03C33 
 4989      F1AC33F0 
 4989      9C14
 4990 16a8 9859269E 		.ascii	"\230Y&\236\215\206\320\237\013\237\357\373\372\303\303"
 4990      8D86D09F 
 4990      0B9FEFFB 
 4990      FAC3C3
 4991 16b7 7A2C204F 		.ascii	"z, O}'\026\257\367\203\302R\216or4K\347\004\315T\337"
ARM GAS  C:\Users\angio\AppData\Local\Temp\cciUCl9c.s 			page 182


 4991      7D2716AF 
 4991      F783C252 
 4991      8E6F7234 
 4991      4BE704CD 
 4992 16cd 69A3616E 		.ascii	"i\243an\013\314s\337\250\2707\207\004d\266oP\332\023"
 4992      0BCC73DF 
 4992      A8B83787 
 4992      0464B66F 
 4992      50DA13
 4993 16e0 B9F0E6A1 		.ascii	"\271\360\346\241\357\224\320,U\010\232\371\276e\301"
 4993      EF94D02C 
 4993      55089AF9 
 4993      BE65C1
 4994 16ef 2D9D1790 		.ascii	"-\235\027\220)\276\303\300-u\010Kn\023\244\330\020\323"
 4994      29BEC3C0 
 4994      2D75084B 
 4994      6E13A4D8 
 4994      10D3
 4995 1701 194133DD 		.ascii	"\031A3\335\267H\271\245\351b\202\33669|K\017\373\224"
 4995      B748B9A5 
 4995      E96282DE 
 4995      36397C4B 
 4995      0FFB94
 4996 1714 6099E9DB 		.ascii	"`\231\351\333-8\344\226\200\2740\261\024\032\234\331"
 4996      2D38E496 
 4996      80BC30B1 
 4996      141A9CD9 
 4997 1724 2730B9BE 		.ascii	"'0\271\276%\312i\032\005$\313\0041n\216\332\005&\303"
 4997      25CA691A 
 4997      0524CB04 
 4997      316E8EDA 
 4997      0526C3
 4998 1737 376E4EF3 		.ascii	"7nN\363R@\356\3726\035\016\271) /}\035\346\220\031\""
 4998      5240EEFA 
 4998      361D0EB9 
 4998      29202F7D 
 4998      1DE69019 
 4999 174c 330B559F 		.ascii	"3\013U\237\314h\3164\010\232l_\207#$r\237\256*\362\245"
 4999      CC68CE34 
 4999      089A6C5F 
 4999      87232472 
 4999      9FAE2AF2 
 5000 1761 5BF3D606 		.ascii	"[\363\326\006\365\360\356c\260W\375\377\336\311\320"
 5000      F5F0EE63 
 5000      B057FDFF 
 5000      DEC9D0
 5001 1770 B9EABC73 		.ascii	"\271\352\274s\265\206\277\231\324\351A\324#\202d\364"
 5001      B586BF99 
 5001      D4E941D4 
 5001      238264F4 
 5002 1780 E42B6528 		.ascii	"\344+e([(;\371I\010\375\223\323\326\214\374 \177\033"
 5002      5B283BF9 
 5002      4908FD93 
 5002      D3D68CFC 
 5002      207F1B
 5003 1793 9606956E 		.ascii	"\226\006\225nX\016\252\210Y=y\303\006\323\206\345\200"
 5003      580EAA88 
ARM GAS  C:\Users\angio\AppData\Local\Temp\cciUCl9c.s 			page 183


 5003      593D79C3 
 5003      06D386E5 
 5003      80
 5004 17a4 0AFB6907 		.ascii	"\012\373i\007oT\031\216\375\027\3305\367\226\331\214"
 5004      6F54198E 
 5004      FD17D835 
 5004      F796D98C 
 5005 17b4 1B166F8C 		.ascii	"\033\026o\214\266a\251\277\251mX\016\251t\303\322\001"
 5005      B661A9BF 
 5005      A96D580E 
 5005      A974C3D2 
 5005      01
 5006 17c5 02B84FC5 		.ascii	"\002\270O\305\015Ka\0372\253'"
 5006      0D4B611F 
 5006      32AB27
 5007 17d0 DF59B5B1 		.ascii	"\337Y\265\261\234\237-[h\361\347\3361\346^\036\335O"
 5007      9C9F2D5B 
 5007      68F1E7DE 
 5007      31E65E1E 
 5007      DD4F
 5008 17e2 1D5A9675 		.ascii	"\035Z\226u8\320\350\336Q\025\375FL\223\312p\354\277"
 5008      38D0E8DE 
 5008      5115FD46 
 5008      4C93CA70 
 5008      ECBF
 5009 17f4 F7CCBF90 		.ascii	"\367\314\277\220ir\317\033C\335+}\266\301=\255\033\372"
 5009      6972CF1B 
 5009      43DD2B7D 
 5009      B6C13DAD 
 5009      1BFA
 5010 1806 D6CC7CBB 		.ascii	"\326\314|\273\005\002u\204\372v\361-\372\277\236r\027"
 5010      05027584 
 5010      FA76F12D 
 5010      FABF9E72 
 5010      17
 5011 1817 E51AFECB 		.ascii	"\345\032\376\313\315C\375\301\351\004\315\363|\315\371"
 5011      CD43FDC1 
 5011      E904CDF3 
 5011      7CCDF9
 5012 1826 2AFE77B2 		.ascii	"*\376w\2627\350\177S]\370p\222\315_\010gX\010\247i\206"
 5012      37E87F53 
 5012      5DF87092 
 5012      CD5F0867 
 5012      5808A769 
 5013 183b 4F56CF98 		.ascii	"OV\317\230\033b\014\341\224\312'\324Y\225\341\330\203"
 5013      1B620CE1 
 5013      94CA27D4 
 5013      5995E1D8 
 5013      83
 5014 184c 5FC5E235 		.ascii	"_\305\3425\026c\010\336\030\032B\347\356\362\203\356"
 5014      166308DE 
 5014      181A42E7 
 5014      EEF283EE 
 5015 185c 6EA56E2B 		.ascii	"n\245n+\264\260\030\226\311\002v\222\306\260\352o$\022"
 5015      B4B01896 
 5015      C9027692 
 5015      C6B0EA6F 
ARM GAS  C:\Users\angio\AppData\Local\Temp\cciUCl9c.s 			page 184


 5015      2412
 5016 186e 31580A8C 		.ascii	"1X\012\214u$\217}\337\336?Y\262\305\245:\\\366\361\375"
 5016      75248F7D 
 5016      DFDE3F59 
 5016      B2C5A53A 
 5016      5CF6F1FD 
 5017 1882 930749DD 		.ascii	"\223\007I\335\342\306\214\230\340\37445\356\353O\034"
 5017      E2C68C98 
 5017      E0FC3435 
 5017      EEEB4F1C 
 5018 1892 A9C9C346 		.ascii	"\251\311\303FD\377\363{\357\205\343\277\2701\211\243"
 5018      44FFF37B 
 5018      EF85E3BF 
 5018      B83189A3 
 5019 18a2 12539D91 		.ascii	"\022S\235\221\021\021\021\341\251\316\3601\261I\341"
 5019      111111E1 
 5019      A9CEF031 
 5019      B149E1
 5020 18b1 69A8E40C 		.ascii	"i\250\344\014\0371\362\263\201\221\341\237~\372q\370"
 5020      1F31F2B3 
 5020      8191E19F 
 5020      7EFA71F8 
 5021 18c1 97233E8C 		.ascii	"\227#>\214\0369v \275\027\343LL\215IJ\212\177/\316\372"
 5021      1E397620 
 5021      BD17E34C 
 5021      4C8D494A 
 5021      8A7F2FCE 
 5022 18d6 9BCFBFEC 		.ascii	"\233\317\277\354\035\025\361\276\364\206\351\362{\277"
 5022      1D15F1BE 
 5022      F486E9F2 
 5022      7BBF
 5023 18e4 1C32E8FD 		.ascii	"\0342\350\375\310AC\006K\203\243\376\361wQ\224|\204"
 5023      C8414306 
 5023      4B83A3FE 
 5023      F1775194 
 5023      7C84
 5024 18f6 2B3D3E31 		.ascii	"+=>1\365w\343R\035_;\323b\343\3541\351N\273\343w\321"
 5024      F577E352 
 5024      1D5F3BD3 
 5024      62E3EC31 
 5024      E94EBBE3 
 5025 190c 23FB330B 		.ascii	"#\3733\013\277\031\364\376\240\350\241\375?\3772\352"
 5025      BF19F4FE 
 5025      A0E8A1FD 
 5025      3FFF32EA 
 5026 191c D3A15F0C 		.ascii	"\323\241_\014\036$\365\363\353\226\303\025\236\230\022"
 5026      1E24F5F3 
 5026      EB96C315 
 5026      9E9812
 5027 192b 97941E6F 		.ascii	"\227\224\036o\307;\316\011\316\367\306H\335Y@_\246$"
 5027      C73BCE09 
 5027      CEF7C648 
 5027      DD59405F 
 5027      A624
 5028 193d E921754F 		.ascii	"\351!uOu\306&\231\243\374\305+\243\244X\344\355\237"
 5028      75C62699 
 5028      A3FCC52B 
ARM GAS  C:\Users\angio\AppData\Local\Temp\cciUCl9c.s 			page 185


 5028      A3A458E4 
 5028      ED9F
 5029 194f 92C88F91 		.ascii	"\222\310\217\221\262\247\246o\"\355\221\356\214u\270"
 5029      B2A7A66F 
 5029      22ED91EE 
 5029      8C75B8
 5030 195e 62EC29B1 		.ascii	"b\354)\261\243\222\3541\216\3611\211\216?\206zb\216"
 5030      A392EC31 
 5030      8EF13189 
 5030      8E3F867A 
 5030      628E
 5031 1970 77248EB5 		.ascii	"w$\216\265;\002G\014\373\342cv\364?\377{I\225~\352m"
 5031      3B02470C 
 5031      FBE26376 
 5031      F43FFF7B 
 5031      49957EEA 
 5032 1985 CCEE70A4 		.ascii	"\314\356p\244:\234\324\246\331\017\027\363\343\015\357"
 5032      3A9CD4A6 
 5032      D90F17F3 
 5032      E30DEF
 5033 1994 6BF69478 		.ascii	"k\366\224xz\335\306\257'\246$\272^\2431\215\034\343"
 5033      7ADDC6AF 
 5033      27A624BA 
 5033      5EA3318D 
 5033      1CE3
 5034 19a6 B0C7C647 		.ascii	"\260\307\306G\333\235\351\311\366aj\2623!\306\025\030"
 5034      DB9DE9C9 
 5034      F6616AB2 
 5034      3321C615 
 5034      18
 5035 19b7 3726C6C5 		.ascii	"7&\306\305.[\371O\214\253\273v\340\260\217\266;\354"
 5035      2E5BF94F 
 5035      8CABBB76 
 5035      E0B08FB6 
 5035      3BEC
 5036 19c9 293852AE 		.ascii	")8R\256`\3155F\025\3429q\272\220=X?KM\373\231\347$="
 5036      60CD3546 
 5036      15E23971 
 5036      BA903D58 
 5036      3F4B4DFB 
 5037 19e1 2D3ED665 		.ascii	"->\326e\367x4:)6\301\331\313s/\301\356\212\211E\007"
 5037      F778343A 
 5037      2936C1D9 
 5037      CB732FC1 
 5037      EE8A8945 
 5038 19f6 E392ECB1 		.ascii	"\343\222\354\261\016-\262 \274i\037kOq9c\\\257\002\262"
 5038      0E2DB220 
 5038      BC691F6B 
 5038      4F713963 
 5038      5CAF02B2 
 5039 1a0a DBDD8D37 		.ascii	"\333\335\2157\371%\341\001\365:\300\231\370't\330\222"
 5039      F925E101 
 5039      F53AC099 
 5039      F82774D8 
 5039      92
 5040 1a1b 9E98E21A 		.ascii	"\236\230\342\032\022\243\373:\316\221\350\262\007\031"
 5040      12A3FB3A 
ARM GAS  C:\Users\angio\AppData\Local\Temp\cciUCl9c.s 			page 186


 5040      CE91E8B2 
 5040      0719
 5041 1a29 94C5715A 		.ascii	"\224\305qZ\272+\204\242cF\307:]\021\203c\\a\236;q\251"
 5041      BA2B84A2 
 5041      6346C73A 
 5041      5D118363 
 5041      5C619E3B 
 5042 1a3f 292E476A 		.ascii	").Gj\322\033\"B\273c\254\035S\340B\237\323\323\\\301"
 5042      D21B2242 
 5042      BB63AC1D 
 5042      53E0429F 
 5042      D3D35CC1 
 5043 1a53 7163468E 		.ascii	"qcF\216\361d\323\177\201\231\352\225\247\225\326,\233"
 5043      F164D37F 
 5043      8199EA95 
 5043      A795D62C 
 5043      9B
 5044 1a64 2B9E20E2 		.ascii	"+\236 \342h\221\305\244\245\"\257\015\257\307%}\235"
 5044      6891C5A4 
 5044      A522AF0D 
 5044      AFC7257D 
 5044      9D
 5045 1a75 E6C271C1 		.ascii	"\346\302q\301\303\321\016\373\037c\\\277\372Q\265\244"
 5045      C3D10EFB 
 5045      1F635CBF 
 5045      FA51B5A4 
 5046 1a85 4DA2F1E3 		.ascii	"M\242\361\343\3035n4C\203\377b\324\037\354q\256a8l\377"
 5046      C3356E34 
 5046      4383FF62 
 5046      D41FEC71 
 5046      AE61386C 
 5047 1a9a F04A1E8F 		.ascii	"\360J\036\217\213Z\015\242fP\232\303\356\214\033\033"
 5047      8B5A0DA2 
 5047      66509AC3 
 5047      EE8C1B1B 
 5048 1aaa 9BE47C6F 		.ascii	"\233\344|o@\2408\266\3224\015\214\304\354~:\234\226"
 5048      40A038B6 
 5048      D2340D8C 
 5048      C4EC7E3A 
 5048      9C96
 5049 1abc 7A84CAEA 		.ascii	"z\204\312\352+\204\325p\314\310\011i\366\217\355\243"
 5049      2B84D570 
 5049      CCC80969 
 5049      F68FEDA3 
 5050 1acc 6DCE0929 		.ascii	"m\316\011)qX\203X\202\026\3550\210\375:\306'\306'\331"
 5050      71588358 
 5050      8216ED30 
 5050      88FD3AC6 
 5050      27C627D9 
 5051 1ae0 2DDA3189 		.ascii	"-\3321\211u$\310q\243,h/n\0242\362J\211\017\300\234"
 5051      7524C871 
 5051      A32C682F 
 5051      6E1432F2 
 5051      4A890FC0 
 5052 1af5 8F4E4C10 		.ascii	"\217NL\020\023\213\237\322\211\025\305\216T\2549\227"
 5052      138B9FD2 
 5052      8915C58E 
ARM GAS  C:\Users\angio\AppData\Local\Temp\cciUCl9c.s 			page 187


 5052      54AC3997 
 5053 1b05 DD86B7D8 		.ascii	"\335\206\267\330A\214\213\214Mv\205\352S0\006OU\226"
 5053      418C8B8C 
 5053      4D7685EA 
 5053      5330064F 
 5053      5596
 5054 1b17 D1D078FB 		.ascii	"\321\320x\373\350\330\364$\227FA\342\034\221(\021*\213"
 5054      E8D8F424 
 5054      974641E2 
 5054      1C912811 
 5054      2A8B
 5055 1b29 4619159B 		.ascii	"F\031\025\233\036\217\247\003\225\2701\261\216\220\030"
 5055      1E8FA703 
 5055      95B831B1 
 5055      8E9018
 5056 1b38 1C5A57CC 		.ascii	"\034ZW\314G\037\216\030:<zXHl\322\270\330\0118\327R"
 5056      471F8E18 
 5056      3A3C7A58 
 5056      486CD2B8 
 5056      D80938D7 
 5057 1b4d 921253EC 		.ascii	"\222\022S\354Q~\263\026\227\232\234\234\232\022n\037"
 5057      517EB316 
 5057      979A9C9C 
 5057      9A126E1F 
 5058 1b5d EF0AFF30 		.ascii	"\357\012\3770\372\263\360\250\317F\014\033\021\036\225"
 5058      FAB3F0A8 
 5058      CF460C1B 
 5058      111E95
 5059 1b6c EAB0870F 		.ascii	"\352\260\207\017\363\014w\2623\321\031\223\020\027\207"
 5059      F30C77B2 
 5059      33D11993 
 5059      101787
 5060 1b7b D90CA403 		.ascii	"\331\014\244\003\025C\235z\377\373\330\370p\"\337\330"
 5060      15439D7A 
 5060      FFFBD8F8 
 5060      7022DFD8 
 5061 1b8b F7FB7FD6 		.ascii	"\367\373\177\326\377\303OG\"\016\033\267\23569\301\020"
 5061      FFC34F47 
 5061      220E1BB7 
 5061      9D3639C1 
 5061      10
 5062 1b9c 331ADB51 		.ascii	"3\032\333QL\242\323\021\304.\245\263\026\325\323p,\000"
 5062      4CA2D311 
 5062      C42EA5B3 
 5062      16D5D370 
 5062      2C00
 5063 1bae 56ACB6A4 		.ascii	"V\254\266\2444Gb\252\305E\2771\307\311\256\361I\211"
 5063      344762AA 
 5063      C545BF31 
 5063      C7C9AEF1 
 5063      4989
 5064 1bc0 4E9715A7 		.ascii	"N\227\025\247|r:\256\007V{\032\216RbJB\020\233H\311"
 5064      7C723AAE 
 5064      07567B1A 
 5064      8E52624A 
 5064      42109B48 
 5065 1bd5 B1CEAF63 		.ascii	"\261\316\257c\\Vl\013\177L\267\247\333\225\024\014\217"
ARM GAS  C:\Users\angio\AppData\Local\Temp\cciUCl9c.s 			page 188


 5065      5C566C0B 
 5065      7F4CB7A7 
 5065      DB95140C 
 5065      8F
 5066 1be6 62D999CD 		.ascii	"b\331\231\315s\020\343R0\205c\377\376\207\353\235\332"
 5066      7310E352 
 5066      308563FF 
 5066      FE87EB9D 
 5066      DA
 5067 1bf7 A2D56E19 		.ascii	"\242\325n\031\027\233\350B+\026\244\240\327\002\265"
 5067      179BE842 
 5067      2B16A4A0 
 5067      D702B5
 5068 1c06 DF1817A4 		.ascii	"\337\030\027\244\007\330\307Q\263\001\343\\\350\\\032"
 5068      07D8C751 
 5068      B301E35C 
 5068      E85C1A
 5069 1c15 FE38EDC9 		.ascii	"\3768\355\311i8\261p@\222c\323\306`\364\026'u\315\231"
 5069      6938B170 
 5069      409263D3 
 5069      C660F416 
 5069      2775CD99 
 5070 1c29 A08E73B9 		.ascii	"\240\216s\271\034\024\221:\352\017iV\373\370DW\\j\274"
 5070      1C14913A 
 5070      EA0F6956 
 5070      FBF84457 
 5070      5C6ABC
 5071 1c3c 3DC0113F 		.ascii	"=\300\021?\001o\376\210\331\227\312&\002\365G\301\306"
 5071      016FFE88 
 5071      D997CA26 
 5071      02F547C1 
 5071      C6
 5072 1c4d E6B4B8E8 		.ascii	"\346\264\270\350w\214Ke\275\311\342JF2\014\336\245\225"
 5072      778C4B65 
 5072      BDC9E24A 
 5072      46320CDE 
 5072      A595
 5073 1c5f 55C0B8D8 		.ascii	"U\300\270\330Q\261N,4\327\327\261I\211\011)\030uJl\262"
 5073      51B14E2C 
 5073      34D7D7B1 
 5073      49890929 
 5073      18754A6C 
 5074 1c74 5D4D1D97 		.ascii	"]M\035\227bw\204\242\177\251\264@\020\214\3551\304p"
 5074      627784A2 
 5074      7FA9B440 
 5074      108CED31 
 5074      C470
 5075 1c86 8C9A0E96 		.ascii	"\214\232\016\226&\022\347\032\217\206\022\234\001I\330"
 5075      2612E71A 
 5075      8F86129C 
 5075      0149D8
 5076 1c95 BAC6C711 		.ascii	"\272\306\307\021GD\004\312\000\331\361+\3311Dv\274/"
 5076      474404CA 
 5076      00D9F12B 
 5076      D9314476 
 5076      BC2F
 5077 1ca7 3B06CB8E 		.ascii	";\006\313\216_\312\216A\026j\010G\210\017(\3160\324"
ARM GAS  C:\Users\angio\AppData\Local\Temp\cciUCl9c.s 			page 189


 5077      5FCA8E41 
 5077      166A0847 
 5077      880F28CE 
 5077      30D4
 5078 1cb9 949D69FC 		.ascii	"\224\235i\374\024\207\000O\203\3311mGxN\306\304;\002"
 5078      1487004F 
 5078      83D9316D 
 5078      47784EC6 
 5078      C43B02
 5079 1ccc D29891D7 		.ascii	"\322\230\221\327\320\021:\266\330\333&\360\321\351\341"
 5079      D0113AB6 
 5079      D8DB26F0 
 5079      D1E9E1
 5080 1cdb 73858D57 		.ascii	"s\205\215Wb\252\312\307\224\346]MNKMM\"#?\216&\321("
 5080      62AACAC7 
 5080      94E65D4D 
 5080      4E4B4D4D 
 5080      22233F8E 
 5081 1cf2 C3A25046 		.ascii	"\303\242PF\340\361\377\212V\242G~\021\255\374f\344\360"
 5081      E0F1FF8A 
 5081      56A2477E 
 5081      11ADFC66 
 5081      E4F0
 5082 1d04 68F25174 		.ascii	"h\362Qt4\211\212\036\210\022\211\022\241\016\217\036"
 5082      34898A1E 
 5082      88128912 
 5082      A10E8F1E 
 5083 1d14 3A22EAD7 		.ascii	":\"\352\327?4\031F\21444\"\247+y`d\002\256\353\343\307"
 5083      3F341946 
 5083      8C343422 
 5083      A72B7960 
 5083      6402AEEB 
 5084 1d2a 63D66D31 		.ascii	"c\326m11\243\323q\352\307\2747\310\3529T\243\242\243"
 5084      31A3D371 
 5084      EAC7BC37 
 5084      C8EA3954 
 5084      A3A2A3
 5085 1d3d D17AD488 		.ascii	"\321z\324\210h\345\243\217\243\242\003\321\306\320\350"
 5085      68E5A38F 
 5085      A3A203D1 
 5085      C6D0E8
 5086 1d4c 7F1DFAF1 		.ascii	"\177\035\372\361\257\324\250\250a\303\365\363!\201\037"
 5086      AFD4A8A8 
 5086      61C3F5F3 
 5086      21811F
 5087 1d5b 0EFF2872 		.ascii	"\016\377(r\304gC?\217\266\341Q\004;\212\324\017#\004"
 5087      C467433F 
 5087      8FB6E151 
 5087      043B8AD4 
 5087      0F2304
 5088 1d6e F2FDC00F 		.ascii	"\362\375\300\017\177\373\321@v\221\036E\212#\016\024"
 5088      7FFBD140 
 5088      76911E45 
 5088      8A230E14 
 5089 1d7e B8C116CA 		.ascii	"\270\301\026\312\210W\254\224\204\262y\016t\256_Z(\027"
 5089      8857AC94 
 5089      84B2790E 
ARM GAS  C:\Users\angio\AppData\Local\Temp\cciUCl9c.s 			page 190


 5089      74AE5F5A 
 5089      2817
 5090 1d90 5EA2BF91 		.ascii	"^\242\277\221\332o\204\221e\020U\212\214\03612\232:"
 5090      DA6F8491 
 5090      6510558A 
 5090      8C1E3132 
 5090      9A3A
 5091 1da2 18410F22 		.ascii	"\030A\017\"\305\221N4\320J\211\3505z\020\3519`(\001"
 5091      C5914E34 
 5091      D04A89E8 
 5091      357A10E9 
 5091      39602801 
 5092 1db6 8A54A270 		.ascii	"\212T\242p$\360\353\023\3725T\277\241\363\014\260\014"
 5092      24F0EB13 
 5092      FA3554BF 
 5092      A1F30CB0 
 5092      0C
 5093 1dc7 FFF4D3A8 		.ascii	"\377\364\323\250O~\203\000\374R\207E\215\210\212\226"
 5093      4F7E8300 
 5093      FC528745 
 5093      8D888A96 
 5094 1dd7 A3A20358 		.ascii	"\243\242\003X\262\"\203\242\243\242D\023\026\311\036"
 5094      B22283A2 
 5094      A3A24413 
 5094      16C91E
 5095 1de6 A81F46EA 		.ascii	"\250\037F\352\207\021\377\017YqG\241"
 5095      8711FF0F 
 5095      597147A1 
 5096              		.text
 5097              		.section	.gnu.lto_.symtab.1f2b2c89,"e",%progbits
 5098 0000 4C505349 		.ascii	"LPSIOD1\000"
 5098      4F443100 
 5099 0008 00       		.ascii	"\000"
 5100 0009 00       		.ascii	"\000"
 5101 000a 00       		.ascii	"\000"
 5102 000b 00000000 		.ascii	"\000\000\000\000\000\000\000\000"
 5102      00000000 
 5103 0013 70010000 		.ascii	"p\001\000\000"
 5104 0017 73696F5F 		.ascii	"sio_lld_init\000"
 5104      6C6C645F 
 5104      696E6974 
 5104      00
 5105 0024 00       		.ascii	"\000"
 5106 0025 00       		.ascii	"\000"
 5107 0026 00       		.ascii	"\000"
 5108 0027 00000000 		.ascii	"\000\000\000\000\000\000\000\000"
 5108      00000000 
 5109 002f E8000000 		.ascii	"\350\000\000\000"
 5110 0033 73696F5F 		.ascii	"sio_lld_start\000"
 5110      6C6C645F 
 5110      73746172 
 5110      7400
 5111 0041 00       		.ascii	"\000"
 5112 0042 00       		.ascii	"\000"
 5113 0043 00       		.ascii	"\000"
 5114 0044 00000000 		.ascii	"\000\000\000\000\000\000\000\000"
 5114      00000000 
ARM GAS  C:\Users\angio\AppData\Local\Temp\cciUCl9c.s 			page 191


 5115 004c EC000000 		.ascii	"\354\000\000\000"
 5116 0050 73696F5F 		.ascii	"sio_lld_stop\000"
 5116      6C6C645F 
 5116      73746F70 
 5116      00
 5117 005d 00       		.ascii	"\000"
 5118 005e 00       		.ascii	"\000"
 5119 005f 00       		.ascii	"\000"
 5120 0060 00000000 		.ascii	"\000\000\000\000\000\000\000\000"
 5120      00000000 
 5121 0068 EE000000 		.ascii	"\356\000\000\000"
 5122 006c 73696F5F 		.ascii	"sio_lld_update_enable_flags\000"
 5122      6C6C645F 
 5122      75706461 
 5122      74655F65 
 5122      6E61626C 
 5123 0088 00       		.ascii	"\000"
 5124 0089 00       		.ascii	"\000"
 5125 008a 00       		.ascii	"\000"
 5126 008b 00000000 		.ascii	"\000\000\000\000\000\000\000\000"
 5126      00000000 
 5127 0093 F0000000 		.ascii	"\360\000\000\000"
 5128 0097 73696F5F 		.ascii	"sio_lld_get_and_clear_errors\000"
 5128      6C6C645F 
 5128      6765745F 
 5128      616E645F 
 5128      636C6561 
 5129 00b4 00       		.ascii	"\000"
 5130 00b5 00       		.ascii	"\000"
 5131 00b6 00       		.ascii	"\000"
 5132 00b7 00000000 		.ascii	"\000\000\000\000\000\000\000\000"
 5132      00000000 
 5133 00bf F8000000 		.ascii	"\370\000\000\000"
 5134 00c3 73696F5F 		.ascii	"sio_lld_get_and_clear_events\000"
 5134      6C6C645F 
 5134      6765745F 
 5134      616E645F 
 5134      636C6561 
 5135 00e0 00       		.ascii	"\000"
 5136 00e1 00       		.ascii	"\000"
 5137 00e2 00       		.ascii	"\000"
 5138 00e3 00000000 		.ascii	"\000\000\000\000\000\000\000\000"
 5138      00000000 
 5139 00eb FA000000 		.ascii	"\372\000\000\000"
 5140 00ef 73696F5F 		.ascii	"sio_lld_get_events\000"
 5140      6C6C645F 
 5140      6765745F 
 5140      6576656E 
 5140      747300
 5141 0102 00       		.ascii	"\000"
 5142 0103 00       		.ascii	"\000"
 5143 0104 00       		.ascii	"\000"
 5144 0105 00000000 		.ascii	"\000\000\000\000\000\000\000\000"
 5144      00000000 
 5145 010d FC000000 		.ascii	"\374\000\000\000"
 5146 0111 73696F5F 		.ascii	"sio_lld_read\000"
 5146      6C6C645F 
ARM GAS  C:\Users\angio\AppData\Local\Temp\cciUCl9c.s 			page 192


 5146      72656164 
 5146      00
 5147 011e 00       		.ascii	"\000"
 5148 011f 00       		.ascii	"\000"
 5149 0120 00       		.ascii	"\000"
 5150 0121 00000000 		.ascii	"\000\000\000\000\000\000\000\000"
 5150      00000000 
 5151 0129 0B010000 		.ascii	"\013\001\000\000"
 5152 012d 73696F5F 		.ascii	"sio_lld_write\000"
 5152      6C6C645F 
 5152      77726974 
 5152      6500
 5153 013b 00       		.ascii	"\000"
 5154 013c 00       		.ascii	"\000"
 5155 013d 00       		.ascii	"\000"
 5156 013e 00000000 		.ascii	"\000\000\000\000\000\000\000\000"
 5156      00000000 
 5157 0146 13010000 		.ascii	"\023\001\000\000"
 5158 014a 73696F5F 		.ascii	"sio_lld_get\000"
 5158      6C6C645F 
 5158      67657400 
 5159 0156 00       		.ascii	"\000"
 5160 0157 00       		.ascii	"\000"
 5161 0158 00       		.ascii	"\000"
 5162 0159 00000000 		.ascii	"\000\000\000\000\000\000\000\000"
 5162      00000000 
 5163 0161 15010000 		.ascii	"\025\001\000\000"
 5164 0165 73696F5F 		.ascii	"sio_lld_put\000"
 5164      6C6C645F 
 5164      70757400 
 5165 0171 00       		.ascii	"\000"
 5166 0172 00       		.ascii	"\000"
 5167 0173 00       		.ascii	"\000"
 5168 0174 00000000 		.ascii	"\000\000\000\000\000\000\000\000"
 5168      00000000 
 5169 017c 1C010000 		.ascii	"\034\001\000\000"
 5170 0180 73696F5F 		.ascii	"sio_lld_control\000"
 5170      6C6C645F 
 5170      636F6E74 
 5170      726F6C00 
 5171 0190 00       		.ascii	"\000"
 5172 0191 00       		.ascii	"\000"
 5173 0192 00       		.ascii	"\000"
 5174 0193 00000000 		.ascii	"\000\000\000\000\000\000\000\000"
 5174      00000000 
 5175 019b 22010000 		.ascii	"\"\001\000\000"
 5176 019f 73696F5F 		.ascii	"sio_lld_serve_interrupt\000"
 5176      6C6C645F 
 5176      73657276 
 5176      655F696E 
 5176      74657272 
 5177 01b7 00       		.ascii	"\000"
 5178 01b8 00       		.ascii	"\000"
 5179 01b9 00       		.ascii	"\000"
 5180 01ba 00000000 		.ascii	"\000\000\000\000\000\000\000\000"
 5180      00000000 
 5181 01c2 24010000 		.ascii	"$\001\000\000"
ARM GAS  C:\Users\angio\AppData\Local\Temp\cciUCl9c.s 			page 193


 5182 01c6 63685468 		.ascii	"chThdResumeI\000"
 5182      64526573 
 5182      756D6549 
 5182      00
 5183 01d3 00       		.ascii	"\000"
 5184 01d4 02       		.ascii	"\002"
 5185 01d5 00       		.ascii	"\000"
 5186 01d6 00000000 		.ascii	"\000\000\000\000\000\000\000\000"
 5186      00000000 
 5187 01de 26010000 		.ascii	"&\001\000\000"
 5188 01e2 68616C5F 		.ascii	"hal_lld_get_clock_point\000"
 5188      6C6C645F 
 5188      6765745F 
 5188      636C6F63 
 5188      6B5F706F 
 5189 01fa 00       		.ascii	"\000"
 5190 01fb 02       		.ascii	"\002"
 5191 01fc 00       		.ascii	"\000"
 5192 01fd 00000000 		.ascii	"\000\000\000\000\000\000\000\000"
 5192      00000000 
 5193 0205 2E010000 		.ascii	".\001\000\000"
 5194 0209 73696F4F 		.ascii	"sioObjectInit\000"
 5194      626A6563 
 5194      74496E69 
 5194      7400
 5195 0217 00       		.ascii	"\000"
 5196 0218 02       		.ascii	"\002"
 5197 0219 00       		.ascii	"\000"
 5198 021a 00000000 		.ascii	"\000\000\000\000\000\000\000\000"
 5198      00000000 
 5199 0222 30010000 		.ascii	"0\001\000\000"
 5200              		.text
 5201              		.section	.gnu.lto_.ext_symtab.1f2b2c89,"e",%progbits
 5202 0000 01       		.ascii	"\001"
 5203 0001 02       		.ascii	"\002"
 5204 0002 01       		.ascii	"\001"
 5205 0003 01       		.ascii	"\001"
 5206 0004 00       		.ascii	"\000"
 5207 0005 01       		.ascii	"\001"
 5208 0006 00       		.ascii	"\000"
 5209 0007 01       		.ascii	"\001"
 5210 0008 00       		.ascii	"\000"
 5211 0009 01       		.ascii	"\001"
 5212 000a 00       		.ascii	"\000"
 5213 000b 01       		.ascii	"\001"
 5214 000c 00       		.ascii	"\000"
 5215 000d 01       		.ascii	"\001"
 5216 000e 00       		.ascii	"\000"
 5217 000f 01       		.ascii	"\001"
 5218 0010 00       		.ascii	"\000"
 5219 0011 01       		.ascii	"\001"
 5220 0012 00       		.ascii	"\000"
 5221 0013 01       		.ascii	"\001"
 5222 0014 00       		.ascii	"\000"
 5223 0015 01       		.ascii	"\001"
 5224 0016 00       		.ascii	"\000"
 5225 0017 01       		.ascii	"\001"
ARM GAS  C:\Users\angio\AppData\Local\Temp\cciUCl9c.s 			page 194


 5226 0018 00       		.ascii	"\000"
 5227 0019 01       		.ascii	"\001"
 5228 001a 00       		.ascii	"\000"
 5229 001b 01       		.ascii	"\001"
 5230 001c 00       		.ascii	"\000"
 5231 001d 01       		.ascii	"\001"
 5232 001e 00       		.ascii	"\000"
 5233 001f 01       		.ascii	"\001"
 5234 0020 00       		.ascii	"\000"
 5235 0021 01       		.ascii	"\001"
 5236 0022 00       		.ascii	"\000"
 5237              		.text
 5238              		.section	.gnu.lto_.opts,"e",%progbits
 5239 0000 272D666E 		.ascii	"'-fno-openmp' '-fno-openacc' '-fno-pie' '-fcf-prote"
 5239      6F2D6F70 
 5239      656E6D70 
 5239      2720272D 
 5239      666E6F2D 
 5240 0033 6374696F 		.ascii	"ction=none' '-g' '-mcpu=cortex-m4' '-mthumb' '-mflo"
 5240      6E3D6E6F 
 5240      6E652720 
 5240      272D6727 
 5240      20272D6D 
 5241 0066 61742D61 		.ascii	"at-abi=soft' '-mlibarch=armv7e-m' '-march=armv7e-m'"
 5241      62693D73 
 5241      6F667427 
 5241      20272D6D 
 5241      6C696261 
 5242 0099 20272D4F 		.ascii	" '-O0' '-fomit-frame-pointer' '-falign-functions=16"
 5242      30272027 
 5242      2D666F6D 
 5242      69742D66 
 5242      72616D65 
 5243 00cc 2720272D 		.ascii	"' '-ffunction-sections' '-fdata-sections' '-fno-com"
 5243      6666756E 
 5243      6374696F 
 5243      6E2D7365 
 5243      6374696F 
 5244 00ff 6D6F6E27 		.ascii	"mon' '-flto' '-Xassembler' '-alms=./build/lst/hal_s"
 5244      20272D66 
 5244      6C746F27 
 5244      20272D58 
 5244      61737365 
 5245 0132 696F5F6C 		.ascii	"io_lld.lst'\000"
 5245      6C642E6C 
 5245      73742700 
 5246              		.text
 5247              		.comm	__gnu_lto_slim,1,1
 5248              		.ident	"GCC: (GNU Arm Embedded Toolchain 10.3-2021.10) 10.3.1 20210824 (release)"
ARM GAS  C:\Users\angio\AppData\Local\Temp\cciUCl9c.s 			page 195


DEFINED SYMBOLS
                            *ABS*:00000000 hal_sio_lld.c
C:\Users\angio\AppData\Local\Temp\cciUCl9c.s:39     .gnu.debuglto_.debug_info:00000000 hal_sio_lld.c.58472486
                            *COM*:00000001 __gnu_lto_slim

NO UNDEFINED SYMBOLS
