ARM GAS  C:\Users\angio\AppData\Local\Temp\ccZuRrZ2.s 			page 1


   1              		.cpu cortex-m4
   2              		.arch armv7e-m
   3              		.fpu softvfp
   4              		.eabi_attribute 20, 1
   5              		.eabi_attribute 21, 1
   6              		.eabi_attribute 23, 3
   7              		.eabi_attribute 24, 1
   8              		.eabi_attribute 25, 1
   9              		.eabi_attribute 26, 1
  10              		.eabi_attribute 30, 6
  11              		.eabi_attribute 34, 1
  12              		.eabi_attribute 18, 4
  13              		.file	"hal_lld.c"
  14              		.file 1 "c:\\chibistudio\\tools\\gnu tools arm embedded\\10.3 2021.10\\arm-none-eabi\\include\\mac
  15              		.file 2 "c:\\chibistudio\\tools\\gnu tools arm embedded\\10.3 2021.10\\arm-none-eabi\\include\\sys
  16              		.file 3 "../../chibios2111/os/common/ext/ST/STM32G4xx/stm32g474xx.h"
  17              		.file 4 "../../chibios2111/os/hal/ports/STM32/STM32G4xx/hal_lld.h"
  18              		.file 5 "../../chibios2111/os/common/ext/ST/STM32G4xx/system_stm32g4xx.h"
  19              		.file 6 "../../chibios2111/os/hal/ports/STM32/STM32G4xx/hal_lld.c"
  20              		.file 7 "../../chibios2111/os/hal/ports/STM32/LLD/RCCv1/stm32_bd.inc"
  21              		.file 8 "../../chibios2111/os/hal/ports/STM32/LLD/RCCv1/stm32_hse.inc"
  22              		.file 9 "../../chibios2111/os/hal/ports/STM32/LLD/RCCv1/stm32_hsi48.inc"
  23              		.file 10 "../../chibios2111/os/hal/ports/STM32/LLD/RCCv1/stm32_hsi16.inc"
  24              		.file 11 "../../chibios2111/os/hal/ports/STM32/LLD/RCCv1/stm32_lsi.inc"
  25              		.file 12 "../../chibios2111/os/hal/ports/STM32/LLD/RCCv1/stm32_lse.inc"
  26              		.file 13 "../../chibios2111/os/hal/osal/rt-nil/osal.h"
  27              		.file 14 "../../chibios2111/os/hal/ports/STM32/LLD/RCCv1/stm32_pll.inc"
  28              		.section	.gnu.debuglto_.debug_info,"e",%progbits
  29              	.Ldebug_info0:
  30              		.hidden	hal_lld.c.b0666101
  31              		.weak	hal_lld.c.b0666101
  32              	hal_lld.c.b0666101:
  33 0000 570A0000 		.4byte	0xa57
  34 0004 0400     		.2byte	0x4
  35 0006 00000000 		.4byte	.Ldebug_abbrev0
  36 000a 04       		.byte	0x4
  37 000b 01       		.uleb128 0x1
  38 000c 7D050000 		.4byte	.LASF160
  39 0010 0C       		.byte	0xc
  40 0011 F8020000 		.4byte	.LASF161
  41 0015 48010000 		.4byte	.LASF162
  42 0019 00000000 		.4byte	.Ldebug_line0
  43 001d 02       		.uleb128 0x2
  44 001e 04       		.byte	0x4
  45 001f 05       		.byte	0x5
  46 0020 696E7400 		.ascii	"int\000"
  47 0024 03       		.uleb128 0x3
  48 0025 04       		.byte	0x4
  49 0026 07       		.byte	0x7
  50 0027 7C020000 		.4byte	.LASF0
  51 002b 03       		.uleb128 0x3
  52 002c 08       		.byte	0x8
  53 002d 05       		.byte	0x5
  54 002e CE000000 		.4byte	.LASF1
  55 0032 03       		.uleb128 0x3
  56 0033 08       		.byte	0x8
  57 0034 04       		.byte	0x4
ARM GAS  C:\Users\angio\AppData\Local\Temp\ccZuRrZ2.s 			page 2


  58 0035 D3030000 		.4byte	.LASF2
  59 0039 03       		.uleb128 0x3
  60 003a 01       		.byte	0x1
  61 003b 06       		.byte	0x6
  62 003c DC000000 		.4byte	.LASF3
  63 0040 03       		.uleb128 0x3
  64 0041 01       		.byte	0x1
  65 0042 08       		.byte	0x8
  66 0043 CB040000 		.4byte	.LASF4
  67 0047 03       		.uleb128 0x3
  68 0048 02       		.byte	0x2
  69 0049 05       		.byte	0x5
  70 004a 87030000 		.4byte	.LASF5
  71 004e 03       		.uleb128 0x3
  72 004f 02       		.byte	0x2
  73 0050 07       		.byte	0x7
  74 0051 DE020000 		.4byte	.LASF6
  75 0055 03       		.uleb128 0x3
  76 0056 04       		.byte	0x4
  77 0057 05       		.byte	0x5
  78 0058 45000000 		.4byte	.LASF7
  79 005c 04       		.uleb128 0x4
  80 005d 38020000 		.4byte	.LASF10
  81 0061 01       		.byte	0x1
  82 0062 4F       		.byte	0x4f
  83 0063 19       		.byte	0x19
  84 0064 68000000 		.4byte	0x68
  85 0068 03       		.uleb128 0x3
  86 0069 04       		.byte	0x4
  87 006a 07       		.byte	0x7
  88 006b A3020000 		.4byte	.LASF8
  89 006f 03       		.uleb128 0x3
  90 0070 08       		.byte	0x8
  91 0071 07       		.byte	0x7
  92 0072 4E000000 		.4byte	.LASF9
  93 0076 04       		.uleb128 0x4
  94 0077 33050000 		.4byte	.LASF11
  95 007b 02       		.byte	0x2
  96 007c 30       		.byte	0x30
  97 007d 14       		.byte	0x14
  98 007e 5C000000 		.4byte	0x5c
  99 0082 05       		.uleb128 0x5
 100 0083 76000000 		.4byte	0x76
 101 0087 06       		.uleb128 0x6
 102 0088 76000000 		.4byte	0x76
 103 008c 07       		.uleb128 0x7
 104 008d 04       		.byte	0x4
 105 008e 99000000 		.4byte	0x99
 106 0092 03       		.uleb128 0x3
 107 0093 01       		.byte	0x1
 108 0094 08       		.byte	0x8
 109 0095 67050000 		.4byte	.LASF12
 110 0099 06       		.uleb128 0x6
 111 009a 92000000 		.4byte	0x92
 112 009e 08       		.uleb128 0x8
 113 009f 93020000 		.4byte	.LASF96
 114 00a3 05       		.byte	0x5
ARM GAS  C:\Users\angio\AppData\Local\Temp\ccZuRrZ2.s 			page 3


 115 00a4 3A       		.byte	0x3a
 116 00a5 11       		.byte	0x11
 117 00a6 76000000 		.4byte	0x76
 118 00aa 09       		.uleb128 0x9
 119 00ab 76000000 		.4byte	0x76
 120 00af BA000000 		.4byte	0xba
 121 00b3 0A       		.uleb128 0xa
 122 00b4 24000000 		.4byte	0x24
 123 00b8 03       		.byte	0x3
 124 00b9 00       		.byte	0
 125 00ba 0B       		.uleb128 0xb
 126 00bb 78       		.byte	0x78
 127 00bc 03       		.byte	0x3
 128 00bd C901     		.2byte	0x1c9
 129 00bf 09       		.byte	0x9
 130 00c0 E9010000 		.4byte	0x1e9
 131 00c4 0C       		.uleb128 0xc
 132 00c5 41435200 		.ascii	"ACR\000"
 133 00c9 03       		.byte	0x3
 134 00ca CB01     		.2byte	0x1cb
 135 00cc 11       		.byte	0x11
 136 00cd 82000000 		.4byte	0x82
 137 00d1 00       		.byte	0
 138 00d2 0D       		.uleb128 0xd
 139 00d3 31020000 		.4byte	.LASF13
 140 00d7 03       		.byte	0x3
 141 00d8 CC01     		.2byte	0x1cc
 142 00da 11       		.byte	0x11
 143 00db 82000000 		.4byte	0x82
 144 00df 04       		.byte	0x4
 145 00e0 0D       		.uleb128 0xd
 146 00e1 56040000 		.4byte	.LASF14
 147 00e5 03       		.byte	0x3
 148 00e6 CD01     		.2byte	0x1cd
 149 00e8 11       		.byte	0x11
 150 00e9 82000000 		.4byte	0x82
 151 00ed 08       		.byte	0x8
 152 00ee 0D       		.uleb128 0xd
 153 00ef 41050000 		.4byte	.LASF15
 154 00f3 03       		.byte	0x3
 155 00f4 CE01     		.2byte	0x1ce
 156 00f6 11       		.byte	0x11
 157 00f7 82000000 		.4byte	0x82
 158 00fb 0C       		.byte	0xc
 159 00fc 0C       		.uleb128 0xc
 160 00fd 535200   		.ascii	"SR\000"
 161 0100 03       		.byte	0x3
 162 0101 CF01     		.2byte	0x1cf
 163 0103 11       		.byte	0x11
 164 0104 82000000 		.4byte	0x82
 165 0108 10       		.byte	0x10
 166 0109 0C       		.uleb128 0xc
 167 010a 435200   		.ascii	"CR\000"
 168 010d 03       		.byte	0x3
 169 010e D001     		.2byte	0x1d0
 170 0110 11       		.byte	0x11
 171 0111 82000000 		.4byte	0x82
ARM GAS  C:\Users\angio\AppData\Local\Temp\ccZuRrZ2.s 			page 4


 172 0115 14       		.byte	0x14
 173 0116 0D       		.uleb128 0xd
 174 0117 3C050000 		.4byte	.LASF16
 175 011b 03       		.byte	0x3
 176 011c D101     		.2byte	0x1d1
 177 011e 11       		.byte	0x11
 178 011f 82000000 		.4byte	0x82
 179 0123 18       		.byte	0x18
 180 0124 0D       		.uleb128 0xd
 181 0125 78060000 		.4byte	.LASF17
 182 0129 03       		.byte	0x3
 183 012a D201     		.2byte	0x1d2
 184 012c 11       		.byte	0x11
 185 012d 76000000 		.4byte	0x76
 186 0131 1C       		.byte	0x1c
 187 0132 0D       		.uleb128 0xd
 188 0133 DF030000 		.4byte	.LASF18
 189 0137 03       		.byte	0x3
 190 0138 D301     		.2byte	0x1d3
 191 013a 11       		.byte	0x11
 192 013b 82000000 		.4byte	0x82
 193 013f 20       		.byte	0x20
 194 0140 0D       		.uleb128 0xd
 195 0141 B7010000 		.4byte	.LASF19
 196 0145 03       		.byte	0x3
 197 0146 D401     		.2byte	0x1d4
 198 0148 11       		.byte	0x11
 199 0149 82000000 		.4byte	0x82
 200 014d 24       		.byte	0x24
 201 014e 0D       		.uleb128 0xd
 202 014f BF020000 		.4byte	.LASF20
 203 0153 03       		.byte	0x3
 204 0154 D501     		.2byte	0x1d5
 205 0156 11       		.byte	0x11
 206 0157 82000000 		.4byte	0x82
 207 015b 28       		.byte	0x28
 208 015c 0D       		.uleb128 0xd
 209 015d 80030000 		.4byte	.LASF21
 210 0161 03       		.byte	0x3
 211 0162 D601     		.2byte	0x1d6
 212 0164 11       		.byte	0x11
 213 0165 82000000 		.4byte	0x82
 214 0169 2C       		.byte	0x2c
 215 016a 0D       		.uleb128 0xd
 216 016b 23040000 		.4byte	.LASF22
 217 016f 03       		.byte	0x3
 218 0170 D701     		.2byte	0x1d7
 219 0172 11       		.byte	0x11
 220 0173 82000000 		.4byte	0x82
 221 0177 30       		.byte	0x30
 222 0178 0D       		.uleb128 0xd
 223 0179 5B040000 		.4byte	.LASF23
 224 017d 03       		.byte	0x3
 225 017e D801     		.2byte	0x1d8
 226 0180 11       		.byte	0x11
 227 0181 AA000000 		.4byte	0xaa
 228 0185 34       		.byte	0x34
ARM GAS  C:\Users\angio\AppData\Local\Temp\ccZuRrZ2.s 			page 5


 229 0186 0D       		.uleb128 0xd
 230 0187 00000000 		.4byte	.LASF24
 231 018b 03       		.byte	0x3
 232 018c D901     		.2byte	0x1d9
 233 018e 11       		.byte	0x11
 234 018f 82000000 		.4byte	0x82
 235 0193 44       		.byte	0x44
 236 0194 0D       		.uleb128 0xd
 237 0195 84010000 		.4byte	.LASF25
 238 0199 03       		.byte	0x3
 239 019a DA01     		.2byte	0x1da
 240 019c 11       		.byte	0x11
 241 019d 82000000 		.4byte	0x82
 242 01a1 48       		.byte	0x48
 243 01a2 0D       		.uleb128 0xd
 244 01a3 06020000 		.4byte	.LASF26
 245 01a7 03       		.byte	0x3
 246 01a8 DB01     		.2byte	0x1db
 247 01aa 11       		.byte	0x11
 248 01ab 82000000 		.4byte	0x82
 249 01af 4C       		.byte	0x4c
 250 01b0 0D       		.uleb128 0xd
 251 01b1 F1020000 		.4byte	.LASF27
 252 01b5 03       		.byte	0x3
 253 01b6 DC01     		.2byte	0x1dc
 254 01b8 11       		.byte	0x11
 255 01b9 82000000 		.4byte	0x82
 256 01bd 50       		.byte	0x50
 257 01be 0D       		.uleb128 0xd
 258 01bf 65040000 		.4byte	.LASF28
 259 01c3 03       		.byte	0x3
 260 01c4 DD01     		.2byte	0x1dd
 261 01c6 11       		.byte	0x11
 262 01c7 E9010000 		.4byte	0x1e9
 263 01cb 54       		.byte	0x54
 264 01cc 0D       		.uleb128 0xd
 265 01cd CD030000 		.4byte	.LASF29
 266 01d1 03       		.byte	0x3
 267 01d2 DE01     		.2byte	0x1de
 268 01d4 11       		.byte	0x11
 269 01d5 82000000 		.4byte	0x82
 270 01d9 70       		.byte	0x70
 271 01da 0D       		.uleb128 0xd
 272 01db B1040000 		.4byte	.LASF30
 273 01df 03       		.byte	0x3
 274 01e0 DF01     		.2byte	0x1df
 275 01e2 11       		.byte	0x11
 276 01e3 82000000 		.4byte	0x82
 277 01e7 74       		.byte	0x74
 278 01e8 00       		.byte	0
 279 01e9 09       		.uleb128 0x9
 280 01ea 76000000 		.4byte	0x76
 281 01ee F9010000 		.4byte	0x1f9
 282 01f2 0A       		.uleb128 0xa
 283 01f3 24000000 		.4byte	0x24
 284 01f7 06       		.byte	0x6
 285 01f8 00       		.byte	0
ARM GAS  C:\Users\angio\AppData\Local\Temp\ccZuRrZ2.s 			page 6


 286 01f9 0E       		.uleb128 0xe
 287 01fa F1000000 		.4byte	.LASF31
 288 01fe 03       		.byte	0x3
 289 01ff E001     		.2byte	0x1e0
 290 0201 03       		.byte	0x3
 291 0202 BA000000 		.4byte	0xba
 292 0206 0B       		.uleb128 0xb
 293 0207 84       		.byte	0x84
 294 0208 03       		.byte	0x3
 295 0209 6402     		.2byte	0x264
 296 020b 09       		.byte	0x9
 297 020c 61030000 		.4byte	0x361
 298 0210 0C       		.uleb128 0xc
 299 0211 43523100 		.ascii	"CR1\000"
 300 0215 03       		.byte	0x3
 301 0216 6602     		.2byte	0x266
 302 0218 11       		.byte	0x11
 303 0219 82000000 		.4byte	0x82
 304 021d 00       		.byte	0
 305 021e 0C       		.uleb128 0xc
 306 021f 43523200 		.ascii	"CR2\000"
 307 0223 03       		.byte	0x3
 308 0224 6702     		.2byte	0x267
 309 0226 11       		.byte	0x11
 310 0227 82000000 		.4byte	0x82
 311 022b 04       		.byte	0x4
 312 022c 0C       		.uleb128 0xc
 313 022d 43523300 		.ascii	"CR3\000"
 314 0231 03       		.byte	0x3
 315 0232 6802     		.2byte	0x268
 316 0234 11       		.byte	0x11
 317 0235 82000000 		.4byte	0x82
 318 0239 08       		.byte	0x8
 319 023a 0C       		.uleb128 0xc
 320 023b 43523400 		.ascii	"CR4\000"
 321 023f 03       		.byte	0x3
 322 0240 6902     		.2byte	0x269
 323 0242 11       		.byte	0x11
 324 0243 82000000 		.4byte	0x82
 325 0247 0C       		.byte	0xc
 326 0248 0C       		.uleb128 0xc
 327 0249 53523100 		.ascii	"SR1\000"
 328 024d 03       		.byte	0x3
 329 024e 6A02     		.2byte	0x26a
 330 0250 11       		.byte	0x11
 331 0251 82000000 		.4byte	0x82
 332 0255 10       		.byte	0x10
 333 0256 0C       		.uleb128 0xc
 334 0257 53523200 		.ascii	"SR2\000"
 335 025b 03       		.byte	0x3
 336 025c 6B02     		.2byte	0x26b
 337 025e 11       		.byte	0x11
 338 025f 82000000 		.4byte	0x82
 339 0263 14       		.byte	0x14
 340 0264 0C       		.uleb128 0xc
 341 0265 53435200 		.ascii	"SCR\000"
 342 0269 03       		.byte	0x3
ARM GAS  C:\Users\angio\AppData\Local\Temp\ccZuRrZ2.s 			page 7


 343 026a 6C02     		.2byte	0x26c
 344 026c 11       		.byte	0x11
 345 026d 82000000 		.4byte	0x82
 346 0271 18       		.byte	0x18
 347 0272 0D       		.uleb128 0xd
 348 0273 01050000 		.4byte	.LASF32
 349 0277 03       		.byte	0x3
 350 0278 6D02     		.2byte	0x26d
 351 027a 0C       		.byte	0xc
 352 027b 76000000 		.4byte	0x76
 353 027f 1C       		.byte	0x1c
 354 0280 0D       		.uleb128 0xd
 355 0281 42010000 		.4byte	.LASF33
 356 0285 03       		.byte	0x3
 357 0286 6E02     		.2byte	0x26e
 358 0288 11       		.byte	0x11
 359 0289 82000000 		.4byte	0x82
 360 028d 20       		.byte	0x20
 361 028e 0D       		.uleb128 0xd
 362 028f 11000000 		.4byte	.LASF34
 363 0293 03       		.byte	0x3
 364 0294 6F02     		.2byte	0x26f
 365 0296 11       		.byte	0x11
 366 0297 82000000 		.4byte	0x82
 367 029b 24       		.byte	0x24
 368 029c 0D       		.uleb128 0xd
 369 029d 3D070000 		.4byte	.LASF35
 370 02a1 03       		.byte	0x3
 371 02a2 7002     		.2byte	0x270
 372 02a4 11       		.byte	0x11
 373 02a5 82000000 		.4byte	0x82
 374 02a9 28       		.byte	0x28
 375 02aa 0D       		.uleb128 0xd
 376 02ab 17000000 		.4byte	.LASF36
 377 02af 03       		.byte	0x3
 378 02b0 7102     		.2byte	0x271
 379 02b2 11       		.byte	0x11
 380 02b3 82000000 		.4byte	0x82
 381 02b7 2C       		.byte	0x2c
 382 02b8 0D       		.uleb128 0xd
 383 02b9 7E010000 		.4byte	.LASF37
 384 02bd 03       		.byte	0x3
 385 02be 7202     		.2byte	0x272
 386 02c0 11       		.byte	0x11
 387 02c1 82000000 		.4byte	0x82
 388 02c5 30       		.byte	0x30
 389 02c6 0D       		.uleb128 0xd
 390 02c7 1D000000 		.4byte	.LASF38
 391 02cb 03       		.byte	0x3
 392 02cc 7302     		.2byte	0x273
 393 02ce 11       		.byte	0x11
 394 02cf 82000000 		.4byte	0x82
 395 02d3 34       		.byte	0x34
 396 02d4 0D       		.uleb128 0xd
 397 02d5 43070000 		.4byte	.LASF39
 398 02d9 03       		.byte	0x3
 399 02da 7402     		.2byte	0x274
ARM GAS  C:\Users\angio\AppData\Local\Temp\ccZuRrZ2.s 			page 8


 400 02dc 11       		.byte	0x11
 401 02dd 82000000 		.4byte	0x82
 402 02e1 38       		.byte	0x38
 403 02e2 0D       		.uleb128 0xd
 404 02e3 23000000 		.4byte	.LASF40
 405 02e7 03       		.byte	0x3
 406 02e8 7502     		.2byte	0x275
 407 02ea 11       		.byte	0x11
 408 02eb 82000000 		.4byte	0x82
 409 02ef 3C       		.byte	0x3c
 410 02f0 0D       		.uleb128 0xd
 411 02f1 8D010000 		.4byte	.LASF41
 412 02f5 03       		.byte	0x3
 413 02f6 7602     		.2byte	0x276
 414 02f8 11       		.byte	0x11
 415 02f9 82000000 		.4byte	0x82
 416 02fd 40       		.byte	0x40
 417 02fe 0D       		.uleb128 0xd
 418 02ff 29000000 		.4byte	.LASF42
 419 0303 03       		.byte	0x3
 420 0304 7702     		.2byte	0x277
 421 0306 11       		.byte	0x11
 422 0307 82000000 		.4byte	0x82
 423 030b 44       		.byte	0x44
 424 030c 0D       		.uleb128 0xd
 425 030d 93010000 		.4byte	.LASF43
 426 0311 03       		.byte	0x3
 427 0312 7802     		.2byte	0x278
 428 0314 11       		.byte	0x11
 429 0315 82000000 		.4byte	0x82
 430 0319 48       		.byte	0x48
 431 031a 0D       		.uleb128 0xd
 432 031b 2F000000 		.4byte	.LASF44
 433 031f 03       		.byte	0x3
 434 0320 7902     		.2byte	0x279
 435 0322 11       		.byte	0x11
 436 0323 82000000 		.4byte	0x82
 437 0327 4C       		.byte	0x4c
 438 0328 0D       		.uleb128 0xd
 439 0329 99010000 		.4byte	.LASF45
 440 032d 03       		.byte	0x3
 441 032e 7A02     		.2byte	0x27a
 442 0330 11       		.byte	0x11
 443 0331 82000000 		.4byte	0x82
 444 0335 50       		.byte	0x50
 445 0336 0D       		.uleb128 0xd
 446 0337 35000000 		.4byte	.LASF46
 447 033b 03       		.byte	0x3
 448 033c 7B02     		.2byte	0x27b
 449 033e 11       		.byte	0x11
 450 033f 82000000 		.4byte	0x82
 451 0343 54       		.byte	0x54
 452 0344 0D       		.uleb128 0xd
 453 0345 78060000 		.4byte	.LASF17
 454 0349 03       		.byte	0x3
 455 034a 7C02     		.2byte	0x27c
 456 034c 0C       		.byte	0xc
ARM GAS  C:\Users\angio\AppData\Local\Temp\ccZuRrZ2.s 			page 9


 457 034d 61030000 		.4byte	0x361
 458 0351 58       		.byte	0x58
 459 0352 0C       		.uleb128 0xc
 460 0353 43523500 		.ascii	"CR5\000"
 461 0357 03       		.byte	0x3
 462 0358 7D02     		.2byte	0x27d
 463 035a 11       		.byte	0x11
 464 035b 82000000 		.4byte	0x82
 465 035f 80       		.byte	0x80
 466 0360 00       		.byte	0
 467 0361 09       		.uleb128 0x9
 468 0362 76000000 		.4byte	0x76
 469 0366 71030000 		.4byte	0x371
 470 036a 0A       		.uleb128 0xa
 471 036b 24000000 		.4byte	0x24
 472 036f 09       		.byte	0x9
 473 0370 00       		.byte	0
 474 0371 0E       		.uleb128 0xe
 475 0372 82060000 		.4byte	.LASF47
 476 0376 03       		.byte	0x3
 477 0377 7E02     		.2byte	0x27e
 478 0379 03       		.byte	0x3
 479 037a 06020000 		.4byte	0x206
 480 037e 0B       		.uleb128 0xb
 481 037f A0       		.byte	0xa0
 482 0380 03       		.byte	0x3
 483 0381 9902     		.2byte	0x299
 484 0383 09       		.byte	0x9
 485 0384 B8050000 		.4byte	0x5b8
 486 0388 0C       		.uleb128 0xc
 487 0389 435200   		.ascii	"CR\000"
 488 038c 03       		.byte	0x3
 489 038d 9B02     		.2byte	0x29b
 490 038f 11       		.byte	0x11
 491 0390 82000000 		.4byte	0x82
 492 0394 00       		.byte	0
 493 0395 0D       		.uleb128 0xd
 494 0396 EA060000 		.4byte	.LASF48
 495 039a 03       		.byte	0x3
 496 039b 9C02     		.2byte	0x29c
 497 039d 11       		.byte	0x11
 498 039e 82000000 		.4byte	0x82
 499 03a2 04       		.byte	0x4
 500 03a3 0D       		.uleb128 0xd
 501 03a4 00070000 		.4byte	.LASF49
 502 03a8 03       		.byte	0x3
 503 03a9 9D02     		.2byte	0x29d
 504 03ab 11       		.byte	0x11
 505 03ac 82000000 		.4byte	0x82
 506 03b0 08       		.byte	0x8
 507 03b1 0D       		.uleb128 0xd
 508 03b2 F3010000 		.4byte	.LASF50
 509 03b6 03       		.byte	0x3
 510 03b7 9E02     		.2byte	0x29e
 511 03b9 11       		.byte	0x11
 512 03ba 82000000 		.4byte	0x82
 513 03be 0C       		.byte	0xc
ARM GAS  C:\Users\angio\AppData\Local\Temp\ccZuRrZ2.s 			page 10


 514 03bf 0D       		.uleb128 0xd
 515 03c0 4C040000 		.4byte	.LASF51
 516 03c4 03       		.byte	0x3
 517 03c5 9F02     		.2byte	0x29f
 518 03c7 11       		.byte	0x11
 519 03c8 76000000 		.4byte	0x76
 520 03cc 10       		.byte	0x10
 521 03cd 0D       		.uleb128 0xd
 522 03ce 78060000 		.4byte	.LASF17
 523 03d2 03       		.byte	0x3
 524 03d3 A002     		.2byte	0x2a0
 525 03d5 11       		.byte	0x11
 526 03d6 76000000 		.4byte	0x76
 527 03da 14       		.byte	0x14
 528 03db 0D       		.uleb128 0xd
 529 03dc 96060000 		.4byte	.LASF52
 530 03e0 03       		.byte	0x3
 531 03e1 A102     		.2byte	0x2a1
 532 03e3 11       		.byte	0x11
 533 03e4 82000000 		.4byte	0x82
 534 03e8 18       		.byte	0x18
 535 03e9 0D       		.uleb128 0xd
 536 03ea 25020000 		.4byte	.LASF53
 537 03ee 03       		.byte	0x3
 538 03ef A202     		.2byte	0x2a2
 539 03f1 11       		.byte	0x11
 540 03f2 82000000 		.4byte	0x82
 541 03f6 1C       		.byte	0x1c
 542 03f7 0D       		.uleb128 0xd
 543 03f8 BE060000 		.4byte	.LASF54
 544 03fc 03       		.byte	0x3
 545 03fd A302     		.2byte	0x2a3
 546 03ff 11       		.byte	0x11
 547 0400 82000000 		.4byte	0x82
 548 0404 20       		.byte	0x20
 549 0405 0D       		.uleb128 0xd
 550 0406 5B040000 		.4byte	.LASF23
 551 040a 03       		.byte	0x3
 552 040b A402     		.2byte	0x2a4
 553 040d 11       		.byte	0x11
 554 040e 76000000 		.4byte	0x76
 555 0412 24       		.byte	0x24
 556 0413 0D       		.uleb128 0xd
 557 0414 E8000000 		.4byte	.LASF55
 558 0418 03       		.byte	0x3
 559 0419 A502     		.2byte	0x2a5
 560 041b 11       		.byte	0x11
 561 041c 82000000 		.4byte	0x82
 562 0420 28       		.byte	0x28
 563 0421 0D       		.uleb128 0xd
 564 0422 5B060000 		.4byte	.LASF56
 565 0426 03       		.byte	0x3
 566 0427 A602     		.2byte	0x2a6
 567 0429 11       		.byte	0x11
 568 042a 82000000 		.4byte	0x82
 569 042e 2C       		.byte	0x2c
 570 042f 0D       		.uleb128 0xd
ARM GAS  C:\Users\angio\AppData\Local\Temp\ccZuRrZ2.s 			page 11


 571 0430 5A030000 		.4byte	.LASF57
 572 0434 03       		.byte	0x3
 573 0435 A702     		.2byte	0x2a7
 574 0437 11       		.byte	0x11
 575 0438 82000000 		.4byte	0x82
 576 043c 30       		.byte	0x30
 577 043d 0D       		.uleb128 0xd
 578 043e 65040000 		.4byte	.LASF28
 579 0442 03       		.byte	0x3
 580 0443 A802     		.2byte	0x2a8
 581 0445 11       		.byte	0x11
 582 0446 76000000 		.4byte	0x76
 583 044a 34       		.byte	0x34
 584 044b 0D       		.uleb128 0xd
 585 044c C0010000 		.4byte	.LASF58
 586 0450 03       		.byte	0x3
 587 0451 A902     		.2byte	0x2a9
 588 0453 11       		.byte	0x11
 589 0454 82000000 		.4byte	0x82
 590 0458 38       		.byte	0x38
 591 0459 0D       		.uleb128 0xd
 592 045a CA010000 		.4byte	.LASF59
 593 045e 03       		.byte	0x3
 594 045f AA02     		.2byte	0x2aa
 595 0461 11       		.byte	0x11
 596 0462 82000000 		.4byte	0x82
 597 0466 3C       		.byte	0x3c
 598 0467 0D       		.uleb128 0xd
 599 0468 4D020000 		.4byte	.LASF60
 600 046c 03       		.byte	0x3
 601 046d AB02     		.2byte	0x2ab
 602 046f 11       		.byte	0x11
 603 0470 82000000 		.4byte	0x82
 604 0474 40       		.byte	0x40
 605 0475 0D       		.uleb128 0xd
 606 0476 6F040000 		.4byte	.LASF61
 607 047a 03       		.byte	0x3
 608 047b AC02     		.2byte	0x2ac
 609 047d 11       		.byte	0x11
 610 047e 76000000 		.4byte	0x76
 611 0482 44       		.byte	0x44
 612 0483 0D       		.uleb128 0xd
 613 0484 F0060000 		.4byte	.LASF62
 614 0488 03       		.byte	0x3
 615 0489 AD02     		.2byte	0x2ad
 616 048b 11       		.byte	0x11
 617 048c 82000000 		.4byte	0x82
 618 0490 48       		.byte	0x48
 619 0491 0D       		.uleb128 0xd
 620 0492 8E060000 		.4byte	.LASF63
 621 0496 03       		.byte	0x3
 622 0497 AE02     		.2byte	0x2ae
 623 0499 11       		.byte	0x11
 624 049a 82000000 		.4byte	0x82
 625 049e 4C       		.byte	0x4c
 626 049f 0D       		.uleb128 0xd
 627 04a0 2B050000 		.4byte	.LASF64
ARM GAS  C:\Users\angio\AppData\Local\Temp\ccZuRrZ2.s 			page 12


 628 04a4 03       		.byte	0x3
 629 04a5 AF02     		.2byte	0x2af
 630 04a7 11       		.byte	0x11
 631 04a8 82000000 		.4byte	0x82
 632 04ac 50       		.byte	0x50
 633 04ad 0D       		.uleb128 0xd
 634 04ae 79040000 		.4byte	.LASF65
 635 04b2 03       		.byte	0x3
 636 04b3 B002     		.2byte	0x2b0
 637 04b5 11       		.byte	0x11
 638 04b6 76000000 		.4byte	0x76
 639 04ba 54       		.byte	0x54
 640 04bb 0D       		.uleb128 0xd
 641 04bc 2A040000 		.4byte	.LASF66
 642 04c0 03       		.byte	0x3
 643 04c1 B102     		.2byte	0x2b1
 644 04c3 11       		.byte	0x11
 645 04c4 82000000 		.4byte	0x82
 646 04c8 58       		.byte	0x58
 647 04c9 0D       		.uleb128 0xd
 648 04ca 33040000 		.4byte	.LASF67
 649 04ce 03       		.byte	0x3
 650 04cf B202     		.2byte	0x2b2
 651 04d1 11       		.byte	0x11
 652 04d2 82000000 		.4byte	0x82
 653 04d6 5C       		.byte	0x5c
 654 04d7 0D       		.uleb128 0xd
 655 04d8 1C050000 		.4byte	.LASF68
 656 04dc 03       		.byte	0x3
 657 04dd B302     		.2byte	0x2b3
 658 04df 11       		.byte	0x11
 659 04e0 82000000 		.4byte	0x82
 660 04e4 60       		.byte	0x60
 661 04e5 0D       		.uleb128 0xd
 662 04e6 83040000 		.4byte	.LASF69
 663 04ea 03       		.byte	0x3
 664 04eb B402     		.2byte	0x2b4
 665 04ed 11       		.byte	0x11
 666 04ee 76000000 		.4byte	0x76
 667 04f2 64       		.byte	0x64
 668 04f3 0D       		.uleb128 0xd
 669 04f4 21010000 		.4byte	.LASF70
 670 04f8 03       		.byte	0x3
 671 04f9 B502     		.2byte	0x2b5
 672 04fb 11       		.byte	0x11
 673 04fc 82000000 		.4byte	0x82
 674 0500 68       		.byte	0x68
 675 0501 0D       		.uleb128 0xd
 676 0502 43020000 		.4byte	.LASF71
 677 0506 03       		.byte	0x3
 678 0507 B602     		.2byte	0x2b6
 679 0509 11       		.byte	0x11
 680 050a 82000000 		.4byte	0x82
 681 050e 6C       		.byte	0x6c
 682 050f 0D       		.uleb128 0xd
 683 0510 50030000 		.4byte	.LASF72
 684 0514 03       		.byte	0x3
ARM GAS  C:\Users\angio\AppData\Local\Temp\ccZuRrZ2.s 			page 13


 685 0515 B702     		.2byte	0x2b7
 686 0517 11       		.byte	0x11
 687 0518 82000000 		.4byte	0x82
 688 051c 70       		.byte	0x70
 689 051d 0D       		.uleb128 0xd
 690 051e 8D040000 		.4byte	.LASF73
 691 0522 03       		.byte	0x3
 692 0523 B802     		.2byte	0x2b8
 693 0525 11       		.byte	0x11
 694 0526 76000000 		.4byte	0x76
 695 052a 74       		.byte	0x74
 696 052b 0D       		.uleb128 0xd
 697 052c 72070000 		.4byte	.LASF74
 698 0530 03       		.byte	0x3
 699 0531 B902     		.2byte	0x2b9
 700 0533 11       		.byte	0x11
 701 0534 82000000 		.4byte	0x82
 702 0538 78       		.byte	0x78
 703 0539 0D       		.uleb128 0xd
 704 053a 7D070000 		.4byte	.LASF75
 705 053e 03       		.byte	0x3
 706 053f BA02     		.2byte	0x2ba
 707 0541 11       		.byte	0x11
 708 0542 82000000 		.4byte	0x82
 709 0546 7C       		.byte	0x7c
 710 0547 0D       		.uleb128 0xd
 711 0548 3B000000 		.4byte	.LASF76
 712 054c 03       		.byte	0x3
 713 054d BB02     		.2byte	0x2bb
 714 054f 11       		.byte	0x11
 715 0550 82000000 		.4byte	0x82
 716 0554 80       		.byte	0x80
 717 0555 0D       		.uleb128 0xd
 718 0556 97040000 		.4byte	.LASF77
 719 055a 03       		.byte	0x3
 720 055b BC02     		.2byte	0x2bc
 721 055d 11       		.byte	0x11
 722 055e 76000000 		.4byte	0x76
 723 0562 84       		.byte	0x84
 724 0563 0D       		.uleb128 0xd
 725 0564 37070000 		.4byte	.LASF78
 726 0568 03       		.byte	0x3
 727 0569 BD02     		.2byte	0x2bd
 728 056b 11       		.byte	0x11
 729 056c 82000000 		.4byte	0x82
 730 0570 88       		.byte	0x88
 731 0571 0D       		.uleb128 0xd
 732 0572 54050000 		.4byte	.LASF79
 733 0576 03       		.byte	0x3
 734 0577 BE02     		.2byte	0x2be
 735 0579 11       		.byte	0x11
 736 057a 76000000 		.4byte	0x76
 737 057e 8C       		.byte	0x8c
 738 057f 0D       		.uleb128 0xd
 739 0580 D3060000 		.4byte	.LASF80
 740 0584 03       		.byte	0x3
 741 0585 BF02     		.2byte	0x2bf
ARM GAS  C:\Users\angio\AppData\Local\Temp\ccZuRrZ2.s 			page 14


 742 0587 11       		.byte	0x11
 743 0588 82000000 		.4byte	0x82
 744 058c 90       		.byte	0x90
 745 058d 0C       		.uleb128 0xc
 746 058e 43535200 		.ascii	"CSR\000"
 747 0592 03       		.byte	0x3
 748 0593 C002     		.2byte	0x2c0
 749 0595 11       		.byte	0x11
 750 0596 82000000 		.4byte	0x82
 751 059a 94       		.byte	0x94
 752 059b 0D       		.uleb128 0xd
 753 059c F1040000 		.4byte	.LASF81
 754 05a0 03       		.byte	0x3
 755 05a1 C102     		.2byte	0x2c1
 756 05a3 11       		.byte	0x11
 757 05a4 82000000 		.4byte	0x82
 758 05a8 98       		.byte	0x98
 759 05a9 0D       		.uleb128 0xd
 760 05aa 6D000000 		.4byte	.LASF82
 761 05ae 03       		.byte	0x3
 762 05af C202     		.2byte	0x2c2
 763 05b1 11       		.byte	0x11
 764 05b2 82000000 		.4byte	0x82
 765 05b6 9C       		.byte	0x9c
 766 05b7 00       		.byte	0
 767 05b8 0E       		.uleb128 0xe
 768 05b9 C8020000 		.4byte	.LASF83
 769 05bd 03       		.byte	0x3
 770 05be C302     		.2byte	0x2c3
 771 05c0 03       		.byte	0x3
 772 05c1 7E030000 		.4byte	0x37e
 773 05c5 03       		.uleb128 0x3
 774 05c6 01       		.byte	0x1
 775 05c7 02       		.byte	0x2
 776 05c8 B7040000 		.4byte	.LASF84
 777 05cc 0E       		.uleb128 0xe
 778 05cd 6D060000 		.4byte	.LASF85
 779 05d1 04       		.byte	0x4
 780 05d2 9D06     		.2byte	0x69d
 781 05d4 12       		.byte	0x12
 782 05d5 24000000 		.4byte	0x24
 783 05d9 0E       		.uleb128 0xe
 784 05da B5020000 		.4byte	.LASF86
 785 05de 04       		.byte	0x4
 786 05df A306     		.2byte	0x6a3
 787 05e1 12       		.byte	0x12
 788 05e2 76000000 		.4byte	0x76
 789 05e6 0B       		.uleb128 0xb
 790 05e7 20       		.byte	0x20
 791 05e8 04       		.byte	0x4
 792 05e9 A806     		.2byte	0x6a8
 793 05eb 09       		.byte	0x9
 794 05ec 61060000 		.4byte	0x661
 795 05f0 0D       		.uleb128 0xd
 796 05f1 D9040000 		.4byte	.LASF87
 797 05f5 04       		.byte	0x4
 798 05f6 A906     		.2byte	0x6a9
ARM GAS  C:\Users\angio\AppData\Local\Temp\ccZuRrZ2.s 			page 15


 799 05f8 15       		.byte	0x15
 800 05f9 76000000 		.4byte	0x76
 801 05fd 00       		.byte	0
 802 05fe 0D       		.uleb128 0xd
 803 05ff E1040000 		.4byte	.LASF88
 804 0603 04       		.byte	0x4
 805 0604 AA06     		.2byte	0x6aa
 806 0606 15       		.byte	0x15
 807 0607 76000000 		.4byte	0x76
 808 060b 04       		.byte	0x4
 809 060c 0D       		.uleb128 0xd
 810 060d E9040000 		.4byte	.LASF89
 811 0611 04       		.byte	0x4
 812 0612 AB06     		.2byte	0x6ab
 813 0614 15       		.byte	0x15
 814 0615 76000000 		.4byte	0x76
 815 0619 08       		.byte	0x8
 816 061a 0D       		.uleb128 0xd
 817 061b 2A020000 		.4byte	.LASF90
 818 061f 04       		.byte	0x4
 819 0620 AC06     		.2byte	0x6ac
 820 0622 15       		.byte	0x15
 821 0623 76000000 		.4byte	0x76
 822 0627 0C       		.byte	0xc
 823 0628 0D       		.uleb128 0xd
 824 0629 B5060000 		.4byte	.LASF91
 825 062d 04       		.byte	0x4
 826 062e AD06     		.2byte	0x6ad
 827 0630 15       		.byte	0x15
 828 0631 76000000 		.4byte	0x76
 829 0635 10       		.byte	0x10
 830 0636 0D       		.uleb128 0xd
 831 0637 74030000 		.4byte	.LASF92
 832 063b 04       		.byte	0x4
 833 063c AE06     		.2byte	0x6ae
 834 063e 15       		.byte	0x15
 835 063f 76000000 		.4byte	0x76
 836 0643 14       		.byte	0x14
 837 0644 0D       		.uleb128 0xd
 838 0645 0E070000 		.4byte	.LASF93
 839 0649 04       		.byte	0x4
 840 064a AF06     		.2byte	0x6af
 841 064c 15       		.byte	0x15
 842 064d 76000000 		.4byte	0x76
 843 0651 18       		.byte	0x18
 844 0652 0D       		.uleb128 0xd
 845 0653 2B010000 		.4byte	.LASF94
 846 0657 04       		.byte	0x4
 847 0658 B006     		.2byte	0x6b0
 848 065a 15       		.byte	0x15
 849 065b 76000000 		.4byte	0x76
 850 065f 1C       		.byte	0x1c
 851 0660 00       		.byte	0
 852 0661 0E       		.uleb128 0xe
 853 0662 90000000 		.4byte	.LASF95
 854 0666 04       		.byte	0x4
 855 0667 B106     		.2byte	0x6b1
ARM GAS  C:\Users\angio\AppData\Local\Temp\ccZuRrZ2.s 			page 16


 856 0669 03       		.byte	0x3
 857 066a E6050000 		.4byte	0x5e6
 858 066e 06       		.uleb128 0x6
 859 066f 61060000 		.4byte	0x661
 860 0673 0F       		.uleb128 0xf
 861 0674 61070000 		.4byte	.LASF97
 862 0678 04       		.byte	0x4
 863 0679 E006     		.2byte	0x6e0
 864 067b 1A       		.byte	0x1a
 865 067c 6E060000 		.4byte	0x66e
 866 0680 0F       		.uleb128 0xf
 867 0681 74000000 		.4byte	.LASF98
 868 0685 04       		.byte	0x4
 869 0686 E106     		.2byte	0x6e1
 870 0688 1A       		.byte	0x1a
 871 0689 6E060000 		.4byte	0x66e
 872 068d 10       		.uleb128 0x10
 873 068e 9E000000 		.4byte	0x9e
 874 0692 06       		.byte	0x6
 875 0693 34       		.byte	0x34
 876 0694 0A       		.byte	0xa
 877 0695 10       		.uleb128 0x10
 878 0696 73060000 		.4byte	0x673
 879 069a 06       		.byte	0x6
 880 069b 3A       		.byte	0x3a
 881 069c 13       		.byte	0x13
 882 069d 10       		.uleb128 0x10
 883 069e 80060000 		.4byte	0x680
 884 06a2 06       		.byte	0x6
 885 06a3 48       		.byte	0x48
 886 06a4 13       		.byte	0x13
 887 06a5 09       		.uleb128 0x9
 888 06a6 D9050000 		.4byte	0x5d9
 889 06aa B5060000 		.4byte	0x6b5
 890 06ae 0A       		.uleb128 0xa
 891 06af 24000000 		.4byte	0x24
 892 06b3 09       		.byte	0x9
 893 06b4 00       		.byte	0
 894 06b5 11       		.uleb128 0x11
 895 06b6 DD010000 		.4byte	.LASF112
 896 06ba 06       		.byte	0x6
 897 06bb 72       		.byte	0x72
 898 06bc 12       		.byte	0x12
 899 06bd A5060000 		.4byte	0x6a5
 900 06c1 12       		.uleb128 0x12
 901 06c2 40       		.byte	0x40
 902 06c3 06       		.byte	0x6
 903 06c4 82       		.byte	0x82
 904 06c5 09       		.byte	0x9
 905 06c6 67070000 		.4byte	0x767
 906 06ca 13       		.uleb128 0x13
 907 06cb D8060000 		.4byte	.LASF99
 908 06cf 06       		.byte	0x6
 909 06d0 83       		.byte	0x83
 910 06d1 11       		.byte	0x11
 911 06d2 D9050000 		.4byte	0x5d9
 912 06d6 00       		.byte	0
ARM GAS  C:\Users\angio\AppData\Local\Temp\ccZuRrZ2.s 			page 17


 913 06d7 13       		.uleb128 0x13
 914 06d8 89020000 		.4byte	.LASF100
 915 06dc 06       		.byte	0x6
 916 06dd 84       		.byte	0x84
 917 06de 11       		.byte	0x11
 918 06df D9050000 		.4byte	0x5d9
 919 06e3 04       		.byte	0x4
 920 06e4 13       		.uleb128 0x13
 921 06e5 D4020000 		.4byte	.LASF101
 922 06e9 06       		.byte	0x6
 923 06ea 85       		.byte	0x85
 924 06eb 11       		.byte	0x11
 925 06ec D9050000 		.4byte	0x5d9
 926 06f0 08       		.byte	0x8
 927 06f1 13       		.uleb128 0x13
 928 06f2 AB030000 		.4byte	.LASF102
 929 06f6 06       		.byte	0x6
 930 06f7 86       		.byte	0x86
 931 06f8 11       		.byte	0x11
 932 06f9 D9050000 		.4byte	0x5d9
 933 06fd 0C       		.byte	0xc
 934 06fe 13       		.uleb128 0x13
 935 06ff C2030000 		.4byte	.LASF103
 936 0703 06       		.byte	0x6
 937 0704 87       		.byte	0x87
 938 0705 11       		.byte	0x11
 939 0706 D9050000 		.4byte	0x5d9
 940 070a 10       		.byte	0x10
 941 070b 13       		.uleb128 0x13
 942 070c A6010000 		.4byte	.LASF104
 943 0710 06       		.byte	0x6
 944 0711 88       		.byte	0x88
 945 0712 11       		.byte	0x11
 946 0713 D9050000 		.4byte	0x5d9
 947 0717 14       		.byte	0x14
 948 0718 13       		.uleb128 0x13
 949 0719 D4010000 		.4byte	.LASF105
 950 071d 06       		.byte	0x6
 951 071e 89       		.byte	0x89
 952 071f 11       		.byte	0x11
 953 0720 D9050000 		.4byte	0x5d9
 954 0724 18       		.byte	0x18
 955 0725 13       		.uleb128 0x13
 956 0726 87000000 		.4byte	.LASF106
 957 072a 06       		.byte	0x6
 958 072b 8A       		.byte	0x8a
 959 072c 11       		.byte	0x11
 960 072d D9050000 		.4byte	0x5d9
 961 0731 1C       		.byte	0x1c
 962 0732 13       		.uleb128 0x13
 963 0733 FF000000 		.4byte	.LASF107
 964 0737 06       		.byte	0x6
 965 0738 8B       		.byte	0x8b
 966 0739 11       		.byte	0x11
 967 073a D9050000 		.4byte	0x5d9
 968 073e 20       		.byte	0x20
 969 073f 13       		.uleb128 0x13
ARM GAS  C:\Users\angio\AppData\Local\Temp\ccZuRrZ2.s 			page 18


 970 0740 5E050000 		.4byte	.LASF108
 971 0744 06       		.byte	0x6
 972 0745 8C       		.byte	0x8c
 973 0746 11       		.byte	0x11
 974 0747 D9050000 		.4byte	0x5d9
 975 074b 24       		.byte	0x24
 976 074c 13       		.uleb128 0x13
 977 074d 64060000 		.4byte	.LASF109
 978 0751 06       		.byte	0x6
 979 0752 8D       		.byte	0x8d
 980 0753 11       		.byte	0x11
 981 0754 D9050000 		.4byte	0x5d9
 982 0758 28       		.byte	0x28
 983 0759 13       		.uleb128 0x13
 984 075a 6C050000 		.4byte	.LASF110
 985 075e 06       		.byte	0x6
 986 075f 8E       		.byte	0x8e
 987 0760 11       		.byte	0x11
 988 0761 67070000 		.4byte	0x767
 989 0765 2C       		.byte	0x2c
 990 0766 00       		.byte	0
 991 0767 09       		.uleb128 0x9
 992 0768 D9050000 		.4byte	0x5d9
 993 076c 77070000 		.4byte	0x777
 994 0770 0A       		.uleb128 0xa
 995 0771 24000000 		.4byte	0x24
 996 0775 04       		.byte	0x4
 997 0776 00       		.byte	0
 998 0777 04       		.uleb128 0x4
 999 0778 49070000 		.4byte	.LASF111
 1000 077c 06       		.byte	0x6
 1001 077d 8F       		.byte	0x8f
 1002 077e 03       		.byte	0x3
 1003 077f C1060000 		.4byte	0x6c1
 1004 0783 06       		.uleb128 0x6
 1005 0784 77070000 		.4byte	0x777
 1006 0788 11       		.uleb128 0x11
 1007 0789 04040000 		.4byte	.LASF113
 1008 078d 06       		.byte	0x6
 1009 078e 94       		.byte	0x94
 1010 078f 1E       		.byte	0x1e
 1011 0790 83070000 		.4byte	0x783
 1012 0794 11       		.uleb128 0x11
 1013 0795 31030000 		.4byte	.LASF114
 1014 0799 06       		.byte	0x6
 1015 079a A8       		.byte	0xa8
 1016 079b 1E       		.byte	0x1e
 1017 079c 83070000 		.4byte	0x783
 1018 07a0 11       		.uleb128 0x11
 1019 07a1 49050000 		.4byte	.LASF115
 1020 07a5 06       		.byte	0x6
 1021 07a6 BC       		.byte	0xbc
 1022 07a7 1E       		.byte	0x1e
 1023 07a8 83070000 		.4byte	0x783
 1024 07ac 14       		.uleb128 0x14
 1025 07ad 0D020000 		.4byte	.LASF116
 1026 07b1 06       		.byte	0x6
ARM GAS  C:\Users\angio\AppData\Local\Temp\ccZuRrZ2.s 			page 19


 1027 07b2 2A03     		.2byte	0x32a
 1028 07b4 0B       		.byte	0xb
 1029 07b5 D9050000 		.4byte	0x5d9
 1030 07b9 D4070000 		.4byte	0x7d4
 1031 07bd 15       		.uleb128 0x15
 1032 07be 4A030000 		.4byte	.LASF118
 1033 07c2 06       		.byte	0x6
 1034 07c3 2A03     		.2byte	0x32a
 1035 07c5 2E       		.byte	0x2e
 1036 07c6 CC050000 		.4byte	0x5cc
 1037 07ca 16       		.uleb128 0x16
 1038 07cb 13050000 		.4byte	.LASF163
 1039 07cf E4070000 		.4byte	0x7e4
 1040 07d3 00       		.byte	0
 1041 07d4 09       		.uleb128 0x9
 1042 07d5 99000000 		.4byte	0x99
 1043 07d9 E4070000 		.4byte	0x7e4
 1044 07dd 0A       		.uleb128 0xa
 1045 07de 24000000 		.4byte	0x24
 1046 07e2 17       		.byte	0x17
 1047 07e3 00       		.byte	0
 1048 07e4 06       		.uleb128 0x6
 1049 07e5 D4070000 		.4byte	0x7d4
 1050 07e9 14       		.uleb128 0x14
 1051 07ea A5000000 		.4byte	.LASF117
 1052 07ee 06       		.byte	0x6
 1053 07ef 1103     		.2byte	0x311
 1054 07f1 06       		.byte	0x6
 1055 07f2 C5050000 		.4byte	0x5c5
 1056 07f6 08080000 		.4byte	0x808
 1057 07fa 17       		.uleb128 0x17
 1058 07fb 63637000 		.ascii	"ccp\000"
 1059 07ff 06       		.byte	0x6
 1060 0800 1103     		.2byte	0x311
 1061 0802 33       		.byte	0x33
 1062 0803 08080000 		.4byte	0x808
 1063 0807 00       		.byte	0
 1064 0808 07       		.uleb128 0x7
 1065 0809 04       		.byte	0x4
 1066 080a 6E060000 		.4byte	0x66e
 1067 080e 18       		.uleb128 0x18
 1068 080f 56020000 		.4byte	.LASF119
 1069 0813 06       		.byte	0x6
 1070 0814 8F02     		.2byte	0x28f
 1071 0816 06       		.byte	0x6
 1072 0817 18       		.uleb128 0x18
 1073 0818 9B060000 		.4byte	.LASF120
 1074 081c 06       		.byte	0x6
 1075 081d 7902     		.2byte	0x279
 1076 081f 06       		.byte	0x6
 1077 0820 19       		.uleb128 0x19
 1078 0821 42060000 		.4byte	.LASF121
 1079 0825 06       		.byte	0x6
 1080 0826 0A02     		.2byte	0x20a
 1081 0828 0D       		.byte	0xd
 1082 0829 C5050000 		.4byte	0x5c5
 1083 082d 3F080000 		.4byte	0x83f
ARM GAS  C:\Users\angio\AppData\Local\Temp\ccZuRrZ2.s 			page 20


 1084 0831 17       		.uleb128 0x17
 1085 0832 63637000 		.ascii	"ccp\000"
 1086 0836 06       		.byte	0x6
 1087 0837 0A02     		.2byte	0x20a
 1088 0839 39       		.byte	0x39
 1089 083a 08080000 		.4byte	0x808
 1090 083e 00       		.byte	0
 1091 083f 19       		.uleb128 0x19
 1092 0840 08010000 		.4byte	.LASF122
 1093 0844 06       		.byte	0x6
 1094 0845 2B01     		.2byte	0x12b
 1095 0847 0D       		.byte	0xd
 1096 0848 C5050000 		.4byte	0x5c5
 1097 084c 98090000 		.4byte	0x998
 1098 0850 17       		.uleb128 0x17
 1099 0851 63637000 		.ascii	"ccp\000"
 1100 0855 06       		.byte	0x6
 1101 0856 2B01     		.2byte	0x12b
 1102 0858 39       		.byte	0x39
 1103 0859 08080000 		.4byte	0x808
 1104 085d 1A       		.uleb128 0x1a
 1105 085e AF010000 		.4byte	.LASF123
 1106 0862 06       		.byte	0x6
 1107 0863 2C01     		.2byte	0x12c
 1108 0865 19       		.byte	0x19
 1109 0866 A8090000 		.4byte	0x9a8
 1110 086a 1A       		.uleb128 0x1a
 1111 086b 67020000 		.4byte	.LASF124
 1112 086f 06       		.byte	0x6
 1113 0870 2E01     		.2byte	0x12e
 1114 0872 19       		.byte	0x19
 1115 0873 A8090000 		.4byte	0x9a8
 1116 0877 1B       		.uleb128 0x1b
 1117 0878 736C7000 		.ascii	"slp\000"
 1118 087c 06       		.byte	0x6
 1119 087d 2F01     		.2byte	0x12f
 1120 087f 1A       		.byte	0x1a
 1121 0880 AD090000 		.4byte	0x9ad
 1122 0884 1A       		.uleb128 0x1a
 1123 0885 0A050000 		.4byte	.LASF125
 1124 0889 06       		.byte	0x6
 1125 088a 3001     		.2byte	0x130
 1126 088c 0D       		.byte	0xd
 1127 088d D9050000 		.4byte	0x5d9
 1128 0891 1A       		.uleb128 0x1a
 1129 0892 FD030000 		.4byte	.LASF126
 1130 0896 06       		.byte	0x6
 1131 0897 3001     		.2byte	0x130
 1132 0899 1C       		.byte	0x1c
 1133 089a D9050000 		.4byte	0x5d9
 1134 089e 1A       		.uleb128 0x1a
 1135 089f 3C040000 		.4byte	.LASF127
 1136 08a3 06       		.byte	0x6
 1137 08a4 3001     		.2byte	0x130
 1138 08a6 29       		.byte	0x29
 1139 08a7 D9050000 		.4byte	0x5d9
 1140 08ab 1A       		.uleb128 0x1a
ARM GAS  C:\Users\angio\AppData\Local\Temp\ccZuRrZ2.s 			page 21


 1141 08ac 65000000 		.4byte	.LASF128
 1142 08b0 06       		.byte	0x6
 1143 08b1 3101     		.2byte	0x131
 1144 08b3 0D       		.byte	0xd
 1145 08b4 D9050000 		.4byte	0x5d9
 1146 08b8 1A       		.uleb128 0x1a
 1147 08b9 59070000 		.4byte	.LASF129
 1148 08bd 06       		.byte	0x6
 1149 08be 3101     		.2byte	0x131
 1150 08c0 1B       		.byte	0x1b
 1151 08c1 D9050000 		.4byte	0x5d9
 1152 08c5 1A       		.uleb128 0x1a
 1153 08c6 CB060000 		.4byte	.LASF130
 1154 08ca 06       		.byte	0x6
 1155 08cb 3101     		.2byte	0x131
 1156 08cd 29       		.byte	0x29
 1157 08ce D9050000 		.4byte	0x5d9
 1158 08d2 1A       		.uleb128 0x1a
 1159 08d3 E3060000 		.4byte	.LASF131
 1160 08d7 06       		.byte	0x6
 1161 08d8 3201     		.2byte	0x132
 1162 08da 0D       		.byte	0xd
 1163 08db D9050000 		.4byte	0x5d9
 1164 08df 1A       		.uleb128 0x1a
 1165 08e0 F8030000 		.4byte	.LASF132
 1166 08e4 06       		.byte	0x6
 1167 08e5 3201     		.2byte	0x132
 1168 08e7 15       		.byte	0x15
 1169 08e8 D9050000 		.4byte	0x5d9
 1170 08ec 1A       		.uleb128 0x1a
 1171 08ed 44030000 		.4byte	.LASF133
 1172 08f1 06       		.byte	0x6
 1173 08f2 3201     		.2byte	0x132
 1174 08f4 1B       		.byte	0x1b
 1175 08f5 D9050000 		.4byte	0x5d9
 1176 08f9 1A       		.uleb128 0x1a
 1177 08fa 46040000 		.4byte	.LASF134
 1178 08fe 06       		.byte	0x6
 1179 08ff 3201     		.2byte	0x132
 1180 0901 22       		.byte	0x22
 1181 0902 D9050000 		.4byte	0x5d9
 1182 0906 1A       		.uleb128 0x1a
 1183 0907 EA010000 		.4byte	.LASF135
 1184 090b 06       		.byte	0x6
 1185 090c 3201     		.2byte	0x132
 1186 090e 29       		.byte	0x29
 1187 090f D9050000 		.4byte	0x5d9
 1188 0913 1A       		.uleb128 0x1a
 1189 0914 9C000000 		.4byte	.LASF136
 1190 0918 06       		.byte	0x6
 1191 0919 3201     		.2byte	0x132
 1192 091b 33       		.byte	0x33
 1193 091c D9050000 		.4byte	0x5d9
 1194 0920 1A       		.uleb128 0x1a
 1195 0921 9F010000 		.4byte	.LASF137
 1196 0925 06       		.byte	0x6
 1197 0926 3201     		.2byte	0x132
ARM GAS  C:\Users\angio\AppData\Local\Temp\ccZuRrZ2.s 			page 22


 1198 0928 3D       		.byte	0x3d
 1199 0929 D9050000 		.4byte	0x5d9
 1200 092d 1A       		.uleb128 0x1a
 1201 092e AA040000 		.4byte	.LASF138
 1202 0932 06       		.byte	0x6
 1203 0933 3301     		.2byte	0x133
 1204 0935 0C       		.byte	0xc
 1205 0936 76000000 		.4byte	0x76
 1206 093a 1A       		.uleb128 0x1a
 1207 093b 18070000 		.4byte	.LASF139
 1208 093f 06       		.byte	0x6
 1209 0940 3301     		.2byte	0x133
 1210 0942 14       		.byte	0x14
 1211 0943 76000000 		.4byte	0x76
 1212 0947 1C       		.uleb128 0x1c
 1213 0948 1A       		.uleb128 0x1a
 1214 0949 C3060000 		.4byte	.LASF140
 1215 094d 06       		.byte	0x6
 1216 094e 6001     		.2byte	0x160
 1217 0950 0E       		.byte	0xe
 1218 0951 76000000 		.4byte	0x76
 1219 0955 1A       		.uleb128 0x1a
 1220 0956 09000000 		.4byte	.LASF141
 1221 095a 06       		.byte	0x6
 1222 095b 6001     		.2byte	0x160
 1223 095d 17       		.byte	0x17
 1224 095e 76000000 		.4byte	0x76
 1225 0962 1A       		.uleb128 0x1a
 1226 0963 E4030000 		.4byte	.LASF142
 1227 0967 06       		.byte	0x6
 1228 0968 6001     		.2byte	0x160
 1229 096a 20       		.byte	0x20
 1230 096b 76000000 		.4byte	0x76
 1231 096f 1A       		.uleb128 0x1a
 1232 0970 6C030000 		.4byte	.LASF143
 1233 0974 06       		.byte	0x6
 1234 0975 6001     		.2byte	0x160
 1235 0977 29       		.byte	0x29
 1236 0978 76000000 		.4byte	0x76
 1237 097c 1A       		.uleb128 0x1a
 1238 097d A8060000 		.4byte	.LASF144
 1239 0981 06       		.byte	0x6
 1240 0982 6001     		.2byte	0x160
 1241 0984 32       		.byte	0x32
 1242 0985 76000000 		.4byte	0x76
 1243 0989 1A       		.uleb128 0x1a
 1244 098a F7040000 		.4byte	.LASF145
 1245 098e 06       		.byte	0x6
 1246 098f 6101     		.2byte	0x161
 1247 0991 0F       		.byte	0xf
 1248 0992 D9050000 		.4byte	0x5d9
 1249 0996 00       		.byte	0
 1250 0997 00       		.byte	0
 1251 0998 09       		.uleb128 0x9
 1252 0999 87000000 		.4byte	0x87
 1253 099d A8090000 		.4byte	0x9a8
 1254 09a1 0A       		.uleb128 0xa
ARM GAS  C:\Users\angio\AppData\Local\Temp\ccZuRrZ2.s 			page 23


 1255 09a2 24000000 		.4byte	0x24
 1256 09a6 0F       		.byte	0xf
 1257 09a7 00       		.byte	0
 1258 09a8 06       		.uleb128 0x6
 1259 09a9 98090000 		.4byte	0x998
 1260 09ad 07       		.uleb128 0x7
 1261 09ae 04       		.byte	0x4
 1262 09af 83070000 		.4byte	0x783
 1263 09b3 1D       		.uleb128 0x1d
 1264 09b4 91030000 		.4byte	.LASF146
 1265 09b8 06       		.byte	0x6
 1266 09b9 1001     		.2byte	0x110
 1267 09bb 16       		.byte	0x16
 1268 09bc 1E       		.uleb128 0x1e
 1269 09bd 20070000 		.4byte	.LASF147
 1270 09c1 06       		.byte	0x6
 1271 09c2 E5       		.byte	0xe5
 1272 09c3 16       		.byte	0x16
 1273 09c4 1F       		.uleb128 0x1f
 1274 09c5 BD040000 		.4byte	.LASF149
 1275 09c9 06       		.byte	0x6
 1276 09ca D9       		.byte	0xd9
 1277 09cb 16       		.byte	0x16
 1278 09cc DD090000 		.4byte	0x9dd
 1279 09d0 20       		.uleb128 0x20
 1280 09d1 61637200 		.ascii	"acr\000"
 1281 09d5 06       		.byte	0x6
 1282 09d6 D9       		.byte	0xd9
 1283 09d7 2D       		.byte	0x2d
 1284 09d8 76000000 		.4byte	0x76
 1285 09dc 00       		.byte	0
 1286 09dd 1E       		.uleb128 0x1e
 1287 09de 05070000 		.4byte	.LASF148
 1288 09e2 07       		.byte	0x7
 1289 09e3 4A       		.byte	0x4a
 1290 09e4 16       		.byte	0x16
 1291 09e5 1F       		.uleb128 0x1f
 1292 09e6 F8060000 		.4byte	.LASF150
 1293 09ea 07       		.byte	0x7
 1294 09eb 30       		.byte	0x30
 1295 09ec 16       		.byte	0x16
 1296 09ed FE090000 		.4byte	0x9fe
 1297 09f1 11       		.uleb128 0x11
 1298 09f2 B0060000 		.4byte	.LASF151
 1299 09f6 07       		.byte	0x7
 1300 09f7 31       		.byte	0x31
 1301 09f8 0C       		.byte	0xc
 1302 09f9 76000000 		.4byte	0x76
 1303 09fd 00       		.byte	0
 1304 09fe 21       		.uleb128 0x21
 1305 09ff BF000000 		.4byte	.LASF164
 1306 0a03 0E       		.byte	0xe
 1307 0a04 4001     		.2byte	0x140
 1308 0a06 16       		.byte	0x16
 1309 0a07 C5050000 		.4byte	0x5c5
 1310 0a0b 1E       		.uleb128 0x1e
 1311 0a0c FB010000 		.4byte	.LASF152
ARM GAS  C:\Users\angio\AppData\Local\Temp\ccZuRrZ2.s 			page 24


 1312 0a10 08       		.byte	0x8
 1313 0a11 5C       		.byte	0x5c
 1314 0a12 16       		.byte	0x16
 1315 0a13 1E       		.uleb128 0x1e
 1316 0a14 35010000 		.4byte	.LASF153
 1317 0a18 09       		.byte	0x9
 1318 0a19 42       		.byte	0x42
 1319 0a1a 16       		.byte	0x16
 1320 0a1b 1E       		.uleb128 0x1e
 1321 0a1c EC030000 		.4byte	.LASF154
 1322 0a20 0A       		.byte	0xa
 1323 0a21 49       		.byte	0x49
 1324 0a22 16       		.byte	0x16
 1325 0a23 1E       		.uleb128 0x1e
 1326 0a24 15040000 		.4byte	.LASF155
 1327 0a28 0A       		.byte	0xa
 1328 0a29 44       		.byte	0x44
 1329 0a2a 16       		.byte	0x16
 1330 0a2b 1E       		.uleb128 0x1e
 1331 0a2c 6F020000 		.4byte	.LASF156
 1332 0a30 0A       		.byte	0xa
 1333 0a31 3C       		.byte	0x3c
 1334 0a32 16       		.byte	0x16
 1335 0a33 1E       		.uleb128 0x1e
 1336 0a34 63030000 		.4byte	.LASF157
 1337 0a38 0B       		.byte	0xb
 1338 0a39 5F       		.byte	0x5f
 1339 0a3a 16       		.byte	0x16
 1340 0a3b 1E       		.uleb128 0x1e
 1341 0a3c A1040000 		.4byte	.LASF158
 1342 0a40 0C       		.byte	0xc
 1343 0a41 5A       		.byte	0x5a
 1344 0a42 16       		.byte	0x16
 1345 0a43 22       		.uleb128 0x22
 1346 0a44 B6030000 		.4byte	.LASF165
 1347 0a48 0D       		.byte	0xd
 1348 0a49 1E02     		.2byte	0x21e
 1349 0a4b 14       		.byte	0x14
 1350 0a4c 15       		.uleb128 0x15
 1351 0a4d 24050000 		.4byte	.LASF159
 1352 0a51 0D       		.byte	0xd
 1353 0a52 1E02     		.2byte	0x21e
 1354 0a54 2C       		.byte	0x2c
 1355 0a55 8C000000 		.4byte	0x8c
 1356 0a59 00       		.byte	0
 1357 0a5a 00       		.byte	0
 1358              		.section	.gnu.debuglto_.debug_abbrev,"e",%progbits
 1359              	.Ldebug_abbrev0:
 1360 0000 01       		.uleb128 0x1
 1361 0001 11       		.uleb128 0x11
 1362 0002 01       		.byte	0x1
 1363 0003 25       		.uleb128 0x25
 1364 0004 0E       		.uleb128 0xe
 1365 0005 13       		.uleb128 0x13
 1366 0006 0B       		.uleb128 0xb
 1367 0007 03       		.uleb128 0x3
 1368 0008 0E       		.uleb128 0xe
ARM GAS  C:\Users\angio\AppData\Local\Temp\ccZuRrZ2.s 			page 25


 1369 0009 1B       		.uleb128 0x1b
 1370 000a 0E       		.uleb128 0xe
 1371 000b 10       		.uleb128 0x10
 1372 000c 17       		.uleb128 0x17
 1373 000d 00       		.byte	0
 1374 000e 00       		.byte	0
 1375 000f 02       		.uleb128 0x2
 1376 0010 24       		.uleb128 0x24
 1377 0011 00       		.byte	0
 1378 0012 0B       		.uleb128 0xb
 1379 0013 0B       		.uleb128 0xb
 1380 0014 3E       		.uleb128 0x3e
 1381 0015 0B       		.uleb128 0xb
 1382 0016 03       		.uleb128 0x3
 1383 0017 08       		.uleb128 0x8
 1384 0018 00       		.byte	0
 1385 0019 00       		.byte	0
 1386 001a 03       		.uleb128 0x3
 1387 001b 24       		.uleb128 0x24
 1388 001c 00       		.byte	0
 1389 001d 0B       		.uleb128 0xb
 1390 001e 0B       		.uleb128 0xb
 1391 001f 3E       		.uleb128 0x3e
 1392 0020 0B       		.uleb128 0xb
 1393 0021 03       		.uleb128 0x3
 1394 0022 0E       		.uleb128 0xe
 1395 0023 00       		.byte	0
 1396 0024 00       		.byte	0
 1397 0025 04       		.uleb128 0x4
 1398 0026 16       		.uleb128 0x16
 1399 0027 00       		.byte	0
 1400 0028 03       		.uleb128 0x3
 1401 0029 0E       		.uleb128 0xe
 1402 002a 3A       		.uleb128 0x3a
 1403 002b 0B       		.uleb128 0xb
 1404 002c 3B       		.uleb128 0x3b
 1405 002d 0B       		.uleb128 0xb
 1406 002e 39       		.uleb128 0x39
 1407 002f 0B       		.uleb128 0xb
 1408 0030 49       		.uleb128 0x49
 1409 0031 13       		.uleb128 0x13
 1410 0032 00       		.byte	0
 1411 0033 00       		.byte	0
 1412 0034 05       		.uleb128 0x5
 1413 0035 35       		.uleb128 0x35
 1414 0036 00       		.byte	0
 1415 0037 49       		.uleb128 0x49
 1416 0038 13       		.uleb128 0x13
 1417 0039 00       		.byte	0
 1418 003a 00       		.byte	0
 1419 003b 06       		.uleb128 0x6
 1420 003c 26       		.uleb128 0x26
 1421 003d 00       		.byte	0
 1422 003e 49       		.uleb128 0x49
 1423 003f 13       		.uleb128 0x13
 1424 0040 00       		.byte	0
 1425 0041 00       		.byte	0
ARM GAS  C:\Users\angio\AppData\Local\Temp\ccZuRrZ2.s 			page 26


 1426 0042 07       		.uleb128 0x7
 1427 0043 0F       		.uleb128 0xf
 1428 0044 00       		.byte	0
 1429 0045 0B       		.uleb128 0xb
 1430 0046 0B       		.uleb128 0xb
 1431 0047 49       		.uleb128 0x49
 1432 0048 13       		.uleb128 0x13
 1433 0049 00       		.byte	0
 1434 004a 00       		.byte	0
 1435 004b 08       		.uleb128 0x8
 1436 004c 34       		.uleb128 0x34
 1437 004d 00       		.byte	0
 1438 004e 03       		.uleb128 0x3
 1439 004f 0E       		.uleb128 0xe
 1440 0050 3A       		.uleb128 0x3a
 1441 0051 0B       		.uleb128 0xb
 1442 0052 3B       		.uleb128 0x3b
 1443 0053 0B       		.uleb128 0xb
 1444 0054 39       		.uleb128 0x39
 1445 0055 0B       		.uleb128 0xb
 1446 0056 49       		.uleb128 0x49
 1447 0057 13       		.uleb128 0x13
 1448 0058 3F       		.uleb128 0x3f
 1449 0059 19       		.uleb128 0x19
 1450 005a 3C       		.uleb128 0x3c
 1451 005b 19       		.uleb128 0x19
 1452 005c 00       		.byte	0
 1453 005d 00       		.byte	0
 1454 005e 09       		.uleb128 0x9
 1455 005f 01       		.uleb128 0x1
 1456 0060 01       		.byte	0x1
 1457 0061 49       		.uleb128 0x49
 1458 0062 13       		.uleb128 0x13
 1459 0063 01       		.uleb128 0x1
 1460 0064 13       		.uleb128 0x13
 1461 0065 00       		.byte	0
 1462 0066 00       		.byte	0
 1463 0067 0A       		.uleb128 0xa
 1464 0068 21       		.uleb128 0x21
 1465 0069 00       		.byte	0
 1466 006a 49       		.uleb128 0x49
 1467 006b 13       		.uleb128 0x13
 1468 006c 2F       		.uleb128 0x2f
 1469 006d 0B       		.uleb128 0xb
 1470 006e 00       		.byte	0
 1471 006f 00       		.byte	0
 1472 0070 0B       		.uleb128 0xb
 1473 0071 13       		.uleb128 0x13
 1474 0072 01       		.byte	0x1
 1475 0073 0B       		.uleb128 0xb
 1476 0074 0B       		.uleb128 0xb
 1477 0075 3A       		.uleb128 0x3a
 1478 0076 0B       		.uleb128 0xb
 1479 0077 3B       		.uleb128 0x3b
 1480 0078 05       		.uleb128 0x5
 1481 0079 39       		.uleb128 0x39
 1482 007a 0B       		.uleb128 0xb
ARM GAS  C:\Users\angio\AppData\Local\Temp\ccZuRrZ2.s 			page 27


 1483 007b 01       		.uleb128 0x1
 1484 007c 13       		.uleb128 0x13
 1485 007d 00       		.byte	0
 1486 007e 00       		.byte	0
 1487 007f 0C       		.uleb128 0xc
 1488 0080 0D       		.uleb128 0xd
 1489 0081 00       		.byte	0
 1490 0082 03       		.uleb128 0x3
 1491 0083 08       		.uleb128 0x8
 1492 0084 3A       		.uleb128 0x3a
 1493 0085 0B       		.uleb128 0xb
 1494 0086 3B       		.uleb128 0x3b
 1495 0087 05       		.uleb128 0x5
 1496 0088 39       		.uleb128 0x39
 1497 0089 0B       		.uleb128 0xb
 1498 008a 49       		.uleb128 0x49
 1499 008b 13       		.uleb128 0x13
 1500 008c 38       		.uleb128 0x38
 1501 008d 0B       		.uleb128 0xb
 1502 008e 00       		.byte	0
 1503 008f 00       		.byte	0
 1504 0090 0D       		.uleb128 0xd
 1505 0091 0D       		.uleb128 0xd
 1506 0092 00       		.byte	0
 1507 0093 03       		.uleb128 0x3
 1508 0094 0E       		.uleb128 0xe
 1509 0095 3A       		.uleb128 0x3a
 1510 0096 0B       		.uleb128 0xb
 1511 0097 3B       		.uleb128 0x3b
 1512 0098 05       		.uleb128 0x5
 1513 0099 39       		.uleb128 0x39
 1514 009a 0B       		.uleb128 0xb
 1515 009b 49       		.uleb128 0x49
 1516 009c 13       		.uleb128 0x13
 1517 009d 38       		.uleb128 0x38
 1518 009e 0B       		.uleb128 0xb
 1519 009f 00       		.byte	0
 1520 00a0 00       		.byte	0
 1521 00a1 0E       		.uleb128 0xe
 1522 00a2 16       		.uleb128 0x16
 1523 00a3 00       		.byte	0
 1524 00a4 03       		.uleb128 0x3
 1525 00a5 0E       		.uleb128 0xe
 1526 00a6 3A       		.uleb128 0x3a
 1527 00a7 0B       		.uleb128 0xb
 1528 00a8 3B       		.uleb128 0x3b
 1529 00a9 05       		.uleb128 0x5
 1530 00aa 39       		.uleb128 0x39
 1531 00ab 0B       		.uleb128 0xb
 1532 00ac 49       		.uleb128 0x49
 1533 00ad 13       		.uleb128 0x13
 1534 00ae 00       		.byte	0
 1535 00af 00       		.byte	0
 1536 00b0 0F       		.uleb128 0xf
 1537 00b1 34       		.uleb128 0x34
 1538 00b2 00       		.byte	0
 1539 00b3 03       		.uleb128 0x3
ARM GAS  C:\Users\angio\AppData\Local\Temp\ccZuRrZ2.s 			page 28


 1540 00b4 0E       		.uleb128 0xe
 1541 00b5 3A       		.uleb128 0x3a
 1542 00b6 0B       		.uleb128 0xb
 1543 00b7 3B       		.uleb128 0x3b
 1544 00b8 05       		.uleb128 0x5
 1545 00b9 39       		.uleb128 0x39
 1546 00ba 0B       		.uleb128 0xb
 1547 00bb 49       		.uleb128 0x49
 1548 00bc 13       		.uleb128 0x13
 1549 00bd 3F       		.uleb128 0x3f
 1550 00be 19       		.uleb128 0x19
 1551 00bf 3C       		.uleb128 0x3c
 1552 00c0 19       		.uleb128 0x19
 1553 00c1 00       		.byte	0
 1554 00c2 00       		.byte	0
 1555 00c3 10       		.uleb128 0x10
 1556 00c4 34       		.uleb128 0x34
 1557 00c5 00       		.byte	0
 1558 00c6 47       		.uleb128 0x47
 1559 00c7 13       		.uleb128 0x13
 1560 00c8 3A       		.uleb128 0x3a
 1561 00c9 0B       		.uleb128 0xb
 1562 00ca 3B       		.uleb128 0x3b
 1563 00cb 0B       		.uleb128 0xb
 1564 00cc 39       		.uleb128 0x39
 1565 00cd 0B       		.uleb128 0xb
 1566 00ce 00       		.byte	0
 1567 00cf 00       		.byte	0
 1568 00d0 11       		.uleb128 0x11
 1569 00d1 34       		.uleb128 0x34
 1570 00d2 00       		.byte	0
 1571 00d3 03       		.uleb128 0x3
 1572 00d4 0E       		.uleb128 0xe
 1573 00d5 3A       		.uleb128 0x3a
 1574 00d6 0B       		.uleb128 0xb
 1575 00d7 3B       		.uleb128 0x3b
 1576 00d8 0B       		.uleb128 0xb
 1577 00d9 39       		.uleb128 0x39
 1578 00da 0B       		.uleb128 0xb
 1579 00db 49       		.uleb128 0x49
 1580 00dc 13       		.uleb128 0x13
 1581 00dd 00       		.byte	0
 1582 00de 00       		.byte	0
 1583 00df 12       		.uleb128 0x12
 1584 00e0 13       		.uleb128 0x13
 1585 00e1 01       		.byte	0x1
 1586 00e2 0B       		.uleb128 0xb
 1587 00e3 0B       		.uleb128 0xb
 1588 00e4 3A       		.uleb128 0x3a
 1589 00e5 0B       		.uleb128 0xb
 1590 00e6 3B       		.uleb128 0x3b
 1591 00e7 0B       		.uleb128 0xb
 1592 00e8 39       		.uleb128 0x39
 1593 00e9 0B       		.uleb128 0xb
 1594 00ea 01       		.uleb128 0x1
 1595 00eb 13       		.uleb128 0x13
 1596 00ec 00       		.byte	0
ARM GAS  C:\Users\angio\AppData\Local\Temp\ccZuRrZ2.s 			page 29


 1597 00ed 00       		.byte	0
 1598 00ee 13       		.uleb128 0x13
 1599 00ef 0D       		.uleb128 0xd
 1600 00f0 00       		.byte	0
 1601 00f1 03       		.uleb128 0x3
 1602 00f2 0E       		.uleb128 0xe
 1603 00f3 3A       		.uleb128 0x3a
 1604 00f4 0B       		.uleb128 0xb
 1605 00f5 3B       		.uleb128 0x3b
 1606 00f6 0B       		.uleb128 0xb
 1607 00f7 39       		.uleb128 0x39
 1608 00f8 0B       		.uleb128 0xb
 1609 00f9 49       		.uleb128 0x49
 1610 00fa 13       		.uleb128 0x13
 1611 00fb 38       		.uleb128 0x38
 1612 00fc 0B       		.uleb128 0xb
 1613 00fd 00       		.byte	0
 1614 00fe 00       		.byte	0
 1615 00ff 14       		.uleb128 0x14
 1616 0100 2E       		.uleb128 0x2e
 1617 0101 01       		.byte	0x1
 1618 0102 3F       		.uleb128 0x3f
 1619 0103 19       		.uleb128 0x19
 1620 0104 03       		.uleb128 0x3
 1621 0105 0E       		.uleb128 0xe
 1622 0106 3A       		.uleb128 0x3a
 1623 0107 0B       		.uleb128 0xb
 1624 0108 3B       		.uleb128 0x3b
 1625 0109 05       		.uleb128 0x5
 1626 010a 39       		.uleb128 0x39
 1627 010b 0B       		.uleb128 0xb
 1628 010c 27       		.uleb128 0x27
 1629 010d 19       		.uleb128 0x19
 1630 010e 49       		.uleb128 0x49
 1631 010f 13       		.uleb128 0x13
 1632 0110 01       		.uleb128 0x1
 1633 0111 13       		.uleb128 0x13
 1634 0112 00       		.byte	0
 1635 0113 00       		.byte	0
 1636 0114 15       		.uleb128 0x15
 1637 0115 05       		.uleb128 0x5
 1638 0116 00       		.byte	0
 1639 0117 03       		.uleb128 0x3
 1640 0118 0E       		.uleb128 0xe
 1641 0119 3A       		.uleb128 0x3a
 1642 011a 0B       		.uleb128 0xb
 1643 011b 3B       		.uleb128 0x3b
 1644 011c 05       		.uleb128 0x5
 1645 011d 39       		.uleb128 0x39
 1646 011e 0B       		.uleb128 0xb
 1647 011f 49       		.uleb128 0x49
 1648 0120 13       		.uleb128 0x13
 1649 0121 00       		.byte	0
 1650 0122 00       		.byte	0
 1651 0123 16       		.uleb128 0x16
 1652 0124 34       		.uleb128 0x34
 1653 0125 00       		.byte	0
ARM GAS  C:\Users\angio\AppData\Local\Temp\ccZuRrZ2.s 			page 30


 1654 0126 03       		.uleb128 0x3
 1655 0127 0E       		.uleb128 0xe
 1656 0128 49       		.uleb128 0x49
 1657 0129 13       		.uleb128 0x13
 1658 012a 34       		.uleb128 0x34
 1659 012b 19       		.uleb128 0x19
 1660 012c 00       		.byte	0
 1661 012d 00       		.byte	0
 1662 012e 17       		.uleb128 0x17
 1663 012f 05       		.uleb128 0x5
 1664 0130 00       		.byte	0
 1665 0131 03       		.uleb128 0x3
 1666 0132 08       		.uleb128 0x8
 1667 0133 3A       		.uleb128 0x3a
 1668 0134 0B       		.uleb128 0xb
 1669 0135 3B       		.uleb128 0x3b
 1670 0136 05       		.uleb128 0x5
 1671 0137 39       		.uleb128 0x39
 1672 0138 0B       		.uleb128 0xb
 1673 0139 49       		.uleb128 0x49
 1674 013a 13       		.uleb128 0x13
 1675 013b 00       		.byte	0
 1676 013c 00       		.byte	0
 1677 013d 18       		.uleb128 0x18
 1678 013e 2E       		.uleb128 0x2e
 1679 013f 00       		.byte	0
 1680 0140 3F       		.uleb128 0x3f
 1681 0141 19       		.uleb128 0x19
 1682 0142 03       		.uleb128 0x3
 1683 0143 0E       		.uleb128 0xe
 1684 0144 3A       		.uleb128 0x3a
 1685 0145 0B       		.uleb128 0xb
 1686 0146 3B       		.uleb128 0x3b
 1687 0147 05       		.uleb128 0x5
 1688 0148 39       		.uleb128 0x39
 1689 0149 0B       		.uleb128 0xb
 1690 014a 27       		.uleb128 0x27
 1691 014b 19       		.uleb128 0x19
 1692 014c 00       		.byte	0
 1693 014d 00       		.byte	0
 1694 014e 19       		.uleb128 0x19
 1695 014f 2E       		.uleb128 0x2e
 1696 0150 01       		.byte	0x1
 1697 0151 03       		.uleb128 0x3
 1698 0152 0E       		.uleb128 0xe
 1699 0153 3A       		.uleb128 0x3a
 1700 0154 0B       		.uleb128 0xb
 1701 0155 3B       		.uleb128 0x3b
 1702 0156 05       		.uleb128 0x5
 1703 0157 39       		.uleb128 0x39
 1704 0158 0B       		.uleb128 0xb
 1705 0159 27       		.uleb128 0x27
 1706 015a 19       		.uleb128 0x19
 1707 015b 49       		.uleb128 0x49
 1708 015c 13       		.uleb128 0x13
 1709 015d 01       		.uleb128 0x1
 1710 015e 13       		.uleb128 0x13
ARM GAS  C:\Users\angio\AppData\Local\Temp\ccZuRrZ2.s 			page 31


 1711 015f 00       		.byte	0
 1712 0160 00       		.byte	0
 1713 0161 1A       		.uleb128 0x1a
 1714 0162 34       		.uleb128 0x34
 1715 0163 00       		.byte	0
 1716 0164 03       		.uleb128 0x3
 1717 0165 0E       		.uleb128 0xe
 1718 0166 3A       		.uleb128 0x3a
 1719 0167 0B       		.uleb128 0xb
 1720 0168 3B       		.uleb128 0x3b
 1721 0169 05       		.uleb128 0x5
 1722 016a 39       		.uleb128 0x39
 1723 016b 0B       		.uleb128 0xb
 1724 016c 49       		.uleb128 0x49
 1725 016d 13       		.uleb128 0x13
 1726 016e 00       		.byte	0
 1727 016f 00       		.byte	0
 1728 0170 1B       		.uleb128 0x1b
 1729 0171 34       		.uleb128 0x34
 1730 0172 00       		.byte	0
 1731 0173 03       		.uleb128 0x3
 1732 0174 08       		.uleb128 0x8
 1733 0175 3A       		.uleb128 0x3a
 1734 0176 0B       		.uleb128 0xb
 1735 0177 3B       		.uleb128 0x3b
 1736 0178 05       		.uleb128 0x5
 1737 0179 39       		.uleb128 0x39
 1738 017a 0B       		.uleb128 0xb
 1739 017b 49       		.uleb128 0x49
 1740 017c 13       		.uleb128 0x13
 1741 017d 00       		.byte	0
 1742 017e 00       		.byte	0
 1743 017f 1C       		.uleb128 0x1c
 1744 0180 0B       		.uleb128 0xb
 1745 0181 01       		.byte	0x1
 1746 0182 00       		.byte	0
 1747 0183 00       		.byte	0
 1748 0184 1D       		.uleb128 0x1d
 1749 0185 2E       		.uleb128 0x2e
 1750 0186 00       		.byte	0
 1751 0187 03       		.uleb128 0x3
 1752 0188 0E       		.uleb128 0xe
 1753 0189 3A       		.uleb128 0x3a
 1754 018a 0B       		.uleb128 0xb
 1755 018b 3B       		.uleb128 0x3b
 1756 018c 05       		.uleb128 0x5
 1757 018d 39       		.uleb128 0x39
 1758 018e 0B       		.uleb128 0xb
 1759 018f 27       		.uleb128 0x27
 1760 0190 19       		.uleb128 0x19
 1761 0191 00       		.byte	0
 1762 0192 00       		.byte	0
 1763 0193 1E       		.uleb128 0x1e
 1764 0194 2E       		.uleb128 0x2e
 1765 0195 00       		.byte	0
 1766 0196 03       		.uleb128 0x3
 1767 0197 0E       		.uleb128 0xe
ARM GAS  C:\Users\angio\AppData\Local\Temp\ccZuRrZ2.s 			page 32


 1768 0198 3A       		.uleb128 0x3a
 1769 0199 0B       		.uleb128 0xb
 1770 019a 3B       		.uleb128 0x3b
 1771 019b 0B       		.uleb128 0xb
 1772 019c 39       		.uleb128 0x39
 1773 019d 0B       		.uleb128 0xb
 1774 019e 27       		.uleb128 0x27
 1775 019f 19       		.uleb128 0x19
 1776 01a0 00       		.byte	0
 1777 01a1 00       		.byte	0
 1778 01a2 1F       		.uleb128 0x1f
 1779 01a3 2E       		.uleb128 0x2e
 1780 01a4 01       		.byte	0x1
 1781 01a5 03       		.uleb128 0x3
 1782 01a6 0E       		.uleb128 0xe
 1783 01a7 3A       		.uleb128 0x3a
 1784 01a8 0B       		.uleb128 0xb
 1785 01a9 3B       		.uleb128 0x3b
 1786 01aa 0B       		.uleb128 0xb
 1787 01ab 39       		.uleb128 0x39
 1788 01ac 0B       		.uleb128 0xb
 1789 01ad 27       		.uleb128 0x27
 1790 01ae 19       		.uleb128 0x19
 1791 01af 01       		.uleb128 0x1
 1792 01b0 13       		.uleb128 0x13
 1793 01b1 00       		.byte	0
 1794 01b2 00       		.byte	0
 1795 01b3 20       		.uleb128 0x20
 1796 01b4 05       		.uleb128 0x5
 1797 01b5 00       		.byte	0
 1798 01b6 03       		.uleb128 0x3
 1799 01b7 08       		.uleb128 0x8
 1800 01b8 3A       		.uleb128 0x3a
 1801 01b9 0B       		.uleb128 0xb
 1802 01ba 3B       		.uleb128 0x3b
 1803 01bb 0B       		.uleb128 0xb
 1804 01bc 39       		.uleb128 0x39
 1805 01bd 0B       		.uleb128 0xb
 1806 01be 49       		.uleb128 0x49
 1807 01bf 13       		.uleb128 0x13
 1808 01c0 00       		.byte	0
 1809 01c1 00       		.byte	0
 1810 01c2 21       		.uleb128 0x21
 1811 01c3 2E       		.uleb128 0x2e
 1812 01c4 00       		.byte	0
 1813 01c5 03       		.uleb128 0x3
 1814 01c6 0E       		.uleb128 0xe
 1815 01c7 3A       		.uleb128 0x3a
 1816 01c8 0B       		.uleb128 0xb
 1817 01c9 3B       		.uleb128 0x3b
 1818 01ca 05       		.uleb128 0x5
 1819 01cb 39       		.uleb128 0x39
 1820 01cc 0B       		.uleb128 0xb
 1821 01cd 27       		.uleb128 0x27
 1822 01ce 19       		.uleb128 0x19
 1823 01cf 49       		.uleb128 0x49
 1824 01d0 13       		.uleb128 0x13
ARM GAS  C:\Users\angio\AppData\Local\Temp\ccZuRrZ2.s 			page 33


 1825 01d1 00       		.byte	0
 1826 01d2 00       		.byte	0
 1827 01d3 22       		.uleb128 0x22
 1828 01d4 2E       		.uleb128 0x2e
 1829 01d5 01       		.byte	0x1
 1830 01d6 03       		.uleb128 0x3
 1831 01d7 0E       		.uleb128 0xe
 1832 01d8 3A       		.uleb128 0x3a
 1833 01d9 0B       		.uleb128 0xb
 1834 01da 3B       		.uleb128 0x3b
 1835 01db 05       		.uleb128 0x5
 1836 01dc 39       		.uleb128 0x39
 1837 01dd 0B       		.uleb128 0xb
 1838 01de 27       		.uleb128 0x27
 1839 01df 19       		.uleb128 0x19
 1840 01e0 00       		.byte	0
 1841 01e1 00       		.byte	0
 1842 01e2 00       		.byte	0
 1843              		.section	.gnu.debuglto_.debug_line,"e",%progbits
 1844              	.Ldebug_line0:
 1845 0000 5A020000 		.4byte	.LELT0-.LSLT0
 1846              	.LSLT0:
 1847 0004 0400     		.2byte	0x4
 1848 0006 54020000 		.4byte	.LELTP0-.LASLTP0
 1849              	.LASLTP0:
 1850 000a 01       		.byte	0x1
 1851 000b 01       		.byte	0x1
 1852 000c 01       		.byte	0x1
 1853 000d F6       		.byte	0xf6
 1854 000e F2       		.byte	0xf2
 1855 000f 0D       		.byte	0xd
 1856 0010 00       		.byte	0
 1857 0011 01       		.byte	0x1
 1858 0012 01       		.byte	0x1
 1859 0013 01       		.byte	0x1
 1860 0014 01       		.byte	0x1
 1861 0015 00       		.byte	0
 1862 0016 00       		.byte	0
 1863 0017 00       		.byte	0
 1864 0018 01       		.byte	0x1
 1865 0019 00       		.byte	0
 1866 001a 00       		.byte	0
 1867 001b 01       		.byte	0x1
 1868 001c 2E2E2F2E 		.ascii	"../../chibios2111/os/common/ext/ST/STM32G4xx"
 1868      2E2F6368 
 1868      6962696F 
 1868      73323131 
 1868      312F6F73 
 1869 0048 00       		.byte	0
 1870 0049 2E2E2F2E 		.ascii	"../../chibios2111/os/hal/osal/rt-nil"
 1870      2E2F6368 
 1870      6962696F 
 1870      73323131 
 1870      312F6F73 
 1871 006d 00       		.byte	0
 1872 006e 2E2E2F2E 		.ascii	"../../chibios2111/os/hal/ports/STM32/LLD/RCCv1"
 1872      2E2F6368 
ARM GAS  C:\Users\angio\AppData\Local\Temp\ccZuRrZ2.s 			page 34


 1872      6962696F 
 1872      73323131 
 1872      312F6F73 
 1873 009c 00       		.byte	0
 1874 009d 2E2E2F2E 		.ascii	"../../chibios2111/os/hal/ports/STM32/STM32G4xx"
 1874      2E2F6368 
 1874      6962696F 
 1874      73323131 
 1874      312F6F73 
 1875 00cb 00       		.byte	0
 1876 00cc 633A5C63 		.ascii	"c:\\chibistudio\\tools\\gnu tools arm embedded\\10."
 1876      68696269 
 1876      73747564 
 1876      696F5C74 
 1876      6F6F6C73 
 1877 00fb 33203230 		.ascii	"3 2021.10\\arm-none-eabi\\include\\machine"
 1877      32312E31 
 1877      305C6172 
 1877      6D2D6E6F 
 1877      6E652D65 
 1878 0122 00       		.byte	0
 1879 0123 633A5C63 		.ascii	"c:\\chibistudio\\tools\\gnu tools arm embedded\\10."
 1879      68696269 
 1879      73747564 
 1879      696F5C74 
 1879      6F6F6C73 
 1880 0152 33203230 		.ascii	"3 2021.10\\arm-none-eabi\\include\\sys"
 1880      32312E31 
 1880      305C6172 
 1880      6D2D6E6F 
 1880      6E652D65 
 1881 0175 00       		.byte	0
 1882 0176 00       		.byte	0
 1883 0177 5F646566 		.ascii	"_default_types.h\000"
 1883      61756C74 
 1883      5F747970 
 1883      65732E68 
 1883      00
 1884 0188 05       		.uleb128 0x5
 1885 0189 00       		.uleb128 0
 1886 018a 00       		.uleb128 0
 1887 018b 5F737464 		.ascii	"_stdint.h\000"
 1887      696E742E 
 1887      6800
 1888 0195 06       		.uleb128 0x6
 1889 0196 00       		.uleb128 0
 1890 0197 00       		.uleb128 0
 1891 0198 73746D33 		.ascii	"stm32g474xx.h\000"
 1891      32673437 
 1891      3478782E 
 1891      6800
 1892 01a6 01       		.uleb128 0x1
 1893 01a7 00       		.uleb128 0
 1894 01a8 00       		.uleb128 0
 1895 01a9 68616C5F 		.ascii	"hal_lld.h\000"
 1895      6C6C642E 
 1895      6800
ARM GAS  C:\Users\angio\AppData\Local\Temp\ccZuRrZ2.s 			page 35


 1896 01b3 04       		.uleb128 0x4
 1897 01b4 00       		.uleb128 0
 1898 01b5 00       		.uleb128 0
 1899 01b6 73797374 		.ascii	"system_stm32g4xx.h\000"
 1899      656D5F73 
 1899      746D3332 
 1899      67347878 
 1899      2E6800
 1900 01c9 01       		.uleb128 0x1
 1901 01ca 00       		.uleb128 0
 1902 01cb 00       		.uleb128 0
 1903 01cc 68616C5F 		.ascii	"hal_lld.c\000"
 1903      6C6C642E 
 1903      6300
 1904 01d6 04       		.uleb128 0x4
 1905 01d7 00       		.uleb128 0
 1906 01d8 00       		.uleb128 0
 1907 01d9 73746D33 		.ascii	"stm32_bd.inc\000"
 1907      325F6264 
 1907      2E696E63 
 1907      00
 1908 01e6 03       		.uleb128 0x3
 1909 01e7 00       		.uleb128 0
 1910 01e8 00       		.uleb128 0
 1911 01e9 73746D33 		.ascii	"stm32_hse.inc\000"
 1911      325F6873 
 1911      652E696E 
 1911      6300
 1912 01f7 03       		.uleb128 0x3
 1913 01f8 00       		.uleb128 0
 1914 01f9 00       		.uleb128 0
 1915 01fa 73746D33 		.ascii	"stm32_hsi48.inc\000"
 1915      325F6873 
 1915      6934382E 
 1915      696E6300 
 1916 020a 03       		.uleb128 0x3
 1917 020b 00       		.uleb128 0
 1918 020c 00       		.uleb128 0
 1919 020d 73746D33 		.ascii	"stm32_hsi16.inc\000"
 1919      325F6873 
 1919      6931362E 
 1919      696E6300 
 1920 021d 03       		.uleb128 0x3
 1921 021e 00       		.uleb128 0
 1922 021f 00       		.uleb128 0
 1923 0220 73746D33 		.ascii	"stm32_lsi.inc\000"
 1923      325F6C73 
 1923      692E696E 
 1923      6300
 1924 022e 03       		.uleb128 0x3
 1925 022f 00       		.uleb128 0
 1926 0230 00       		.uleb128 0
 1927 0231 73746D33 		.ascii	"stm32_lse.inc\000"
 1927      325F6C73 
 1927      652E696E 
 1927      6300
 1928 023f 03       		.uleb128 0x3
ARM GAS  C:\Users\angio\AppData\Local\Temp\ccZuRrZ2.s 			page 36


 1929 0240 00       		.uleb128 0
 1930 0241 00       		.uleb128 0
 1931 0242 6F73616C 		.ascii	"osal.h\000"
 1931      2E6800
 1932 0249 02       		.uleb128 0x2
 1933 024a 00       		.uleb128 0
 1934 024b 00       		.uleb128 0
 1935 024c 73746D33 		.ascii	"stm32_pll.inc\000"
 1935      325F706C 
 1935      6C2E696E 
 1935      6300
 1936 025a 03       		.uleb128 0x3
 1937 025b 00       		.uleb128 0
 1938 025c 00       		.uleb128 0
 1939 025d 00       		.byte	0
 1940              	.LELTP0:
 1941              	.LELT0:
 1942              		.section	.gnu.debuglto_.debug_str,"eMS",%progbits,1
 1943              	.LASF24:
 1944 0000 5043524F 		.ascii	"PCROP2SR\000"
 1944      50325352 
 1944      00
 1945              	.LASF141:
 1946 0009 706C6C6E 		.ascii	"pllndiv\000"
 1946      64697600 
 1947              	.LASF34:
 1948 0011 50444352 		.ascii	"PDCRA\000"
 1948      4100
 1949              	.LASF36:
 1950 0017 50444352 		.ascii	"PDCRB\000"
 1950      4200
 1951              	.LASF38:
 1952 001d 50444352 		.ascii	"PDCRC\000"
 1952      4300
 1953              	.LASF40:
 1954 0023 50444352 		.ascii	"PDCRD\000"
 1954      4400
 1955              	.LASF42:
 1956 0029 50444352 		.ascii	"PDCRE\000"
 1956      4500
 1957              	.LASF44:
 1958 002f 50444352 		.ascii	"PDCRF\000"
 1958      4600
 1959              	.LASF46:
 1960 0035 50444352 		.ascii	"PDCRG\000"
 1960      4700
 1961              	.LASF76:
 1962 003b 41504232 		.ascii	"APB2SMENR\000"
 1962      534D454E 
 1962      5200
 1963              	.LASF7:
 1964 0045 6C6F6E67 		.ascii	"long int\000"
 1964      20696E74 
 1964      00
 1965              	.LASF9:
 1966 004e 6C6F6E67 		.ascii	"long long unsigned int\000"
 1966      206C6F6E 
ARM GAS  C:\Users\angio\AppData\Local\Temp\ccZuRrZ2.s 			page 37


 1966      6720756E 
 1966      7369676E 
 1966      65642069 
 1967              	.LASF128:
 1968 0065 706C6C70 		.ascii	"pllpclk\000"
 1968      636C6B00 
 1969              	.LASF82:
 1970 006d 43434950 		.ascii	"CCIPR2\000"
 1970      523200
 1971              	.LASF98:
 1972 0074 68616C5F 		.ascii	"hal_clkcfg_default\000"
 1972      636C6B63 
 1972      66675F64 
 1972      65666175 
 1972      6C7400
 1973              	.LASF106:
 1974 0087 706C6C71 		.ascii	"pllq_max\000"
 1974      5F6D6178 
 1974      00
 1975              	.LASF95:
 1976 0090 68616C63 		.ascii	"halclkcfg_t\000"
 1976      6C6B6366 
 1976      675F7400 
 1977              	.LASF136:
 1978 009c 70636C6B 		.ascii	"pclk2tim\000"
 1978      3274696D 
 1978      00
 1979              	.LASF117:
 1980 00a5 68616C5F 		.ascii	"hal_lld_clock_switch_mode\000"
 1980      6C6C645F 
 1980      636C6F63 
 1980      6B5F7377 
 1980      69746368 
 1981              	.LASF164:
 1982 00bf 706C6C5F 		.ascii	"pll_not_locked\000"
 1982      6E6F745F 
 1982      6C6F636B 
 1982      656400
 1983              	.LASF1:
 1984 00ce 6C6F6E67 		.ascii	"long long int\000"
 1984      206C6F6E 
 1984      6720696E 
 1984      7400
 1985              	.LASF3:
 1986 00dc 7369676E 		.ascii	"signed char\000"
 1986      65642063 
 1986      68617200 
 1987              	.LASF55:
 1988 00e8 41484231 		.ascii	"AHB1RSTR\000"
 1988      52535452 
 1988      00
 1989              	.LASF31:
 1990 00f1 464C4153 		.ascii	"FLASH_TypeDef\000"
 1990      485F5479 
 1990      70654465 
 1990      6600
 1991              	.LASF107:
ARM GAS  C:\Users\angio\AppData\Local\Temp\ccZuRrZ2.s 			page 38


 1992 00ff 706C6C71 		.ascii	"pllq_min\000"
 1992      5F6D696E 
 1992      00
 1993              	.LASF122:
 1994 0108 68616C5F 		.ascii	"hal_lld_clock_check_tree\000"
 1994      6C6C645F 
 1994      636C6F63 
 1994      6B5F6368 
 1994      65636B5F 
 1995              	.LASF70:
 1996 0121 41484231 		.ascii	"AHB1SMENR\000"
 1996      534D454E 
 1996      5200
 1997              	.LASF94:
 1998 012b 7263635F 		.ascii	"rcc_crrcr\000"
 1998      63727263 
 1998      7200
 1999              	.LASF153:
 2000 0135 68736934 		.ascii	"hsi48_enable\000"
 2000      385F656E 
 2000      61626C65 
 2000      00
 2001              	.LASF33:
 2002 0142 50554352 		.ascii	"PUCRA\000"
 2002      4100
 2003              	.LASF162:
 2004 0148 433A5C43 		.ascii	"C:\\ChibiStudio\\workspace_user\\RT-STM32G474RE-NUC"
 2004      68696269 
 2004      53747564 
 2004      696F5C77 
 2004      6F726B73 
 2005 0178 4C454F36 		.ascii	"LEO64\000"
 2005      3400
 2006              	.LASF37:
 2007 017e 50554352 		.ascii	"PUCRC\000"
 2007      4300
 2008              	.LASF25:
 2009 0184 5043524F 		.ascii	"PCROP2ER\000"
 2009      50324552 
 2009      00
 2010              	.LASF41:
 2011 018d 50554352 		.ascii	"PUCRE\000"
 2011      4500
 2012              	.LASF43:
 2013 0193 50554352 		.ascii	"PUCRF\000"
 2013      4600
 2014              	.LASF45:
 2015 0199 50554352 		.ascii	"PUCRG\000"
 2015      4700
 2016              	.LASF137:
 2017 019f 6D636F63 		.ascii	"mcoclk\000"
 2017      6C6B00
 2018              	.LASF104:
 2019 01a6 706C6C70 		.ascii	"pllp_max\000"
 2019      5F6D6178 
 2019      00
 2020              	.LASF123:
ARM GAS  C:\Users\angio\AppData\Local\Temp\ccZuRrZ2.s 			page 39


 2021 01af 68707265 		.ascii	"hprediv\000"
 2021      64697600 
 2022              	.LASF19:
 2023 01b7 5043524F 		.ascii	"PCROP1SR\000"
 2023      50315352 
 2023      00
 2024              	.LASF58:
 2025 01c0 41504231 		.ascii	"APB1RSTR1\000"
 2025      52535452 
 2025      3100
 2026              	.LASF59:
 2027 01ca 41504231 		.ascii	"APB1RSTR2\000"
 2027      52535452 
 2027      3200
 2028              	.LASF105:
 2029 01d4 706C6C70 		.ascii	"pllp_min\000"
 2029      5F6D696E 
 2029      00
 2030              	.LASF112:
 2031 01dd 636C6F63 		.ascii	"clock_points\000"
 2031      6B5F706F 
 2031      696E7473 
 2031      00
 2032              	.LASF135:
 2033 01ea 70636C6B 		.ascii	"pclk1tim\000"
 2033      3174696D 
 2033      00
 2034              	.LASF50:
 2035 01f3 504C4C43 		.ascii	"PLLCFGR\000"
 2035      46475200 
 2036              	.LASF152:
 2037 01fb 6873655F 		.ascii	"hse_enable\000"
 2037      656E6162 
 2037      6C6500
 2038              	.LASF26:
 2039 0206 57525032 		.ascii	"WRP2AR\000"
 2039      415200
 2040              	.LASF116:
 2041 020d 68616C5F 		.ascii	"hal_lld_get_clock_point\000"
 2041      6C6C645F 
 2041      6765745F 
 2041      636C6F63 
 2041      6B5F706F 
 2042              	.LASF53:
 2043 0225 43494652 		.ascii	"CIFR\000"
 2043      00
 2044              	.LASF90:
 2045 022a 7263635F 		.ascii	"rcc_cr\000"
 2045      637200
 2046              	.LASF13:
 2047 0231 50444B45 		.ascii	"PDKEYR\000"
 2047      595200
 2048              	.LASF10:
 2049 0238 5F5F7569 		.ascii	"__uint32_t\000"
 2049      6E743332 
 2049      5F7400
 2050              	.LASF71:
ARM GAS  C:\Users\angio\AppData\Local\Temp\ccZuRrZ2.s 			page 40


 2051 0243 41484232 		.ascii	"AHB2SMENR\000"
 2051      534D454E 
 2051      5200
 2052              	.LASF60:
 2053 024d 41504232 		.ascii	"APB2RSTR\000"
 2053      52535452 
 2053      00
 2054              	.LASF119:
 2055 0256 73746D33 		.ascii	"stm32_clock_init\000"
 2055      325F636C 
 2055      6F636B5F 
 2055      696E6974 
 2055      00
 2056              	.LASF124:
 2057 0267 70707265 		.ascii	"pprediv\000"
 2057      64697600 
 2058              	.LASF156:
 2059 026f 68736931 		.ascii	"hsi16_enable\000"
 2059      365F656E 
 2059      61626C65 
 2059      00
 2060              	.LASF0:
 2061 027c 756E7369 		.ascii	"unsigned int\000"
 2061      676E6564 
 2061      20696E74 
 2061      00
 2062              	.LASF100:
 2063 0289 706C6C69 		.ascii	"pllin_max\000"
 2063      6E5F6D61 
 2063      7800
 2064              	.LASF96:
 2065 0293 53797374 		.ascii	"SystemCoreClock\000"
 2065      656D436F 
 2065      7265436C 
 2065      6F636B00 
 2066              	.LASF8:
 2067 02a3 6C6F6E67 		.ascii	"long unsigned int\000"
 2067      20756E73 
 2067      69676E65 
 2067      6420696E 
 2067      7400
 2068              	.LASF86:
 2069 02b5 68616C66 		.ascii	"halfreq_t\000"
 2069      7265715F 
 2069      7400
 2070              	.LASF20:
 2071 02bf 5043524F 		.ascii	"PCROP1ER\000"
 2071      50314552 
 2071      00
 2072              	.LASF83:
 2073 02c8 5243435F 		.ascii	"RCC_TypeDef\000"
 2073      54797065 
 2073      44656600 
 2074              	.LASF101:
 2075 02d4 706C6C69 		.ascii	"pllin_min\000"
 2075      6E5F6D69 
 2075      6E00
ARM GAS  C:\Users\angio\AppData\Local\Temp\ccZuRrZ2.s 			page 41


 2076              	.LASF6:
 2077 02de 73686F72 		.ascii	"short unsigned int\000"
 2077      7420756E 
 2077      7369676E 
 2077      65642069 
 2077      6E7400
 2078              	.LASF27:
 2079 02f1 57525032 		.ascii	"WRP2BR\000"
 2079      425200
 2080              	.LASF161:
 2081 02f8 2E2E2F2E 		.ascii	"../../chibios2111/os/hal/ports/STM32/STM32G4xx/hal_"
 2081      2E2F6368 
 2081      6962696F 
 2081      73323131 
 2081      312F6F73 
 2082 032b 6C6C642E 		.ascii	"lld.c\000"
 2082      6300
 2083              	.LASF114:
 2084 0331 766F735F 		.ascii	"vos_range1_noboost\000"
 2084      72616E67 
 2084      65315F6E 
 2084      6F626F6F 
 2084      737400
 2085              	.LASF133:
 2086 0344 70636C6B 		.ascii	"pclk1\000"
 2086      3100
 2087              	.LASF118:
 2088 034a 636C6B70 		.ascii	"clkpt\000"
 2088      7400
 2089              	.LASF72:
 2090 0350 41484233 		.ascii	"AHB3SMENR\000"
 2090      534D454E 
 2090      5200
 2091              	.LASF57:
 2092 035a 41484233 		.ascii	"AHB3RSTR\000"
 2092      52535452 
 2092      00
 2093              	.LASF157:
 2094 0363 6C73695F 		.ascii	"lsi_init\000"
 2094      696E6974 
 2094      00
 2095              	.LASF143:
 2096 036c 706C6C71 		.ascii	"pllqdiv\000"
 2096      64697600 
 2097              	.LASF92:
 2098 0374 7263635F 		.ascii	"rcc_pllcfgr\000"
 2098      706C6C63 
 2098      66677200 
 2099              	.LASF21:
 2100 0380 57525031 		.ascii	"WRP1AR\000"
 2100      415200
 2101              	.LASF5:
 2102 0387 73686F72 		.ascii	"short int\000"
 2102      7420696E 
 2102      7400
 2103              	.LASF146:
 2104 0391 68616C5F 		.ascii	"hal_lld_set_static_clocks\000"
ARM GAS  C:\Users\angio\AppData\Local\Temp\ccZuRrZ2.s 			page 42


 2104      6C6C645F 
 2104      7365745F 
 2104      73746174 
 2104      69635F63 
 2105              	.LASF102:
 2106 03ab 706C6C76 		.ascii	"pllvco_max\000"
 2106      636F5F6D 
 2106      617800
 2107              	.LASF165:
 2108 03b6 6F73616C 		.ascii	"osalSysHalt\000"
 2108      53797348 
 2108      616C7400 
 2109              	.LASF103:
 2110 03c2 706C6C76 		.ascii	"pllvco_min\000"
 2110      636F5F6D 
 2110      696E00
 2111              	.LASF29:
 2112 03cd 53454331 		.ascii	"SEC1R\000"
 2112      5200
 2113              	.LASF2:
 2114 03d3 6C6F6E67 		.ascii	"long double\000"
 2114      20646F75 
 2114      626C6500 
 2115              	.LASF18:
 2116 03df 4F505452 		.ascii	"OPTR\000"
 2116      00
 2117              	.LASF142:
 2118 03e4 706C6C70 		.ascii	"pllpdiv\000"
 2118      64697600 
 2119              	.LASF154:
 2120 03ec 68736931 		.ascii	"hsi16_reset\000"
 2120      365F7265 
 2120      73657400 
 2121              	.LASF132:
 2122 03f8 68636C6B 		.ascii	"hclk\000"
 2122      00
 2123              	.LASF126:
 2124 03fd 68736563 		.ascii	"hseclk\000"
 2124      6C6B00
 2125              	.LASF113:
 2126 0404 766F735F 		.ascii	"vos_range1_boost\000"
 2126      72616E67 
 2126      65315F62 
 2126      6F6F7374 
 2126      00
 2127              	.LASF155:
 2128 0415 68736931 		.ascii	"hsi16_disable\000"
 2128      365F6469 
 2128      7361626C 
 2128      6500
 2129              	.LASF22:
 2130 0423 57525031 		.ascii	"WRP1BR\000"
 2130      425200
 2131              	.LASF66:
 2132 042a 41504231 		.ascii	"APB1ENR1\000"
 2132      454E5231 
 2132      00
ARM GAS  C:\Users\angio\AppData\Local\Temp\ccZuRrZ2.s 			page 43


 2133              	.LASF67:
 2134 0433 41504231 		.ascii	"APB1ENR2\000"
 2134      454E5232 
 2134      00
 2135              	.LASF127:
 2136 043c 706C6C73 		.ascii	"pllselclk\000"
 2136      656C636C 
 2136      6B00
 2137              	.LASF134:
 2138 0446 70636C6B 		.ascii	"pclk2\000"
 2138      3200
 2139              	.LASF51:
 2140 044c 52455345 		.ascii	"RESERVED0\000"
 2140      52564544 
 2140      3000
 2141              	.LASF14:
 2142 0456 4B455952 		.ascii	"KEYR\000"
 2142      00
 2143              	.LASF23:
 2144 045b 52455345 		.ascii	"RESERVED2\000"
 2144      52564544 
 2144      3200
 2145              	.LASF28:
 2146 0465 52455345 		.ascii	"RESERVED3\000"
 2146      52564544 
 2146      3300
 2147              	.LASF61:
 2148 046f 52455345 		.ascii	"RESERVED4\000"
 2148      52564544 
 2148      3400
 2149              	.LASF65:
 2150 0479 52455345 		.ascii	"RESERVED5\000"
 2150      52564544 
 2150      3500
 2151              	.LASF69:
 2152 0483 52455345 		.ascii	"RESERVED6\000"
 2152      52564544 
 2152      3600
 2153              	.LASF73:
 2154 048d 52455345 		.ascii	"RESERVED7\000"
 2154      52564544 
 2154      3700
 2155              	.LASF77:
 2156 0497 52455345 		.ascii	"RESERVED8\000"
 2156      52564544 
 2156      3800
 2157              	.LASF158:
 2158 04a1 6C73655F 		.ascii	"lse_init\000"
 2158      696E6974 
 2158      00
 2159              	.LASF138:
 2160 04aa 6D636F64 		.ascii	"mcodiv\000"
 2160      697600
 2161              	.LASF30:
 2162 04b1 53454332 		.ascii	"SEC2R\000"
 2162      5200
 2163              	.LASF84:
ARM GAS  C:\Users\angio\AppData\Local\Temp\ccZuRrZ2.s 			page 44


 2164 04b7 5F426F6F 		.ascii	"_Bool\000"
 2164      6C00
 2165              	.LASF149:
 2166 04bd 666C6173 		.ascii	"flash_set_acr\000"
 2166      685F7365 
 2166      745F6163 
 2166      7200
 2167              	.LASF4:
 2168 04cb 756E7369 		.ascii	"unsigned char\000"
 2168      676E6564 
 2168      20636861 
 2168      7200
 2169              	.LASF87:
 2170 04d9 7077725F 		.ascii	"pwr_cr1\000"
 2170      63723100 
 2171              	.LASF88:
 2172 04e1 7077725F 		.ascii	"pwr_cr2\000"
 2172      63723200 
 2173              	.LASF89:
 2174 04e9 7077725F 		.ascii	"pwr_cr5\000"
 2174      63723500 
 2175              	.LASF81:
 2176 04f1 43525243 		.ascii	"CRRCR\000"
 2176      5200
 2177              	.LASF145:
 2178 04f7 706C6C76 		.ascii	"pllvcoclk\000"
 2178      636F636C 
 2178      6B00
 2179              	.LASF32:
 2180 0501 52455345 		.ascii	"RESERVED\000"
 2180      52564544 
 2180      00
 2181              	.LASF125:
 2182 050a 68736931 		.ascii	"hsi16clk\000"
 2182      36636C6B 
 2182      00
 2183              	.LASF163:
 2184 0513 5F5F6675 		.ascii	"__func__\000"
 2184      6E635F5F 
 2184      00
 2185              	.LASF68:
 2186 051c 41504232 		.ascii	"APB2ENR\000"
 2186      454E5200 
 2187              	.LASF159:
 2188 0524 72656173 		.ascii	"reason\000"
 2188      6F6E00
 2189              	.LASF64:
 2190 052b 41484233 		.ascii	"AHB3ENR\000"
 2190      454E5200 
 2191              	.LASF11:
 2192 0533 75696E74 		.ascii	"uint32_t\000"
 2192      33325F74 
 2192      00
 2193              	.LASF16:
 2194 053c 45434352 		.ascii	"ECCR\000"
 2194      00
 2195              	.LASF15:
ARM GAS  C:\Users\angio\AppData\Local\Temp\ccZuRrZ2.s 			page 45


 2196 0541 4F50544B 		.ascii	"OPTKEYR\000"
 2196      45595200 
 2197              	.LASF115:
 2198 0549 766F735F 		.ascii	"vos_range2\000"
 2198      72616E67 
 2198      653200
 2199              	.LASF79:
 2200 0554 52455345 		.ascii	"RESERVED9\000"
 2200      52564544 
 2200      3900
 2201              	.LASF108:
 2202 055e 706C6C72 		.ascii	"pllr_max\000"
 2202      5F6D6178 
 2202      00
 2203              	.LASF12:
 2204 0567 63686172 		.ascii	"char\000"
 2204      00
 2205              	.LASF110:
 2206 056c 666C6173 		.ascii	"flash_thresholds\000"
 2206      685F7468 
 2206      72657368 
 2206      6F6C6473 
 2206      00
 2207              	.LASF160:
 2208 057d 474E5520 		.ascii	"GNU C17 10.3.1 20210824 (release) -mcpu=cortex-m4 -"
 2208      43313720 
 2208      31302E33 
 2208      2E312032 
 2208      30323130 
 2209 05b0 6D746875 		.ascii	"mthumb -mfloat-abi=soft -march=armv7e-m -ggdb -O0 -"
 2209      6D62202D 
 2209      6D666C6F 
 2209      61742D61 
 2209      62693D73 
 2210 05e3 666F6D69 		.ascii	"fomit-frame-pointer -falign-functions=16 -ffunction"
 2210      742D6672 
 2210      616D652D 
 2210      706F696E 
 2210      74657220 
 2211 0616 2D736563 		.ascii	"-sections -fdata-sections -fno-common -flto\000"
 2211      74696F6E 
 2211      73202D66 
 2211      64617461 
 2211      2D736563 
 2212              	.LASF121:
 2213 0642 68616C5F 		.ascii	"hal_lld_clock_raw_switch\000"
 2213      6C6C645F 
 2213      636C6F63 
 2213      6B5F7261 
 2213      775F7377 
 2214              	.LASF56:
 2215 065b 41484232 		.ascii	"AHB2RSTR\000"
 2215      52535452 
 2215      00
 2216              	.LASF109:
 2217 0664 706C6C72 		.ascii	"pllr_min\000"
 2217      5F6D696E 
ARM GAS  C:\Users\angio\AppData\Local\Temp\ccZuRrZ2.s 			page 46


 2217      00
 2218              	.LASF85:
 2219 066d 68616C63 		.ascii	"halclkpt_t\000"
 2219      6C6B7074 
 2219      5F7400
 2220              	.LASF17:
 2221 0678 52455345 		.ascii	"RESERVED1\000"
 2221      52564544 
 2221      3100
 2222              	.LASF47:
 2223 0682 5057525F 		.ascii	"PWR_TypeDef\000"
 2223      54797065 
 2223      44656600 
 2224              	.LASF63:
 2225 068e 41484232 		.ascii	"AHB2ENR\000"
 2225      454E5200 
 2226              	.LASF52:
 2227 0696 43494552 		.ascii	"CIER\000"
 2227      00
 2228              	.LASF120:
 2229 069b 68616C5F 		.ascii	"hal_lld_init\000"
 2229      6C6C645F 
 2229      696E6974 
 2229      00
 2230              	.LASF144:
 2231 06a8 706C6C72 		.ascii	"pllrdiv\000"
 2231      64697600 
 2232              	.LASF151:
 2233 06b0 62646372 		.ascii	"bdcr\000"
 2233      00
 2234              	.LASF91:
 2235 06b5 7263635F 		.ascii	"rcc_cfgr\000"
 2235      63666772 
 2235      00
 2236              	.LASF54:
 2237 06be 43494352 		.ascii	"CICR\000"
 2237      00
 2238              	.LASF140:
 2239 06c3 706C6C6D 		.ascii	"pllmdiv\000"
 2239      64697600 
 2240              	.LASF130:
 2241 06cb 706C6C72 		.ascii	"pllrclk\000"
 2241      636C6B00 
 2242              	.LASF80:
 2243 06d3 42444352 		.ascii	"BDCR\000"
 2243      00
 2244              	.LASF99:
 2245 06d8 73797363 		.ascii	"sysclk_max\000"
 2245      6C6B5F6D 
 2245      617800
 2246              	.LASF131:
 2247 06e3 73797363 		.ascii	"sysclk\000"
 2247      6C6B00
 2248              	.LASF48:
 2249 06ea 49435343 		.ascii	"ICSCR\000"
 2249      5200
 2250              	.LASF62:
ARM GAS  C:\Users\angio\AppData\Local\Temp\ccZuRrZ2.s 			page 47


 2251 06f0 41484231 		.ascii	"AHB1ENR\000"
 2251      454E5200 
 2252              	.LASF150:
 2253 06f8 62645F69 		.ascii	"bd_init\000"
 2253      6E697400 
 2254              	.LASF49:
 2255 0700 43464752 		.ascii	"CFGR\000"
 2255      00
 2256              	.LASF148:
 2257 0705 62645F72 		.ascii	"bd_reset\000"
 2257      65736574 
 2257      00
 2258              	.LASF93:
 2259 070e 666C6173 		.ascii	"flash_acr\000"
 2259      685F6163 
 2259      7200
 2260              	.LASF139:
 2261 0718 666C6173 		.ascii	"flashws\000"
 2261      68777300 
 2262              	.LASF147:
 2263 0720 68616C5F 		.ascii	"hal_lld_set_static_pwr\000"
 2263      6C6C645F 
 2263      7365745F 
 2263      73746174 
 2263      69635F70 
 2264              	.LASF78:
 2265 0737 43434950 		.ascii	"CCIPR\000"
 2265      5200
 2266              	.LASF35:
 2267 073d 50554352 		.ascii	"PUCRB\000"
 2267      4200
 2268              	.LASF39:
 2269 0743 50554352 		.ascii	"PUCRD\000"
 2269      4400
 2270              	.LASF111:
 2271 0749 73797374 		.ascii	"system_limits_t\000"
 2271      656D5F6C 
 2271      696D6974 
 2271      735F7400 
 2272              	.LASF129:
 2273 0759 706C6C71 		.ascii	"pllqclk\000"
 2273      636C6B00 
 2274              	.LASF97:
 2275 0761 68616C5F 		.ascii	"hal_clkcfg_reset\000"
 2275      636C6B63 
 2275      66675F72 
 2275      65736574 
 2275      00
 2276              	.LASF74:
 2277 0772 41504231 		.ascii	"APB1SMENR1\000"
 2277      534D454E 
 2277      523100
 2278              	.LASF75:
 2279 077d 41504231 		.ascii	"APB1SMENR2\000"
 2279      534D454E 
 2279      523200
 2280              		.text
ARM GAS  C:\Users\angio\AppData\Local\Temp\ccZuRrZ2.s 			page 48


 2281              		.section	.gnu.lto_.inline.1f2b796a,"e",%progbits
 2282 0000 789C8592 		.ascii	"x\234\205\222\315m\0021\020\205\337\316\300\002\273"
 2282      CD6D0231 
 2282      1085DFCE 
 2282      C002BB
 2283 000f 0B225200 		.ascii	"\013\"R\000A\025\234s\316\231\002r\3467ED\206\012\266"
 2283      41159C73 
 2283      CE990272 
 2283      E6374544 
 2283      860AB6
 2284 0022 000E2921 		.ascii	"\000\016)!\005p@\242\011\224\032r\240\204\314\030\006"
 2284      057040A2 
 2284      09941A72 
 2284      A084CC18 
 2284      06
 2285 0033 AD112BEF 		.ascii	"\255\021+\357\301~c\177\236yc\357;\343\376\275\002\231"
 2285      C17E637F 
 2285      9E7963EF 
 2285      3BE3FEBD 
 2285      0299
 2286 0045 73EE9B96 		.ascii	"s\356\233\226\000\365M5\260\025\371E A\022\260\004\216"
 2286      00F54D35 
 2286      B015F945 
 2286      204112B0 
 2286      048E
 2287 0057 E64290A9 		.ascii	"\346B\220\251\200\240h\016F*\301\221\026B\264M\005D"
 2287      80A0680E 
 2287      462AC191 
 2287      1642B44D 
 2287      0544
 2288 0069 031D094A 		.ascii	"\003\035\011JZ\011Q(\301\217D\222\251\341f\264V\032"
 2288      5A095128 
 2288      C18F4492 
 2288      A9E166B4 
 2288      561A
 2289 007b 255A5137 		.ascii	"%ZQ7m\264\264S\365@\231\251\200\350x\277\316W\351\231"
 2289      6DB4B453 
 2289      F54099A9 
 2289      80E878BF 
 2289      CE57E999 
 2290 008f 0A882C4A 		.ascii	"\012\210,J\344\230h\317\254=OM\005D\021u\332ES{\344"
 2290      E49868CF 
 2290      AC3D4F4D 
 2290      05441175 
 2290      DA45537B 
 2291 00a4 65FDEBE4 		.ascii	"e\375\353\344zy\345\254\207S\"\253\177\374)k;6\031\260"
 2291      7A79E5AC 
 2291      875322AB 
 2291      7FFC296B 
 2291      3B3619B0 
 2292 00b8 03FC42A2 		.ascii	"\003\374B\242\037Rf\257\370\2016O\337\301\262R\236\334"
 2292      1F5266AF 
 2292      F881364F 
 2292      DFC1B252 
 2292      9EDC
 2293 00ca D7AA3BB7 		.ascii	"\327\252;\267`\350\033p\264\256\265W=z\035Gx\223\355"
 2293      60E81B70 
ARM GAS  C:\Users\angio\AppData\Local\Temp\ccZuRrZ2.s 			page 49


 2293      B4AEB557 
 2293      3D7A1D47 
 2293      7893ED
 2294 00dd 9DF7F021 		.ascii	"\235\367\360!\352\242\247k-\200\213J\275\272q\354\257"
 2294      EAA2A76B 
 2294      2D808B4A 
 2294      BDBA71EC 
 2294      AF
 2295 00ee C9F98B4C 		.ascii	"\311\371\213LM\0059'x\221\340\354\235>\377\001o\205"
 2295      4D053927 
 2295      7891E0EC 
 2295      9D3EFF01 
 2295      6F85
 2296 0100 AE5339B3 		.ascii	"\256S9\263\031\377P\326\242\365"
 2296      19FF50D6 
 2296      A2F5
 2297              		.text
 2298              		.section	.gnu.lto_.jmpfuncs.1f2b796a,"e",%progbits
 2299 0000 789C6362 		.ascii	"x\234cb@\006\000\000*\000\003"
 2299      40060000 
 2299      2A0003
 2300              		.text
 2301              		.section	.gnu.lto_.lto.1f2b796a,"e",%progbits
 2302 0000 09000400 		.ascii	"\011\000\004\000\001\000\000\000"
 2302      01000000 
 2303              		.text
 2304              		.section	.gnu.lto_osalSysHalt.336.1f2b796a,"e",%progbits
 2305 0000 789CBBC2 		.ascii	"x\234\273\302\300\300\320\000\304\212@\314\300\314\300"
 2305      C0C0D000 
 2305      C48A40CC 
 2305      C0CCC0
 2306 000f 38696217 		.ascii	"8ib\027\023\303\377\377\377\353Y\230\030\033U\030w2"
 2306      13C3FFFF 
 2306      FFEB5998 
 2306      181B5518 
 2306      7732
 2307 0021 82D98C0C 		.ascii	"\202\331\214\014\365L\214\365\214\223\2315\033\032\032"
 2307      F54C8CF5 
 2307      8C939935 
 2307      1B1A1A
 2308 0030 7E2C9DB7 		.ascii	"~,\235\267o\243ASC\253\304\022f\006\206y\314\014\020"
 2308      6FA34153 
 2308      43ABC412 
 2308      66068679 
 2308      CC0C10
 2309 0043 30879971 		.ascii	"0\207\231q\022\363\022fFF\026(\213\211Q\001\310bNcP"
 2309      12F31266 
 2309      46461628 
 2309      8B895101 
 2309      C8624E63 
 2310 0058 3FD0D070 		.ascii	"?\320\320p\341\316\216\206\006N\206%\314\314\214\333"
 2310      E1CE8E86 
 2310      064E8625 
 2310      CCCC8CDB 
 2311 0068 19817A18 		.ascii	"\031\201z\030\26712ned\000\011\344\236\021a``\203\231"
 2311      B731326E 
 2311      65640009 
ARM GAS  C:\Users\angio\AppData\Local\Temp\ccZuRrZ2.s 			page 50


 2311      E49E1161 
 2311      60608399 
 2312 007c 04146358 		.ascii	"\004\024cX\177\211\365@\303\237\377\375\015\015O\237"
 2312      7F89F540 
 2312      C39FFFFD 
 2312      0D0D4F9F 
 2313 008c 319EDCC8 		.ascii	"1\236\334\310\002t\013\343\016\240D?3\310i` \017\344"
 2313      02740BE3 
 2313      0EA0443F 
 2313      33C86960 
 2313      200FE4
 2314 009f 4E606642 		.ascii	"N`fBp\031\031>0\266<\230\370X\202\241\205\221i\0113"
 2314      7019193E 
 2314      30B63C98 
 2314      F85882A1 
 2314      85916909 
 2315 00b4 CB3C66A0 		.ascii	"\313<f\240\212E\314@&+\303'\306\246\007\223\037s\200"
 2315      8A45CC40 
 2315      262BC327 
 2315      C6A60793 
 2315      1F7380
 2316 00c7 9DD9CFCC 		.ascii	"\235\331\317\314\210l\006\003\203\231\263U\214sFfRf"
 2316      886C0603 
 2316      8399B355 
 2316      8C734666 
 2316      5266
 2317 00d9 7049694A 		.ascii	"pIiJf~Ly~QvqAbrj|iqjQLP\210np\210\257\261\221\273\211"
 2317      667E4C79 
 2317      7E517671 
 2317      4162726A 
 2317      7C69716A 
 2318 00f9 B94990AB 		.ascii	"\271I\220\253\256_\250\263\217\253\277\231\011\203\216"
 2318      AE5FA8B3 
 2318      8FABBF99 
 2318      09838E
 2319 0108 9E9E3E10 		.ascii	"\236\236>\020%\203t\346\027\033\031\032\032\352\347"
 2319      258374E6 
 2319      171B191A 
 2319      1AEAE7
 2320 0117 17EB6724 		.ascii	"\027\353g$\346\000) QT\242\233\227\011a\353e0\260\025"
 2320      E6002920 
 2320      5154A29B 
 2320      970961EB 
 2320      6530B015 
 2321 012b A52616E7 		.ascii	"\245&\026\347\347\011\003\245\343srR\364\222\365\222"
 2321      E70903A5 
 2321      E3737252 
 2321      F492F592 
 2322 013b 0CCCCCCC 		.ascii	"\014\314\314\314\014\015\014\031\000\354\253}S"
 2322      0C0D0C19 
 2322      00ECAB7D 
 2322      53
 2323              		.text
 2324              		.section	.gnu.lto_lse_init.368.1f2b796a,"e",%progbits
 2325 0000 789C5590 		.ascii	"x\234U\220\317K\033A\024\307\337\2337\233\244\025z\357"
 2325      CF4B1B41 
 2325      14C7DF9B 
ARM GAS  C:\Users\angio\AppData\Local\Temp\ccZuRrZ2.s 			page 51


 2325      379BA415 
 2325      7AEF
 2326 0012 A988270F 		.ascii	"\251\210'\017fM\014\026\004O[\361\022\225F\275\005\304"
 2326      664D0C16 
 2326      044F5BF1 
 2326      129546BD 
 2326      05C4
 2327 0024 C614833F 		.ascii	"\306\024\203?V\262\321\036\035\023A\311%&BOV\352\222"
 2327      56B2D11E 
 2327      1D1341C9 
 2327      2526424F 
 2327      56EA92
 2328 0037 96DE044B 		.ascii	"\226\336\004K[\361\007J\375\013\332[o\025\332\202\007"
 2328      5BF1074A 
 2328      FD0BDA5B 
 2328      6F15DA82 
 2328      07
 2329 0048 AB78281E 		.ascii	"\253x(\036\204\364\315\004M\034v\337~\337\233\371~\370"
 2329      84F4CD04 
 2329      4D1C76DF 
 2329      7EDF9BF9 
 2329      7EF8
 2330 005a EE6C23C0 		.ascii	"\356l#\300\002\000<\347\027,\300J\271(\240V\253-J\201"
 2330      02003CE7 
 2330      172CC04A 
 2330      B928A056 
 2330      AB2D4A81 
 2331 006e EBE5E2C5 		.ascii	"\353\345\342\305\306\216\304Oh\006$\012\345\026\243"
 2331      C68EC44F 
 2331      6806240A 
 2331      E516A3
 2332 007d 96CB8FCC 		.ascii	"\226\313\217\314W\342\322\301\277\220\221\010\213\202"
 2332      57E2D2C1 
 2332      BF909108 
 2332      8B82
 2333 008b 247281C6 		.ascii	"$r\201\306Z\247v\245\324\365\273\315\275\223\026\365"
 2333      5AA776A5 
 2333      D4F5BBCD 
 2333      BD9316F5 
 2334 009b E118ABBC 		.ascii	"\341\030\253\274\271\3318\020\270\3558\003l\177\267"
 2334      B9D93810 
 2334      B8ED3803 
 2334      6C7FB7
 2335 00aa 8ED54DAD 		.ascii	"\216\325M\255\244\324\371/\374\321\366\020\241J(\270"
 2335      A4D4F92F 
 2335      FCD1F610 
 2335      A14A28B8 
 2336 00ba 309195D4 		.ascii	"0\221\225\324\312\322*\240UP\027\200\022\351\254f=a"
 2336      CAD22AA0 
 2336      55501780 
 2336      12E9AC66 
 2336      3D61
 2337 00cc C81A8946 		.ascii	"\310\032\211F\213\360\027\363W\327\277\277\221OX!v\242"
 2337      8BF017F3 
 2337      57D7BFBF 
 2337      914F5821 
 2337      76A2
ARM GAS  C:\Users\angio\AppData\Local\Temp\ccZuRrZ2.s 			page 52


 2338 00de 7ABBAA24 		.ascii	"z\273\252$\217\277\036<\360Il\334\216\201\325{\344\244"
 2338      8FBF1E3C 
 2338      F0496CDC 
 2338      8E81D57B 
 2338      E4A4
 2339 00f0 A12AE9C3 		.ascii	"\241*\351\303\370\005\241\263\265\312\277\263\213oL"
 2339      F805A1B3 
 2339      B5CABFB3 
 2339      8B6F4C
 2340 00ff 404D0AF9 		.ascii	"@M\012\371D\370YS\013\225\025\364I2B\373\005>\326\310"
 2340      44F85953 
 2340      0B9515F4 
 2340      493242FB 
 2340      053ED6C8 
 2341 0113 CB22DEC7 		.ascii	"\313\"\336\307P\003\263_\307\260\007tHj\012\211&\344"
 2341      5003B35F 
 2341      C7B00774 
 2341      486A0A89 
 2341      26E4
 2342 0125 9F533658 		.ascii	"\237S6Xu\272\011\027\270\317\262\014k\313\264\022\017"
 2342      75BA0917 
 2342      B8CFB20C 
 2342      6BCBB412 
 2342      0F
 2343 0136 EF52155E 		.ascii	"\357R\025^\257\234\013\237\202l\250G\021p\206\313g'"
 2343      AF9C0B9F 
 2343      826CA847 
 2343      117086CB 
 2343      6727
 2344 0148 2F798647 		.ascii	"/y\206Ghny\215d\363\245\\a\376\347\307~\263S\"l\276"
 2344      686E798D 
 2344      64F3A55C 
 2344      61FEE7C7 
 2344      7EB35322 
 2345 015e 3D806EA7 		.ascii	"=\200n\247'\351Lf^d\206s\363\023\0317\371\312\315Ny"
 2345      27E94C66 
 2345      5E648673 
 2345      F3131937 
 2345      F9CACD4E 
 2346 0173 73E3A9F4 		.ascii	"s\343\251\364\330\274\227\316&\023#\035\303#\003]\321"
 2346      D8BC97CE 
 2346      2613231D 
 2346      C323035D 
 2346      D1
 2347 0184 FED8D358 		.ascii	"\376\330\323X\242\257cp\324\211\367\015u\307\2407\034"
 2347      A2AF6370 
 2347      D489F70D 
 2347      75C7A037 
 2347      1C
 2348 0195 B6F94969 		.ascii	"\266\371Ii\247\353E#\221\210\355z\366\344\370\264=\347"
 2348      A7EB4523 
 2348      9188ED7A 
 2348      F6E4F8B4 
 2348      3DE7
 2349 01a7 66739E6D 		.ascii	"fs\236mLv<\376\314N8\316B\304\366r3]\321\261i/\035\316"
 2349      4C763CFE 
 2349      CC4E38CE 
ARM GAS  C:\Users\angio\AppData\Local\Temp\ccZuRrZ2.s 			page 53


 2349      42C4F672 
 2349      335DD1B1 
 2350 01bf CCA6E03F 		.ascii	"\314\246\340?\277\262\3210"
 2350      BFB2D130 
 2351              		.text
 2352              		.section	.gnu.lto_lsi_init.369.1f2b796a,"e",%progbits
 2353 0000 789C2B65 		.ascii	"x\234+e``(\003bE f`f`\2344\261\213\211\341\377\377\377"
 2353      60602803 
 2353      62452066 
 2353      6066609C 
 2353      34B18B89 
 2354 0018 F52C4C8C 		.ascii	"\365,L\214\215*\214[\031\301lF\206z&\306z\306\311\314"
 2354      8D2A8C5B 
 2354      19C16C46 
 2354      867A26C6 
 2354      7AC6C9CC 
 2355 002c 9A0D0D0D 		.ascii	"\232\015\015\015?\226\316\333\177\230\273a\305\001\306"
 2355      3F96CEDB 
 2355      7F98BB61 
 2355      C501C6
 2356 003b 25CC0C0C 		.ascii	"%\314\014\014\363\230\031`\200\015\306c\004\342\365"
 2356      F3981960 
 2356      800DC663 
 2356      04E2F5
 2357 004a 97580F34 		.ascii	"\227X\0174\374\371\337\337\320\360\366\011\343ye&\006"
 2357      FCF9DFDF 
 2357      D0F0F609 
 2357      E3796526 
 2357      06
 2358 005b 867E6690 		.ascii	"\206~f\220\301` \017T1\201\231\011\301ed\370\304\330"
 2358      C160200F 
 2358      54318199 
 2358      09C16564 
 2358      F8C4D8
 2359 006e A40036A5 		.ascii	"\244\0006\245\237\231\021Y\031\003\203\231\263U\214"
 2359      9F991159 
 2359      19038399 
 2359      B3558C
 2360 007d 73466652 		.ascii	"sFfRfpIiJf~Ly~QvqAbrj|iqjQLP\210np\210\257\261\221\273"
 2360      66704969 
 2360      4A667E4C 
 2360      797E5176 
 2360      71416272 
 2361 00a1 89B94990 		.ascii	"\211\271I\220\253\256_\250\263\217\253\277\231\011\203"
 2361      ABAE5FA8 
 2361      B38FABBF 
 2361      990983
 2362 00b0 AD9E9E3E 		.ascii	"\255\236\236>\020%\203t\346\027\033\031\032\032\352"
 2362      10258374 
 2362      E6171B19 
 2362      1A1AEA
 2363 00bf E717EB67 		.ascii	"\347\027\353g$\346\350\027\344\027\225\024\353\2035"
 2363      24E6E817 
 2363      E4179514 
 2363      EB8335
 2364 00ce E9FBF8B8 		.ascii	"\351\373\370\270\350\0079;\227\031\352\027\227\344\032"
 2364      E807393B 
ARM GAS  C:\Users\angio\AppData\Local\Temp\ccZuRrZ2.s 			page 54


 2364      9719EA17 
 2364      97E41A
 2365 00dd 1BC5E714 		.ascii	"\033\305\347\024g\352e\346%3\000\000\023\007_\316"
 2365      67EA65E6 
 2365      25330000 
 2365      13075FCE 
 2366              		.text
 2367              		.section	.gnu.lto_hsi16_enable.370.1f2b796a,"e",%progbits
 2368 0000 789C5590 		.ascii	"x\234U\220\317K\033Q\020\307g\336\354\306T\241\377@"
 2368      CF4B1B51 
 2368      10C767DE 
 2368      ECC654A1 
 2368      FF40
 2369 0012 A1229E3C 		.ascii	"\241\"\236<\230ucH\241\227\036\326\037\227\370\203h"
 2369      98756348 
 2369      A1971ED6 
 2369      1F97F883 
 2369      68
 2370 0023 6F01B1D1 		.ascii	"o\001\261\321\222\245?V\262\361\307\315\247\021\224"
 2370      92A53F56 
 2370      B2F1C7CD 
 2370      A71194
 2371 0032 5C6222DA 		.ascii	"\\b\"\332K+\355\222\226\336\004A+\264Ei\317^<W\220B"
 2371      4B2BED92 
 2371      96DE0441 
 2371      2BB44569 
 2371      CF5E3C57 
 2372 0048 A1BD94E2 		.ascii	"\241\275\224\342\311\203\260\235\367\242&>vg\2773\363"
 2372      C983B09D 
 2372      F7A2263E 
 2372      7667BF33 
 2372      F3
 2373 0059 E6C37767 		.ascii	"\346\303wg\027\001\026\000`\224_0\001\253\225\222\200"
 2373      17011600 
 2373      60945F30 
 2373      01AB9592 
 2373      80
 2374 006a 300C170D 		.ascii	"0\014\027\015\201\033\225R\370\252\023\367P\347$\212"
 2374      811B9552 
 2374      F8AA13F7 
 2374      50E7248A 
 2375 007a 9536AD56 		.ascii	"\2256\255V*w\365\327\300\245\037?\243Z\",\0122\220\003"
 2375      2A77F5D7 
 2375      C0A51F3F 
 2375      A35A222C 
 2375      0A329003 
 2376 008e 34CE0675 		.ascii	"4\316\006uI)/\336o_f\344\307#\254qo\273\321\217\\g\354"
 2376      49292FDE 
 2376      6F5F66E4 
 2376      C723AC71 
 2376      6FBBD18F 
 2377 00a5 00764ECC 		.ascii	"\000vN\314#y\031\226\245<\376\205\245\316V\204\032\241"
 2377      23791996 
 2377      A53CFE85 
 2377      A5CE5684 
 2377      1AA1
 2378 00b7 E0C04056 		.ascii	"\340\300@V\206R\246R\021\245ZT\000(\223r\252O;C\326"
ARM GAS  C:\Users\angio\AppData\Local\Temp\ccZuRrZ2.s 			page 55


 2378      8652A652 
 2378      11A55A54 
 2378      00289372 
 2378      AA4F3B43 
 2379 00cc 49345284 		.ascii	"I4R\204\277\270|~px/ \254\022\017\242|\273&\015\256"
 2379      BFB87C7E 
 2379      70782F20 
 2379      AC120FA2 
 2379      7CBB260D 
 2380 00e1 7EFB7227 		.ascii	"~\373r' \361\372\272\014\254> \373\214\326\210\3702"
 2380      20F1FABA 
 2380      0CAC3E20 
 2380      FB8CD688 
 2380      F832
 2381 00f3 7E42E8E9 		.ascii	"~B\350\351\250\361\317\034\340\033\355O\201\242\001"
 2381      A8F1CF1C 
 2381      E01BED4F 
 2381      81A201
 2382 0102 11EE2B68 		.ascii	"\021\356+h\261\272\212\001\031\214P\363\002\245P\314"
 2382      B1BA8A01 
 2382      198C50F3 
 2382      02A550CC 
 2383 0112 7F25BCCD 		.ascii	"\177%\274\315\241\006\347s\235\303C\240LR\223IT\354"
 2383      A106E773 
 2383      9DC343A0 
 2383      4C529349 
 2383      54EC
 2384 0124 8BC3FB01 		.ascii	"\213\303\373\001\231u\2726\027\271\21525\352\235N\015"
 2384      9975BA36 
 2384      17B98D32 
 2384      35EA9D4E 
 2384      0D
 2385 0135 FC7AE3AA 		.ascii	"\374z\343\252\270\265z*\002j\341\201++Q\370\203+\277"
 2385      B8B57A2A 
 2385      026AE181 
 2385      2B2B51F8 
 2385      832BBF
 2386 0148 BF3FE562 		.ascii	"\277?\345b\275R\337\364:\031\315\2139\307\345\263\315"
 2386      BD52DFF4 
 2386      3A19CD8B 
 2386      39C7E5B3 
 2386      CD
 2387 0159 01DD2913 		.ascii	"\001\335)\0236o\020 \351<\31489\367\211;V\230\235r\275"
 2387      366F1020 
 2387      E93CCC38 
 2387      39F7893B 
 2387      56989D72 
 2388 016e CCBC977F 		.ascii	"\314\274\227\177\346\317Lf\247'f\375\351|&=\336=6>\324"
 2388      E6CF4C66 
 2388      A72766FD 
 2388      E97C263D 
 2388      DE3D363E 
 2389 0183 1B1F4C3C 		.ascii	"\033\037L<H\244\373\273\207\037;\251\376\221d\002\036"
 2389      48A4FBBB 
 2389      871F3BA9 
 2389      FE916402 
 2389      1E
ARM GAS  C:\Users\angio\AppData\Local\Temp\ccZuRrZ2.s 			page 56


 2390 0194 C562163F 		.ascii	"\305b\026?Y5\351\371q\333\266-\317\267r\223\317\255"
 2390      5935E9F9 
 2390      71DBB62D 
 2390      CFB77293 
 2390      CFAD
 2391 01a6 192F5FF0 		.ascii	"\031/_\360-=d\245R}V\332q\346l\313/\274\350\215O\344"
 2391      2D3D64A5 
 2391      527D56DA 
 2391      71E66CCB 
 2391      2FBCE88D 
 2392 01bc 7CD74EC6 		.ascii	"|\327N\306\334\227Y\370\017\266D\317\264"
 2392      DC9759F8 
 2392      0FB644CF 
 2392      B4
 2393              		.text
 2394              		.section	.gnu.lto_hsi16_disable.371.1f2b796a,"e",%progbits
 2395 0000 789C558F 		.ascii	"x\234U\217\317K\002Q\020\307gv\2662:\364'\204\330\245"
 2395      CF4B0251 
 2395      10C76776 
 2395      B6323AF4 
 2395      2784D8A5 
 2396 0014 836EAB62 		.ascii	"\203n\253b\320\245\303f]\254@\355&\210\231\340\322\217"
 2396      D0A5C366 
 2396      5DAC40ED 
 2396      268899E0 
 2396      D28F
 2397 0026 1557AB9B 		.ascii	"\025W\253\233/;\024\022l\031t*\013\261\350\026\035*"
 2397      2F3B1412 
 2397      6C19742A 
 2397      0BB1E816 
 2397      1D2A
 2398 0038 A10E5287 		.ascii	"\241\016R\207\356A\367.]#<u(\266\3676\304\032\336{|"
 2398      EE41F72E 
 2398      5D233C75 
 2398      28B6F736 
 2398      C41ADE7B 
 2399 004d 6798EFE7 		.ascii	"g\230\357\347\315x\020`\003\000\334\374\002\001V\367"
 2399      CD781060 
 2399      0300DCFC 
 2399      020156F7 
 2400 005d 2B12D8B6 		.ascii	"+\022\330\266]\222%\334\034\306kt4BI\302\022\036\320"
 2400      5D9225DC 
 2400      1CC66B74 
 2400      344249C2 
 2400      121ED0
 2401 0070 0863ECF3 		.ascii	"\010c\354\363\254\266\3738\300.Z\330 \200\032A'z;\031"
 2401      ACB6FB38 
 2401      C02E5AD8 
 2401      20801A41 
 2401      277A3B19 
 2402 0084 67C2E573 		.ascii	"g\302\345sO\213}\331\026c/ohy\372\020\032\204\022\177"
 2402      4F8B7DD9 
 2402      16632F6F 
 2402      6879FA10 
 2402      1A84127F 
 2403 0098 24124A16 		.ascii	"$\022J\026\012\300\"\361\231\023C\334\265GR7Ex\307r"
 2403      0AC022F1 
ARM GAS  C:\Users\angio\AppData\Local\Temp\ccZuRrZ2.s 			page 57


 2403      991343DC 
 2403      B5475237 
 2403      4578C772 
 2404 00ac BBF97445 		.ascii	"\273\371tEu\302*q\023\262\323\035&\363\362\303}\177"
 2404      75C22A71 
 2404      13B2D31D 
 2404      26F3F2C3 
 2404      7D7F
 2405 00be 9DA4A34E 		.ascii	"\235\244\243N\031\270:G>\232\253A\242\031o\021F\335"
 2405      19B83A47 
 2405      3E9AAB41 
 2405      A2196F11 
 2405      46DD
 2406 00d0 0D92B189 		.ascii	"\015\222\261\211\307\316D\202\344\252\023\341\215\240"
 2406      C7CE4482 
 2406      E4AA13E1 
 2406      8DA0
 2407 00de 6E1D6E63 		.ascii	"n\035nc\235d\216\020~\011\355o\333\036\024\330\217\012"
 2407      9D648E10 
 2407      7E09ED6F 
 2407      DB1E14D8 
 2407      8F0A
 2408 00f0 FE475117 		.ascii	"\376GQ\027u\367\213\342>hc\371\365d\312\331\331\"\374"
 2408      75F78BE2 
 2408      3E6863F9 
 2408      F564CAD9 
 2408      D922FC
 2409 0103 BB004048 		.ascii	"\273\000@H\033OhY}A\217\025\212\213\272\221X7\362Kf"
 2409      1B4F6859 
 2409      7D418F15 
 2409      8A8BBA91 
 2409      5837F24B 
 2410 0118 2E95CE24 		.ascii	".\225\316$\213f&\237\210\306\275\261\370L\300?\035\034"
 2410      8B66269F 
 2410      88C6BDB1 
 2410      F84CC03F 
 2410      1D1C
 2411 012a 0B46C3DE 		.ascii	"\013F\303\336\331y-\022\236\013\005a\302\347S\370I\013"
 2411      D9792D12 
 2411      9E0B0561 
 2411      C2E753F8 
 2411      490B
 2412 013c A761FA55 		.ascii	"\247a\372UUU\014S\311\246\226\225\234\221/\230\212c"
 2412      55550C53 
 2412      C9A69695 
 2412      9C912F98 
 2412      8A63
 2413 014e 52229149 		.ascii	"R\"\221I%\252ik\252b\026V\002\376d\326\324\325\220O"
 2413      25AA696B 
 2413      AA621656 
 2413      02FE64D6 
 2413      D4D5904F 
 2414 0162 5F4DC30F 		.ascii	"_M\303\017\201H\220z"
 2414      8148907A 
 2415              		.text
 2416              		.section	.gnu.lto_hsi16_reset.372.1f2b796a,"e",%progbits
 2417 0000 789C5550 		.ascii	"x\234UP\317K\033A\024~o\336$D\024\377\205\036<\365`"
ARM GAS  C:\Users\angio\AppData\Local\Temp\ccZuRrZ2.s 			page 58


 2417      CF4B1B41 
 2417      147E6FDE 
 2417      244414FF 
 2417      851E3CF5 
 2418 0015 D68D2105 		.ascii	"\326\215!\005/=\254\326Kj1\352- i\264d\251uC6j{rj\002"
 2418      2F3DACD6 
 2418      4B6A31EA 
 2418      2D2069B4 
 2418      64A97543 
 2419 002f 965CF243 		.ascii	"\226\\\362C\020Z4\330\260-\202\007A\220*x\220J\333\243"
 2419      105A34D8 
 2419      B02D8207 
 2419      41902A78 
 2419      904ADBA3 
 2420 0043 2005AF7A 		.ascii	" \005\257z\020j\241Er\362 \304\231\011!q\330y\373\336"
 2420      106AA145 
 2420      72F220C4 
 2420      99092171 
 2420      D879FBDE 
 2421 0057 37DFFBDE 		.ascii	"7\337\373\3367\363\016\001\336\002\300\270\334\340\003"
 2421      37F30E01 
 2421      DE02C0B8 
 2421      DCE003
 2422 0066 AC940B0C 		.ascii	"\254\224\013\014\032\215\3062g\270V.\374\372\264\307"
 2422      1A8DC632 
 2422      67B8562E 
 2422      FCFAB4C7 
 2423 0076 711F3540 		.ascii	"q\0375@,W\356\326Y\276\334\253\377\034\337\337\375\015"
 2423      2C57EED6 
 2423      59BEDCAB 
 2423      FF1CDFDF 
 2423      FD0D
 2424 0088 E8146199 		.ascii	"\350\024a\231\021G\031\240\275\326\350\261\020\342\366"
 2424      114719A0 
 2424      BDD6E8B1 
 2424      10E2F6
 2425 0097 4BF5E349 		.ascii	"K\365\343I\267\330>FO\036V\333\004\177\253\222\036`"
 2425      B7D83E46 
 2425      4F1E56DB 
 2425      047FAB92 
 2425      1E60
 2426 00a9 F7CC772C 		.ascii	"\367\314w,\356\032E!~\\\341N_\000\301#d*\220\014\214"
 2426      EE1A4521 
 2426      7E5CE14E 
 2426      5F00C123 
 2426      642A900C 
 2427 00be AB005024 		.ascii	"\253\000P$eN\257G\262\253D\254]\"\334`\356\342\360'"
 2427      654EAF47 
 2427      B2AB44AC 
 2427      5D22DC60 
 2427      EEE2F027 
 2428 00d2 421E9947 		.ascii	"B\036\231GT%\311\360\210\303\177\\\251\337\236&j\204"
 2428      5425C9F0 
 2428      88C37F5C 
 2428      A9DF9E26 
 2428      6A84
 2429 00e4 15927A28 		.ascii	"\025\222z(\266>\010\205~\257\377\351\335h\201 \263\257"
ARM GAS  C:\Users\angio\AppData\Local\Temp\ccZuRrZ2.s 			page 59


 2429      B63E0885 
 2429      7EAFFFE9 
 2429      DD688120 
 2429      B3AF
 2430 00f6 28ED6ECB 		.ascii	"(\355n\313\322'\271x\2000\360Y\210\200G~<\304M\345T"
 2430      D227B978 
 2430      8030F059 
 2430      8880477E 
 2430      3CC44DE5 
 2431 010b 51FDA8EC 		.ascii	"Q\375\250\354\226\210:&\243\032q\360\373\222j\304\360"
 2431      96883A26 
 2431      A31A71F0 
 2431      FB926AC4 
 2431      F0
 2432 011c 1B2AEDA3 		.ascii	"\033*\355\243\256\032QK3\240%\331\003\311\243\246\244"
 2432      AE1A514B 
 2432      33A025D9 
 2432      03C9A3A6 
 2432      A4
 2433 012d E4E6D657 		.ascii	"\344\346\326W\377\261\032q\331\240\0060\354\201k\314"
 2433      FFB11A71 
 2433      D9A00630 
 2433      EC816BCC 
 2434 013d 5F9FBC92 		.ascii	"_\237\274\222X\023\340\372\275J\304;o[\307\225\213\363"
 2434      5813E0FA 
 2434      BD4AC43B 
 2434      6F5BC795 
 2434      8BF3
 2435 014f 67FAA448 		.ascii	"g\372\244H\330\371,\000\021k(n\245\354\227\366Dva\306"
 2435      D8F92C00 
 2435      116B286E 
 2435      A5EC97F6 
 2435      447661C6 
 2436 0163 76E24B4E 		.ascii	"v\342KN\346\265\233N$g\247\027\334\331L<6\331?1\371"
 2436      E6B59B4E 
 2436      2467A717 
 2436      DCD94C3C 
 2436      36D93F31 
 2437 0178 7C30341A 		.ascii	"|04\032~\022\216\215\364\217MY\321\221\027\2210<\015"
 2437      7E128E8D 
 2437      F48F4D59 
 2437      D1911791 
 2437      303C0D
 2438 018b 060DF925 		.ascii	"\006\015\371%U\247\343\206L\3234\034\327H%\346\214\264"
 2438      55A7E386 
 2438      4CD3341C 
 2438      D74825E6 
 2438      8CB4
 2439 019d 93C9BA86 		.ascii	"\223\311\272\206n2\242\321a#fY\213\246\341f\337\014"
 2439      6E32A2D1 
 2439      61236659 
 2439      8BA6E166 
 2439      DF0C
 2440 01af 86A653AE 		.ascii	"\206\246S\256mF\202\366|\022\356\001\244\314\304\356"
 2440      6D4682F6 
 2440      7C12EE01 
 2440      A4CCC4EE 
ARM GAS  C:\Users\angio\AppData\Local\Temp\ccZuRrZ2.s 			page 60


 2441              		.text
 2442              		.section	.gnu.lto_hsi48_enable.374.1f2b796a,"e",%progbits
 2443 0000 789C5590 		.ascii	"x\234U\220\301K\033Q\020\306g\336\274\215Q\241\377\202"
 2443      C14B1B51 
 2443      10C667DE 
 2443      BC8D51A1 
 2443      FF82
 2444 0012 949E3C98 		.ascii	"\224\236<\230mb\320\322K\017[\353%\255\030\355- 6Z\262"
 2444      6D62D0D2 
 2444      4B0F5BEB 
 2444      25AD18ED 
 2444      2D20365A 
 2445 0027 68BB928D 		.ascii	"h\273\222\215\325\233O#(\271\304D\020\017*uI\305[\251"
 2445      D59B4F23 
 2445      28B9C444 
 2445      100F2A75 
 2445      49C55BA9 
 2446 003b 602BD482 		.ascii	"`+\324\202(x\353\245\247\036\333\203\245\275\264E\020"
 2446      2878EBA5 
 2446      A71EDB83 
 2446      A5BDB445 
 2446      10
 2447 004c 3C14D279 		.ascii	"<\024\322yo\321\304\307\356\274o\346\275\371\355\267"
 2447      6FD1C4C7 
 2447      EEBC6FE6 
 2447      BDF9EDB7 
 2448 005c B38700B3 		.ascii	"\263\207\000\263\0000\310/X\200\325JI@\275^\237\223"
 2448      0030C82F 
 2448      5880D54A 
 2448      4940BD5E 
 2448      9F93
 2449 006e 02572BA5 		.ascii	"\002W+\245?\353{\022\367\321\024H\024+\355F-Vn\231]"
 2449      3FEB7B12 
 2449      F7D11448 
 2449      142BED46 
 2449      2D566E99 
 2450 0083 E2FCC68F 		.ascii	"\342\374\306\217\250\221\010s\202$r\200\306Z\245N\245"
 2450      A8910873 
 2450      82247280 
 2450      C65AA54E 
 2450      A5
 2451 0094 D4E59BAD 		.ascii	"\324\345\233\255\322I\273\332=\302\032\037n5.D\2562"
 2451      D249BBDA 
 2451      3DC21A1F 
 2451      6E352E44 
 2451      AE32
 2452 00a6 F6006FBF 		.ascii	"\366\000o\277XG\352_\275\254\324\3473\\\277\323\206"
 2452      5847EA5F 
 2452      BDACD4E7 
 2452      335CBFD3 
 2452      86
 2453 00b7 5023141C 		.ascii	"P#\024\034\230\310Jjei\025\321\252E\007\2002i\257fu"
 2453      98C84A6A 
 2453      656915D1 
 2453      AA450780 
 2453      3269AF66 
 2454 00cc 30648544 		.ascii	"0d\205D#E\370\215\013\347\007\247\337) \254\022w\242"
ARM GAS  C:\Users\angio\AppData\Local\Temp\ccZuRrZ2.s 			page 61


 2454      2345F88D 
 2454      0BE707A7 
 2454      DF2920AC 
 2454      1277A2
 2455 00df 7ABDAC24 		.ascii	"z\275\254$\227\217\017[\003\022\033We`\265\203\3544"
 2455      978F0F5B 
 2455      03121B57 
 2455      6560B583 
 2455      EC34
 2456 00f1 5A237D19 		.ascii	"Z#}\031? \334\275]\343\3379\300McP\223\242\001\021\276"
 2456      3F20DCBD 
 2456      5DE3DF39 
 2456      C04D6350 
 2456      93A20111 
 2457 0106 D7D46275 		.ascii	"\327\324bu\011\003\222\214\320\375\302|\351\370o\011"
 2457      0903928C 
 2457      D0FDC27C 
 2457      E9F86F09 
 2458 0116 6F62A881 		.ascii	"ob\250\201\371\030b\270\007\264Ij2\211\032\375\365\224"
 2458      F91862B8 
 2458      07B4496A 
 2458      32891AFD 
 2458      F594
 2459 0128 79560837 		.ascii	"yV\0107\336\"7Q\226Am\233T\342\247kS\305\265\245\013"
 2459      DE223751 
 2459      96416D9B 
 2459      54E2A76B 
 2459      53C5B5A5 
 2460 013d 11500B37 		.ascii	"\021P\0137\204N\004\374\302\305\237'\317\271\026\026"
 2460      844E04FC 
 2460      C2C59F27 
 2460      CFB91616 
 2461 014d C241AF90 		.ascii	"\302A\257\220l\236\3139.|{\367\310\234\224\011\233\007"
 2461      6C9ECB39 
 2461      2E7C7BF7 
 2461      C89C9409 
 2461      9B07
 2462 015f 08D0E3DC 		.ascii	"\010\320\343\334\31789\367\231;T\230\036s\275\314\214"
 2462      CF3839F7 
 2462      993B5498 
 2462      1E73BDCC 
 2462      8C
 2463 0170 979FF0A7 		.ascii	"\227\237\360\247F\263\343#\323\376x>\223\036\356\032"
 2463      46B3E323 
 2463      D3FE783E 
 2463      931EEE1A 
 2464 0180 1A7EDC9D 		.ascii	"\032~\334\235\350O\366&\323}]O\236:\251\276\201\236"
 2464      E84FF626 
 2464      D37D5D4F 
 2464      9E3AA9BE 
 2464      819E
 2465 0192 243C88C5 		.ascii	"$<\210\305l~\262\272\323\363\023\361x\334\366|;7:iO"
 2465      6C7EB2BA 
 2465      D3F313F1 
 2465      78DCF67C 
 2465      3B373A69 
 2466 01a7 79F9826F 		.ascii	"y\371\202o\233&;\225zh\247\035\347U\334\366\013/\272"
ARM GAS  C:\Users\angio\AppData\Local\Temp\ccZuRrZ2.s 			page 62


 2466      9B263B95 
 2466      7A68A71D 
 2466      E755DCF6 
 2466      0B2FBA
 2467 01ba 132339DF 		.ascii	"\023#9\337M\336\213\271/\263\360\037J\214\317\327"
 2467      4DDE8BB9 
 2467      2FB3F01F 
 2467      4A8CCFD7 
 2468              		.text
 2469              		.section	.gnu.lto_hse_enable.377.1f2b796a,"e",%progbits
 2470 0000 789C5590 		.ascii	"x\234U\220MK\033Q\024\206\317\271\347NL+\364/\024q\345"
 2470      4D4B1B51 
 2470      1486CFB9 
 2470      E74E4C2B 
 2470      F42F1471 
 2471 0015 C24C1383 		.ascii	"\302L\023\203B\241\253Q\334D\305hw\001\3214\222`\355"
 2471      42A1AB51 
 2471      DC44C568 
 2471      7701D134 
 2471      9260ED
 2472 0028 4826DA65 		.ascii	"H&\332en\215\240d\023\023\301\225\037\355\220\226\356"
 2472      6E8DA064 
 2472      1313C195 
 2472      1FED9096 
 2472      EE
 2473 0039 44C10F50 		.ascii	"D\301\017PA\364\007\024\272/T\350\347\246\024\335\270"
 2473      41F40714 
 2473      BA2F54E8 
 2473      E7A614DD 
 2473      B8
 2474 004a B0A4E7DE 		.ascii	"\260\244\347\336\020\023/3g\336s\356}\037\336\271\207"
 2474      10132F33 
 2474      67DE73EE 
 2474      7D1FDEB9 
 2474      87
 2475 005b 08B00000 		.ascii	"\010\260\000\000\243\374\202\005X)\027\005\324j\265"
 2475      A3FC8205 
 2475      58291705 
 2475      D46AB5
 2476 006a BC14B856 		.ascii	"\274\024\270V.\376\334\330\223\270\217f@\242Pn7j\251"
 2476      2EFEDCD8 
 2476      93B88F66 
 2476      40A2506E 
 2476      376AA9
 2477 007d FCC87C25 		.ascii	"\374\310|%\276\271\275\016\032\211\220\027$\221\013"
 2477      BEB9BD0E 
 2477      1A899017 
 2477      24910B
 2478 008c 34D71A75 		.ascii	"4\327\032u)\245n\336o\235\\\264\253\217gX\345\315\255"
 2478      29A56EDE 
 2478      6F9D5CB4 
 2478      AB8F6758 
 2478      E5CDAD
 2479 009f E68140A3 		.ascii	"\346\201@\243\343\014\260\363\331:S\267\265\222R\377"
 2479      E30CB0F3 
 2479      D93A53B7 
 2479      B59252FF 
ARM GAS  C:\Users\angio\AppData\Local\Temp\ccZuRrZ2.s 			page 63


 2480 00af BEE1A7CE 		.ascii	"\276\341\247\316\207\010UB\301\205\211\254\244V\226"
 2480      87085542 
 2480      C18589AC 
 2480      A45696
 2481 00be 5601ADDA 		.ascii	"V\001\255\332t\001(\221\316j\326c\206\254\222h\266\010"
 2481      74012891 
 2481      CE6AD663 
 2481      86AC9268 
 2481      B608
 2482 00d0 7F70F1EA 		.ascii	"\177p\361\352\350\373.\371\204\025b'\252\267+J\362\370"
 2482      E8FB2EF9 
 2482      84156227 
 2482      AAB72B4A 
 2482      F2F8
 2483 00e2 FCE4814F 		.ascii	"\374\344\201Ob\2431\006V\037\220\223\006\253\244\017"
 2483      62A33106 
 2483      561F9093 
 2483      06ABA40F 
 2484 00f2 E321C293 		.ascii	"\343!\302\223\216*\377\316\021n\232\200\232\024\364"
 2484      8E2AFFCE 
 2484      116E9A80 
 2484      9A14F4
 2485 0101 89F04053 		.ascii	"\211\360@S\013\225e\364I2B\373\005;\015\364o\021\357"
 2485      0B9565F4 
 2485      493242FB 
 2485      053B0DF4 
 2485      6F11EF
 2486 0114 83A8093A 		.ascii	"\203\250\011:\256\203\330\005:&\265\304D\023\363\307"
 2486      AE83D805 
 2486      3A26B5C4 
 2486      4413F3C7 
 2487 0124 251BAC3A 		.ascii	"%\033\254:\337\304\013\334gY\206\365\316\264\022O\357"
 2487      DFC40BDC 
 2487      675986F5 
 2487      CEB4124F 
 2487      EF
 2488 0135 7215D697 		.ascii	"r\025\326\227\277\010\237\332\330\320\010\023\204\337"
 2488      BF089FDA 
 2488      D8D00813 
 2488      84DF
 2489 0143 B8F4EB62 		.ascii	"\270\364\353b\232\247\365Q\375\266WI\266^\316\025.~"
 2489      9AA7F551 
 2489      FDB65749 
 2489      B65ECE15 
 2489      2E7E
 2490 0155 DD1E343B 		.ascii	"\335\0364;%\302\326[\004\350u\236&\234tf*3\226\233\177"
 2490      25C2D65B 
 2490      04E8759E 
 2490      269C7466 
 2490      2A33969B 
 2491 016a 917113AF 		.ascii	"\221q\023\257\335\354\21477\231LM\314{\251l\">\336="
 2491      DDEC8C37 
 2491      37994C4D 
 2491      CC7BA96C 
 2491      223EDE3D 
 2492 017e 363ED413 		.ascii	"6>\324\023\031\214\366E\343\003\335\303\317\235\330"
 2492      198CF645 
ARM GAS  C:\Users\angio\AppData\Local\Temp\ccZuRrZ2.s 			page 64


 2492      E303DDC3 
 2492      CF9DD8
 2493 018d C0486F14 		.ascii	"\300Ho\024\236\205B6?I\355t\275H8\034\266]\317NO\276"
 2493      9E854236 
 2493      3F49ED74 
 2493      BD48381C 
 2493      B65DCF4E 
 2494 01a3 B4E7DC6C 		.ascii	"\264\347\334l\316\263\215\311\216\305\372\355\270\343"
 2494      CEB38DC9 
 2494      8EC5FAED 
 2494      B8E3
 2495 01b1 2C846D2F 		.ascii	",\204m/7\333\023\231H{\251P\346U\022\376\003\357\035"
 2495      37DB1399 
 2495      487BA950 
 2495      E65512FE 
 2495      03EF1D
 2496 01c4 D31B     		.ascii	"\323\033"
 2497              		.text
 2498              		.section	.gnu.lto_pll_not_locked.380.1f2b796a,"e",%progbits
 2499 0000 789C5D50 		.ascii	"x\234]PO(\204Q\020\237y\357[\371sq\220+%\007\007\373"
 2499      4F288451 
 2499      109F79EF 
 2499      5BF97371 
 2499      902B2507 
 2500 0016 EDBF28A5 		.ascii	"\355\277(\245\324G.\213Z\224\303\226X\312f\371\266\375"
 2500      D4472E8B 
 2500      5A94C396 
 2500      58CA66F9 
 2500      B6FD
 2501 0028 16C77D4B 		.ascii	"\026\307}K\354\266\222]\342 \304\266\244\0348P\224\303"
 2501      ECB6925D 
 2501      E220C4B6 
 2501      A41C3850 
 2501      94C3
 2502 003a E6E2E022 		.ascii	"\346\342\340\"%\312EN\016\222\234\034\324\232\367\020"
 2502      25CA454E 
 2502      0E929C1C 
 2502      D49AF710 
 2503 004a 99E64D33 		.ascii	"\231\346M3\277\231\337\274\231\351C\200I\000p\320\003"
 2503      BF99DFBC 
 2503      99E94380 
 2503      490070D0 
 2503      03
 2504 005b 0D702993 		.ascii	"\015p)\223bP(\024b\032\303\345L\352\366\356H\303cT\000"
 2504      62502814 
 2504      621AC3E5 
 2504      4CEAF6EE 
 2504      48C36354 
 2505 0070 C7B8A61C 		.ascii	"\307\270\246\034\204\030\343\030\303e^\227\027\342}"
 2505      8418E318 
 2505      C3655E97 
 2505      17E27D
 2506 007f 67337959 		.ascii	"g3yY\266\266\227\307\034\007\330\344\200nT\335\000\212"
 2506      B6B697C7 
 2506      1C07D8E4 
 2506      806E54DD 
 2506      008A
ARM GAS  C:\Users\angio\AppData\Local\Temp\ccZuRrZ2.s 			page 65


 2507 0091 544C429F 		.ascii	"TLB\237`m~V\274\246.\347\026*\016E\361\377\322\203k"
 2507      606D7E56 
 2507      BCA62EE7 
 2507      162A0E45 
 2507      F1FFD283 
 2508 00a6 5B5E7C14 		.ascii	"[^|\024\026\205\270\350\273\377x,-B\310qdd\030\227\306"
 2508      1685B8E8 
 2508      BBFF782C 
 2508      2D42C871 
 2508      64641897 
 2509 00bb 0692018B 		.ascii	"\006\222\001\213\\\316\246\244\212z\2469\373\015\021"
 2509      5CCEA6A4 
 2509      8A7AA639 
 2509      FB0D11
 2510 00ca 5E70FAED 		.ascii	"^p\372\355\2512\313q\211\023\031\305VRh\004\236\237"
 2510      A932CB71 
 2510      891319C5 
 2510      56526804 
 2510      9E9F
 2511 00dc 9564395B 		.ascii	"\225d9[\377\201\201\274]\024B\016\301\251\030O\020\034"
 2511      FF8181BC 
 2511      5D14420E 
 2511      C1A9184F 
 2511      101C
 2512 00ee DB2AD4F0 		.ascii	"\333*\324\360\0247\324\300/8\263\232\270\2414)\223<"
 2512      1437D4C0 
 2512      2F38B39A 
 2512      B8A13429 
 2512      933C
 2513 0100 2619E512 		.ascii	"&\031\345\022\277J\334`\226\333(\365\205\313\3624\347"
 2513      BF4ADC60 
 2513      96DB28F5 
 2513      85CBF234 
 2513      E7
 2514 0111 7F06C167 		.ascii	"\177\006\301g\214\267@\015\021^\347\367E5\335\305\366"
 2514      8CB7400D 
 2514      115EE7F7 
 2514      4535DDC5 
 2514      F6
 2515 0122 7D07296F 		.ascii	"}\007)o8\375\260\262\272\200tVj\003j+\374\273\025@\203"
 2515      38FDB0B2 
 2515      BA807456 
 2515      6A036A2B 
 2515      FCBB1540 
 2516 0137 D1E43746 		.ascii	"\321\3447F\202\203\301\356\350\304P\320\364O\231\221"
 2516      8283C1EE 
 2516      E8C450D0 
 2516      F44F9991 
 2517 0147 512B3C10 		.ascii	"Q+<\020\030\356\237\260\206#~_O}wO\207\333\325\356i"
 2517      18EE9FB0 
 2517      86237E5F 
 2517      4F7D774F 
 2517      87DBD5EE 
 2518 015c F4F8DAEA 		.ascii	"\364\370\332\352;{\015o[W\203\007\232\355v\2354 \231"
 2518      3B7B0D6F 
 2518      5B578307 
 2518      9AED769D 
ARM GAS  C:\Users\angio\AppData\Local\Temp\ccZuRrZ2.s 			page 66


 2518      342099
 2519 016f A6E5723A 		.ascii	"\246\345r:\235\272i\351#\003!=lF\242\226\256H\272\327"
 2519      9DBA69E9 
 2519      2303213D 
 2519      6C46A296 
 2519      AE48BAD7 
 2520 0183 DBAAFB0C 		.ascii	"\333\252\373\014c\322\251[\3211\267\253?\034\012\331"
 2520      63D2A95B 
 2520      D131B7AB 
 2520      3F1C0AD9 
 2521 0193 83E301F8 		.ascii	"\203\343\001\370\004\331\367\252\240"
 2521      04D9F7AA 
 2521      A0
 2522              		.text
 2523              		.section	.gnu.lto_hal_clkcfg_reset.403.1f2b796a,"e",%progbits
 2524 0000 789CAB64 		.ascii	"x\234\253d```d\200\2009\314\214\223\230\2270\003\371"
 2524      60606064 
 2524      808039CC 
 2524      8C939897 
 2524      3003F9
 2525 0013 7056438F 		.ascii	"pVC\217\000\234\315\210\020eC0\231\020L\026\313\246"
 2525      009CCD88 
 2525      10654330 
 2525      99104C16 
 2525      CBA6
 2526 0025 8E868425 		.ascii	"\216\206\204%\314\214s\201\274\235@\222\221q\013\220"
 2526      CC8C7381 
 2526      BC9D4092 
 2526      91710B90 
 2527 0035 6462DC01 		.ascii	"db\334\001$\231\031\267\003I\026\306m@\222\025,\316"
 2527      249919B7 
 2527      034916C6 
 2527      6D409215 
 2527      2CCE
 2528 0047 C6B81548 		.ascii	"\306\270\025H\262\003\331\014\000\327\357\033\370"
 2528      B203D90C 
 2528      00D7EF1B 
 2528      F8
 2529              		.text
 2530              		.section	.gnu.lto_hal_clkcfg_default.404.1f2b796a,"e",%progbits
 2531 0000 789C9BCC 		.ascii	"x\234\233\314\300\300\300\310\000\001s\230\031'1/af"
 2531      C0C0C0C8 
 2531      00017398 
 2531      1927312F 
 2531      6166
 2532 0012 606484B3 		.ascii	"`d\204\263Z\372\004\340\354\313\253Z\271\341\234f\016"
 2532      5AFA04E0 
 2532      ECCBAB5A 
 2532      B9E19C66 
 2532      0E
 2533 0023 38B3A1AD 		.ascii	"8\263\241\255\005\211\303\004g\"\314k`\263l\352hHX\302"
 2533      0589C304 
 2533      6722CC6B 
 2533      60B36CEA 
 2533      684858C2 
 2534 0037 CC3817C8 		.ascii	"\3148\027\310\333\015$\031\031w\001I&\306\235@\222\231"
 2534      DB0D2419 
ARM GAS  C:\Users\angio\AppData\Local\Temp\ccZuRrZ2.s 			page 67


 2534      19770149 
 2534      26C69D40 
 2534      9299
 2535 0049 71079064 		.ascii	"q\007\220da\334\016$Y\031\267\001I6\306\255@\222\235"
 2535      61DC0E24 
 2535      5919B701 
 2535      4936C6AD 
 2535      40929D
 2536 005c 710B2303 		.ascii	"q\013#\003\000\274\315#\205"
 2536      00BCCD23 
 2536      85
 2537              		.text
 2538              		.section	.gnu.lto_clock_points.405.1f2b796a,"e",%progbits
 2539 0000 789C458A 		.ascii	"x\234E\2129\012\002Q\020\005\273\246G\305|`\256`\252"
 2539      390A0251 
 2539      1005BBA6 
 2539      47C57C60 
 2539      AE60AA
 2540 0013 46DEC863 		.ascii	"F\336\310c\014&N,\206\006\012\377\010\356;\010b\352"
 2540      0C264E2C 
 2540      86060AFF 
 2540      08EE3B08 
 2540      62EA
 2541 0025 81DCE62B 		.ascii	"\201\334\346+\317\016\212\352\342]\315\014\373\336\304"
 2541      CF0E8AEA 
 2541      E25DCD0C 
 2541      FBDEC4
 2542 0034 1979F0CF 		.ascii	"\031y\360\317\3773h\252\025\217\341\375\337\033\262"
 2542      FF3368AA 
 2542      158FE1FD 
 2542      DF1BB2
 2543 0043 BA16E7E7 		.ascii	"\272\026\347\347\245\245\\\223\2452\327t\372\232e\312"
 2543      A5A55C93 
 2543      A532D774 
 2543      FA9A65CA 
 2544 0053 8972B88D 		.ascii	"\211r\270\215\363\336\240,\372\301\023\332,\241\303"
 2544      F3DEA02C 
 2544      FAC113DA 
 2544      2CA1C3
 2545 0062 098E7080 		.ascii	"\011\216p\200=U\330Ena\003\353\350\253\310n\205\005"
 2545      3D55D845 
 2545      6E6103EB 
 2545      E8ABC86E 
 2545      8505
 2546 0074 CCB1377F 		.ascii	"\314\2617\177;1\007"
 2546      3B3107
 2547              		.text
 2548              		.section	.gnu.lto_vos_range1_boost.406.1f2b796a,"e",%progbits
 2549 0000 789C4D8E 		.ascii	"x\234M\216\275\016\001Q\020\205\357\331Y\326O\243\360"
 2549      BD0E0151 
 2549      1085EFD9 
 2549      59D64FA3 
 2549      F0
 2550 0011 003A9504 		.ascii	"\000:\225\004\235\267\362\010\033\221P\250t\302&\"\267"
 2550      9DB7F208 
 2550      1B9150A8 
 2550      74C22622 
ARM GAS  C:\Users\angio\AppData\Local\Temp\ccZuRrZ2.s 			page 68


 2550      B7
 2551 0022 9588ACF5 		.ascii	"\225\210\254\365\317RI4\366\031(\024J-1n\302\354\344"
 2551      CF524934 
 2551      F6192814 
 2551      4A2D316E 
 2551      C2ECE4
 2552 0035 E6CB3967 		.ascii	"\346\3139g2w\246\010\245\370\231\032\020\272\244I\301"
 2552      3277A608 
 2552      A5F8991A 
 2552      10BAA449 
 2552      C1
 2553 0046 7DB5A29F 		.ascii	"}\265\242\237\003l\311o\217Pr\222\374\034\225\377\261"
 2553      036CC96F 
 2553      8F507292 
 2553      FC1C95FF 
 2553      B1
 2554 0057 25F13428 		.ascii	"%\3614(\210\351\365slj\215\266\233\327d\241\2025P\305"
 2554      88E9F573 
 2554      6C6A8DB6 
 2554      9BD764A1 
 2554      823550C5 
 2555 006b 0A58020B 		.ascii	"\012X\002\013`\016\004\300\014\360!3\372.K\236\356;"
 2555      600E04C0 
 2555      0CF02133 
 2555      FA2E4B9E 
 2555      EE3B
 2556 007d 76E1E45A 		.ascii	"v\341\344Z\022\323ij\031\032\216G\261\037N\027\347\273"
 2556      12D3696A 
 2556      191A8E47 
 2556      B11F4E17 
 2556      E7BB
 2557 008f B2AE893C 		.ascii	"\262\256\211<\366><>\361\310\264p`\022B\246\215=3a\272"
 2557      F63E3C3E 
 2557      F1C8B470 
 2557      601242A6 
 2557      8D3D3361 
 2558 00a4 49EC988E 		.ascii	"I\354\230\216\321)l\231i\2433Fg\261\201\372\000\255"
 2558      D1296C99 
 2558      69A33346 
 2558      67B181FA 
 2558      00AD
 2559 00b6 77501C   		.ascii	"wP\034"
 2560              		.text
 2561              		.section	.gnu.lto_vos_range1_noboost.407.1f2b796a,"e",%progbits
 2562 0000 789C4D8E 		.ascii	"x\234M\216\273\012\302@\020E\367f\242\361\001V\226\326"
 2562      BB0AC240 
 2562      1045F766 
 2562      A2F10156 
 2562      96D6
 2563 0012 16828576 		.ascii	"\026\202\205v\371+?!\210\240\205X\010v\011\210.X\011"
 2563      F92B3F21 
 2563      88A08558 
 2563      08760988 
 2563      2E5809
 2564 0025 16F1FDD6 		.ascii	"\026\361\375\326B+\361\037l\374\000m\305q\301L\206\345"
 2564      422BF11F 
 2564      6CFC006D 
ARM GAS  C:\Users\angio\AppData\Local\Temp\ccZuRrZ2.s 			page 69


 2564      C571C14C 
 2564      86E5
 2565 0037 70EF1D66 		.ascii	"p\357\035fg\212P\212\237)\237\320%M\012\336\360|\371"
 2565      678A508A 
 2565      9F299FD0 
 2565      254D0ADE 
 2565      F07CF9
 2566 004a 3BC096DC 		.ascii	";\300\226\334\367\335(&\211{\357R\024[\022wn\0051\315"
 2566      F7DD2826 
 2566      897BEF52 
 2566      145B1277 
 2566      6E0531CD 
 2567 005e 518E8D5B 		.ascii	"Q\216\215[oyyM\026*X\003U\254\200%\260\000\346\300\014"
 2567      6F79794D 
 2567      162A5803 
 2567      55AC8025 
 2567      B000E6C0 
 2568 0073 98022164 		.ascii	"\230\002!dF?e\311\313\373\304\016\234<\312b\332\015"
 2568      463F65C9 
 2568      CBFBC40E 
 2568      9C3CCA62 
 2568      DA0D
 2569 0085 2D43FDF1 		.ascii	"-C\375\361 \366\303\365\356\374V\3264Q\300>D\300'\236"
 2569      20F6C3F5 
 2569      EEFC56D6 
 2569      3451C03E 
 2569      44C0279E 
 2570 0099 98168E4C 		.ascii	"\230\026\216L\302\201ic\317L\230n\022;\246ct\012[f\332"
 2570      C2816963 
 2570      CF4C986E 
 2570      123BA663 
 2570      740A5B66 
 2571 00ae E88CD159 		.ascii	"\350\214\321Yl\240\276&]N\244"
 2571      6CA0BE26 
 2571      5D4EA4
 2572              		.text
 2573              		.section	.gnu.lto_vos_range2.408.1f2b796a,"e",%progbits
 2574 0000 789C4D8E 		.ascii	"x\234M\216=\012\302@\020F\367\313$F\215e\256a\241\235"
 2574      3D0AC240 
 2574      1046F7CB 
 2574      24468D65 
 2574      AE61A19D 
 2575 0014 8577F208 		.ascii	"\205w\362\010\213XX[\033\020\331V\010\242I\374\217\235"
 2575      8B58585B 
 2575      1B10D956 
 2575      08A249FC 
 2575      8F9D
 2576 0026 A507B0B3 		.ascii	"\245\007\260\263\261\260\324V\234,\262\343\262<\276"
 2576      B1B0D456 
 2576      9C2CB2E3 
 2576      B23CBE
 2577 0035 37C3EE4C 		.ascii	"7\303\356L\014\245\370\3323%L\310\020\373/\001\276K"
 2577      0CA5F8DA 
 2577      33254CC8 
 2577      10FB2F01 
 2577      BE4B
 2578 0047 E4BAFABD 		.ascii	"\344\272\372\275l\271\262'\345g\021\211d\267\200\245"
ARM GAS  C:\Users\angio\AppData\Local\Temp\ccZuRrZ2.s 			page 70


 2578      6CB9B227 
 2578      E5671189 
 2578      64B780A5 
 2579 0057 371CEBD8 		.ascii	"7\034\353\330\220\207\016\266@\027\033\240\000r \003"
 2579      90870EB6 
 2579      40171BA0 
 2579      00722003 
 2580 0067 56C0BAA2 		.ascii	"V\300\272\242\2741\017\031\362\322\037\331G\247\367"
 2580      BC310F19 
 2580      F2D21FD9 
 2580      47A7F7
 2581 0076 B64839EA 		.ascii	"\266H9\352;\231-\346\177\037\\\256a5q`\210\022\366\034"
 2581      3B992DE6 
 2581      7F1F5CAE 
 2581      61357160 
 2581      8812F61C 
 2582 008a 096F7866 		.ascii	"\011oxfz(\231\204\023\323\307\221\031\330n\015\007f"
 2582      7A289984 
 2582      13D3C791 
 2582      19D86E0D 
 2582      0766
 2583 009c 68731D7B 		.ascii	"hs\035{f\303\346\246\315\021vP_\036\207Hq"
 2583      66C3E6A6 
 2583      CD117650 
 2583      5F1E8748 
 2583      71
 2584              		.text
 2585              		.section	.gnu.lto_bd_init.409.1f2b796a,"e",%progbits
 2586 0000 789C5550 		.ascii	"x\234UP\277o\323P\020\276\317\347\244\035P\031:#\212"
 2586      BF6FD350 
 2586      10BECFE7 
 2586      A41D5019 
 2586      3A238A
 2587 0013 040343ED 		.ascii	"\004\003C\3558\215\214\204\330\334\226%\200\224\226"
 2587      388D8C84 
 2587      D8DC9625 
 2587      809496
 2588 0022 2D529438 		.ascii	"-R\2248\225\032\021p\024\247e`\310\243\014A\014\015"
 2588      951A1170 
 2588      14A76560 
 2588      C8A30C41 
 2588      0C0D
 2589 0034 04A95DA0 		.ascii	"\004\251]\240\002\313\24021Q\002t\210*\361c\346/`@\242"
 2589      02CBA032 
 2589      31510274 
 2589      882AF163 
 2589      E62F6040 
 2590 0049 5D2AE802 		.ascii	"]*\350\002\010$\363\236\335\010xz\357t\367\356\276\373"
 2590      0824F39E 
 2590      DD08787A 
 2590      EF74F7EE 
 2590      BEFB
 2591 005b BEBB5510 		.ascii	"\276\273U\020\255\022\321\011\371\210\011\275{w4\212"
 2591      AD12D109 
 2591      F98809BD 
 2591      7B77348A 
 2592 006b A2A8AD6B 		.ascii	"\242\250\255k\270y\022\257\020\373\240\266\2066\356"
ARM GAS  C:\Users\angio\AppData\Local\Temp\ccZuRrZ2.s 			page 71


 2592      B87912AF 
 2592      10FBA0B6 
 2592      8636EE
 2593 007a F36921C4 		.ascii	"\363i!\304\217'\033\273E\2619@\310D\033L\303\363\200"
 2593      8F271BBB 
 2593      45B13940 
 2593      C8441B4C 
 2593      C3F380
 2594 008d D1E39001 		.ascii	"\321\343\220\001\375\320\3230!=^V\231S\003!\276\356"
 2594      FDD0D330 
 2594      213D5E56 
 2594      99530321 
 2594      BEEE
 2595 009f F51B1F84 		.ascii	"\365\033\037\204\0362\343%$\020[\300\013(\350\215o\343"
 2595      1E32E325 
 2595      24105BC0 
 2595      0B28E88D 
 2595      6FE3
 2596 00b1 69421F87 		.ascii	"iB\037\207\355\344\037d\364\374cj ~G]!\336\277\303\347"
 2596      EDE41F64 
 2596      F4FC636A 
 2596      207E475D 
 2596      21DEBFC3 
 2597 00c6 F5D95150 		.ascii	"\365\331QP\310\272\246\214\256\252S\312$8\352\262R\035"
 2597      C8BAA68C 
 2597      AEAA53CA 
 2597      2438EAB2 
 2597      521D
 2598 00d8 9FE332BC 		.ascii	"\237\3432\274\313\332\337\020\264\217\225\203\376\326"
 2598      CBDADF10 
 2598      B48F9583 
 2598      FED6
 2599 00e6 B120D1A5 		.ascii	"\261 \321\245C<\272-t\371\273\263\375\354H\300C\275"
 2599      433CBA2D 
 2599      74F9BBB3 
 2599      FDEC48C0 
 2599      43BD
 2600 00f8 724CE93D 		.ascii	"rL\351=\205\234qw,\344\224,\307\033P\346\261\020\243"
 2600      859C7177 
 2600      2CE4942C 
 2600      C71B50E6 
 2600      B110A3
 2601 010b 21A7B18D 		.ascii	"!\247\261\215\207\261\274}\334Z\353|\357p\240Jt\205"
 2601      87B1BC7D 
 2601      DC5AEB7C 
 2601      EF70A04A 
 2601      7485
 2602 011d 1C41F433 		.ascii	"\034A\3643\372rTez\235_#\001\247e.I\010-a\177[\016\344"
 2602      FA725465 
 2602      7A9D5F23 
 2602      01A7652E 
 2602      49082D61 
 2603 0135 425E2B2D 		.ascii	"B^+-;k{cC\242M\216\211\264\377\210\006\011\221lC\007"
 2603      3B6B7B63 
 2603      43A24D8E 
 2603      89B4FF88 
 2603      0609916C 
ARM GAS  C:\Users\angio\AppData\Local\Temp\ccZuRrZ2.s 			page 72


 2604 014b 58F9B43E 		.ascii	"X\371\264>\033\357\267\313\370wD\"\3339[t\026k\225\332"
 2604      1BEFB7CB 
 2604      F8774422 
 2604      DB395B74 
 2604      166B95DA 
 2605 015f 5C6BA95A 		.ascii	"\\k\251Z\363\212\327\275\346\025\277Qv\027JK\376B\263"
 2605      F38AD7BD 
 2605      E615BF51 
 2605      76174A4B 
 2605      FE42B3
 2606 0172 58989F9C 		.ascii	"X\230\237\234\233\2770\225=\237;\223+\314L^\274\354"
 2606      9BBF3095 
 2606      3D9F3B93 
 2606      2BCC4C5E 
 2606      BCEC
 2607 0184 E4672ED9 		.ascii	"\344g.\3319:g\030\246\274\256Bz~\326\262,\323\363\315"
 2607      393A6718 
 2607      A6BCAE42 
 2607      7A7ED6B2 
 2607      2CD3F3CD 
 2608 0198 C572DD6C 		.ascii	"\305r\335lx\315\226o\306 3\237\2376\013\216\263l\231"
 2608      78CD966F 
 2608      C620339F 
 2608      9F360B8E 
 2608      B36C99
 2609 01ab 7EEBEA54 		.ascii	"~\353\352T\266T\251\032\265k.\351\225\252\333\034\227"
 2609      B654A91A 
 2609      B56B2EE9 
 2609      95AADB1C 
 2609      97
 2610 01bc C5A57ABD 		.ascii	"\305\245z\275j\270F%c\333\266\225\261\350\017\343\017"
 2610      6AB84625 
 2610      63DBB695 
 2610      B1E80FE3 
 2610      0F
 2611 01cd B9C6     		.ascii	"\271\306"
 2612              		.text
 2613              		.section	.gnu.lto_bd_reset.410.1f2b796a,"e",%progbits
 2614 0000 789C5BC3 		.ascii	"x\234[\303\310\300P\312\300\300\340\012\304\014\254"
 2614      C8C050CA 
 2614      C0C0E00A 
 2614      C40CAC
 2615 000f 0C8C9326 		.ascii	"\014\214\223&v11\374\377\377\277\236\205\211\251yb7"
 2615      763131FC 
 2615      FFFFBF9E 
 2615      8589A979 
 2615      6237
 2616 0021 13E35646 		.ascii	"\023\343VF0\257e\"\037\230ff\234\002W\301\302\330\250"
 2616      30AF6522 
 2616      1F986666 
 2616      9C0257C1 
 2616      C2D8A8
 2617 0034 02936764 		.ascii	"\002\223gd\250gbfa\254g\234\314\254\331\320\320\360"
 2617      A8676266 
 2617      61AC679C 
 2617      CCACD9D0 
 2617      D0F0
ARM GAS  C:\Users\angio\AppData\Local\Temp\ccZuRrZ2.s 			page 73


 2618 0046 63E9BC59 		.ascii	"c\351\274Y\207\271\033V\034`\\\302\314\3000\217\231"
 2618      87B91B56 
 2618      1C605CC2 
 2618      CCC0308F 
 2618      99
 2619 0057 0106D860 		.ascii	"\001\006\330`<\240\275\014\353/\261\036h\370\363\277"
 2619      3CA0BD0C 
 2619      EB2FB11E 
 2619      68F8F3BF 
 2620 0067 BFA1E1ED 		.ascii	"\277\241\341\355\023\306U\312\\\214\014K\230\031\231"
 2620      13C655CA 
 2620      5C8C0C4B 
 2620      981999
 2621 0076 80041333 		.ascii	"\200\004\0233\210`\001qYA\004\003C?3\310N0\220\007r"
 2621      88600171 
 2621      59410403 
 2621      433F33C8 
 2621      4E309007 
 2622 008b 27303321 		.ascii	"'03!\270\214\014\357\030\233>\3758\267\221y\0213\343"
 2622      B88C0CEF 
 2622      189B3EFD 
 2622      38B79179 
 2622      1133E3
 2623 009e 2466A07A 		.ascii	"$f\240z\306\206\005\035\015,@\341C{8\02713\315\201\011"
 2623      C686051D 
 2623      0D2C40E1 
 2623      437B3817 
 2623      3133CD81 
 2624 00b3 330059CB 		.ascii	"3\000Y\313\030\201\356\343X\302\014R\314\270\235\221"
 2624      1881EEE3 
 2624      58C20C52 
 2624      CCB89D91 
 2625 00c3 C1602198 		.ascii	"\301`!\230\313\302\270\203q.\330e\357\030\233\247\265"
 2625      CBC2B883 
 2625      712ED865 
 2625      EF189BA7 
 2625      B5
 2626 00d4 5F655A04 		.ascii	"_eZ\004R\301\004\322\307\304\330\300\306\360\222\261"
 2626      52C104D2 
 2626      C7C4D8C0 
 2626      C6F092B1 
 2627 00e4 E5E56129 		.ascii	"\345\345a)\240 T\204\011\354\235\011\314\314\030\356"
 2627      A0205484 
 2627      09EC9D09 
 2627      CCCC18EE 
 2628 00f4 38DF08D4 		.ascii	"8\337\010\324\310\302\270\015\304=\364\351\005?\314"
 2628      C8C2B80D 
 2628      C43DF4E9 
 2628      053FCC
 2629 0103 CE153C60 		.ascii	"\316\025<`KYP,\335\003\261\024j(\330\315M\237f\\a\\"
 2629      4B59502C 
 2629      DD03B114 
 2629      6A28D8CD 
 2629      4D9F665C 
 2630 0119 C4CC8AD3 		.ascii	"\304\314\212\323\004V\024\023\366#L`a\204\270\211\005"
 2630      04561413 
 2630      F6234C60 
ARM GAS  C:\Users\angio\AppData\Local\Temp\ccZuRrZ2.s 			page 74


 2630      6184B889 
 2630      05
 2631 012a D94D9F18 		.ascii	"\331M\237\030\233\036\\u\003\273\266\237\231\0219\020"
 2631      9B1E5C75 
 2631      03BBB69F 
 2631      99113910 
 2632 013a 1918CC9C 		.ascii	"\031\030\314\234\255b\23432\2232\203KJS2\363c\312\363"
 2632      AD629C33 
 2632      32933283 
 2632      4B4A5332 
 2632      F363CAF3 
 2633 014e 8BB28B0B 		.ascii	"\213\262\213\013\022\223S\343K\213S\213b\202Bt\203C"
 2633      129353E3 
 2633      4B8B538B 
 2633      62824274 
 2633      8343
 2634 0160 7C8D8DDC 		.ascii	"|\215\215\334M\314M\202\\u\375B\235}\\\375\315L\030"
 2634      4DCC4D82 
 2634      5C75FD42 
 2634      9D7D5CFD 
 2634      CD4C18
 2635 0173 6CF4F4F4 		.ascii	"l\364\364\364\201(\031\2443\277\330\310\320\320P?\277"
 2635      812819A4 
 2635      33BFD8C8 
 2635      D0D0503F 
 2635      BF
 2636 0184 583F2331 		.ascii	"X?#1G\277 \277\250\244X\037\254I\337\307\307E?\310\331"
 2636      47BF20BF 
 2636      A8A4581F 
 2636      AC49DFC7 
 2636      C7453FC8 
 2637 0199 B9CC50BF 		.ascii	"\271\314P\277\270$\327\330(>)E/3/\231\001\000\305,\321"
 2637      B824D7D8 
 2637      283E2945 
 2637      2F332F99 
 2637      0100C52C 
 2638 01ae 3A       		.ascii	":"
 2639              		.text
 2640              		.section	.gnu.lto_flash_set_acr.411.1f2b796a,"e",%progbits
 2641 0000 789C5550 		.ascii	"x\234UPAO\023Q\020\236o\347-\245\301\310\201\037\240"
 2641      414F1351 
 2641      109E6FE7 
 2641      2DA5C1C8 
 2641      811FA0
 2642 0013 37E2816E 		.ascii	"7\342\201n\027\2335zm\210\027\305\010xkBJ\301\320\330"
 2642      179B357A 
 2642      6D8817C5 
 2642      08786B42 
 2642      4AC1D0D8 
 2643 0027 64491702 		.ascii	"dI\027\0027\236\224\004\323K)\030\017\006IlV\203'\023"
 2643      379E9404 
 2643      D34B2918 
 2643      0F06496C 
 2643      56832713 
 2644 003b 13B408D1 		.ascii	"\023\264\010\321\006\017^\211\211G\214'\015\027M8q\300"
 2644      060F5E89 
 2644      89478C27 
ARM GAS  C:\Users\angio\AppData\Local\Temp\ccZuRrZ2.s 			page 75


 2644      0D174D38 
 2644      71C0
 2645 004d D4795B2A 		.ascii	"\324y[*\365e\367\333\231o\346\373v\346m\203\250LDw\345"
 2645      F565F7DB 
 2645      996FE6FB 
 2645      76E66D83 
 2645      A84C4477 
 2646 0062 259BB056 		.ascii	"%\233\260V-[\324l6\027\225\205\365j\371\347\356\033"
 2646      2D5BD46C 
 2646      36179585 
 2646      F56AF9E7 
 2646      EE1B
 2647 0074 851D4404 		.ascii	"\205\035D\004[\245jO\024-W/F_\205\207\247\277\343Q\010"
 2647      5BA56A4F 
 2647      142D572F 
 2647      465F8587 
 2647      A7BFE351 
 2648 0089 5AB45841 		.ascii	"Z\264XA\200\316\317:_\321Z\237\274\330\334\371\334\243"
 2648      80CECF3A 
 2648      5FD15A9F 
 2648      BCD8DCF9 
 2648      DCA3
 2649 009b B71A08A5 		.ascii	"\267\032\010\245\270\331n\330`\254q\310\200:\213,\\"
 2649      B8D96ED8 
 2649      60AC71C8 
 2649      803A8B2C 
 2649      5C
 2650 00ac 968803EA 		.ascii	"\226\210\003\352oh}pX\327:N!3\336A4x\013l\313\254B\314"
 2650      6F687D70 
 2650      58D73A4E 
 2650      2133DE41 
 2650      34780B6C 
 2651 00c4 1FF41175 		.ascii	"\037\364\021u\265\235\204\243\327_\354\206>mV\264\376"
 2651      B59D84A3 
 2651      D75FEC86 
 2651      3E6D56B4 
 2651      FE
 2652 00d5 FA031FFB 		.ascii	"\372\003\037\373\343\2206e\031`\001[\031\260\015\304"
 2652      E3903665 
 2652      1960015B 
 2652      19B00DC4 
 2653 00e5 80BA082A 		.ascii	"\200\272\010*lV\214\316%IW\331:OA\277\260t|rX\342Zk"
 2653      6C568CCE 
 2653      254957D9 
 2653      3A4F41BF 
 2653      B0747C72 
 2654 00fd 2C05DD78 		.ascii	",\005\335x\244\225\320\373O_\365n\264I3\377K\310z[\027"
 2654      A495D0FB 
 2654      4F5FF56E 
 2654      B44933FF 
 2654      4BC87A5B 
 2655 0112 42EE925E 		.ascii	"B\356\222^\354\202\222\317\265\356\0169\206=<3\323\325"
 2655      EC8292CF 
 2655      B5EE0E39 
 2655      863D3C33 
 2655      D3D5
 2656 0124 3846C69F 		.ascii	"8F\306\237;\374a\374\353\337JvM6~o~\267\277\027\257"
ARM GAS  C:\Users\angio\AppData\Local\Temp\ccZuRrZ2.s 			page 76


 2656      3BFC61FC 
 2656      EBDF4A76 
 2656      4D367E6F 
 2656      7EB7BF17 
 2657 0139 31B7FDBA 		.ascii	"1\267\375\272#;\353?\273\017-;\351-=^\371#J%\316\242"
 2657      233BEB3F 
 2657      BB0F2D3B 
 2657      E92D3D5E 
 2657      F9234A25 
 2658 014f 31C49315 		.ascii	"1\304\223\025\324\330Pf.\033\275t\204\345\243O\367\205"
 2658      D4D85066 
 2658      2E1BBD74 
 2658      84E5A34F 
 2658      F785
 2659 0161 6B11ADDB 		.ascii	"k\021\255\333^e\325\271\3431\226\2767\207\243J\205\321"
 2659      5E65D5B9 
 2659      E33196BE 
 2659      3787A34A 
 2659      85D1
 2660 0173 7919445E 		.ascii	"y\031D^\372F&=\235\237\310\217\316\316M\346\375\314"
 2660      FA46263D 
 2660      9D9FC88F 
 2660      CECE4DE6 
 2660      FDCC
 2661 0185 BC5F7C10 		.ascii	"\274_|\020\314dsS\343s\301T13260:v\373\352\340\315\324"
 2661      CC647353 
 2661      E373C154 
 2661      31333236 
 2661      303A76FB 
 2662 019d B5D4C8D0 		.ascii	"\265\324\310\320\300\360\275\364\255\241;^\212\256'"
 2662      C0F0BDF4 
 2662      ADA13B5E 
 2662      8AAE27
 2663 01ac 128E3C39 		.ascii	"\022\216<9\243\364\203A\327u\035?p\246\263\005g\306"
 2663      A3F48341 
 2663      D7751D3F 
 2663      70A6B305 
 2663      67C6
 2664 01be 2FCE064E 		.ascii	"/\316\006N$r\316\244\013\013\2462^(L&r\304\331\\\261"
 2664      2472CEA4 
 2664      0B0BA632 
 2664      5E284C26 
 2664      72C4D95C 
 2665 01d3 EF5F9A98 		.ascii	"\357_\232\230Hz\236\347&]\372\013\356\366\331\232"
 2665      487A9EE7 
 2665      265DFA0B 
 2665      EEF6D99A 
 2666              		.text
 2667              		.section	.gnu.lto_hal_lld_set_static_pwr.412.1f2b796a,"e",%progbits
 2668 0000 789C75D4 		.ascii	"x\234u\324KHTa\024\007\360\357\334\357\316\333y\371"
 2668      4B485461 
 2668      1407F0EF 
 2668      DCEFCEDB 
 2668      79F9
 2669 0012 7E522D5A 		.ascii	"~R-Z\264p\246QQ\212v\"mz\200\332N\020\033\005\245\201"
 2669      B470A651 
 2669      518A7622 
ARM GAS  C:\Users\angio\AppData\Local\Temp\ccZuRrZ2.s 			page 77


 2669      6D7A80DA 
 2669      4E101B05 
 2670 0028 91192D5B 		.ascii	"\221\031-[y\265E\341\306R\010\027&6L\342\256U)%d\"e"
 2670      79B545E1 
 2670      C6520817 
 2670      26364CE2 
 2670      AE552925 
 2671 003f 81141231 		.ascii	"\201\024\0221D\204DT\364P\031*\\H\3239\367\316p\277"
 2671      44844454 
 2671      F450192A 
 2671      5C48D339 
 2671      F7CE70BF 
 2672 0053 0FBAC378 		.ascii	"\017\272\303x8\337\350\357\177\216\237r\207\354\214"
 2672      38DFE8EF 
 2672      7F8E9F72 
 2672      87EC8C
 2673 0062 5D658CD5 		.ascii	"]e\214\325\343\027S\031L\335\232PX.\227\033U\025\230"
 2673      E3175319 
 2673      4CDD9A50 
 2673      582E971B 
 2673      551598
 2674 0075 C61E1E80 		.ascii	"\306\036\036\200~\3420\246\352\015\260Q\205\303(L\363"
 2674      7EE230A6 
 2674      EA0DB051 
 2674      85C3284C 
 2674      F3
 2675 0086 639AA6ED 		.ascii	"c\232\246\355\337\233\333|\356\321\026W!\315\031\233"
 2675      DF9BDB7C 
 2675      EED11657 
 2675      21CD199B 
 2676 0096 E3ACF0B2 		.ascii	"\343\254\360\262\027N\200\357Y\016S<\315\001\324|\247"
 2676      174E80EF 
 2676      590E533C 
 2676      CD01D47C 
 2676      A7
 2677 00a7 C061EC78 		.ascii	"\300a\354x\222\035]\035\323\3662_\366\346aCS\323\234"
 2677      921D5D1D 
 2677      D3F6325F 
 2677      F6E66143 
 2677      53D39C
 2678 00ba C3322083 		.ascii	"\3032 \203%\200\207\240\347\334\337\262\255j\007\271"
 2678      258087A0 
 2678      E7DCDFB2 
 2678      AD6A07B9 
 2679 00ca 494DDB3D 		.ascii	"IM\333=\365\375`\301\035\002\226\346\252\202\205s\352"
 2679      F5FD60C1 
 2679      1D0296E6 
 2679      AA828573 
 2679      EA
 2680 00db 54EA9C54 		.ascii	"T\352\234T\\ttS\347\241\256\210:/u>,6?\225\000\225 "
 2680      5C747453 
 2680      E7A1AE88 
 2680      3A2F753E 
 2680      2C363F95 
 2681 00f2 95622A25 		.ascii	"\225b*%TJ\251\224Q)\247RA\245\222J\025\225j*5Tj\251"
 2681      544AA994 
 2681      5129A752 
ARM GAS  C:\Users\angio\AppData\Local\Temp\ccZuRrZ2.s 			page 78


 2681      41A5924A 
 2681      15956A2A 
 2682 010a D451616C 		.ascii	"\324Qal\222\323\025\351\257C\270\346M\256\230G`;0\236"
 2682      92D315E9 
 2682      AF43B8E6 
 2682      4DAE9847 
 2682      603B309E 
 2683 011e 5DFED198 		.ascii	"]\376\321\2302~U\025\264\371\033\232\212\237\256\255"
 2683      327E5515 
 2683      B4F91B9A 
 2683      8A9FAEAD 
 2684 012e B8525C99 		.ascii	"\270R\\\231-|\314\260[\000\274Cg\232\333\361\207\341"
 2684      2D7CCCB0 
 2684      5B00BC43 
 2684      679ADBF1 
 2684      87E1
 2685 0140 31B0E347 		.ascii	"1\260\343G\322\334\001+pG\277:\012r\246\360R\036Q\350"
 2685      D2DC012B 
 2685      7047BF3A 
 2685      0A72A6F0 
 2685      521E51E8 
 2686 0154 B5A9EB90 		.ascii	"\265\251\353\220\342*F\220\347$5\372|mo\002\344(nF="
 2686      E22A4690 
 2686      E72435FA 
 2686      7C6D6F02 
 2686      E4286E46 
 2687 0169 31A2D031 		.ascii	"1\242\3201\332\223\013{*\371x\227\021\257o\347\226\203"
 2687      DA930B7B 
 2687      2AF97897 
 2687      11AF6FE7 
 2687      9683
 2688 017b 5C66D053 		.ascii	"\\f\320S\014\002s'O~\247\333\264S\021Bc'\212\366\375"
 2688      0C027327 
 2688      4F7EA7DB 
 2688      B4531142 
 2688      63278AF6 
 2689 0190 77278F19 		.ascii	"w'\217\031\265nD\241+\244y\205\025\234\262\363\352\356"
 2689      B56E44A1 
 2689      2BA47985 
 2689      159CB2F3 
 2689      EAEE
 2690 01a2 AE7E74C0 		.ascii	"\256~t\3003a\213\375\237\321\024\367\321\\\033h\333"
 2690      33618BFD 
 2690      9FD114F7 
 2690      D15C1B68 
 2690      DB
 2691 01b3 63C61567 		.ascii	"c\306\025g\027\375\371\013\266\231\027\274\210G\234"
 2691      17FDF90B 
 2691      B69917BC 
 2691      88479C
 2692 01c2 E2831742 		.ascii	"\342\203\027B\324K\214R\030+\334\245\242g\316\354\360"
 2692      D44B8C52 
 2692      182BDCA5 
 2692      A267CEEC 
 2692      F0
 2693 01d3 14F7C306 		.ascii	"\024\367\303\006\230Yb\202_J\330\304\004n$8\300\330"
 2693      98596282 
ARM GAS  C:\Users\angio\AppData\Local\Temp\ccZuRrZ2.s 			page 79


 2693      5F4AD8C4 
 2693      046E2438 
 2693      C0D8
 2694 01e5 29433E60 		.ascii	")C>`\351\003\222\177\215\036\377,\360\312\370\227\231"
 2694      E903927F 
 2694      8D1EFF2C 
 2694      F0CAF897 
 2694      99
 2695 01f6 D9451BB4 		.ascii	"\331E\033\264\264A\311n\241\265\2316C\266\330\322\026"
 2695      B441C96E 
 2695      A1B59936 
 2695      43B6D8D2 
 2695      16
 2696 0207 4BF60D5A 		.ascii	"K\366\015Z\2730\367\027\332\022K[\"\331\267h\035\302"
 2696      BB30F717 
 2696      DA124B5B 
 2696      22D9B768 
 2696      1DC2
 2697 0219 5CB2A596 		.ascii	"\\\262\245\226\266T\262\031\264Na\356o\264e\226\266"
 2697      B654B219 
 2697      B44E61EE 
 2697      6FB46596 
 2697      B6
 2698 022a 4CB2EFD0 		.ascii	"L\262\357\320\272\004\373\007m\271\245-\227\354{\264"
 2698      BA04FB07 
 2698      6DB9A52D 
 2698      97EC7BB4 
 2699 023a 6E6167B2 		.ascii	"nag\262\025\226\266B\262\037\320z\204\271\007h+-m\245"
 2699      1596B642 
 2699      B21FD07A 
 2699      84B90768 
 2699      2B2D6DA5 
 2700 024e 64B7D116 		.ascii	"d\267\321\026\011s\311VY\332*\311~D\353\025\346\376"
 2700      0973C956 
 2700      59DA2AC9 
 2700      7E44EB15 
 2700      E6FE
 2701 0260 455B6D69 		.ascii	"E[mi\253%\373\011\255O\230K\266\306\322\326H\3663Z\277"
 2701      AB25FB09 
 2701      AD4F984B 
 2701      B6C6D2D6 
 2701      48F6335A 
 2702 0275 30771D9F 		.ascii	"0w\035\2377\265\226\266V\262_\321\006\204\271d\353,"
 2702      37B596B6 
 2702      56B25FD1 
 2702      0684B964 
 2702      EB2C
 2703 0287 6D9D64BF 		.ascii	"m\235d\277\241\015\0326\013\343\333K\355\372\303\177"
 2703      A10D1A36 
 2703      0BE3DB4B 
 2703      EDFAC37F 
 2704 0297 D278A214 		.ascii	"\322x\242\024\236\263\2145\267\236\354j\355\037\270"
 2704      9EB38C35 
 2704      B79EEC6A 
 2704      ED1FB8
 2705 02a6 38D03134 		.ascii	"8\32014\334;\020\357\272\022O\\J\016\366D\373\272\207"
 2705      DC3B10EF 
ARM GAS  C:\Users\angio\AppData\Local\Temp\ccZuRrZ2.s 			page 80


 2705      BA124F5C 
 2705      4A0EF644 
 2705      FBBA87
 2706 02b9 937D89AE 		.ascii	"\223}\211\256\366\316\372\216\316\263\215\015\247\233"
 2706      F6CEFA8E 
 2706      CEB38D0D 
 2706      A79B
 2707 02c7 5A9ADADB 		.ascii	"Z\232\332\333\352\317]h=\323v\276\271\211\235\010\205"
 2707      EACF5D68 
 2707      3DD376BE 
 2707      B9899D08 
 2707      85
 2708 02d8 C2F88E92 		.ascii	"\302\370\216\222\214'\033\"\221H8\236\014\367\367\304"
 2708      8C271B22 
 2708      9148389E 
 2708      0CF7F7C4 
 2709 02e8 C283F1C4 		.ascii	"\302\203\361\304P2\254\243p\236\216\214\320w\272c\261"
 2709      5032ACA3 
 2709      709E8E8C 
 2709      D077BA63 
 2709      B1
 2710 02f9 DE5094D9 		.ascii	"\336P\224\331/\307c\241H\313?\243\3363{"
 2710      2FC763A1 
 2710      48CB3FA3 
 2710      DE337B
 2711              		.text
 2712              		.section	.gnu.lto_hal_lld_set_static_clocks.413.1f2b796a,"e",%progbits
 2713 0000 789C7590 		.ascii	"x\234u\220\277KBQ\024\307\317\271GCh\350O\210\240\305"
 2713      BF4B4251 
 2713      14C7CFB9 
 2713      474368E8 
 2713      4F88A0C5 
 2714 0014 415F9A18 		.ascii	"A_\232\030\265\212\264\364\003\3246CL\005%\341\311{"
 2714      B58AB4F4 
 2714      03D43643 
 2714      4C0525E1 
 2714      C97B
 2715 0026 4A6E9E9C 		.ascii	"Jn\236\234\242\305\262\265\244\304\302\255\251\037\020"
 2715      A2C5B2B5 
 2715      A4C4C2AD 
 2715      A91F10
 2716 0035 88B4B506 		.ascii	"\210\264\265\006RS4ES\203\0208\024\257\373^=\324\241"
 2716      52533445 
 2716      53831038 
 2716      14AFFB5E 
 2716      3DD4A1
 2717 0048 C3BD87F3 		.ascii	"\303\275\207\363=\367\234\317=\367n\"\200\006\0003r"
 2717      3DF79CCF 
 2717      3DF76E22 
 2717      80060033 
 2717      72
 2718 0059 0301D60F 		.ascii	"\003\001\326\017\367\005\030\206Qq\010\334\235\305+"
 2718      F7051886 
 2718      517108DC 
 2718      9DC52B
 2719 0068 B462848A 		.ascii	"\264b\204\212\300\012\036\221\233\231\007\347\215\366"
 2719      C00A1E91 
ARM GAS  C:\Users\angio\AppData\Local\Temp\ccZuRrZ2.s 			page 81


 2719      9B9907E7 
 2719      8DF6
 2720 0076 C324B7BB 		.ascii	"\303$\267\273\330\"\200\006\201m\023\266\222L\270|t"
 2720      D8228006 
 2720      816D13B6 
 2720      924CB87C 
 2720      74
 2721 0087 76F9CBA8 		.ascii	"v\371\313\2501\177\276a\307\355Bh\021\012\323\221\351"
 2721      317FBE61 
 2721      C7ED4268 
 2721      110AD391 
 2721      E9
 2722 0098 006A64DE 		.ascii	"\000jd\336c\331\264\224\007$\206\022\341\003\253\375"
 2722      63D9B494 
 2722      07248612 
 2722      E103ABFD 
 2723 00a8 412FDD24 		.ascii	"A/\335$\254\223,G>\335c\207\314\336\367\337\247\216"
 2723      AC932C47 
 2723      3EDD6387 
 2723      CCDEF7DF 
 2723      A78E
 2724 00ba ED24C8E8 		.ascii	"\355$\310\350\002\345Hm)\205\254\305\033\204\2713fW"
 2724      02E5486D 
 2724      2985ACC5 
 2724      1B84B933 
 2724      6657
 2725 00cc 8B086FF1 		.ascii	"\213\010o\361\304\234\306,%d\227\205|~r4I\3405\016Q"
 2725      C49CC62C 
 2725      25649785 
 2725      7C7E7234 
 2725      49E0350E 
 2726 00e1 A3003106 		.ascii	"\243\0001\006\270\223\000\264\001\275*\263\363\227\361"
 2726      B89300B4 
 2726      01BD2AB3 
 2726      F397F1
 2727 00f0 2219F42F 		.ascii	"\"\031\364/\203\306\030\035\311\0206\003\240\217\325"
 2727      83C6181D 
 2727      C9103603 
 2727      A08FD5
 2728 00ff D7EF88F5 		.ascii	"\327\357\210\365[5\302\321\367\003\004CK\361P6\267\225"
 2728      5B35C2D1 
 2728      F7030443 
 2728      4BF15036 
 2728      B795
 2729 0111 8B164BE9 		.ascii	"\213\026K\351\234\032\337Q\265m\275\220Le\022%=\243"
 2729      9C1ADF51 
 2729      B56DBD90 
 2729      4C651225 
 2729      3DA3
 2730 0123 C523314F 		.ascii	"\305#1O4\266:\357_\016,\004\"a\317\332Fh%\274\036\014"
 2730      34B63AEF 
 2730      5F0E2C04 
 2730      2261CFDA 
 2730      466825BC 
 2731 0139 C0A2D7AB 		.ascii	"\300\242\327\253\310\2252;U\335\357\363\371\024UW\262"
 2731      C895323B 
 2731      55DDEFF3 
ARM GAS  C:\Users\angio\AppData\Local\Temp\ccZuRrZ2.s 			page 82


 2731      F9145557 
 2731      B2
 2732 014a C9BC5250 		.ascii	"\311\274RP\265\242\256XM\312_k\271l\236$\362\371\264"
 2732      B5A2AE58 
 2732      4DCA5F6B 
 2732      B96C9E24 
 2732      F2F9B4
 2733 015d 37053F18 		.ascii	"7\005?\030\032\245}"
 2733      1AA57D
 2734              		.text
 2735              		.section	.gnu.lto_hal_lld_clock_check_tree.414.1f2b796a,"e",%progbits
 2736 0000 789C955A 		.ascii	"x\234\225Z\007XU\327\262^\263\367\241\011\"b\357X\020"
 2736      075855D7 
 2736      B25EB3F7 
 2736      A1092262 
 2736      EF5810
 2737 0013 2B082AF6 		.ascii	"+\010*\366\222\030\243\351\211\321$\337\275\336\334"
 2737      9218A3E9 
 2737      89D124DF 
 2737      BDDEDC
 2738 0022 6B4B4431 		.ascii	"kKD1\240X\323<\010\036c\243\350\225g\003\364\304x5\306"
 2738      A058D33C 
 2738      081E63A3 
 2738      E8956703 
 2738      F4C47835 
 2739 0037 965C15EC 		.ascii	"\226\\\025\354\211\212X1\261\007\201<\243\004c\213\261"
 2739      898A5831 
 2739      B107813C 
 2739      A304638B 
 2739      B1
 2740 0048 2086F266 		.ascii	" \206\362f\326\332k\237\315>\272\277\357\371\231\177"
 2740      D6DA6B9F 
 2740      CD3EBABF 
 2740      EFF9997F 
 2741 0058 EF35E79F 		.ascii	"\3575\347\237Y\263ff\315Z\347\230\206m\031\213\000\306"
 2741      59B36666 
 2741      CD5AE798 
 2741      866D198B 
 2741      00C6
 2742 006a 267B30C6 		.ascii	"&{0\306^f\260$u\201\302\252\252\252f\333\024%!u\241"
 2742      5E66B024 
 2742      7581C2AA 
 2742      AAAA66DB 
 2742      14252175 
 2743 007f 0297818F 		.ascii	"\002\227\201\217\034\251\376\374\251*\211\251\276\374"
 2743      1CA9FEFC 
 2743      A92A89A9 
 2743      BEFC
 2744 008d 6DAE26B1 		.ascii	"m\256&\261\301\212/\235\377N\312\234\305G\036\260j\211"
 2744      C18A2F9D 
 2744      FF4ECA9C 
 2744      C5471EB0 
 2744      6A89
 2745 009f 53A8782A 		.ascii	"S\250x*\3634\352\312\224\253B\344\245,O\371V\274\256"
 2745      F334EACA 
 2745      94AB42E4 
 2745      A52C4FF9 
ARM GAS  C:\Users\angio\AppData\Local\Temp\ccZuRrZ2.s 			page 83


 2745      56BCAE
 2746 00b2 90326F97 		.ascii	"\2202o\227\206\017\275\266\024\323\327\340f\013\267"
 2746      860FBDB6 
 2746      14D3D7E0 
 2746      660BB7
 2747 00c1 DFF3962E 		.ascii	"\337\363\226.\370*\253\245r\272T\366\203t]\243\246\222"
 2747      F82AABA5 
 2747      72BA54F6 
 2747      83745DA3 
 2747      A692
 2748 00d3 91F26D4B 		.ascii	"\221\362mK\311\316\224\024\177\310\324)\265\324\257"
 2748      C9CE9414 
 2748      7FC8D429 
 2748      B5D4AF
 2749 00e2 53B4B936 		.ascii	"S\264\2716\310\227\215\362%\0006-q\336\333\262\311C"
 2749      C8978DF2 
 2749      2500362D 
 2749      71DEDBB2 
 2749      C943
 2750 00f4 9AA84D82 		.ascii	"\232\250M\202\355\331b\015\2014\320\314\324Q\2761\314"
 2750      EDD9620D 
 2750      8134D0CC 
 2750      D451BE31 
 2750      CC
 2751 0105 949F72B5 		.ascii	"\224\237r\265%\024\213\367\272\312f\351\343\026\351"
 2751      25148BF7 
 2751      BACA66E9 
 2751      E316E9
 2752 0114 403DBE92 		.ascii	"@=\276\222\214=\"@\365\225,\311\330*\031\015\\\262l"
 2752      8C3D2240 
 2752      F5952CC9 
 2752      D82A190D 
 2752      5CB26C
 2753 0127 296BC8B5 		.ascii	")k\310\265\034\373\304\250\221\262[2\366HFc\316(\326"
 2753      1CFBC4A8 
 2753      91B25B32 
 2753      F6484663 
 2753      CE28D6
 2754 013a 184D94BD 		.ascii	"\030M\224\275\222q@2\232*\373\244l\277\2245\203\003"
 2754      92714032 
 2754      9A2AFBA4 
 2754      6CBF9435 
 2754      8303
 2755 014c 32DCCDE9 		.ascii	"2\334\315\351U[R\013%\227\226\244-\343\204d\007)\307"
 2755      555B520B 
 2755      259796A4 
 2755      2DE38464 
 2755      0729C7
 2756 015f A5856352 		.ascii	"\245\205cR\326\322%\323y\255\270/\247\177\\+\206\255"
 2756      D6D225D3 
 2756      79ADB82F 
 2756      A77F5C2B 
 2756      86AD
 2757 0171 95939292 		.ascii	"\225\223\222\222')m\224\323RvJ\312\202]2\235\327V,\353"
 2757      27296D94 
 2757      D352764A 
 2757      CA825D32 
ARM GAS  C:\Users\angio\AppData\Local\Temp\ccZuRrZ2.s 			page 84


 2757      9DD7562C 
 2758 0186 AC188528 		.ascii	"\254\030\205(\227$#_2\332)?K\331e)k\357\222\351\274"
 2758      9724235F 
 2758      32DA293F 
 2758      4BD96529 
 2758      6BEF92E9 
 2759 019b 0E228417 		.ascii	"\016\"\204\027\305\250\243\255(E\256\366\212\314y\201"
 2759      C5A8A3AD 
 2759      2845AEF6 
 2759      8ACC7981 
 2760 01ab 7C29942F 		.ascii	"|)\224/\235\240\004\253\340\330f\275\012:\223`\373\311"
 2760      9DA004AB 
 2760      E0D866BD 
 2760      0A3A9360 
 2760      FBC9
 2761 01bd 9A7C10CA 		.ascii	"\232|\020\312\007yb\020F\003\315b\027\345\206\241$~"
 2761      07796210 
 2761      4603CD62 
 2761      17E586A1 
 2761      247E
 2762 01cf 972E848B 		.ascii	"\227.\204\213*\316\237\314G\021\312M\351\344-\311\350"
 2762      2ACE9FCC 
 2762      4711CA4D 
 2762      E9E42DC9 
 2762      E8
 2763 01e0 0AB7653E 		.ascii	"\012\267e>\272\321\253f\257\273r\307`\357\256dG\302"
 2763      BAD1AB66 
 2763      AFBB72C7 
 2763      60EFAE64 
 2763      47C2
 2764 01f2 63C9EE41 		.ascii	"c\311\356A\257\032\273\247\317\374\004g]\376Z&\027\362"
 2764      AF1ABBA7 
 2764      CFFC0467 
 2764      5DFE5A26 
 2764      17F2
 2765 0204 44BEFC25 		.ascii	"D\276\374%_\312\345K\205|\251\224/U\362\345\013i\247"
 2765      5FCAE54B 
 2765      857CA994 
 2765      2F55F2E5 
 2765      0B69A7
 2766 0217 172CA0AA 		.ascii	"\027,\240\252\275?B\372\320\233\013r\356\213Q\037>z"
 2766      BD3F42FA 
 2766      D09B0B72 
 2766      EE8B511F 
 2766      3E7A
 2767 0229 A48DFAF2 		.ascii	"\244\215\372\362\321\372\207b\324\217\217.h\243\376"
 2767      D1FA8762 
 2767      D48F8F2E 
 2767      68A3FE
 2768 0238 7CE42815 		.ascii	"|\344(\025\243\001|\264S\033\035d|X\254\015\277\027"
 2768      A3017CB4 
 2768      531B1D64 
 2768      7C58AC0D 
 2768      BF17
 2769 024a 439B58D4 		.ascii	"C\233X\324\017LY\230\340L\263I\007\026%8\233\362\227"
 2769      0F4C5998 
 2769      E04CB349 
ARM GAS  C:\Users\angio\AppData\Local\Temp\ccZuRrZ2.s 			page 85


 2769      07162538 
 2769      9BF297
 2770 025d 434C545B 		.ascii	"CLT[\231\210\352a\246,Np\326\347\357I\222sDpv\376%t"
 2770      9988EA61 
 2770      A62C4E70 
 2770      D6E7EF49 
 2770      92734470 
 2771 0275 7398922C 		.ascii	"s\230\222,9\313%\347\250\340\024k\234\\1,\254\212\022"
 2771      39CB25E7 
 2771      A8E0146B 
 2771      9C5C312C 
 2771      AC8A12
 2772 0288 F5CE20DE 		.ascii	"\365\316 \336[x\002l\266\242\332<<\275\274}j\370\372"
 2772      5B78026C 
 2772      B6A2DA3C 
 2772      3CBDBC7D 
 2772      6AF8FA
 2773 029b D5F4AF15 		.ascii	"\325\364\257\025P;\260N\335z\365\0334l\324\270I\323"
 2773      503BB04E 
 2773      DD7AF51B 
 2773      346CD4B8 
 2773      49D3
 2774 02ad 66CD5B04 		.ascii	"f\315[\004\265l\325\272Mp\333\220v\355;t\354\32494\254"
 2774      B56CD5BA 
 2774      4D70DB90 
 2774      76ED3B74 
 2774      ECD43934 
 2775 02c2 4B7844D7 		.ascii	"KxD\327n\335#{\364\354\325\273O\337~\375\007\034d\337"
 2775      6EDD237B 
 2775      F4ECD5BB 
 2775      4FDF7EFD 
 2775      071C64DF 
 2776 02d6 B31FD821 		.ascii	"\263\037\330!v\230\035a9\354(\313eh}6,U\333\037\264"
 2776      76981D61 
 2776      39EC28CB 
 2776      65687D36 
 2776      2C55DB1F 
 2777 02eb DB1F7F95 		.ascii	"\333\037\177\225\221\277\321k\345\206\203\260Ne,Ce\320"
 2777      91BFD16B 
 2777      E58683B0 
 2777      4E652C43 
 2777      65D0
 2778 02fd 15BA6037 		.ascii	"\025\272`7f\253UX\242\256S\001l\332\233\002A\370\246"
 2778      66AB5558 
 2778      A2AE5301 
 2778      6CDA9B02 
 2778      41F8A6
 2779 0310 C6B11054 		.ascii	"\306\261\020T;S\226e\267\373\260u\252\012\273\200\264"
 2779      3B539665 
 2779      B7FBB075 
 2779      AA0ABB80 
 2779      B4
 2780 0321 7602ECC0 		.ascii	"v\002\354\300N\216\202\031g\002\270\266\272\020\350"
 2780      4E8E8219 
 2780      6702B8B6 
 2780      BA10E8
 2781 0330 118CEC3F 		.ascii	"\021\214\354?n\316_\350\237\022\357\275N\265A\266\221"
ARM GAS  C:\Users\angio\AppData\Local\Temp\ccZuRrZ2.s 			page 86


 2781      6ECE5FE8 
 2781      9F12EFBD 
 2781      4EB541B6 
 2781      91
 2782 0341 CED88CDD 		.ascii	"\316\330\214\335\201\304]\252s\317\254&\313AD\335c\242"
 2782      81C45DAA 
 2782      73CFAC26 
 2782      CB4144DD 
 2782      63A2
 2783 0353 6EE6D495 		.ascii	"n\346\324\225.\263\277o\314\024f=`\237\211\273\206s"
 2783      2EB3BF6F 
 2783      CC14663D 
 2783      609F89BB 
 2783      8673
 2784 0365 D7BACCDE 		.ascii	"\327\272\314\336\324\314z\300\001\023u)\247~\355\242"
 2784      D4CC7AC0 
 2784      01137529 
 2784      A77EEDA2 
 2785 0375 5ED6A9DF 		.ascii	"^\326\251\337\233\250\016N\375\316E=\256S\017\231\250"
 2785      9BA80E4E 
 2785      FDCE453D 
 2785      AE530F99 
 2785      A8
 2786 0386 65B5899A 		.ascii	"e\265\211\232\355\242\356\321\251GL\324[\234z\300E\335"
 2786      EDA2EED1 
 2786      A9474CD4 
 2786      5B9C7AC0 
 2786      45DD
 2787 0398 AC538F9A 		.ascii	"\254S\217\232\250E\234z\330EM\327\251\307L\324\2378"
 2787      A8459C7A 
 2787      D8454DD7 
 2787      A9C74CD4 
 2787      9F38
 2788 03aa F5842B5A 		.ascii	"\365\204+Z76\246\311h\2350q\217p\356\331\2479{\312D"
 2788      3736A6C9 
 2788      689D3071 
 2788      8F70EED9 
 2788      A7397BCA 
 2789 03bf CDE2D4FC 		.ascii	"\315\342\324\374\247y\220g\242n\342\324_]\036\224\270"
 2789      A7799067 
 2789      A26EE2D4 
 2789      5F5D1E94 
 2789      B8
 2790 03d0 3CF8D1C4 		.ascii	"<\370\321\304\315\340\334\333.\263{u\263gM\324TN}\360"
 2790      CDE0DCDB 
 2790      2EB37B75 
 2790      B3674DD4 
 2790      544E7DF0 
 2791 03e4 340FCE9B 		.ascii	"4\017\316\233\250\211\234Z\341\362\240\350X\222\360"
 2791      A8899C5A 
 2791      E1F2A0E8 
 2791      5892F0
 2792 03f3 C0132E9A 		.ascii	"\300\023.\232\270\245\001\236\014.\001\\\0008\007\360"
 2792      B8A5019E 
 2792      0C2E015C 
 2792      003807F0 
 2793 0403 13C01980 		.ascii	"\023\300\031\200\323\000'\001\216\003\344\002\344\000"
ARM GAS  C:\Users\angio\AppData\Local\Temp\ccZuRrZ2.s 			page 87


 2793      D3002701 
 2793      8E03E402 
 2793      E400
 2794 0411 1C06F801 		.ascii	"\034\006\370\001\340 \300~\200\275\000\273\2016\014"
 2794      E020C07E 
 2794      80BD00BB 
 2794      81360C
 2795 0420 634093C4 		.ascii	"c@\223\304+\372$\307n\316\223\313\374\3314\311\374:"
 2795      2BFA24C7 
 2795      6ECE93CB 
 2795      FCD934C9 
 2795      FC3A
 2796 0432 7C67B8B8 		.ascii	"|g\270\270\271'V\312\235q\305\304-\027;Cq\253K\033\024"
 2796      B92756CA 
 2796      9D71C5C4 
 2796      2D173B43 
 2796      71AB4B1B 
 2797 0447 9AA87739 		.ascii	"\232\250w9u\225\213\232\253S\1771Q\257r\352\227.\352"
 2797      75958B9A 
 2797      AB537F31 
 2797      51AF72EA 
 2797      972EEA
 2798 045a 569D7AD5 		.ascii	"V\235z\325D=\317\251\233\\\324\014\235z\315D\315\015"
 2798      443DCFA9 
 2798      9B5CD40C 
 2798      9D7ACD44 
 2798      CD0D
 2799 046c C4E05D07 		.ascii	"\304\340]\007\370\025\340\177\001\212\000\012\000\260"
 2799      F815E07F 
 2799      018A000A 
 2799      00B0
 2800 047a 46B07BB2 		.ascii	"F\260{\262\031G\003\221\323(\370\340\\\373\266\307\307"
 2800      19470391 
 2800      D328F8E0 
 2800      5CFBB6C7 
 2800      C7
 2801 048b 1C0B02E2 		.ascii	"\034\013\002\342\203L\255\206mP\361/\374\177\203\357"
 2801      834CAD86 
 2801      6D50F12F 
 2801      FC7F83EF 
 2802 049b 3EDFD69F 		.ascii	">\337\326\237<\016\332\313\253\222\355\366\242\327*"
 2802      3C0EDACB 
 2802      AB92EDF6 
 2802      A2D72A
 2803 04aa AF54F93A 		.ascii	"\257T\371:\001\260#y)\004*\201\215\300\203\300\223\300"
 2803      01B02379 
 2803      29042A81 
 2803      8DC083C0 
 2803      93C0
 2804 04bc 8BC09B80 		.ascii	"\213\300\233\200Z\231W\015\002_\002?\202\232\004\376"
 2804      5A99570D 
 2804      025F023F 
 2804      829A04FE 
 2805 04cc 04B50802 		.ascii	"\004\265\010\002\010j\023\004\022\324!\250KP\217\240"
 2805      086A1304 
 2805      12D421A8 
 2805      4B508FA0 
ARM GAS  C:\Users\angio\AppData\Local\Temp\ccZuRrZ2.s 			page 88


 2806 04dc 3E410382 		.ascii	">A\003\202\206\004\215\010\032\0234!hJ\320\214\2409"
 2806      86048D08 
 2806      1A133421 
 2806      684AD08C 
 2806      A039
 2807 04ee 410B8220 		.ascii	"A\013\202 \202\226\004\255\010Z\023\264!\010&hK\020"
 2807      829604AD 
 2807      085A13B4 
 2807      21082668 
 2807      4B10
 2808 0500 42D08EA0 		.ascii	"B\320\216\240=A\007\202\216\004\235\010:\023\204\022"
 2808      3D410782 
 2808      8E049D08 
 2808      3A138412 
 2809 0510 84117421 		.ascii	"\204\021t!\010'\210 \350J\320\215\240;A$A\017\202\236"
 2809      08278820 
 2809      E84AD08D 
 2809      A03B4124 
 2809      410F829E 
 2810 0524 04BD087A 		.ascii	"\004\275\010z\023\364!\350K\320\217\240?\301\000\202"
 2810      13F421E8 
 2810      4BD08FA0 
 2810      3FC10082 
 2811 0534 8104CF11 		.ascii	"\201\004\317\021<O0\210\340\005\202\301\004/\022\014"
 2811      3C4F3088 
 2811      E00582C1 
 2811      042F120C 
 2812 0544 21184AF0 		.ascii	"!\030J\360\022\301\313\264\177^a\230\304W\031\246\361"
 2812      12C1CBB4 
 2812      7F5E6198 
 2812      C45719A6 
 2812      F1
 2813 0555 3586897C 		.ascii	"5\206\211|\235a*\337 x\223aF\337\"\030\3060\261o3L\355"
 2813      9D612ADF 
 2813      20789361 
 2813      46DF2218 
 2813      C630B16F 
 2814 056c 7086391D 		.ascii	"p\2069\035\3010\253\3570\314\353\273\014\263\371\036"
 2814      C130ABEF 
 2814      30CCEBBB 
 2814      0CB3F91E 
 2815 057c 9A627F23 		.ascii	"\232b\177#+\177'+#I\367\037\244\366>\251\375\013 \013"
 2815      2B7F272B 
 2815      2349F71F 
 2815      A4F63EA9 
 2815      FD0B200B 
 2816 0590 46116534 		.ascii	"F\021e4\3156\206`,\3018\222}@j\037\222\332x\232<\212"
 2816      CD368660 
 2816      2CC13892 
 2816      7D406A1F 
 2816      92DA789A 
 2817 05a6 6002C144 		.ascii	"`\002\301D\252\316h\206\3652\211a\241|D\023\305\020"
 2817      AACE6886 
 2817      F5328961 
 2817      A17C4413 
 2817      C510
 2818 05b8 C4124CA6 		.ascii	"\304\022L\2469\246\220\2018\206\3054\225f\233F\303\351"
ARM GAS  C:\Users\angio\AppData\Local\Temp\ccZuRrZ2.s 			page 89


 2818      39A69081 
 2818      3886C534 
 2818      95669B46 
 2818      C3E9
 2819 05ca 0C0B6B06 		.ascii	"\014\013k\006\315;\223\206\263\010>&\370\204\340SZ\302"
 2819      CD3B9386 
 2819      B3083E26 
 2819      F884E053 
 2819      5AC2
 2820 05dc 67049F13 		.ascii	"g\004\237\023\314&\260c\321\347B<b\016\314\001Z^\002"
 2820      CC26B063 
 2820      D1E7423C 
 2820      620ECC01 
 2820      5A5E02
 2821 05ef C744C4C3 		.ascii	"\307D\304\3030\027h\255\016\216\363\200\226\374\005"
 2821      301768AD 
 2821      0E8EF380 
 2821      96FC05
 2822 05fe C7F91C17 		.ascii	"\307\371\034\027p\\\310q\021\307\305\034\2238&sLA\334"
 2822      705CC871 
 2822      11C7C51C 
 2822      93382673 
 2822      4C41DC
 2823 0611 0BA9FC7D 		.ascii	"\013\251\374}\011\342nH\247\032g\031\03439\256\341\270"
 2823      09E26E48 
 2823      A71A6719 
 2823      1C3339AE 
 2823      E1B8
 2824 0623 962363C9 		.ascii	"\226#c\311*\335#\370\237\026\270\021ST\3055\004v\007"
 2824      2ADD23F8 
 2824      9F16B811 
 2824      5354C535 
 2824      047607
 2825 0636 E6FC99F5 		.ascii	"\346\374\231\365\340\\k\334\251N\365ot\316{ \211\244"
 2825      E05C6BDC 
 2825      A94EF56F 
 2825      74CE7B20 
 2825      89A4
 2826 0648 1B9A3BD5 		.ascii	"\033\232;\325\277C\211\240<~pNu\252#\345\260\244\231"
 2826      BF4389A0 
 2826      3C7E704E 
 2826      75AA23E5 
 2826      B0A499
 2827 065b 53FD873E 		.ascii	"S\375\207>\350\344T\337\327\006{\263K\377\213D\320\356"
 2827      E8E454DF 
 2827      D7067BB3 
 2827      4BFF8B44 
 2827      D0EE
 2828 066d 0C2AEFBC 		.ascii	"\014*\357\274\353\301n\267c\213\363v\252\377\202\033"
 2828      EBC16EB7 
 2828      638BF376 
 2828      AAFF821B 
 2829 067d C0BA24F2 		.ascii	"\300\272$\362\241\017\374\016\351\344!*&\244\315\273"
 2829      A10FFC0E 
 2829      E9E4212A 
 2829      26A4CDBB 
 2830 068d AD3855FC 		.ascii	"\2558U\374\313\365\274\300\356\307n@b\311\241\306(\324"
ARM GAS  C:\Users\angio\AppData\Local\Temp\ccZuRrZ2.s 			page 90


 2830      CBF5BCC0 
 2830      EEC76E40 
 2830      62C9A1C6 
 2830      28D4
 2831 069f 24DEBC57 		.ascii	"$\336\274W\244\250\252\311\377\275e\245\344\234j5\323"
 2831      A4A8AAC9 
 2831      FFBD65A5 
 2831      E49C6A35 
 2831      D3
 2832 06b0 1DE34C15 		.ascii	"\035\343L\0258\215\015\0254\273\012\315t\343\320h\024"
 2832      388D0D15 
 2832      34BB0ACD 
 2832      74E3D068 
 2832      14
 2833 06c1 0A09D326 		.ascii	"\012\011\323&\262\271\005\252\374\032N4\216X\014E)\212"
 2833      B2B905AA 
 2833      FC1A4E34 
 2833      8E580C45 
 2833      298A
 2834 06d3 3DD7C699 		.ascii	"=\327\306\231\036&\346\277\027\\\314\213p\252c\2650"
 2834      1E26E6BF 
 2834      175CCC8B 
 2834      70AA63B5 
 2834      30
 2835 06e4 78F23024 		.ascii	"x\3620$\202'\276nP\025\021\023\333:\265\006<\000\270"
 2835      8227BE6E 
 2835      50151113 
 2835      DB3AB506 
 2835      3C00B8
 2836 06f7 0F2C111C 		.ascii	"\017,\021\034v{IM\">\0041\267\247y\221\331\225\211\036"
 2836      767B494D 
 2836      223E0431 
 2836      B7A77991 
 2836      D995891E 
 2837 070b 4ED5C36A 		.ascii	"N\325\303j\221\245\306E\236GO=Q\001n\201\210\344G8\326"
 2837      91A5C645 
 2837      9E474F3D 
 2837      51016E81 
 2837      88E44738 
 2838 0720 566CD316 		.ascii	"Vl\323\026\350\345\026\311J\212\244\227\325$O\314\221"
 2838      E8E516C9 
 2838      4A8AA497 
 2838      D5244FCC 
 2838      91
 2839 0731 448617FC 		.ascii	"D\206\027\374\001z\020\275\341\036h\366\275\335\302"
 2839      017A10BD 
 2839      E11E68F6 
 2839      BDDDC2
 2840 0740 529A17E9 		.ascii	"R\232\027\351T\307\030\202\241\032\202Qn\010\206?\005"
 2840      54C71882 
 2840      A11A8251 
 2840      6E08863F 
 2840      05
 2841 0751 A3420B86 		.ascii	"\243B\013\206\217\233\235\274Khg\264\301\216\315`\247"
 2841      8F9B9DBC 
 2841      4B6867B4 
 2841      C18ECD60 
ARM GAS  C:\Users\angio\AppData\Local\Temp\ccZuRrZ2.s 			page 91


 2841      A7
 2842 0762 CA6C0753 		.ascii	"\312l\007S\314\355\3240'\364q\316\021\\\357(\370\323"
 2842      CCEDD430 
 2842      27F471CE 
 2842      115CEF28 
 2842      F8D3
 2843 0774 984C5FB7 		.ascii	"\230L_\267\250\234\334\201,\037\253\250\314Q\322U\220"
 2843      A89CDC81 
 2843      2C1FABA8 
 2843      CC51D255 
 2843      90
 2844 0785 51B98E51 		.ascii	"Q\271\216Q\251\201\012zT\260\210khQy\002/c]xl\311\034"
 2844      A9810A7A 
 2844      54B0886B 
 2844      68517902 
 2844      2F635D78 
 2845 079c 87FEFB64 		.ascii	"\207\376\373dl\237\204\341\360.\306}\233\242\372\271"
 2845      6C9F84E1 
 2845      F02EC67D 
 2845      9BA2FAB9 
 2846 07ac 95DBA9EB 		.ascii	"\225\333\251\3538\357\007bS\332s\317xq\367j\272UF\036"
 2846      38EF0762 
 2846      53DA73CF 
 2846      7871F76A 
 2846      BA55461E 
 2847 07c0 B9E76BE5 		.ascii	"\271\347k\345\336\\\263{~\250\240\025\003V\203t"
 2847      DE5CB37B 
 2847      7EA8A015 
 2847      03568374 
 2848 07d0 D24F77F2 		.ascii	"\322Ow\362\025l\006\276I\351\323pz\277-\337\315\302"
 2848      156C06BE 
 2848      49E9D370 
 2848      7ABF2DDF 
 2848      CDC2
 2849 07e2 69FDDD62 		.ascii	"i\375\335b\227G\261\373P\363\356V\226/\367\256\226["
 2849      9747B1FB 
 2849      50F3EE56 
 2849      962FF7AE 
 2849      965B
 2850 07f4 F0CED322 		.ascii	"\360\316\323\"jZy7\037\275St\357\220\355\217\012\302"
 2850      6A5A7937 
 2850      1FBD5374 
 2850      EF90ED8F 
 2850      0AC2
 2851 0806 3B95DD86 		.ascii	";\225\335\206\3045^(B\003\255\355k\354\333v/\264/\240"
 2851      C4355E28 
 2851      4203ADED 
 2851      6BECDB76 
 2851      2FB42FA0 
 2852 081a 03DD57DC 		.ascii	"\003\335W\334\275\350\317r\210\347\226\320\003X\244"
 2852      BDE8CF72 
 2852      88E796D0 
 2852      0358A4
 2853 0829 F02F1FAD 		.ascii	"\360/\037\255q\252m\337\270SW\313\376\242\350J\220\254"
 2853      71AA6DDF 
 2853      B85357CB 
 2853      FEA2E84A 
ARM GAS  C:\Users\angio\AppData\Local\Temp\ccZuRrZ2.s 			page 92


 2853      90AC
 2854 083b 3048926A 		.ascii	"0H\222j8\303V\213\031\000\257n\220\252\210 \275\212"
 2854      38C3568B 
 2854      1900AF6E 
 2854      90AA8820 
 2854      BD8A
 2855 084d 0DB26652 		.ascii	"\015\262fR\372=\354\234\037\372W~7\031\227\037`\\\376"
 2855      FA3DEC9C 
 2855      1FFA577E 
 2855      3719971F 
 2855      605CFE
 2856 0860 2D88FFE5 		.ascii	"-\210\377\3452\336h\3208F\"\255\354\302C\\[\224S}\205"
 2856      32DE68D0 
 2856      384622AD 
 2856      ECC2435C 
 2856      5B94537D 
 2857 0875 47AAB699 		.ascii	"G\252\266\231Z\204\324TA\315\276B\324\361N\365UN\015"
 2857      5A84D454 
 2857      41CDBE42 
 2857      D4F14EF5 
 2857      554E0D
 2858 0888 34531F22 		.ascii	"4S\037\"u\221\"\322P@\324\011\324\177\211Z\307-\376"
 2858      759122D2 
 2858      5040D409 
 2858      D47F895A 
 2858      C72DFE
 2859 089b 45541DB5 		.ascii	"ET\035\265\254\342\277\324\\\035\001\250 \253\003\333"
 2859      ACE2BFD4 
 2859      5C1D01A8 
 2859      20AB03DB 
 2860 08ab AE2C8F00 		.ascii	"\256,\217\000\275<^\303u\004\024\356\370\014}\254\355"
 2860      BD3C5EC3 
 2860      750414EE 
 2860      F80C7DAC 
 2860      ED
 2861 08bc D885EB9F 		.ascii	"\330\205\353\237\020\270s\027\325p]\267\342,>\022\014"
 2861      10B87317 
 2861      D5705DB7 
 2861      E22C3E12 
 2861      0C
 2862 08cd C5C8A86D 		.ascii	"\305\310\250m\345A\232\253\002\312\035\3471\335\201"
 2862      E5419AAB 
 2862      02CA1DE7 
 2862      31DD81
 2863 08dc A8401EF8 		.ascii	"\250@\036\370\201M\270\205\026\352\240XxU\213d\253\035"
 2863      814DB885 
 2863      16EAA058 
 2863      78558B64 
 2863      AB1D
 2864 08ee B7513811 		.ascii	"\267Q8\021\345B\250-\367\267\035\330&\353ZM\266\312"
 2864      E542A82D 
 2864      F7B71DD8 
 2864      26EB5A4D 
 2864      B6CA
 2865 0900 38D9299C 		.ascii	"8\331)\234\254\036*\210\311\274\265\243\010\015G\243"
 2865      AC1E2A88 
 2865      C9BCB5A3 
ARM GAS  C:\Users\angio\AppData\Local\Temp\ccZuRrZ2.s 			page 93


 2865      080D47A3 
 2866 0910 5C18AE62 		.ascii	"\\\030\256b\024\201+\207~\335\322\020\305$\263\201\227"
 2866      14812B87 
 2866      7EDDD210 
 2866      C524B381 
 2866      97
 2867 0921 D6E1EAB9 		.ascii	"\326\341\352\271\355\212[T\300\237T\357(\365\253\263"
 2867      ED8A5B54 
 2867      C09F54EF 
 2867      28F5ABB3 
 2868 0931 12B21C77 		.ascii	"\022\262\034w\013f:\325\372N\025\0039\221$\333\034\025"
 2868      0B663AD5 
 2868      FA4E1503 
 2868      399124DB 
 2868      1C15
 2869 0943 38E7243E 		.ascii	"8\347$>m}\261\220\273\313\320\265\006\206\205`Ky\231"
 2869      6D7DB190 
 2869      BBCBD0B5 
 2869      06868560 
 2869      4B7999
 2870 0956 1A9BB690 		.ascii	"\032\233\266\220\232\260\006\027B\025\212\336\345S\347"
 2870      9AB00617 
 2870      42158ADE 
 2870      E553E7
 2871 0965 45F5069A 		.ascii	"E\365\006\232_\015\0143\002\231\333\330\317\2516\264"
 2871      5F0D0C33 
 2871      0299DBD8 
 2871      CFA936B4 
 2872 0975 32E64463 		.ascii	"2\346Dc6a\254\340\320~\205[k\250Yk\350\326\231\036\320"
 2872      3661ACE0 
 2872      D07E855B 
 2872      6BA8596B 
 2872      E8D6991E 
 2873 098a 2A3FAEBE 		.ascii	"*?\256\276\312Fn\271\177D\271hd\225\213u\306\\P\330"
 2873      CA466EB9 
 2873      7F44B968 
 2873      64958B75 
 2873      C65C50D8 
 2874 099e F1946A24 		.ascii	"\361\224j$r\321D\034[\273\266b\324?\022Q\227\347Jc7"
 2874      72D1441C 
 2874      5BBBB662 
 2874      D43F1251 
 2874      97E74A63 
 2875 09b3 7F4AC99F 		.ascii	"\177J\311\237Y\325\375ibdq[\277\032l\311C\276\251\333"
 2875      59D5FD69 
 2875      6264715B 
 2875      BF1A6CC9 
 2875      43BEA9DB 
 2876 09c7 8629A70D 		.ascii	"\206)\247\015\325\330\312\353\215\306\206u\033\331M"
 2876      D5D8CAEB 
 2876      8DC68675 
 2876      1BD94D
 2877 09d6 50416E18 		.ascii	"PAn\030o1\327\004\224\272N\302fn\036W,\303\330\304B"
 2877      6F31D704 
 2877      94BA4EC2 
 2877      666E1E57 
 2877      2CC3D8C4 
ARM GAS  C:\Users\angio\AppData\Local\Temp\ccZuRrZ2.s 			page 94


 2878 09eb A6C23F6F 		.ascii	"\246\302?on\376\374R%~\034#\\\255\315)-\334\302{\370"
 2878      6EFEFC52 
 2878      257E1C23 
 2878      5CADCD29 
 2878      2DDCC27B 
 2879 0a00 024EDDD4 		.ascii	"\002N\335\324\312\321\315FG\013\220\215\367\266\246"
 2879      CAD1CD46 
 2879      470B908D 
 2879      F7B6A6
 2880 0a0f 30CF75E3 		.ascii	"0\317u\343i\246o\351w12MN\357\303\216\037\333l\313\201"
 2880      69A66FE9 
 2880      7731324D 
 2880      4EEFC38E 
 2880      1FDB6CCB 
 2881 0a24 AF301531 		.ascii	"\2570\0251\315/\034\240=\035\344V\275y%\375\235\352"
 2881      CD2F1CA0 
 2881      3D1DE456 
 2881      BD7925FD 
 2881      9DEA
 2882 0a36 645E22EF 		.ascii	"d^\"\357\212\230\035I\303bmnU_[\321\025\017Y\254\023"
 2882      8A981D49 
 2882      C3626D6E 
 2882      555F5BD1 
 2882      150F59AC 
 2883 0a4b B87A732D 		.ascii	"\270zs-8-\335\212\265\207Smael;\032\363\224\305\272"
 2883      382DDD8A 
 2883      B587536D 
 2883      61656C3B 
 2883      1AF394C5 
 2884 0a60 53E1D65A 		.ascii	"S\341\326Zh\326Z\271\205:\307\201\261\234R\2758Z\273"
 2884      68D65AB9 
 2884      853AC781 
 2884      B19C52BD 
 2884      385ABB
 2885 0a73 A5FD6431 		.ascii	"\245\375d1.!\310*\232\337U;\247\320fKT\320\373\244*"
 2885      2E21C82A 
 2885      9ADF553B 
 2885      A7D0664B 
 2885      54D0FBA4 
 2886 0a88 F6311D8A 		.ascii	"\3661\035\212\255\360#:VxU_\307\232k\2152Q\325\365\\"
 2886      ADF0233A 
 2886      5678555F 
 2886      C79A6B8D 
 2886      3251D5F5 
 2887 0a9d AD2B0EE5 		.ascii	"\255+\016\345\2025g\357\212SxWkc5\371.s*\203QAN~\220"
 2887      823567EF 
 2887      8A537857 
 2887      6B6335F9 
 2887      2E732A83 
 2888 0ab6 E9190DD6 		.ascii	"\351\031\015\3263\372:^\330[d\244?\364\346w\373\311"
 2888      33FA3A5E 
 2888      D85B64A4 
 2888      3FF4E677 
 2888      FBC9
 2889 0ac8 2D337EAC 		.ascii	"-3~\254\360\306V\214\213o\343\226\321|<\226\246\362"
 2889      F0C6568C 
 2889      8B6FE396 
ARM GAS  C:\Users\angio\AppData\Local\Temp\ccZuRrZ2.s 			page 95


 2889      D17C3C96 
 2889      A6F2
 2890 0ada 84C68968 		.ascii	"\204\306\211h\234\246\204\266\265\312\301nt\310\313"
 2890      9CA684B6 
 2890      B5CAC16E 
 2890      74C8CB
 2891 0ae9 9050546F 		.ascii	"\220PTo\253\245 \370i\011\015\2612\266\027\215y\033"
 2891      ABA520F8 
 2891      69090DB1 
 2891      32B6178D 
 2891      791B
 2892 0afb 138AD642 		.ascii	"\023\212\326B4km\335\022\232G\011\235V=\241!n\011=O"
 2892      346B6DDD 
 2892      129A4709 
 2892      9D563DA1 
 2892      216E093D 
 2893 0b10 096D6715 		.ascii	"\011mg\025\323\375\346\204\266G\005=\241]\\\011\355"
 2893      D3FDE684 
 2893      B647053D 
 2893      A15D5C09 
 2893      ED
 2894 0b21 801F554B 		.ascii	"\200\037UKhG\224\211\2046r%t:\312\365\204^\300\204v"
 2894      68479489 
 2894      84367225 
 2894      743ACAF5 
 2894      845EC084 
 2895 0b36 B29AFC07 		.ascii	"\262\232\374\007sB;\243\002,s\355\315\316z&\337\304"
 2895      73423BA3 
 2895      022C73ED 
 2895      CDCE7A26 
 2895      DFC4
 2896 0b48 6F5BAD33 		.ascii	"o[\2553\322o\373\360LN\015\336\177Vf\262\235[&ob*f\360"
 2896      D26FFBF0 
 2896      4C4E0DDE 
 2896      7F5666B2 
 2896      9D5B266F 
 2897 0b60 4C4E1761 		.ascii	"LN\027a\270H\231\014\265\012\376a\364\304\307\220IT"
 2897      B848990C 
 2897      B50AFE61 
 2897      F4C4C790 
 2897      4954
 2898 0b72 0FD562DF 		.ascii	"\017\325b\337\376i\231\014\2632\226\203\306j\0303\211"
 2898      FE69990C 
 2898      B3329683 
 2898      C66A1833 
 2898      89
 2899 0b83 D6C2346B 		.ascii	"\326\3024k\035\3342y\20529\263z&;\2725\272\242b\361"
 2899      1DDC3279 
 2899      853239B3 
 2899      7A263BBA 
 2899      35BAA262 
 2900 0b98 FDB48B55 		.ascii	"\375\264\213U<sqb_\031\317S\030\317pT\240\373\332m\230"
 2900      3C737162 
 2900      5F19CF53 
 2900      18CF7054 
 2900      A0FBDA6D 
 2901 0bad 4B37C870 		.ascii	"K7\310py\277\273\264\330\362\006y\334p\203<`A\205\225"
ARM GAS  C:\Users\angio\AppData\Local\Temp\ccZuRrZ2.s 			page 96


 2901      79BFBBB4 
 2901      D8F20679 
 2901      DC70833C 
 2901      60418595 
 2902 0bc1 78153C69 		.ascii	"x\025<i\2707\036\267\"\323%\363\264\201|\312\212L\227"
 2902      B8371EB7 
 2902      22D325F3 
 2902      B4817CCA 
 2902      8A4C97
 2903 0bd4 CC33DA25 		.ascii	"\3143\332%\363\015\334\305u2\350&\376z\210\215!\266"
 2903      F30DDCC5 
 2903      7532E826 
 2903      FE7A888D 
 2903      21B6
 2904 0be6 47E15B58 		.ascii	"G\341[X\020uv\207\360\240\274\311\305o\222x\030~\021"
 2904      10757687 
 2904      F0A0BCC9 
 2904      C56F9278 
 2904      187E11
 2905 0bf9 AFB3B223 		.ascii	"\257\263\262#\027\277\037B\261o_x^\226J'cX\351\022Y"
 2905      17BF1F42 
 2905      B16F5F78 
 2905      5E964A27 
 2905      6358E912 
 2906 0c0e F533D513 		.ascii	"\3653\325\023-\201_9\257\345`\314>\227\267\323\316f"
 2906      2D815F39 
 2906      AFE560CC 
 2906      3E97B7D3 
 2906      CE66
 2907 0c20 F6B27CA0 		.ascii	"\366\262|\240\005\360\213\354u\242~&o\247\241f\352*"
 2907      05F08BEC 
 2907      75A27E26 
 2907      6FA7A166 
 2907      EA2A
 2908 0c32 A49ED1AC 		.ascii	"\244\236\321\254\376F\324O\235\3520N\0153S\267#\365"
 2908      FE46D44F 
 2908      9DEA304E 
 2908      0D3353B7 
 2908      23F5
 2909 0c44 B87691BD 		.ascii	"\270v\221\275E\324\331\362\"\333\305\255\012\356\354"
 2909      45D4D9F2 
 2909      22DBC5AD 
 2909      0AEEEC
 2910 0c53 C45A89B0 		.ascii	"\304Z\211\260\252\275\237\260\004\374d\355\341\205\365"
 2910      AABD9FB0 
 2910      04FC64ED 
 2910      E185F5
 2911 0c62 6DE48B28 		.ascii	"m\344\213(\342\333\347\235\222.\3431\361Y\347\235\024"
 2911      E2DBE79D 
 2911      922EE331 
 2911      F159E79D 
 2911      14
 2912 0c73 9E4F438B 		.ascii	"\236OC\213\3511;,-\237\202\023\356v\376\336\301\375"
 2912      E9313B2C 
 2912      2D9F8213 
 2912      EE76FEDE 
 2912      C1FD
ARM GAS  C:\Users\angio\AppData\Local\Temp\ccZuRrZ2.s 			page 97


 2913 0c85 BB16AA57 		.ascii	"\273\026\252Wf\204[\217y\360\010+\253\253UY\236s\225"
 2913      66845B8F 
 2913      79F0082B 
 2913      ABAB5559 
 2913      9E7395
 2914 0c98 65B9A302 		.ascii	"e\271\243\002\331\335P\001\226+\372\265\266;\212`\005"
 2914      D9DD5001 
 2914      962BFAB5 
 2914      B63B8A60 
 2914      05
 2915 0ca9 8FC1998D 		.ascii	"\217\301\231\215x>Gj\337Q\374]?\032\370oP\231\376\375"
 2915      783E476A 
 2915      DF51FC5D 
 2915      3F1AF86F 
 2915      5099FEFD 
 2916 0cbd B6165C54 		.ascii	"\266\026\\T\340\202\302\"\344\014\2270\321\335\231\230"
 2916      E082C222 
 2916      E40C9730 
 2916      D1DD9998 
 2917 0ccd 22CB7104 		.ascii	"\"\313q\004M\332\201\257=R\273\205Q\037\354a\345\343"
 2917      4DDA81AF 
 2917      3D52BB85 
 2917      511FEC61 
 2917      E5E3
 2918 0cdf CF661F7B 		.ascii	"\317f\037{\242\002\244\273|\354\205\"\321\027\275\270"
 2918      A202A4BB 
 2918      7CEC8522 
 2918      D117BDB8 
 2919 0cef 9F379A3A 		.ascii	"\2377\232:\325\336\006\357\300\340]Au\357\012\321\273"
 2919      D5DE06EF 
 2919      C0E05D41 
 2919      75EF0AD1 
 2919      BB
 2920 0d00 5EBA77A7 		.ascii	"^\272w\247\320X\274\346ao\021\302G;1\355}\254\334\373"
 2920      D058BCE6 
 2920      616F11C2 
 2920      473B31ED 
 2920      7DACDCFB 
 2921 0d14 C5B8B31F 		.ascii	"\305\270\263\037\242\275\276\250\240\265i\177q7\307"
 2921      A2BDBEA8 
 2921      A0B5697F 
 2921      7137C7
 2922 0d23 64F7D56E 		.ascii	"d\367\325n\353\362j\336\325\224\254\264\354\322b\234"
 2922      EBF26ADE 
 2922      D594ACB4 
 2922      ECD2629C 
 2923 0d33 29817BC0 		.ascii	")\201{\300\031\335L\315s\233\343D\214S\235\303\011\264"
 2923      19DD4CCD 
 2923      739BE344 
 2923      8C539DC3 
 2923      09B4
 2924 0d45 6189D3DD 		.ascii	"a\211\323\335-\345\225\024\316~V\376^3\207\023oK\375"
 2924      2DE59514 
 2924      CE7E56FE 
 2924      5E338713 
 2924      6F4BFD
 2925 0d58 C469E1AB 		.ascii	"\304i\341\253\207t\000\212\341\212\242\207s\3403\302"
ARM GAS  C:\Users\angio\AppData\Local\Temp\ccZuRrZ2.s 			page 98


 2925      8774008A 
 2925      E18AA287 
 2925      73E033C2 
 2926 0d68 F95BF570 		.ascii	"\371[\365p\226\340\362\007T\013g\242\026\316\201\"\333"
 2926      96E0F207 
 2926      540B67A2 
 2926      16CE8122 
 2926      DB
 2927 0d79 5514CEE7 		.ascii	"U\024\316\347,\177u3\207\363yT\200\253\212\036\311\347"
 2927      2C7F7533 
 2927      87F37954 
 2927      80AB8A1E 
 2927      C9E7
 2928 0d8b B5480E10 		.ascii	"\265H\016\020{g8\005\255\353\235\202Y\024\233niE\264"
 2928      7B673805 
 2928      ADEB9D82 
 2928      59149B6E 
 2928      6945B4
 2929 0d9e 5F22CDC1 		.ascii	"_\"\315\301\275\\\205\373\305\301\335\341q\353\341\026"
 2929      BD5C85FB 
 2929      C5C1DDE1 
 2929      71EBE116 
 2930 0dae DBB3F88D 		.ascii	"\333\263\370\215g.'\310\330\3664\307v\305Q\014\326 "
 2930      672E27C8 
 2930      D8F634C7 
 2930      76C5510C 
 2930      D620
 2931 0dc0 2BDF6F9B 		.ascii	"+\337o\233\233\374\013\250\240\237\330\217\0316\373"
 2931      9BFC0BA8 
 2931      A09FD88F 
 2931      1936FB
 2932 0dcf 9576BC3B 		.ascii	"\225v\274;\274 \373\354\201d\313f\377\207\241\331'["
 2932      BC20FBEC 
 2932      8164CB66 
 2932      FF87A1D9 
 2932      275B
 2933 0de1 50E92886 		.ascii	"P\351(\206?\015\375{\245\025\031\017qx` \247\273\223"
 2933      3F0DFD7B 
 2933      A515190F 
 2933      71786020 
 2933      A7BB93
 2934 0df4 F51F2270 		.ascii	"\365\037\"p\346\206.\315R\324|d\320\334`\255\031\344"
 2934      E6862ECD 
 2934      52D47C64 
 2934      D0DC60AD 
 2934      19E4
 2935 0e06 D27C829A 		.ascii	"\322|\202\232e\006\315M\326\232\355\\\232\025\250Yn"
 2935      6506CD4D 
 2935      D69AED5C 
 2935      9A15A859 
 2935      6E
 2936 0e17 D0DC62B5 		.ascii	"\320\334b\265\264\203H\2562\220\263\255\247\351\351"
 2936      B48348AE 
 2936      3290B3AD 
 2936      A7E9E9
 2937 0e26 D29CA332 		.ascii	"\322\234\2432\210W]\232{\2555\017\032&\235\213\252\211"
 2937      88575D9A 
ARM GAS  C:\Users\angio\AppData\Local\Temp\ccZuRrZ2.s 			page 99


 2937      7BAD350F 
 2937      1A269D8B 
 2937      AA89
 2938 0e38 AAA8C611 		.ascii	"\252\250\306\021Tf\221\225E\263\250\232z\254\277G\325"
 2938      54669195 
 2938      45B3A89A 
 2938      7AACBF47 
 2938      D5
 2939 0e49 D8CB7CAC 		.ascii	"\330\313|\254d\026\002e\213_1N\036\3052I\002y\256\364"
 2939      64160265 
 2939      8B5F314E 
 2939      1EC53249 
 2939      0279AEF4 
 2940 0e5d 36737720 		.ascii	"6sw \367\201v\260\235\"\356b\352\236\234\333\307\314"
 2940      F78176B0 
 2940      9D22EE62 
 2940      EA9E9CDB 
 2940      C7CC
 2941 0e6f DD83DC47 		.ascii	"\335\203\334G\332\311\226G\334E \017\314\276f\356\217"
 2941      DAC99647 
 2941      DC45200F 
 2941      CCBE66EE 
 2941      8F
 2942 0e80 C82DD3EC 		.ascii	"\310-\323\354\236#\356B\220'f?3\367\"r\3135\273\027"
 2942      9E23EE42 
 2942      9027663F 
 2942      33F72272 
 2942      CB35BB17 
 2943 0e94 88BB00E4 		.ascii	"\210\273\000\344\221\331\337\314-@n\225vd^$\356|\320"
 2943      91D9DFCC 
 2943      2D406E95 
 2943      76645E24 
 2943      EE7CD0
 2944 0ea7 7E837B22 		.ascii	"~\203{\"V8\300\254q\0375\342U\021\215\002\322\370Bj"
 2944      5638C0AC 
 2944      711F35E2 
 2944      55118D02 
 2944      D2F8426A 
 2945 0ebb D8C5461C 		.ascii	"\330\305F\034h\326(C\215D\241\361\270\2204\346I\215"
 2945      68D62843 
 2945      8D44A1F1 
 2945      B89034E6 
 2945      498D
 2946 0ecd 4BF7EA73 		.ascii	"K\367\352s\225\347\334n\023\250\362\207\026\362k\244"
 2946      95E7DC6E 
 2946      13A8F287 
 2946      16F26BA4 
 2947 0edd 92AC87FC 		.ascii	"\222\254\207\374y\267\243\374z)\036\345\203\2556\372"
 2947      79B7A3FC 
 2947      7A291EE5 
 2947      83AD36FA 
 2948 0eed 02D5D043 		.ascii	"\002\325\320C\351G\232\027QA\364\320\246z\017\035\202"
 2948      E9479A17 
 2948      5141F4D0 
 2948      A67A0F1D 
 2948      82
 2949 0efe 62D14313 		.ascii	"b\321C\023\2368\316\243 \005\004\205>\023\267\200\255"
ARM GAS  C:\Users\angio\AppData\Local\Temp\ccZuRrZ2.s 			page 100


 2949      9E38CEA3 
 2949      20050485 
 2949      3E13B780 
 2949      AD
 2950 0f0f FB3DA5D8 		.ascii	"\373=\245\330\006\001\242\204\336\241z\350\225t\177"
 2950      0601A284 
 2950      DEA17AE8 
 2950      95747F
 2951 0f1e 32E5BAF7 		.ascii	"2\345\272\367\316\373@y\354SL\317\205\3207\355!P\374"
 2951      CEFB4079 
 2951      EC534CCF 
 2951      85D037ED 
 2951      2150FC
 2952 0f31 FBE5D073 		.ascii	"\373\345\320s>\364\177D\317/`\300\372R\2408\014\274"
 2952      3EF47F44 
 2952      CF2F60C0 
 2952      FA52A038 
 2952      0CBC
 2953 0f43 40CF6478 		.ascii	"@\317dx\316QF\2457\310|qXN\307\303\032\323\305\341\005"
 2953      CE5146A5 
 2953      37C87C71 
 2953      584EC7C3 
 2953      1AD3C5E1 
 2954 0f58 5337CC72 		.ascii	"S7\314r\224\226\343= \025-\275C\356\211\223\345\326"
 2954      9496E33D 
 2954      20152DBD 
 2954      43EE8993 
 2954      E5D6
 2955 0f6a 7F302A43 		.ascii	"\1770*C\255\242\222\214Q\251\251\177g@\355%\370\337"
 2955      ADA2928C 
 2955      51A9A97F 
 2955      6740ED25 
 2955      F8DF
 2956 0f7c 50BA3DF0 		.ascii	"P\272=\360\305\336\244\305.\321\026+\177\344\037l\366"
 2956      C5DEA4C5 
 2956      2ED1162B 
 2956      7FE41F6C 
 2956      F6
 2957 0f8d F0F16D4A 		.ascii	"\360\361mJO\246\311\305\027M\2643ewv\3718\325\227"
 2957      4FA6C9C5 
 2957      174DB433 
 2957      657776F9 
 2957      38D597
 2958 0fa0 A43B2575 		.ascii	"\244;%u]\027.\224i.\005\340d\351\252?\343\007TI0]\302"
 2958      5D172E94 
 2958      692E05E0 
 2958      64E9AA3F 
 2958      E3075449 
 2959 0fb7 96AAE403 		.ascii	"\226\252\344\0033\\\303\350tzI\363f\210\331\233\254"
 2959      335CC3E8 
 2959      747A49F3 
 2959      6688D99B 
 2959      AC
 2960 0fc8 BBE44D86 		.ascii	"\273\344M\206\311\233\241n\207\367\303\337\274\264\366"
 2960      C99BA16E 
 2960      87F7C3DF 
 2960      BCB4F6
ARM GAS  C:\Users\angio\AppData\Local\Temp\ccZuRrZ2.s 			page 101


 2961 0fd7 E007B251 		.ascii	"\340\007\262Q\324\326\256H\012\276nP=\304\251\211-%"
 2961      D4D6AE48 
 2961      0ABE6E50 
 2961      3DC4A989 
 2961      2D25
 2962 0fe9 10FE4785 		.ascii	"\020\376G\2054\225E\220\337\265\250n\227\253\260\214"
 2962      34954590 
 2962      DFB5A86E 
 2962      97ABB08C 
 2963 0ff9 1A08ED6C 		.ascii	"\032\010\355l\276#\205"
 2963      BE2385
 2964 1000 B9A7A9AE 		.ascii	"\271\247\251\2564\251\256Ra\261P}Cx\362\310\340\211"
 2964      34A9AE52 
 2964      61B1507D 
 2964      4378F2C8 
 2964      E089
 2965 1012 F20C2319 		.ascii	"\362\014#\031&#\231\252\370g\023\247\372\226\230\337"
 2965      262399AA 
 2965      F86713A7 
 2965      FA9698DF 
 2966 1022 68447D86 		.ascii	"hD}\206\021\247\311\310\227*\254\025F\206i\027\232g"
 2966      11A7C9C8 
 2966      972AAC15 
 2966      46866917 
 2966      9A67
 2967 1034 2EE22B93 		.ascii	".\342+\223\352z\225\256\234\244j\027\361,+58\340\361"
 2967      EA7A95AE 
 2967      9CA46A17 
 2967      F12C2B35 
 2967      38E0F1
 2968 1047 0C2B1B4D 		.ascii	"\014+\033MV\276Va\203p ^\313J\271\301\212\3473\254l"
 2968      56BE5661 
 2968      8370205E 
 2968      CB4AB9C1 
 2968      8AE733AC 
 2969 105c 3659D9A2 		.ascii	"6Y\331\242\3027\302\312p\341\212\321\310\263\026\264"
 2969      C237C2CA 
 2969      70E18AD1 
 2969      C8B316B4 
 2970 106c DD64E45B 		.ascii	"\335d\344[\025\266\011#\211\232+\025\317\014\306\177"
 2970      15B60923 
 2970      899A2B15 
 2970      CF0CC67F 
 2971 107c 4DBA3B54 		.ascii	"M\272;T\272\333\222\356\010\341@\205\301\001\237g\030"
 2971      BADB92EE 
 2971      08E14085 
 2971      C1019F67 
 2971      18
 2972 108d C93219C9 		.ascii	"\3112\031\311Va\227p U\333V\225\377\301BN\007\361\257"
 2972      56619770 
 2972      2055DB56 
 2972      95FFC142 
 2972      4E07F1AF 
 2973 10a1 83A2DA5F 		.ascii	"\203\242\332_2u\311\201\214n\032\177Tn\265\007A\265"
 2973      3275C981 
 2973      8C6E1A7F 
 2973      546EB507 
ARM GAS  C:\Users\angio\AppData\Local\Temp\ccZuRrZ2.s 			page 102


 2973      41B5
 2974 10b3 938FFD09 		.ascii	"\223\217\375\011x\021{\217\267\247\367\234\3528[Rf\231"
 2974      78117B8F 
 2974      B7A7F79C 
 2974      EA385B52 
 2974      6699
 2975 10c5 F8DD6654 		.ascii	"\370\335fT\215\302\355\330\250>\251\227\261\247\314"
 2975      8DC2EDD8 
 2975      A83EA997 
 2975      B1A7CC
 2976 10d4 9BFF92FE 		.ascii	"\233\377\222\376qC\307>|\314j\\L\217)\255\350\177|t"
 2976      7143C73E 
 2976      7CCC6A5C 
 2976      4C8F29AD 
 2976      E87F7C74 
 2977 10e8 AAD3DA16 		.ascii	"\252\323\332\026\237\305\307\314\016\216\213@\337\\"
 2977      9FC5C7CC 
 2977      0E8E8B40 
 2977      DF5C
 2978 10f6 C20BF3EF 		.ascii	"\302\013\363\357\011\013k`PN\031\320\216\037\274\363"
 2978      090B6B60 
 2978      504E19D0 
 2978      8E1FBCF3 
 2979 1106 2FA0BD36 		.ascii	"/\240\2756\244\230\236\3510\264\260*\212%\253\340\362"
 2979      A4989EE9 
 2979      30B4B02A 
 2979      8A25ABE0 
 2979      F2
 2980 1117 925C891C 		.ascii	"\222\\\211\034\324{\344\240\361Q\243\243\336\236:ml"
 2980      D47BE4A0 
 2980      F151A3A3 
 2980      DE9E3A6D 
 2980      6C
 2981 1128 54CCC819 		.ascii	"T\314\310\0311S&\306\305\216\0323\356\237\323\342\306"
 2981      315326C6 
 2981      C58E1A33 
 2981      EE9FD3E2 
 2981      C6
 2982 1139 4D19396C 		.ascii	"M\0319lx\347\267\207\277\3265bH\267\036\335\206\015"
 2982      78E7B787 
 2982      BFD63562 
 2982      48B71EDD 
 2982      860D
 2983 114b EEFCFA88 		.ascii	"\356\374\372\210A\257\016~#\262\033\353\025\032\032"
 2983      41AF0E7E 
 2983      23B21BEB 
 2983      151A1A
 2984 115a 867FC790 		.ascii	"\206\177\307\220fL\\DxxxXL\\\330\370Q\321a\2611S\246"
 2984      664C5C44 
 2984      78787858 
 2984      4C5CD8F8 
 2984      51D161B1 
 2985 1171 C68571A5 		.ascii	"\306\205q\2450Mu\346L\372\344\237\321\321cC\3070u\314"
 2985      304D75E6 
 2985      4CFAE49F 
 2985      D1D16343 
 2985      C73075CC 
ARM GAS  C:\Users\angio\AppData\Local\Temp\ccZuRrZ2.s 			page 103


 2986 1185 98D83AFA 		.ascii	"\230\330:\3720tt\227\310\310\310\360.\341\314\353\203"
 2986      30747497 
 2986      C8C8C8F0 
 2986      2EE1CCEB 
 2986      83
 2987 1196 E85171E3 		.ascii	"\350Qq\343g\304yN\032\02336j:=\306DO\364\216E\210\230"
 2987      67C4794E 
 2987      1A133336 
 2987      6A3A3DC6 
 2987      444FF48E 
 2988 11ad 1A3589BF 		.ascii	"\0325\211\277\204\343\213\007\227p\014\267\215G\364"
 2988      84E38B07 
 2988      97700CB7 
 2988      8D47F4
 2989 11bc 8C9B1587 		.ascii	"\214\233\025\207\017\257\330\350\350)\332s\262\366$"
 2989      0FAFD8E8 
 2989      E829DA73 
 2989      B2F624
 2990 11cb 920F3EE3 		.ascii	"\222\017>\343\306E\023q|\334829>.*<\022_\324\270\350"
 2990      C6451371 
 2990      7CDC3832 
 2990      393E2E2A 
 2990      3C125FD4 
 2991 11e1 58FA743A 		.ascii	"X\372t:\237\211\353\343\304\\_{\306j\317\217\264\347"
 2991      9F89EBE3 
 2991      C45C5F7B 
 2991      C66ACF8F 
 2991      B4E7
 2992 11f3 247CFE1F 		.ascii	"$|\376\037wz\365m"
 2992      777AF56D 
 2993              		.text
 2994              		.section	.gnu.lto_hal_lld_clock_raw_switch.415.1f2b796a,"e",%progbits
 2995 0000 789C7D57 		.ascii	"x\234}Wyl\224U\020\377\346\275=\333\355n\267\335\336"
 2995      796C9455 
 2995      10FFE6BD 
 2995      3DDBED6E 
 2995      B7DDDE
 2996 0013 5CE5BEDA 		.ascii	"\\\345\276\332miYn\242!\350?x\004\320\004C\202P0\020"
 2996      6D69596E 
 2996      A221E83F 
 2996      7804D004 
 2996      43825030 
 2997 0028 89251402 		.ascii	"\211%\024\002\377\361\225\026\252\015\221\266\020\262"
 2997      FFF19516 
 2997      AA0D91B6 
 2997      10B2
 2998 0036 CB51E1B3 		.ascii	"\313Q\341\263\232\"\")\215Z\240\006\002\242\376!GD\004"
 2998      9A222229 
 2998      8D5AA006 
 2998      02A2FE21 
 2998      474404
 2999 0049 8C087296 		.ascii	"\214\010r\226H\265VK\000\301:\363\275\357\334\015\273"
 2999      48B5564B 
 2999      00C13AF3 
 2999      BDEFDC0D 
 2999      BB
 3000 005a 21C3BC79 		.ascii	"!\303\274ys\374\346\315\314{_\213\374\222T/I\322p\206"
ARM GAS  C:\Users\angio\AppData\Local\Temp\ccZuRrZ2.s 			page 104


 3000      73FCE6CD 
 3000      CC7B5F8B 
 3000      FC92542F 
 3000      49D27086 
 3001 006e 6480044D 		.ascii	"d\200\004M\215\365L\352\357\357\337\340`\260\255\261"
 3001      8DF54CEA 
 3001      EFEFDFE0 
 3001      60B0ADB1 
 3002 007e FE5CFD87 		.ascii	"\376\\\375\207/\300\021P\005\234\3254\246\252\\m\243"
 3002      2FC01150 
 3002      059CD534 
 3002      A6AA5C6D 
 3002      A3
 3003 008f 5FFDDFC1 		.ascii	"_\375\337\3016i\222h\303\015\241\344\204\035\215\365"
 3003      36699268 
 3003      C30DA1E4 
 3003      841D8DF5 
 3004 009f 97B6DC74 		.ascii	"\227\266\334t\251+\027\333\254)\324i&n\2106)\205\"\202"
 3004      A92B17DB 
 3004      AC29D469 
 3004      266E8836 
 3004      29852282 
 3005 00b3 87C51A0E 		.ascii	"\207\305\032\016\027\352\356w\352.\274\260\323PIa\273"
 3005      17EAEE77 
 3005      EA2EBCB0 
 3005      D3504961 
 3005      BB
 3006 00c4 2C2ABB75 		.ascii	",*\273u\225T\330m\250\370`O\223\"\304i\254\331\242\335"
 3006      9554D86D 
 3006      A8F8604F 
 3006      9322C469 
 3006      ACD9A2DD 
 3007 00d8 AA6BFBD9 		.ascii	"\252k\373\331\007\015\207\343d\001\262\372\353I\333"
 3007      070D87E3 
 3007      6401B2FA 
 3007      EB49DB
 3008 00e7 9BEA2A1D 		.ascii	"\233\352*\035\366\343\252\277-\244\256\202\354\023]"
 3008      F6E3AABF 
 3008      2DA4AE82 
 3008      EC135D
 3009 00f6 FF535D3F 		.ascii	"\377S]?\003\016\240\306\376\366\225\352*\223\035\320"
 3009      030EA0C6 
 3009      FEF695EA 
 3009      2A931DD0 
 3010 0106 353ED335 		.ascii	"5>\3235Bp\260Ii\353(S\027Y\354`\202B6\034B\027\307\333"
 3010      4270B049 
 3010      69EB2853 
 3010      1759EC60 
 3010      8242361C 
 3011 011e 97AAAB1C 		.ascii	"\227\252\253\034vH\327\350\3205r\331\021]vT\227\345"
 3011      7648D7E8 
 3011      D03572D9 
 3011      115D7654 
 3011      97E5
 3012 0130 C15123D5 		.ascii	"\301Q#\325|8\206\036.\267wy\364\034\013\240\332\241"
 3012      7C38861E 
 3012      2EB77779 
ARM GAS  C:\Users\angio\AppData\Local\Temp\ccZuRrZ2.s 			page 105


 3012      F41C0BA0 
 3012      DAA1
 3013 0142 32206D60 		.ascii	"2 m`\334\341t\271=\336\224T_\232?\220\036\314\310\014"
 3013      DCE174B9 
 3013      3DDE9454 
 3013      5F9A3F90 
 3013      1ECCC80C 
 3014 0156 6565E7E4 		.ascii	"ee\347\344\346\345\027\300\0067\227\314\237\313\302"
 3014      E6E517C0 
 3014      063797CC 
 3014      9FCBC2
 3015 0165 A759F82C 		.ascii	"\247Y\370,\013\237i\341s,\3746>\346\204,?\374\250yg"
 3015      0B9F69E1 
 3015      732CFC36 
 3015      3EE6842C 
 3015      3FFCA879 
 3016 017a 5BF9BE9A 		.ascii	"[\371\276\232M\271-\350\270\231KP\006%\264\275\233C"
 3016      4DB92DE8 
 3016      B8994B50 
 3016      0625B4BD 
 3016      9B43
 3017 018c 136FE100 		.ascii	"\023o\341\000\016\215c0\0049^%\215B\263\363\217:d\331"
 3017      0E8D6330 
 3017      04395E25 
 3017      8D42B3F3 
 3017      8F3A64D9 
 3018 01a0 2BB5700E 		.ascii	"+\265p\016_\002Y}\001\3609H$X\327\226\256\002kV\201"
 3018      5F02597D 
 3018      01F03948 
 3018      2458D796 
 3018      AE026B56 
 3019 01b5 A20C469C 		.ascii	"\242\014F\234\330$\367`\256\347\237\257\336,C\\\034"
 3019      D824F760 
 3019      AEE79FAF 
 3019      DE2C435C 
 3019      1C
 3020 01c6 E9D00FCE 		.ascii	"\351\320\017\316\023\362\223\376\255\262|\351=\370\355"
 3020      13F293FE 
 3020      ADB27CE9 
 3020      3DF8ED
 3021 01d5 DCDDB3C1 		.ascii	"\334\335\263\3017\000\3758\030\021\216\304\351 \342"
 3021      3700FD38 
 3021      18118EC4 
 3021      E920E2
 3022 01e4 44E27211 		.ascii	"D\342r\021\347&\342\241%\001p\245\020I%\231\217H\032"
 3022      E726E2A1 
 3022      250170A5 
 3022      10492599 
 3022      8F481A
 3023 01f7 99F9890B 		.ascii	"\231\371\211\013\020I'\022$\222Az\231\304\205\210d\321"
 3023      10492712 
 3023      2492417A 
 3023      99C48588 
 3023      64D1
 3024 0209 329BB81C 		.ascii	"2\233\270\034\"\271D\362\220H\371\264Q@\313\001D\006"
 3024      22B944F2 
 3024      9048F9B4 
ARM GAS  C:\Users\angio\AppData\Local\Temp\ccZuRrZ2.s 			page 106


 3024      5140CB01 
 3024      4406
 3025 021b 12194464 		.ascii	"\022\031Dd0m\014!\256\220\310P\0124\214\270\341\304"
 3025      306D0C21 
 3025      AE90C850 
 3025      0A348CB8 
 3025      E1C4
 3026 022d 8D206E24 		.ascii	"\215 n$q\243\210\033Md\014\221\261$\033G\334x\"E\264"
 3026      71A3881B 
 3026      4D640C91 
 3026      B1241B47 
 3026      DC782245 
 3027 0242 2C262E4C 		.ascii	",&.L\244\204\234\226\0227\201H\031\221r\"\023i#B\334"
 3027      A4849C96 
 3027      12378148 
 3027      19917222 
 3027      13692342 
 3028 0257 24E22613 		.ascii	"$\342&\0237\205\310T\"\323\210L'2\203\310L\"s\000:`"
 3028      3785C854 
 3028      22D3884C 
 3028      273283C8 
 3028      4C227300 
 3029 026d 01A52049 		.ascii	"\001\245 I[9\365\231\372\033\214%h\340\314\\\202\364"
 3029      5B39F599 
 3029      FA1B8C25 
 3029      68E0CC5C 
 3029      82F4
 3030 027f 076CEC7D 		.ascii	"\007l\354}x6\352SDe\035 _\257\226\035(>\331\333\352"
 3030      7836EA53 
 3030      44651D20 
 3030      5FAF961D 
 3030      283ED9DB 
 3031 0294 DFAD0BA9 		.ascii	"\337\255\013\251\005>\006Y\226[q\351F]\350\004\251d"
 3031      053E0659 
 3031      965B71E9 
 3031      465DE804 
 3031      A964
 3032 02a6 9F2C7B5A 		.ascii	"\237,{Z\270\007\276\202=\024\210T\235\200\306\024\204"
 3032      B807BE82 
 3032      3D148854 
 3032      9D80C614 
 3032      84
 3033 02b7 5B82801A 		.ascii	"[\202\200\032\344\307\350t\005;\347\030\305<\331\351"
 3033      E4C7E874 
 3033      053BE718 
 3033      C53CD9E9 
 3034 02c7 5538D79D 		.ascii	"U8\327\235zT\237\314\346\363\004\372D\264\250[\263\243"
 3034      7A549FCC 
 3034      E6F304FA 
 3034      44B4A85B 
 3034      B3A3
 3035 02d9 EE3653B8 		.ascii	"\3566S\270\003\015\264\010>\351\036\324\336;\365\026"
 3035      030DB408 
 3035      3EE91ED4 
 3035      DE3BF516 
 3036 02e9 0A854474 		.ascii	"\012\205Dtq\003w$dv)\032Q\270\223\264\\ \357}WdF\301"
 3036      71037724 
ARM GAS  C:\Users\angio\AppData\Local\Temp\ccZuRrZ2.s 			page 107


 3036      6476291A 
 3036      51B893B4 
 3036      5C20EF7D 
 3037 0301 5D5A6E2E 		.ascii	"]Zn.37\214\213\033N8m\201\361\015\302`:\214\213\010"
 3037      33378C8B 
 3037      1B4E386D 
 3037      81F10DC2 
 3037      603A8C8B 
 3038 0316 0381BA44 		.ascii	"\003\201\272DP\015E>\312\204\300\241\241pZQ\364@\315"
 3038      500D453E 
 3038      CA84C0A1 
 3038      A1705A51 
 3038      F440CD
 3039 0329 F5BE1BA3 		.ascii	"\365\276\033\243\245Z`-<\245\231\253\203\221\212\342"
 3039      A55A602D 
 3039      3CA599AB 
 3039      83918AE2 
 3040 0339 DAEB8F97 		.ascii	"\332\353\217\227\010\251\257\231Bh\271mIo\341i*\366"
 3040      08A9AF99 
 3040      4268B96D 
 3040      496FE169 
 3040      2AF6
 3041 034b 8E5BD112 		.ascii	"\216[\321\022\005!|\015\242\032!\243\006>\025\250\307"
 3041      05217C0D 
 3041      A21A21A3 
 3041      063E15A8 
 3041      C7
 3042 035c 06F40C02 		.ascii	"\006\364\014\002\345\302\213\007$\325\301\345[\271\012"
 3042      E5C28B07 
 3042      24D5C1E5 
 3042      5BB90A
 3043 036b F73ED3DE 		.ascii	"\367>\323\336k\263?\217\366\016\335\376\246H\304\025"
 3043      6BB33F8F 
 3043      F60EDDFE 
 3043      A648C415 
 3044 037b 5FC38EDB 		.ascii	"_\303\216\333\321W\025\236\242\271\244cL\265\037^\212"
 3044      D157159E 
 3044      A2B9A463 
 3044      4CB51F5E 
 3044      8A
 3045 038c CDE705E1 		.ascii	"\315\347\005\341S\034^7\036\036vY\252\226\247\354\021"
 3045      531C5E37 
 3045      1E1E7659 
 3045      AA96A7EC 
 3045      11
 3046 039d C7F70E4A 		.ascii	"\307\367\016J\341\024hG\347N(\340]:\2044\255kz[\003"
 3046      E1146847 
 3046      E74E28E0 
 3046      5D3A8434 
 3046      AD6B7A5B 
 3047 03b2 D624DCB4 		.ascii	"\326$\334\264cm\232\2370\240SOBf\252KO\234\313\316G"
 3047      636D9A9F 
 3047      30A0534F 
 3047      4266AA4B 
 3047      4F9CCBCE 
 3048 03c7 DDD4137A 		.ascii	"\335\324\023zos[\375\375\012\237\003W\320c\255\272\014"
 3048      6F735BFD 
ARM GAS  C:\Users\angio\AppData\Local\Temp\ccZuRrZ2.s 			page 108


 3048      FD0A9F03 
 3048      57D063AD 
 3048      BA0C
 3049 03d9 C0CFE8D1 		.ascii	"\300\317\350\321em\303\000\232\352)8\214\016\010\230"
 3049      656DC300 
 3049      9AEA2938 
 3049      8C0E0898 
 3050 03e9 2978E3AB 		.ascii	")x\343\253\177\344\246Y}.\252Oz)\361\270\216\374C\270"
 3050      7FE4A659 
 3050      7D2EAA4F 
 3050      7A29F1B8 
 3050      8EFC43B8 
 3051 03fd D293A1F9 		.ascii	"\322\223\241\371\025\321\270u4O\021M\020\015\004\032"
 3051      15D1B875 
 3051      344F114D 
 3051      100D041A 
 3052 040d 30B0044D 		.ascii	"0\260\004M,\251\361X.X\2608L,\276\204c\177@7B\206(\364"
 3052      2CA9F158 
 3052      2E58B038 
 3052      4C2CBE84 
 3052      637F4037 
 3053 0425 C6CE7BD9 		.ascii	"\306\316{\331\012\317L\006\354\006\002\363\250\300N"
 3053      0ACF4C06 
 3053      EC0602F3 
 3053      A8C04E
 3054 0434 F6D49F66 		.ascii	"\366\324\237f\326\333\302K~\254]q\013u\275\222\204\036"
 3054      D6DBC24B 
 3054      7EAC5D71 
 3054      0B75BD92 
 3054      841E
 3055 0446 45DA4FA2 		.ascii	"E\332O\242s\025\036J\346\375\216Q\204\215\275\255\\"
 3055      73151E4A 
 3055      E6FD8E51 
 3055      848DBDAD 
 3055      5C
 3056 0457 E1590257 		.ascii	"\341Y\002WMS\335E\\!\266\220V\021&\000\\\2058\000Y6"
 3056      4D53DD45 
 3056      5C21B690 
 3056      56112600 
 3056      5C853800 
 3057 046d 00F7445B 		.ascii	"\000\367D[\242\245\232|ZB!\376\243\233*'\031\242\337"
 3057      A2A59A7C 
 3057      5A4221FE 
 3057      A39B2A27 
 3057      19A2DF
 3058 0480 AD6D4185 		.ascii	"\255mA\205\300I\313\321\333Bo\355%(6k\341\267\016\023"
 3058      C049CBD1 
 3058      DB426FED 
 3058      2528366B 
 3058      E1B70E13 
 3059 0494 D662EF05 		.ascii	"\326b\357\005Px\236Z\214\364f\352\332\026\036\024v\217"
 3059      50789E5A 
 3059      8CF466EA 
 3059      DA161E14 
 3059      768F
 3060 04a6 D15F1E39 		.ascii	"\321_\0369\223\214\213-`\305\330\300\344\346\316\343"
 3060      938C8B2D 
ARM GAS  C:\Users\angio\AppData\Local\Temp\ccZuRrZ2.s 			page 109


 3060      60C5D8C0 
 3060      E4E6CEE3 
 3061 04b6 5BDCEA4E 		.ascii	"[\334\352N\272u\207\004\301\204Z\236\216\275\256\360"
 3061      BA758704 
 3061      C1845A9E 
 3061      8EBDAEF0 
 3062 04c6 7CCBD016 		.ascii	"|\313\320\026\330\2076\337v:=\266\033\017\317w\000\032"
 3062      D88736DF 
 3062      763A3DB6 
 3062      1B0FCF77 
 3062      001A
 3063 04d8 88D4B868 		.ascii	"\210\324\270h\206\211\012\037\230\354p\376F\017)\272"
 3063      86890A1F 
 3063      98EC70FE 
 3063      460F29BA 
 3064 04e8 873E1CD2 		.ascii	"\207>\034\322Ah <<A\\\001\243\216\203\215:v;\025>D\015"
 3064      4168203C 
 3064      3C415C01 
 3064      A38E838D 
 3064      3A763B15 
 3065 04ff 354894B0 		.ascii	"5H\224\260;\276\204\203m \037\010\220h$*\366m\314\245"
 3065      3BBE8483 
 3065      6D201F08 
 3065      9068242A 
 3065      F66DCCA5 
 3066 0513 F042C324 		.ascii	"\360B\303$\333\216\252\013\010\326C\264\241v\307\253"
 3066      DB8EAA0B 
 3066      08D643B4 
 3066      A176C7AB 
 3067 0523 7788F5E2 		.ascii	"w\210\365\342EC\375\312}\370}\014\333~\250\270m0\323"
 3067      4543FDCA 
 3067      7DF87D0C 
 3067      DB7EA8B8 
 3067      6D30D3
 3068 0536 90C28725 		.ascii	"\220\302\207%\313\364_t\351\323\333\3766\304=\222Cm"
 3068      CBF45F74 
 3068      E9D3DBFE 
 3068      36C43D92 
 3068      436D
 3069 0548 77D353F1 		.ascii	"w\323S\361H\242G5T\364L\236\302\207[#\215H\026\251\037"
 3069      48A24735 
 3069      54F44C9E 
 3069      C2875B23 
 3069      8D4816A9 
 3070 055d ADD39E19 		.ascii	"\255\323\236\031i\270-R5\333\303\375\024i\204x\006("
 3070      69B82D52 
 3070      35DBC3FD 
 3070      14698478 
 3070      0628
 3071 056f D2486BA4 		.ascii	"\322Hk\244Q\311\"\325\240u\340\231\221F\332\"mb\352"
 3071      51C922D5 
 3071      A075E099 
 3071      9146DA22 
 3071      6D62EA
 3072 0582 7D8B1E45 		.ascii	"}\213\036E\031\316\305\360\006\033\235\314{\035\323"
 3072      19CEC5F0 
 3072      061B9DCC 
ARM GAS  C:\Users\angio\AppData\Local\Temp\ccZuRrZ2.s 			page 110


 3072      7B1DD3
 3073 0591 4F4C7B12 		.ascii	"OL{\022\306\240\201>8\352\035\326Ew\330\030}n\266\362"
 3073      C6A0813E 
 3073      38EA1DD6 
 3073      4577D818 
 3073      7D6EB6F2 
 3074 05a5 0C5BEBF3 		.ascii	"\014[\353\363\314\304\357\212\030\276Ic-\337\025\343"
 3074      CCC4EF8A 
 3074      18BE4963 
 3074      2DDF15E3 
 3075 05b5 ECDF1563 		.ascii	"\354\337\025cm\220\353\231\345\273\242\017\001\214G"
 3075      6D90EB99 
 3075      E5BBA20F 
 3075      018C47
 3076 05c4 03380EC6 		.ascii	"\0038\016\306k4\336\014\035\262\207\316Jx\016\177\241"
 3076      6B34DE0C 
 3076      1DB287CE 
 3076      4A780E7F 
 3076      A1
 3077 05d5 D04596D0 		.ascii	"\320E\226\320\305\366\320E\266\320[\342C\207\321@\013"
 3077      C5F6D045 
 3077      B6D05BE2 
 3077      4387D140 
 3077      0B
 3078 05e6 DD45A1C3 		.ascii	"\335E\241\303\346m\221\035?\305\035\327h\212K,S\\j\237"
 3078      E66D911D 
 3078      3FC51DD7 
 3078      688A4B2C 
 3078      535C6A9F 
 3079 05fa E212DB80 		.ascii	"\342\022\333\200\274\317\342\246x\002\032@\237\350\201"
 3079      BCCFE2A6 
 3079      78021A40 
 3079      9FE881
 3080 0609 FD58A5B2 		.ascii	"\375X\245\262dUj`\226\011~\212\211\224\243\001\364\202"
 3080      64556A60 
 3080      96097E8A 
 3080      8994A301 
 3080      F482
 3081 061b 31B9138D 		.ascii	"1\271\023\215\311\355\303\311\215\250\356\313\2371\271"
 3081      C9EDC3C9 
 3081      8DA8EECB 
 3081      9F31B9
 3082 062a 136DC09A 		.ascii	"\023m\300\232\2306\271\0215\317\234\204r^\213\341\345"
 3082      9836B911 
 3082      35CF9C84 
 3082      725E8BE1 
 3082      E5
 3083 063b 3BC992E7 		.ascii	";\311\222\347d{\236\223l\356\266\033ybk\027+|J\262\264"
 3083      647B9E93 
 3083      6CEEB61B 
 3083      79626B17 
 3083      2B7C4AB2 
 3084 0650 7698693D 		.ascii	"v\230i=\336|\025\247b*\032P\363e\000\275\0345\333\353"
 3084      DE7C15A7 
 3084      622A1A50 
 3084      F36500BD 
 3084      1C35DBEB 
ARM GAS  C:\Users\angio\AppData\Local\Temp\ccZuRrZ2.s 			page 111


 3085 0664 BAF12B73 		.ascii	"\272\361+s\032\206\304-\221<\336\321\010g\032|\007\306"
 3085      1A86C42D 
 3085      913CDED1 
 3085      08671A7C 
 3085      07C6
 3086 0676 37E774B3 		.ascii	"7\347t\263J\271\011O\307\035\232\200\031\311@\304X\334"
 3086      4AB9094F 
 3086      C71D9A80 
 3086      19C940C4 
 3086      58DC
 3087 0688 17C54C34 		.ascii	"\027\305L4\200.\263\367g\232\376\363\342\337\357]w\315"
 3087      802EB3F7 
 3087      679AFEF3 
 3087      E2DFEF5D 
 3087      77CD
 3088 069a F7DB65BE 		.ascii	"\367\333e\276\337\371\011\335r?\206%[\000\177\2127\241"
 3088      DFF909DD 
 3088      723F8625 
 3088      5B007F8A 
 3088      37A1
 3089 06ac C07ACAF7 		.ascii	"\300z\312\367\241\3729i\030\242\353\271\322^+;\320Y"
 3089      A1FA3969 
 3089      18A2EBB9 
 3089      D25E2B3B 
 3089      D059
 3090 06be A6F6071A 		.ascii	"\246\366\007\032\375za\343\365\266\273\347\203\370\267"
 3090      FD7A61E3 
 3090      F5B6BBE7 
 3090      83F8B7
 3091 06cd 283A1073 		.ascii	"(:\020s\000\2469\011\"\263\246.\234\265|\305\222\025"
 3091      00A63909 
 3091      22B3A62E 
 3091      9CB57CC5 
 3091      9215
 3092 06df F3D6AC5D 		.ascii	"\363\326\254]\272\242r\341\272\312\325oW\255Z\\\261"
 3092      BAA272E1 
 3092      BACAD56F 
 3092      57AD5A5C 
 3092      B1
 3093 06f0 6CD1DAAA 		.ascii	"l\321\332\252e\253\027\316\235_4o\376Ke\023^,\237T>"
 3093      65AB17CE 
 3093      9D5F346F 
 3093      FE4B6513 
 3093      5E2C9F54 
 3094 0705 7776D1CB 		.ascii	"wv\321\313\257\315\2323\373\225H\2714\245\2708\214\377"
 3094      AFCD9A33 
 3094      FB9548B9 
 3094      34A5B838 
 3094      8CFF
 3095 0717 2AC8B2B2 		.ascii	"*\310\262\262jBiii\270\262*\274|\361\312\360\252\312"
 3095      6A426969 
 3095      69B8B22A 
 3095      BC7CF1CA 
 3095      F0AACA
 3096 072a D56BAAC2 		.ascii	"\325k\252\302\252QX3]\277\236v\026\255\\\271\264\270"
 3096      AA515833 
 3096      5DBF9E76 
ARM GAS  C:\Users\angio\AppData\Local\Temp\ccZuRrZ2.s 			page 112


 3096      16AD5CB9 
 3096      B4B8
 3097 073c 42E21515 		.ascii	"B\342\025\025\2532\215e\361\222\222H$RZR*\375\017\033"
 3097      AB328D65 
 3097      F1929248 
 3097      24525A52 
 3097      2AFD0F1B 
 3098 0750 31B9C8   		.ascii	"1\271\310"
 3099              		.text
 3100              		.section	.gnu.lto_hal_lld_init.416.1f2b796a,"e",%progbits
 3101 0000 789CDBC3 		.ascii	"x\234\333\303\300\300P\004\304\212@\314\300\314\300"
 3101      C0C05004 
 3101      C48A40CC 
 3101      C0CCC0
 3102 000f 38696217 		.ascii	"8ib\027\023\303\377\377\377\353Y\230\030\033U\030\267"
 3102      13C3FFFF 
 3102      FFEB5998 
 3102      181B5518 
 3102      B7
 3103 0020 3282D98C 		.ascii	"2\202\331\214\014\365L\214\365\214\223\2315\033\032"
 3103      0CF54C8C 
 3103      F58C9399 
 3103      351B1A
 3104 002f 1A7E2C9D 		.ascii	"\032~,\235\367s\263D\303\212\003\214K\230\031\030\346"
 3104      F773B344 
 3104      C38A038C 
 3104      4B981918 
 3104      E6
 3105 0040 3133C000 		.ascii	"13\300\000\033\214\307\010\304\353/\261\036h\370\363"
 3105      1B8CC708 
 3105      C4EB2FB1 
 3105      1E68F8F3 
 3106 0050 BFBFA1E1 		.ascii	"\277\277\241\341\354c\306\336\255,\254\014\014\375\314"
 3106      EC63C6DE 
 3106      AD2CAC0C 
 3106      0CFDCC
 3107 005f 2093C140 		.ascii	" \223\301@\036\250d\0023\023\202\313\310\360\201\261"
 3107      1EA86402 
 3107      331382CB 
 3107      C8F081B1 
 3108 006f F9C1EFE7 		.ascii	"\371\301\357\347\022\014-\214LK\230\031\3471\003U,a"
 3108      120C2D8C 
 3108      4C4B9819 
 3108      E7310355 
 3108      2C61
 3109 0081 66020B4F 		.ascii	"f\002\013O\312\202\2132!Dg D\231!\242\237\030\233\036"
 3109      CA828B32 
 3109      21446720 
 3109      449921A2 
 3109      9F189B1E 
 3110 0095 CC7EC501 		.ascii	"\314~\305\001vL?3#\262e\014\014f\316V1\316\031\231I"
 3110      764C3F33 
 3110      23B2650C 
 3110      0C66CE56 
 3110      31CE1999 
 3111 00aa 99C125A5 		.ascii	"\231\301%\245)\231\3711\345\371E\331\305\005\211\311"
 3111      2999F931 
ARM GAS  C:\Users\angio\AppData\Local\Temp\ccZuRrZ2.s 			page 113


 3111      E5F945D9 
 3111      C50589C9 
 3112 00ba A9F1A5C5 		.ascii	"\251\361\245\305\251E1A!\272\301!\276\306F\356&\346"
 3112      A9453141 
 3112      21BAC121 
 3112      BEC646EE 
 3112      26E6
 3113 00cc 2641AEBA 		.ascii	"&A\256\272~\241\316>\256\376f&\014\226zz\372@\224\014"
 3113      7EA1CE3E 
 3113      AEFE6626 
 3113      0C967A7A 
 3113      FA40940C 
 3114 00e0 D2995F6C 		.ascii	"\322\231_ldhh\250\237_\254\237\221\230\243_\220_TR\254"
 3114      646868A8 
 3114      9F5FAC9F 
 3114      9198A35F 
 3114      905F5452 
 3115 00f5 0FD6A40F 		.ascii	"\017\326\244\017\325ZQ\001\222\211\317\311I\321Kf\000"
 3115      D55A5101 
 3115      9289CFC9 
 3115      49D14B66 
 3115      00
 3116 0106 0003D773 		.ascii	"\000\003\327s\377"
 3116      FF
 3117              		.text
 3118              		.section	.gnu.lto_stm32_clock_init.417.1f2b796a,"e",%progbits
 3119 0000 789C7597 		.ascii	"x\234u\227kL\024W\024\307\357\231;\273,o\020PD\220\207"
 3119      6B4C1457 
 3119      14C7EF99 
 3119      3BBB2C6F 
 3119      10504490 
 3120 0015 624A1496 		.ascii	"bJ\024\226\205\005|\304hTB4\224\326G?\225\304X4\221"
 3120      85057CC4 
 3120      68544234 
 3120      94D6473F 
 3120      95C45834 
 3121 002a 40B2C6D5 		.ascii	"@\262\306\325j?1\350j\2155\012\330Zb\020\225n\215\264"
 3121      6A3F31E8 
 3121      6A8D350A 
 3121      D85A6210 
 3121      956E8DB4 
 3122 003e A9F60BBE 		.ascii	"\251\366\013\276j\015\241\2465m\323X\322(m\265n\323"
 3122      6A0DA1A6 
 3122      356DD358 
 3122      D2286DB5 
 3122      6ED3
 3123 0050 B4D5D036 		.ascii	"\264\325\3206\2044\325\264Fz\317\275\263\334{\335\331"
 3123      8434D5B4 
 3123      467ACFBD 
 3123      B3DC7BDD 
 3123      D9
 3124 0061 0DFCE7CC 		.ascii	"\015\374\347\314p~\347\177\346\014\271s\2674\215\220"
 3124      707EE77F 
 3124      E60CB973 
 3124      B7348D90 
 3125 0071 DF09212F 		.ascii	"\337\011!/\263_\342&\320\323}\330 SSS\035\246\001\307"
 3125      B35FE226 
ARM GAS  C:\Users\angio\AppData\Local\Temp\ccZuRrZ2.s 			page 114


 3125      D0D37DD8 
 3125      20535353 
 3125      1DA601C7 
 3126 0085 590C43C0 		.ascii	"Y\014C\300\317\250\021\352N\346\321\201\3564~4\341\235"
 3126      CFA811EA 
 3126      4EE6D181 
 3126      EE347E34 
 3126      E19D
 3127 0097 E95C1774 		.ascii	"\351\\\027t\316\217f\002\3510(\273\322\001\307i\231"
 3127      CE8F6602 
 3127      E93028BB 
 3127      D201C769 
 3127      99
 3128 00a8 65594FDE 		.ascii	"eYO\336\357?=\224k\235\037\2060%\244\237\222\350\307"
 3128      EF3F3D94 
 3128      6B9D1F86 
 3128      3025A49F 
 3128      92E8C7
 3129 00bb 1D3D0342 		.ascii	"\035=\003B2\373(\364\3200\0050\355\310\200\"\026\321"
 3129      32FB28F4 
 3129      D0300530 
 3129      EDC88022 
 3129      16D1
 3130 00cd 20291DEE 		.ascii	" )\035\356\264&>\032:r4\273\253\323\023\246\024\256"
 3130      B4263E1A 
 3130      3A7234BB 
 3130      ABD313A6 
 3130      14AE
 3131 00df 00C3E032 		.ascii	"\000\303\3402\300%\340u0\355\015\236\326\325w~8TD0\351"
 3131      C025E075 
 3131      30ED0D9E 
 3131      D6D5777E 
 3131      38544430 
 3132 00f4 9A4352C7 		.ascii	"\232CR\307\363I\327\035\222\016\000\317\372\370\302"
 3132      F349D71D 
 3132      920E00CF 
 3132      FAF8C2
 3133 0103 D0C419B8 		.ascii	"\320\304\031\270e\231\230w\303!\357-;\357\242\2227\354"
 3133      65999877 
 3133      C321EF2D 
 3133      3BEFA292 
 3133      37EC
 3134 0115 90D70DCF 		.ascii	"\220\327\015\317\273\2168d\275\033\223u\323!\353\224"
 3134      BB8E3864 
 3134      BD1B9375 
 3134      D321EB94 
 3135 0125 ED7945F1 		.ascii	"\355yE\361\374\334!\357\275\230j\267\034\262\006c\262"
 3135      FCDC21EF 
 3135      BD986AB7 
 3135      1CB20663 
 3135      B2
 3136 0136 BE74C8BA 		.ascii	"\276t\310\272h{^U<\277v\310\273\024S\355\033\207\254"
 3136      687B5E55 
 3136      3CBF76C8 
 3136      BB1453ED 
 3136      1B87AC
 3137 0149 4F63B26E 		.ascii	"Oc\262n;d\335\264=\257)\236\243\016y_\305T\373\316!"
ARM GAS  C:\Users\angio\AppData\Local\Temp\ccZuRrZ2.s 			page 115


 3137      3B64DDB4 
 3137      3DAF299E 
 3137      A30E795F 
 3137      C554FBCE 
 3138 015e 6B3426EB 		.ascii	"k4&\353\216C\326\367\266\347\015\305s\354\271\274\213"
 3138      8E43D6F7 
 3138      B6E70DC5 
 3138      73ECB9BC 
 3138      8B
 3139 016f A3AE61EB 		.ascii	"\243\256a\353\351\3241\313\232\032\204o\277x|7\363U"
 3139      E9D431CB 
 3139      9A1A846F 
 3139      BF787C37 
 3139      F355
 3140 0181 60054D03 		.ascii	"`\005M\003\205\242\230(.\0247J\002\332y0J\304(\011\243"
 3140      85A29828 
 3140      2E14374A 
 3140      02DA7930 
 3140      4AC42809 
 3141 0196 648C5230 		.ascii	"d\214R0J\305(\015\243t\224\014\224L\224\031(Y(\331("
 3141      4AC5280D 
 3141      A374940C 
 3141      944C9419 
 3141      285928D9 
 3142 01ab 39283351 		.ascii	"9(3Qf\241\344\242\314F\311C\231\203\222\217R\2002\027"
 3142      66A1E4A2 
 3142      CC46C943 
 3142      9983928F 
 3142      52803217 
 3143 01bf A51005EF 		.ascii	"\245\020\005\357\325,F)A\231\2072\037-K1Z\200Q\031\312"
 3143      D52C4629 
 3143      41998732 
 3143      1F2D4B31 
 3143      5A805119 
 3144 01d4 423C5D84 		.ascii	"B<]\204Q9F\025\030y1\252d\342\362\341i\025F\325\030"
 3144      51394615 
 3144      187931AA 
 3144      64E2F2E1 
 3144      691546D5 
 3145 01e9 F999B86B 		.ascii	"\371\231\270k0\252CY\212\262\014e9\312\012\224\225("
 3145      30AA4359 
 3145      8AB20C65 
 3145      39CA0A94 
 3145      9528
 3146 01fb AB50D6A0 		.ascii	"\253P\326\240\324\2434\240\254EY\207\322\210\322\204"
 3146      D4A334A0 
 3146      AC455987 
 3146      D288D284 
 3147 020b B21E8590 		.ascii	"\262\036\205\220c\024\027\022\376)d\263\356\242\206"
 3147      63141712 
 3147      FE2964B3 
 3147      EEA286
 3148 021a 3C05F217 		.ascii	"<\005\362\027\354\233|r\347\244{@,\015&Xg\016Y&\273"
 3148      EC9B7C72 
 3148      E7A47B40 
 3148      2C0D2658 
 3148      670E5926 
ARM GAS  C:\Users\angio\AppData\Local\Temp\ccZuRrZ2.s 			page 116


 3149 022f 3C723D71 		.ascii	"<r=q\200\226\365E/\343\203<\007l\315a\353D\002K\206"
 3149      8096F545 
 3149      2FE3833C 
 3149      076CCD61 
 3149      EB44024B 
 3150 0244 1F815416 		.ascii	"\037\201T\026\207\251\007\356\301)\276\324`%\317\000"
 3150      87A907EE 
 3150      C129BED4 
 3150      6025CF00 
 3151 0254 5B5C7EC0 		.ascii	"[\\~\300\252#\223\036\2350$\361\223 \2600\305\205m*"
 3151      AA23931E 
 3151      9D3024F1 
 3151      9320B030 
 3151      C5856D2A 
 3152 0268 3D0A531B 		.ascii	"=\012S\033F\357\032\235\247\222\377Yw4\3438\232\222"
 3152      46EF1A9D 
 3152      A792FF59 
 3152      7734E338 
 3152      9A92
 3153 027a F845759C 		.ascii	"\370Eu\234\006]\212[\235\316\2728{\226\237z\3407\305"
 3153      065D8A5B 
 3153      9DCEBA38 
 3153      7B969F7A 
 3153      E037C5
 3154 028d B0F76EDE 		.ascii	"\260\367n\336\000u+d\202N\272\245\353C\206\201\354\323"
 3154      00752B64 
 3154      824EBAA5 
 3154      EB438681 
 3154      ECD3
 3155 029f 23A0FD3D 		.ascii	"#\240\375=o\302\000EP\264c\331\003\030\2318\014z)\217"
 3155      6FC20045 
 3155      50B463D9 
 3155      03189938 
 3155      0C7A298F 
 3156 02b3 2C352E4A 		.ascii	",5.J1.Z-Ii!Y\347\222$\367\247\336B\212\335\302\011l"
 3156      312E5A2D 
 3156      49692159 
 3156      E79224F7 
 3156      A7DE428A 
 3157 02cb 219581F6 		.ascii	"!\225\201\3663 \216\376)\262\316D\324?5Z*M\361_\252"
 3157      33208EFE 
 3157      29B2CE44 
 3157      D43F355A 
 3157      2A4DF15F 
 3158 02e0 7369DAF0 		.ascii	"si\332\360&\225\026\306px\351\012\271L'\323\245\343"
 3158      269516C6 
 3158      7078E90A 
 3158      B94C27D3 
 3158      A5E3
 3159 02f2 DF0C3364 		.ascii	"\337\0143d\347\031q\036r\206$\376\021\004D \012e*N\313"
 3159      E719711E 
 3159      728624FE 
 3159      11044420 
 3159      0A652A4E 
 3160 0307 752E5372 		.ascii	"u.SrOt\247\031q\234fH\342_\333\351\327i\247,\305i\205"
 3160      4F74A719 
 3160      719C6648 
ARM GAS  C:\Users\angio\AppData\Local\Temp\ccZuRrZ2.s 			page 117


 3160      E25FDBE9 
 3160      D769A72C 
 3161 031e CE6569D3 		.ascii	"\316ei\323x\252\230\365\336c\323\310V\310\225:\231-"
 3161      78AA98F5 
 3161      DE63D3C8 
 3161      56C8953A 
 3161      992D
 3162 0330 1D9F318C 		.ascii	"\035\2371\214\312\036s\342\364\230#\011\313\340\204"
 3162      CA1E73E2 
 3162      F4982309 
 3162      CBE084
 3163 033f 328D998A 		.ascii	"2\215\231\212\323*\235\233)\271}\206\3464+\216\323,"
 3163      D32A9D9B 
 3163      29B97D86 
 3163      E6342B8E 
 3163      D32C
 3164 0351 49846C27 		.ascii	"I\204l'9\215\\\305i\215\316\345j\3238\250\230\215\341"
 3164      398D5CC5 
 3164      698DCEE5 
 3164      6AD338A8 
 3164      988DE1
 3165 0364 34662B64 		.ascii	"4f+d\275N\316\226\216\207\030f\312\036\363\342\364\230"
 3165      BD4ECE96 
 3165      8E871866 
 3165      CA1EF3E2 
 3165      F498
 3166 0376 2789C382 		.ascii	"'\211\303\202P\2461Gqj\320\2719\222;\242;\345\307q\312"
 3166      50A63147 
 3166      716AD0B9 
 3166      39923BA2 
 3166      3BE5C771 
 3167 038b 97C451DB 		.ascii	"\227\304Q\333IN\243@qZ\253s\005\3324\272\024\263\336"
 3167      494EA340 
 3167      715AAB73 
 3167      05DA34BA 
 3167      14B3DE
 3168 039e FB6C1A73 		.ascii	"\373l\032s\025r\235N\316\225\216=\014s\311\036\013\343"
 3168      15729D4E 
 3168      CE958E3D 
 3168      0C73C91E 
 3168      0BE3
 3169 03b0 F4582889 		.ascii	"\364X(\211\267\005\241L\243Hqj\324\271\"\311\235\320"
 3169      B705A14C 
 3169      A348716A 
 3169      D4B922C9 
 3169      9DD0
 3170 03c2 9D8AE338 		.ascii	"\235\212\3438\025K\242\327v\222\323(Q\234\232t\256D"
 3170      154BA2D7 
 3170      7692D328 
 3170      519C9A74 
 3170      AE44
 3171 03d4 9BC649C5 		.ascii	"\233\306I\305\254\367\001\233\306<\205\234\257\223\363"
 3171      ACF7019B 
 3171      C63C859C 
 3171      AF93F3
 3172 03e3 A4631FC3 		.ascii	"\244c\037\303\334\262\307Ru\321]\300@\261\342\201\343"
 3172      DCB2C752 
ARM GAS  C:\Users\angio\AppData\Local\Temp\ccZuRrZ2.s 			page 118


 3172      75D15DC0 
 3172      40B1E281 
 3172      E3
 3173 03f4 82572ACB 		.ascii	"\202W*\313\234\026e\030C\360\235I\225w\246a\227^\250"
 3173      9C166518 
 3173      43F09D49 
 3173      9577A661 
 3173      975EA8
 3174 0407 F4B3482F 		.ascii	"\364\263H/\264P\026:\313\012%\310~\312\325\025\270\202"
 3174      B450163A 
 3174      CB0A25C8 
 3174      7ECAD515 
 3174      B882
 3175 0419 81A29F67 		.ascii	"\201\242\237gq_\002\345\262TX\224b\\\264\232Wia\275"
 3175      715F02E5 
 3175      B2545894 
 3175      625CB49A 
 3175      576961BD 
 3176 042d CE79B561 		.ascii	"\316y\265a\236\263\273\230\200\375\221\2766\022\002"
 3176      9EB3BB98 
 3176      80FD91BE 
 3176      361202
 3177 043c 234C13FB 		.ascii	"#L\023\373q]\016\263\255\023\337\004\374qr\361\000\255"
 3177      715D0EB3 
 3177      AD13DF04 
 3177      FC7172F1 
 3177      00AD
 3178 044e C4765C60 		.ascii	"\304v\\`E:\345&\300go\002\\\332& \231%\303\007\206\335"
 3178      453AE526 
 3178      C0676F02 
 3178      5CDA2620 
 3178      9925C307 
 3179 0464 DA87ACBE 		.ascii	"\332\207\254\276G\336e\025\014\032\323S\257f%\354W\235"
 3179      47DE6515 
 3179      0C1AD353 
 3179      AF6625EC 
 3179      579D
 3180 0476 117B8BC9 		.ascii	"\021{\213\311\230=]\347\202\250\303 \336\352\325\361"
 3180      983D5DE7 
 3180      82A8C320 
 3180      DEEAD5F1 
 3181 0486 DCE95E0D 		.ascii	"\334\351^\015\321+^\276!\357\200\312\253\267\345US^"
 3181      D12B5EBE 
 3181      21EF80CA 
 3181      ABB7E555 
 3181      535E
 3182 0498 BD23AFBA 		.ascii	"\275#\257\272\242WC\221\373\343\354f\375\374\017)\375"
 3182      A2574391 
 3182      FBE3EC66 
 3182      FDFC0F29 
 3182      FD
 3183 04a9 F8A0ED7B 		.ascii	"\370\240\355{L\345\367\030\0027\013\317S\"n\230mX\323"
 3183      4CE5F718 
 3183      02370BCF 
 3183      53226E98 
 3183      6D58D3
 3184 04bc E012FBBE 		.ascii	"\340\022\373\276f\260R\007y\327\251p\031\277\277\205"
ARM GAS  C:\Users\angio\AppData\Local\Temp\ccZuRrZ2.s 			page 119


 3184      66B05207 
 3184      79D7A970 
 3184      19BFBF85 
 3185 04cc 693A7904 		.ascii	"i:y\004\241G\237\261\177O?\362n\261\233e\3771\246\272"
 3185      A1479FB1 
 3185      7F4F3FF2 
 3185      6EB19B65 
 3185      FF31A6BA 
 3186 04e0 CB42CB07 		.ascii	"\313B\313\007\343/\210N2\372\361Q\260\312\305\0218\310"
 3186      E32F884E 
 3186      32FAF151 
 3186      B0CAC511 
 3186      38C8
 3187 04f2 6A65F2A2 		.ascii	"je\362\242\017\263\303\354\025\363\211\250\232\305K"
 3187      0FB3C3EC 
 3187      15F389A8 
 3187      9AC54B
 3188 0501 B8F412FB 		.ascii	"\270\364\022\373#\217\225qx\304\315L\302\276\310\177"
 3188      238F9571 
 3188      78C4CD4C 
 3188      C2BEC87F 
 3189 0511 E31E6E7A 		.ascii	"\343\036nzL\354\246\242;=BjW/m^\275\275\365\265\326"
 3189      4CECA6A2 
 3189      3B3D426A 
 3189      572F6D5E 
 3189      BDBDF5B5 
 3190 0526 8DBB766F 		.ascii	"\215\273vom\0154\357\011\354l\013\356\330\322\262m\363"
 3190      6D0D34EF 
 3190      09EC6C0B 
 3190      EED8D2B2 
 3190      6DF3
 3191 0538 EEE0B69D 		.ascii	"\356\340\266\235\315\0336\225o\334\364buU\203\277\316"
 3191      CD1B3695 
 3191      6FDCF462 
 3191      755583BF 
 3191      CE
 3192 0549 BFA1BEBC 		.ascii	"\277\241\276\274\351\225\325\215\365/\325\372\311\222"
 3192      E995D58D 
 3192      F52FD5FA 
 3192      C992
 3193 0557 8A0A2FFB 		.ascii	"\212\012/\373iA2\020\254\362\371|\336@\320\273}K\273"
 3193      69413210 
 3193      ACF2F97C 
 3193      DE40D0BB 
 3193      7D4BBB
 3194 056a 774760E7 		.ascii	"wG`\347\256\240\227C^\033\335\273\027\377\262\271\275"
 3194      AEA09743 
 3194      5E1BDDBB 
 3194      17FFB2B9 
 3194      BD
 3195 057b 7D6B450B 		.ascii	"}kE\013q\275\036h\257\250\344\352\343Z\305\265\232\253"
 3195      71BD1E68 
 3195      AFA8E4EA 
 3195      E35AC5B5 
 3195      9AAB
 3196 058d 9F6B0DD7 		.ascii	"\237k\015\327Z\256u\\\027s]\342\346T\2458\370\304\241"
 3196      5AAE755C 
ARM GAS  C:\Users\angio\AppData\Local\Temp\ccZuRrZ2.s 			page 120


 3196      17735DE2 
 3196      E654A538 
 3196      F8C4A1
 3197 05a0 4A1CAAC5 		.ascii	"J\034\252\305\301/\0165\342P\233\320\322\336\026\334"
 3197      C12F0E35 
 3197      E2509BD0 
 3197      D2DE16DC 
 3198 05b0 D342FE07 		.ascii	"\323B\376\007\"\366b\266"
 3198      22F662B6 
 3199              		.text
 3200              		.section	.gnu.lto_hal_lld_clock_switch_mode.418.1f2b796a,"e",%progbits
 3201 0000 789C6551 		.ascii	"x\234eQMh\023Q\020\236y\263\331M\333$E\274\210\027\005"
 3201      4D681351 
 3201      109E79B3 
 3201      D94DDB24 
 3201      45BC8817 
 3202 0015 11F1D0A4 		.ascii	"\021\361\320\244iC\3749)\241x\361\007\332z\013\2246"
 3202      6943FC39 
 3202      29A178F1 
 3202      07DA7A0B 
 3202      9436
 3203 0027 2D341848 		.ascii	"-4\030H\3106\264\236\362b\323\024\"\330\244\"\001\011"
 3203      C836B49E 
 3203      F262D314 
 3203      22D8A422 
 3203      0109
 3204 0039 3984552A 		.ascii	"9\204U*\010\236\324\004\024\243\271H\013\266x\320\213"
 3204      089ED404 
 3204      14A3B948 
 3204      0BB678D0 
 3204      8B
 3205 004a 522FA245 		.ascii	"R/\242E)!\027\265\010\361\275\315\252!\035vg\347{of"
 3205      292117B5 
 3205      08F1BDCD 
 3205      AA211D76 
 3205      67E77B6F 
 3206 005f BE6F67AE 		.ascii	"\276og\2563\200,\000$\304\013v\300\325|\226A\253\325"
 3206      33802C00 
 3206      24C40B76 
 3206      C0D57C96 
 3206      41ABD5
 3207 0072 4A2A8C2D 		.ascii	"J*\214-\346o2\254\242\211\322y\227\371%,\344\263_\326"
 3207      E66F32AC 
 3207      A289D279 
 3207      97F9252C 
 3207      E4B35FD6 
 3208 0086 17351329 		.ascii	"\0275\023)l)\337gF\031\353\336&\357\353\033d\002U\202"
 3208      6C29DF67 
 3208      4619EBDE 
 3208      26EFEB1B 
 3208      64025582 
 3209 009a 1F1B75D5 		.ascii	"\037\033u\325D\032\246\354\355\326\010IF\212M\3250\211"
 3209      441AA6EC 
 3209      EDD60849 
 3209      468A4DD5 
 3209      3089
 3210 00ac B7E9648D 		.ascii	"\267\351d\215\363\237\367J\017\252\207\356\256\325\320"
ARM GAS  C:\Users\angio\AppData\Local\Temp\ccZuRrZ2.s 			page 121


 3210      F39FF74A 
 3210      0FAA87EE 
 3210      AED5D0
 3211 00bb 20801201 		.ascii	" \200\022\001\016\343\240\224T$\\%\203\020\025+bxTD"
 3211      0EE3A094 
 3211      54245C25 
 3211      8310152B 
 3211      62785444 
 3212 00cf A4C30951 		.ascii	"\244\303\011Q\266\365\255\302y\017\030D\370\024e\325"
 3212      B6F5ADC2 
 3212      790F1844 
 3212      F81465D5 
 3213 00df 13C4C708 		.ascii	"\023\304\307\010\362`~\257\037@5{\011\023gx\274\266"
 3213      F2607EAF 
 3213      1F40357B 
 3213      09136778 
 3213      BCB6
 3214 00f1 C41B0FAB 		.ascii	"\304\033\017\253\215\255\363\251\014\357\346\201Gom"
 3214      8DADF3A9 
 3214      0CEFE681 
 3214      476F6D
 3215 0100 35FEBBB5 		.ascii	"5\376\273\265\302\371\346:\2466[\237\017\364\243\350"
 3215      C2F9E63A 
 3215      A6365B9F 
 3215      0FF4A3E8 
 3216 0110 034C3A12 		.ascii	"\003L:\022NQd\244!V\320!#\247t.\351\000VH\376\230iG"
 3216      4E5164A4 
 3216      2156D021 
 3216      23A7742E 
 3216      E9005648 
 3217 0128 04558ED8 		.ascii	"\004U\216\330\177\210\320\300\364\247\367\315\012\212"
 3217      7F88D0C0 
 3217      F4A7F7CD 
 3217      0A8A
 3218 0136 599609D3 		.ascii	"Y\226\011\323\310\014\262\225H\344\225I3H\205\035L\357"
 3218      C80CB295 
 3218      48E49549 
 3218      3348851D 
 3218      4CEF
 3219 0148 D40F97DB 		.ascii	"\324\017\227\333\377'\245J\313\021u\366\330\305\033"
 3219      FF27A54A 
 3219      CB1175F6 
 3219      D8C51B
 3220 0157 CDCABBE2 		.ascii	"\315\312\273\342\3512\271\332Y\0109\306_+f\246\322\315"
 3220      E932B9DA 
 3220      590839C6 
 3220      5F2B66A6 
 3220      D2CD
 3221 0169 B6DD1489 		.ascii	"\266\335\024\211\354/\023\333\307\304\360\031Z,\266"
 3221      EC2F13DB 
 3221      C7C4F019 
 3221      5A2CB6
 3222 0178 7D2C1F24 		.ascii	"},\037$\213\023\237w2\250\335\014\277\232_Y\231\310"
 3222      8B139F77 
 3222      32A8DD0C 
 3222      BF9A5F59 
 3222      99C8
ARM GAS  C:\Users\angio\AppData\Local\Temp\ccZuRrZ2.s 			page 122


 3223 018a A4D04A24 		.ascii	"\244\320J$\206 e\331Q1\250G\266id?2kc\275(\267hf\366"
 3223      862065D9 
 3223      5131A847 
 3223      B669643F 
 3223      326B63BD 
 3224 01a3 AE89C4FB 		.ascii	"\256\211\304\373r\256}\370\012\361%\012a\324f\335.\372"
 3224      72AE7DF8 
 3224      0AF1250A 
 3224      61D466DD 
 3224      2EFA
 3225 01b5 CAE468EB 		.ascii	"\312\344h\353\312\221\326\311\367\035S\347\340\030\347"
 3225      CA91D6C9 
 3225      F71D53E7 
 3225      E018E7
 3226 01c4 BCF1A29A 		.ascii	"\274\361\242\232\346\212\350\343\260\326*\255\211B\210"
 3226      E68AE8E3 
 3226      B0D62AAD 
 3226      894288
 3227 01d3 54B9878A 		.ascii	"T\271\207\212\230\016\275\271\263|\253=j\247-S\320D"
 3227      980EBDB9 
 3227      B37CAB3D 
 3227      6AA72D53 
 3227      D044
 3228 01e5 5375B7B0 		.ascii	"Su\267\260\354\024;\302\316\035\001\370\003g\203\201"
 3228      EC143BC2 
 3228      CE1D01F8 
 3228      03678381 
 3229 01f5 D9F05478 		.ascii	"\331\360Txl.1\035\216\006\347\243\361kzl243\221\320"
 3229      6C2E311D 
 3229      8E06E7A3 
 3229      F16B7A6C 
 3229      32343391 
 3230 020a 67E2C1D1 		.ascii	"g\342\301\321\361\201\261\361K\303C\027|\247|\243#\003"
 3230      F181B1F1 
 3230      4BC34317 
 3230      7CA77CA3 
 3230      2303
 3231 021c 97AF062E 		.ascii	"\227\257\006.\216\\\361\373\340\214\333\355\021OHVF"
 3231      8E5CF1FB 
 3231      E08CDBED 
 3231      114F4856 
 3231      46
 3232 022d F521AFD7 		.ascii	"\365!\257\327\353\211\352\236\331\311\210'\026\215\317"
 3232      EB89EA9E 
 3232      D9C98827 
 3232      168DCF
 3233 023c E91EB3C8 		.ascii	"\351\036\263\310c\225.,\310\233\211Hd\332\035\002\012"
 3233      63952E2C 
 3233      C89B8948 
 3233      64DA1D02 
 3233      0A
 3234 024d 856207FF 		.ascii	"\205b\007\377A\367\324\240\337\357\367\016z\341\017"
 3234      41F7D4A0 
 3234      DFEFF70E 
 3234      7AE10F
 3235 025c A4EC355B 		.ascii	"\244\3545["
 3236              		.text
ARM GAS  C:\Users\angio\AppData\Local\Temp\ccZuRrZ2.s 			page 123


 3237              		.section	.gnu.lto_hal_lld_get_clock_point.419.1f2b796a,"e",%progbits
 3238 0000 789C6550 		.ascii	"x\234ePAK\033a\020\235\267\263\221J\017\245\366\007"
 3238      414B1B61 
 3238      109DB7B3 
 3238      914A0FA5 
 3238      F607
 3239 0012 2894520A 		.ascii	"(\224R\012\232ucXi\351\241%H{\250\026\324\336\002\242"
 3239      9A756358 
 3239      69E9A125 
 3239      487BA816 
 3239      D4DE02A2 
 3240 0026 513018D9 		.ascii	"Q0\030\331\220\2154\236\362\305\352E\012\321\330\243"
 3240      908D349E 
 3240      F2C5EA45 
 3240      0AD1D8A3 
 3241 0036 7890B478 		.ascii	"x\220\264x\353\245b\202\006Rz\016\330^\012=X\275x\222"
 3241      EBA56282 
 3241      06527A0E 
 3241      D85E0A3D 
 3241      58BD7892 
 3242 004a 12DA831E 		.ascii	"\022\332\203\036\204u\276%\265\201\016\337\302{\263"
 3242      8475BE25 
 3242      B5810EDF 
 3242      C27BB3
 3243 0059 EFCD7CEF 		.ascii	"\357\315|\357\233\007\321[\"z,\037\205\010\245\365U"
 3243      9B07D15B 
 3243      227A2C1F 
 3243      8508A5F5 
 3243      55
 3244 006a 837CDFCF 		.ascii	"\203|\337\317\233\0066\004\243\212\2001\336\255\257"
 3244      9B063604 
 3244      A38A8031 
 3244      DEADAF
 3245 0079 9E37BEDC 		.ascii	"\2367\276\334\014\230\211\202\031\000P\336`\023yl\360"
 3245      0C988982 
 3245      190050DE 
 3245      6013796C 
 3245      F0
 3246 008a 26A3C465 		.ascii	"&\243\304e&\230-\004\364<\250+u\361~\353G\265\367\363"
 3246      26982D04 
 3246      F43CA82B 
 3246      75F17EEB 
 3246      47B5F7F3 
 3247 009e 9B95E765 		.ascii	"\233\225\347e6hK\004\273\300'\350}\"d\217\356\213\350"
 3247      36684B04 
 3247      BBC027E8 
 3247      7D22648F 
 3247      EE8BE8
 3248 00b1 F0A8A254 		.ascii	"\360\250\242T'\225\231\261\2076\2154\026k\267\210:H"
 3248      279599B1 
 3248      87368D34 
 3248      166BB788 
 3248      3A48
 3249 00c3 3BA5A467 		.ascii	";\245\244g\334\253\257\250\346Q\265r\362\264PR\370o"
 3249      DCABAFA8 
 3249      E651B572 
 3249      F2B45052 
ARM GAS  C:\Users\angio\AppData\Local\Temp\ccZuRrZ2.s 			page 124


 3249      F86F
 3250 00d5 2AED307D 		.ascii	"*\3550}\374\026\252\253K\277\250\324\367\006\2766\374"
 3250      FC16AAAB 
 3250      4BBFA8D4 
 3250      F706BE36 
 3250      FC
 3251 00e6 D3DB9207 		.ascii	"\323\333\222\007\0250i9\025Yg\014\252\033\232\032\377"
 3251      15306939 
 3251      1559670C 
 3251      AA1B9A1A 
 3251      FF
 3252 00f7 28688DB9 		.ascii	"(h\215\271\235\376\302\322a\3476\377\015(\231\005-\303"
 3252      9DFEC2D2 
 3252      61E736FF 
 3252      0D289905 
 3252      2DC3
 3253 0109 10B8C301 		.ascii	"\020\270\303\001\371\000\031\033\302\001\260\017\212"
 3253      F900191B 
 3253      C201B00F 
 3253      8A
 3254 0116 28A56EC8 		.ascii	"(\245n\310\026\324\260\255w\351Zc\263m\"\316PxBwE\327"
 3254      16D4B0AD 
 3254      77E95A63 
 3254      B36D22CE 
 3254      50784277 
 3255 012c FC595D56 		.ascii	"\374Y]V\246L\352h\305\323\365\033K\307\265?\315.yz\331"
 3255      A64CEA68 
 3255      C5D3F51B 
 3255      4BC7B53F 
 3255      CD2E797A 
 3256 0141 AA3B4546 		.ascii	"\252;EF\373u\211\234\330\243xl69\225\034\313.L'\335"
 3256      FB75899C 
 3256      D8A3786C 
 3256      3639951C 
 3256      CB2E4C27 
 3257 0156 F86B3733 		.ascii	"\370k73\347\245'\0233\023\013\336L&>:\33676><\020y\026"
 3257      E7A52713 
 3257      33130BDE 
 3257      4C263E3A 
 3257      DE37363E 
 3258 016e 1D8C8E0E 		.ascii	"\035\214\216\016\365\215\274\212\275\030z\351D\351a"
 3258      F58DBC8A 
 3258      BD187AE9 
 3258      44E961
 3259 017d 386CC949 		.ascii	"8l\311Ih\247\353El\333\266\\\317\232\235LYi7\223\365"
 3259      68A7EB45 
 3259      6CDBB65C 
 3259      CF9A9D4C 
 3259      59693793 
 3260 0192 ACC064B5 		.ascii	"\254\300d\265\254\271\234\3763\221JM\207\023\024J\244"
 3260      ACB99CFE 
 3260      33914A4D 
 3260      8713144A 
 3260      A4
 3261 01a3 E6D2D93B 		.ascii	"\346\322\331;\327\215\360T\277\3438v\277MWs_\300\375"
 3261      D78DF054 
 3261      BFE33876 
ARM GAS  C:\Users\angio\AppData\Local\Temp\ccZuRrZ2.s 			page 125


 3261      BF4D5773 
 3261      5FC0FD
 3262              		.text
 3263              		.section	.gnu.lto_hprediv.1.420.1f2b796a,"e",%progbits
 3264 0000 789C45CD 		.ascii	"x\234E\315\271\015\0021\024EQ_\233}o\005\210h\200\272"
 3264      B90D0231 
 3264      1445515F 
 3264      9B7D6F05 
 3264      886880BA 
 3265 0014 4644C4C4 		.ascii	"FD\304\304\004\004S\002\014;\014;t\005\363\205\236-"
 3265      04045302 
 3265      0C3B0C3B 
 3265      7405F385 
 3265      9E2D
 3266 0026 EBEAE904 		.ascii	"\353\352\351\004\366\030\347~\327\316<0\013ip$\245\377"
 3266      F618E77E 
 3266      D7CE3C30 
 3266      0B697024 
 3266      A5FF
 3267 0038 846E442F 		.ascii	"\204nD/\354DD\330\026\346N\330\022\366dMYM\326\220\305"
 3267      EC4444D8 
 3267      16E64ED8 
 3267      12F6644D 
 3267      594DD690 
 3268 004d AFEB32AF 		.ascii	"\257\3532\257\025\277\253jU\264\312Z\361\225\240\345"
 3268      15BFAB6A 
 3268      55B4CA5A 
 3268      F195A0E5 
 3269 005d 479369B2 		.ascii	"G\223i\262 \015\236>7\030\024\371P\364m}Y\237\326\207"
 3269      200D9E3E 
 3269      371814F9 
 3269      50F46D7D 
 3269      599FD687 
 3270 0071 F56E1D72 		.ascii	"\365n\035r\205\013\344p\206\023\034\341\000{\330\301"
 3270      850BE470 
 3270      86131CE1 
 3270      007BD8C1 
 3271 0081 1636B086 		.ascii	"\0266\260\206\014V\260\304}\001b\332E\275"
 3271      0C56B0C4 
 3271      7D0162DA 
 3271      45BD
 3272              		.text
 3273              		.section	.gnu.lto_pprediv.0.421.1f2b796a,"e",%progbits
 3274 0000 789C3DC8 		.ascii	"x\234=\310\273\015\203@\024D\321w\367-\206\320\255@"
 3274      BB0D8340 
 3274      1444D177 
 3274      F72D86D0 
 3274      AD40
 3275 0012 46379462 		.ascii	"F7\224b\021\021\023\023n\011\230\237mjC`4\023\\\215"
 3275      11111313 
 3275      6E09989F 
 3275      6D6A4360 
 3275      34135C8D 
 3276 0026 4E3233EC 		.ascii	"N23\354\277\301\351=\271\361\274\037\344\262B\366\220"
 3276      BFC1E93D 
 3276      B9F1BC1F 
 3276      E4B242F6 
ARM GAS  C:\Users\angio\AppData\Local\Temp\ccZuRrZ2.s 			page 126


 3276      90
 3277 0037 4559260B 		.ascii	"EY&\013\262(C\346z\241n\273W\223<P\362\205\352\314\316"
 3277      B22843E6 
 3277      7AA16EBB 
 3277      57933C50 
 3277      F285EACC 
 3278 004c D9DFD50F 		.ascii	"\331\337\325\017l\260\302\0023L\360\206\021;\000\034"
 3278      6CB0C202 
 3278      334CF086 
 3278      113B001C 
 3279 005c AC22D9   		.ascii	"\254\"\331"
 3280              		.text
 3281              		.section	.gnu.lto_.symbol_nodes.1f2b796a,"e",%progbits
 3282 0000 789C7D94 		.ascii	"x\234}\224\331J\303P\020\206'\347O\332\272\264uK\202"
 3282      D94AC350 
 3282      108627E7 
 3282      4FDABAB4 
 3282      754B82
 3283 0013 15ADD017 		.ascii	"\025\255\320\027\360\031\352\243\010^(\350#LB@o\305"
 3283      F019EAA3 
 3283      085E28E8 
 3283      234C4240 
 3283      6FC5
 3284 0025 7DDFE2FA 		.ascii	"}\337\342\372\012\242\336\364^|\207\274\200\033\202"
 3284      0AA2DEF4 
 3284      5E7C87BC 
 3284      801B82
 3285 0034 2068DA28 		.ascii	" h\332(\235R:\347\352\377\231o\346\300\341\237sg\023"
 3285      9D523AE7 
 3285      EAFF996F 
 3285      E6C0E19F 
 3285      736713
 3286 0047 9179314C 		.ascii	"\221y1L?\177\247j\255=\0211\321C\020\2063dQ\363\230"
 3286      3F7FA76A 
 3286      AD3D1131 
 3286      D1431086 
 3286      336451F3 
 3287 005c 57C3964E 		.ascii	"W\303\226N\274\0316:\361n\030:\361a\330\326\211O\303"
 3287      BC19363A 
 3287      F16E183A 
 3287      F161D8D6 
 3287      894FC3
 3288 006f 8E4E7C19 		.ascii	"\216N|\031\316\351\304\267\341\274N\354\201\013:\261"
 3288      CEE9C4B7 
 3288      E1BC4EEC 
 3288      810B3AB1 
 3289 007f 0FEED389 		.ascii	"\017\356\323\211\003p\277N\034\202\007t\342\010<\250"
 3289      0370BF4E 
 3289      1C820774 
 3289      E2083CA8 
 3290 008f 13CF868B 		.ascii	"\023\317\206\213:q\014.u\021\367a\233pvA+u\"8\333\260"
 3290      3A710C2E 
 3290      7511F761 
 3290      9B707641 
 3290      2B752238 
 3291 00a5 32B10393 		.ascii	"2\261\003\223\211\013 \023\227\2603\261\005\247%\314"
 3291      890B2013 
ARM GAS  C:\Users\angio\AppData\Local\Temp\ccZuRrZ2.s 			page 127


 3291      97B033B1 
 3291      05A725CC 
 3292 00b5 09B8ACCE 		.ascii	"\011\270\254\3165\247\340\241.\3421\014\255\177\340"
 3292      35A7E0A1 
 3292      2EE2310C 
 3292      AD7FE0
 3293 00c4 0C3CAC01 		.ascii	"\014<\254\001\316&r\253\365&\031\203G\324Q\347\340Q"
 3293      CE2672AB 
 3293      F5261983 
 3293      47D451E7 
 3293      E051
 3294 00d6 75D43AF2 		.ascii	"u\324:\362\255Q\316\006\012-a\335\202\307:[\210\202"
 3294      AD51CE06 
 3294      0A2D61DD 
 3294      82C73A5B 
 3294      8882
 3295 00e8 2068F2D6 		.ascii	" h\362\326\015\330\355U\273\006{\275jW`\277G\015\266"
 3295      0DD8ED55 
 3295      BB067BBD 
 3295      6A5760BF 
 3295      470DB6
 3296 00fb 588F1A8A 		.ascii	"X\217\032\212\223\322\271\"\366I\016\256HN\224\207+"
 3296      93D2B922 
 3296      F6490EAE 
 3296      484E9487 
 3296      2B
 3297 010c 02DD28C1 		.ascii	"\002\335(\301\025\033\320(\303\025a\216\275\216\336"
 3297      151BD028 
 3297      C315618E 
 3297      BD8EDE
 3298 011b 7802AE58 		.ascii	"x\002\256X\271h\031\336\264\274\326\253\266\335,\274"
 3298      B96819DE 
 3298      B4BCD6AB 
 3298      B6DD2CBC 
 3299 012b A9B69B83 		.ascii	"\251\266\233\203/\262\231\314\303\027q\217\027\340\213"
 3299      2FB299CC 
 3299      C317718F 
 3299      17E08B
 3300 013a FFA2915A 		.ascii	"\377\242\221Z\3619$\251\025\251\215\026\341\213\267"
 3300      F13924A9 
 3300      15A98D16 
 3300      E18BB7
 3301 0149 8C532B12 		.ascii	"\214S+\022\233\244V\254Z\264\204\212Hk\015\025\331j"
 3301      9BA456AC 
 3301      5AB4848A 
 3301      486B0D15 
 3301      D96A
 3302 015b A1322E6C 		.ascii	"\2412.l\216~\001aE\034\240"
 3302      8E7E0161 
 3302      451CA0
 3303              		.text
 3304              		.section	.gnu.lto_.refs.1f2b796a,"e",%progbits
 3305 0000 789C15C7 		.ascii	"x\234\025\307\267\021\2000\024D\301\367\025\022\010"
 3305      B7118030 
 3305      1444C1F7 
 3305      151208
 3306 000f 277C7914 		.ascii	"'|y\024DBNGxA;p\311\316\354\010d\336\245\036\227U\270"
ARM GAS  C:\Users\angio\AppData\Local\Temp\ccZuRrZ2.s 			page 128


 3306      44424E47 
 3306      78413B70 
 3306      C9CEEC08 
 3306      64DEA51E 
 3307 0026 BC866232 		.ascii	"\274\206b2(g\261\030\026V\261\211]\034\342\024\227\270"
 3307      2867B118 
 3307      1656B189 
 3307      5D1CE214 
 3307      97B8
 3308 0038 45148F78 		.ascii	"E\024\217x\177\032\327F\260\216\360\247\267!\201\017"
 3308      7F1AD746 
 3308      B08EF0A7 
 3308      B721810F 
 3309 0048 A6E70D7A 		.ascii	"\246\347\015z"
 3310              		.text
 3311              		.section	.gnu.lto_.decls.1f2b796a,"e",%progbits
 3312 0000 789CC599 		.ascii	"x\234\305\231{T\024G\272\300\373\353j\230a\000a\205"
 3312      7B541447 
 3312      BAC0FBEB 
 3312      6A986100 
 3312      6185
 3313 0012 BDC93E6E 		.ascii	"\275\311>n\326\273'nL6\2123\032c\366qV\0351\311\346"
 3313      D6BB276E 
 3313      4C368A33 
 3313      1A63F671 
 3313      561D31C9 
 3314 0027 E51992DD 		.ascii	"\345\031\222\335\233=\331;\027\031\014\234 \020 \211"
 3314      9B3DD93B 
 3314      17190C9C 
 3314      20102089 
 3315 0037 F9E39E33 		.ascii	"\371\343\2363\012>\360\011\342\203\210(\306\367+\242"
 3315      0A3EF009 
 3315      E2838828 
 3315      C6F72BA2 
 3316 0047 F8067544 		.ascii	"\370\006uDQ\360m$\212 \0101*\"\012\361\035\237\367\253"
 3316      51F06D24 
 3316      8A200831 
 3316      2A220AF1 
 3316      1D9FF7AB 
 3317 005b AE9AEA6E 		.ascii	"\256\232\352nzL\262\336\335s\373\360MWu\377\352\253"
 3317      7A4CB2DE 
 3317      DD73FBF0 
 3317      4D5775FF 
 3317      EAAB
 3318 006d AFBEFAEA 		.ascii	"\257\276\372\352\253\232\341fOI\312\011\221\244\203"
 3318      AB9AE166 
 3318      4F49CA09 
 3318      91A483
 3319 007c 280FF1FA 		.ascii	"(\017\361\372wI\222\216I\332\365$J\005\312\016\024\037"
 3319      7749928E 
 3319      49DAF524 
 3319      4A05CA0E 
 3319      141F
 3320 008e 4A25CA1E 		.ascii	"J%\312\036\224\275(\325(G8\177\034\245\021\345\014J"
 3320      94BD28D5 
 3320      2847387F 
 3320      1CA511E5 
ARM GAS  C:\Users\angio\AppData\Local\Temp\ccZuRrZ2.s 			page 129


 3320      0C4A
 3321 00a0 0BCA2594 		.ascii	"\013\312%\224k(7Pn\241|\207B@\222\202P,(!(\241(\341"
 3321      6B283750 
 3321      6EA17C87 
 3321      42409282 
 3321      502C2821 
 3322 00b8 B48CEF5E 		.ascii	"\264\214\357^\300\373\213(/\241\014F\031\212\362g\024"
 3322      C0FB8B28 
 3322      2FA10C46 
 3322      198AF267 
 3322      14
 3323 00c9 37CA0814 		.ascii	"7\312\010\024\017H\206\353$\326\203\361\236\204\322"
 3323      0F4886EB 
 3323      24D683F1 
 3323      9E84D2
 3324 00d8 1D251AA5 		.ascii	"\035%\032\245\025%\021\237\267qF\346vX\272\264\245\327"
 3324      1525119F 
 3324      B77146E6 
 3324      7658BAB4 
 3324      A5D7
 3325 00ea A7D416DE 		.ascii	"\247\324\026\336\276\006\313\317\320\361\340=\011\205"
 3325      BE06CBCF 
 3325      D0F1E03D 
 3325      0985
 3326 00f8 E2BBF9BD 		.ascii	"\342\273\371\275\302\334T\372\037\376.\211\327\201\373"
 3326      C2DC54FA 
 3326      1FFE2E89 
 3326      D781FB
 3327 0107 A7EB35E6 		.ascii	"\247\3535\346\007\372(\341w_\200\266\343~d\333\312\000"
 3327      07FA28E1 
 3327      775F80B6 
 3327      E37E64DB 
 3327      CA00
 3328 0119 6D73A98F 		.ascii	"ms\251\217\273\264\335\217\367\362.:\266\002\363\321"
 3328      BBB4DD8F 
 3328      F7F22E3A 
 3328      B602F3D1 
 3329 0129 9E47D830 		.ascii	"\236G\3300\365\007l\330\316\357{\003\264\315\377\221"
 3329      F5076CD8 
 3329      CEEF7B03 
 3329      B4CDFF91 
 3330 0139 F6570768 		.ascii	"\366W\007h\273\200\317\355\241\000m\251>}\373#\001\332"
 3330      BB80CFED 
 3330      A1006DA9 
 3330      3E7DFB23 
 3330      01DA
 3331 014b D7C86C5C 		.ascii	"\327\310l\\\264\335\177!d\305\373;x\377O\224wQ\336C"
 3331      B4DD7F21 
 3331      64C5FB3B 
 3331      78FF4F94 
 3331      7751DE43 
 3332 015f F92BCA5F 		.ascii	"\371+\312_P\376\206\362\367\000\361A\257\235\377$=\263"
 3332      50FE86F2 
 3332      F700F141 
 3332      AF9DFF24 
 3332      3DB3
 3333 0171 5009E17A 		.ascii	"P\011\341zh\234\276\372\010\216^i\310*:\266'\262\375"
ARM GAS  C:\Users\angio\AppData\Local\Temp\ccZuRrZ2.s 			page 130


 3333      689CBEFA 
 3333      088E5E69 
 3333      C82A3AB6 
 3333      27B2FD
 3334 0184 51C2E833 		.ascii	"Q\302\3503\274\367A\371-J/\024;J_\224\337\240\364Fy"
 3334      BCF741F9 
 3334      2D4A2F14 
 3334      3B4A5F94 
 3334      DFA0F446 
 3335 0199 16E53994 		.ascii	"\026\3459\224\030\024\307#\372\310\374\027\353\377\340"
 3335      1814C723 
 3335      FAC8FC17 
 3335      EBFFE0
 3336 01a8 5FAC7F11 		.ascii	"_\254\177\021\237\007\375\272\257\227X\234\370c\204"
 3336      9F07FDBA 
 3336      AF97589C 
 3336      F86384
 3337 01b7 F6AD5FC3 		.ascii	"\366\255_\303\307\002\350Y\366#\327\377\361\000m\313"
 3337      C702E859 
 3337      F623D7FF 
 3337      F1006DCB 
 3338 01c7 1F61C303 		.ascii	"\037a\303\003\256\347\276N\317e~o\014\240g'\260\334"
 3338      AEE7BE4E 
 3338      CF657E6F 
 3338      0CA06727 
 3338      B0DC
 3339 01d9 A7D7F30C 		.ascii	"\247\327\363\014\267\247\277\254\331\323Of\357\027c"
 3339      B7A7BFAC 
 3339      D9D34F66 
 3339      EF1763
 3340 01e8 B98CFA10 		.ascii	"\271\214\372\020\353\317\243\364@\3715\312/Q~\216\362"
 3340      EBCFA3F4 
 3340      40F935CA 
 3340      2F517E8E 
 3340      F2
 3341 01f9 1CCA7FA0 		.ascii	"\034\312\177\240\374\012\345\027(O\243\364Fy\012\345"
 3341      FC0AE517 
 3341      284FA3F4 
 3341      46790AE5 
 3342 0209 19946751 		.ascii	"\031\224gQz\311\314\2363\001\354\241cVt>\361\367Oc\227"
 3342      7AC9CC9E 
 3342      3301ECA1 
 3342      6356743E 
 3342      F1F74F63 
 3343 021e E68AF528 		.ascii	"\346\212\365(U|<-\001\332_\300\027Q\022[\267\376\361"
 3343      557C3C2D 
 3343      01DA5FC0 
 3343      1751125B 
 3343      B7FEF1
 3344 0231 BC2033DF 		.ascii	"\274 3\337\000\276\033 kk\351O<.h_\357\242\274\210\357"
 3344      00BE1B20 
 3344      6B6BE94F 
 3344      3C2E685F 
 3344      EFA2BC88 
 3345 0246 06A20CC2 		.ascii	"\006\242\014\302g/\341\375w2['\021\022[s\357\361uf\347"
 3345      672FE1FD 
 3345      77325B27 
ARM GAS  C:\Users\angio\AppData\Local\Temp\ccZuRrZ2.s 			page 131


 3345      11125B73 
 3345      EFF17566 
 3346 025b B1F31B1E 		.ascii	"\261\363\033\036;\317\362\330\211\341\261C\327\3433"
 3346      3BCFF2D8 
 3346      89E1B143 
 3346      D7E333
 3347 026a 7C3D3AB8 		.ascii	"|=:\270\255t\037\242\371\304\277\257\350\367\232?w\211"
 3347      AD741FA2 
 3347      F9C4BFAF 
 3347      E8F79A3F 
 3347      7789
 3348 027c B34BC0EC 		.ascii	"\263K\300\354\356:\206\376\26267t>\222\270\177\374y"
 3348      EE3A86FE 
 3348      B2363774 
 3348      3E92B87F 
 3348      FC79
 3349 028e F5F7F8EC 		.ascii	"\365\367\370\354\264nl\177\300\372a>6:\306H\224\236"
 3349      B46E6C7F 
 3349      C0FA613E 
 3349      363AC648 
 3349      949E
 3350 02a0 F8CC2E33 		.ascii	"\370\314.3_\322\334IsX_\231\215\355\357||+\371\030\250"
 3350      5FD2DC49 
 3350      73585F99 
 3350      8DEDEF7C 
 3350      7C2BF918 
 3351 02b5 FDFE5CF3 		.ascii	"\375\376\\\363[\231\345\033\232\323\351~\272\207\307"
 3351      5B99E51B 
 3351      9AD3E97E 
 3351      BA87C7
 3352 02c4 13CD9D34 		.ascii	"\023\315\2354\367\322\034\030h\037\350\340sG\373\367"
 3352      F7D21C18 
 3352      681FE8E0 
 3352      7347FBF7 
 3353 02d4 DB492F3A 		.ascii	"\333I/:\307tO\246{/\335\203C\002\254\265k\334\017\217"
 3353      C7744FA6 
 3353      7B2FDD83 
 3353      4302ACB5 
 3353      6BDC0F8F 
 3354 02e8 8A4DEA1F 		.ascii	"\212M\352\037\177|\370uS\277\374Qf\376\242~\270*\261"
 3354      7F7CF875 
 3354      53BFFC51 
 3354      66FEA27E 
 3354      B82AB1
 3355 02fb FD7810D6 		.ascii	"\375x\020\326\007\313l_\246\361\276\027\237\355B\331"
 3355      07CB6C5F 
 3355      A6F1BE17 
 3355      9FED42D9 
 3356 030b 8CB203D8 		.ascii	"\214\262\003\330\232\256@\251DY\002\314O\224\243g\006"
 3356      9AAE40A9 
 3356      445902CC 
 3356      4F94A367 
 3356      06
 3357 031c 1AA7740D 		.ascii	"\032\247t\015\372\317 -\334\007t_\247\353\232\232\356"
 3357      FACF202D 
 3357      DC07745F 
 3357      A7EB9A9A 
ARM GAS  C:\Users\angio\AppData\Local\Temp\ccZuRrZ2.s 			page 132


 3357      EE
 3358 032d EE627F28 		.ascii	"\356b\177(\266\017\0170\207\324~j\037\265k\210\314\346"
 3358      B60F0F30 
 3358      87D47E6A 
 3358      1FB56B88 
 3358      CCE6
 3359 033f 46C6B64E 		.ascii	"F\306\266N\036\243\376\375\234\372\207\236S\374\347"
 3359      1EA3FEFD 
 3359      9CFA879E 
 3359      53FCE7
 3360 034e 17C2E368 		.ascii	"\027\302\343hD\227~,2\233\023\177\0374\306\037HZ\354"
 3360      44977E2C 
 3360      329B137F 
 3360      1F34C61F 
 3360      485AEC
 3361 0361 EACF0754 		.ascii	"\352\317\007T\007\335K^\223\3151\227\335e\177\030\364"
 3361      07DD4B5E 
 3361      93CD3197 
 3361      DD657F18 
 3361      F4
 3362 0372 88DC47AF 		.ascii	"\210\334G\257\334\177\200-\"\362\271\332\246}\266s\214"
 3362      DC7F802D 
 3362      22F2B9DA 
 3362      A67DB673 
 3362      8C
 3363 0383 513C0050 		.ascii	"Q<\000P7\000?l\322\337\210\024\355\225\275r\260\207"
 3363      37003F6C 
 3363      D2DF8814 
 3363      ED95BD72 
 3363      B087
 3364 0395 C8366223 		.ascii	"\3106b#\036[5<\325\353:\031d\225{E\330\254\313wC\244"
 3364      1E5B353C 
 3364      D5EB3A19 
 3364      64957B45 
 3364      D8ACCB77 
 3365 03ab 2DC82ACB 		.ascii	"-\310*\313\255\026\217\255\327\035X-\227\004\367\030"
 3365      AD168FAD 
 3365      D71D582D 
 3365      9704F718 
 3366 03bb E4553C53 		.ascii	"\344U<S~\332j\361\312yoF\367\033\204\237\255\226j\360"
 3366      7EDA6AF1 
 3366      CA796F46 
 3366      F71B849F 
 3366      AD966AF0 
 3367 03cf 60ABE18A 		.ascii	"`\253\341\2125\022K\255\026\333uR25\330sH\236\370\014"
 3367      35124BAD 
 3367      16DB7552 
 3367      3235D873 
 3367      489EF80C 
 3368 03e3 5483CDE3 		.ascii	"T\203\315\343\210\366z\275\203\254\326\247\"*I%\031"
 3368      88F67ABD 
 3368      83ACD6A7 
 3368      222A4925 
 3368      19
 3369 03f4 8669D35A 		.ascii	"\206i\323Z\372\305Om\255\226\010T\321\313\323#\322\323"
 3369      FAC54F6D 
 3369      AD960854 
ARM GAS  C:\Users\angio\AppData\Local\Temp\ccZuRrZ2.s 			page 133


 3369      D1CBD323 
 3369      D2D3
 3370 0406 23A21A82 		.ascii	"#\242\032\202<\036[t/\011\215\3608\034\203d\033jV\254"
 3370      3C1E5B74 
 3370      2F098DF0 
 3370      381C8364 
 3370      1B6A56AC 
 3371 041a D5E02010 		.ascii	"\325\340 \020\346\360\266\\z\302\026d\013y\252G/<\004"
 3371      E6F0B65C 
 3371      7AC21664 
 3371      0B79AA47 
 3371      2F3C04
 3372 042d 4AC364D4 		.ascii	"J\303d\324K\036\372/\260`\237\036\255\012\320\313&;"
 3372      4B1EFA2F 
 3372      B0609F1E 
 3372      AD0AD0CB 
 3372      263B
 3373 043f 64F25A2B 		.ascii	"d\362Z+\316\213,\367\220$\257b\015\013\003/\336B\334"
 3373      CE8B2CF7 
 3373      9024AF62 
 3373      0D0B032F 
 3373      DE42DC
 3374 0452 AF79863B 		.ascii	"\257y\206;lR+N\233,G+\340\225Aki\013\306i\222\305|\201"
 3374      6C522B4E 
 3374      9B2C472B 
 3374      E095416B 
 3374      690BC669 
 3375 046a 64F02BAD 		.ascii	"d\360+\255h\254\244\275\227\301\377\232q\246\331`\241"
 3375      68ACA4BD 
 3375      97C1FF9A 
 3375      71A6D960 
 3375      A1
 3376 047b 034C64BD 		.ascii	"\003Ld\275>}3\235r\350\322\034\350E?\365\0154\033E\377"
 3376      3E7D339D 
 3376      72E8D21C 
 3376      E8453FF5 
 3376      0D341B45 
 3377 0490 B2300B34 		.ascii	"\2620\0134\244\213\341\252\026\360\033d\276\210?lv\025"
 3377      A48BE1AA 
 3377      16F01B64 
 3377      BE883F6C 
 3377      7615
 3378 04a2 344C083A 		.ascii	"4L\010:\217n\363\026F\303O\363\006I@~!\221\247\245\030"
 3378      8F6EF316 
 3378      46C34FF3 
 3378      0649407E 
 3378      2191A7A5 
 3379 04b7 AF7A7D9E 		.ascii	"\257z}\236&\301f\246ad\350\014\002\335A\306\317h\210"
 3379      26C166A6 
 3379      6164E80C 
 3379      02DD41C6 
 3379      CF6888
 3380 04ca C4A613CA 		.ascii	"\304\246\023\312\247\035\260=\201P\273\327\033\015I"
 3380      A71DB03D 
 3380      8150BBD7 
 3380      1B0D49
 3381 04d9 B00D80E6 		.ascii	"\260\015\200\346;\300M\023\322p\277\312\313\363\336"
ARM GAS  C:\Users\angio\AppData\Local\Temp\ccZuRrZ2.s 			page 134


 3381      3BC04D13 
 3381      D270BFCA 
 3381      CBF3DE
 3382 04e8 BEB1EF7A 		.ascii	"\276\261\357ze\237\226q\023\274G\221\313\003\372\022"
 3382      659F9671 
 3382      13BC4791 
 3382      CB03FA12 
 3383 04f8 36016C61 		.ascii	"6\001la\203\331\204\0176\002l\200\221\345\321\004s\030"
 3383      83D9840F 
 3383      36026C80 
 3383      91E5D104 
 3383      7318
 3384 050a 6DB2A573 		.ascii	"m\262\245s\372\316l\213w9\362\257Pz\273\240\267\013"
 3384      FACE6C8B 
 3384      7739F2AF 
 3384      507ABBA0 
 3384      B70B
 3385 051c BA2C9A6C 		.ascii	"\272,\232l\222\031={\366\275\201\276\261^\257O\241\360"
 3385      92193D7B 
 3385      F6BD81BE 
 3385      B15EAF4F 
 3385      A1F0
 3386 052e 4E01EF14 		.ascii	"N\001\357\024\360\252h\222MT\270tJ\366\004o\244\200"
 3386      F0AA6892 
 3386      4D54B874 
 3386      4AF6046F 
 3386      A480
 3387 0540 77097897 		.ascii	"w\011x\227\200\027E\223|\016\177f\200w\013x\267\200"
 3387      80174593 
 3387      7C0E7F66 
 3387      80770B78 
 3387      B780
 3388 0552 8BA24931 		.ascii	"\213\242I1\203\267l(\232\2447\272J\320U\202.\210&m\234"
 3388      83B76C28 
 3388      9AA437BA 
 3388      4AD05582 
 3388      2E88266D 
 3389 0567 AE5F50A1 		.ascii	"\256_P\241\247\367\011z\237\240'G\2232E\"\225\012NR"
 3389      A7F7097A 
 3389      9FA02747 
 3389      93324522 
 3389      950A4E52 
 3390 057b F0B6491B 		.ascii	"\360\266I\033\026)\277\000\300\277\020\031\016\001Z"
 3390      1629BF00 
 3390      C0BF1019 
 3390      0E015A
 3391 058a A5E0CDE7 		.ascii	"\245\340\315\347\365\266zs\302$\350\007}%\330\017\370"
 3391      F5B67A73 
 3391      C224E807 
 3391      7D25D80F 
 3391      F8
 3392 059b 48820300 		.ascii	"H\202\003\000\007\001gg\251\257\250\031\304\354\034"
 3392      07016767 
 3392      A9AFA819 
 3392      C4EC1C
 3393 05aa 02313D87 		.ascii	"\0021=\207\265\351\331Rz\336\273\016\346y\271\003\017"
 3393      B5E9D952 
ARM GAS  C:\Users\angio\AppData\Local\Temp\ccZuRrZ2.s 			page 135


 3393      7ADEBB0E 
 3393      E679B903 
 3393      0F
 3394 05bb 03D40853 		.ascii	"\003\324\010Sj\204)\017\242\310\370 \306W\264y\247\352"
 3394      6A84290F 
 3394      A2C8F820 
 3394      C657B479 
 3394      A7EA
 3395 05cd 0C3F2AE8 		.ascii	"\014?*\350\243\202>\027E\0160\272t\256\301\203_\012"
 3395      A3823E17 
 3395      450E30BA 
 3395      74AEC183 
 3395      5F0A
 3396 05df F84B0137 		.ascii	"\370K\0017F\221\332 \011#\352\031u\201F\250%\211|\255"
 3396      4691DA20 
 3396      0923EA19 
 3396      758146A8 
 3396      25897CAD 
 3397 05f3 3EEB0E8A 		.ascii	">\353\016\212\032k=p4\355U\027\017\206\333p\300\235"
 3397      1A6B3D70 
 3397      34ED5517 
 3397      0F86DB70 
 3397      C09D
 3398 0605 5E1F7E89 		.ascii	"^\037~\211\205S\230\337P\313I@~\013\300\011\200\257"
 3398      855398DF 
 3398      50CB4940 
 3398      7E0BC009 
 3398      80AF
 3399 0617 E8A0F326 		.ascii	"\350\240\363&\326\016\2409\035\352\001\322\260^?\365"
 3399      D60EA039 
 3399      1DEA01D2 
 3399      B05E3FF5 
 3400 0627 B35C4B80 		.ascii	"\263\\K\200\020=\215m\033\200;aSG\336'\302\007\247\001"
 3400      103D8D6D 
 3400      1B803B61 
 3400      5347DE27 
 3400      C207A701 
 3401 063b 6A85A1B5 		.ascii	"j\205\241\265\302\320=QdI0\033\325\241\011\372Q5\011"
 3401      C2D03D51 
 3401      6449301B 
 3401      D5A109FA 
 3401      513509
 3402 064e B849C015 		.ascii	"\270I\300\025Q\244\202\303\313s\365p\263\200\233\265"
 3402      51A482C3 
 3402      CB73F570 
 3402      B3809BB5 
 3403 065e 588E2227 		.ascii	"X\216\"'\202q\310\301t\242\357\327~u\324bc3\255\316"
 3403      8271C8C1 
 3403      74A2EFD7 
 3403      7E75D462 
 3403      6333ADCE 
 3404 0672 6EE518C2 		.ascii	"n\345\030\302\247\367,\3007\330\350\034\300y\220\261"
 3404      A7F72CC0 
 3404      37D8E81C 
 3404      C07990B1 
 3405 0682 884AEFFD 		.ascii	"\210J\357\375\012\3578\312\222\007GW\204R\347\264\372"
 3405      0AEF38CA 
ARM GAS  C:\Users\angio\AppData\Local\Temp\ccZuRrZ2.s 			page 136


 3405      92074757 
 3405      8452E7B4 
 3405      FA
 3406 0693 02F3C89C 		.ascii	"\002\363\310\234)^\220\037\026\246:\260\244R\201\013"
 3406      295E901F 
 3406      16A63AB0 
 3406      A452810B 
 3407 06a3 C05D2841 		.ascii	"\300](A+\250\211`\357\311\275kCT\337\2652\337m\356X"
 3407      2BA88960 
 3407      EFC9BD6B 
 3407      4354DFB5 
 3407      32DF6DEE 
 3408 06b8 571E16C0 		.ascii	"W\036\026\300wm\250\365\"\367\335\355\371\267\232\347"
 3408      776DA8F5 
 3408      22F7DDED 
 3408      F9B79AE7 
 3409 06c8 04AFDEE2 		.ascii	"\004\257\336\342\365\216C0\204\276\204\257\305 \277"
 3409      F58E4330 
 3409      84BE84AF 
 3409      C520BF
 3410 06d7 1683DC1D 		.ascii	"\026\203\334\035MfZh/\015\343\326M\203(\226[|<7^\346"
 3410      4D665A68 
 3410      2F0DE3D6 
 3410      4D832896 
 3410      5B7C3C37 
 3411 06ed 0DC81A15 		.ascii	"\015\310\032\025i?\277d\011Q\021\037G\340\012\010\010"
 3411      693FBF64 
 3411      0951111F 
 3411      47E00A08 
 3411      08
 3412 06fe 81A6FBB5 		.ascii	"\201\246\373\265\227\254\332P:\264\241t\262\241,\316"
 3412      97ACDA50 
 3412      3AB4A174 
 3412      B2A12CCE 
 3413 070e 5D5A16AE 		.ascii	"]Z\026\256\016\245\223\015ecv\235/(\320Z\270\212\026"
 3413      0EA5930D 
 3413      6563769D 
 3413      2F28D05A 
 3413      B88A16
 3414 0721 7EEB1FCB 		.ascii	"~\353\037\313\246\216\322\242\027ve\253\341=\010_A\273"
 3414      A68ED2A2 
 3414      177665AB 
 3414      E13D085F 
 3414      41BB
 3415 0733 1849BB18 		.ascii	"\030I\273\030\311\316H\262\325\302\303{]\272@\257\013"
 3415      C9CE48B2 
 3415      D5C2C37B 
 3415      5DBA40AF 
 3415      0B
 3416 0744 F4BA404B 		.ascii	"\364\272@K\"\311\227\352\210\212\017om\352\366\353\302"
 3416      22C997EA 
 3416      888A0F6F 
 3416      6DEAF6EB 
 3416      C2
 3417 0755 3C6FE777 		.ascii	"<o\347we\205\335h&\364\002\015\207\233\242\321M\321"
 3417      6585DD68 
 3417      26F4020D 
ARM GAS  C:\Users\angio\AppData\Local\Temp\ccZuRrZ2.s 			page 137


 3417      879BA2D1 
 3417      4DD1
 3418 0767 684E2439 		.ascii	"hN$9\2436\232[\261o\252\2256*]\260\221\367\203Mn\213"
 3418      A3369A5B 
 3418      B16FAA95 
 3418      362A5DB0 
 3418      91F7834D 
 3419 077d 26B74593 		.ascii	"&\267E\223i\221\244\323B\027\314\273b\021\341\031\222"
 3419      6991A4D3 
 3419      4217CCBB 
 3419      6211E119 
 3419      92
 3420 078e 4CB45235 		.ascii	"L\264R5\013\213\316\2144\257\233\373\200\010\256\233"
 3420      0B8BCE8C 
 3420      34AF9BFB 
 3420      8008AE9B 
 3421 079e 7B007769 		.ascii	"{\000wit|\263\276x\211E\365\330\003\364\030)`MK\356"
 3421      747CB3BE 
 3421      788945F5 
 3421      D803F418 
 3421      29604D4B 
 3422 07b3 367633B7 		.ascii	"6v3\267\305\315\324\260\346\312\326\255\232\254\305"
 3422      C5CDD4B0 
 3422      E6CAD6AD 
 3422      9AACC5
 3423 07c2 C9185938 		.ascii	"\311\030Y8w\254,\301C6#\323\347\356"
 3423      77AC2CC1 
 3423      433623D3 
 3423      E7EE
 3424 07d0 3B19AC7A 		.ascii	";\031\254z\240~k{3x'!\036\211\000\334\021\343\271#\306"
 3424      A07E6B7B 
 3424      33782721 
 3424      1E8900DC 
 3424      11E3B923 
 3425 07e5 B33A8214 		.ascii	"\263:\202\024\253\006\344l;\270\217\265Z\261U\370\015"
 3425      AB06E46C 
 3425      3BB88FB5 
 3425      5AB155F8 
 3425      0D
 3426 07f6 9D9D23FB 		.ascii	"\235\235#\373\033\345\310\376F\027#\310f\265\321\276"
 3426      1BE5C8FE 
 3426      461723C8 
 3426      66B5D1BE 
 3427 0806 824E6CE3 		.ascii	"\202Nl\343\365\336\236\2614\377V\217]\331%\275hP\216"
 3427      F5DE9EB1 
 3427      34FF568F 
 3427      5DD925BD 
 3427      68508E
 3428 0819 174DC6AB 		.ascii	"\027M\306\253[3iW\341\3629G.\205PzK\335\262\205\237"
 3428      5B336957 
 3428      E1F23947 
 3428      2E85507A 
 3428      4BDDB285 
 3429 082e 6126AC94 		.ascii	"a&\254\224\251\227'\012z\"\243KC(}\354\232\267=H\245"
 3429      A997270A 
 3429      7A22A34B 
 3429      43287DEC 
ARM GAS  C:\Users\angio\AppData\Local\Temp\ccZuRrZ2.s 			page 138


 3429      9AB73D48 
 3430 0843 AFAE6AE9 		.ascii	"\257\256j\351\347\207'\011x\022\203\257\250p\365\361"
 3430      E7872709 
 3430      781283AF 
 3430      A870F5F1 
 3431 0853 F1EB5443 		.ascii	"\361\353TC\266\234^\273pN\260\237\236\"\350)\214^oc"
 3431      B69C5EBB 
 3431      704EB09F 
 3431      9E22E829 
 3431      8C5E6F63 
 3432 0867 B9CE27A9 		.ascii	"\271\316'\251\311\316\253\250\265^\352g\264\372\250"
 3432      C9CEABA8 
 3432      B55EEA67 
 3432      B4FAA8
 3433 0876 04C8760E 		.ascii	"\004\310v\016\365 {m\0229\302kO\222:\254\265\360Z$i"
 3433      F5207B6D 
 3433      1239C26B 
 3433      4F923AAC 
 3433      B5F05A24 
 3434 088b C3DA355E 		.ascii	"\303\3325^\263\222\007X\313\015\225H\001J1\312\362P"
 3434      B3920758 
 3434      CB0D9548 
 3434      014A31CA 
 3434      F250
 3435 089d 6A566BD1 		.ascii	"jVk\321\261\275a6/\237T\004\375kg1\2722\006\213\324"
 3435      B1BD6136 
 3435      2F9F5404 
 3435      FD6B6731 
 3435      BA32068B 
 3436 08b2 F4C655D9 		.ascii	"\364\306U\331rwdr\274\336\022\231Ni\201\0143\350\327"
 3436      72776472 
 3436      BCDE1299 
 3436      4E69810C 
 3436      33E8D7
 3437 08c5 C925B20A 		.ascii	"\311%\262\012\242\242\237_]\260\245\311\372\264zE\261"
 3437      A2A29F5F 
 3437      5DB0A5C9 
 3437      FAB47A45 
 3437      B1
 3438 08d6 1B460AAE 		.ascii	"\033F\012\256\241\274\343OWf{\253}@\333\315\225\361"
 3438      A1BCE34F 
 3438      57667BAB 
 3438      7D40DBCD 
 3438      95F1
 3439 08e8 4029BA28 		.ascii	"@)\272(\244*\354\022r\245\223\361H\020\231\023F\231"
 3439      A42AEC12 
 3439      72A593F1 
 3439      48109913 
 3439      4699
 3440 08fa CF0D4C8C 		.ascii	"\317\015L\214@\246i\310\002\0032\237\2529\005*T\244"
 3440      40A669C8 
 3440      0203329F 
 3440      AA39052A 
 3440      54A4
 3441 090c 41730CD0 		.ascii	"As\014\320,\255\257y\0323\333\314pES5\250\304\334\233"
 3441      2CADAF79 
 3441      1A33DBCC 
ARM GAS  C:\Users\angio\AppData\Local\Temp\ccZuRrZ2.s 			page 139


 3441      70455335 
 3441      A8C4DC9B 
 3442 0920 5D62DEF0 		.ascii	"]b\336\360)\022\344\3110\235>[Mg\022\226\311\360\205"
 3442      2912E4C9 
 3442      309D3E5B 
 3442      4D671296 
 3442      C9F085
 3443 0933 0CAB6458 		.ascii	"\014\253dX.\303:\031JeX*\303\032\031V\310\260R\206\265"
 3443      2EC33A19 
 3443      4A65582A 
 3443      C31A1956 
 3443      C8B05286 
 3444 0948 32ACA7D3 		.ascii	"2\254\247\323L{\230\253\365\360\231\331-\334\214)\032"
 3444      4C7B98AB 
 3444      F5F099D9 
 3444      2DDC8C29 
 3444      1A
 3445 0959 B4D0E417 		.ascii	"\264\320\344\027\316\024k\314L\003\223\257\215\271P"
 3445      CE146BCC 
 3445      4C0393AF 
 3445      8DB950
 3446 0968 63E61998 		.ascii	"c\346\031\230\"]g\3235\250\330\014\251c.\235\277\304"
 3446      225D67D3 
 3446      35A8D80C 
 3446      A9632E9D 
 3446      BFC4
 3447 097a AB324B64 		.ascii	"\2532KdX\2442\376P\310\347\212\310V5\256\256\326V\235"
 3447      58A432FE 
 3447      50C8E78A 
 3447      C85635AE 
 3447      AED6569D 
 3448 098e 0AA7593B 		.ascii	"\012\247Y;\307\247\363\022\224\311\377\220\237z\316"
 3448      C7A7F312 
 3448      94C9FF90 
 3448      9F7ACE
 3449 099d C4C57EAF 		.ascii	"\304\305~\257\352\255<\\\3232LS[\372\375\215\265\324"
 3449      EAAD3C5C 
 3449      D3324C53 
 3449      5BFAFD8D 
 3449      B5D4
 3450 09af 912511A4 		.ascii	"\221%\021\244&T\305JWS\313\024\312m2p\233(71\202\324"
 3450      2654C54A 
 3450      5753CB14 
 3450      CA6D3270 
 3450      9B283731 
 3451 09c5 73AE4E70 		.ascii	"s\256Np[\014\334\026\312\315\214 \227qm\334\012e\253"
 3451      5B0CDC16 
 3451      CACD8C20 
 3451      97716DDC 
 3451      0A65AB
 3452 09d8 260247D2 		.ascii	"&\002G\322\274j\375-\010\264B\266\253+\244BF\346\376"
 3452      BC6AFD2D 
 3452      08B442B6 
 3452      AB2BA442 
 3452      46E6FE
 3453 09eb DC5BF9E1 		.ascii	"\334[\371\341\332\012\251\327\264\356\220U\220\272\344"
 3453      DA0AA9D7 
ARM GAS  C:\Users\angio\AppData\Local\Temp\ccZuRrZ2.s 			page 140


 3453      B4EE9055 
 3453      90BAE4
 3454 09fa FABD2FD7 		.ascii	"\372\275/\327\0235\177\372\276\357\314\362M\303\361"
 3454      13357FFA 
 3454      BEEFCCF2 
 3454      4DC3F1
 3455 0a09 1B164DD7 		.ascii	"\033\026M\327N\331\244K\365\312\351\025o\346\215\261"
 3455      4ED9A44B 
 3455      F5CAE915 
 3455      6FE68DB1 
 3456 0a19 820FB388 		.ascii	"\202\017\263\210\014\327\264\016\267\321a4F\222\207"
 3456      0CD7B40E 
 3456      B7D16134 
 3456      469287
 3457 0a28 388CDC30 		.ascii	"8\214\33406\344\246\025t\322zPx\267\001\256\244p[$\311"
 3457      36E4A615 
 3457      74D27A50 
 3457      78B701AE 
 3457      A4705B24 
 3458 0a3d 0F63D9C6 		.ascii	"\017c\331\306'\253\303\016A3v\334:\261\235\004\032v"
 3458      27ABC30E 
 3458      413376DC 
 3458      3AB19D04 
 3458      1A76
 3459 0a4f B53AEC7D 		.ascii	"\265:\354}t\330U\255_\025\207\031\022\303^\231\005B"
 3459      74D855AD 
 3459      5F158719 
 3459      12C35E99 
 3459      0542
 3460 0a61 8DAC8252 		.ascii	"\215\254\202RO\334\030;\333v\377\031'\260F\206*\325"
 3460      4FDC183B 
 3460      DB76FF19 
 3460      27B04686 
 3460      2AD5
 3461 0a73 E17EA68A 		.ascii	"\341~\246\212v\2761\234\314\347\235{e\262.L\"\345(\373"
 3461      76BE319C 
 3461      CCE79D7B 
 3461      65B22E4C 
 3461      22E528FB 
 3462 0a87 508EA29C 		.ascii	"P\216\242\234D9\203r\001\245#\014\235\330}\327\203o"
 3462      44398372 
 3462      01A5230C 
 3462      9DD87DD7 
 3462      836F
 3463 0a99 7C4122CD 		.ascii	"|A\"\315\320\024s\365B~C\2675x\344\310}\222:\376\270"
 3463      D01473F5 
 3463      427E43B7 
 3463      3578E4C8 
 3463      7D923AFE 
 3464 0aae 0C0D81D2 		.ascii	"\014\015\201\322G\323\215t\232\204\2208l \364\013\240"
 3464      47D38D74 
 3464      9A849038 
 3464      6C20F40B 
 3464      A0
 3465 0abf 513047CC 		.ascii	"Q0G\314\014SS/\220/M\035q-\015\0029f@\346kZ\316\010"
 3465      0C53532F 
 3465      902F4D1D 
ARM GAS  C:\Users\angio\AppData\Local\Temp\ccZuRrZ2.s 			page 141


 3465      712D0D02 
 3465      396640E6 
 3466 0ad7 E4900129 		.ascii	"\344\220\001)\354\232\\\016\312,+5\250\236\373J\206"
 3466      EC9A5C0E 
 3466      CA2C2B35 
 3466      A89EFB4A 
 3466      86
 3467 0ae8 3A846538 		.ascii	":\204e8-\303I\031N`\244\311\320\350O(\247\205\322\243"
 3467      2DC34919 
 3467      4E60A4C9 
 3467      D0E84F28 
 3467      A785D2A3 
 3468 0afc E67EB96D 		.ascii	"\346~\271m\255\202\2515w\214\014Nj\335x_\241E\267r\231"
 3468      AD82A935 
 3468      778C0C4E 
 3468      6ADD785F 
 3468      A145B772 
 3469 0b11 09F4CCF5 		.ascii	"\011\364\314\365CF`\343qk.,\011\3539O==y\313\236\237"
 3469      434660E3 
 3469      716B2E2C 
 3469      09EB394F 
 3469      3D3D79CB 
 3470 0b27 41BF1834 		.ascii	"A\277\0304\311p@m\351\037\314\001:\361\305\3418\351"
 3470      C970406D 
 3470      E91FCC01 
 3470      3AF1C5E1 
 3470      38E9
 3471 0b39 6887F7FE 		.ascii	"h\207\367\376\204c\022)\013\247\255\307.-\254\014\355"
 3471      84631229 
 3471      0BA7ADC7 
 3471      2E2DAC0C 
 3471      ED
 3472 0b4a 598721D3 		.ascii	"Y\207!\323\276!\375\025\372\266Em\350\267\022k\315\362"
 3472      BE21FD15 
 3472      FAB6456D 
 3472      E8B7126B 
 3472      CDF2
 3473 0b5c C8A9E164 		.ascii	"\310\251\341d\267\212W\266\357<\022D;\353\274sBQ\373"
 3473      B78A57B6 
 3473      EF3C1244 
 3473      3BEBBC73 
 3473      4251FB
 3474 0b6f 396BE8E7 		.ascii	"9k\350\347,\355gV8\222\265eu7\303\265#b\233\246\362"
 3474      2CED6756 
 3474      3892B565 
 3474      7537C3B5 
 3474      23629BA6 
 3475 0b84 1C826ACC 		.ascii	"\034\202j\314\027\002\251U\265\216\367]8j\2655\177\357"
 3475      1702A955 
 3475      B58EF75D 
 3475      386AB535 
 3475      7FEF
 3476 0b96 570BB545 		.ascii	"W\013\265E\036\220\372p\2114\2053\005\023\201\234\305"
 3476      1E90FA70 
 3476      89348533 
 3476      0513819C 
 3476      C5
ARM GAS  C:\Users\angio\AppData\Local\Temp\ccZuRrZ2.s 			page 142


 3477 0ba7 EA655EF5 		.ascii	"\352e^\365\002\271\206\325\373\274z[\"\023\272IdF7V"
 3477      02B986D5 
 3477      FBBC7A5B 
 3477      2213BA49 
 3477      64463756 
 3478 0bbb EDC43D18 		.ascii	"\355\304=\030\253\313x\265U\"\353\260Z\316\253\315\022"
 3478      ABCB78B5 
 3478      5522EBB0 
 3478      5ACEABCD 
 3478      12
 3479 0bcc A9C2EA11 		.ascii	"\251\302\352\021^\255\303\205\200\325f^=*\221\213X\275"
 3479      5EADC385 
 3479      80D5665E 
 3479      3D2A918B 
 3479      58BD
 3480 0bde C6ABD512 		.ascii	"\306\253\325\022\271\213\325\354\010\211LF\231\025\301"
 3480      B98BD5EC 
 3480      08894C46 
 3480      9915C1
 3481 0bed 1E0F24F3 		.ascii	"\036\017$\363\261\266\234\327\372\222\365X\253@\251"
 3481      B1B69CD7 
 3481      FA92F558 
 3481      AB40A9
 3482 0bfc 42398C72 		.ascii	"B9\214r\022\245\005\345<\312%\224N\224;(9\221\022\231"
 3482      12A505E5 
 3482      3CCA2594 
 3482      4E943B28 
 3482      39911299 
 3483 0c10 82928F32 		.ascii	"\202\222\2172'\222\265.\001\266@mdn$\272\310\265l\323"
 3483      2792B52E 
 3483      01B6406D 
 3483      646E24BA 
 3483      C8B56CD3 
 3484 0c24 D8F3114F 		.ascii	"\330\363\021O\213+\352\351\357\275Z\350\341k\321\347"
 3484      8B2BEAE9 
 3484      EFBD5AE8 
 3484      E16BD1E7 
 3485 0c34 678257B0 		.ascii	"g\202W\260E\332\212)\010\363>\021sp\225\007\037\202"
 3485      45DA8A29 
 3485      08F33E11 
 3485      73709507 
 3485      1F82
 3486 0c46 A5151BD5 		.ascii	"\245\025\033\325\000E\3463\242gb4\244\\ sM\210]%\032"
 3486      0045E633 
 3486      A2676234 
 3486      A45C2073 
 3486      4D885D25 
 3487 0c5b 0531DE40 		.ascii	"\0051\336@\344\020\261\002\2537\372\027\302,\003R\244"
 3487      E410B102 
 3487      AB37FA17 
 3487      C22C0352 
 3487      A4
 3488 0c6c B3A55EA8 		.ascii	"\263\245^\250\231d`r\211\306\\\024\214\327\300<\220"
 3488      99646072 
 3488      89C65C14 
 3488      8CD7C03C 
 3488      90
ARM GAS  C:\Users\angio\AppData\Local\Temp\ccZuRrZ2.s 			page 143


 3489 0c7d 85357705 		.ascii	"\2055w\005\362\255a\330\035\0322q\263\037i3 \027uKw"
 3489      F2AD61D8 
 3489      1D1A3271 
 3489      B31F6933 
 3489      2017754B 
 3490 0c92 A7B078B6 		.ascii	"\247\260x\266\331b}\316\230Gp\033\301g\310`\274\226"
 3490      D9627DCE 
 3490      9847701B 
 3490      C167C860 
 3490      BC96
 3491 0ca4 10584060 		.ascii	"\020X@`+\201\225\004\226\021\370\234\200\217\300\032"
 3491      2B819504 
 3491      9611F89C 
 3491      808FC01A 
 3492 0cb4 02AB096C 		.ascii	"\002\253\011l \260\227\300.\002\233\011\254#\260\203"
 3492      20B097C0 
 3492      2E029B09 
 3492      AC23B083 
 3493 0cc4 C0220215 		.ascii	"\300\"\002\025\004V\020XH`#\201m\004\326\022XL`\025"
 3493      04561058 
 3493      48602381 
 3493      6D04D612 
 3493      584C6015 
 3494 0cd8 814A02E5 		.ascii	"\201J\002\345\004\366\020\330I`\023\201R\002e\004\346"
 3494      04F610D8 
 3494      49601381 
 3494      52026504 
 3494      E6
 3495 0ce9 135882BD 		.ascii	"\023X\202\275\020XO\340\013\002\273\011,%\260\235@\025"
 3495      10584FE0 
 3495      0B02BB09 
 3495      2C25B09D 
 3495      4015
 3496 0cfb F1E72461 		.ascii	"\361\347$a\364\004\203\321\323un\336!\3743\307\300\314"
 3496      F40483D1 
 3496      D3756EDE 
 3496      21FC33C7 
 3496      C0CC
 3497 0d0d D7316D82 		.ascii	"\3271m\202y(\233\334\314\231\003\202\231a\3203K\363"
 3497      79289BDC 
 3497      CC990382 
 3497      9961D033 
 3497      4BF3
 3498 0d1f F37E8114 		.ascii	"\363~\201\024\030\020\375\221\353\2010\371\262\241\253"
 3498      1810FD91 
 3498      EB8130F9 
 3498      B2A1AB
 3499 0d2e 767D1A15 		.ascii	"v}\032\025\314X\203\2361Dcn\013\346\246A\317\015\235"
 3499      CC58839E 
 3499      3144636E 
 3499      0BE6A641 
 3499      CF0D9D
 3500 0d41 9E3AC14C 		.ascii	"\236:\301L5\350\231\242\213\260\373\302\346+f{\330\260"
 3500      35E899A2 
 3500      8BB0FBC2 
 3500      E62B667B 
 3500      D8B0
ARM GAS  C:\Users\angio\AppData\Local\Temp\ccZuRrZ2.s 			page 144


 3501 0d53 BE13C875 		.ascii	"\276\023\310u\363\302b\361~P\364\224ov\016\357\251I"
 3501      F3C262F1 
 3501      7E50F494 
 3501      6F760EEF 
 3501      A949
 3502 0d65 A819675E 		.ascii	"\250\031g^6\234\351\020\314-\363\250\2305G\0042\315"
 3502      369CE910 
 3502      CC2DF3A8 
 3502      98354704 
 3502      32CD
 3503 0d77 3C2866CD 		.ascii	"<(f\315=aM\247yI\360\236\266\0135\205\346\260`=\235"
 3503      3D614DA7 
 3503      7949F09E 
 3503      B60B3585 
 3503      E6B0603D 
 3504 0d8c 1148B679 		.ascii	"\021H\266y\032XO\355\242\247{\206\236\356\352zj\020"
 3504      1A584FED 
 3504      A2A77B86 
 3504      9EEEEA7A 
 3504      6A10
 3505 0d9e 6A269A83 		.ascii	"j&\232\203\224\365\224+\026\350\005\203\232\363\032"
 3505      94F5942B 
 3505      16E80583 
 3505      9AF31A
 3506 0dad 724A6899 		.ascii	"rJh\231l\316\026\014\271\"\220\357\014Zn\353\214\251"
 3506      6CCE160C 
 3506      B92290EF 
 3506      0C5A6EEB 
 3506      8CA9
 3507 0dbf 11CC4C73 		.ascii	"\021\314Ls\21025\207\0052\335\200\344\353\324\\\022"
 3507      88323587 
 3507      0532DD80 
 3507      E4EBD45C 
 3507      12
 3508 0dd0 CC7DF3B8 		.ascii	"\314}\363\270\231\232\207\002\271dN:\014\271,\220;f"
 3508      999A8702 
 3508      B9644E3A 
 3508      0CB92C90 
 3508      3B66
 3509 0de2 83193249 		.ascii	"\203\0312Ix\246\230\230<\303\2159$\324\344\231\015\266"
 3509      78A69898 
 3509      3CC38D39 
 3509      24D4E499 
 3509      0DB6
 3510 0df4 4BA491EE 		.ascii	"K\244\221\356*\362\331+\263V\207Fu\315c\260\217\374"
 3510      2AF2D92B 
 3510      B3568746 
 3510      75CD63B0 
 3510      8FFC
 3511 0e06 BF6732FA 		.ascii	"\277g2\372\273xa\323\036\335\217L\325\332 j\210\012"
 3511      BB7861D3 
 3511      1EDD8F4C 
 3511      D5DA206A 
 3511      880A
 3512 0e18 EC3F5D7A 		.ascii	"\354?]zW\007\224kG\214\375\010\220\213|+\375\245\272"
 3512      5707946B 
 3512      478CFD08 
ARM GAS  C:\Users\angio\AppData\Local\Temp\ccZuRrZ2.s 			page 145


 3512      908B7C2B 
 3512      FDA5BA
 3513 0e2b 9336B313 		.ascii	"\2236\263\023D0\266[\266u\342\201\220@\347\354#\204"
 3513      4430B65B 
 3513      B675E281 
 3513      9040E7EC 
 3513      2384
 3514 0e3d 9EB30F13 		.ascii	"\236\263\017\023d\256|\276dk\260\341\353\305!\002\007"
 3514      64AE7CBE 
 3514      646BB0E1 
 3514      EBC52102 
 3514      07
 3515 0e4e 695C1D25 		.ascii	"i\\\035%*\210\247c\334\256o\242\334G\031\377\023~\240"
 3515      2A88A763 
 3515      DCAE6FA2 
 3515      DC4719FF 
 3515      137EA0
 3516 0e61 66BD500D 		.ascii	"f\275P\015\005mw\327\006\374\232\177R\355\345\004e\276"
 3516      056D77D7 
 3516      06FC9A7F 
 3516      52EDE504 
 3516      65BE
 3517 0e73 98DB900B 		.ascii	"\230\333\220\013\206^\276\"lw\251#*(\221\351?\221\310"
 3517      865EBE22 
 3517      6C77A923 
 3517      2A2891E9 
 3517      3F91C8
 3518 0e86 6C946294 		.ascii	"l\224b\224\245(kQ6\240lE\251@\331\203R\203r\224[\340"
 3518      A5286B51 
 3518      36A06C45 
 3518      A940D983 
 3518      52837294 
 3519 0e9c B390DA9F 		.ascii	"\263\220\332\237\240w\236_5f\177}\230\376P\020\245?"
 3519      A0779E5F 
 3519      35667F7D 
 3519      98FE5010 
 3519      A53F
 3520 0eae 1E94AE9D 		.ascii	"\036\224\256\235\316\276yb\204\234\"p\325\2243(3Oc\276"
 3520      CEBE7962 
 3520      849C2270 
 3520      D5943328 
 3520      334F63BE 
 3521 0ec2 3630FC68 		.ascii	"60\374h@\277\235n_\313\276\235\036%4\241\"\343\367\323"
 3521      40BF9D6E 
 3521      5FCBBE9D 
 3521      1E2534A1 
 3521      22E3F7D3 
 3522 0ed6 185D0A5B 		.ascii	"\030]\012[\240):cPT\244E\365\012\215i20\272eX\2541-"
 3522      A0293A63 
 3522      5054A445 
 3522      F50A8D69 
 3522      3230BA65 
 3523 0eee 0646FB89 		.ascii	"\006F\373\211\240t\0137\250\216\320\274\213\214\337"
 3523      A0740B37 
 3523      A88ED0BC 
 3523      8B8CDF
 3524 0efd A5FA0C5F 		.ascii	"\245\372\014_\244):k\032\031\353k\253\206\324\032\020"
ARM GAS  C:\Users\angio\AppData\Local\Temp\ccZuRrZ2.s 			page 146


 3524      A4293A6B 
 3524      1A19EB6B 
 3524      AB86D41A 
 3524      10
 3525 0f0e FD465AA1 		.ascii	"\375FZ\241A\307\014\320\030\315\213\345\032\363\245"
 3525      41C70CD0 
 3525      18CD8BE5 
 3525      1AF3A5
 3526 0f1d 81D127F9 		.ascii	"\201\321'\371\035\032t\300\000\335\350z\326\370\206"
 3526      1D1A74C0 
 3526      00DDE87A 
 3526      D6F886
 3527 0f2c B04DE6AA 		.ascii	"\260M\346\252\272B/\023\270@\340\022\201k\004.\022\270"
 3527      BA422F13 
 3527      B840E012 
 3527      816B042E 
 3527      12B8
 3528 0f3e 4EA08DC0 		.ascii	"N\240\215\300-\002w\011\334 p\207\300w\004\316\023h"
 3528      2D027709 
 3528      DC207087 
 3528      C07704CE 
 3528      1368
 3529 0f50 277085C0 		.ascii	"'p\205\300m\002\235\004:\010\264\022\370\226\300M\272"
 3529      6D029D04 
 3529      3A08B412 
 3529      F896C04D 
 3529      BA
 3530 0f61 D068E7F3 		.ascii	"\320h\347\363\265\316\233\315n\345\026.\327\240\271"
 3530      B5CE9BCD 
 3530      6EE5162E 
 3530      D7A0B9
 3531 0f70 E639E4D0 		.ascii	"\3469\344\320j\015:m\200\364\233\336N\015:g\036+\337"
 3531      6A0D3A6D 
 3531      80F49BDE 
 3531      4E0D3A67 
 3531      1E2BDF
 3532 0f83 A7577288 		.ascii	"\247Wr\210\035\027\273\206\003\327\264M\323t\334\354"
 3532      1D17BB86 
 3532      03D7B44D 
 3532      D374DCEC 
 3533 0f93 5AE6FE2F 		.ascii	"Z\346\376/4\246\336\300\350s\367\032\015"
 3533      34A6DEC0 
 3533      E873F71A 
 3533      0D
 3534 0fa0 6A30434C 		.ascii	"j0CL\321*\215i4\217\015sj=]w\362\322\311{\247\313Q]"
 3534      D12A8D69 
 3534      348F0D73 
 3534      6A3D5D77 
 3534      F2D2C97B 
 3535 0fb8 E70BEE91 		.ascii	"\347\013\356\221\177\326\214a\037\271\223N\\ Z\346\273"
 3535      7FD68C61 
 3535      1FB9934E 
 3535      5C205AE6 
 3535      BB
 3536 0fc9 AF3B9DB1 		.ascii	"\257;\235\261\3248o\363\354\331\306_G\374?\001<$\354"
 3536      D4386FF3 
 3536      ECD9C65F 
ARM GAS  C:\Users\angio\AppData\Local\Temp\ccZuRrZ2.s 			page 147


 3536      47FC3F01 
 3536      3C24EC
 3537 0fdc 6702D28A 		.ascii	"g\002\322\212I\343\012\312u\224;(\336\356\230\306P\246"
 3537      49E30ACA 
 3537      75943B28 
 3537      DEEE98C6 
 3537      50A6
 3538 0fee A0CC4029 		.ascii	"\240\314@)D\231\217\262\030e%J)\312&\224\012\224"
 3538      44998FB2 
 3538      1865254A 
 3538      29CA2694 
 3538      0A94
 3539 1000 2A941A94 		.ascii	"*\224\032\224C(\307P\276B9\205\322\330\235\245\334\034"
 3539      4328C750 
 3539      BE423985 
 3539      D2D89DA5 
 3539      DC1C
 3540 1012 F6EDA5C4 		.ascii	"\366\355\245\304JZ\272\2439\216u\035K;\344G~o\2419\362"
 3540      4A5ABAA3 
 3540      398E751D 
 3540      4B3BE447 
 3540      7E6FA139 
 3541 1027 5E59A7D5 		.ascii	"^Y\247\325;\243/\232G\247\273X\021\366j\247\372\316"
 3541      3BA32F9A 
 3541      47A7BB58 
 3541      11F66AA7 
 3541      FACE
 3542 1039 8B658B5B 		.ascii	"\213e\213[\200B\364\353\201B\241@Sy\271L|\02310\372"
 3542      8042F4EB 
 3542      8142A140 
 3542      5379B94C 
 3542      7C133130 
 3543 104e AF10AD82 		.ascii	"\257\020\255\202\231l\326\243_ls\024\230\255\3403dp"
 3543      996CD6A3 
 3543      5F6C7314 
 3543      98ADE033 
 3543      6470
 3544 1060 EA9628B0 		.ascii	"\352\226(\260J\201/\024X\255\300\"\005\326)\260T\201"
 3544      4A812F14 
 3544      58ADC022 
 3544      05D629B0 
 3544      5481
 3545 1072 B50A9428 		.ascii	"\265\012\224(\360\271\002\363\024\230\253\300J\005\026"
 3545      F0B902F3 
 3545      1498ABC0 
 3545      4A0516
 3546 1081 2AB04081 		.ascii	"*\260@\201\"\005\026+\260F\201\371\012,S`\205\002\313"
 3546      2205162B 
 3546      B04681F9 
 3546      0A2C5360 
 3546      8502CB
 3547 1094 15F84C81 		.ascii	"\025\370L\201R\205\257\272\333\302\210l\203\021\272"
 3547      5285AFBA 
 3547      DBC2886C 
 3547      8311BA
 3548 10a3 D86D17C8 		.ascii	"\330m\027\310\004\363X\030\322$\220\251\006Dw\004\277"
 3548      04F35818 
ARM GAS  C:\Users\angio\AppData\Local\Temp\ccZuRrZ2.s 			page 148


 3548      D22490A9 
 3548      06447704 
 3548      BF
 3549 10b4 24908906 		.ascii	"$\220\211\006D\237\020\317\010f\212Y\215\377\313\231"
 3549      449F10CF 
 3549      08668A59 
 3549      8DFFCB99 
 3550 10c4 60F20D8C 		.ascii	"`\362\015\214.\211_\021\3108\003\242;\327\035\026\310"
 3550      2E895F11 
 3550      C83803A2 
 3550      3BD71D16 
 3550      C8
 3551 10d5 2C03A265 		.ascii	",\003\242e\336\323\202\230n t\033\301w\002\031k\366"
 3551      DED38298 
 3551      6E20741B 
 3551      C1770219 
 3551      6BF6
 3552 10e7 1D37F7AE 		.ascii	"\0357\367\256`\274\006F\2771\335\021\314\0303\303\272"
 3552      60BC0646 
 3552      BF31DD11 
 3552      CC1833C3 
 3552      BA
 3553 10f8 6A1348AE 		.ascii	"j\023H\256\331{\374\370-\220\231\246!\361\216N\011d"
 3553      D97BFCF8 
 3553      2D9099A6 
 3553      21F18E4E 
 3553      0964
 3554 110a 8601D167 		.ascii	"\206\001\321g\330\016\301\344\230\235\307\231:\301\024"
 3554      D80EC1E4 
 3554      989DC799 
 3554      3AC114
 3555 1119 98F5A8E7 		.ascii	"\230\365\250\347\357\316\306\262\316fu\231\340\252\237"
 3555      EFCEC6B2 
 3555      CE667599 
 3555      E0AA9F
 3556 1128 66762053 		.ascii	"fv S\324y_\267\230\012\015\224\356Kr\203\350-\317<\343"
 3556      D4795FB7 
 3556      980A0D94 
 3556      EE4B7283 
 3556      E82DCF3C 
 3557 113d F497E773 		.ascii	"\364\227\347sty\313\247\232\017\266\205Du]5\260^\371"
 3557      7479CBA7 
 3557      9A0FB685 
 3557      44755D35 
 3557      B05EF9
 3558 1150 A7AF1BEC 		.ascii	"\247\257\033\354le\303%\237E\313}e\232U\033\024\025"
 3558      6C65C325 
 3558      9F45CB7D 
 3558      659A551B 
 3558      1415
 3559 1162 785870A0 		.ascii	"xXp\240&H\003\232\264\237\33462\340\300\276\226\315"
 3559      2648039A 
 3559      B49FDC36 
 3559      32E0C0BE 
 3559      96CD
 3560 1174 211AB041 		.ascii	"!\032\260A\00361`\326\241\311K#\314?\033w\375\267\333"
 3560      03363160 
ARM GAS  C:\Users\angio\AppData\Local\Temp\ccZuRrZ2.s 			page 149


 3560      D6A1C94B 
 3560      23CC3F1B 
 3560      77FDB7DB 
 3561 1188 D69AC3F9 		.ascii	"\326\232\303\371:K|\232\236-LO\301\201\223\223\273i"
 3561      3A4B7C9A 
 3561      9E2D4C4F 
 3561      C1819393 
 3561      BB69
 3562 119a 5978B312 		.ascii	"Yx\263\022\340\2778\362\366\202\375nMI\215\246d\033"
 3562      E0BF38F2 
 3562      F682FD6E 
 3562      4D498DA6 
 3562      641B
 3563 11ac 53B2B069 		.ascii	"S\262\260i\332*\335\017i\247\265Sn9\003f6\235\031\257"
 3563      DA2ADD0F 
 3563      69A7B553 
 3563      6E390366 
 3563      369D19AF 
 3564 11c0 68C0610D 		.ascii	"h\300a\015\250`@E\307\262k:\207\\\325\200\355\012\377"
 3564      A8604045 
 3564      C7B26B3A 
 3564      875CD580 
 3564      ED0AFF
 3565 11d3 29CEA2E6 		.ascii	")\316\242\346\353\201\010\037?{\2762\202\333\374\337"
 3565      EB81081F 
 3565      3F7BBE32 
 3565      82DBFCDF 
 3566 11e3 F00DC04E 		.ascii	"\360\015\300N\005v\320\024H'\366\010\333]V.\2355O\367"
 3566      0576D014 
 3566      4827F608 
 3566      DB5D562E 
 3566      9D354FF7 
 3567 11f7 9F6C9F36 		.ascii	"\237l\2376\005\273X\217{\326\354\231.k\300XmP\225\014"
 3567      05BB588F 
 3567      7BD6EC99 
 3567      2E6BC058 
 3567      6D50950C 
 3568 120b D876EFC8 		.ascii	"\330v\357\310\325`\015\250\327L\332\215\000\371\266"
 3568      D5600DA8 
 3568      D74CDA8D 
 3568      00F9B6
 3569 121a 3B3FCC02 		.ascii	";?\314\002\271\307\267\224'\350\177\305\346\335\312"
 3569      B9C7B794 
 3569      27E87FC5 
 3569      E6DDCA
 3570 1229 B605FC81 		.ascii	"\266\005\374\201\\Q\177 W\350o\251\273&\315\014\327"
 3570      5C517F20 
 3570      57E86FA9 
 3570      BB26CD0C 
 3570      D7
 3571 123a DB5FA5B0 		.ascii	"\333_\245\260\270\257QT\216\366~e\373\374U\026\301\\"
 3571      B8AF5154 
 3571      8EF67E65 
 3571      FBFC5516 
 3571      C15C
 3572 124c 3033F427 		.ascii	"03\364'\374\333\233:|E\226\002oN!\246\217\375\270!)"
 3572      FCDB9B3A 
ARM GAS  C:\Users\angio\AppData\Local\Temp\ccZuRrZ2.s 			page 150


 3572      7C459602 
 3572      6F4E21A6 
 3572      8FFDB821 
 3573 1261 902D0B72 		.ascii	"\220-\013r\217\002\251#\367GH\304>@\012\211\317\030"
 3573      8F02A923 
 3573      F74748C4 
 3573      3E400A89 
 3573      CF18
 3574 1273 F5F18B89 		.ascii	"\365\361\213\211\275GI\266\204\264\214\254\304\321\275"
 3574      BD4749B6 
 3574      84B48CAC 
 3574      C4D1BD
 3575 1282 47F597AC 		.ascii	"G\365\227\254)\231\211\356\344\324\344\254\201}\372"
 3575      299989EE 
 3575      E4D4E4AC 
 3575      817DFA
 3576 1291 C4E05F42 		.ascii	"\304\340_BR\362\210\344\264L\207\335n\217I\313\214I"
 3576      52F288E4 
 3576      B44C87DD 
 3576      6E8F49CB 
 3576      8C49
 3577 12a3 8A4F8949 		.ascii	"\212O\211IG83&\356\3557\3729\330\347\313\375G\217\246"
 3577      47383326 
 3577      EEED37FA 
 3577      39D8E7CB 
 3577      FD478FA6 
 3578 12b7 6FDC2929 		.ascii	"o\334))\236>\011\326\227\337|\247\207\323\376\242\024"
 3578      9E3E09D6 
 3578      97DF7CA7 
 3578      87D3FEA2 
 3578      14
 3579 12c8 251EF519 		.ascii	"%\036\365\031\321w\300\200\001\366\276vi\200\363w\357"
 3579      D177C080 
 3579      01F6BE76 
 3579      6980F377 
 3579      EF
 3580 12d9 39A9CAB8 		.ascii	"9\251\312\270\254\217<\311i\357}\222\226\361Afz|B\242"
 3580      AC8F3CC9 
 3580      69EF7D92 
 3580      96F14166 
 3580      7A7C42A2 
 3581 12ed FBA3CCC4 		.ascii	"\373\243\314\304\214\367\\o\367\346\032_\354\357\212"
 3581      8CF75C6F 
 3581      F7E61A5F 
 3581      ECEF8A
 3582 12fc EDFDE63B 		.ascii	"\355\375\346;\316\327c\337\032\320_\372\343\2172\346"
 3582      CED763DF 
 3582      1AD05FFA 
 3582      E38F32E6 
 3583 130c F5D787C6 		.ascii	"\365\327\207\306\270\234\316\217\3551\231Y\243\3729"
 3583      B89CCE8F 
 3583      ED319959 
 3583      A3FA39
 3584 131b DC38943E 		.ascii	"\3348\224>\311\251\011tL\311\352\230\036WM\262\252&"
 3584      C9A90974 
 3584      4CC9EA98 
 3584      1E574DB2 
ARM GAS  C:\Users\angio\AppData\Local\Temp\ccZuRrZ2.s 			page 151


 3584      AA26
 3585 132d 2C2933D9 		.ascii	",)3\331>\300\235\230\032?\"%\361O\217\245J\325\240*"
 3585      3EC09D98 
 3585      1A3F2225 
 3585      F14F8FA5 
 3585      4AD5A02A 
 3586 1341 0B67CA3C 		.ascii	"\013g\312<\311\231T[(\253e$f&f\321n\372\017\374\277"
 3586      C999545B 
 3586      28AB6524 
 3586      662666D1 
 3586      6EFA0FFC 
 3587 1356 76D37FA0 		.ascii	"v\323\177\240\332\215-\011\247\223\251z\274\301'q\037"
 3587      DA8D2D09 
 3587      A793A97A 
 3587      BCC12771 
 3587      1F
 3588 1367 764B4F49 		.ascii	"vKOIq\247\246e\271S\322\022>H\364\004\271\207\244\245"
 3588      71A7A665 
 3588      B953D212 
 3588      3E48F404 
 3588      B987A4A5 
 3589 137b A53C9E4A 		.ascii	"\245<\236J\324\244\252\264\214\360\250\263\362\207\307"
 3589      D4A4AAB4 
 3589      8CF0A8B3 
 3589      F287C7
 3590 138a D232C2C3 		.ascii	"\3222\302\303\346\026\225\250n\013\037\231\022\237\231"
 3590      E61695A8 
 3590      6E0B1F99 
 3590      129F99
 3591 1399 E4C6923B 		.ascii	"\344\306\222;>!\303\372Qrj\026RY/=n\030K\377\306\213"
 3591      3E21C3FA 
 3591      51726A16 
 3591      52592F3D 
 3591      6E184BFF 
 3592 13af AACACCAC 		.ascii	"\252\312\314\254\370\254\344\004w\372'\031?\013\360"
 3592      F8ACE404 
 3592      77FA2719 
 3592      3F0BF0
 3593 13be 38813A25 		.ascii	"8\201:%34-3>%\356\323\314W\342S\262\224\204\244\370"
 3593      33342D33 
 3593      3E25EED3 
 3593      CC57E253 
 3593      B29484A4 
 3594 13d3 8CE71FD9 		.ascii	"\214\347\037\3317%c2\262z\247&\263r\237$\351I\277^U"
 3594      37256332 
 3594      B27AA726 
 3594      B3729F24 
 3594      E949BF5E 
 3595 13e8 993B2129 		.ascii	"\231;!)\021?\2632\02216\342S\022R>H\030\371\276;\253"
 3595      113FB332 
 3595      123136E2 
 3595      5312523E 
 3595      4818F9BE 
 3596 13fe 0B9411FF 		.ascii	"\013\224\021\377\211;\363\223\344\254\204\2440\377\013"
 3596      893BF393 
 3596      E4AC84A4 
 3596      30FF0B
ARM GAS  C:\Users\angio\AppData\Local\Temp\ccZuRrZ2.s 			page 152


 3597 140d EAD048E6 		.ascii	"\352\320H\346!\306\320\007O\370\337\276\2176\263\307"
 3597      21C6D007 
 3597      4FF8DFBE 
 3597      8F36B3C7 
 3598 141d E969E820 		.ascii	"\351i\350 \033S\235\236\345\316\012\301\342\310\214"
 3598      1B539D9E 
 3598      E5CE0AC1 
 3598      E2C88C
 3599 142c C40FDD59 		.ascii	"\304\017\335Y?3\366\301\364\273G\245y\022C\022\222\370"
 3599      3F33F6C1 
 3599      F4BB47A5 
 3599      79124312 
 3599      92F8
 3600 143e F09E0B38 		.ascii	"\360\236\0138\262\214\254\030\234\222\224\217<\211\370"
 3600      B28CAC18 
 3600      9C92948F 
 3600      3C89F8
 3601 144d 26313E23 		.ascii	"&1>#\345S\034\227%9\343\303W\321\206\337\377\203\023"
 3601      E5531C97 
 3601      2539E3C3 
 3601      57D186DF 
 3601      FF8313
 3602 1460 C1C6909C 		.ascii	"\301\306\220\234\231\201:\254\251\037''P%\375\177@I"
 3602      99813AAC 
 3602      A91F2727 
 3602      5025FD7F 
 3602      4049
 3603 1472 42DAA851 		.ascii	"B\332\250Qi\2511\203]o8\337\030\035C[Q\013<\243\342"
 3603      69A93183 
 3603      5D6F38DF 
 3603      181D435B 
 3603      510B3CA3 
 3604 1487 7FBC0534 		.ascii	"\177\274\0054\316\206\2761X\304\0316F\035\266\217\323"
 3604      CE86BE31 
 3604      58C41936 
 3604      461DB68F 
 3604      D3
 3605 1498 32D1DDA9 		.ascii	"2\321\335\251\357':\254\030\277\031\356Q\311\251\274"
 3605      EF273AAC 
 3605      18BF19EE 
 3605      51C9A9BC 
 3606 14a8 103F9A16 		.ascii	"\020?\232\026>\364?\371\320\377$\335\377$\235>\261a"
 3606      3EF43FF9 
 3606      D0FF24DD 
 3606      FF249D3E 
 3606      B161
 3607 14ba E1E38434 		.ascii	"\341\343\2044\372L\024\343G\207`19\225>\364\227\220"
 3607      FA4C14E3 
 3607      47876031 
 3607      39953EF4 
 3607      9790
 3608 14cc CCFC3413 		.ascii	"\314\3744\023'\205\026#YLg%a\204'\245\245x2#\360]V\342"
 3608      27851623 
 3608      594C6725 
 3608      618427A5 
 3608      A5783223 
 3609 14e4 28774AF2 		.ascii	"(wJ\362\250\344\254LwV\2440\313\356\036\221\226\226"
ARM GAS  C:\Users\angio\AppData\Local\Temp\ccZuRrZ2.s 			page 153


 3609      A8E4AC4C 
 3609      7756A430 
 3609      CBEE1E91 
 3609      9696
 3610 14f6 99D55DF7 		.ascii	"\231\325]\367 5M}\024\222\224\236\221\350I\376\270\217"
 3610      20354D7D 
 3610      1492949E 
 3610      91E849FE 
 3610      B88F
 3611 1508 DDC24B21 		.ascii	"\335\302K!\351\374I_\013/\205\351\202\"\263;\015\000"
 3611      E9FC495F 
 3611      0B2F85E9 
 3611      8222B33B 
 3611      0D00
 3612 151a 1E719EC4 		.ascii	"\036q\236\304\221\361\037\245d\2050Cpa\205f$$\320\025"
 3612      91F11FA5 
 3612      64853043 
 3612      70618566 
 3612      2424D015 
 3613 152e 8C2F33AC 		.ascii	"\214/3\254\264L\013\301j!\303\202\313\003o/\360\273"
 3613      B44C0BC1 
 3613      6A21C382 
 3613      CB036F2F 
 3613      F0BB
 3614 1540 83DFED21 		.ascii	"\203\337\355!\354uFB\306\343\256\306$)\"N\035\2713-"
 3614      EC754642 
 3614      C6E3AEC6 
 3614      2429224E 
 3614      1DB9332D 
 3615 1554 23D1496D 		.ascii	"#\321Im\215\324\031\251\256\377 \247\313\345t\021g\234"
 3615      8DD419A9 
 3615      AEFF20A7 
 3615      CBE57411 
 3615      679C
 3616 1566 4B1932D4 		.ascii	"K\0312\324\351\012q\305\306\305\272\376\022;\364\245"
 3616      E90A71C5 
 3616      C6C5BAFE 
 3616      123BF4A5 
 3617 1576 20A7F3D5 		.ascii	" \247\363\325\341Z}`\310\340\341C\034qo\304\276\351"
 3617      E15A7D60 
 3617      C8E0E143 
 3617      1C716FC4 
 3617      BEE9
 3618 1588 B261C9AE 		.ascii	"\262a\311\256\226\034Z\321.\310\027C\006\2772\244\237"
 3618      961C5AD1 
 3618      2EC81743 
 3618      06BF32A4 
 3618      9F
 3619 1599 FA90961C 		.ascii	"\372\220\226\034\242\304@\301\015\260P\215\370\304J"
 3619      A2C440C1 
 3619      0DB0508D 
 3619      F8C44A
 3620 15a8 95506DFE 		.ascii	"\225Pm\376\202\246\353\005\013\325\205\217\350\335\301"
 3620      82A6EB05 
 3620      0BD5858F 
 3620      E8DDC1
 3621 15b7 EF76BD96 		.ascii	"\357v\275\226\376\264\221\303\025\367\266\213\032h\247"
ARM GAS  C:\Users\angio\AppData\Local\Temp\ccZuRrZ2.s 			page 154


 3621      FEB491C3 
 3621      15F7B68B 
 3621      1A68A7
 3622 15c6 05872869 		.ascii	"\005\207(i\212\372Y\251\"\372\214\026\034\376\202J\011"
 3622      8AFA59A9 
 3622      22FA8C16 
 3622      1CFE824A 
 3622      09
 3623 15d7 C8A1385F 		.ascii	"\310\2418_u\272\360c\030\375\210\325^hz\372Z\206\277"
 3623      75BAF063 
 3623      18FD88D5 
 3623      5E687AFA 
 3623      5A86BF
 3624 15ea FEBA73D8 		.ascii	"\376\272s\330\313\010\340G\320\253\3168\247Kv\272\202"
 3624      CB08E047 
 3624      D0ABCE38 
 3624      A74B76BA 
 3624      82
 3625 15fb 55673902 		.ascii	"Ug9\002/\025\276\272\022Gg\341\024u]\252\357\343\226"
 3625      2F15BEBA 
 3625      124767E1 
 3625      14755DAA 
 3625      EFE396
 3626 160e 3D7A34CE 		.ascii	"=z4\316T(fi\367\333\237\246'\016M\034\031\024\027\353"
 3626      54286669 
 3626      F7DB9FA6 
 3626      270E4D1C 
 3626      191417EB 
 3627 1622 B4BB82FF 		.ascii	"\264\273\202\377\352\032\356\030\302n\203]\326\341N"
 3627      EA1AEE18 
 3627      C26E835D 
 3627      D6E14E
 3628 1631 D75BC31D 		.ascii	"\327[\303\035\261\376B\234\372\302\316\336\333\375\357"
 3628      B1FE429C 
 3628      FAC2CEDE 
 3628      DBFDEF
 3629 1640 EDFEF776 		.ascii	"\355\376\367v\234\320\267\206\277\355Rb\235ha\234\313"
 3629      9CD0B786 
 3629      BFED5262 
 3629      9D68619C 
 3629      CB
 3630 1651 8295D762 		.ascii	"\202\225\327b\337u)\364#x\370Pz#\203\235.\332\225\303"
 3630      DF7529F4 
 3630      2378F850 
 3630      7A23839D 
 3630      2EDA95C3 
 3631 1665 153EECF5 		.ascii	"\025>\354\365\301q\257\210\356\207c$\274\0344\374\035"
 3631      C171AF88 
 3631      EE876324 
 3631      BC1C34FC 
 3631      1D
 3632 1676 F513CBC3 		.ascii	"\365\023\313\303\324\3620\265\034\253\226c\325\362P"
 3632      D4F230B5 
 3632      1CAB9663 
 3632      D5F250
 3633 1685 B53C542D 		.ascii	"\265<T-;\325\262S-\017Q\313C\324\362`\265<\330\352\367"
 3633      3BD5B253 
ARM GAS  C:\Users\angio\AppData\Local\Temp\ccZuRrZ2.s 			page 155


 3633      2D0F51CB 
 3633      43D4F260 
 3633      B53CD8EA 
 3634 169a 20418F91 		.ascii	" A\217\2218\227\003\305N\234\256\376(\375P\034(\264"
 3634      389703C5 
 3634      4E9CAEFE 
 3634      28FD501C 
 3634      28B4
 3635 16ac FE42E8F0 		.ascii	"\376B\350\360\277\272\374\206\330\334\356\221\037\245"
 3635      BFBAFC86 
 3635      D8DCEE91 
 3635      1FA5
 3636 16ba 26B8DD7D 		.ascii	"&\270\335}\034V\177\361\177\001\273\335\343\362"
 3636      1C567FF1 
 3636      7F01BBDD 
 3636      E3F2
 3637              		.text
 3638              		.section	.gnu.lto_.symtab.1f2b796a,"e",%progbits
 3639 0000 68616C5F 		.ascii	"hal_lld_init\000"
 3639      6C6C645F 
 3639      696E6974 
 3639      00
 3640 000d 00       		.ascii	"\000"
 3641 000e 00       		.ascii	"\000"
 3642 000f 00       		.ascii	"\000"
 3643 0010 00000000 		.ascii	"\000\000\000\000\000\000\000\000"
 3643      00000000 
 3644 0018 F7000000 		.ascii	"\367\000\000\000"
 3645 001c 73746D33 		.ascii	"stm32_clock_init\000"
 3645      325F636C 
 3645      6F636B5F 
 3645      696E6974 
 3645      00
 3646 002d 00       		.ascii	"\000"
 3647 002e 00       		.ascii	"\000"
 3648 002f 00       		.ascii	"\000"
 3649 0030 00000000 		.ascii	"\000\000\000\000\000\000\000\000"
 3649      00000000 
 3650 0038 F9000000 		.ascii	"\371\000\000\000"
 3651 003c 68616C5F 		.ascii	"hal_clkcfg_default\000"
 3651      636C6B63 
 3651      66675F64 
 3651      65666175 
 3651      6C7400
 3652 004f 00       		.ascii	"\000"
 3653 0050 00       		.ascii	"\000"
 3654 0051 00       		.ascii	"\000"
 3655 0052 00000000 		.ascii	"\000\000\000\000\000\000\000\000"
 3655      00000000 
 3656 005a 5F010000 		.ascii	"_\001\000\000"
 3657 005e 68616C5F 		.ascii	"hal_lld_get_clock_point\000"
 3657      6C6C645F 
 3657      6765745F 
 3657      636C6F63 
 3657      6B5F706F 
 3658 0076 00       		.ascii	"\000"
 3659 0077 00       		.ascii	"\000"
ARM GAS  C:\Users\angio\AppData\Local\Temp\ccZuRrZ2.s 			page 156


 3660 0078 00       		.ascii	"\000"
 3661 0079 00000000 		.ascii	"\000\000\000\000\000\000\000\000"
 3661      00000000 
 3662 0081 03010000 		.ascii	"\003\001\000\000"
 3663 0085 68616C5F 		.ascii	"hal_lld_clock_switch_mode\000"
 3663      6C6C645F 
 3663      636C6F63 
 3663      6B5F7377 
 3663      69746368 
 3664 009f 00       		.ascii	"\000"
 3665 00a0 00       		.ascii	"\000"
 3666 00a1 00       		.ascii	"\000"
 3667 00a2 00000000 		.ascii	"\000\000\000\000\000\000\000\000"
 3667      00000000 
 3668 00aa 05010000 		.ascii	"\005\001\000\000"
 3669 00ae 53797374 		.ascii	"SystemCoreClock\000"
 3669      656D436F 
 3669      7265436C 
 3669      6F636B00 
 3670 00be 00       		.ascii	"\000"
 3671 00bf 00       		.ascii	"\000"
 3672 00c0 00       		.ascii	"\000"
 3673 00c1 00000000 		.ascii	"\000\000\000\000\000\000\000\000"
 3673      00000000 
 3674 00c9 62010000 		.ascii	"b\001\000\000"
 3675 00cd 68616C5F 		.ascii	"hal_clkcfg_reset\000"
 3675      636C6B63 
 3675      66675F72 
 3675      65736574 
 3675      00
 3676 00de 00       		.ascii	"\000"
 3677 00df 00       		.ascii	"\000"
 3678 00e0 00       		.ascii	"\000"
 3679 00e1 00000000 		.ascii	"\000\000\000\000\000\000\000\000"
 3679      00000000 
 3680 00e9 64010000 		.ascii	"d\001\000\000"
 3681 00ed 63685379 		.ascii	"chSysHalt\000"
 3681      7348616C 
 3681      7400
 3682 00f7 00       		.ascii	"\000"
 3683 00f8 02       		.ascii	"\002"
 3684 00f9 00       		.ascii	"\000"
 3685 00fa 00000000 		.ascii	"\000\000\000\000\000\000\000\000"
 3685      00000000 
 3686 0102 07010000 		.ascii	"\007\001\000\000"
 3687 0106 69727149 		.ascii	"irqInit\000"
 3687      6E697400 
 3688 010e 00       		.ascii	"\000"
 3689 010f 02       		.ascii	"\002"
 3690 0110 00       		.ascii	"\000"
 3691 0111 00000000 		.ascii	"\000\000\000\000\000\000\000\000"
 3691      00000000 
 3692 0119 09010000 		.ascii	"\011\001\000\000"
 3693 011d 6E766963 		.ascii	"nvicInit\000"
 3693      496E6974 
 3693      00
 3694 0126 00       		.ascii	"\000"
ARM GAS  C:\Users\angio\AppData\Local\Temp\ccZuRrZ2.s 			page 157


 3695 0127 02       		.ascii	"\002"
 3696 0128 00       		.ascii	"\000"
 3697 0129 00000000 		.ascii	"\000\000\000\000\000\000\000\000"
 3697      00000000 
 3698 0131 0B010000 		.ascii	"\013\001\000\000"
 3699 0135 646D6149 		.ascii	"dmaInit\000"
 3699      6E697400 
 3700 013d 00       		.ascii	"\000"
 3701 013e 02       		.ascii	"\002"
 3702 013f 00       		.ascii	"\000"
 3703 0140 00000000 		.ascii	"\000\000\000\000\000\000\000\000"
 3703      00000000 
 3704 0148 0D010000 		.ascii	"\015\001\000\000"
 3705              		.text
 3706              		.section	.gnu.lto_.ext_symtab.1f2b796a,"e",%progbits
 3707 0000 01       		.ascii	"\001"
 3708 0001 01       		.ascii	"\001"
 3709 0002 00       		.ascii	"\000"
 3710 0003 01       		.ascii	"\001"
 3711 0004 00       		.ascii	"\000"
 3712 0005 02       		.ascii	"\002"
 3713 0006 00       		.ascii	"\000"
 3714 0007 01       		.ascii	"\001"
 3715 0008 00       		.ascii	"\000"
 3716 0009 01       		.ascii	"\001"
 3717 000a 00       		.ascii	"\000"
 3718 000b 02       		.ascii	"\002"
 3719 000c 00       		.ascii	"\000"
 3720 000d 02       		.ascii	"\002"
 3721 000e 00       		.ascii	"\000"
 3722 000f 01       		.ascii	"\001"
 3723 0010 00       		.ascii	"\000"
 3724 0011 01       		.ascii	"\001"
 3725 0012 00       		.ascii	"\000"
 3726 0013 01       		.ascii	"\001"
 3727 0014 00       		.ascii	"\000"
 3728 0015 01       		.ascii	"\001"
 3729 0016 00       		.ascii	"\000"
 3730              		.text
 3731              		.section	.gnu.lto_.opts,"e",%progbits
 3732 0000 272D666E 		.ascii	"'-fno-openmp' '-fno-openacc' '-fno-pie' '-fcf-prote"
 3732      6F2D6F70 
 3732      656E6D70 
 3732      2720272D 
 3732      666E6F2D 
 3733 0033 6374696F 		.ascii	"ction=none' '-g' '-mcpu=cortex-m4' '-mthumb' '-mflo"
 3733      6E3D6E6F 
 3733      6E652720 
 3733      272D6727 
 3733      20272D6D 
 3734 0066 61742D61 		.ascii	"at-abi=soft' '-mlibarch=armv7e-m' '-march=armv7e-m'"
 3734      62693D73 
 3734      6F667427 
 3734      20272D6D 
 3734      6C696261 
 3735 0099 20272D4F 		.ascii	" '-O0' '-fomit-frame-pointer' '-falign-functions=16"
 3735      30272027 
ARM GAS  C:\Users\angio\AppData\Local\Temp\ccZuRrZ2.s 			page 158


 3735      2D666F6D 
 3735      69742D66 
 3735      72616D65 
 3736 00cc 2720272D 		.ascii	"' '-ffunction-sections' '-fdata-sections' '-fno-com"
 3736      6666756E 
 3736      6374696F 
 3736      6E2D7365 
 3736      6374696F 
 3737 00ff 6D6F6E27 		.ascii	"mon' '-flto' '-Xassembler' '-alms=./build/lst/hal_l"
 3737      20272D66 
 3737      6C746F27 
 3737      20272D58 
 3737      61737365 
 3738 0132 6C642E6C 		.ascii	"ld.lst'\000"
 3738      73742700 
 3739              		.text
 3740              		.comm	__gnu_lto_slim,1,1
 3741              		.ident	"GCC: (GNU Arm Embedded Toolchain 10.3-2021.10) 10.3.1 20210824 (release)"
ARM GAS  C:\Users\angio\AppData\Local\Temp\ccZuRrZ2.s 			page 159


DEFINED SYMBOLS
                            *ABS*:00000000 hal_lld.c
C:\Users\angio\AppData\Local\Temp\ccZuRrZ2.s:32     .gnu.debuglto_.debug_info:00000000 hal_lld.c.b0666101
                            *COM*:00000001 __gnu_lto_slim

NO UNDEFINED SYMBOLS
