ARM GAS  C:\Users\angio\AppData\Local\Temp\cclm2ufc.s 			page 1


   1              		.cpu cortex-m4
   2              		.arch armv7e-m
   3              		.fpu softvfp
   4              		.eabi_attribute 20, 1
   5              		.eabi_attribute 21, 1
   6              		.eabi_attribute 23, 3
   7              		.eabi_attribute 24, 1
   8              		.eabi_attribute 25, 1
   9              		.eabi_attribute 26, 1
  10              		.eabi_attribute 30, 6
  11              		.eabi_attribute 34, 1
  12              		.eabi_attribute 18, 4
  13              		.file	"hal_pal_lld.c"
  14              		.file 1 "c:\\chibistudio\\tools\\gnu tools arm embedded\\10.3 2021.10\\arm-none-eabi\\include\\mac
  15              		.file 2 "c:\\chibistudio\\tools\\gnu tools arm embedded\\10.3 2021.10\\arm-none-eabi\\include\\sys
  16              		.file 3 "../../chibios2111/os/rt/include/chearly.h"
  17              		.file 4 "../../chibios2111/os/rt/include/chlists.h"
  18              		.file 5 "../../chibios2111/os/common/ext/ST/STM32G4xx/stm32g474xx.h"
  19              		.file 6 "../../chibios2111/os/rt/include/chobjects.h"
  20              		.file 7 "../../chibios2111/os/hal/include/hal_pal.h"
  21              		.file 8 "../../chibios2111/os/hal/ports/STM32/LLD/GPIOv2/stm32_gpio.h"
  22              		.file 9 "../../chibios2111/os/hal/ports/STM32/LLD/GPIOv2/hal_pal_lld.h"
  23              		.file 10 "../../chibios2111/os/hal/ports/STM32/LLD/GPIOv2/hal_pal_lld.c"
  24              		.file 11 "../../chibios2111/os/hal/osal/rt-nil/osal.h"
  25              		.file 12 "../../chibios2111/os/rt/include/chthreads.h"
  26              		.section	.gnu.debuglto_.debug_info,"e",%progbits
  27              	.Ldebug_info0:
  28              		.hidden	hal_pal_lld.c.57ea6c80
  29              		.weak	hal_pal_lld.c.57ea6c80
  30              	hal_pal_lld.c.57ea6c80:
  31 0000 9B060000 		.4byte	0x69b
  32 0004 0400     		.2byte	0x4
  33 0006 00000000 		.4byte	.Ldebug_abbrev0
  34 000a 04       		.byte	0x4
  35 000b 01       		.uleb128 0x1
  36 000c E5030000 		.4byte	.LASF89
  37 0010 0C       		.byte	0xc
  38 0011 9B000000 		.4byte	.LASF90
  39 0015 26000000 		.4byte	.LASF91
  40 0019 00000000 		.4byte	.Ldebug_line0
  41 001d 02       		.uleb128 0x2
  42 001e 04       		.byte	0x4
  43 001f 05       		.byte	0x5
  44 0020 696E7400 		.ascii	"int\000"
  45 0024 03       		.uleb128 0x3
  46 0025 04       		.byte	0x4
  47 0026 07       		.byte	0x7
  48 0027 A2030000 		.4byte	.LASF0
  49 002b 03       		.uleb128 0x3
  50 002c 08       		.byte	0x8
  51 002d 05       		.byte	0x5
  52 002e E4000000 		.4byte	.LASF1
  53 0032 03       		.uleb128 0x3
  54 0033 08       		.byte	0x8
  55 0034 04       		.byte	0x4
  56 0035 8D010000 		.4byte	.LASF2
  57 0039 03       		.uleb128 0x3
ARM GAS  C:\Users\angio\AppData\Local\Temp\cclm2ufc.s 			page 2


  58 003a 01       		.byte	0x1
  59 003b 06       		.byte	0x6
  60 003c 37020000 		.4byte	.LASF3
  61 0040 03       		.uleb128 0x3
  62 0041 01       		.byte	0x1
  63 0042 08       		.byte	0x8
  64 0043 0B020000 		.4byte	.LASF4
  65 0047 03       		.uleb128 0x3
  66 0048 02       		.byte	0x2
  67 0049 05       		.byte	0x5
  68 004a 7C000000 		.4byte	.LASF5
  69 004e 04       		.uleb128 0x4
  70 004f 0B010000 		.4byte	.LASF7
  71 0053 01       		.byte	0x1
  72 0054 39       		.byte	0x39
  73 0055 19       		.byte	0x19
  74 0056 5A000000 		.4byte	0x5a
  75 005a 03       		.uleb128 0x3
  76 005b 02       		.byte	0x2
  77 005c 07       		.byte	0x7
  78 005d 8A020000 		.4byte	.LASF6
  79 0061 04       		.uleb128 0x4
  80 0062 28020000 		.4byte	.LASF8
  81 0066 01       		.byte	0x1
  82 0067 4D       		.byte	0x4d
  83 0068 18       		.byte	0x18
  84 0069 6D000000 		.4byte	0x6d
  85 006d 03       		.uleb128 0x3
  86 006e 04       		.byte	0x4
  87 006f 05       		.byte	0x5
  88 0070 C9010000 		.4byte	.LASF9
  89 0074 04       		.uleb128 0x4
  90 0075 F2000000 		.4byte	.LASF10
  91 0079 01       		.byte	0x1
  92 007a 4F       		.byte	0x4f
  93 007b 19       		.byte	0x19
  94 007c 80000000 		.4byte	0x80
  95 0080 03       		.uleb128 0x3
  96 0081 04       		.byte	0x4
  97 0082 07       		.byte	0x7
  98 0083 1A030000 		.4byte	.LASF11
  99 0087 03       		.uleb128 0x3
 100 0088 08       		.byte	0x8
 101 0089 07       		.byte	0x7
 102 008a 4A020000 		.4byte	.LASF12
 103 008e 04       		.uleb128 0x4
 104 008f 77020000 		.4byte	.LASF13
 105 0093 02       		.byte	0x2
 106 0094 24       		.byte	0x24
 107 0095 14       		.byte	0x14
 108 0096 4E000000 		.4byte	0x4e
 109 009a 04       		.uleb128 0x4
 110 009b B1020000 		.4byte	.LASF14
 111 009f 02       		.byte	0x2
 112 00a0 2C       		.byte	0x2c
 113 00a1 13       		.byte	0x13
 114 00a2 61000000 		.4byte	0x61
ARM GAS  C:\Users\angio\AppData\Local\Temp\cclm2ufc.s 			page 3


 115 00a6 04       		.uleb128 0x4
 116 00a7 61020000 		.4byte	.LASF15
 117 00ab 02       		.byte	0x2
 118 00ac 30       		.byte	0x30
 119 00ad 14       		.byte	0x14
 120 00ae 74000000 		.4byte	0x74
 121 00b2 05       		.uleb128 0x5
 122 00b3 A6000000 		.4byte	0xa6
 123 00b7 04       		.uleb128 0x4
 124 00b8 19020000 		.4byte	.LASF16
 125 00bc 03       		.byte	0x3
 126 00bd 58       		.byte	0x58
 127 00be 19       		.byte	0x19
 128 00bf 9A000000 		.4byte	0x9a
 129 00c3 03       		.uleb128 0x3
 130 00c4 01       		.byte	0x1
 131 00c5 08       		.byte	0x8
 132 00c6 AC020000 		.4byte	.LASF17
 133 00ca 06       		.uleb128 0x6
 134 00cb C3000000 		.4byte	0xc3
 135 00cf 04       		.uleb128 0x4
 136 00d0 50010000 		.4byte	.LASF18
 137 00d4 04       		.byte	0x4
 138 00d5 3F       		.byte	0x3f
 139 00d6 19       		.byte	0x19
 140 00d7 DB000000 		.4byte	0xdb
 141 00db 07       		.uleb128 0x7
 142 00dc 80030000 		.4byte	.LASF41
 143 00e0 08       		.byte	0x8
 144 00e1 04       		.byte	0x4
 145 00e2 45       		.byte	0x45
 146 00e3 08       		.byte	0x8
 147 00e4 03010000 		.4byte	0x103
 148 00e8 08       		.uleb128 0x8
 149 00e9 E0030000 		.4byte	.LASF19
 150 00ed 04       		.byte	0x4
 151 00ee 46       		.byte	0x46
 152 00ef 1A       		.byte	0x1a
 153 00f0 03010000 		.4byte	0x103
 154 00f4 00       		.byte	0
 155 00f5 08       		.uleb128 0x8
 156 00f6 32020000 		.4byte	.LASF20
 157 00fa 04       		.byte	0x4
 158 00fb 47       		.byte	0x47
 159 00fc 1A       		.byte	0x1a
 160 00fd 03010000 		.4byte	0x103
 161 0101 04       		.byte	0x4
 162 0102 00       		.byte	0
 163 0103 09       		.uleb128 0x9
 164 0104 04       		.byte	0x4
 165 0105 CF000000 		.4byte	0xcf
 166 0109 0A       		.uleb128 0xa
 167 010a 38       		.byte	0x38
 168 010b 05       		.byte	0x5
 169 010c B301     		.2byte	0x1b3
 170 010e 09       		.byte	0x9
 171 010f D8010000 		.4byte	0x1d8
ARM GAS  C:\Users\angio\AppData\Local\Temp\cclm2ufc.s 			page 4


 172 0113 0B       		.uleb128 0xb
 173 0114 2C030000 		.4byte	.LASF21
 174 0118 05       		.byte	0x5
 175 0119 B501     		.2byte	0x1b5
 176 011b 11       		.byte	0x11
 177 011c B2000000 		.4byte	0xb2
 178 0120 00       		.byte	0
 179 0121 0B       		.uleb128 0xb
 180 0122 F4020000 		.4byte	.LASF22
 181 0126 05       		.byte	0x5
 182 0127 B601     		.2byte	0x1b6
 183 0129 11       		.byte	0x11
 184 012a B2000000 		.4byte	0xb2
 185 012e 04       		.byte	0x4
 186 012f 0B       		.uleb128 0xb
 187 0130 5C000000 		.4byte	.LASF23
 188 0134 05       		.byte	0x5
 189 0135 B701     		.2byte	0x1b7
 190 0137 11       		.byte	0x11
 191 0138 B2000000 		.4byte	0xb2
 192 013c 08       		.byte	0x8
 193 013d 0B       		.uleb128 0xb
 194 013e 74030000 		.4byte	.LASF24
 195 0142 05       		.byte	0x5
 196 0143 B801     		.2byte	0x1b8
 197 0145 11       		.byte	0x11
 198 0146 B2000000 		.4byte	0xb2
 199 014a 0C       		.byte	0xc
 200 014b 0B       		.uleb128 0xb
 201 014c 6A010000 		.4byte	.LASF25
 202 0150 05       		.byte	0x5
 203 0151 B901     		.2byte	0x1b9
 204 0153 11       		.byte	0x11
 205 0154 B2000000 		.4byte	0xb2
 206 0158 10       		.byte	0x10
 207 0159 0C       		.uleb128 0xc
 208 015a 50523100 		.ascii	"PR1\000"
 209 015e 05       		.byte	0x5
 210 015f BA01     		.2byte	0x1ba
 211 0161 11       		.byte	0x11
 212 0162 B2000000 		.4byte	0xb2
 213 0166 14       		.byte	0x14
 214 0167 0B       		.uleb128 0xb
 215 0168 FE020000 		.4byte	.LASF26
 216 016c 05       		.byte	0x5
 217 016d BB01     		.2byte	0x1bb
 218 016f 11       		.byte	0x11
 219 0170 A6000000 		.4byte	0xa6
 220 0174 18       		.byte	0x18
 221 0175 0B       		.uleb128 0xb
 222 0176 08030000 		.4byte	.LASF27
 223 017a 05       		.byte	0x5
 224 017b BC01     		.2byte	0x1bc
 225 017d 11       		.byte	0x11
 226 017e A6000000 		.4byte	0xa6
 227 0182 1C       		.byte	0x1c
 228 0183 0B       		.uleb128 0xb
ARM GAS  C:\Users\angio\AppData\Local\Temp\cclm2ufc.s 			page 5


 229 0184 31030000 		.4byte	.LASF28
 230 0188 05       		.byte	0x5
 231 0189 BD01     		.2byte	0x1bd
 232 018b 11       		.byte	0x11
 233 018c B2000000 		.4byte	0xb2
 234 0190 20       		.byte	0x20
 235 0191 0B       		.uleb128 0xb
 236 0192 F9020000 		.4byte	.LASF29
 237 0196 05       		.byte	0x5
 238 0197 BE01     		.2byte	0x1be
 239 0199 11       		.byte	0x11
 240 019a B2000000 		.4byte	0xb2
 241 019e 24       		.byte	0x24
 242 019f 0B       		.uleb128 0xb
 243 01a0 62000000 		.4byte	.LASF30
 244 01a4 05       		.byte	0x5
 245 01a5 BF01     		.2byte	0x1bf
 246 01a7 11       		.byte	0x11
 247 01a8 B2000000 		.4byte	0xb2
 248 01ac 28       		.byte	0x28
 249 01ad 0B       		.uleb128 0xb
 250 01ae 7A030000 		.4byte	.LASF31
 251 01b2 05       		.byte	0x5
 252 01b3 C001     		.2byte	0x1c0
 253 01b5 11       		.byte	0x11
 254 01b6 B2000000 		.4byte	0xb2
 255 01ba 2C       		.byte	0x2c
 256 01bb 0B       		.uleb128 0xb
 257 01bc 71010000 		.4byte	.LASF32
 258 01c0 05       		.byte	0x5
 259 01c1 C101     		.2byte	0x1c1
 260 01c3 11       		.byte	0x11
 261 01c4 B2000000 		.4byte	0xb2
 262 01c8 30       		.byte	0x30
 263 01c9 0C       		.uleb128 0xc
 264 01ca 50523200 		.ascii	"PR2\000"
 265 01ce 05       		.byte	0x5
 266 01cf C201     		.2byte	0x1c2
 267 01d1 11       		.byte	0x11
 268 01d2 B2000000 		.4byte	0xb2
 269 01d6 34       		.byte	0x34
 270 01d7 00       		.byte	0
 271 01d8 0D       		.uleb128 0xd
 272 01d9 BC010000 		.4byte	.LASF33
 273 01dd 05       		.byte	0x5
 274 01de C301     		.2byte	0x1c3
 275 01e0 03       		.byte	0x3
 276 01e1 09010000 		.4byte	0x109
 277 01e5 0A       		.uleb128 0xa
 278 01e6 28       		.byte	0x28
 279 01e7 05       		.byte	0x5
 280 01e8 4F03     		.2byte	0x34f
 281 01ea 09       		.byte	0x9
 282 01eb 52020000 		.4byte	0x252
 283 01ef 0B       		.uleb128 0xb
 284 01f0 A7010000 		.4byte	.LASF34
 285 01f4 05       		.byte	0x5
ARM GAS  C:\Users\angio\AppData\Local\Temp\cclm2ufc.s 			page 6


 286 01f5 5103     		.2byte	0x351
 287 01f7 11       		.byte	0x11
 288 01f8 B2000000 		.4byte	0xb2
 289 01fc 00       		.byte	0
 290 01fd 0B       		.uleb128 0xb
 291 01fe 16010000 		.4byte	.LASF35
 292 0202 05       		.byte	0x5
 293 0203 5203     		.2byte	0x352
 294 0205 11       		.byte	0x11
 295 0206 B2000000 		.4byte	0xb2
 296 020a 04       		.byte	0x4
 297 020b 0B       		.uleb128 0xb
 298 020c 3C010000 		.4byte	.LASF36
 299 0210 05       		.byte	0x5
 300 0211 5303     		.2byte	0x353
 301 0213 11       		.byte	0x11
 302 0214 62020000 		.4byte	0x262
 303 0218 08       		.byte	0x8
 304 0219 0B       		.uleb128 0xb
 305 021a 8F030000 		.4byte	.LASF37
 306 021e 05       		.byte	0x5
 307 021f 5403     		.2byte	0x354
 308 0221 11       		.byte	0x11
 309 0222 B2000000 		.4byte	0xb2
 310 0226 18       		.byte	0x18
 311 0227 0B       		.uleb128 0xb
 312 0228 71020000 		.4byte	.LASF38
 313 022c 05       		.byte	0x5
 314 022d 5503     		.2byte	0x355
 315 022f 11       		.byte	0x11
 316 0230 B2000000 		.4byte	0xb2
 317 0234 1C       		.byte	0x1c
 318 0235 0B       		.uleb128 0xb
 319 0236 36030000 		.4byte	.LASF39
 320 023a 05       		.byte	0x5
 321 023b 5603     		.2byte	0x356
 322 023d 11       		.byte	0x11
 323 023e B2000000 		.4byte	0xb2
 324 0242 20       		.byte	0x20
 325 0243 0C       		.uleb128 0xc
 326 0244 534B5200 		.ascii	"SKR\000"
 327 0248 05       		.byte	0x5
 328 0249 5703     		.2byte	0x357
 329 024b 11       		.byte	0x11
 330 024c B2000000 		.4byte	0xb2
 331 0250 24       		.byte	0x24
 332 0251 00       		.byte	0
 333 0252 0E       		.uleb128 0xe
 334 0253 B2000000 		.4byte	0xb2
 335 0257 62020000 		.4byte	0x262
 336 025b 0F       		.uleb128 0xf
 337 025c 24000000 		.4byte	0x24
 338 0260 03       		.byte	0x3
 339 0261 00       		.byte	0
 340 0262 05       		.uleb128 0x5
 341 0263 52020000 		.4byte	0x252
 342 0267 0D       		.uleb128 0xd
ARM GAS  C:\Users\angio\AppData\Local\Temp\cclm2ufc.s 			page 7


 343 0268 9D020000 		.4byte	.LASF40
 344 026c 05       		.byte	0x5
 345 026d 5803     		.2byte	0x358
 346 026f 03       		.byte	0x3
 347 0270 E5010000 		.4byte	0x1e5
 348 0274 10       		.uleb128 0x10
 349 0275 04       		.byte	0x4
 350 0276 07       		.uleb128 0x7
 351 0277 2B010000 		.4byte	.LASF42
 352 027b 08       		.byte	0x8
 353 027c 06       		.byte	0x6
 354 027d 8F       		.byte	0x8f
 355 027e 10       		.byte	0x10
 356 027f 91020000 		.4byte	0x291
 357 0283 08       		.uleb128 0x8
 358 0284 FA010000 		.4byte	.LASF43
 359 0288 06       		.byte	0x6
 360 0289 93       		.byte	0x93
 361 028a 21       		.byte	0x21
 362 028b CF000000 		.4byte	0xcf
 363 028f 00       		.byte	0
 364 0290 00       		.byte	0
 365 0291 04       		.uleb128 0x4
 366 0292 16000000 		.4byte	.LASF44
 367 0296 06       		.byte	0x6
 368 0297 94       		.byte	0x94
 369 0298 03       		.byte	0x3
 370 0299 76020000 		.4byte	0x276
 371 029d 09       		.uleb128 0x9
 372 029e 04       		.byte	0x4
 373 029f A3020000 		.4byte	0x2a3
 374 02a3 11       		.uleb128 0x11
 375 02a4 AE020000 		.4byte	0x2ae
 376 02a8 12       		.uleb128 0x12
 377 02a9 74020000 		.4byte	0x274
 378 02ad 00       		.byte	0
 379 02ae 03       		.uleb128 0x3
 380 02af 01       		.byte	0x1
 381 02b0 02       		.byte	0x2
 382 02b1 D4020000 		.4byte	.LASF45
 383 02b5 04       		.uleb128 0x4
 384 02b6 7F010000 		.4byte	.LASF46
 385 02ba 07       		.byte	0x7
 386 02bb 94       		.byte	0x94
 387 02bc 10       		.byte	0x10
 388 02bd 9D020000 		.4byte	0x29d
 389 02c1 13       		.uleb128 0x13
 390 02c2 10       		.byte	0x10
 391 02c3 07       		.byte	0x7
 392 02c4 9A       		.byte	0x9a
 393 02c5 09       		.byte	0x9
 394 02c6 F1020000 		.4byte	0x2f1
 395 02ca 08       		.uleb128 0x8
 396 02cb 99010000 		.4byte	.LASF47
 397 02cf 07       		.byte	0x7
 398 02d0 9F       		.byte	0x9f
 399 02d1 19       		.byte	0x19
ARM GAS  C:\Users\angio\AppData\Local\Temp\cclm2ufc.s 			page 8


 400 02d2 91020000 		.4byte	0x291
 401 02d6 00       		.byte	0
 402 02d7 14       		.uleb128 0x14
 403 02d8 636200   		.ascii	"cb\000"
 404 02db 07       		.byte	0x7
 405 02dc A5       		.byte	0xa5
 406 02dd 19       		.byte	0x19
 407 02de B5020000 		.4byte	0x2b5
 408 02e2 08       		.byte	0x8
 409 02e3 14       		.uleb128 0x14
 410 02e4 61726700 		.ascii	"arg\000"
 411 02e8 07       		.byte	0x7
 412 02e9 A9       		.byte	0xa9
 413 02ea 1A       		.byte	0x1a
 414 02eb 74020000 		.4byte	0x274
 415 02ef 0C       		.byte	0xc
 416 02f0 00       		.byte	0
 417 02f1 04       		.uleb128 0x4
 418 02f2 D9000000 		.4byte	.LASF48
 419 02f6 07       		.byte	0x7
 420 02f7 AB       		.byte	0xab
 421 02f8 03       		.byte	0x3
 422 02f9 C1020000 		.4byte	0x2c1
 423 02fd 13       		.uleb128 0x13
 424 02fe 04       		.byte	0x4
 425 02ff 08       		.byte	0x8
 426 0300 5B       		.byte	0x5b
 427 0301 05       		.byte	0x5
 428 0302 21030000 		.4byte	0x321
 429 0306 14       		.uleb128 0x14
 430 0307 73657400 		.ascii	"set\000"
 431 030b 08       		.byte	0x8
 432 030c 5C       		.byte	0x5c
 433 030d 19       		.byte	0x19
 434 030e 8E000000 		.4byte	0x8e
 435 0312 00       		.byte	0
 436 0313 08       		.uleb128 0x8
 437 0314 D8010000 		.4byte	.LASF49
 438 0318 08       		.byte	0x8
 439 0319 5D       		.byte	0x5d
 440 031a 19       		.byte	0x19
 441 031b 8E000000 		.4byte	0x8e
 442 031f 02       		.byte	0x2
 443 0320 00       		.byte	0
 444 0321 15       		.uleb128 0x15
 445 0322 04       		.byte	0x4
 446 0323 08       		.byte	0x8
 447 0324 59       		.byte	0x59
 448 0325 0C       		.byte	0xc
 449 0326 3F030000 		.4byte	0x33f
 450 032a 16       		.uleb128 0x16
 451 032b 5700     		.ascii	"W\000"
 452 032d 08       		.byte	0x8
 453 032e 5A       		.byte	0x5a
 454 032f 19       		.byte	0x19
 455 0330 A6000000 		.4byte	0xa6
 456 0334 16       		.uleb128 0x16
ARM GAS  C:\Users\angio\AppData\Local\Temp\cclm2ufc.s 			page 9


 457 0335 4800     		.ascii	"H\000"
 458 0337 08       		.byte	0x8
 459 0338 5E       		.byte	0x5e
 460 0339 07       		.byte	0x7
 461 033a FD020000 		.4byte	0x2fd
 462 033e 00       		.byte	0
 463 033f 05       		.uleb128 0x5
 464 0340 21030000 		.4byte	0x321
 465 0344 13       		.uleb128 0x13
 466 0345 28       		.byte	0x28
 467 0346 08       		.byte	0x8
 468 0347 51       		.byte	0x51
 469 0348 09       		.byte	0x9
 470 0349 D0030000 		.4byte	0x3d0
 471 034d 08       		.uleb128 0x8
 472 034e D2010000 		.4byte	.LASF50
 473 0352 08       		.byte	0x8
 474 0353 53       		.byte	0x53
 475 0354 19       		.byte	0x19
 476 0355 B2000000 		.4byte	0xb2
 477 0359 00       		.byte	0
 478 035a 08       		.uleb128 0x8
 479 035b 78010000 		.4byte	.LASF51
 480 035f 08       		.byte	0x8
 481 0360 54       		.byte	0x54
 482 0361 19       		.byte	0x19
 483 0362 B2000000 		.4byte	0xb2
 484 0366 04       		.byte	0x4
 485 0367 08       		.uleb128 0x8
 486 0368 12030000 		.4byte	.LASF52
 487 036c 08       		.byte	0x8
 488 036d 55       		.byte	0x55
 489 036e 19       		.byte	0x19
 490 036f B2000000 		.4byte	0xb2
 491 0373 08       		.byte	0x8
 492 0374 08       		.uleb128 0x8
 493 0375 AE010000 		.4byte	.LASF53
 494 0379 08       		.byte	0x8
 495 037a 56       		.byte	0x56
 496 037b 19       		.byte	0x19
 497 037c B2000000 		.4byte	0xb2
 498 0380 0C       		.byte	0xc
 499 0381 14       		.uleb128 0x14
 500 0382 49445200 		.ascii	"IDR\000"
 501 0386 08       		.byte	0x8
 502 0387 57       		.byte	0x57
 503 0388 19       		.byte	0x19
 504 0389 B2000000 		.4byte	0xb2
 505 038d 10       		.byte	0x10
 506 038e 14       		.uleb128 0x14
 507 038f 4F445200 		.ascii	"ODR\000"
 508 0393 08       		.byte	0x8
 509 0394 58       		.byte	0x58
 510 0395 19       		.byte	0x19
 511 0396 B2000000 		.4byte	0xb2
 512 039a 14       		.byte	0x14
 513 039b 08       		.uleb128 0x8
ARM GAS  C:\Users\angio\AppData\Local\Temp\cclm2ufc.s 			page 10


 514 039c AA040000 		.4byte	.LASF54
 515 03a0 08       		.byte	0x8
 516 03a1 5F       		.byte	0x5f
 517 03a2 05       		.byte	0x5
 518 03a3 3F030000 		.4byte	0x33f
 519 03a7 18       		.byte	0x18
 520 03a8 08       		.uleb128 0x8
 521 03a9 F4010000 		.4byte	.LASF55
 522 03ad 08       		.byte	0x8
 523 03ae 60       		.byte	0x60
 524 03af 19       		.byte	0x19
 525 03b0 B2000000 		.4byte	0xb2
 526 03b4 1C       		.byte	0x1c
 527 03b5 08       		.uleb128 0x8
 528 03b6 85020000 		.4byte	.LASF56
 529 03ba 08       		.byte	0x8
 530 03bb 61       		.byte	0x61
 531 03bc 19       		.byte	0x19
 532 03bd B2000000 		.4byte	0xb2
 533 03c1 20       		.byte	0x20
 534 03c2 08       		.uleb128 0x8
 535 03c3 80020000 		.4byte	.LASF57
 536 03c7 08       		.byte	0x8
 537 03c8 62       		.byte	0x62
 538 03c9 19       		.byte	0x19
 539 03ca B2000000 		.4byte	0xb2
 540 03ce 24       		.byte	0x24
 541 03cf 00       		.byte	0
 542 03d0 04       		.uleb128 0x4
 543 03d1 86000000 		.4byte	.LASF58
 544 03d5 08       		.byte	0x8
 545 03d6 63       		.byte	0x63
 546 03d7 03       		.byte	0x3
 547 03d8 44030000 		.4byte	0x344
 548 03dc 04       		.uleb128 0x4
 549 03dd 43010000 		.4byte	.LASF59
 550 03e1 09       		.byte	0x9
 551 03e2 C2       		.byte	0xc2
 552 03e3 12       		.byte	0x12
 553 03e4 A6000000 		.4byte	0xa6
 554 03e8 04       		.uleb128 0x4
 555 03e9 22010000 		.4byte	.LASF60
 556 03ed 09       		.byte	0x9
 557 03ee C7       		.byte	0xc7
 558 03ef 12       		.byte	0x12
 559 03f0 A6000000 		.4byte	0xa6
 560 03f4 04       		.uleb128 0x4
 561 03f5 FD000000 		.4byte	.LASF61
 562 03f9 09       		.byte	0x9
 563 03fa D1       		.byte	0xd1
 564 03fb 12       		.byte	0x12
 565 03fc A6000000 		.4byte	0xa6
 566 0400 04       		.uleb128 0x4
 567 0401 00020000 		.4byte	.LASF62
 568 0405 09       		.byte	0x9
 569 0406 D9       		.byte	0xd9
 570 0407 18       		.byte	0x18
ARM GAS  C:\Users\angio\AppData\Local\Temp\cclm2ufc.s 			page 11


 571 0408 0C040000 		.4byte	0x40c
 572 040c 09       		.uleb128 0x9
 573 040d 04       		.byte	0x4
 574 040e D0030000 		.4byte	0x3d0
 575 0412 04       		.uleb128 0x4
 576 0413 C5020000 		.4byte	.LASF63
 577 0417 09       		.byte	0x9
 578 0418 DE       		.byte	0xde
 579 0419 12       		.byte	0x12
 580 041a A6000000 		.4byte	0xa6
 581 041e 0E       		.uleb128 0xe
 582 041f F1020000 		.4byte	0x2f1
 583 0423 2E040000 		.4byte	0x42e
 584 0427 0F       		.uleb128 0xf
 585 0428 24000000 		.4byte	0x24
 586 042c 0F       		.byte	0xf
 587 042d 00       		.byte	0
 588 042e 17       		.uleb128 0x17
 589 042f B9020000 		.4byte	.LASF92
 590 0433 09       		.byte	0x9
 591 0434 EB01     		.2byte	0x1eb
 592 0436 13       		.byte	0x13
 593 0437 1E040000 		.4byte	0x41e
 594 043b 18       		.uleb128 0x18
 595 043c 2E040000 		.4byte	0x42e
 596 0440 0A       		.byte	0xa
 597 0441 29       		.byte	0x29
 598 0442 0C       		.byte	0xc
 599 0443 19       		.uleb128 0x19
 600 0444 C7030000 		.4byte	.LASF72
 601 0448 0A       		.byte	0xa
 602 0449 D3       		.byte	0xd3
 603 044a 06       		.byte	0x6
 604 044b C7040000 		.4byte	0x4c7
 605 044f 1A       		.uleb128 0x1a
 606 0450 EF020000 		.4byte	.LASF64
 607 0454 0A       		.byte	0xa
 608 0455 D3       		.byte	0xd3
 609 0456 2A       		.byte	0x2a
 610 0457 00040000 		.4byte	0x400
 611 045b 1B       		.uleb128 0x1b
 612 045c 70616400 		.ascii	"pad\000"
 613 0460 0A       		.byte	0xa
 614 0461 D3       		.byte	0xd3
 615 0462 3A       		.byte	0x3a
 616 0463 12040000 		.4byte	0x412
 617 0467 1C       		.uleb128 0x1c
 618 0468 62010000 		.4byte	.LASF65
 619 046c 0A       		.byte	0xa
 620 046d D4       		.byte	0xd4
 621 046e 0C       		.byte	0xc
 622 046f A6000000 		.4byte	0xa6
 623 0473 1C       		.uleb128 0x1c
 624 0474 4E030000 		.4byte	.LASF66
 625 0478 0A       		.byte	0xa
 626 0479 D4       		.byte	0xd4
 627 047a 15       		.byte	0x15
ARM GAS  C:\Users\angio\AppData\Local\Temp\cclm2ufc.s 			page 12


 628 047b A6000000 		.4byte	0xa6
 629 047f 1C       		.uleb128 0x1c
 630 0480 1C010000 		.4byte	.LASF67
 631 0484 0A       		.byte	0xa
 632 0485 D4       		.byte	0xd4
 633 0486 1C       		.byte	0x1c
 634 0487 A6000000 		.4byte	0xa6
 635 048b 1D       		.uleb128 0x1d
 636 048c 1F020000 		.4byte	.LASF76
 637 0490 D7040000 		.4byte	0x4d7
 638 0494 1E       		.uleb128 0x1e
 639 0495 1C       		.uleb128 0x1c
 640 0496 A1010000 		.4byte	.LASF68
 641 049a 0A       		.byte	0xa
 642 049b DE       		.byte	0xde
 643 049c 0E       		.byte	0xe
 644 049d A6000000 		.4byte	0xa6
 645 04a1 1C       		.uleb128 0x1c
 646 04a2 76000000 		.4byte	.LASF69
 647 04a6 0A       		.byte	0xa
 648 04a7 DE       		.byte	0xde
 649 04a8 15       		.byte	0x15
 650 04a9 A6000000 		.4byte	0xa6
 651 04ad 1C       		.uleb128 0x1c
 652 04ae 43020000 		.4byte	.LASF70
 653 04b2 0A       		.byte	0xa
 654 04b3 DE       		.byte	0xde
 655 04b4 1C       		.byte	0x1c
 656 04b5 A6000000 		.4byte	0xa6
 657 04b9 1C       		.uleb128 0x1c
 658 04ba 93000000 		.4byte	.LASF71
 659 04be 0A       		.byte	0xa
 660 04bf DE       		.byte	0xde
 661 04c0 24       		.byte	0x24
 662 04c1 A6000000 		.4byte	0xa6
 663 04c5 00       		.byte	0
 664 04c6 00       		.byte	0
 665 04c7 0E       		.uleb128 0xe
 666 04c8 CA000000 		.4byte	0xca
 667 04cc D7040000 		.4byte	0x4d7
 668 04d0 0F       		.uleb128 0xf
 669 04d1 24000000 		.4byte	0x24
 670 04d5 18       		.byte	0x18
 671 04d6 00       		.byte	0
 672 04d7 06       		.uleb128 0x6
 673 04d8 C7040000 		.4byte	0x4c7
 674 04dc 19       		.uleb128 0x19
 675 04dd AF030000 		.4byte	.LASF73
 676 04e1 0A       		.byte	0xa
 677 04e2 97       		.byte	0x97
 678 04e3 06       		.byte	0x6
 679 04e4 52050000 		.4byte	0x552
 680 04e8 1A       		.uleb128 0x1a
 681 04e9 EF020000 		.4byte	.LASF64
 682 04ed 0A       		.byte	0xa
 683 04ee 97       		.byte	0x97
 684 04ef 29       		.byte	0x29
ARM GAS  C:\Users\angio\AppData\Local\Temp\cclm2ufc.s 			page 13


 685 04f0 00040000 		.4byte	0x400
 686 04f4 1B       		.uleb128 0x1b
 687 04f5 70616400 		.ascii	"pad\000"
 688 04f9 0A       		.byte	0xa
 689 04fa 98       		.byte	0x98
 690 04fb 28       		.byte	0x28
 691 04fc 12040000 		.4byte	0x412
 692 0500 1A       		.uleb128 0x1a
 693 0501 CF020000 		.4byte	.LASF74
 694 0505 0A       		.byte	0xa
 695 0506 99       		.byte	0x99
 696 0507 2C       		.byte	0x2c
 697 0508 F4030000 		.4byte	0x3f4
 698 050c 1C       		.uleb128 0x1c
 699 050d 62010000 		.4byte	.LASF65
 700 0511 0A       		.byte	0xa
 701 0512 9B       		.byte	0x9b
 702 0513 0C       		.byte	0xc
 703 0514 A6000000 		.4byte	0xa6
 704 0518 1C       		.uleb128 0x1c
 705 0519 A1010000 		.4byte	.LASF68
 706 051d 0A       		.byte	0xa
 707 051e 9B       		.byte	0x9b
 708 051f 15       		.byte	0x15
 709 0520 A6000000 		.4byte	0xa6
 710 0524 1C       		.uleb128 0x1c
 711 0525 76000000 		.4byte	.LASF69
 712 0529 0A       		.byte	0xa
 713 052a 9B       		.byte	0x9b
 714 052b 1C       		.byte	0x1c
 715 052c A6000000 		.4byte	0xa6
 716 0530 1C       		.uleb128 0x1c
 717 0531 5B010000 		.4byte	.LASF75
 718 0535 0A       		.byte	0xa
 719 0536 9B       		.byte	0x9b
 720 0537 23       		.byte	0x23
 721 0538 A6000000 		.4byte	0xa6
 722 053c 1C       		.uleb128 0x1c
 723 053d 93000000 		.4byte	.LASF71
 724 0541 0A       		.byte	0xa
 725 0542 9B       		.byte	0x9b
 726 0543 2B       		.byte	0x2b
 727 0544 A6000000 		.4byte	0xa6
 728 0548 1D       		.uleb128 0x1d
 729 0549 1F020000 		.4byte	.LASF76
 730 054d 62050000 		.4byte	0x562
 731 0551 00       		.byte	0
 732 0552 0E       		.uleb128 0xe
 733 0553 CA000000 		.4byte	0xca
 734 0557 62050000 		.4byte	0x562
 735 055b 0F       		.uleb128 0xf
 736 055c 24000000 		.4byte	0x24
 737 0560 17       		.byte	0x17
 738 0561 00       		.byte	0
 739 0562 06       		.uleb128 0x6
 740 0563 52050000 		.4byte	0x552
 741 0567 19       		.uleb128 0x19
ARM GAS  C:\Users\angio\AppData\Local\Temp\cclm2ufc.s 			page 14


 742 0568 00000000 		.4byte	.LASF77
 743 056c 0A       		.byte	0xa
 744 056d 59       		.byte	0x59
 745 056e 06       		.byte	0x6
 746 056f 0F060000 		.4byte	0x60f
 747 0573 1A       		.uleb128 0x1a
 748 0574 EF020000 		.4byte	.LASF64
 749 0578 0A       		.byte	0xa
 750 0579 59       		.byte	0x59
 751 057a 27       		.byte	0x27
 752 057b 00040000 		.4byte	0x400
 753 057f 1A       		.uleb128 0x1a
 754 0580 49030000 		.4byte	.LASF78
 755 0584 0A       		.byte	0xa
 756 0585 5A       		.byte	0x5a
 757 0586 29       		.byte	0x29
 758 0587 DC030000 		.4byte	0x3dc
 759 058b 1A       		.uleb128 0x1a
 760 058c CF020000 		.4byte	.LASF74
 761 0590 0A       		.byte	0xa
 762 0591 5B       		.byte	0x5b
 763 0592 25       		.byte	0x25
 764 0593 E8030000 		.4byte	0x3e8
 765 0597 1C       		.uleb128 0x1c
 766 0598 89030000 		.4byte	.LASF79
 767 059c 0A       		.byte	0xa
 768 059d 5D       		.byte	0x5d
 769 059e 0C       		.byte	0xc
 770 059f A6000000 		.4byte	0xa6
 771 05a3 1C       		.uleb128 0x1c
 772 05a4 6A020000 		.4byte	.LASF80
 773 05a8 0A       		.byte	0xa
 774 05a9 5E       		.byte	0x5e
 775 05aa 0C       		.byte	0xc
 776 05ab A6000000 		.4byte	0xa6
 777 05af 1C       		.uleb128 0x1c
 778 05b0 B4010000 		.4byte	.LASF81
 779 05b4 0A       		.byte	0xa
 780 05b5 5F       		.byte	0x5f
 781 05b6 0C       		.byte	0xc
 782 05b7 A6000000 		.4byte	0xa6
 783 05bb 1C       		.uleb128 0x1c
 784 05bc 54030000 		.4byte	.LASF82
 785 05c0 0A       		.byte	0xa
 786 05c1 60       		.byte	0x60
 787 05c2 0C       		.byte	0xc
 788 05c3 A6000000 		.4byte	0xa6
 789 05c7 1C       		.uleb128 0x1c
 790 05c8 94030000 		.4byte	.LASF83
 791 05cc 0A       		.byte	0xa
 792 05cd 61       		.byte	0x61
 793 05ce 0C       		.byte	0xc
 794 05cf A6000000 		.4byte	0xa6
 795 05d3 1F       		.uleb128 0x1f
 796 05d4 62697400 		.ascii	"bit\000"
 797 05d8 0A       		.byte	0xa
 798 05d9 62       		.byte	0x62
ARM GAS  C:\Users\angio\AppData\Local\Temp\cclm2ufc.s 			page 15


 799 05da 0C       		.byte	0xc
 800 05db A6000000 		.4byte	0xa6
 801 05df 1E       		.uleb128 0x1e
 802 05e0 1C       		.uleb128 0x1c
 803 05e1 99030000 		.4byte	.LASF84
 804 05e5 0A       		.byte	0xa
 805 05e6 65       		.byte	0x65
 806 05e7 10       		.byte	0x10
 807 05e8 A6000000 		.4byte	0xa6
 808 05ec 1F       		.uleb128 0x1f
 809 05ed 6D3100   		.ascii	"m1\000"
 810 05f0 0A       		.byte	0xa
 811 05f1 65       		.byte	0x65
 812 05f2 1A       		.byte	0x1a
 813 05f3 A6000000 		.4byte	0xa6
 814 05f7 1F       		.uleb128 0x1f
 815 05f8 6D3200   		.ascii	"m2\000"
 816 05fb 0A       		.byte	0xa
 817 05fc 65       		.byte	0x65
 818 05fd 1E       		.byte	0x1e
 819 05fe A6000000 		.4byte	0xa6
 820 0602 1F       		.uleb128 0x1f
 821 0603 6D3400   		.ascii	"m4\000"
 822 0606 0A       		.byte	0xa
 823 0607 65       		.byte	0x65
 824 0608 22       		.byte	0x22
 825 0609 A6000000 		.4byte	0xa6
 826 060d 00       		.byte	0
 827 060e 00       		.byte	0
 828 060f 19       		.uleb128 0x19
 829 0610 68000000 		.4byte	.LASF85
 830 0614 0A       		.byte	0xa
 831 0615 41       		.byte	0x41
 832 0616 06       		.byte	0x6
 833 0617 26060000 		.4byte	0x626
 834 061b 1F       		.uleb128 0x1f
 835 061c 6900     		.ascii	"i\000"
 836 061e 0A       		.byte	0xa
 837 061f 44       		.byte	0x44
 838 0620 0C       		.byte	0xc
 839 0621 24000000 		.4byte	0x24
 840 0625 00       		.byte	0
 841 0626 20       		.uleb128 0x20
 842 0627 DE010000 		.4byte	.LASF86
 843 062b 0B       		.byte	0xb
 844 062c 9703     		.2byte	0x397
 845 062e 14       		.byte	0x14
 846 062f 4E060000 		.4byte	0x64e
 847 0633 21       		.uleb128 0x21
 848 0634 74717000 		.ascii	"tqp\000"
 849 0638 0B       		.byte	0xb
 850 0639 9703     		.2byte	0x397
 851 063b 3B       		.byte	0x3b
 852 063c 4E060000 		.4byte	0x64e
 853 0640 21       		.uleb128 0x21
 854 0641 6D736700 		.ascii	"msg\000"
 855 0645 0B       		.byte	0xb
ARM GAS  C:\Users\angio\AppData\Local\Temp\cclm2ufc.s 			page 16


 856 0646 9703     		.2byte	0x397
 857 0648 46       		.byte	0x46
 858 0649 B7000000 		.4byte	0xb7
 859 064d 00       		.byte	0
 860 064e 09       		.uleb128 0x9
 861 064f 04       		.byte	0x4
 862 0650 91020000 		.4byte	0x291
 863 0654 20       		.uleb128 0x20
 864 0655 5A030000 		.4byte	.LASF87
 865 0659 0B       		.byte	0xb
 866 065a 6003     		.2byte	0x360
 867 065c 14       		.byte	0x14
 868 065d 6F060000 		.4byte	0x66f
 869 0661 21       		.uleb128 0x21
 870 0662 74717000 		.ascii	"tqp\000"
 871 0666 0B       		.byte	0xb
 872 0667 6003     		.2byte	0x360
 873 0669 3F       		.byte	0x3f
 874 066a 4E060000 		.4byte	0x64e
 875 066e 00       		.byte	0
 876 066f 20       		.uleb128 0x20
 877 0670 DA020000 		.4byte	.LASF88
 878 0674 0C       		.byte	0xc
 879 0675 CD01     		.2byte	0x1cd
 880 0677 14       		.byte	0x14
 881 0678 8A060000 		.4byte	0x68a
 882 067c 21       		.uleb128 0x21
 883 067d 74717000 		.ascii	"tqp\000"
 884 0681 0C       		.byte	0xc
 885 0682 CD01     		.2byte	0x1cd
 886 0684 3A       		.byte	0x3a
 887 0685 4E060000 		.4byte	0x64e
 888 0689 00       		.byte	0
 889 068a 22       		.uleb128 0x22
 890 068b 3B030000 		.4byte	.LASF93
 891 068f 04       		.byte	0x4
 892 0690 DE       		.byte	0xde
 893 0691 14       		.byte	0x14
 894 0692 1B       		.uleb128 0x1b
 895 0693 717000   		.ascii	"qp\000"
 896 0696 04       		.byte	0x4
 897 0697 DE       		.byte	0xde
 898 0698 2E       		.byte	0x2e
 899 0699 03010000 		.4byte	0x103
 900 069d 00       		.byte	0
 901 069e 00       		.byte	0
 902              		.section	.gnu.debuglto_.debug_abbrev,"e",%progbits
 903              	.Ldebug_abbrev0:
 904 0000 01       		.uleb128 0x1
 905 0001 11       		.uleb128 0x11
 906 0002 01       		.byte	0x1
 907 0003 25       		.uleb128 0x25
 908 0004 0E       		.uleb128 0xe
 909 0005 13       		.uleb128 0x13
 910 0006 0B       		.uleb128 0xb
 911 0007 03       		.uleb128 0x3
 912 0008 0E       		.uleb128 0xe
ARM GAS  C:\Users\angio\AppData\Local\Temp\cclm2ufc.s 			page 17


 913 0009 1B       		.uleb128 0x1b
 914 000a 0E       		.uleb128 0xe
 915 000b 10       		.uleb128 0x10
 916 000c 17       		.uleb128 0x17
 917 000d 00       		.byte	0
 918 000e 00       		.byte	0
 919 000f 02       		.uleb128 0x2
 920 0010 24       		.uleb128 0x24
 921 0011 00       		.byte	0
 922 0012 0B       		.uleb128 0xb
 923 0013 0B       		.uleb128 0xb
 924 0014 3E       		.uleb128 0x3e
 925 0015 0B       		.uleb128 0xb
 926 0016 03       		.uleb128 0x3
 927 0017 08       		.uleb128 0x8
 928 0018 00       		.byte	0
 929 0019 00       		.byte	0
 930 001a 03       		.uleb128 0x3
 931 001b 24       		.uleb128 0x24
 932 001c 00       		.byte	0
 933 001d 0B       		.uleb128 0xb
 934 001e 0B       		.uleb128 0xb
 935 001f 3E       		.uleb128 0x3e
 936 0020 0B       		.uleb128 0xb
 937 0021 03       		.uleb128 0x3
 938 0022 0E       		.uleb128 0xe
 939 0023 00       		.byte	0
 940 0024 00       		.byte	0
 941 0025 04       		.uleb128 0x4
 942 0026 16       		.uleb128 0x16
 943 0027 00       		.byte	0
 944 0028 03       		.uleb128 0x3
 945 0029 0E       		.uleb128 0xe
 946 002a 3A       		.uleb128 0x3a
 947 002b 0B       		.uleb128 0xb
 948 002c 3B       		.uleb128 0x3b
 949 002d 0B       		.uleb128 0xb
 950 002e 39       		.uleb128 0x39
 951 002f 0B       		.uleb128 0xb
 952 0030 49       		.uleb128 0x49
 953 0031 13       		.uleb128 0x13
 954 0032 00       		.byte	0
 955 0033 00       		.byte	0
 956 0034 05       		.uleb128 0x5
 957 0035 35       		.uleb128 0x35
 958 0036 00       		.byte	0
 959 0037 49       		.uleb128 0x49
 960 0038 13       		.uleb128 0x13
 961 0039 00       		.byte	0
 962 003a 00       		.byte	0
 963 003b 06       		.uleb128 0x6
 964 003c 26       		.uleb128 0x26
 965 003d 00       		.byte	0
 966 003e 49       		.uleb128 0x49
 967 003f 13       		.uleb128 0x13
 968 0040 00       		.byte	0
 969 0041 00       		.byte	0
ARM GAS  C:\Users\angio\AppData\Local\Temp\cclm2ufc.s 			page 18


 970 0042 07       		.uleb128 0x7
 971 0043 13       		.uleb128 0x13
 972 0044 01       		.byte	0x1
 973 0045 03       		.uleb128 0x3
 974 0046 0E       		.uleb128 0xe
 975 0047 0B       		.uleb128 0xb
 976 0048 0B       		.uleb128 0xb
 977 0049 3A       		.uleb128 0x3a
 978 004a 0B       		.uleb128 0xb
 979 004b 3B       		.uleb128 0x3b
 980 004c 0B       		.uleb128 0xb
 981 004d 39       		.uleb128 0x39
 982 004e 0B       		.uleb128 0xb
 983 004f 01       		.uleb128 0x1
 984 0050 13       		.uleb128 0x13
 985 0051 00       		.byte	0
 986 0052 00       		.byte	0
 987 0053 08       		.uleb128 0x8
 988 0054 0D       		.uleb128 0xd
 989 0055 00       		.byte	0
 990 0056 03       		.uleb128 0x3
 991 0057 0E       		.uleb128 0xe
 992 0058 3A       		.uleb128 0x3a
 993 0059 0B       		.uleb128 0xb
 994 005a 3B       		.uleb128 0x3b
 995 005b 0B       		.uleb128 0xb
 996 005c 39       		.uleb128 0x39
 997 005d 0B       		.uleb128 0xb
 998 005e 49       		.uleb128 0x49
 999 005f 13       		.uleb128 0x13
 1000 0060 38       		.uleb128 0x38
 1001 0061 0B       		.uleb128 0xb
 1002 0062 00       		.byte	0
 1003 0063 00       		.byte	0
 1004 0064 09       		.uleb128 0x9
 1005 0065 0F       		.uleb128 0xf
 1006 0066 00       		.byte	0
 1007 0067 0B       		.uleb128 0xb
 1008 0068 0B       		.uleb128 0xb
 1009 0069 49       		.uleb128 0x49
 1010 006a 13       		.uleb128 0x13
 1011 006b 00       		.byte	0
 1012 006c 00       		.byte	0
 1013 006d 0A       		.uleb128 0xa
 1014 006e 13       		.uleb128 0x13
 1015 006f 01       		.byte	0x1
 1016 0070 0B       		.uleb128 0xb
 1017 0071 0B       		.uleb128 0xb
 1018 0072 3A       		.uleb128 0x3a
 1019 0073 0B       		.uleb128 0xb
 1020 0074 3B       		.uleb128 0x3b
 1021 0075 05       		.uleb128 0x5
 1022 0076 39       		.uleb128 0x39
 1023 0077 0B       		.uleb128 0xb
 1024 0078 01       		.uleb128 0x1
 1025 0079 13       		.uleb128 0x13
 1026 007a 00       		.byte	0
ARM GAS  C:\Users\angio\AppData\Local\Temp\cclm2ufc.s 			page 19


 1027 007b 00       		.byte	0
 1028 007c 0B       		.uleb128 0xb
 1029 007d 0D       		.uleb128 0xd
 1030 007e 00       		.byte	0
 1031 007f 03       		.uleb128 0x3
 1032 0080 0E       		.uleb128 0xe
 1033 0081 3A       		.uleb128 0x3a
 1034 0082 0B       		.uleb128 0xb
 1035 0083 3B       		.uleb128 0x3b
 1036 0084 05       		.uleb128 0x5
 1037 0085 39       		.uleb128 0x39
 1038 0086 0B       		.uleb128 0xb
 1039 0087 49       		.uleb128 0x49
 1040 0088 13       		.uleb128 0x13
 1041 0089 38       		.uleb128 0x38
 1042 008a 0B       		.uleb128 0xb
 1043 008b 00       		.byte	0
 1044 008c 00       		.byte	0
 1045 008d 0C       		.uleb128 0xc
 1046 008e 0D       		.uleb128 0xd
 1047 008f 00       		.byte	0
 1048 0090 03       		.uleb128 0x3
 1049 0091 08       		.uleb128 0x8
 1050 0092 3A       		.uleb128 0x3a
 1051 0093 0B       		.uleb128 0xb
 1052 0094 3B       		.uleb128 0x3b
 1053 0095 05       		.uleb128 0x5
 1054 0096 39       		.uleb128 0x39
 1055 0097 0B       		.uleb128 0xb
 1056 0098 49       		.uleb128 0x49
 1057 0099 13       		.uleb128 0x13
 1058 009a 38       		.uleb128 0x38
 1059 009b 0B       		.uleb128 0xb
 1060 009c 00       		.byte	0
 1061 009d 00       		.byte	0
 1062 009e 0D       		.uleb128 0xd
 1063 009f 16       		.uleb128 0x16
 1064 00a0 00       		.byte	0
 1065 00a1 03       		.uleb128 0x3
 1066 00a2 0E       		.uleb128 0xe
 1067 00a3 3A       		.uleb128 0x3a
 1068 00a4 0B       		.uleb128 0xb
 1069 00a5 3B       		.uleb128 0x3b
 1070 00a6 05       		.uleb128 0x5
 1071 00a7 39       		.uleb128 0x39
 1072 00a8 0B       		.uleb128 0xb
 1073 00a9 49       		.uleb128 0x49
 1074 00aa 13       		.uleb128 0x13
 1075 00ab 00       		.byte	0
 1076 00ac 00       		.byte	0
 1077 00ad 0E       		.uleb128 0xe
 1078 00ae 01       		.uleb128 0x1
 1079 00af 01       		.byte	0x1
 1080 00b0 49       		.uleb128 0x49
 1081 00b1 13       		.uleb128 0x13
 1082 00b2 01       		.uleb128 0x1
 1083 00b3 13       		.uleb128 0x13
ARM GAS  C:\Users\angio\AppData\Local\Temp\cclm2ufc.s 			page 20


 1084 00b4 00       		.byte	0
 1085 00b5 00       		.byte	0
 1086 00b6 0F       		.uleb128 0xf
 1087 00b7 21       		.uleb128 0x21
 1088 00b8 00       		.byte	0
 1089 00b9 49       		.uleb128 0x49
 1090 00ba 13       		.uleb128 0x13
 1091 00bb 2F       		.uleb128 0x2f
 1092 00bc 0B       		.uleb128 0xb
 1093 00bd 00       		.byte	0
 1094 00be 00       		.byte	0
 1095 00bf 10       		.uleb128 0x10
 1096 00c0 0F       		.uleb128 0xf
 1097 00c1 00       		.byte	0
 1098 00c2 0B       		.uleb128 0xb
 1099 00c3 0B       		.uleb128 0xb
 1100 00c4 00       		.byte	0
 1101 00c5 00       		.byte	0
 1102 00c6 11       		.uleb128 0x11
 1103 00c7 15       		.uleb128 0x15
 1104 00c8 01       		.byte	0x1
 1105 00c9 27       		.uleb128 0x27
 1106 00ca 19       		.uleb128 0x19
 1107 00cb 01       		.uleb128 0x1
 1108 00cc 13       		.uleb128 0x13
 1109 00cd 00       		.byte	0
 1110 00ce 00       		.byte	0
 1111 00cf 12       		.uleb128 0x12
 1112 00d0 05       		.uleb128 0x5
 1113 00d1 00       		.byte	0
 1114 00d2 49       		.uleb128 0x49
 1115 00d3 13       		.uleb128 0x13
 1116 00d4 00       		.byte	0
 1117 00d5 00       		.byte	0
 1118 00d6 13       		.uleb128 0x13
 1119 00d7 13       		.uleb128 0x13
 1120 00d8 01       		.byte	0x1
 1121 00d9 0B       		.uleb128 0xb
 1122 00da 0B       		.uleb128 0xb
 1123 00db 3A       		.uleb128 0x3a
 1124 00dc 0B       		.uleb128 0xb
 1125 00dd 3B       		.uleb128 0x3b
 1126 00de 0B       		.uleb128 0xb
 1127 00df 39       		.uleb128 0x39
 1128 00e0 0B       		.uleb128 0xb
 1129 00e1 01       		.uleb128 0x1
 1130 00e2 13       		.uleb128 0x13
 1131 00e3 00       		.byte	0
 1132 00e4 00       		.byte	0
 1133 00e5 14       		.uleb128 0x14
 1134 00e6 0D       		.uleb128 0xd
 1135 00e7 00       		.byte	0
 1136 00e8 03       		.uleb128 0x3
 1137 00e9 08       		.uleb128 0x8
 1138 00ea 3A       		.uleb128 0x3a
 1139 00eb 0B       		.uleb128 0xb
 1140 00ec 3B       		.uleb128 0x3b
ARM GAS  C:\Users\angio\AppData\Local\Temp\cclm2ufc.s 			page 21


 1141 00ed 0B       		.uleb128 0xb
 1142 00ee 39       		.uleb128 0x39
 1143 00ef 0B       		.uleb128 0xb
 1144 00f0 49       		.uleb128 0x49
 1145 00f1 13       		.uleb128 0x13
 1146 00f2 38       		.uleb128 0x38
 1147 00f3 0B       		.uleb128 0xb
 1148 00f4 00       		.byte	0
 1149 00f5 00       		.byte	0
 1150 00f6 15       		.uleb128 0x15
 1151 00f7 17       		.uleb128 0x17
 1152 00f8 01       		.byte	0x1
 1153 00f9 0B       		.uleb128 0xb
 1154 00fa 0B       		.uleb128 0xb
 1155 00fb 3A       		.uleb128 0x3a
 1156 00fc 0B       		.uleb128 0xb
 1157 00fd 3B       		.uleb128 0x3b
 1158 00fe 0B       		.uleb128 0xb
 1159 00ff 39       		.uleb128 0x39
 1160 0100 0B       		.uleb128 0xb
 1161 0101 01       		.uleb128 0x1
 1162 0102 13       		.uleb128 0x13
 1163 0103 00       		.byte	0
 1164 0104 00       		.byte	0
 1165 0105 16       		.uleb128 0x16
 1166 0106 0D       		.uleb128 0xd
 1167 0107 00       		.byte	0
 1168 0108 03       		.uleb128 0x3
 1169 0109 08       		.uleb128 0x8
 1170 010a 3A       		.uleb128 0x3a
 1171 010b 0B       		.uleb128 0xb
 1172 010c 3B       		.uleb128 0x3b
 1173 010d 0B       		.uleb128 0xb
 1174 010e 39       		.uleb128 0x39
 1175 010f 0B       		.uleb128 0xb
 1176 0110 49       		.uleb128 0x49
 1177 0111 13       		.uleb128 0x13
 1178 0112 00       		.byte	0
 1179 0113 00       		.byte	0
 1180 0114 17       		.uleb128 0x17
 1181 0115 34       		.uleb128 0x34
 1182 0116 00       		.byte	0
 1183 0117 03       		.uleb128 0x3
 1184 0118 0E       		.uleb128 0xe
 1185 0119 3A       		.uleb128 0x3a
 1186 011a 0B       		.uleb128 0xb
 1187 011b 3B       		.uleb128 0x3b
 1188 011c 05       		.uleb128 0x5
 1189 011d 39       		.uleb128 0x39
 1190 011e 0B       		.uleb128 0xb
 1191 011f 49       		.uleb128 0x49
 1192 0120 13       		.uleb128 0x13
 1193 0121 3F       		.uleb128 0x3f
 1194 0122 19       		.uleb128 0x19
 1195 0123 3C       		.uleb128 0x3c
 1196 0124 19       		.uleb128 0x19
 1197 0125 00       		.byte	0
ARM GAS  C:\Users\angio\AppData\Local\Temp\cclm2ufc.s 			page 22


 1198 0126 00       		.byte	0
 1199 0127 18       		.uleb128 0x18
 1200 0128 34       		.uleb128 0x34
 1201 0129 00       		.byte	0
 1202 012a 47       		.uleb128 0x47
 1203 012b 13       		.uleb128 0x13
 1204 012c 3A       		.uleb128 0x3a
 1205 012d 0B       		.uleb128 0xb
 1206 012e 3B       		.uleb128 0x3b
 1207 012f 0B       		.uleb128 0xb
 1208 0130 39       		.uleb128 0x39
 1209 0131 0B       		.uleb128 0xb
 1210 0132 00       		.byte	0
 1211 0133 00       		.byte	0
 1212 0134 19       		.uleb128 0x19
 1213 0135 2E       		.uleb128 0x2e
 1214 0136 01       		.byte	0x1
 1215 0137 3F       		.uleb128 0x3f
 1216 0138 19       		.uleb128 0x19
 1217 0139 03       		.uleb128 0x3
 1218 013a 0E       		.uleb128 0xe
 1219 013b 3A       		.uleb128 0x3a
 1220 013c 0B       		.uleb128 0xb
 1221 013d 3B       		.uleb128 0x3b
 1222 013e 0B       		.uleb128 0xb
 1223 013f 39       		.uleb128 0x39
 1224 0140 0B       		.uleb128 0xb
 1225 0141 27       		.uleb128 0x27
 1226 0142 19       		.uleb128 0x19
 1227 0143 01       		.uleb128 0x1
 1228 0144 13       		.uleb128 0x13
 1229 0145 00       		.byte	0
 1230 0146 00       		.byte	0
 1231 0147 1A       		.uleb128 0x1a
 1232 0148 05       		.uleb128 0x5
 1233 0149 00       		.byte	0
 1234 014a 03       		.uleb128 0x3
 1235 014b 0E       		.uleb128 0xe
 1236 014c 3A       		.uleb128 0x3a
 1237 014d 0B       		.uleb128 0xb
 1238 014e 3B       		.uleb128 0x3b
 1239 014f 0B       		.uleb128 0xb
 1240 0150 39       		.uleb128 0x39
 1241 0151 0B       		.uleb128 0xb
 1242 0152 49       		.uleb128 0x49
 1243 0153 13       		.uleb128 0x13
 1244 0154 00       		.byte	0
 1245 0155 00       		.byte	0
 1246 0156 1B       		.uleb128 0x1b
 1247 0157 05       		.uleb128 0x5
 1248 0158 00       		.byte	0
 1249 0159 03       		.uleb128 0x3
 1250 015a 08       		.uleb128 0x8
 1251 015b 3A       		.uleb128 0x3a
 1252 015c 0B       		.uleb128 0xb
 1253 015d 3B       		.uleb128 0x3b
 1254 015e 0B       		.uleb128 0xb
ARM GAS  C:\Users\angio\AppData\Local\Temp\cclm2ufc.s 			page 23


 1255 015f 39       		.uleb128 0x39
 1256 0160 0B       		.uleb128 0xb
 1257 0161 49       		.uleb128 0x49
 1258 0162 13       		.uleb128 0x13
 1259 0163 00       		.byte	0
 1260 0164 00       		.byte	0
 1261 0165 1C       		.uleb128 0x1c
 1262 0166 34       		.uleb128 0x34
 1263 0167 00       		.byte	0
 1264 0168 03       		.uleb128 0x3
 1265 0169 0E       		.uleb128 0xe
 1266 016a 3A       		.uleb128 0x3a
 1267 016b 0B       		.uleb128 0xb
 1268 016c 3B       		.uleb128 0x3b
 1269 016d 0B       		.uleb128 0xb
 1270 016e 39       		.uleb128 0x39
 1271 016f 0B       		.uleb128 0xb
 1272 0170 49       		.uleb128 0x49
 1273 0171 13       		.uleb128 0x13
 1274 0172 00       		.byte	0
 1275 0173 00       		.byte	0
 1276 0174 1D       		.uleb128 0x1d
 1277 0175 34       		.uleb128 0x34
 1278 0176 00       		.byte	0
 1279 0177 03       		.uleb128 0x3
 1280 0178 0E       		.uleb128 0xe
 1281 0179 49       		.uleb128 0x49
 1282 017a 13       		.uleb128 0x13
 1283 017b 34       		.uleb128 0x34
 1284 017c 19       		.uleb128 0x19
 1285 017d 00       		.byte	0
 1286 017e 00       		.byte	0
 1287 017f 1E       		.uleb128 0x1e
 1288 0180 0B       		.uleb128 0xb
 1289 0181 01       		.byte	0x1
 1290 0182 00       		.byte	0
 1291 0183 00       		.byte	0
 1292 0184 1F       		.uleb128 0x1f
 1293 0185 34       		.uleb128 0x34
 1294 0186 00       		.byte	0
 1295 0187 03       		.uleb128 0x3
 1296 0188 08       		.uleb128 0x8
 1297 0189 3A       		.uleb128 0x3a
 1298 018a 0B       		.uleb128 0xb
 1299 018b 3B       		.uleb128 0x3b
 1300 018c 0B       		.uleb128 0xb
 1301 018d 39       		.uleb128 0x39
 1302 018e 0B       		.uleb128 0xb
 1303 018f 49       		.uleb128 0x49
 1304 0190 13       		.uleb128 0x13
 1305 0191 00       		.byte	0
 1306 0192 00       		.byte	0
 1307 0193 20       		.uleb128 0x20
 1308 0194 2E       		.uleb128 0x2e
 1309 0195 01       		.byte	0x1
 1310 0196 03       		.uleb128 0x3
 1311 0197 0E       		.uleb128 0xe
ARM GAS  C:\Users\angio\AppData\Local\Temp\cclm2ufc.s 			page 24


 1312 0198 3A       		.uleb128 0x3a
 1313 0199 0B       		.uleb128 0xb
 1314 019a 3B       		.uleb128 0x3b
 1315 019b 05       		.uleb128 0x5
 1316 019c 39       		.uleb128 0x39
 1317 019d 0B       		.uleb128 0xb
 1318 019e 27       		.uleb128 0x27
 1319 019f 19       		.uleb128 0x19
 1320 01a0 01       		.uleb128 0x1
 1321 01a1 13       		.uleb128 0x13
 1322 01a2 00       		.byte	0
 1323 01a3 00       		.byte	0
 1324 01a4 21       		.uleb128 0x21
 1325 01a5 05       		.uleb128 0x5
 1326 01a6 00       		.byte	0
 1327 01a7 03       		.uleb128 0x3
 1328 01a8 08       		.uleb128 0x8
 1329 01a9 3A       		.uleb128 0x3a
 1330 01aa 0B       		.uleb128 0xb
 1331 01ab 3B       		.uleb128 0x3b
 1332 01ac 05       		.uleb128 0x5
 1333 01ad 39       		.uleb128 0x39
 1334 01ae 0B       		.uleb128 0xb
 1335 01af 49       		.uleb128 0x49
 1336 01b0 13       		.uleb128 0x13
 1337 01b1 00       		.byte	0
 1338 01b2 00       		.byte	0
 1339 01b3 22       		.uleb128 0x22
 1340 01b4 2E       		.uleb128 0x2e
 1341 01b5 01       		.byte	0x1
 1342 01b6 03       		.uleb128 0x3
 1343 01b7 0E       		.uleb128 0xe
 1344 01b8 3A       		.uleb128 0x3a
 1345 01b9 0B       		.uleb128 0xb
 1346 01ba 3B       		.uleb128 0x3b
 1347 01bb 0B       		.uleb128 0xb
 1348 01bc 39       		.uleb128 0x39
 1349 01bd 0B       		.uleb128 0xb
 1350 01be 27       		.uleb128 0x27
 1351 01bf 19       		.uleb128 0x19
 1352 01c0 00       		.byte	0
 1353 01c1 00       		.byte	0
 1354 01c2 00       		.byte	0
 1355              		.section	.gnu.debuglto_.debug_line,"e",%progbits
 1356              	.Ldebug_line0:
 1357 0000 3A020000 		.4byte	.LELT0-.LSLT0
 1358              	.LSLT0:
 1359 0004 0400     		.2byte	0x4
 1360 0006 34020000 		.4byte	.LELTP0-.LASLTP0
 1361              	.LASLTP0:
 1362 000a 01       		.byte	0x1
 1363 000b 01       		.byte	0x1
 1364 000c 01       		.byte	0x1
 1365 000d F6       		.byte	0xf6
 1366 000e F2       		.byte	0xf2
 1367 000f 0D       		.byte	0xd
 1368 0010 00       		.byte	0
ARM GAS  C:\Users\angio\AppData\Local\Temp\cclm2ufc.s 			page 25


 1369 0011 01       		.byte	0x1
 1370 0012 01       		.byte	0x1
 1371 0013 01       		.byte	0x1
 1372 0014 01       		.byte	0x1
 1373 0015 00       		.byte	0
 1374 0016 00       		.byte	0
 1375 0017 00       		.byte	0
 1376 0018 01       		.byte	0x1
 1377 0019 00       		.byte	0
 1378 001a 00       		.byte	0
 1379 001b 01       		.byte	0x1
 1380 001c 2E2E2F2E 		.ascii	"../../chibios2111/os/common/ext/ST/STM32G4xx"
 1380      2E2F6368 
 1380      6962696F 
 1380      73323131 
 1380      312F6F73 
 1381 0048 00       		.byte	0
 1382 0049 2E2E2F2E 		.ascii	"../../chibios2111/os/hal/include"
 1382      2E2F6368 
 1382      6962696F 
 1382      73323131 
 1382      312F6F73 
 1383 0069 00       		.byte	0
 1384 006a 2E2E2F2E 		.ascii	"../../chibios2111/os/hal/osal/rt-nil"
 1384      2E2F6368 
 1384      6962696F 
 1384      73323131 
 1384      312F6F73 
 1385 008e 00       		.byte	0
 1386 008f 2E2E2F2E 		.ascii	"../../chibios2111/os/hal/ports/STM32/LLD/GPIOv2"
 1386      2E2F6368 
 1386      6962696F 
 1386      73323131 
 1386      312F6F73 
 1387 00be 00       		.byte	0
 1388 00bf 2E2E2F2E 		.ascii	"../../chibios2111/os/rt/include"
 1388      2E2F6368 
 1388      6962696F 
 1388      73323131 
 1388      312F6F73 
 1389 00de 00       		.byte	0
 1390 00df 633A5C63 		.ascii	"c:\\chibistudio\\tools\\gnu tools arm embedded\\10."
 1390      68696269 
 1390      73747564 
 1390      696F5C74 
 1390      6F6F6C73 
 1391 010e 33203230 		.ascii	"3 2021.10\\arm-none-eabi\\include\\machine"
 1391      32312E31 
 1391      305C6172 
 1391      6D2D6E6F 
 1391      6E652D65 
 1392 0135 00       		.byte	0
 1393 0136 633A5C63 		.ascii	"c:\\chibistudio\\tools\\gnu tools arm embedded\\10."
 1393      68696269 
 1393      73747564 
 1393      696F5C74 
 1393      6F6F6C73 
ARM GAS  C:\Users\angio\AppData\Local\Temp\cclm2ufc.s 			page 26


 1394 0165 33203230 		.ascii	"3 2021.10\\arm-none-eabi\\include\\sys"
 1394      32312E31 
 1394      305C6172 
 1394      6D2D6E6F 
 1394      6E652D65 
 1395 0188 00       		.byte	0
 1396 0189 00       		.byte	0
 1397 018a 5F646566 		.ascii	"_default_types.h\000"
 1397      61756C74 
 1397      5F747970 
 1397      65732E68 
 1397      00
 1398 019b 06       		.uleb128 0x6
 1399 019c 00       		.uleb128 0
 1400 019d 00       		.uleb128 0
 1401 019e 5F737464 		.ascii	"_stdint.h\000"
 1401      696E742E 
 1401      6800
 1402 01a8 07       		.uleb128 0x7
 1403 01a9 00       		.uleb128 0
 1404 01aa 00       		.uleb128 0
 1405 01ab 63686561 		.ascii	"chearly.h\000"
 1405      726C792E 
 1405      6800
 1406 01b5 05       		.uleb128 0x5
 1407 01b6 00       		.uleb128 0
 1408 01b7 00       		.uleb128 0
 1409 01b8 63686C69 		.ascii	"chlists.h\000"
 1409      7374732E 
 1409      6800
 1410 01c2 05       		.uleb128 0x5
 1411 01c3 00       		.uleb128 0
 1412 01c4 00       		.uleb128 0
 1413 01c5 73746D33 		.ascii	"stm32g474xx.h\000"
 1413      32673437 
 1413      3478782E 
 1413      6800
 1414 01d3 01       		.uleb128 0x1
 1415 01d4 00       		.uleb128 0
 1416 01d5 00       		.uleb128 0
 1417 01d6 63686F62 		.ascii	"chobjects.h\000"
 1417      6A656374 
 1417      732E6800 
 1418 01e2 05       		.uleb128 0x5
 1419 01e3 00       		.uleb128 0
 1420 01e4 00       		.uleb128 0
 1421 01e5 68616C5F 		.ascii	"hal_pal.h\000"
 1421      70616C2E 
 1421      6800
 1422 01ef 02       		.uleb128 0x2
 1423 01f0 00       		.uleb128 0
 1424 01f1 00       		.uleb128 0
 1425 01f2 73746D33 		.ascii	"stm32_gpio.h\000"
 1425      325F6770 
 1425      696F2E68 
 1425      00
 1426 01ff 04       		.uleb128 0x4
ARM GAS  C:\Users\angio\AppData\Local\Temp\cclm2ufc.s 			page 27


 1427 0200 00       		.uleb128 0
 1428 0201 00       		.uleb128 0
 1429 0202 68616C5F 		.ascii	"hal_pal_lld.h\000"
 1429      70616C5F 
 1429      6C6C642E 
 1429      6800
 1430 0210 04       		.uleb128 0x4
 1431 0211 00       		.uleb128 0
 1432 0212 00       		.uleb128 0
 1433 0213 68616C5F 		.ascii	"hal_pal_lld.c\000"
 1433      70616C5F 
 1433      6C6C642E 
 1433      6300
 1434 0221 04       		.uleb128 0x4
 1435 0222 00       		.uleb128 0
 1436 0223 00       		.uleb128 0
 1437 0224 6F73616C 		.ascii	"osal.h\000"
 1437      2E6800
 1438 022b 03       		.uleb128 0x3
 1439 022c 00       		.uleb128 0
 1440 022d 00       		.uleb128 0
 1441 022e 63687468 		.ascii	"chthreads.h\000"
 1441      72656164 
 1441      732E6800 
 1442 023a 05       		.uleb128 0x5
 1443 023b 00       		.uleb128 0
 1444 023c 00       		.uleb128 0
 1445 023d 00       		.byte	0
 1446              	.LELTP0:
 1447              	.LELT0:
 1448              		.section	.gnu.debuglto_.debug_str,"eMS",%progbits,1
 1449              	.LASF77:
 1450 0000 5F70616C 		.ascii	"_pal_lld_setgroupmode\000"
 1450      5F6C6C64 
 1450      5F736574 
 1450      67726F75 
 1450      706D6F64 
 1451              	.LASF44:
 1452 0016 74687265 		.ascii	"threads_queue_t\000"
 1452      6164735F 
 1452      71756575 
 1452      655F7400 
 1453              	.LASF91:
 1454 0026 433A5C43 		.ascii	"C:\\ChibiStudio\\workspace_user\\RT-STM32G474RE-NUC"
 1454      68696269 
 1454      53747564 
 1454      696F5C77 
 1454      6F726B73 
 1455 0056 4C454F36 		.ascii	"LEO64\000"
 1455      3400
 1456              	.LASF23:
 1457 005c 52545352 		.ascii	"RTSR1\000"
 1457      3100
 1458              	.LASF30:
 1459 0062 52545352 		.ascii	"RTSR2\000"
 1459      3200
 1460              	.LASF85:
ARM GAS  C:\Users\angio\AppData\Local\Temp\cclm2ufc.s 			page 28


 1461 0068 5F70616C 		.ascii	"_pal_lld_init\000"
 1461      5F6C6C64 
 1461      5F696E69 
 1461      7400
 1462              	.LASF69:
 1463 0076 63726F66 		.ascii	"croff\000"
 1463      6600
 1464              	.LASF5:
 1465 007c 73686F72 		.ascii	"short int\000"
 1465      7420696E 
 1465      7400
 1466              	.LASF58:
 1467 0086 73746D33 		.ascii	"stm32_gpio_t\000"
 1467      325F6770 
 1467      696F5F74 
 1467      00
 1468              	.LASF71:
 1469 0093 706F7274 		.ascii	"portidx\000"
 1469      69647800 
 1470              	.LASF90:
 1471 009b 2E2E2F2E 		.ascii	"../../chibios2111/os/hal/ports/STM32/LLD/GPIOv2/hal"
 1471      2E2F6368 
 1471      6962696F 
 1471      73323131 
 1471      312F6F73 
 1472 00ce 5F70616C 		.ascii	"_pal_lld.c\000"
 1472      5F6C6C64 
 1472      2E6300
 1473              	.LASF48:
 1474 00d9 70616C65 		.ascii	"palevent_t\000"
 1474      76656E74 
 1474      5F7400
 1475              	.LASF1:
 1476 00e4 6C6F6E67 		.ascii	"long long int\000"
 1476      206C6F6E 
 1476      6720696E 
 1476      7400
 1477              	.LASF10:
 1478 00f2 5F5F7569 		.ascii	"__uint32_t\000"
 1478      6E743332 
 1478      5F7400
 1479              	.LASF61:
 1480 00fd 696F6576 		.ascii	"ioeventmode_t\000"
 1480      656E746D 
 1480      6F64655F 
 1480      7400
 1481              	.LASF7:
 1482 010b 5F5F7569 		.ascii	"__uint16_t\000"
 1482      6E743136 
 1482      5F7400
 1483              	.LASF35:
 1484 0116 43464752 		.ascii	"CFGR1\000"
 1484      3100
 1485              	.LASF67:
 1486 011c 66747372 		.ascii	"ftsr1\000"
 1486      3100
 1487              	.LASF60:
ARM GAS  C:\Users\angio\AppData\Local\Temp\cclm2ufc.s 			page 29


 1488 0122 696F6D6F 		.ascii	"iomode_t\000"
 1488      64655F74 
 1488      00
 1489              	.LASF42:
 1490 012b 63685F74 		.ascii	"ch_threads_queue\000"
 1490      68726561 
 1490      64735F71 
 1490      75657565 
 1490      00
 1491              	.LASF36:
 1492 013c 45585449 		.ascii	"EXTICR\000"
 1492      435200
 1493              	.LASF59:
 1494 0143 696F706F 		.ascii	"ioportmask_t\000"
 1494      72746D61 
 1494      736B5F74 
 1494      00
 1495              	.LASF18:
 1496 0150 63685F71 		.ascii	"ch_queue_t\000"
 1496      75657565 
 1496      5F7400
 1497              	.LASF75:
 1498 015b 63726D61 		.ascii	"crmask\000"
 1498      736B00
 1499              	.LASF65:
 1500 0162 7061646D 		.ascii	"padmask\000"
 1500      61736B00 
 1501              	.LASF25:
 1502 016a 53574945 		.ascii	"SWIER1\000"
 1502      523100
 1503              	.LASF32:
 1504 0171 53574945 		.ascii	"SWIER2\000"
 1504      523200
 1505              	.LASF51:
 1506 0178 4F545950 		.ascii	"OTYPER\000"
 1506      455200
 1507              	.LASF46:
 1508 017f 70616C63 		.ascii	"palcallback_t\000"
 1508      616C6C62 
 1508      61636B5F 
 1508      7400
 1509              	.LASF2:
 1510 018d 6C6F6E67 		.ascii	"long double\000"
 1510      20646F75 
 1510      626C6500 
 1511              	.LASF47:
 1512 0199 74687265 		.ascii	"threads\000"
 1512      61647300 
 1513              	.LASF68:
 1514 01a1 63726964 		.ascii	"cridx\000"
 1514      7800
 1515              	.LASF34:
 1516 01a7 4D454D52 		.ascii	"MEMRMP\000"
 1516      4D5000
 1517              	.LASF53:
 1518 01ae 50555044 		.ascii	"PUPDR\000"
 1518      5200
ARM GAS  C:\Users\angio\AppData\Local\Temp\cclm2ufc.s 			page 30


 1519              	.LASF81:
 1520 01b4 6F737065 		.ascii	"ospeedr\000"
 1520      65647200 
 1521              	.LASF33:
 1522 01bc 45585449 		.ascii	"EXTI_TypeDef\000"
 1522      5F547970 
 1522      65446566 
 1522      00
 1523              	.LASF9:
 1524 01c9 6C6F6E67 		.ascii	"long int\000"
 1524      20696E74 
 1524      00
 1525              	.LASF50:
 1526 01d2 4D4F4445 		.ascii	"MODER\000"
 1526      5200
 1527              	.LASF49:
 1528 01d8 636C6561 		.ascii	"clear\000"
 1528      7200
 1529              	.LASF86:
 1530 01de 6F73616C 		.ascii	"osalThreadDequeueAllI\000"
 1530      54687265 
 1530      61644465 
 1530      71756575 
 1530      65416C6C 
 1531              	.LASF55:
 1532 01f4 4C4F434B 		.ascii	"LOCKR\000"
 1532      5200
 1533              	.LASF43:
 1534 01fa 71756575 		.ascii	"queue\000"
 1534      6500
 1535              	.LASF62:
 1536 0200 696F706F 		.ascii	"ioportid_t\000"
 1536      72746964 
 1536      5F7400
 1537              	.LASF4:
 1538 020b 756E7369 		.ascii	"unsigned char\000"
 1538      676E6564 
 1538      20636861 
 1538      7200
 1539              	.LASF16:
 1540 0219 6D73675F 		.ascii	"msg_t\000"
 1540      7400
 1541              	.LASF76:
 1542 021f 5F5F6675 		.ascii	"__func__\000"
 1542      6E635F5F 
 1542      00
 1543              	.LASF8:
 1544 0228 5F5F696E 		.ascii	"__int32_t\000"
 1544      7433325F 
 1544      7400
 1545              	.LASF20:
 1546 0232 70726576 		.ascii	"prev\000"
 1546      00
 1547              	.LASF3:
 1548 0237 7369676E 		.ascii	"signed char\000"
 1548      65642063 
 1548      68617200 
ARM GAS  C:\Users\angio\AppData\Local\Temp\cclm2ufc.s 			page 31


 1549              	.LASF70:
 1550 0243 6372706F 		.ascii	"crport\000"
 1550      727400
 1551              	.LASF12:
 1552 024a 6C6F6E67 		.ascii	"long long unsigned int\000"
 1552      206C6F6E 
 1552      6720756E 
 1552      7369676E 
 1552      65642069 
 1553              	.LASF15:
 1554 0261 75696E74 		.ascii	"uint32_t\000"
 1554      33325F74 
 1554      00
 1555              	.LASF80:
 1556 026a 6F747970 		.ascii	"otyper\000"
 1556      657200
 1557              	.LASF38:
 1558 0271 43464752 		.ascii	"CFGR2\000"
 1558      3200
 1559              	.LASF13:
 1560 0277 75696E74 		.ascii	"uint16_t\000"
 1560      31365F74 
 1560      00
 1561              	.LASF57:
 1562 0280 41465248 		.ascii	"AFRH\000"
 1562      00
 1563              	.LASF56:
 1564 0285 4146524C 		.ascii	"AFRL\000"
 1564      00
 1565              	.LASF6:
 1566 028a 73686F72 		.ascii	"short unsigned int\000"
 1566      7420756E 
 1566      7369676E 
 1566      65642069 
 1566      6E7400
 1567              	.LASF40:
 1568 029d 53595343 		.ascii	"SYSCFG_TypeDef\000"
 1568      46475F54 
 1568      79706544 
 1568      656600
 1569              	.LASF17:
 1570 02ac 63686172 		.ascii	"char\000"
 1570      00
 1571              	.LASF14:
 1572 02b1 696E7433 		.ascii	"int32_t\000"
 1572      325F7400 
 1573              	.LASF92:
 1574 02b9 5F70616C 		.ascii	"_pal_events\000"
 1574      5F657665 
 1574      6E747300 
 1575              	.LASF63:
 1576 02c5 696F7061 		.ascii	"iopadid_t\000"
 1576      6469645F 
 1576      7400
 1577              	.LASF74:
 1578 02cf 6D6F6465 		.ascii	"mode\000"
 1578      00
ARM GAS  C:\Users\angio\AppData\Local\Temp\cclm2ufc.s 			page 32


 1579              	.LASF45:
 1580 02d4 5F426F6F 		.ascii	"_Bool\000"
 1580      6C00
 1581              	.LASF88:
 1582 02da 63685468 		.ascii	"chThdQueueObjectInit\000"
 1582      64517565 
 1582      75654F62 
 1582      6A656374 
 1582      496E6974 
 1583              	.LASF64:
 1584 02ef 706F7274 		.ascii	"port\000"
 1584      00
 1585              	.LASF22:
 1586 02f4 454D5231 		.ascii	"EMR1\000"
 1586      00
 1587              	.LASF29:
 1588 02f9 454D5232 		.ascii	"EMR2\000"
 1588      00
 1589              	.LASF26:
 1590 02fe 52455345 		.ascii	"RESERVED1\000"
 1590      52564544 
 1590      3100
 1591              	.LASF27:
 1592 0308 52455345 		.ascii	"RESERVED2\000"
 1592      52564544 
 1592      3200
 1593              	.LASF52:
 1594 0312 4F535045 		.ascii	"OSPEEDR\000"
 1594      45445200 
 1595              	.LASF11:
 1596 031a 6C6F6E67 		.ascii	"long unsigned int\000"
 1596      20756E73 
 1596      69676E65 
 1596      6420696E 
 1596      7400
 1597              	.LASF21:
 1598 032c 494D5231 		.ascii	"IMR1\000"
 1598      00
 1599              	.LASF28:
 1600 0331 494D5232 		.ascii	"IMR2\000"
 1600      00
 1601              	.LASF39:
 1602 0336 53575052 		.ascii	"SWPR\000"
 1602      00
 1603              	.LASF93:
 1604 033b 63685F71 		.ascii	"ch_queue_init\000"
 1604      75657565 
 1604      5F696E69 
 1604      7400
 1605              	.LASF78:
 1606 0349 6D61736B 		.ascii	"mask\000"
 1606      00
 1607              	.LASF66:
 1608 034e 72747372 		.ascii	"rtsr1\000"
 1608      3100
 1609              	.LASF82:
 1610 0354 70757064 		.ascii	"pupdr\000"
ARM GAS  C:\Users\angio\AppData\Local\Temp\cclm2ufc.s 			page 33


 1610      7200
 1611              	.LASF87:
 1612 035a 6F73616C 		.ascii	"osalThreadQueueObjectInit\000"
 1612      54687265 
 1612      61645175 
 1612      6575654F 
 1612      626A6563 
 1613              	.LASF24:
 1614 0374 46545352 		.ascii	"FTSR1\000"
 1614      3100
 1615              	.LASF31:
 1616 037a 46545352 		.ascii	"FTSR2\000"
 1616      3200
 1617              	.LASF41:
 1618 0380 63685F71 		.ascii	"ch_queue\000"
 1618      75657565 
 1618      00
 1619              	.LASF79:
 1620 0389 6D6F6465 		.ascii	"moder\000"
 1620      7200
 1621              	.LASF37:
 1622 038f 53435352 		.ascii	"SCSR\000"
 1622      00
 1623              	.LASF83:
 1624 0394 616C7472 		.ascii	"altr\000"
 1624      00
 1625              	.LASF84:
 1626 0399 616C7472 		.ascii	"altrmask\000"
 1626      6D61736B 
 1626      00
 1627              	.LASF0:
 1628 03a2 756E7369 		.ascii	"unsigned int\000"
 1628      676E6564 
 1628      20696E74 
 1628      00
 1629              	.LASF73:
 1630 03af 5F70616C 		.ascii	"_pal_lld_enablepadevent\000"
 1630      5F6C6C64 
 1630      5F656E61 
 1630      626C6570 
 1630      61646576 
 1631              	.LASF72:
 1632 03c7 5F70616C 		.ascii	"_pal_lld_disablepadevent\000"
 1632      5F6C6C64 
 1632      5F646973 
 1632      61626C65 
 1632      70616465 
 1633              	.LASF19:
 1634 03e0 6E657874 		.ascii	"next\000"
 1634      00
 1635              	.LASF89:
 1636 03e5 474E5520 		.ascii	"GNU C17 10.3.1 20210824 (release) -mcpu=cortex-m4 -"
 1636      43313720 
 1636      31302E33 
 1636      2E312032 
 1636      30323130 
 1637 0418 6D746875 		.ascii	"mthumb -mfloat-abi=soft -march=armv7e-m -ggdb -O0 -"
ARM GAS  C:\Users\angio\AppData\Local\Temp\cclm2ufc.s 			page 34


 1637      6D62202D 
 1637      6D666C6F 
 1637      61742D61 
 1637      62693D73 
 1638 044b 666F6D69 		.ascii	"fomit-frame-pointer -falign-functions=16 -ffunction"
 1638      742D6672 
 1638      616D652D 
 1638      706F696E 
 1638      74657220 
 1639 047e 2D736563 		.ascii	"-sections -fdata-sections -fno-common -flto\000"
 1639      74696F6E 
 1639      73202D66 
 1639      64617461 
 1639      2D736563 
 1640              	.LASF54:
 1641 04aa 42535252 		.ascii	"BSRR\000"
 1641      00
 1642              		.text
 1643              		.section	.gnu.lto_.inline.1f2b69d2,"e",%progbits
 1644 0000 789CB367 		.ascii	"x\234\263gd\200\003\016\006\006\326\006 `Je``b\203\261"
 1644      6480030E 
 1644      0606D606 
 1644      20604A65 
 1644      60606283 
 1645 0015 58181A81 		.ascii	"X\030\032\201\254:&\006&\240\022F\260\212\005\314i@"
 1645      AC3A2606 
 1645      26A01246 
 1645      B08A05CC 
 1645      6940
 1646 0027 154C6015 		.ascii	"\025L`\025)h*\230\270A\312&\3701\021\255\222\231\001"
 1646      29682A98 
 1646      B841CA26 
 1646      F83111AD 
 1646      929901
 1647 003a 64D7013C 		.ascii	"d\327\001<*\231y@\312'\370M\360ca\340\001\251eJ\007"
 1647      2A997940 
 1647      CA27F84D 
 1647      F06361E0 
 1647      01A9654A 
 1648 004f F20540E6 		.ascii	"\362\005@\3463\245a\230\312\0106\225\215\341\012\003"
 1648      33A56198 
 1648      CA083695 
 1648      8DE10A03 
 1649 005f 50F40C53 		.ascii	"P\364\014S&Pl\011#\214\211\242\226\235A\017\310y\301"
 1649      26506C09 
 1649      238C89A2 
 1649      969D410F 
 1649      C879C1
 1650 0072 94015412 		.ascii	"\224\001T\022\001c\241\250\340`\320\002r&0\203Tx\001"
 1650      0163A1A8 
 1650      E060D002 
 1650      72263083 
 1650      547801
 1651 0085 591B3054 		.ascii	"Y\0330T\300\334\306\300\000\000i@E\364"
 1651      C0DCC6C0 
 1651      00006940 
 1651      45F4
ARM GAS  C:\Users\angio\AppData\Local\Temp\cclm2ufc.s 			page 35


 1652              		.text
 1653              		.section	.gnu.lto_.jmpfuncs.1f2b69d2,"e",%progbits
 1654 0000 789C6362 		.ascii	"x\234cb@\006\000\000*\000\003"
 1654      40060000 
 1654      2A0003
 1655              		.text
 1656              		.section	.gnu.lto_.lto.1f2b69d2,"e",%progbits
 1657 0000 09000400 		.ascii	"\011\000\004\000\001\000\000\000"
 1657      01000000 
 1658              		.text
 1659              		.section	.gnu.lto_ch_queue_init.19.1f2b69d2,"e",%progbits
 1660 0000 789C754F 		.ascii	"x\234uO?H\002a\024\177\357\236F\021\315\215\375!\220"
 1660      3F480261 
 1660      147FEF9E 
 1660      4611CD8D 
 1660      FD2190
 1661 0013 02EFD4CC 		.ascii	"\002\357\324\314\242U\244\245\022\3246A\354<\362\350"
 1661      A255A4A5 
 1661      12D43641 
 1661      EC3CF2E8 
 1662 0023 E8CC53DA 		.ascii	"\350\314S\332\362\313%h\261\214\226(\207\270\242\255"
 1662      F2CB2568 
 1662      B18C9628 
 1662      87B8A2AD 
 1663 0033 A9D2A210 		.ascii	"\251\322\242\020\332\232\"h\215\206\210\246\206\246"
 1663      DA9A2268 
 1663      8D8688A6 
 1663      86A6
 1664 0041 82E0FAEE 		.ascii	"\202\340\372\3564j\351\361=x\357\367~\277\367~\337 "
 1664      346AE9F1 
 1664      3D78EFF7 
 1664      7EBFF77E 
 1664      DF20
 1665 0053 02AC02C0 		.ascii	"\002\254\002\300\000O \300\352\326\206\000\226e\225"
 1665      004F20C0 
 1665      EAD68600 
 1665      966595
 1666 0062 5C02AE0D 		.ascii	"\\\002\256\015a\003\235\032\241$`\011\267i\2301\366"
 1666      61039D1A 
 1666      A1246009 
 1666      B7699831 
 1666      F6
 1667 0073 7158BB5E 		.ascii	"qX\273^\357f\307M4\011\240F\320\212=\302*\231\204\350"
 1667      EF66C74D 
 1667      3409A046 
 1667      D08A3DC2 
 1667      2A9984E8 
 1668 0087 6A5702F6 		.ascii	"jW\002\366\363\2122\340i2v\367Xg\254\013L\"<G\256\301"
 1668      F38A32E0 
 1668      693276F7 
 1668      5867AC0B 
 1668      4C223C47 
 1669 009d 33C4537E 		.ascii	"3\304S~\233\003\013\325\036\200\216\237M\034\203\223"
 1669      9B030BD5 
 1669      1E808E9F 
 1669      4D1C8393 
 1670 00ad 7B77937D 		.ascii	"{w\223}Y\025\306\036^\360\326\343\026\020\353\034\257"
ARM GAS  C:\Users\angio\AppData\Local\Temp\cclm2ufc.s 			page 36


 1670      5915C61E 
 1670      5EF0D6E3 
 1670      1610EB1C 
 1670      AF
 1671 00be 90EDCC89 		.ascii	"\220\355\314\211>\336n\222\360\333\"\274ay\267\361|"
 1671      3EDE6E92 
 1671      F0DB22BC 
 1671      6179B7F1 
 1671      7C
 1672 00cf 43EDEB84 		.ascii	"C\355\353\204\266\243#\344\206_\005\223\\\007\334\317"
 1672      B6A323E4 
 1672      865F0593 
 1672      5C07DCCF 
 1673 00df 05828FF7 		.ascii	"\005\202\217\367\235\366\364\022\367\355{\034v\224\237"
 1673      9DF6F412 
 1673      F7ED7B1C 
 1673      76949F
 1674 00ee 2DE5FFFC 		.ascii	"-\345\377\374+\316\307\026\377\035\313O;Q\347\323\025"
 1674      2BCEC716 
 1674      FF1DCB4F 
 1674      3B51E7D3 
 1674      15
 1675 00ff C2BF9600 		.ascii	"\302\277\226\000B\341\311d8\253\316\253\361B1\243\352"
 1675      42E1C964 
 1675      38ABCEAB 
 1675      F14231A3 
 1675      EA
 1676 0110 C9153DBF 		.ascii	"\311\025=\277h\344\322\262\222*\032J>\031Kx\343\211"
 1676      68E4D2B2 
 1676      922A1A4A 
 1676      3E194B78 
 1676      E389
 1677 0122 99D1C054 		.ascii	"\231\321\300Tp<\030\213xg\347\302\323\221h(\010#\242"
 1677      703C188B 
 1677      7867E7C2 
 1677      D3916828 
 1677      0823A2
 1678 0135 28F127DB 		.ascii	"(\361'\333J\335\010\370\375~I7\244|AR\227d\255\230Q"
 1678      4ADD08F8 
 1678      FD7E4937 
 1678      A47C4152 
 1678      9764AD98 
 1679 014a F844538D 		.ascii	"\370DS\215\202!fAX\316\365f\323Z*\307S\3232\242,\216"
 1679      82216641 
 1679      58CEF566 
 1679      D35A2AC7 
 1679      53D332A2 
 1680 0160 8D2BE990 		.ascii	"\215+\351\220<\341\203oaL\223k"
 1680      3CE1836F 
 1680      614C936B 
 1681              		.text
 1682              		.section	.gnu.lto_chThdQueueObjectInit.225.1f2b69d2,"e",%progbits
 1683 0000 789C4D4F 		.ascii	"x\234MO=O\002a\014n\257\200\030\235uT\023\023c\"w\202"
 1683      3D4F0261 
 1683      0C6EAF80 
 1683      189D7554 
 1683      13136322 
ARM GAS  C:\Users\angio\AppData\Local\Temp\cclm2ufc.s 			page 37


 1684 0016 08C69510 		.ascii	"\010\306\225\020\027?\022\305\215h\3608\003J\004\357"
 1684      173F12C5 
 1684      8D68F038 
 1684      034A04EF 
 1685 0026 208EBC12 		.ascii	" \216\274\022&\026\024\035\205\201\234\206\315I\305"
 1685      2616141D 
 1685      85819C86 
 1685      CD49C5
 1686 0035 8F819FA0 		.ascii	"\217\201\237\240\376\0027\235\214qR\2039\313\251\321"
 1686      FE02379D 
 1686      8C715283 
 1686      39CBA9D1 
 1687 0045 A64DDAA7 		.ascii	"\246M\332\247\355\323\247\003\010\260\013\000C\034@"
 1687      EDD3A703 
 1687      08B00B00 
 1687      431C40
 1688 0054 8095FD92 		.ascii	"\200\225\375\222\004\226e\345\035\022\356\016\343%\332"
 1688      049665E5 
 1688      1D12EE0E 
 1688      E325DA
 1689 0063 39425EC2 		.ascii	"9B^\302<\036\320\250\020\342\355\270V-\367\210F\013"
 1689      3C1ED0A8 
 1689      10E2EDB8 
 1689      562DF788 
 1689      460B
 1690 0075 4D02A811 		.ascii	"M\002\250\021|\333\021a\205LBt\374d\022\016rF\3530\322"
 1690      7CDB1161 
 1690      854C4274 
 1690      FC64120E 
 1690      7246EB30 
 1691 008a 12E2F6A3 		.ascii	"\022\342\366\243)D7\230Dx\201\274\203\347\210g|\233"
 1691      29443798 
 1691      447881BC 
 1691      83E78867 
 1691      7C9B
 1692 009c 818D762F 		.ascii	"\201\215v/\200\353\227\21118\275w\266D\333*\013\361"
 1692      80EB9789 
 1692      3138BD77 
 1692      B644DB2A 
 1692      0BF1
 1693 00ae F9880DC5 		.ascii	"\371\210\015\305\211<\306z\260\311\3152u\344\3316\300"
 1693      893CC67A 
 1693      B0C9CD32 
 1693      75E4D936 
 1693      C0
 1694 00bf E51E497F 		.ascii	"\345\036I\177%\3023\026\016K\326\273\253N\370\243\202"
 1694      25C23316 
 1694      0E4BD6BB 
 1694      AB4EF8A3 
 1694      82
 1695 00d0 B0A3EC04 		.ascii	"\260\243\354\004Y\370S\237I\316:\353\272\262\261q\206"
 1695      59F8539F 
 1695      49CE3AEB 
 1695      BAB2B171 
 1695      86
 1696 00e1 DC26B9F0 		.ascii	"\334&\271\360\032\253\235\323E{\206\237r\340\0153\277"
 1696      1AAB9DD3 
ARM GAS  C:\Users\angio\AppData\Local\Temp\cclm2ufc.s 			page 38


 1696      457B869F 
 1696      72E00D33 
 1696      BF
 1697 00f2 60719031 		.ascii	"`q\2201\311\244\256\032\223\000S\232\344\206W,<\334"
 1697      C9A4AE1A 
 1697      9300539A 
 1697      E486572C 
 1697      3CDC
 1698 0104 ADD81F97 		.ascii	"\255\330\037\227\011\377K\001\010\204\246\243\241Dr"
 1698      09FF4B01 
 1698      0884A6A3 
 1698      A14472
 1699 0113 2DB994CD 		.ascii	"-\271\224\315\305\223\351\350NZ\337421U[\315\031\232"
 1699      C593E9E8 
 1699      4E5ADF34 
 1699      3231555B 
 1699      CD199A
 1700 0126 1E5D8C78 		.ascii	"\036]\214x\226\"s\023\276\031\177\320\277\030\366\314"
 1700      96227313 
 1700      BE197FD0 
 1700      BF18F6CC 
 1701 0136 2F8766C3 		.ascii	"/\207f\303\013\001?\214\311\262\302\256v6\323\206\317"
 1701      0B013F8C 
 1701      C9B2C2AE 
 1701      7636D386 
 1701      CF
 1702 0147 EBF52A69 		.ascii	"\353\365*iC\321\263JrKM\345\342\032w\262\011]\213\305"
 1702      43D1B34A 
 1702      724B4DE5 
 1702      E21A77B2 
 1702      095D8BC5 
 1703 015b 0D390194 		.ascii	"\0159\001\224\335\316\364'b\251\325\014G*\025\227Uy"
 1703      DDCEF427 
 1703      62A9D50C 
 1703      472A1597 
 1703      5579
 1704 016d 32A8C502 		.ascii	"2\250\305\002\352\3248|\001R6\221-"
 1704      EAD4387C 
 1704      01523691 
 1704      2D
 1705              		.text
 1706              		.section	.gnu.lto_osalThreadQueueObjectInit.358.1f2b69d2,"e",%progbits
 1707 0000 789CBBCC 		.ascii	"x\234\273\314\300\300\320\010\304\212@\314\300\314\300"
 1707      C0C0D008 
 1707      C48A40CC 
 1707      C0CCC0
 1708 000f 38696217 		.ascii	"8ib\027\023\303\377\377\377\353Y\230\030\033U\030w2"
 1708      13C3FFFF 
 1708      FFEB5998 
 1708      181B5518 
 1708      7732
 1709 0021 82D98C0C 		.ascii	"\202\331\214\014\365L\214\365\214\223\2315\033\032\032"
 1709      F54C8CF5 
 1709      8C939935 
 1709      1B1A1A
 1710 0030 7E2C9D77 		.ascii	"~,\235wb\267ASC\253\304\022f\006\206y\314\014\0200\207"
 1710      62B74153 
ARM GAS  C:\Users\angio\AppData\Local\Temp\cclm2ufc.s 			page 39


 1710      43ABC412 
 1710      66068679 
 1710      CC0C1030 
 1711 0045 997112F3 		.ascii	"\231q\022\363\022fFF\026(\213\211Q\001\310bNcP?\320"
 1711      12664646 
 1711      16288B89 
 1711      5101C862 
 1711      4E63503F 
 1712 005a D070E1FF 		.ascii	"\320p\341\377\216\206\006N\206%\314\314\214\333\031"
 1712      8E86064E 
 1712      8625CCCC 
 1712      8CDB19
 1713 0069 817A18B7 		.ascii	"\201z\030\26712ned\000\011d=\344a``\203\231\004\024"
 1713      31326E65 
 1713      64000964 
 1713      3DE46160 
 1713      60839904 
 1714 007e 63587F89 		.ascii	"cX\177\211\365@\303\237\377\375\015\015O%\366\355t\007"
 1714      F540C39F 
 1714      FFFD0D0D 
 1714      4F25F6ED 
 1714      7407
 1715 0090 3A857107 		.ascii	":\205q\007P\274\237\031\34420\220\007r'03!\270\214\014"
 1715      50BC9F19 
 1715      E4323090 
 1715      07722730 
 1715      3321B88C 
 1716 00a5 1F185B1E 		.ascii	"\037\030[\036L\375.\301\320\302\310\264\204\231e\036"
 1716      4CFD2EC1 
 1716      D0C2C8B4 
 1716      8499651E 
 1717 00b5 3350C522 		.ascii	"3P\305\"f \223\225\341\023c\323\203\351\3379\300\256"
 1717      66209395 
 1717      E11363D3 
 1717      83E9DF39 
 1717      C0AE
 1718 00c7 EC676644 		.ascii	"\354gfD6\203\201\301\314\331*\3069#3)3\270\2444%3?\246"
 1718      368381C1 
 1718      CCD92AC6 
 1718      39233329 
 1718      33B8A434 
 1719 00df 3CBF28BB 		.ascii	"<\277(\273\270 195\276\2648\265(&(D78\304\327\330\310"
 1719      B8203139 
 1719      35BEB438 
 1719      B5282628 
 1719      443738C4 
 1720 00f6 DDC4DC24 		.ascii	"\335\304\334$\310U\327/\324\331\307\325\337\314\204"
 1720      C855D72F 
 1720      D4D9C7D5 
 1720      DFCC84
 1721 0105 41474F4F 		.ascii	"AGOO\037\210\222A:\363\213\215\014\015\015\365\363\213"
 1721      1F889241 
 1721      3AF38B8D 
 1721      0C0D0DF5 
 1721      F38B
 1722 0117 F5331273 		.ascii	"\3653\022s\200\024\220(*\321\315\313\204\260\3652\030"
 1722      80149028 
ARM GAS  C:\Users\angio\AppData\Local\Temp\cclm2ufc.s 			page 40


 1722      2AD1CDCB 
 1722      84B0F532 
 1722      18
 1723 0128 984B0A0B 		.ascii	"\230K\012\013\304\201r\361\005@\234\223\223\242\227"
 1723      C48172F1 
 1723      05409C93 
 1723      93A297
 1724 0137 AC676A9E 		.ascii	"\254gj\236\232h\226la\300\000\000*\205~\014"
 1724      9A68966C 
 1724      61C00000 
 1724      2A857E0C 
 1725              		.text
 1726              		.section	.gnu.lto_osalThreadDequeueAllI.361.1f2b69d2,"e",%progbits
 1727 0000 789C554F 		.ascii	"x\234UOMK\002a\020\236\331Y\245\300C\267\354TA A\256"
 1727      4D4B0261 
 1727      109ED959 
 1727      A5C043B7 
 1727      EC544120 
 1728 0016 6966D155 		.ascii	"if\321U\304K\037\240v\023\302\324r\313Zs\215\216\276"
 1728      C44B1FA0 
 1728      7613C2D4 
 1728      72CB5A73 
 1728      8D8EBE
 1729 0029 591274C8 		.ascii	"Y\022t\310\262kx\220\355\232\207\350\233\300\237 ]:"
 1729      B26B7890 
 1729      ED9A87E8 
 1729      9BC09F20 
 1729      5D3A
 1730 003b 05FD8428 		.ascii	"\005\375\204(\202\250`\033\265\250\206w\346}f\346\231"
 1730      82A8601B 
 1730      B5A88677 
 1730      E67D66E6 
 1730      99
 1731 004c 2F19018A 		.ascii	"/\031\001\212\000\320\317\012\004X>\330\225\3004\315"
 1731      00D0CF0A 
 1731      04583ED8 
 1731      95C034CD 
 1732 005c BC2CE1E6 		.ascii	"\274,\341\346\000\336`\013#\344%\314\343!\015\012!\336"
 1732      00DE600B 
 1732      23E425CC 
 1732      E3210D0A 
 1732      21DE
 1733 006e 8E2BB5DB 		.ascii	"\216+\265\333\341\202(\332\015\002\250\020\264\345\210"
 1733      E18228DA 
 1733      0D02A810 
 1733      B4E588
 1734 007d B04C0621 		.ascii	"\260L\006!\312\337H\302>F\264\000\216\272\020\215\217"
 1734      CADF48C2 
 1734      3E46B400 
 1734      8EBA108D 
 1734      8F
 1735 008e 4B213AC1 		.ascii	"K!:\301 \302\013\344\032<G<\343\331\034X:\2655y\005"
 1735      20C20BE4 
 1735      1A3C473C 
 1735      E3D91C58 
 1735      3AB53579 
 1736 00a3 0407776F 		.ascii	"\004\007wo\354m\355\210.\331 \031\257\376\023\345\245"
ARM GAS  C:\Users\angio\AppData\Local\Temp\cclm2ufc.s 			page 41


 1736      EC6DED88 
 1736      2ED92019 
 1736      AFFE13E5 
 1736      A5
 1737 00b4 BA0DC0FA 		.ascii	"\272\015\300\3723\222cP\273\263\324\305\247Y\022\342"
 1737      33926350 
 1737      BBB3D4C5 
 1737      A75912E2 
 1738 00c4 A1E7E43E 		.ascii	"\241\347\344>h\221\020/\221W\270\346d\211\232w\264\244"
 1738      6891102F 
 1738      9157B8E6 
 1738      64899A77 
 1738      B4A4
 1739 00d6 97DD7D92 		.ascii	"\227\335}\222~]\204',>\276\274\333a\033%\203,\025bF"
 1739      7E5D8427 
 1739      2C3EBEBC 
 1739      DB611B25 
 1739      832C1562 
 1740 00eb 95A42AF1 		.ascii	"\225\244*\361\336Vx\306\302\343\353{G\353\254\022\341"
 1740      DE5678C6 
 1740      C2E3EB7B 
 1740      47EBAC12 
 1740      E1
 1741 00fc DF36003E 		.ascii	"\3376\000>\377D\324\237R\347\325pn=\241j\321\015-\273"
 1741      FF44D49F 
 1741      52E7D570 
 1741      6E3DA16A 
 1741      D10D2DBB 
 1742 0110 AC6762F1 		.ascii	"\254gb\361\344\334\272\236\314FC\021g825\342\011z\307"
 1742      E4DCBA9E 
 1742      CC464311 
 1742      67383235 
 1742      E2097AC7 
 1743 0124 BCA18073 		.ascii	"\274\241\200sz\326?\031\230\361yaHQ\\\374\342\315JM"
 1743      7AD63F19 
 1743      98F17961 
 1743      48515CFC 
 1743      E2CD4A4D 
 1744 0138 F7B8DD6E 		.ascii	"\367\270\335n\227\246\273R\2614\177l\2629\347\252\332"
 1744      97A6BB52 
 1744      B1347F6C 
 1744      B239E7AA 
 1744      DA
 1745 0149 C64A0A28 		.ascii	"\306J\012(\267\226\351\346\334\\\2065\235N(qet,\031"
 1745      B796E9E6 
 1745      DC5C8635 
 1745      9D4E2871 
 1745      65742C19 
 1746 015d F3C5C787 		.ascii	"\363\305\307\207\201V\364\305/<\375\213\232"
 1746      8156F4C5 
 1746      2F3CFD8B 
 1746      9A
 1747              		.text
 1748              		.section	.gnu.lto__pal_lld_init.403.1f2b69d2,"e",%progbits
 1749 0000 789C7D52 		.ascii	"x\234}R=hSQ\030\275\347~/m\222\2268\352f\027\005\207"
 1749      3D685351 
 1749      18BDE77E 
ARM GAS  C:\Users\angio\AppData\Local\Temp\cclm2ufc.s 			page 42


 1749      2F6D9296 
 1749      38EA6617 
 1750 0016 E63531A6 		.ascii	"\34651\246\342\340\022k\021\242\225\266n\201\022\223"
 1750      E2E0126B 
 1750      11A295B6 
 1750      6E811293 
 1751 0026 40838184 		.ascii	"@\203\201\204\244Uq\311k\023\025\243\220\244v\010X\003"
 1751      A45571C9 
 1751      6B1315A3 
 1751      90A47608 
 1751      5803
 1752 0038 8628C5C5 		.ascii	"\206(\305\305\251Z\377\203\021\252\223\340\334\301I"
 1752      A95AFF83 
 1752      11AA93E0 
 1752      DCC149
 1753 0047 E822A54B 		.ascii	"\350\"\245KE\204\370\335\233\330\246\024\275\274\367"
 1753      4584F8DD 
 1753      9BD8A614 
 1753      BDBCF7
 1754 0056 EEF77FCE 		.ascii	"\356\367\177\316=\367E\245\020e!D\230_\321#\260P.H\321"
 1754      3DF745A5 
 1754      10652144 
 1754      985FD123 
 1754      B0502E48 
 1755 006b 6AB5B286 		.ascii	"j\265\262\206\304b\271\260]9\212\227\320>)\277\2233"
 1755      C462B9B0 
 1755      5D398A97 
 1755      D03E29BF 
 1755      9333
 1756 007d 64AE7C57 		.ascii	"d\256|W\376\315\334,\273\364n\303\334\372w\2736!\262"
 1756      FECDDC2C 
 1756      BBF46EC3 
 1756      DCFA77BB 
 1756      3621B2
 1757 0090 92389095 		.ascii	"\2228\220\225\206\330]\367\351\230eY?\037W\3574a-7P"
 1757      86D85DF7 
 1757      E9986559 
 1757      3F1F57EF 
 1757      34612D37 
 1758 00a5 2721AAB4 		.ascii	"'!\252\264\223^\",P\235\000\243cI\014\260E\327U\346"
 1758      935E222C 
 1758      509D00A3 
 1758      63490CB0 
 1758      45D755E6 
 1759 00b9 48C3B236 		.ascii	"H\303\2626\357\345n\273Js\366:\021^\200;\361\034X\201"
 1759      EFE56EBB 
 1759      4A73F63A 
 1759      115E803B 
 1759      F11C5881 
 1760 00cd EABDF1A0 		.ascii	"\352\275\361\240\237\331\257\2423\217c`\357\331W[\303"
 1760      9FD9AFA2 
 1760      338F6360 
 1760      EFD9575B 
 1760      C3
 1761 00de FADD2A5A 		.ascii	"\372\335*Z\326\227C\257\230\233\023\242N\206T\205\206"
 1761      D69743AF 
 1761      989B13A2 
ARM GAS  C:\Users\angio\AppData\Local\Temp\cclm2ufc.s 			page 43


 1761      4E865485 
 1761      86
 1762 00ef FA38748B 		.ascii	"\3728t\213(\222:\226^\207\331-\221\334u!~`~ku\355\021"
 1762      28923A96 
 1762      5E87D92D 
 1762      91DC7521 
 1762      7E607E6B 
 1763 0106 D5C850A4 		.ascii	"\325\310P\244H\343\225\210\272j\210k\026\013\255\212"
 1763      48E39588 
 1763      BA6A886B 
 1763      160BAD8A 
 1764 0116 B346E870 		.ascii	"\263F\350p\267A\261\316C\262\271L\372pO\024z\017\336"
 1764      B741B1CE 
 1764      43B2B94C 
 1764      FA704F14 
 1764      7A0FDE
 1765 0129 00AF75D2 		.ascii	"\000\257u\322\313b\360Yz\361\0265\222m\001\206\3321"
 1765      CB62F059 
 1765      7AF11635 
 1765      926D0186 
 1765      DA31
 1766 013b 3BDEE1A1 		.ascii	";\336\341\241:I\036\355\200\201\367\214\273\211\374"
 1766      3A491EED 
 1766      8081F78C 
 1766      BB89FC
 1767 014a 80D0331D 		.ascii	"\200\3203\035U\305\203\341\352\344\324\014\355\377@"
 1767      55C583E1 
 1767      EAE4D40C 
 1767      EDFF40
 1768 0159 FBB00FAD 		.ascii	"\373\260\017\255\331A\353@\365\341#C\3610\305\272\217"
 1768      D941EB40 
 1768      F5E12343 
 1768      F130C5BA 
 1768      8F
 1769 016a F7FF4D5B 		.ascii	"\367\377M[\3337\355\323\336i\375\370\314\3238\0007\017"
 1769      DB37EDD3 
 1769      DE69FDF8 
 1769      CCD33800 
 1769      370F
 1770 017c CA2DDDDA 		.ascii	"\312-\335\332\256\244j\344\340\232\266v\320\332\031"
 1770      AEA46AE4 
 1770      E09AB676 
 1770      D0DA19
 1771 018b 5DDA6103 		.ascii	"]\332a\003\371\365\246k\247\342\200\222\367\027$\313"
 1771      F9F5A66B 
 1771      A7E28092 
 1771      F71724CB 
 1772 019b 2D9FB2E8 		.ascii	"-\237\262\350\016*\364r\213\255\373J\2660\377m\345\254"
 1772      0E2AF472 
 1772      8BADFB4A 
 1772      B630FF6D 
 1772      E5AC
 1773 01ad FE698A84 		.ascii	"\376i\212\204\356\273\023\302\0378\025\012L\307/\307"
 1773      EEBB13C2 
 1773      1F38150A 
 1773      4CC72FC7 
 1774 01bd 276666A3 		.ascii	"'ff\243\361d\350Z2}%\223\012GbS\263\231X:4>981y\376"
ARM GAS  C:\Users\angio\AppData\Local\Temp\cclm2ufc.s 			page 44


 1774      F164E85A 
 1774      327D2593 
 1774      0A476253 
 1774      B399583A 
 1775 01d8 B877D437 		.ascii	"\270w\3247\354\033\037\031\274p)\020\034\031\363\373"
 1775      EC1B1F19 
 1775      BC702910 
 1775      1C19F3FB 
 1776 01e8 C469B7DB 		.ascii	"\304i\267\333\344'\242:\223\031\257\307\3431\223\031"
 1776      E427A23A 
 1776      9319AFC7 
 1776      E3319319 
 1777 01f8 733A9C30 		.ascii	"s:\2340S\311\364L\306\324Mf0x\306\034\275xn\354\252"
 1777      53C9F44C 
 1777      C6D44D66 
 1777      3078C61C 
 1777      BD786EEC 
 1778 020d 57A5A652 		.ascii	"W\245\246R\374&\022QwD ~pO\300}b8\026\366GN\016\211"
 1778      FC261251 
 1778      7744207E 
 1778      704FC07D 
 1778      623816F6 
 1779 0225 3F3B9A08 		.ascii	"?;\232\010\035"
 1779      1D
 1780              		.text
 1781              		.section	.gnu.lto__pal_lld_setgroupmode.404.1f2b69d2,"e",%progbits
 1782 0000 789C8D57 		.ascii	"x\234\215WklTE\024\236s\347\356\243\273\355\266*\012"
 1782      6B6C5445 
 1782      149E73E7 
 1782      EEA3BBED 
 1782      B62A0A
 1783 0013 8A482B22 		.ascii	"\212H+\"\362h\267-\245\240A\004*\257\004_\264<LH\264"
 1783      F268B72D 
 1783      A5A04104 
 1783      2AAF045F 
 1783      B43C4C48 
 1784 0028 D026A26D 		.ascii	"\320&\242m\332\264\305\307\217\306\205b\233@\"\333\342"
 1784      DAB4C5C7 
 1784      8FC68562 
 1784      9B4022DB 
 1784      E2
 1785 0039 03618BF1 		.ascii	"\003a\213\361\202Zc\242\306\370\002\004\321\012\005"
 1785      825A63A2 
 1785      C6F80204 
 1785      D10A05
 1786 0048 7C4045A3 		.ascii	"|@E\243Q\024$\"h,\240\246Tj\353\372\235\231\335\275"
 1786      51142422 
 1786      682CA0A6 
 1786      546AEBFA 
 1786      9D99DDBD 
 1787 005c BB5BD274 		.ascii	"\273[\322t\003_g\276\371\316\271\337\2349;\267mH\023"
 1787      035F67BE 
 1787      F9CEB9DF 
 1787      9C393BB7 
 1787      6D4813
 1788 006f E26B2184 		.ascii	"\342k!\204I\200\014A-\315\353\015\021\016\207\2374\015"
 1788      49800C41 
ARM GAS  C:\Users\angio\AppData\Local\Temp\cclm2ufc.s 			page 45


 1788      2DCDEB0D 
 1788      110E879F 
 1788      340D
 1789 0081 DAD4EC51 		.ascii	"\332\324\354Q#i\254k\336`\320!R\263P\360T\026}\245\307"
 1789      2369AC6B 
 1789      DE60D021 
 1789      52B350F0 
 1789      54167DA5 
 1790 0096 A6F154B3 		.ascii	"\246\361T\263W\215^\010\236\322\224\303h\214PM\315>"
 1790      578D5E08 
 1790      9ED294C3 
 1790      688C504D 
 1790      CD3E
 1791 00a8 F5D3499B 		.ascii	"\365\323I\233[,\275\350\342a\226\316\357\246\020\306"
 1791      5B2CBDE8 
 1791      E26196CE 
 1791      EFA610C6 
 1792 00b8 D14C29C6 		.ascii	"\321L)\306\226\340\333z\2705\232\312\303\012=\364*\261"
 1792      96E0DB7A 
 1792      B8359ACA 
 1792      C30A3DF4 
 1792      2AB1
 1793 00ca 0E4C355A 		.ascii	"\016L5Z\203ogE\355l\213\252\323\350\305\026\353\317"
 1793      836F6745 
 1793      ED6C8BAA 
 1793      D3E8C516 
 1793      EBCF
 1794 00dc 0DA7F5CC 		.ascii	"\015\247\365\314\007\367\353\317\204r\325$\235\326\364"
 1794      07F7EBCF 
 1794      8472D524 
 1794      9DD6F4
 1795 00eb 59B7AA21 		.ascii	"Y\267\252!\211'\015i:\234.w\212\307\233\232\346K'\314"
 1795      89270D69 
 1795      3A9C2E77 
 1795      8AC79B9A 
 1795      E64B27CC 
 1796 00ff 85FDD924 		.ascii	"\205\375\331$\307\007\002\201\177^\336\266\263\235\002"
 1796      C7070281 
 1796      7F5EDEB6 
 1796      B39D02
 1797 010e 6DFB6807 		.ascii	"m\373h\007\026\267E\005!I-r\207$2##\20321\222\217\213"
 1797      16B74505 
 1797      21492D72 
 1797      87243223 
 1797      23833231 
 1798 0125 71FB0281 		.ascii	"q\373\002\201\243G>\010\004R\304\016)\351}B\014\275"
 1798      A3473E08 
 1798      0452C40E 
 1798      29E97D42 
 1798      0CBD
 1799 0137 47F42ECA 		.ascii	"G\364.\312\012\242\376o\017\353\236%%\274\260k\373s"
 1799      0AA2FE6F 
 1799      0FEB9E25 
 1799      25BCB06B 
 1799      FB73
 1800 0149 BE20529B 		.ascii	"\276 R\233\2643Qh\326\207\225pKD\270{\373&%t\320\356"
 1800      B4335168 
ARM GAS  C:\Users\angio\AppData\Local\Temp\cclm2ufc.s 			page 46


 1800      D6879570 
 1800      4B44B87B 
 1800      FB262574 
 1801 015f 44A1A37E 		.ascii	"D\241\243~\203W\371\221/\022\377\030\313\352\303\015"
 1801      8357F991 
 1801      2F12FF18 
 1801      CBEAC30D 
 1802 016f 4DBEE01A 		.ascii	"M\276\340\032\367\016\351\244=\361r!\352\217yY\273="
 1802      F70EE9A4 
 1802      3DF17221 
 1802      EA8F7959 
 1802      BB3D
 1803 0181 A67DEB50 		.ascii	"\246}\353PCS c]&k?J\322v(m\233\255=hk?N\322\356V\332"
 1803      43532063 
 1803      5D266B3F 
 1803      4AD27628 
 1803      6D9BAD3D 
 1804 019d 376CED47 		.ascii	"7l\355G\266\266=I\373\246\322\276gk\367\332\332\375"
 1804      B6B63D49 
 1804      FBA6D2BE 
 1804      676BF7DA 
 1804      DAFD
 1805 01af 49DAED4A 		.ascii	"I\332\355J\273\307\326\356\261\265\035I\332\347\275"
 1805      BBC7D6EE 
 1805      B1B51D49 
 1805      DAE7BD
 1806 01be 4E410789 		.ascii	"NA\007\211\016\020}J\364\011\321>\242\275\244O\2158"
 1806      0E107D4A 
 1806      F409D13E 
 1806      A2BDA44F 
 1806      8D38
 1807 01d0 4DBB5DA2 		.ascii	"M\273]\242/\332[\242%:\234\224fm*k\017\304\264G\367"
 1807      2FDA5BA2 
 1807      253A9C94 
 1807      666D2A6B 
 1807      0FC4B447 
 1808 01e5 F271AA27 		.ascii	"\362q\252'~\236$\355Q\356\016\331\322]1\351\227I\322"
 1808      7E9E24ED 
 1808      51EE0ED9 
 1808      D25D31E9 
 1808      9749D2
 1809 01f8 3F94F473 		.ascii	"?\224\364s[\332\026\223\036M\222\236\344}t\022\035!"
 1809      5BDA1693 
 1809      1E4D929E 
 1809      E47D7412 
 1809      1D21
 1810 020a FA82E833 		.ascii	"\372\202\3503\022hqQ\177\302\213U\317\300\375\305+\337"
 1810      12687151 
 1810      7FC28B55 
 1810      CFC0FDC5 
 1810      2BDF
 1811 021c FCCAB12F 		.ascii	"\374\312\261/\320\027\336\030\010\234\030\371\303\361"
 1811      D017DE18 
 1811      089C18F9 
 1811      C3F1
 1812 022a 5752EE27 		.ascii	"WR\356'\264\210\313`\220\014&\203\203\301\311\340bp"
 1812      B488CB60 
ARM GAS  C:\Users\angio\AppData\Local\Temp\cclm2ufc.s 			page 47


 1812      900C2683 
 1812      83C1C9E0 
 1812      6270
 1813 023c 03DCDCAD 		.ascii	"\003\334\334\255.\017\217\274<JeH\343\251\217G\351\014"
 1813      2E0F8FBC 
 1813      3C4A6548 
 1813      E3A98F47 
 1813      E90C
 1814 024e 190C5730 		.ascii	"\031\014W0\\\311p\025\3030\206\253\031\256a\030\316"
 1814      5CC97015 
 1814      C33086AB 
 1814      19AE6118 
 1814      CE
 1815 025f 3082E15A 		.ascii	"0\202\341Z\206\353\030F2\\\3170\212\341\006\206\321"
 1815      86EB1846 
 1815      325CCF30 
 1815      8AE10686 
 1815      D1
 1816 0270 0C990C59 		.ascii	"\014\231\014Y\01472\214a\270\211a,\303\315\014\343\030"
 1816      0C37328C 
 1816      61B88961 
 1816      2CC3CD0C 
 1816      E318
 1817 0282 6E6118CF 		.ascii	"na\030\3170\201a\"\303$\206l\206\034\006?C.C\036C>\303"
 1817      30816122 
 1817      C324866C 
 1817      861C063F 
 1817      432E431E 
 1818 0299 6441BBA8 		.ascii	"dA\273\250\200\373a\212@\305\012\005j6U\240j\323\004"
 1818      80FB618A 
 1818      40C50A05 
 1818      6A3655A0 
 1818      6AD304
 1819 02ac 8A369DE8 		.ascii	"\2126\235\350C\272\235Wg\360\352\035\274:\223Wg\011"
 1819      43BA9D57 
 1819      67F0EA1D 
 1819      BC3A9357 
 1819      6709
 1820 02be 5475364B 		.ascii	"Tu6K\212\010\011\346\360A\314\025(\360<\201\022\317"
 1820      8A0809E6 
 1820      F041CC15 
 1820      28F03C81 
 1820      12CF
 1821 02d0 1728F202 		.ascii	"\027(\362\002\242\017\250\230\323\227p\354b\216]\302"
 1821      A20FA898 
 1821      D39770EC 
 1821      628E5DC2 
 1822 02e0 B14B39DF 		.ascii	"\261K9\3372\216\025b\243\344;J}Fc\032\224\206=%q\216"
 1822      328E1562 
 1822      A3E43B4A 
 1822      7D46631A 
 1822      94863D25 
 1823 02f6 1A9E6B3A 		.ascii	"\032\236k:\277u\232%o\267\344t\276@\\$\231\355k\354"
 1823      BF759A25 
 1823      6FB7E474 
 1823      BE405C24 
 1823      99ED6BEC 
ARM GAS  C:\Users\angio\AppData\Local\Temp\cclm2ufc.s 			page 48


 1824 030a D9FA1D59 		.ascii	"\331\372\035Y\222\"\264\233\014->\015f\206\245/\033"
 1824      9222B49B 
 1824      0C2D3E0D 
 1824      6686A52F 
 1824      1B
 1825 031b 97CED0D7 		.ascii	"\227\316\320\327\030\336\372=h\003Z\232d\313\356\000"
 1825      18DEFA3D 
 1825      68035A9A 
 1825      64CBEE00 
 1826 032b 45C72292 		.ascii	"E\307\"\222\216\020\247\223\261t\016[7\023|Lw$t\001"
 1826      8E10A793 
 1826      B1740E5B 
 1826      37137C4C 
 1826      77247401 
 1827 033f 9419D3B9 		.ascii	"\224\031\323\271l\335,\360\372\261\351 \327\376\265"
 1827      6CDD2CF0 
 1827      FAB1E920 
 1827      D7FEB5
 1828 034e 99C9D9CC 		.ascii	"\231\311\331\3148U\277\006\245\034\260\2673!\230uXr"
 1828      3855BF06 
 1828      A51CB0B7 
 1828      33219875 
 1828      5872
 1829 0360 327D43E2 		.ascii	"2}C\3427Z\367[\373\012\314u\026u\203\366\322dK\026\031"
 1829      375AF75B 
 1829      FB0ACC75 
 1829      167583F6 
 1829      D2644B16 
 1830 0375 A6B064B1 		.ascii	"\246\260d\261o[\347Y7z\274\227\012P\020\343\247\367"
 1830      6F5BE759 
 1830      377ABC97 
 1830      0A5010E3 
 1830      A7F7
 1831 0387 AB2DB9D4 		.ascii	"\253-\271\324\367_gE/M\301\256\215sL\224\370\016\334"
 1831      F75F6745 
 1831      2F4DC1AE 
 1831      8D734C94 
 1831      F80EDC
 1832 039a D74B85D8 		.ascii	"\327K\205\330\236qq\252%\027\373~\352\254\353%\214f"
 1832      9E7171AA 
 1832      2517FB7E 
 1832      EAACEB25 
 1832      8C66
 1833 03ac 1A4FEFC4 		.ascii	"\032O\357\304\372\022\3379\016@Ig\033o0\261\314\367"
 1833      FA12DF39 
 1833      0E404967 
 1833      1B6F30B1 
 1833      CCF7
 1834 03be F4B10761 		.ascii	"\364\261\007a\316\034`.\034\012:\360\272\261\244\323"
 1834      CE1C602E 
 1834      1C0A3AF0 
 1834      BAB1A4D3 
 1835 03ce 92D3B427 		.ascii	"\222\323\264'\265\335\267\032\273P\000\027xM\232L\366"
 1835      B5DDB71A 
 1835      BB500017 
 1835      784D9A4C 
 1835      F6
ARM GAS  C:\Users\angio\AppData\Local\Temp\cclm2ufc.s 			page 49


 1836 03df 36EE4781 		.ascii	"6\356G\201\347\2502\2704\321\321:\335B\211&\"\232\013"
 1836      E7A832B8 
 1836      34D1D13A 
 1836      DD428926 
 1836      229A0B
 1837 03f2 D2D7F40D 		.ascii	"\322\327\364\015r\315\005\245\223\034i]n\311\224XjC"
 1837      72CD05A5 
 1837      931C695D 
 1837      6EC99458 
 1837      6A43
 1838 0404 077543E3 		.ascii	"\007uC\343\241IX\261c\346\201\322\226\276m\205c/b\350"
 1838      A14958B1 
 1838      63E681D2 
 1838      96BE6D85 
 1838      632F62E8 
 1839 0418 078A58C1 		.ascii	"\007\212X\301\231\245\202\243\343\244\023\364# M\037"
 1839      99A582A3 
 1839      E3A413F4 
 1839      23204D1F 
 1840 0428 4E3A96EC 		.ascii	"N:\226\354,\363\301c\366\311\207\227\272>\206y_\344"
 1840      2CF3C163 
 1840      F6C98797 
 1840      BA3E8679 
 1840      5FE4
 1841 043a 9524D555 		.ascii	"\225$\325U\363\012\341-\206k\016~\026\320\011\022\271"
 1841      F30AE12D 
 1841      866B0E7E 
 1841      16D00912 
 1841      B9
 1842 044b 2FA9A987 		.ascii	"/\251\251\207NR\253z\233!\315\346\246~\354\033I\347"
 1842      4E52AB7A 
 1842      9B21CDE6 
 1842      A67EEC1B 
 1842      49E7
 1843 045d 6A335C85 		.ascii	"j3\\\205\014$\002\307DK\323i\234\344\025\226\304ad\360"
 1843      0C2402C7 
 1843      444BD369 
 1843      9CE41596 
 1843      C46164F0 
 1844 0471 832EACEF 		.ascii	"\203.\254\3572\242\251\317\246]&\367)\235\033A\312\327"
 1844      32A2A9CF 
 1844      A65D26F7 
 1844      299D1B41 
 1844      CAD7
 1845 0483 CE73ECEB 		.ascii	"\316s\354\353\312\301\334\374\202\010\212\272\331\217"
 1845      CAC1DCFC 
 1845      82088ABA 
 1845      D98F
 1846 0491 C75D85EA 		.ascii	"\307]\205\352h7\335p3\014\341\340\264\233.,_mI\264\302"
 1846      6837DD70 
 1846      330CE1E0 
 1846      B49B2E2C 
 1846      5F6D49B4 
 1847 04a6 B021B9F9 		.ascii	"\260!\271\371U\347F\220\256\222rs\315`n\316\"\302\210"
 1847      55E74690 
 1847      AE927273 
 1847      CD606ECE 
ARM GAS  C:\Users\angio\AppData\Local\Temp\cclm2ufc.s 			page 50


 1847      22C288
 1848 04b9 BAE1E70F 		.ascii	"\272\341\347\017\217\2719\215\331\010\204\203\323n~"
 1848      8FB9398D 
 1848      D9088483 
 1848      D36E7E
 1849 04c8 849B6B2D 		.ascii	"\204\233k-\211F\0341$7\277\353\334\010\322\011{Z\027"
 1849      89461C31 
 1849      2437BFEB 
 1849      DC08D209 
 1849      7B5A17
 1850 04db 59F23AFE 		.ascii	"Y\362:\376\012\037S\337\224\263\355\017cN?\352\257I"
 1850      0A1F53DF 
 1850      94B3ED0F 
 1850      634E3FEA 
 1850      AF49
 1851 04ed 503AE2DB 		.ascii	"P:\342\333\027\353\307\333_\335x}\244\271\234\350[\255"
 1851      17EBC7DB 
 1851      5FDD787D 
 1851      A4B99CE8 
 1851      5BAD
 1852 04ff 72263639 		.ascii	"r&69j\336\335\211]\216\034l\227]p\"\343w\211\264\363"
 1852      6ADEDD89 
 1852      5D8E1C6C 
 1852      975D7022 
 1852      E37789B4 
 1853 0514 ED5D8E42 		.ascii	"\355]\216B88{\2277\250\257\301(\275\313n{\227\351\227"
 1853      38387B97 
 1853      37A8AFC1 
 1853      28BDCB6E 
 1853      7B97E997 
 1854 0528 C97D5EE7 		.ascii	"\311}^\347F\220\262\347\032`\357\"\333\033=\230\275"
 1854      4690B2E7 
 1854      1A60EF22 
 1854      DB1B3D98 
 1854      BD
 1855 0539 3F91C28C 		.ascii	"?\221\302\214\267\227\231`/\013\341\340l{7*{YC\262\367"
 1855      B7979960 
 1855      2F0BE1E0 
 1855      6C7B372A 
 1855      7B5943B2 
 1856 054e B7CE8D20 		.ascii	"\267\316\215 e\317\235l\357\322\305\237ao\314`\366\272"
 1856      65CF9D6C 
 1856      EFD2C59F 
 1856      616FCC60 
 1856      F6BA
 1857 0560 91C211DF 		.ascii	"\221\302\021\337\2617%t\354X\204\203\263;\366fK\342"
 1857      B1372574 
 1857      EC588483 
 1857      B33BF666 
 1857      4BE2
 1858 0572 761BABED 		.ascii	"v\033\253\355\365\333\366|\227\311\335\243s#H\331K\031"
 1858      F5DBF67C 
 1858      97C9DDA3 
 1858      732348D9 
 1858      4B19
 1859 0584 50BD7EB6 		.ascii	"P\275~\2667n0{\227\222\355\335\222`o<\302\301\331\366"
 1859      376E307B 
ARM GAS  C:\Users\angio\AppData\Local\Temp\cclm2ufc.s 			page 51


 1859      9792EDDD 
 1859      92606F3C 
 1859      C2C1D9F6 
 1860 0598 26287BE3 		.ascii	"&({\343\207d\357\337\250\275\011\272!\317\253\206\244"
 1860      8764EFDF 
 1860      A8BD09BA 
 1860      21CFAB86 
 1860      A4
 1861 05a9 3FA22DEB 		.ascii	"?\242-\353\031\340\367?>\355\211\203\371\355On\306I"
 1861      19E0F73F 
 1861      3EED8983 
 1861      F9ED4F6E 
 1861      C649
 1862 05bb 09A79D8D 		.ascii	"\011\247\235\215pp\366i\347\250\323\316\036\322i\207"
 1862      7070F669 
 1862      E7A8D3CE 
 1862      1ED26987 
 1863 05cb A3CD98A3 		.ascii	"\243\315\230\243\354y\007\330\013\263=\377`\366\326"
 1863      EC7907D8 
 1863      0BB33DFF 
 1863      60F6D6
 1864 05da 1849CD98 		.ascii	"\030I\315\230\233`/\017\341\340l{\371\312^\336\220\354"
 1864      9B602F0F 
 1864      E1E06C7B 
 1864      F9CA5EDE 
 1864      90EC
 1865 05ec 35189166 		.ascii	"5\030\221f\314W\366R\223\336Wx7\267\275c\342\365\210"
 1865      CC57F652 
 1865      93DE5778 
 1865      37B7BD63 
 1865      E2F588
 1866 05ff 3725BF50 		.ascii	"7%\277P'\352[\342\365gp\015\025\363-`\352\272#4->4h"
 1866      27EA5BE2 
 1866      F567700D 
 1866      15F32D60 
 1866      EABA2334 
 1867 0617 040EE28F 		.ascii	"\004\016\342\217\035\265\340K\312\331\333x\246\015o"
 1867      1DB5E04B 
 1867      CAD9DB78 
 1867      A60D6F
 1868 0626 CA12DCE9 		.ascii	"\312\022\334\351\310\247\210\363m\267\341\255\212k\225"
 1868      C8A788F3 
 1868      6DB7E1AD 
 1868      8A6B95
 1869 0635 BE8E487A 		.ascii	"\276\216Hz\332p\305.\301\325\026c\376E\023-E\243D\210"
 1869      DA70C52E 
 1869      C1D51663 
 1869      FE45132D 
 1869      45A34488 
 1870 0649 5063C76B 		.ascii	"Pc\307k\250\303\262\330mD\352a\351q\017CS\254\231)\306"
 1870      A8C3B2D8 
 1870      6D44EA61 
 1870      E9710F43 
 1870      53AC9929 
 1871 065e 60EB17B6 		.ascii	"`\353\027\266\274\034\310L\374+J\374EkO>\177\330\313"
 1871      BC1CC84C 
 1871      FC2B4AFC 
ARM GAS  C:\Users\angio\AppData\Local\Temp\cclm2ufc.s 			page 52


 1871      456B4F3E 
 1871      7FD8CB
 1872 0671 BFDEF267 		.ascii	"\277\336\362g\243\244\370\337\231\204(,\272my\321C\253"
 1872      A3A4F8DF 
 1872      9984282C 
 1872      BA6D79D1 
 1872      43AB
 1873 0683 56AC2AAE 		.ascii	"V\254*\256[]\266\252j\371cU5\217\324V\227\256,\177`"
 1873      5B5DB6AA 
 1873      6AF96355 
 1873      358FD456 
 1873      97AE2C7F 
 1874 0698 756D79CD 		.ascii	"umy\315\362E%\331\305%wM\316\237W0\265`\321\234\354"
 1874      F24525D9 
 1874      C525774D 
 1874      CE9F5730 
 1874      B560D19C 
 1875 06ad BB17172D 		.ascii	"\273\027\027-\234sOa\201\230\221\223\343\307\277\225"
 1875      9C734F61 
 1875      81989193 
 1875      E3C7BF95 
 1876 06bd 1C59559B 		.ascii	"\034YU\233\237\227\227\347\257\252\365?TZ\341\257\256"
 1876      9F9797E7 
 1876      AFAAF53F 
 1876      545AE1AF 
 1876      AE
 1877 06ce AAA9ABF5 		.ascii	"\252\251\253\365\253 \377\302\205w\372\347\335\273\340"
 1877      AB20FFC2 
 1877      8577FAE7 
 1877      DDBBE0
 1878 06dd 9E47F379 		.ascii	"\236G\363y\351\201j\374\257\250(\313Y)LV\015O\340r\246"
 1878      E9816AFC 
 1878      AFA828CB 
 1878      59294C56 
 1878      0D4FE072 
 1879 06f2 4C2D2F2D 		.ascii	"L-/-\\9-W\230\225\245\265\217\230\225Ue\345r\305\252"
 1879      5C392D57 
 1879      9895A5B5 
 1879      8F989555 
 1879      65E572C5 
 1880 0707 3AB3B4A2 		.ascii	":\263\264\242\256\306Q\275\272\272\254\306UU[]^^V\343"
 1880      AEC651BD 
 1880      BABAACC6 
 1880      55555B5D 
 1880      5E5E56E3 
 1881 071b ACAA7BA2 		.ascii	"\254\252{\242\272\274\306\301\222\032\243\262\300\250"
 1881      BABCC6C1 
 1881      921AA3B2 
 1881      C0A8
 1882 0729 CC372AF3 		.ascii	"\3147*\363\334,\344\320\377\001\377a\030\376"
 1882      DC2CE4D0 
 1882      FF01FF61 
 1882      18FE
 1883              		.text
 1884              		.section	.gnu.lto__pal_lld_enablepadevent.405.1f2b69d2,"e",%progbits
 1885 0000 789C6D54 		.ascii	"x\234mTkL\233U\030>oO\357\334\306\270\015\030\343>\306"
 1885      6B4C9B55 
ARM GAS  C:\Users\angio\AppData\Local\Temp\cclm2ufc.s 			page 53


 1885      183E6F4F 
 1885      EFDCC6B8 
 1885      0D18E33E 
 1886 0015 A52D2DC8 		.ascii	"\245--\310\026M\366\007\227\305\0047\263M\177\221,X"
 1886      164DF607 
 1886      97C50437 
 1886      B34D7F91 
 1886      2C58
 1887 0027 5846C652 		.ascii	"XF\306RB\267\271?\204o\010\324\314%\\\026\021\022$\361"
 1887      42B7B93F 
 1887      846F08D4 
 1887      CC255C16 
 1887      111224F1 
 1888 003b 4B5D30A6 		.ascii	"K]0\2462cTp\250us\343\207!\342\014&\363\266e\006\005"
 1888      32635470 
 1888      A87573E3 
 1888      8721E20C 
 1888      26F3B665 
 1889 0051 8D325123 		.ascii	"\2152Q#1\314\372\276\347\264\375\332\216\246=}\316{"
 1889      31CCFABE 
 1889      E7B4FDDA 
 1889      8EA63D7D 
 1889      CE7B
 1890 0063 9EF739CF 		.ascii	"\236\3679\317\367|\347\373\306\315\214\005\031c\227"
 1890      F77CE7FB 
 1890      C6CD8C05 
 1890      196397
 1891 0072 F0C7AC0C 		.ascii	"\360\307\254\014F\206/\352X(\024\352\321\353\3402b\230"
 1891      46862FEA 
 1891      582814EA 
 1891      D1EBE032 
 1891      6298
 1892 0084 0731E3BA 		.ascii	"\0071\343\272\276\341$\201\372\207S\305\277\036F\207"
 1892      BEE12481 
 1892      FA8753C5 
 1892      BF1E4687 
 1893 0094 AD021910 		.ascii	"\255\002\031\020E\272\214:\337\360\313\321\256\261\241"
 1893      45BA8C3A 
 1893      DFF0CBD1 
 1893      AEB1A1
 1894 00a3 FB129860 		.ascii	"\373\022\230`|D\225\320L\260X\262-p\241,\302\005\326"
 1894      7C4495D0 
 1894      4CB058B2 
 1894      2D70A12C 
 1894      C205D6
 1895 00b6 A3E37A83 		.ascii	"\243\343z\203\321d\266@\017\\\346\225\212\242l\2741"
 1895      D164B640 
 1895      0F5CE695 
 1895      8AA26CBC 
 1895      31
 1896 00c7 397D1394 		.ascii	"9}\023\224\251 \3709c\223\234\311\317\004\207\021\356"
 1896      A920F839 
 1896      63939CC9 
 1896      CF048711 
 1896      EE
 1897 00d8 E700FA30 		.ascii	"\347\000\3720\322A\021\"~\236U\004\025e\361\316\214"
 1897      D2411122 
ARM GAS  C:\Users\angio\AppData\Local\Temp\cclm2ufc.s 			page 54


 1897      7E9E5504 
 1897      1565F1CE 
 1897      8C
 1898 00e9 A258989F 		.ascii	"\242X\230\237s\370\000\260\007\336\007x\017\030\025"
 1898      73F800B0 
 1898      07DE0778 
 1898      0F1815
 1899 00f8 BA572CC4 		.ascii	"\272W,\304{\005\004\361\301L\377h\352\020J\353a6\236"
 1899      7B0504F1 
 1899      C14CFF68 
 1899      EA104AEB 
 1899      61369E
 1900 010b A8EFFE4B 		.ascii	"\250\357\376K\020\307\303\304\331\376W\005\321\000\327"
 1900      10C7C3C4 
 1900      D9FE5705 
 1900      D100D7
 1901 011a E289866E 		.ascii	"\342\211\206n\305*\374\360I\240\277rb_[F\331\013f?7"
 1901      C52AFCF0 
 1901      49A0BF72 
 1901      625F5B46 
 1901      D90B663F 
 1902 012f C247B174 		.ascii	"\302G\261t\306\272\347\254\304\275\022\345.~N^\213\210"
 1902      C6BAE7AC 
 1902      C4BD12E5 
 1902      2E7E4E5E 
 1902      8B88
 1903 0141 FA4902F5 		.ascii	"\372I\002\365\252\240\0064\352\\\224\372i\002\325/\250"
 1903      AAA00634 
 1903      EA5C94FA 
 1903      6902D52F 
 1903      A8
 1904 0152 EF6AD440 		.ascii	"\357j\324@\224z#\201:&\250\263\032u\"J\275\231@\275"
 1904      947A2381 
 1904      3A26A8B3 
 1904      1A75224A 
 1904      BD9940BD 
 1905 0166 643532B8 		.ascii	"d52\270\005\360\031\300u\200 \300\307\020\276\005\270"
 1905      05F019C0 
 1905      758020C0 
 1905      C710BE05 
 1905      B8
 1906 0177 6E4C5899 		.ascii	"nLX\231\342l\372\266!\250l\206\006\025\345\213\352_"
 1906      E26CFAB6 
 1906      21A86C86 
 1906      0615E58B 
 1906      EA5F
 1907 0189 267EB23C 		.ascii	"&~\262<\001\014\031:\206\034\324\015\202\021`\016,\000"
 1907      010C193A 
 1907      861CD40D 
 1907      8211600E 
 1907      2C00
 1908 019b 1F829574 		.ascii	"\037\202\225t\223\000f \231ao\012\006iJ\245!\215\206"
 1908      93006620 
 1908      99616F0A 
 1908      06694AA5 
 1908      218D86
 1909 01ae 6D34A4E3 		.ascii	"m4\244\343`\336\216\203%\203\246\2314d\321\220M\265"
ARM GAS  C:\Users\angio\AppData\Local\Temp\cclm2ufc.s 			page 55


 1909      60DE8E83 
 1909      2583A699 
 1909      3464D190 
 1909      4DB5
 1910 01c0 1C423B68 		.ascii	"\034B;h\310\305\301\232G(\237\320NB\005\204v\021*\244"
 1910      C8C5C19A 
 1910      47289FD0 
 1910      4E420584 
 1910      76112AA4 
 1911 01d4 A188A6C5 		.ascii	"\241\210\246\305\204Jh(\245i\031\241rB\273\011U\020"
 1911      844A6828 
 1911      A56919A1 
 1911      7242BB09 
 1911      5510
 1912 01e6 DA43A892 		.ascii	"\332C\250\222\206*\232V\023\252!d#d'\344 TK\310I\310"
 1912      862A9A56 
 1912      13AA2164 
 1912      236427E4 
 1912      20544BC8 
 1913 01fc 45431D4D 		.ascii	"EC\035M\353\01116\310\351\\\213O!\2064\304u\332\024"
 1913      EB093136 
 1913      C8E95C8B 
 1913      4F218634 
 1913      C475DA14 
 1914 0210 D8EFF0E2 		.ascii	"\330\357\360\342\277\003\377\274\325\240r+\035Z3\200"
 1914      BF03FFBC 
 1914      D5A0722B 
 1914      1D5A3380 
 1915 0220 CA2D8C68 		.ascii	"\312-\214h<\236\326\273\351\233\017\354Wy\212\312\223"
 1915      3C9ED6BB 
 1915      E99B0FEC 
 1915      57798ACA 
 1915      93
 1916 0231 A86B62E0 		.ascii	"\250kb\340o\256\362T,P\237\011\360\311\010\212\205\315"
 1916      6FAEF254 
 1916      2C509F09 
 1916      F0C9088A 
 1916      85CD
 1917 0243 8105A3CA 		.ascii	"\201\005\243\312\323pM\012Z\2518\352\373\036\205\223"
 1917      D3704D0A 
 1917      5AA938EA 
 1917      FB1E8593 
 1918 0253 B12ED969 		.ascii	"\261.\331i\222y7P\257r\332QRu\222\272\0268\247\362m"
 1918      92793750 
 1918      AF72DA51 
 1918      527592BA 
 1918      1638A7F2 
 1919 0268 E1AA096F 		.ascii	"\341\252\011o\024V\257\016,!O\207uY\324\207\235\007"
 1919      1456AF0E 
 1919      2C214F87 
 1919      7559D487 
 1919      9D07
 1920 027a 9E5379BA 		.ascii	"\236Sy\272\354\306-I\240w\314GT4\227N\263\365\2155\325"
 1920      ECC62D49 
 1920      A077CC47 
 1920      5434974E 
 1920      B3F58D35 
ARM GAS  C:\Users\angio\AppData\Local\Temp\cclm2ufc.s 			page 56


 1921 028f A2F2EDC4 		.ascii	"\242\362\355\304\261\240\313>\205Z\257/\276iSyF\370"
 1921      B1A0CB3E 
 1921      855AAF2F 
 1921      BE695379 
 1921      46F8
 1922 02a1 51B588A3 		.ascii	"Q\265\210\243w\205\256a\252\334\317\223\220\016_\212"
 1922      7785AE61 
 1922      AADCCF93 
 1922      900E5F8A 
 1923 02b1 5AEDEB8A 		.ascii	"Z\355\353\212\202\017M2\334\206\327\350\230\271p>e\363"
 1923      820F4D32 
 1923      DC86D7E8 
 1923      98B9703E 
 1923      65F3
 1924 02c3 F314F80A 		.ascii	"\363\024\370\012\367\020gRX^\302K\316\024\233fHc\017"
 1924      F7106752 
 1924      585EC24B 
 1924      CE149B66 
 1924      48630F
 1925 02d6 77A83C4B 		.ascii	"w\250<K\\\261\360\264\276\202(\033\026E\340#\276e\223"
 1925      5CB1F0B4 
 1925      BE82281B 
 1925      1645E023 
 1925      BE6593
 1926 02e9 CA734447 		.ascii	"\312sDG\026\231ypq\201G\014\254$\013\003\331\211\006"
 1926      16997970 
 1926      7181470C 
 1926      AC240B03 
 1926      D98906
 1927 02fc 9634032B 		.ascii	"\2264\003+\231d\340\353\260\001T\222\036Bo\357S9nk\224"
 1927      9964E0EB 
 1927      B0015492 
 1927      1E426FEF 
 1927      53396E6B 
 1928 0311 09015B85 		.ascii	"\011\001[\205\276\325\033yX\223\005\371\236\032\342"
 1928      BED51B79 
 1928      589305F9 
 1928      9E1AE2
 1929 0320 FA841BBB 		.ascii	"\372\204\033\273>\2639bPy.\261\254\240\274\024Nh\016"
 1929      3EB33962 
 1929      50792EB1 
 1929      ACA0BC14 
 1929      4E680E
 1930 0333 53CB0B07 		.ascii	"S\313\013\007d\325\002B3x\323s\341[`\265\305\344\343"
 1930      64D50242 
 1930      3378D373 
 1930      E15B60B5 
 1930      C5E4E3
 1931 0346 3B340622 		.ascii	";4\006\"\207\336u\263\312\363\341\233\360E\242\277\235"
 1931      87DE75B3 
 1931      CAF3E19B 
 1931      F045A2BF 
 1931      9D
 1932 0357 78AC5045 		.ascii	"x\254PE^#\304K\344k\022?H\011\344\013\203\206D\203c"
 1932      5E23C44B 
 1932      E46B123F 
 1932      4809E40B 
ARM GAS  C:\Users\angio\AppData\Local\Temp\cclm2ufc.s 			page 57


 1932      83864483 
 1933 036c 0FF1C617 		.ascii	"\017\361\306\027Ha\341kW\274T\201&uOs3\346[\306\266"
 1933      4861E16B 
 1933      57BC5481 
 1933      26754F73 
 1933      33E65BC6 
 1934 0381 42B420EF 		.ascii	"B\264 \357\000\246]\02467J\346\212Q\007\327\2674W\244"
 1934      00A65D14 
 1934      36374AE6 
 1934      8A5107D7 
 1934      B73457A4 
 1935 0395 29DE8F98 		.ascii	")\336\217\230+\026\346\214\011O\317\250\357\3564\346"
 1935      2B16E68C 
 1935      094FCFA8 
 1935      EFEE34E6 
 1936 03a5 5E12CD5D 		.ascii	"^\022\315]\027\315\275\004\356@8s\323#\231\377G\231"
 1936      17CDBD04 
 1936      EE403873 
 1936      D32399FF 
 1936      4799
 1937 03b7 97C65C53 		.ascii	"\227\306\\SY\274\203R\315\3012:\320i\011\227\307&\274"
 1937      59BC8352 
 1937      CDC1323A 
 1937      D0690997 
 1937      C726BC
 1938 03ca 5B245CB6 		.ascii	"[$\\\266\345E\224k\022?K\011\344\013;\346G\022\016a"
 1938      E545946B 
 1938      123F4B09 
 1938      E40B3BE6 
 1938      47120E61 
 1939 03de 5415316E 		.ascii	"T\0251n\366\304KUhR\253\232\033\231pel\302U\261\011"
 1939      F6C44B55 
 1939      6852AB9A 
 1939      1B997065 
 1939      6CC255B1 
 1940 03f3 57A30EAE 		.ascii	"W\243\016\256oi\256JS\3745b\256Z\230\263$\232\333\270"
 1940      6F69AE4A 
 1940      53FC3562 
 1940      AE5A98B3 
 1940      249ADBB8 
 1941 0407 F5233E58 		.ascii	"\365#>X51\356l\361Z5\232\326o\250\305\265\254\354\261"
 1941      3531EE6C 
 1941      F15A359A 
 1941      D66FA8C5 
 1941      B5ACECB1 
 1942 041b 59394456 		.ascii	"Y9DV\266-\355\3305\2115)\201|\031\315<n^\033\263\271"
 1942      B62DEDD8 
 1942      35893529 
 1942      817C19CD 
 1942      3C6E5E1B 
 1943 0431 33BEB356 		.ascii	"3\276\263V\353\374\003;\365\221h\0260\032W$\232)|9\325"
 1943      EBFC033B 
 1943      F5916816 
 1943      301A5724 
 1943      9A297C39 
 1944 0446 C54683EF 		.ascii	"\305F\203\357='\256o\351\245NS\374S*\"\237\255C\357"
 1944      3D27AE6F 
ARM GAS  C:\Users\angio\AppData\Local\Temp\cclm2ufc.s 			page 58


 1944      E9A54E53 
 1944      FC532A22 
 1944      9FAD43EF 
 1945 045a BD770E89 		.ascii	"\275w\016\211\3634\310!\366\225\316XC\343\343\315\215"
 1945      F334C821 
 1945      F695CE58 
 1945      43E3E3CD 
 1945      8D
 1946 046b 27DB9F6F 		.ascii	"'\333\237o?z\346lk\273\247\371\005O\327)og\213\273\355"
 1946      3F7AE66C 
 1946      6BBBA7F9 
 1946      054FD729 
 1946      6F678BBB 
 1947 0480 F8596F5B 		.ascii	"\370Yo[W\363\221c\266\243\307\236\256s\035\254\337["
 1947      57F39163 
 1947      B6A3C79E 
 1947      AE731DAC 
 1947      DF5B
 1948 0492 7FE480ED 		.ascii	"\177\344\200\355\320\263\215M\007\0167\324\263\375v"
 1948      D0B38D4D 
 1948      070E37D4 
 1948      B3FD76
 1949 04a1 BB03BF6E 		.ascii	"\273\003\277n\352\364x]N\247\323\341\361:N\266t8:=]"
 1949      EAF4785D 
 1949      4EA7D3E1 
 1949      F13A4EB6 
 1949      74383A3D 
 1950 04b6 67BC0ED1 		.ascii	"g\274\016\321\344hjz\322q\360\231\247\016\237s\321\322"
 1950      E4686A7A 
 1950      D271F099 
 1950      A70E9F73 
 1950      D1D2
 1951 04c8 F14EFC75 		.ascii	"\361N\374ut\264\332\335LO\254\234\270\232\375\261\275"
 1951      74B4DADD 
 1951      4C4FAC9C 
 1951      B89AFDB1 
 1951      BD
 1952 04d9 6D2D0DEE 		.ascii	"m-\015\356}\265\214w\266\264\352O{Z\333L\304jo=otw\235"
 1952      7DB58C77 
 1952      B6B4EA4F 
 1952      7B5ADB4C 
 1952      C46A6F3D 
 1953 04f1 6EF19E32 		.ascii	"n\361\2362\270\273<'N\340\210%\023r\250\366?\230n\030"
 1953      B8BB3C27 
 1953      4EE08825 
 1953      1372A8F6 
 1953      3F986E18 
 1954 0505 E1       		.ascii	"\341"
 1955              		.text
 1956              		.section	.gnu.lto__pal_lld_disablepadevent.406.1f2b69d2,"e",%progbits
 1957 0000 789C7D55 		.ascii	"x\234}U[L\224W\020>\363\237\177w\377\005\272\313\035"
 1957      5B4C9457 
 1957      103EF39F 
 1957      7F77FF05 
 1957      BACB1D
 1958 0013 41B92917 		.ascii	"A\271)\027\373 \013\224\242\361\301\027jL\023Z\033\305"
 1958      FB200B94 
ARM GAS  C:\Users\angio\AppData\Local\Temp\cclm2ufc.s 			page 59


 1958      A2F1C117 
 1958      6A4C135A 
 1958      1BC5
 1959 0025 371243B9 		.ascii	"7\022C\271D\"\315\222]lI\023\312\257\"\333\320\007\356"
 1959      4422CD92 
 1959      5D6C4913 
 1959      CAAF22DB 
 1959      D007EE
 1960 0038 C62694C6 		.ascii	"\306&\224\306?\253\301\264\244}\241\305\262U\212\245"
 1960      3FABC1B4 
 1960      A47DA1C5 
 1960      B2558AA5 
 1961 0048 D85B2434 		.ascii	"\330[$4\204Fm5M\255\320\210\020m\033Ki\2663\347,{S\273"
 1961      84466D35 
 1961      4DADD088 
 1961      106D1B4B 
 1961      69B633E7 
 1962 0060 D99D3D33 		.ascii	"\331\235=3\3777\337|g\346\234\335C\032c3\214\261*\374"
 1962      FF37DF7C 
 1962      67E69CDD 
 1962      431A6333 
 1962      8CB12AFC 
 1963 0074 303383BE 		.ascii	"03\203\276\336.\205\371\375\376vUQN\366\276\243\300"
 1963      DE2E85F9 
 1963      FDFE7655 
 1963      514EF6BE 
 1963      A3C0
 1964 0086 1720BC53 		.ascii	"\027 \274S\2756\361\315a\000\021\360\215\214\2520\030"
 1964      BD36F1CD 
 1964      610011F0 
 1964      8D8CAA30 
 1964      18
 1965 0097 C49BE078 		.ascii	"\304\233\340x\336\006\032X\273\3021\322\016\375\374"
 1965      DE061A58 
 1965      BBC231D2 
 1965      0EFDFC
 1966 00a6 595DD71F 		.ascii	"Y]\327\037\235\033\376`\006\364\221I\360r\306\2069\223"
 1966      9D1BFE60 
 1966      06F49149 
 1966      F072C686 
 1966      3993
 1967 00b8 AF210E7D 		.ascii	"\257!\016}\334\313\001\324\300J\201\034\\\361VV8\251"
 1967      DCCB01D4 
 1967      C04A811C 
 1967      5CF15656 
 1967      38A9
 1968 00ca EBB3D7C7 		.ascii	"\353\263\327\307u\335\312\274\234\303\247\2009\360\011"
 1968      75DDCABC 
 1968      9CC3A780 
 1968      39F009
 1969 00d9 C018300A 		.ascii	"\300\0300\012\264]\323\0107\010\022\270\026\000\252"
 1969      B45DD308 
 1969      370812B8 
 1969      1600AA
 1970 00e8 703112A8 		.ascii	"p1\022\250\266\335\320D\031\376.\320W>\242W?\364t\333"
 1970      B6DDD044 
 1970      19FE2ED0 
ARM GAS  C:\Users\angio\AppData\Local\Temp\cclm2ufc.s 			page 60


 1970      573EA257 
 1970      3FF474DB 
 1971 00fc 7A8E6B5E 		.ascii	"z\216k^n\202\211p8cm~A\373~\020;;J\3149\004\375<\012"
 1971      6E828970 
 1971      38636D7E 
 1971      41FB7E10 
 1971      3B3B4ACC 
 1972 0115 FA5040CF 		.ascii	"\372P@\317\205\240CA\350\345(\350]\015\033;\011p\011"
 1972      85A04341 
 1972      E8E528E8 
 1972      5D0D1B3B 
 1972      097009
 1973 0128 C00772F7 		.ascii	"\300\007r\367@\311\243!M\227<\375\033\232\246\242\262"
 1973      40C9A321 
 1973      4D973CFD 
 1973      1B9AA6A2 
 1973      B2
 1974 0139 2F5A093B 		.ascii	"/Z\011;\026*\344\013\026\3722\012:*\240\276'\311\377"
 1974      162AE40B 
 1974      16FA320A 
 1974      3A2AA0BE 
 1974      27C9FF
 1975 014c 2A0A7A56 		.ascii	"*\012zV@\247B\320\341 \364j\024t\320\212\362\277\006"
 1975      40A742D0 
 1975      E120F46A 
 1975      1474D08A 
 1975      F2BF06
 1976 015f 98019806 		.ascii	"\230\001\230\006\270\002\014\247\314\332\006\254\370"
 1976      B8020CA7 
 1976      CCDA06AC 
 1976      F8
 1977 016c 540B6E6B 		.ascii	"T\013nk\204G`>\2323M\352\353\376n]\277\265\333\177\363"
 1977      8447603E 
 1977      9A334DEA 
 1977      EBFE6E5D 
 1977      BFB5DB7F 
 1978 0181 7C4C09E0 		.ascii	"|L\011\3404\314\012\031\216\306\242\2221\2211\223\261"
 1978      34CC0A19 
 1978      8EC6A292 
 1978      31913193 
 1978      B1
 1979 0192 90D1C8D0 		.ascii	"\220\321\310\320\030\265\030Z\305\222\2611\244\267S"
 1979      18B5185A 
 1979      C592B131 
 1979      A4B753
 1980 01a1 5A3CB909 		.ascii	"Z<\271\011d\022\311M\242U2\255Rh\225J&\215\334M\264"
 1980      6412C94D 
 1980      A25532AD 
 1980      5268954A 
 1980      268DDC4D 
 1981 01b6 4A279341 		.ascii	"J'\223A\356fZm!\223In\026\255\262i\225\203\306\232\313"
 1981      EE665A6D 
 1981      2193496E 
 1981      16ADB269 
 1981      9583C69A 
 1982 01cb 50FA5680 		.ascii	"P\372V\200\317`\033M(\017`\034\362\031\352/\240\335"
 1982      CF601B4D 
ARM GAS  C:\Users\angio\AppData\Local\Temp\cclm2ufc.s 			page 61


 1982      280F601C 
 1982      F219EA2F 
 1982      A0DD
 1983 01dd 1432DCCF 		.ascii	"\0242\334\317v\206;b\254\233\323)\027\257lt{\270\022"
 1983      76863B62 
 1983      AC9BD329 
 1983      17AF6C74 
 1983      7BB812
 1984 01f0 7281DD87 		.ascii	"r\201\335\207\023\017\306\027\036rC\036c3\350ow\350"
 1984      130FC617 
 1984      1E72431E 
 1984      6333E86F 
 1984      77E8
 1985 0202 2A86A77C 		.ascii	"*\206\247|Kq\006\267\015m\304\251\335\347\001o\304\242"
 1985      4B7106B7 
 1985      0D6DC4A9 
 1985      DDE7016F 
 1985      C4A2
 1986 0214 DDCB6310 		.ascii	"\335\313c\020\016\337\001+>\253\3538\372X\370\036\336"
 1986      0EDF012B 
 1986      3EABEB38 
 1986      FA58F81E 
 1986      DE
 1987 0225 135783E8 		.ascii	"\023W\203\350~\\@6\005\276\205 KnT\256\022\221{\015"
 1987      7E5C4036 
 1987      05BE8520 
 1987      4B6E54AE 
 1987      12917B0D 
 1988 0239 7341E49E 		.ascii	"sA\344\236\\\353\\\230(7\3706*\031\007`\360\255\024"
 1988      5CEB5C98 
 1988      2837F836 
 1988      2A190760 
 1988      F0AD14
 1989 024c EDF3AC4C 		.ascii	"\355\363\254L\35418\262\332\220\213\"\247=\323\350\251"
 1989      EC3138B2 
 1989      DA908B22 
 1989      A73DD3E8 
 1989      A9
 1990 025d 88C4305B 		.ascii	"\210\3040[\202\216\245+\031\350S\232\011\344\015\355"
 1990      828EA52B 
 1990      19E8539A 
 1990      09E40DED 
 1991 026d E13C6A9F 		.ascii	"\341<j\237\353\236\005\337\234\212?\000\0067\031<\217"
 1991      EB9E05DF 
 1991      9C8A3F00 
 1991      0637193C 
 1991      8F
 1992 027e 78863AA7 		.ascii	"x\206:\247\221\304\214\001J\265\220\304\311Xz\260\336"
 1992      91C48C01 
 1992      4AB590C4 
 1992      C9587AB0 
 1992      DE
 1993 028f F913462D 		.ascii	"\371\023F-\370LJ\211\221U\22717\037\343\022m\227\310"
 1993      F84C4A89 
 1993      91559731 
 1993      371FE312 
 1993      6D97C8
ARM GAS  C:\Users\angio\AppData\Local\Temp\cclm2ufc.s 			page 62


 1994 02a2 15DF2E83 		.ascii	"\025\337.\203\027\240V\011U$\324\357{\323\340Z j\001"
 1994      17A05609 
 1994      5524D4EF 
 1994      7BD3E05A 
 1994      206A01
 1995 02b5 4ED18F3B 		.ascii	"N\321\217;\357 A!\306eP\225\355\277\367\003\352\261"
 1995      EF204121 
 1995      C6655095 
 1995      EDBFF703 
 1995      EAB1
 1996 02c7 52484305 		.ascii	"RHC\005\201\366\317.e\031<&\320~-\254\375\251^\376\014"
 1996      81F6CF2E 
 1996      65193C26 
 1996      D07E2DAC 
 1996      FDA95EFE 
 1997 02dc C2E1BA88 		.ascii	"\302\341\272\210\005\272h\203\033\330E\205\261R\364"
 1997      05BA6883 
 1997      1BD84585 
 1997      B152F4
 1998 02eb 17B3A8AD 		.ascii	"\027\263\250\2557\261T\201\234\011\212\\\306}\306\032"
 1998      37B15481 
 1998      9C098A5C 
 1998      C67DC61A 
 1999 02fb D4FC42A9 		.ascii	"\324\374B\251\217\224l\307\030\314\203\350\226\032}"
 1999      8F946CC7 
 1999      18CC83E8 
 1999      961A7D
 2000 030a 2A1EADF7 		.ascii	"*\036\255\367\243,\373\306\034\255\006\217\337\320\240"
 2000      A32CFBC6 
 2000      1CAD068F 
 2000      DFD0A0
 2001 0319 8929DAC5 		.ascii	"\211)\332\305\024s\251\326\317X\234\313\361\237\361"
 2001      1473A9D6 
 2001      CF589CCB 
 2001      F19FF1
 2002 0328 DC510C9E 		.ascii	"\334Q\014\236\200\243\021,\213\311\006O\224\034X\024"
 2002      80A3112C 
 2002      8BC9064F 
 2002      941C5814 
 2003 0338 6B26210F 		.ascii	"k&!\017>'\316\325.\210dL\0141\336\226\214\210\0274g"
 2003      3E27CED5 
 2003      2E88644C 
 2003      0C31DE96 
 2003      8C881734 
 2004 034d FEC57927 		.ascii	"\376\305y'\207iI\211\314L\016e\376\202\231j\270\226"
 2004      87694989 
 2004      CC4C0E65 
 2004      FE82996A 
 2004      B896
 2005 035f D4702D69 		.ascii	"\324p-i\341Z6!\017>\177\242\226\264\020\343\257\222"
 2005      E15A3621 
 2005      0F3E7FA2 
 2005      96B410E3 
 2005      AF92
 2006 0371 11F192F4 		.ascii	"\021\361\222\364\326\345V\203\247\007Y\361\200g\004"
 2006      D6E55683 
 2006      A70759F1 
ARM GAS  C:\Users\angio\AppData\Local\Temp\cclm2ufc.s 			page 63


 2006      806704
 2007 0380 59E751E7 		.ascii	"Y\347Q\347fqP\323%\355\274\022\234\\\234 \316\2108\374"
 2007      667150D3 
 2007      25EDBC12 
 2007      9C5C9C20 
 2007      CE8838FC 
 2008 0394 BFC98B83 		.ascii	"\277\311\213\203I\222\373.qo\011\347\316\214\340\306"
 2008      4992FB2E 
 2008      716F09E7 
 2008      CE8CE0C6 
 2009 03a4 43918B80 		.ascii	"C\221\213\200\247pgFp/\312\213\205I\262\207~\314\317"
 2009      A7706746 
 2009      702FCA8B 
 2009      8549B287 
 2009      7ECCCF
 2010 03b7 0EF4F0F4 		.ascii	"\016\364\360\364\205\224\250\334\354\210\334\3371\327"
 2010      8594A8DC 
 2010      EC88DCDF 
 2010      31D7
 2011 03c5 44B942C8 		.ascii	"D\271B\310@\227\377*\336\207\234\300q\264\213\243\327"
 2011      4097FF2A 
 2011      DE879CC0 
 2011      71B48BA3 
 2011      D7
 2012 03d6 010A2E47 		.ascii	"\001\012.Gx\340l\342\257R<,\003\334\023~\251ld\002\334"
 2012      78E06CE2 
 2012      AF523C2C 
 2012      03DC137E 
 2012      A96C6402 
 2013 03eb 17B758FC 		.ascii	"\027\267X\374\225\025\313X\"\254 \271\231\261\216@\267"
 2013      9515CB58 
 2013      22AC20B9 
 2013      99B18E40 
 2013      B7
 2014 03fc ADB08A32 		.ascii	"\255\260\2122W\341T\016\023\234I\303Rv\016\325J\206"
 2014      57E1540E 
 2014      139C49C3 
 2014      52760ED5 
 2014      4A86
 2015 040e B7BC3C45 		.ascii	"\267\274<El@{J\321?\036+\372g\240h\240b*\374\205\025"
 2015      6C407B4A 
 2015      D13F1E2B 
 2015      FA67A068 
 2015      A0622AFC 
 2016 0424 2D8C1161 		.ascii	"-\214\021a*\260\377e\373\3731\266\265H\2664\370\007"
 2016      2AB0FF65 
 2016      FBFB31B6 
 2016      B548B634 
 2016      F807
 2017 0436 D9F0DF19 		.ascii	"\331\360\337\031\212\304\3151\205\337\234\007p\342\366"
 2017      8AC4CD31 
 2017      85DF9C07 
 2017      70E2F6
 2018 0445 D89C467F 		.ascii	"\330\234F\1774\364\352\346\020\376\343\313Xy\305\356"
 2018      34F4EAE6 
 2018      10FEE3CB 
 2018      5879C5EE 
ARM GAS  C:\Users\angio\AppData\Local\Temp\cclm2ufc.s 			page 64


 2019 0455 EA8A238D 		.ascii	"\352\212#\215\2576\036l9V\327\350\254~\303\351:\352"
 2019      AF361E6C 
 2019      3956D7E8 
 2019      AC7EC3E9 
 2019      3AEA
 2020 0467 6EAEA9AD 		.ascii	"n\256\251\255?|\314]\357\252>P\265\343`\325K\317\225"
 2020      3F7CCC5D 
 2020      EFAA3E50 
 2020      B5E360D5 
 2020      4BCF95
 2021 047a EE2BDB59 		.ascii	"\356+\333Yv`\357\216\227\017UT\356\335_^\306\366\024"
 2021      7660EF8E 
 2021      970F5554 
 2021      EEDD5F5E 
 2021      C6F614
 2022 048d 1539F05D 		.ascii	"\0259\360]K\231NwiII\211\303\351v\034\251ir4;]-n\207"
 2022      4B994E77 
 2022      69494989 
 2022      C3E9761C 
 2022      A9697234 
 2023 04a6 48725456 		.ascii	"HrTV\276\340\330\367\312\213\373_/\245G\207\233\361"
 2023      BEE0D8F7 
 2023      CA8BFB5F 
 2023      2FA54787 
 2023      9BF1
 2024 04b8 D3D45457 		.ascii	"\323\324TWT\313TB\245E\304\212\236\337Y_S^\273\253\230"
 2024      54CB5442 
 2024      A545C48A 
 2024      9EDF595F 
 2024      535EBBAB 
 2025 04cd F1E69A3A 		.ascii	"\361\346\232:SC\213\333Ubr\221\265\240\377Z\215\373"
 2025      53438BDB 
 2025      55627291 
 2025      B5A0FF5A 
 2025      8DFB
 2026 04df A885921A 		.ascii	"\250\205\222\032\353Z\315\265.Z\231j]\316\206\006\264"
 2026      EB5ACDB5 
 2026      2E5A996A 
 2026      5DCE8606 
 2026      B4
 2027 04f0 18FA0F17 		.ascii	"\030\372\017\027f\334L"
 2027      66DC4C
 2028              		.text
 2029              		.section	.gnu.lto_.symbol_nodes.1f2b69d2,"e",%progbits
 2030 0000 789C7DD0 		.ascii	"x\234}\320\275\011BA\020\304\361\331\235\367\364\031"
 2030      BD094241 
 2030      10C4F1D9 
 2030      9DF7F419 
 2031 0010 0BA60636 		.ascii	"\013\246\0066`\015Z\212U\030\315]d*~\201\305h\011\366"
 2031      600D5A8A 
 2031      5518CD5D 
 2031      642A7E81 
 2031      C56809F6 
 2032 0024 20826015 		.ascii	" \202`\025\352\301\013N\204\335l\231_\364_\033\000\037"
 2032      EAC10B4E 
 2032      84DD6C99 
 2032      5FF45F1B 
ARM GAS  C:\Users\angio\AppData\Local\Temp\cclm2ufc.s 			page 65


 2032      001F
 2033 0036 0BEFFEA6 		.ascii	"\013\357\376\246\266\275\001\002.)\3479\312\374\005"
 2033      B6BD0102 
 2033      2E29E739 
 2033      CAFC05
 2034 0045 7793C5E2 		.ascii	"w\223\305\342\351\362X\274\\\214\305\236j\376\3045g"
 2034      E9F258BC 
 2034      5C8CC59E 
 2034      6AFEC435 
 2034      67
 2035 0056 EB41BB23 		.ascii	"\353A\273#6\213\"\017T\033I?R\203\020\234\250a\004\354"
 2035      368B220F 
 2035      541B493F 
 2035      5283109C 
 2035      A86104EC 
 2036 006a 4C75BF00 		.ascii	"Lu\277\000H)\225\225V\345Z\322\25343rT\177M\025e\305"
 2036      48299595 
 2036      56E55AD2 
 2036      AB343372 
 2036      547F4D15 
 2037 0080 AE0AF098 		.ascii	"\256\012\360\230\340\003\225\276\242@"
 2037      E00395BE 
 2037      A240
 2038              		.text
 2039              		.section	.gnu.lto_.refs.1f2b69d2,"e",%progbits
 2040 0000 789C9365 		.ascii	"x\234\223e```fabeb`de\001bV\006f\016&V- K\007\210u\031"
 2040      60606066 
 2040      61626562 
 2040      60646501 
 2040      62560666 
 2041 001e 18000BF0 		.ascii	"\030\000\013\360\000\344"
 2041      00E4
 2042              		.text
 2043              		.section	.gnu.lto_.decls.1f2b69d2,"e",%progbits
 2044 0000 789CA557 		.ascii	"x\234\245WkTTW\226\276\373\234zq-\204\211\030\323+\323"
 2044      6B545457 
 2044      96BEFB9C 
 2044      7A712D84 
 2044      8918D32B 
 2045 0015 69264D12 		.ascii	"i&M\022\246{\024!i\2235\275f\226=\202\321\245FR\230"
 2045      A67B1421 
 2045      699335BD 
 2045      66963D82 
 2045      D1A54652 
 2046 002a 49A75766 		.ascii	"I\247WfU\220\252\010\011P4\224\266\363g\326UD\304\007"
 2046      5590AA08 
 2046      09503494 
 2046      B6F367D6 
 2046      5544C407 
 2047 003e 62309144 		.ascii	"b0\221DE41b0J\036F\022\002\"\250)\021\023\210 *>\361"
 2047      45343162 
 2047      304A1E46 
 2047      120222A8 
 2047      29111388 
 2048 0056 855184F8 		.ascii	"\205Q\204\370\002Ee\3669\367UU\267\322\351\236\271\253"
 2048      024565F6 
 2048      39F75555 
ARM GAS  C:\Users\angio\AppData\Local\Temp\cclm2ufc.s 			page 66


 2048      B7D2E99E 
 2048      B9AB
 2049 0068 769DFBF8 		.ascii	"v\235\373\370\366\336\337\336g\237}\317}y\214 t\231"
 2049      F6DEDFDE 
 2049      679F7DCF 
 2049      7D798C20 
 2049      7499
 2050 007a 04E1352A 		.ascii	"\004\3415*\010\303x\204\011\202\320&\350\007\273\336"
 2050      08C37884 
 2050      0982D026 
 2050      E807BBDE 
 2051 008a 8B7208E5 		.ascii	"\213r\010\345;\224\243(](\275(\003(\367P\036\240\000"
 2051      3B94A328 
 2051      5D28BD28 
 2051      0328F750 
 2051      1EA000
 2052 009d CA3F8110 		.ascii	"\312?\201\020p\024\341\265\031\307t\224\207P\242P\036"
 2052      7014E1B5 
 2052      19C77494 
 2052      8750A250 
 2052      1E
 2053 00ae C77BA350 		.ascii	"\307{\243P\010\273\207\343?\200\254\273W0\036kA\366"
 2053      08BB87E3 
 2053      3F80ACBB 
 2053      57301E6B 
 2053      41F6
 2054 00c0 EFAFFF6B 		.ascii	"\357\257\377k\220m<\254\330\211AiR\374\217V\354\036"
 2054      906D3CAC 
 2054      D8894169 
 2054      52FC8F56 
 2054      EC1E
 2055 00d2 FA097B1B 		.ascii	"\372\011{\033\360\271%\204\275'PZ\024\014Q\342<\024"
 2055      F0B92584 
 2055      BD27505A 
 2055      140C51E2 
 2055      3C14
 2056 00e4 42FF13C4 		.ascii	"B\377\023\304YC\350\267\343\370$\216\235~6\216*y\011"
 2056      5943E8B7 
 2056      E3F8248E 
 2056      9D7E368E 
 2056      2A7909
 2057 00f7 3E76212E 		.ascii	">v!.<\310\306+\212\235\247P\242Q~\245\304\247\362\022"
 2057      3CC8C62B 
 2057      8A9DA750 
 2057      A2517EA5 
 2057      C4A7F212 
 2058 010b 719C8323 		.ascii	"q\234\203#N\221\360K<\377G\224G\225X\273\024\276\241"
 2058      4E91F04B 
 2058      3CFF4794 
 2058      479558BB 
 2058      14BEA1
 2059 011e F2DF85D7 		.ascii	"\362\337\205\327#\202|\275\204\367\316\341x\006e<\363"
 2059      23827CBD 
 2059      84F7CEE1 
 2059      7806653C 
 2059      F3
 2060 012f 89E39F50 		.ascii	"\211\343\237PR\360\374\267J~\246\341\370\002\312\014"
ARM GAS  C:\Users\angio\AppData\Local\Temp\cclm2ufc.s 			page 67


 2060      52F0FCB7 
 2060      4A7EA6E1 
 2060      F802CA0C 
 2061 013f 9429282F 		.ascii	"\224)(/\242$+\363\324\033\"\246>|\020\021\302\317\015"
 2061      A2242BF3 
 2061      D41B22A6 
 2061      3E7C1011 
 2061      C2CF0D
 2062 0152 1CFBFDFC 		.ascii	"\034\373\375\374\2608\337\304\363b\2247P\376K\361\271"
 2062      B038DFC4 
 2062      F3629437 
 2062      50FE4BF1 
 2062      B9
 2063 0163 42A993D9 		.ascii	"B\251\223\3318\346\243,\004\271v\226)>\007\224\370\326"
 2063      38E6A32C 
 2063      04B97696 
 2063      293E0794 
 2063      F8D6
 2064 0175 06C57707 		.ascii	"\006\305w\007\257\037\371\011\277\343\025?O)>\177\255"
 2064      AF1FF909 
 2064      BFE3153F 
 2064      4F293E7F 
 2064      AD
 2065 0186 F861FE18 		.ascii	"\370a\376\030\017\325\177p\316\237Tr\320\351\227wV\203"
 2065      0FD57F70 
 2065      CE9F5472 
 2065      D0E99777 
 2065      5683
 2066 0198 2AAFD97E 		.ascii	"*\257\331~\334\226\200q>\356)s\317\3167\201qN\326Rr"
 2066      DC968071 
 2066      3EEE2973 
 2066      CFCE3781 
 2066      714ED652 
 2067 01ad A1FDD437 		.ascii	"\241\375\3247\342\005\371\276\311\005\000G'\340\237"
 2067      E205F9BE 
 2067      C9050047 
 2067      27E09F
 2068 01bc 28FC890A 		.ascii	"(\374\211\012Q\022\221\210\305E\211HE\352\022}\360X"
 2068      51129188 
 2068      C5458948 
 2068      45EA127D 
 2068      F058
 2069 01ce EC4D3AD1 		.ascii	"\354M:\321Fb#D[e\023D\212f\033!=V\227\030{\027\266\221"
 2069      46622344 
 2069      5B651344 
 2069      8A661B21 
 2069      3D569718 
 2070 01e6 0A4BF444 		.ascii	"\012K\364D\311\344Z>\272\307*\221\222\027\242\236\236"
 2070      C9E45A3E 
 2070      BAC72A91 
 2070      9217A29E 
 2070      9E
 2071 01f7 88FF3D56 		.ascii	"\210\377=V\037\270P+\331d\213\304\263\036\253x\223V"
 2071      1FB8502B 
 2071      D9648BC4 
 2071      B31EAB78 
 2071      9356
ARM GAS  C:\Users\angio\AppData\Local\Temp\cclm2ufc.s 			page 68


 2072 0209 ACB0B80E 		.ascii	"\254\260\270\016\221%O\201\017DWB\224$I\023m\266\307"
 2072      91254F81 
 2072      0F445742 
 2072      94244913 
 2072      6DB6C7
 2073 021c 221A6923 		.ascii	"\"\032i#\235,\0106[\365\366\321b\2175\002M\304\272\242"
 2073      9D2C0836 
 2073      5BF5F6D1 
 2073      628F3502 
 2073      4DC4BAA2 
 2074 0230 235DD111 		.ascii	"#]\321\021>0\273\\bT\254\200$\\\011\011\023\211\210"
 2074      3E30BB5C 
 2074      6254AC80 
 2074      245C0909 
 2074      138988
 2075 0243 964D361F 		.ascii	"\226M6\037$P\260'Hg\257\214\021\315b\330c\321\261\202"
 2075      2450B027 
 2075      4867AF8C 
 2075      11CD62D8 
 2075      63D1B182 
 2076 0257 E0122613 		.ascii	"\340\022&\023\264K\207\325\003\254\350\323\245_\002"
 2076      B44B87D5 
 2076      03ACE8D3 
 2076      A55F02
 2077 0266 C48A2481 		.ascii	"\304\212$\201\320i=\270v\010\211\026\004\311d\263\333"
 2077      D0693DB8 
 2077      76088916 
 2077      04C964B3 
 2077      DB
 2078 0277 41C221CC 		.ascii	"A\302!\3149\315\225\234 \012=V\202\217\242L \021\320"
 2078      39CD959C 
 2078      200A3D56 
 2078      828FA24C 
 2078      2011D0
 2079 028a 35450B4E 		.ascii	"5E\013N;\221\363\306K! \227\354B\307\012\372s\002\352"
 2079      3B91F3C6 
 2079      4B212097 
 2079      EC42C70A 
 2079      FA7302EA 
 2080 029e 63191734 		.ascii	"c\031\0274\003\212-~\0374\373\252\202\256\346g\034\202"
 2080      038A2D7E 
 2080      1F34FBAA 
 2080      82AEE667 
 2080      1C82
 2081 02b0 D4811DEC 		.ascii	"\324\201\035\354\337_A\347\250\371'\032-\320!A\304\271"
 2081      DF5F41E7 
 2081      A8F9271A 
 2081      2DD02141 
 2081      C4B9
 2082 02c2 15500919 		.ascii	"\025P\011\031\017\252\226\315\236\322\256B\363EL\233"
 2082      0FAA96CD 
 2082      9ED2AE42 
 2082      F3454C9B 
 2083 02d2 541605A3 		.ascii	"T\026\005\243K&\012@\037\025\350?\013q\022?\272\363"
 2083      4B260A40 
 2083      1F15E83F 
 2083      0B71123F 
ARM GAS  C:\Users\angio\AppData\Local\Temp\cclm2ufc.s 			page 69


 2083      BAF3
 2084 02e4 04D8255B 		.ascii	"\004\330%[\310\031\361\026\205\207\300\204\377Q\020"
 2084      C819F116 
 2084      8587C084 
 2084      FF5110
 2085 02f3 4DB14C51 		.ascii	"M\261LQ\275\373\346\307[\310(\031\333 3\254\005\370"
 2085      BDFBE6C7 
 2085      5BC82819 
 2085      DB2033AC 
 2085      05F8
 2086 0305 1AA0865D 		.ascii	"\032\240\206]\320U\034T\332\\tE\014\004\325\351 f\245"
 2086      D0551C54 
 2086      DA5C7445 
 2086      0C04D5E9 
 2086      2066A5
 2087 0318 37DF67B3 		.ascii	"7\337g\2637HR\277T\321h\202z\200\257\000\276d\344w\003"
 2087      374852BF 
 2087      54D16882 
 2087      7A80AF00 
 2087      BE64E477 
 2088 032d 0754B69E 		.ascii	"\007T\266\236\250\034i\022\370\015\360p\036\204\363"
 2088      A81C6912 
 2088      F80DF070 
 2088      1E84F3
 2089 033c 88C4876B 		.ascii	"\210\304\207k\367U\235\215\030\203\266\257JR\024\244"
 2089      F7559D8D 
 2089      1883B6AF 
 2089      4A5214A4 
 2090 034c 4323C01E 		.ascii	"C#\300\036\246\333\204\3613w\217\227\224H\203w\232;"
 2090      A6DB84F1 
 2090      33778F97 
 2090      94488377 
 2090      9A3B
 2091 035e 9AE29A0A 		.ascii	"\232\342\232\012\012\245V\004\226\000{\012_(\014\004"
 2091      0AA55604 
 2091      96007B0A 
 2091      5F280C04 
 2092 036e 3C136027 		.ascii	"<\023`'\300\347\220\2634\234>\000\201\226\022\346\366"
 2092      C0E790B3 
 2092      349C3E00 
 2092      819612E6 
 2092      F6
 2093 037f E4C91B9B 		.ascii	"\344\311\033\233,\201\304\367\003|\243F\367\001\007"
 2093      2C81C4F7 
 2093      037CA346 
 2093      F70107
 2094 038e F57DB2B3 		.ascii	"\365}\262\263\311\036\010\362\351 \004\014\267w\336"
 2094      C91E08F2 
 2094      E920040C 
 2094      B777DE
 2095 039d 053DBA03 		.ascii	"\005=\272\003zt\315rt\035\333\017\334\261\360\350\232"
 2095      7A74CD72 
 2095      741DDB0F 
 2095      DCB1F0E8 
 2095      9A
 2096 03ae 313ABCB1 		.ascii	"1:\274\261\253k\363-\022\"\242\026\244yP\211\250\346"
 2096      AB6BF32D 
ARM GAS  C:\Users\angio\AppData\Local\Temp\cclm2ufc.s 			page 70


 2096      1222A216 
 2096      A4795089 
 2096      A8E6
 2097 03c0 68E9FA95 		.ascii	"h\351\372\225V\251\022QS\360\001\354\323\202\331\247"
 2097      56A91251 
 2097      53F001EC 
 2097      D382D9A7 
 2098 03d0 05D367A7 		.ascii	"\005\323g\247g\211\214\276\275\306\367\373uR\303B\344"
 2098      67898CBE 
 2098      BDC6F7FB 
 2098      7552C342 
 2098      E4
 2099 03e1 6862F06F 		.ascii	"hb\360o5\370\267\032\274\335N+\251\200y\265\360\345"
 2099      35F8B71A 
 2099      BCDD4E2B 
 2099      A98079B5 
 2099      F0E5
 2100 03f3 62E5672C 		.ascii	"b\345g,\254\371\264\236\362P\217t4ZD\211E\322\260(L"
 2100      ACF9B49E 
 2100      F2508F74 
 2100      345A4489 
 2100      45D2B028 
 2101 0408 50E280C3 		.ascii	"P\342\200\303\200\270\032\200\357\001\332\000aW\352"
 2101      80B81A80 
 2101      EF01DA00 
 2101      6157EA
 2102 0417 87E7F170 		.ascii	"\207\347\361p\332\345p\266\366\306\252\321u\260\347"
 2102      DAE570B6 
 2102      F6C6AAD1 
 2102      75B0E7
 2103 0426 4BCF6CF8 		.ascii	"K\317l\370\237\020\321u\242\251#Jt\325;\352r\344\320"
 2103      9F10D175 
 2103      A2A9234A 
 2103      74D53BEA 
 2103      72E4D0
 2104 0439 3A015A35 		.ascii	":\001Z5\256\255\032\327\017\355t/\347TX[|P\014a\355"
 2104      AEAD1AD7 
 2104      0FED742F 
 2104      E754585B 
 2104      7C500C61 
 2105 044e 38423D3C 		.ascii	"8B=<\275\265m\003\033\355\217\227a\021\264\227\0275"
 2105      BDB56D03 
 2105      1BED8F97 
 2105      6111B497 
 2105      1735
 2106 0460 819C05C9 		.ascii	"\201\234\005\311\204\0108\246Y>\246Y^i\247\253L,\013"
 2106      840838A6 
 2106      593EA659 
 2106      5E69A7AB 
 2106      4C2C0B
 2107 0473 4FF12C44 		.ascii	"O\361,D\3603\201n11[wKw\235\266\213\015\301\0318\015"
 2107      F033816E 
 2107      31315B77 
 2107      4B779DB6 
 2107      8B0DC119 
 2108 0489 88C10C9C 		.ascii	"\210\301\014\234\0028\311\"\274]\276\377\210\310c>\203"
 2108      0238C922 
ARM GAS  C:\Users\angio\AppData\Local\Temp\cclm2ufc.s 			page 71


 2108      BC5DBEFF 
 2108      88C8633E 
 2108      83
 2109 049a 29A0D55C 		.ascii	")\240\325\\\267\365\324\306\203\021F\335\356 \335\232"
 2109      B7F5D4C6 
 2109      831146DD 
 2109      EE20DD9A 
 2110 04aa 23F54D26 		.ascii	"#\365M&\256{\016\340,\273\323U\360I1\004T\230\000\027"
 2110      AE7B0EE0 
 2110      2CBBD355 
 2110      F0493104 
 2110      54980017 
 2111 04be D422ACE3 		.ascii	"\324\"\254\343\266;\216\372\212#\002\213\360\"h \004"
 2111      B63B8EFA 
 2111      8A23028B 
 2111      F0226820 
 2111      04
 2112 04cf 7C5F577E 		.ascii	"|_W~\330\244\027\341%\275\010{\360\2176s+\227\357~\366"
 2112      D8A417E1 
 2112      25BD087B 
 2112      F08F3673 
 2112      2B97EF7E 
 2113 04e4 63780810 		.ascii	"cx\010\020\\\006\016c\213m\341\255\315rd?\000\234g\354"
 2113      5C060E63 
 2113      8B6DE1AD 
 2113      CD72643F 
 2113      009C67EC 
 2114 04f8 0E74955F 		.ascii	"\016t\225_\0115\001WQ\357\212\254t\252m\307\255\221"
 2114      09350157 
 2114      51EF8AAC 
 2114      74AA6DC7 
 2114      AD91
 2115 050a 6C06AABF 		.ascii	"l\006\252\277\314/\224\"\345\364_\0058\241\245\377\204"
 2115      CC2F9422 
 2115      E5F45F05 
 2115      38A1A5FF 
 2115      84
 2116 051b 96FE4B22 		.ascii	"\226\376K\"\3550\011\264\227\023j\370\360\243\302\221"
 2116      ED3009B4 
 2116      97136AF8 
 2116      F0A3C291 
 2117 052b C694F505 		.ascii	"\306\224\365\005\245\354\372\341\216\323\204\223\352"
 2117      A5ECFAE1 
 2117      8ED38493 
 2117      EA
 2118 0538 67E91EE2 		.ascii	"g\351\036\342\272[j{\256\233\215\272\327\203t\253\327"
 2118      BA5B6A7B 
 2118      AE9B8DBA 
 2118      D78374AB 
 2118      D7
 2119 0549 F76471D5 		.ascii	"\367dq\325\033\000?\362\352=_\332H\324\010o\262;\035"
 2119      1B003FF2 
 2119      EA3D5FDA 
 2119      48D4086F 
 2119      B23B1D
 2120 055c 7B77FE32 		.ascii	"{w\3762D\200\267\321\332-e\005_\355\336Mx\200;\012\264"
 2120      4480B7D1 
ARM GAS  C:\Users\angio\AppData\Local\Temp\cclm2ufc.s 			page 72


 2120      DA2D6505 
 2120      5FEDDE4D 
 2120      78803B0A 
 2121 0571 006F035C 		.ascii	"\000o\003\\\323\002\274\246\005x\"\214\026\230\231R"
 2121      D302BCA6 
 2121      0578228C 
 2121      16989952 
 2122 0581 41C9F5C7 		.ascii	"A\311\365\307U\317l\231l\031x\347\203\021\252\343;\314"
 2122      55CF6C99 
 2122      6C1978E7 
 2122      8311AAE3 
 2122      3BCC
 2123 0593 71C1C6E3 		.ascii	"q\301\306\343\007-!<\017\241\261\273\262\3473]\225="
 2123      072D213C 
 2123      0FA1B1BB 
 2123      B2E7335D 
 2123      953D
 2124 05a5 56EEB9AA 		.ascii	"V\356\271\252P\363<\0040\250y\036\324<7\331h9\367<\230"
 2124      50F33C04 
 2124      30A8791E 
 2124      D43C37D9 
 2124      6839F73C 
 2125 05ba 9FFF192A 		.ascii	"\237\377\031*I\322\340\321\322\242e\226uR#a\353\354"
 2125      49D2E0D1 
 2125      D2A26596 
 2125      75522361 
 2125      EBEC
 2126 05cc BEA6739F 		.ascii	"\276\246s\237\017t\207Y\340\275V\222\233\255\024\311"
 2126      0F748759 
 2126      E0BD5692 
 2126      9BAD14C9 
 2127 05dc AF2298DB 		.ascii	"\257\"\230\333\252O\007@\353\004xS\255\246|\"@\034,"
 2127      AA4F0740 
 2127      EB047853 
 2127      ADA67C22 
 2127      401C2C
 2128 05ef 241C69A3 		.ascii	"$\034i\243\265\334\337\345\301EW\"xdsx\244C\347?\317"
 2128      B5DCDFE5 
 2128      C1455722 
 2128      78647378 
 2128      A443E73F 
 2129 0604 0FD5DF0A 		.ascii	"\017\325\337\012Qy1\341q-*.8e\321K\261\220h\036\226"
 2129      517931E1 
 2129      712D2A2E 
 2129      3865D14B 
 2129      B190681E 
 2130 0619 10C692D6 		.ascii	"\020\306\222\326s\313E\003C\227G\204\200A\021Q\200\234"
 2130      73CB4503 
 2130      43974784 
 2130      80411151 
 2130      809C
 2131 062b 7983405B 		.ascii	"y\203@[\314\002mG9\216r\232\351Z:\257\375\270a\304\250"
 2131      CC026D47 
 2131      398E729A 
 2131      E95A3AAF 
 2131      FDB861C4 
 2132 0640 9818E4B1 		.ascii	"\230\030\344\261\210\265E\001\226\021XD\370\033\254"
ARM GAS  C:\Users\angio\AppData\Local\Temp\cclm2ufc.s 			page 73


 2132      88B54501 
 2132      96115844 
 2132      F81BAC
 2133 064f 84E9C25B 		.ascii	"\204\351\302[\004V\26179\332\037<R\274\262i$\366\216"
 2133      0456B137 
 2133      39DA1F3C 
 2133      52BCB269 
 2133      24F68E
 2134 0662 4576F60E 		.ascii	"Ev\366\016ZI\030D\245\024'\260\362b\260\352bV\3402\246"
 2134      5A491844 
 2134      A51427B0 
 2134      F262B0EA 
 2134      6256E032 
 2135 0677 D88089E7 		.ascii	"\330\200\211\347\033\265\033\335m\374}\021\350\264."
 2135      1BB51BDD 
 2135      6DFC7D11 
 2135      E8B42E
 2136 0686 D8E95A6A 		.ascii	"\330\351Zj\032\\W^a\033e$\210/\241\325\034\3736\003"
 2136      1A5C575E 
 2136      611B6524 
 2136      882FA1D5 
 2136      1CFB3603 
 2137 069a E2E3C1B2 		.ascii	"\342\343\301\262\276\352\216\230\325\222\344k\000(%"
 2137      BEEA8E98 
 2137      D592E46B 
 2137      002825
 2138 06a9 B0823080 		.ascii	"\260\2020\200\214\366s\275th\357\202\010\243k_\2009"
 2138      8CF673BD 
 2138      7468EF82 
 2138      08A36B5F 
 2138      8039
 2139 06bb 3E7391F2 		.ascii	">s\221\362\204\003]eAE[\303\367\303\373\255\230*?*e"
 2139      84035D65 
 2139      41455BC3 
 2139      F7C3FBAD 
 2139      982A3F2A 
 2140 06d0 04D630E3 		.ascii	"\004\3260\343\357q\315\365\004\326\021X\253&\353\370"
 2140      EF71CDF5 
 2140      04D61158 
 2140      AB26EBF8 
 2141 06e0 F592AED8 		.ascii	"\365\222\256\330\246|Ng\016\274K\030JM\004\247$g\253"
 2141      A67C4E67 
 2141      0EBC4B18 
 2141      4A4D04A7 
 2141      2467AB
 2142 06f3 FFD0E6E2 		.ascii	"\377\320\346\342\221%\013(,%P`\004\305\263\320\252w"
 2142      91250B28 
 2142      2C255060 
 2142      04C5B3D0 
 2142      AA77
 2143 0705 6F967846 		.ascii	"o\226xF\337!\260\234c\002\303\242{\030C\262\374D}\277"
 2143      DF21B09C 
 2143      6302C3A2 
 2143      7B1843B2 
 2143      FC447DBF 
 2144 0719 7F68323D 		.ascii	"\177h2=('F\202\254\307\366\356*\260=$\243+\010l \260"
 2144      28274682 
ARM GAS  C:\Users\angio\AppData\Local\Temp\cclm2ufc.s 			page 74


 2144      ACC7F6EE 
 2144      2AB03D24 
 2144      A32B086C 
 2145 072f 806095A3 		.ascii	"\200`\225\243\301\012\302k\230/\352o\267_\264=!\277"
 2145      C10AC26B 
 2145      982FEA6F 
 2145      B75FB43D 
 2145      21BF
 2146 0741 378E3DB7 		.ascii	"7\216=\267\200\2758\021;\314\026\211\006\307-bN\255"
 2146      80BD3811 
 2146      3BCC1689 
 2146      06C72D62 
 2146      4EAD
 2147 0753 0DC1CD5F 		.ascii	"\015\301\315_/_g\327\013\261T\017e\223l\255m\321E\237"
 2147      2F5F67D7 
 2147      0BB1540F 
 2147      65936CAD 
 2147      6DD1459F 
 2148 0767 5F6F7D47 		.ascii	"_o}G\007\274/\003zw6\327\373m\202\232\364\016\375\201"
 2148      07BC2F03 
 2148      7A7736D7 
 2148      FB6D829A 
 2148      F40EFD81 
 2149 077b 0CB8F676 		.ascii	"\014\270\366v\331\342\221:\240E\007l\226\001U\307j\216"
 2149      D9E2913A 
 2149      A045076C 
 2149      960155C7 
 2149      6A8E
 2150 078d 8B3AA053 		.ascii	"\213:\240S\007|\250p\330V\264\212\350\200\012\235\303"
 2150      077CA870 
 2150      D856B48A 
 2150      E8800A9D 
 2150      C3
 2151 079e 16A24C7C 		.ascii	"\026\242L|4m\261\010\264\215\347tq\303\245V\233x&\270"
 2151      346DB108 
 2151      B48DE774 
 2151      71C3A556 
 2151      9B7826B8 
 2152 07b2 837E44FC 		.ascii	"\203~D\374:(Wz\204\036G\2453(\027\270\342\325}\227["
 2152      3A28577A 
 2152      841E47A5 
 2152      332817B8 
 2152      E2D57D97 
 2153 07c7 C28DAD37 		.ascii	"\302\215\2557@\221^B\370"
 2153      40915E42 
 2153      F8
 2154 07d0 650BF3FA 		.ascii	"e\013\363\372$\276h)\037\005\332\307\015\014,\256,\037"
 2154      24BE6829 
 2154      1F05DAC7 
 2154      0D0C2CAE 
 2154      2C1F
 2155 07e2 C10C5CC5 		.ascii	"\301\014\\\305\227\265YP\032\004\354$\210A\003\237\023"
 2155      97B55950 
 2155      1A04EC24 
 2155      8841039F 
 2155      13
 2156 07f3 F88CD041 		.ascii	"\370\214\320A\006\265\264\267\275w\234\350\253\230\010"
ARM GAS  C:\Users\angio\AppData\Local\Temp\cclm2ufc.s 			page 75


 2156      06B5B4B7 
 2156      BD779CE8 
 2156      AB9808
 2157 0802 5A4C357C 		.ascii	"ZL5|\342\277\304 \325\262\034\034h\330\025\363Y\276"
 2157      E2BFC420 
 2157      D5B21C1C 
 2157      68D815F3 
 2157      59BE
 2158 0814 548965F9 		.ascii	"T\211e\371\005\201]\204a\324\346#\227\023[\303u\347"
 2158      05815D84 
 2158      61D4E623 
 2158      97135BC3 
 2158      75E7
 2159 0826 166327B5 		.ascii	"\026c'\2653\310\247\006H#\333\322Z\366U\264zbb\3307"
 2159      33C8A706 
 2159      4823DBD2 
 2159      5AF655B4 
 2159      7A6262D8 
 2160 083b 4F7FFD39 		.ascii	"O\177\37593\263\207\260O\010\324\005/x\226\204\257\336"
 2160      33B387B0 
 2160      4F08D405 
 2160      2F789684 
 2160      AFDE
 2161 084d 97ABBC9A 		.ascii	"\227\253\274\232\300\216\020\020\336Ey\321\252\367\353"
 2161      C08E1010 
 2161      DE4579D1 
 2161      AAF7EB
 2162 085c 38F3AF09 		.ascii	"8\363\257\011\324*\365z\255\246i\345\310\250\212\237"
 2162      D42AF57A 
 2162      ADA669E5 
 2162      C8A88A9F 
 2163 086c 01D2AFAC 		.ascii	"\001\322\257\254\330\027Q\032Q|(\255(\235Vybc\345FH"
 2163      D817511A 
 2163      517C28AD 
 2163      289D5679 
 2163      6263E546 
 2164 0881 E8492B5A 		.ascii	"\350I+Z|\270\357\364\252\316\010\\\3201lU\343q\026\343"
 2164      7CB8EFF4 
 2164      AACE085C 
 2164      D0316C55 
 2164      E37116E3 
 2165 0895 3EA0F4AE 		.ascii	">\240\364\256*\002[\011\264\350<+\345\325\31005:fw\000"
 2165      2A025B09 
 2165      B4E83C2B 
 2165      E5D5C830 
 2165      353A6677 
 2166 08aa 668DB2AC 		.ascii	"f\215\262\2547\"\311\335\357\377\231\255\374z\002\333"
 2166      3722C9DD 
 2166      EFFF99AD 
 2166      FC7A02DB 
 2167 08ba 0330DB34 		.ascii	"\0030\3334;\375\333\224\234\240\235\246\000\214\322"
 2167      3BFDDB94 
 2167      9CA09DA6 
 2167      008CD2
 2168 08c9 4BF595BC 		.ascii	"K\365\225\274\237\300>\246\327\302cm%p\220\300\267\004"
 2168      9FC03EA6 
 2168      D7C2636D 
ARM GAS  C:\Users\angio\AppData\Local\Temp\cclm2ufc.s 			page 76


 2168      257090C0 
 2168      B704
 2169 08db 0E11F89E 		.ascii	"\016\021\370\236\300\001\002\315\004\276\303oE\002m"
 2169      C00102CD 
 2169      04BEC36F 
 2169      45026D
 2170 08ea 2C078CE3 		.ascii	",\007\214\343v\235\343\236\000\333j\353a\240\217uP\243"
 2170      769DE39E 
 2170      00DB6AEB 
 2170      61A08F75 
 2170      50A3
 2171 08fc 112407EB 		.ascii	"\021$\007\353\3231\037\033\003Q\014U\351\240\275\206"
 2171      D3311F1B 
 2171      03510C55 
 2171      E9A0BD86 
 2172 090c 48643BCD 		.ascii	"Hd;\315:\344\033cb\025;;tP\2031\263\274\177/?\277}\267"
 2172      3AE41B63 
 2172      62153B3B 
 2172      74508331 
 2172      B3BC7F2F 
 2173 0924 7554706A 		.ascii	"uTpj\330N\357oK\016\232\270\361\356\017\033\375\366"
 2173      D84EEF6F 
 2173      4B0E9AB8 
 2173      F1EE0F1B 
 2173      FDF6
 2174 0936 81877537 		.ascii	"\201\207u7\355\374u\211\220u\325_\345\223\020\020\266"
 2174      EDFC7589 
 2174      9075D55F 
 2174      E5931010 
 2174      B6
 2175 0947 0B9441B4 		.ascii	"\013\224A\264\033\013\353\022J/\312u\245\300(\373\322"
 2175      1B0BEB12 
 2175      4A2FCA75 
 2175      A5C028FB 
 2175      D2
 2176 0958 FB616887 		.ascii	"\373ah\207=\324\266\240\213o\013\216\023\304l\177\257"
 2176      3DD4B6A0 
 2176      8B6F0B8E 
 2176      13C46C7F 
 2176      AF
 2177 0969 AB08F4DE 		.ascii	"\253\010\364\336\213\213B}\225\234 \034\3108T\264/\251"
 2177      8B8B427D 
 2177      959C201C 
 2177      C83854B4 
 2177      2FA9
 2178 097b 1DA183AA 		.ascii	"\035\241\203\252\214 z\007}\017\243,\266\241BdY\355"
 2178      8C207A07 
 2178      7D0FA32C 
 2178      B6A14264 
 2178      59ED
 2179 098d CD9DA096 		.ascii	"\315\235\240\2263\246s\360\363M{vZ\267\326HR\321#L\375"
 2179      33A673F0 
 2179      F34D7B76 
 2179      5AB7D648 
 2179      52D1234C 
 2180 09a2 2881F386 		.ascii	"(\201\363\206B\334\310\246\257\326\304j\365$\201c\034"
 2180      42DCC8A6 
ARM GAS  C:\Users\angio\AppData\Local\Temp\cclm2ufc.s 			page 77


 2180      AFD6C46A 
 2180      F5248163 
 2180      1C
 2181 09b3 A2FAF12B 		.ascii	"\242\372\361+\203\035\2659\014\202V\316\004XQg\317X"
 2181      831DB539 
 2181      0C8256CE 
 2181      04585167 
 2181      CF58
 2182 09c5 ABE7F974 		.ascii	"\253\347\371t\364\020\270H\240\233\300Y\002\027\010"
 2182      F410B848 
 2182      A09BC059 
 2182      021708
 2183 09d4 5C22704E 		.ascii	"\\\"pN-\321\2175\223\235FbJA|\244aN\005`\342t\310v\015"
 2183      2DD18F35 
 2183      939D4662 
 2183      4A417CA4 
 2183      614E0560 
 2184 09ed 72C4C84C 		.ascii	"r\304\310L&\277U\203\2346X\301\267\347~\033\337\020"
 2184      26BF5583 
 2184      9C3658C1 
 2184      B7E77E1B 
 2184      DF10
 2185 09ff BE5F34C5 		.ascii	"\276_4\305XW\227\311_\017\204\355Y\353;\232\251^+?\350"
 2185      585797C9 
 2185      5F0F84ED 
 2185      59EB3B9A 
 2185      A95E2B3F 
 2186 0a14 F6AFA86F 		.ascii	"\366\257\250o\224\361\264\303&\320\023(\335(=(\275("
 2186      94F1B4C3 
 2186      26D01328 
 2186      DD283D28 
 2186      BD28
 2187 0a26 D751EEA1 		.ascii	"\327Q\356\241,\016\023\350R\224U(kP\326\243l\012\223"
 2187      2C0E13E8 
 2187      52945528 
 2187      6B50D6A3 
 2187      6C0A93
 2188 0a39 359F935B 		.ascii	"5\237\223[\026\245[\302\320\327c{\227=\270lW\373U\214"
 2188      16A55BC2 
 2188      D0D7637B 
 2188      973DB86C 
 2188      57FB558C 
 2189 0a4d DEB696AE 		.ascii	"\336\266\226\256\324\026\316=\002\017t\012W\015\363"
 2189      D416CE3D 
 2189      020F740A 
 2189      570DF3
 2190 0a5c 3344E02E 		.ascii	"3D\340.\273\371\200\207UDa\031\205|\012\013)`+ZBa1\205"
 2190      BBF98087 
 2190      55446119 
 2190      857C0A0B 
 2190      29602B5A 
 2191 0a74 451486F1 		.ascii	"E\024\206\361\345\216{\022\012\005\024\012)\334W'\355"
 2191      E58E7B12 
 2191      0A05140A 
 2191      29DC5727 
 2191      ED
 2192 0a85 FE0ACDD1 		.ascii	"\376\012\315\321\217\001\216\374\322\375@\307\364\033"
ARM GAS  C:\Users\angio\AppData\Local\Temp\cclm2ufc.s 			page 78


 2192      8F018EFC 
 2192      D2FD40C7 
 2192      F41B
 2193 0a93 31CAB4DD 		.ascii	"1\312\264\335\321A\267\002@ktC\203:\346v\000\306\277"
 2193      D141B702 
 2193      406B7443 
 2193      833AE676 
 2193      00C6BF
 2194 0aa6 89F5E9A0 		.ascii	"\211\365\351\240\001#H~\233\335S0\270\320\256\007`\374"
 2194      0123487E 
 2194      9BDD5330 
 2194      B8D0AE07 
 2194      60FC
 2195 0ab8 6B6D899E 		.ascii	"km\211\236\303k\001\240}\372n\255zH\267t\303hI\246]"
 2195      C36B01A0 
 2195      7DFA6EAD 
 2195      7A48B774 
 2195      C36849A6 
 2196 0acd A41BEA35 		.ascii	"\244\033\3525N\206\214\271\253\263\276i\014_a\324\253"
 2196      4E868CB9 
 2196      ABB3BE69 
 2196      0C5F61D4 
 2196      AB
 2197 0ade 83EE0480 		.ascii	"\203\356\004\200\364\266:\254C\372\214\244e\3145\035"
 2197      F4B63AAC 
 2197      43FA8CA4 
 2197      65CC351D 
 2198 0aee 33683083 		.ascii	"3h0\203\256hU\030\377\214\332}\270*lTp\241\300r\372"
 2198      AE685518 
 2198      FF8CDA7D 
 2198      B82A6C54 
 2198      70A1C072 
 2199 0b03 7F2815F6 		.ascii	"\177(\025\366\015y\240\370;\277\335\340\012\252\271"
 2199      0D79A0F8 
 2199      3BBFDDE0 
 2199      0AAAB9
 2200 0b12 2DA6D8BA 		.ascii	"-\246\330\272j\302\224\317\022\240MJ\255\217A-\337\272"
 2200      6AC294CF 
 2200      12A04D4A 
 2200      AD8F412D 
 2200      DFBA
 2201 0b24 817C3154 		.ascii	"\201|1T\367,\245\254{\276Ei\013#k\271\337\336\321j\025"
 2201      F72CA5AC 
 2201      7BBE4569 
 2201      0B236BB9 
 2201      DFDED16A 
 2202 0b39 1F05C01F 		.ascii	"\037\005\300\037\372\350\221\032\027 \340i\030/\300"
 2202      FAE8911A 
 2202      1720E069 
 2202      182FC0
 2203 0b48 6A0A6FE3 		.ascii	"j\012o\343\371;\024\326P\202\247\370=x\357W8\242\365"
 2203      F93B14D6 
 2203      5082A7F8 
 2203      3D78EF57 
 2203      38A2F5
 2204 0b5b A37B96AE 		.ascii	"\243{\226\256\016WZ\352kx\013J\250<qe\224{\340m\367"
 2204      0E575AEA 
ARM GAS  C:\Users\angio\AppData\Local\Temp\cclm2ufc.s 			page 79


 2204      6B780B4A 
 2204      A83C7165 
 2204      947BE06D 
 2205 0b70 41EB56BE 		.ascii	"A\353V\276\357\352i\010m\223\355E\352\312\253\254\232"
 2205      EFEA6908 
 2205      6D93ED45 
 2205      EACAABAC 
 2205      9A
 2206 0b81 9D778D76 		.ascii	"\235w\215v\236X\315\267\314\007\335\013*\032\026D\303"
 2206      9E58CDB7 
 2206      CC07DD0B 
 2206      2A1A1644 
 2206      C3
 2207 0b92 7B145651 		.ascii	"{\024VQ\030\000\015\267\222Bv\216O\244mJ\350\277\340"
 2207      18000DB7 
 2207      9242768E 
 2207      4FA46D4A 
 2207      E8BFE0
 2208 0ba5 B9F0B10F 		.ascii	"\271\360\261\017\336\267>]Z\026\036*\003\033x\006\266"
 2208      DEB73E5D 
 2208      5A161E2A 
 2208      031B7806 
 2208      B6
 2209 0bb6 B1F7C7F0 		.ascii	"\261\367\307\360\352O[-\376q\224SXO\331\326\235r\034"
 2209      EA4F5B2D 
 2209      FE719453 
 2209      584FD9D6 
 2209      9D721C
 2210 0bc9 8BA3A5B5 		.ascii	"\213\243\245\265\373]\273?\307`\014\343\330\177jK\201"
 2210      FB5DBB3F 
 2210      C7600CE3 
 2210      D87F6A4B 
 2210      81
 2211 0bda 0465F8BD 		.ascii	"\004e\370\275\274\221S\274\007\032l\035\243\270\014"
 2211      BC9153BC 
 2211      071A6C1D 
 2211      A3B80C
 2212 0be9 5B51FC04 		.ascii	"[Q\374\004!,57k\336\263\356\261Y\202\230\346\311\365"
 2212      212C3537 
 2212      6BDEB3EE 
 2212      B1598298 
 2212      E6C9F5
 2213 0bfc BAE78FCD 		.ascii	"\272\347\217\315zF\010OKw\376y\256{\256\333\231\221"
 2213      7A46084F 
 2213      4B77FE79 
 2213      AE7BAEDB 
 2213      9991
 2214 0c0e 9DE1FDB7 		.ascii	"\235\341\375\267q\343\342\360\227\226\2361;\303\223"
 2214      71E3E2F0 
 2214      97969E31 
 2214      3BC393
 2215 0c1d 97101F1F 		.ascii	"\227\020\037\037\037\347\311\213KO\315\214\313A\215"
 2215      1FE7C98B 
 2215      4B4FCD8C 
 2215      CB418D
 2216 0c2c BCB89459 		.ascii	"\274\270\224Y3\236N\210\233>=1\356\371\344\2513\347"
 2216      339E4E88 
ARM GAS  C:\Users\angio\AppData\Local\Temp\cclm2ufc.s 			page 80


 2216      9B3E3D31 
 2216      EEF9E4A9 
 2216      33E7
 2217 0c3e 25B047CE 		.ascii	"%\260G\316\034\224\314L\327\2704\333\363/\274\024=)"
 2217      1C94CC4C 
 2217      D7B834DB 
 2217      F32FBC14 
 2217      3D29
 2218 0c50 FE59614C 		.ascii	"\376YaL\300\355q\277{\326\235:!\355\271\361\202Mu&j"
 2218      C0ED71BF 
 2218      7BD69D3A 
 2218      21EDB9F1 
 2218      824D7526 
 2219 0c65 5EBD1326 		.ascii	"^\275\023&\375\353\253\223\230\277\024\357\\W\206\347"
 2219      FDEBAB93 
 2219      98BF14EF 
 2219      5C5786E7 
 2220 0c75 D5BF7872 		.ascii	"\325\277xr\337\314\313IMs;\347\346\271s_u\314\032\313"
 2220      DFCCCB49 
 2220      4D733BE7 
 2220      E6B9735F 
 2220      75CC1ACB 
 2221 0c89 9D3EFFCC 		.ascii	"\235>\377\314\263\3178\222\306\276\360\322\244\351I"
 2221      B3CF3892 
 2221      C6BEF0D2 
 2221      A4E949
 2222 0c98 33273C23 		.ascii	"3'<#\374&$\323\\o\\FvZ\346\\\227\033\237df\344y\363"
 2222      FC2624D3 
 2222      5C6F5C46 
 2222      765AE65C 
 2222      971B9F64 
 2223 0cb0 C6A50B51 		.ascii	"\306\245\013Qi\351\263\322]/2w3g\277\341N\363N\305H"
 2223      69E9B3D2 
 2223      5D2F3277 
 2223      3367BFE1 
 2223      4EF34EC5 
 2224 0cc5 23918137 		.ascii	"#\221\2017=\327\235\352\312\223\231D\004\\9\275\377"
 2224      3DD79DEA 
 2224      CA939944 
 2224      045C39BD 
 2224      FF
 2225 0cd6 F2F30E14 		.ascii	"\362\363\016\024\015t\361\013O^j\346,~\031\344'\264"
 2225      0D74F10B 
 2225      4F5E6AE6 
 2225      2C7E19E4 
 2225      27B4
 2226 0ce8 199651A6 		.ascii	"\031\226Q\246\202\366\306fg\310\347hf\264n&\321\315"
 2226      82F6C666 
 2226      67C8E768 
 2226      66B46E26 
 2226      D1CD
 2227 0cfa 79FC2133 		.ascii	"y\374!3s\2529+o\216\323\033\256&\224O\324\277\377\277"
 2227      73AA392B 
 2227      6F8ED31B 
 2227      AE26944F 
 2227      D4BFFFBF 
 2228 0d0e 264A18AD 		.ascii	"&J\030\255\031\313s{\347\344z\346\346dy\\n[\206\207"
ARM GAS  C:\Users\angio\AppData\Local\Temp\cclm2ufc.s 			page 81


 2228      19CB737B 
 2228      E7E47AE6 
 2228      E664795C 
 2228      6E5B8687 
 2229 0d22 0D4EAF3D 		.ascii	"\015N\257=\303\303\314d\245\346\275\211\027y\336\254"
 2229      C3C3CC64 
 2229      A5E6BD89 
 2229      1779DEAC 
 2230 0d32 A7139C73 		.ascii	"\247\023\234sr2<N\257(?\311p9\275c4\033\356\354\324"
 2230      72323C4E 
 2230      AF283FC9 
 2230      7039BD63 
 2230      341BEEEC 
 2231 0d47 D999EE9C 		.ascii	"\331\231\356\234T\227{\236;\333\033\236\341\341\243"
 2231      54977B9E 
 2231      3BDB1B9E 
 2231      E1E1A3
 2232 0d56 6C2A0C15 		.ascii	"l*\014\025R]\014\377\210\206we\344\371+D\362\371\361"
 2232      525D0CFF 
 2232      88867765 
 2232      E4F92B44 
 2232      F2F9F1
 2233 0d69 0B780447 		.ascii	"\013x\004G\362gy$mv8^\245\245ff\316NMC:V%\353f\0167"
 2233      F2677924 
 2233      6D76385E 
 2233      A5A56666 
 2233      CE4E4D43 
 2234 0d84 65BBE77B 		.ascii	"e\273\347{M9\271\356y\177\303|y\370\254\260\371\242"
 2234      4D39B9EE 
 2234      797FC37C 
 2234      79F8ACB0 
 2234      F9A2
 2235 0d96 A9B9737E 		.ascii	"\251\271s~\373\223)T5\224\234!^\304\201\363qzM\177\230"
 2235      FB932954 
 2235      35949C21 
 2235      5EC481F3 
 2235      717A4D7F 
 2236 0dab EC986E9B 		.ascii	"\354\230n\233\233\221\355\305\244x\315\323gN\232\346"
 2236      9B91EDC5 
 2236      A478CDD3 
 2236      674E9AE6 
 2237 0dbb 30FD478A 		.ascii	"0\375G\212\303\001/\303\024sZ\246;5\227?\215\237\340"
 2237      C3012FC3 
 2237      14735AA6 
 2237      3B35973F 
 2237      8D9FE0
 2238 0dce F452CCEE 		.ascii	"\364R\314\356\337\275\244\364t3\2423\023\035tj\242\303"
 2238      DFBDA4F4 
 2238      7433A233 
 2238      131D746A 
 2238      A2C3
 2239 0de0 9CFC5272 		.ascii	"\234\374Rr\242\303:3%9))\321a\2319\353\225\344$\207"
 2239      A2C33A33 
 2239      25392929 
 2239      D1619939 
 2239      EB95E424 
 2240 0df5 79C6CCC4 		.ascii	"y\306\314\304$\007#4\305\224\362r\262\303<i\362\363"
ARM GAS  C:\Users\angio\AppData\Local\Temp\cclm2ufc.s 			page 82


 2240      24072334 
 2240      C594F272 
 2240      B2C33C69 
 2240      F2F3
 2241 0e07 8E0453CA 		.ascii	"\216\004S\312\244\024\207%\351\217\263\246N\222\357"
 2241      A4148725 
 2241      E98FB3A6 
 2241      4E92EF
 2242 0e16 C45B6624 		.ascii	"\304[f$\315p\314H\246)\323\034\277\017\311&\315\223"
 2242      CD70CC48 
 2242      A629D31C 
 2242      BF0FC926 
 2242      CD93
 2243 0e28 95E5C98E 		.ascii	"\225\345\311\216\303T\"\2358e\275\315\237/S\231\203"
 2243      C354229D 
 2243      3865BDCD 
 2243      9F2F5399 
 2243      83
 2244 0e39 2B6FFE7C 		.ascii	"+o\376|\34422\345\225\024\264\347\234\365\3379\356D"
 2244      E43232E5 
 2244      9514B4E7 
 2244      9CF5DF39 
 2244      EE44
 2245 0e4b F7EB9694 		.ascii	"\367\353\226\224\227\247&9\022\314\223g\245\340\277"
 2245      97A72639 
 2245      12CC9367 
 2245      A5E0BF
 2246 0e5a 83FD9BD0 		.ascii	"\203\375\233\320O\202i*\376\2059\222R\222\034\377\231"
 2246      4F82692A 
 2246      FE853992 
 2246      52921CFF 
 2246      99
 2247 0e6b 94A89FC5 		.ascii	"\224\250\237\305\323d\244\302\225\342\271R<W\212gJ\361"
 2247      D364A4C2 
 2247      95E2B952 
 2247      3C578A67 
 2247      4AF1
 2248 0e7d 4C890112 		.ascii	"L\211\001\022\354\214\270\352Bt:_\237\233\235\346t\216"
 2248      EC8CB8EA 
 2248      42743A5F 
 2248      9F9B9DE6 
 2248      748E
 2249 0e8f 8BB7A9A7 		.ascii	"\213\267\251\247\246\264\364\324\\\375\301\370\377\005"
 2249      A6B4F4D4 
 2249      5CFDC1F8 
 2249      FF05
 2250 0e9d B63A8CF7 		.ascii	"\266:\214\367"
 2251              		.text
 2252              		.section	.gnu.lto_.symtab.1f2b69d2,"e",%progbits
 2253 0000 5F70616C 		.ascii	"_pal_lld_init\000"
 2253      5F6C6C64 
 2253      5F696E69 
 2253      7400
 2254 000e 00       		.ascii	"\000"
 2255 000f 00       		.ascii	"\000"
 2256 0010 00       		.ascii	"\000"
 2257 0011 00000000 		.ascii	"\000\000\000\000\000\000\000\000"
ARM GAS  C:\Users\angio\AppData\Local\Temp\cclm2ufc.s 			page 83


 2257      00000000 
 2258 0019 DB000000 		.ascii	"\333\000\000\000"
 2259 001d 5F70616C 		.ascii	"_pal_events\000"
 2259      5F657665 
 2259      6E747300 
 2260 0029 00       		.ascii	"\000"
 2261 002a 00       		.ascii	"\000"
 2262 002b 00       		.ascii	"\000"
 2263 002c 00000000 		.ascii	"\000\000\000\000\000\000\000\000"
 2263      00000000 
 2264 0034 21010000 		.ascii	"!\001\000\000"
 2265 0038 5F70616C 		.ascii	"_pal_lld_setgroupmode\000"
 2265      5F6C6C64 
 2265      5F736574 
 2265      67726F75 
 2265      706D6F64 
 2266 004e 00       		.ascii	"\000"
 2267 004f 00       		.ascii	"\000"
 2268 0050 00       		.ascii	"\000"
 2269 0051 00000000 		.ascii	"\000\000\000\000\000\000\000\000"
 2269      00000000 
 2270 0059 ED000000 		.ascii	"\355\000\000\000"
 2271 005d 5F70616C 		.ascii	"_pal_lld_enablepadevent\000"
 2271      5F6C6C64 
 2271      5F656E61 
 2271      626C6570 
 2271      61646576 
 2272 0075 00       		.ascii	"\000"
 2273 0076 00       		.ascii	"\000"
 2274 0077 00       		.ascii	"\000"
 2275 0078 00000000 		.ascii	"\000\000\000\000\000\000\000\000"
 2275      00000000 
 2276 0080 F7000000 		.ascii	"\367\000\000\000"
 2277 0084 5F70616C 		.ascii	"_pal_lld_disablepadevent\000"
 2277      5F6C6C64 
 2277      5F646973 
 2277      61626C65 
 2277      70616465 
 2278 009d 00       		.ascii	"\000"
 2279 009e 00       		.ascii	"\000"
 2280 009f 00       		.ascii	"\000"
 2281 00a0 00000000 		.ascii	"\000\000\000\000\000\000\000\000"
 2281      00000000 
 2282 00a8 FC000000 		.ascii	"\374\000\000\000"
 2283 00ac 63685468 		.ascii	"chThdDequeueAllI\000"
 2283      64446571 
 2283      75657565 
 2283      416C6C49 
 2283      00
 2284 00bd 00       		.ascii	"\000"
 2285 00be 02       		.ascii	"\002"
 2286 00bf 00       		.ascii	"\000"
 2287 00c0 00000000 		.ascii	"\000\000\000\000\000\000\000\000"
 2287      00000000 
 2288 00c8 FE000000 		.ascii	"\376\000\000\000"
 2289              		.text
 2290              		.section	.gnu.lto_.ext_symtab.1f2b69d2,"e",%progbits
ARM GAS  C:\Users\angio\AppData\Local\Temp\cclm2ufc.s 			page 84


 2291 0000 01       		.ascii	"\001"
 2292 0001 01       		.ascii	"\001"
 2293 0002 00       		.ascii	"\000"
 2294 0003 02       		.ascii	"\002"
 2295 0004 01       		.ascii	"\001"
 2296 0005 01       		.ascii	"\001"
 2297 0006 00       		.ascii	"\000"
 2298 0007 01       		.ascii	"\001"
 2299 0008 00       		.ascii	"\000"
 2300 0009 01       		.ascii	"\001"
 2301 000a 00       		.ascii	"\000"
 2302 000b 01       		.ascii	"\001"
 2303 000c 00       		.ascii	"\000"
 2304              		.text
 2305              		.section	.gnu.lto_.opts,"e",%progbits
 2306 0000 272D666E 		.ascii	"'-fno-openmp' '-fno-openacc' '-fno-pie' '-fcf-prote"
 2306      6F2D6F70 
 2306      656E6D70 
 2306      2720272D 
 2306      666E6F2D 
 2307 0033 6374696F 		.ascii	"ction=none' '-g' '-mcpu=cortex-m4' '-mthumb' '-mflo"
 2307      6E3D6E6F 
 2307      6E652720 
 2307      272D6727 
 2307      20272D6D 
 2308 0066 61742D61 		.ascii	"at-abi=soft' '-mlibarch=armv7e-m' '-march=armv7e-m'"
 2308      62693D73 
 2308      6F667427 
 2308      20272D6D 
 2308      6C696261 
 2309 0099 20272D4F 		.ascii	" '-O0' '-fomit-frame-pointer' '-falign-functions=16"
 2309      30272027 
 2309      2D666F6D 
 2309      69742D66 
 2309      72616D65 
 2310 00cc 2720272D 		.ascii	"' '-ffunction-sections' '-fdata-sections' '-fno-com"
 2310      6666756E 
 2310      6374696F 
 2310      6E2D7365 
 2310      6374696F 
 2311 00ff 6D6F6E27 		.ascii	"mon' '-flto' '-Xassembler' '-alms=./build/lst/hal_p"
 2311      20272D66 
 2311      6C746F27 
 2311      20272D58 
 2311      61737365 
 2312 0132 616C5F6C 		.ascii	"al_lld.lst'\000"
 2312      6C642E6C 
 2312      73742700 
 2313              		.text
 2314              		.comm	__gnu_lto_slim,1,1
 2315              		.ident	"GCC: (GNU Arm Embedded Toolchain 10.3-2021.10) 10.3.1 20210824 (release)"
ARM GAS  C:\Users\angio\AppData\Local\Temp\cclm2ufc.s 			page 85


DEFINED SYMBOLS
                            *ABS*:00000000 hal_pal_lld.c
C:\Users\angio\AppData\Local\Temp\cclm2ufc.s:30     .gnu.debuglto_.debug_info:00000000 hal_pal_lld.c.57ea6c80
                            *COM*:00000001 __gnu_lto_slim

NO UNDEFINED SYMBOLS
