ARM GAS  C:\Users\angio\AppData\Local\Temp\ccrvFn2X.s 			page 1


   1              		.cpu cortex-m4
   2              		.arch armv7e-m
   3              		.fpu softvfp
   4              		.eabi_attribute 20, 1
   5              		.eabi_attribute 21, 1
   6              		.eabi_attribute 23, 3
   7              		.eabi_attribute 24, 1
   8              		.eabi_attribute 25, 1
   9              		.eabi_attribute 26, 1
  10              		.eabi_attribute 30, 6
  11              		.eabi_attribute 34, 1
  12              		.eabi_attribute 18, 4
  13              		.file	"stm32_isr.c"
  14              		.file 1 "c:\\chibistudio\\tools\\gnu tools arm embedded\\10.3 2021.10\\lib\\gcc\\arm-none-eabi\\10
  15              		.file 2 "c:\\chibistudio\\tools\\gnu tools arm embedded\\10.3 2021.10\\arm-none-eabi\\include\\mac
  16              		.file 3 "c:\\chibistudio\\tools\\gnu tools arm embedded\\10.3 2021.10\\arm-none-eabi\\include\\sys
  17              		.file 4 "../../chibios2111/os/common/ports/ARM-common/chtypes.h"
  18              		.file 5 "../../chibios2111/os/rt/include/chearly.h"
  19              		.file 6 "../../chibios2111/os/rt/include/chobjects.h"
  20              		.file 7 "../../chibios2111/os/rt/include/chrfcu.h"
  21              		.file 8 "../../chibios2111/os/rt/include/chdebug.h"
  22              		.file 9 "../../chibios2111/os/rt/include/chtime.h"
  23              		.file 10 "../../chibios2111/os/rt/include/chlists.h"
  24              		.file 11 "../../chibios2111/os/common/ext/ARM/CMSIS/Core/Include/core_cm4.h"
  25              		.file 12 "../../chibios2111/os/common/ext/ST/STM32G4xx/stm32g474xx.h"
  26              		.file 13 "../../chibios2111/os/common/ports/ARMv7-M-ALT/chcore.h"
  27              		.file 14 "../../chibios2111/os/rt/include/chsem.h"
  28              		.file 15 "../../chibios2111/os/rt/include/chmtx.h"
  29              		.file 16 "../../chibios2111/os/rt/include/chevents.h"
  30              		.file 17 "../../chibios2111/os/hal/ports/STM32/LLD/TIMv1/stm32_tim.h"
  31              		.file 18 "../../chibios2111/os/hal/include/hal_queues.h"
  32              		.file 19 "../../chibios2111/os/hal/include/hal_pal.h"
  33              		.file 20 "../../chibios2111/os/hal/include/hal_gpt.h"
  34              		.file 21 "../../chibios2111/os/hal/ports/STM32/LLD/TIMv1/hal_gpt_lld.h"
  35              		.file 22 "../../chibios2111/os/hal/ports/STM32/LLD/GPIOv2/hal_pal_lld.h"
  36              		.file 23 "../../chibios2111/os/hal/include/hal_serial.h"
  37              		.file 24 "../../chibios2111/os/hal/include/hal_sio.h"
  38              		.file 25 "../../chibios2111/os/hal/ports/STM32/LLD/USARTv3/hal_sio_lld.h"
  39              		.file 26 "../../chibios2111/os/hal/ports/STM32/STM32G4xx/stm32_isr.c"
  40              		.file 27 "../../chibios2111/os/hal/ports/STM32/LLD/TIMv1/stm32_tim20.inc"
  41              		.file 28 "../../chibios2111/os/hal/ports/STM32/LLD/TIMv1/stm32_tim8.inc"
  42              		.file 29 "../../chibios2111/os/hal/ports/STM32/LLD/TIMv1/stm32_tim7.inc"
  43              		.file 30 "../../chibios2111/os/hal/ports/STM32/LLD/TIMv1/stm32_tim6.inc"
  44              		.file 31 "../../chibios2111/os/hal/ports/STM32/LLD/TIMv1/stm32_tim5.inc"
  45              		.file 32 "../../chibios2111/os/hal/ports/STM32/LLD/TIMv1/stm32_tim4.inc"
  46              		.file 33 "../../chibios2111/os/hal/ports/STM32/LLD/TIMv1/stm32_tim3.inc"
  47              		.file 34 "../../chibios2111/os/hal/ports/STM32/LLD/TIMv1/stm32_tim2.inc"
  48              		.file 35 "../../chibios2111/os/hal/ports/STM32/LLD/TIMv1/stm32_tim1_15_16_17.inc"
  49              		.file 36 "../../chibios2111/os/hal/ports/STM32/LLD/USART/stm32_lpuart1.inc"
  50              		.file 37 "../../chibios2111/os/hal/ports/STM32/LLD/USART/stm32_uart5.inc"
  51              		.file 38 "../../chibios2111/os/hal/ports/STM32/LLD/USART/stm32_uart4.inc"
  52              		.file 39 "../../chibios2111/os/hal/ports/STM32/LLD/USART/stm32_usart3.inc"
  53              		.file 40 "../../chibios2111/os/hal/ports/STM32/LLD/USART/stm32_usart2.inc"
  54              		.file 41 "../../chibios2111/os/hal/ports/STM32/LLD/USART/stm32_usart1.inc"
  55              		.file 42 "../../chibios2111/os/hal/ports/STM32/LLD/FDCANv1/stm32_fdcan3.inc"
  56              		.file 43 "../../chibios2111/os/hal/ports/STM32/LLD/FDCANv1/stm32_fdcan2.inc"
  57              		.file 44 "../../chibios2111/os/hal/ports/STM32/LLD/FDCANv1/stm32_fdcan1.inc"
ARM GAS  C:\Users\angio\AppData\Local\Temp\ccrvFn2X.s 			page 2


  58              		.file 45 "../../chibios2111/os/hal/ports/STM32/LLD/EXTIv1/stm32_exti33.inc"
  59              		.file 46 "../../chibios2111/os/hal/ports/STM32/LLD/EXTIv1/stm32_exti30_32.inc"
  60              		.file 47 "../../chibios2111/os/hal/ports/STM32/LLD/EXTIv1/stm32_exti21_22-29.inc"
  61              		.file 48 "../../chibios2111/os/hal/ports/STM32/LLD/EXTIv1/stm32_exti19.inc"
  62              		.file 49 "../../chibios2111/os/hal/ports/STM32/LLD/EXTIv1/stm32_exti18.inc"
  63              		.file 50 "../../chibios2111/os/hal/ports/STM32/LLD/EXTIv1/stm32_exti17.inc"
  64              		.file 51 "../../chibios2111/os/hal/ports/STM32/LLD/EXTIv1/stm32_exti16-40_41.inc"
  65              		.file 52 "../../chibios2111/os/hal/ports/STM32/LLD/EXTIv1/stm32_exti10_15.inc"
  66              		.file 53 "../../chibios2111/os/hal/ports/STM32/LLD/EXTIv1/stm32_exti5_9.inc"
  67              		.file 54 "../../chibios2111/os/hal/ports/STM32/LLD/EXTIv1/stm32_exti4.inc"
  68              		.file 55 "../../chibios2111/os/hal/ports/STM32/LLD/EXTIv1/stm32_exti3.inc"
  69              		.file 56 "../../chibios2111/os/hal/ports/STM32/LLD/EXTIv1/stm32_exti2.inc"
  70              		.file 57 "../../chibios2111/os/hal/ports/STM32/LLD/EXTIv1/stm32_exti1.inc"
  71              		.file 58 "../../chibios2111/os/hal/ports/STM32/LLD/EXTIv1/stm32_exti0.inc"
  72              		.file 59 "../../chibios2111/os/hal/osal/rt-nil/osal.h"
  73              		.file 60 "../../chibios2111/os/rt/include/chsys.h"
  74              		.file 61 "../../chibios2111/os/hal/ports/STM32/LLD/USARTv3/hal_serial_lld.h"
  75              		.file 62 "../../chibios2111/os/common/ext/ARM/CMSIS/Core/Include/cmsis_gcc.h"
  76              		.section	.gnu.debuglto_.debug_info,"e",%progbits
  77              	.Ldebug_info0:
  78              		.hidden	stm32_isr.c.e3f8e6f2
  79              		.weak	stm32_isr.c.e3f8e6f2
  80              	stm32_isr.c.e3f8e6f2:
  81 0000 8D180000 		.4byte	0x188d
  82 0004 0400     		.2byte	0x4
  83 0006 00000000 		.4byte	.Ldebug_abbrev0
  84 000a 04       		.byte	0x4
  85 000b 01       		.uleb128 0x1
  86 000c 250C0000 		.4byte	.LASF328
  87 0010 0C       		.byte	0xc
  88 0011 C20A0000 		.4byte	.LASF329
  89 0015 10020000 		.4byte	.LASF330
  90 0019 00000000 		.4byte	.Ldebug_line0
  91 001d 02       		.uleb128 0x2
  92 001e 04       		.byte	0x4
  93 001f 05       		.byte	0x5
  94 0020 696E7400 		.ascii	"int\000"
  95 0024 03       		.uleb128 0x3
  96 0025 CE040000 		.4byte	.LASF4
  97 0029 01       		.byte	0x1
  98 002a D1       		.byte	0xd1
  99 002b 17       		.byte	0x17
 100 002c 35000000 		.4byte	0x35
 101 0030 04       		.uleb128 0x4
 102 0031 24000000 		.4byte	0x24
 103 0035 05       		.uleb128 0x5
 104 0036 04       		.byte	0x4
 105 0037 07       		.byte	0x7
 106 0038 D0000000 		.4byte	.LASF0
 107 003c 05       		.uleb128 0x5
 108 003d 08       		.byte	0x8
 109 003e 05       		.byte	0x5
 110 003f 2C070000 		.4byte	.LASF1
 111 0043 05       		.uleb128 0x5
 112 0044 08       		.byte	0x8
 113 0045 04       		.byte	0x4
 114 0046 9A090000 		.4byte	.LASF2
ARM GAS  C:\Users\angio\AppData\Local\Temp\ccrvFn2X.s 			page 3


 115 004a 05       		.uleb128 0x5
 116 004b 01       		.byte	0x1
 117 004c 06       		.byte	0x6
 118 004d 9B0E0000 		.4byte	.LASF3
 119 0051 03       		.uleb128 0x3
 120 0052 7E0B0000 		.4byte	.LASF5
 121 0056 02       		.byte	0x2
 122 0057 2B       		.byte	0x2b
 123 0058 18       		.byte	0x18
 124 0059 5D000000 		.4byte	0x5d
 125 005d 05       		.uleb128 0x5
 126 005e 01       		.byte	0x1
 127 005f 08       		.byte	0x8
 128 0060 D70D0000 		.4byte	.LASF6
 129 0064 05       		.uleb128 0x5
 130 0065 02       		.byte	0x2
 131 0066 05       		.byte	0x5
 132 0067 670A0000 		.4byte	.LASF7
 133 006b 05       		.uleb128 0x5
 134 006c 02       		.byte	0x2
 135 006d 07       		.byte	0x7
 136 006e 87090000 		.4byte	.LASF8
 137 0072 03       		.uleb128 0x3
 138 0073 15010000 		.4byte	.LASF9
 139 0077 02       		.byte	0x2
 140 0078 4D       		.byte	0x4d
 141 0079 18       		.byte	0x18
 142 007a 7E000000 		.4byte	0x7e
 143 007e 05       		.uleb128 0x5
 144 007f 04       		.byte	0x4
 145 0080 05       		.byte	0x5
 146 0081 E1090000 		.4byte	.LASF10
 147 0085 03       		.uleb128 0x3
 148 0086 EA090000 		.4byte	.LASF11
 149 008a 02       		.byte	0x2
 150 008b 4F       		.byte	0x4f
 151 008c 19       		.byte	0x19
 152 008d 91000000 		.4byte	0x91
 153 0091 05       		.uleb128 0x5
 154 0092 04       		.byte	0x4
 155 0093 07       		.byte	0x7
 156 0094 E2080000 		.4byte	.LASF12
 157 0098 03       		.uleb128 0x3
 158 0099 4B080000 		.4byte	.LASF13
 159 009d 02       		.byte	0x2
 160 009e 69       		.byte	0x69
 161 009f 19       		.byte	0x19
 162 00a0 A4000000 		.4byte	0xa4
 163 00a4 05       		.uleb128 0x5
 164 00a5 08       		.byte	0x8
 165 00a6 07       		.byte	0x7
 166 00a7 7C030000 		.4byte	.LASF14
 167 00ab 03       		.uleb128 0x3
 168 00ac 52070000 		.4byte	.LASF15
 169 00b0 03       		.byte	0x3
 170 00b1 18       		.byte	0x18
 171 00b2 13       		.byte	0x13
ARM GAS  C:\Users\angio\AppData\Local\Temp\ccrvFn2X.s 			page 4


 172 00b3 51000000 		.4byte	0x51
 173 00b7 04       		.uleb128 0x4
 174 00b8 AB000000 		.4byte	0xab
 175 00bc 06       		.uleb128 0x6
 176 00bd AB000000 		.4byte	0xab
 177 00c1 03       		.uleb128 0x3
 178 00c2 220D0000 		.4byte	.LASF16
 179 00c6 03       		.byte	0x3
 180 00c7 2C       		.byte	0x2c
 181 00c8 13       		.byte	0x13
 182 00c9 72000000 		.4byte	0x72
 183 00cd 03       		.uleb128 0x3
 184 00ce A0020000 		.4byte	.LASF17
 185 00d2 03       		.byte	0x3
 186 00d3 30       		.byte	0x30
 187 00d4 14       		.byte	0x14
 188 00d5 85000000 		.4byte	0x85
 189 00d9 04       		.uleb128 0x4
 190 00da CD000000 		.4byte	0xcd
 191 00de 06       		.uleb128 0x6
 192 00df D9000000 		.4byte	0xd9
 193 00e3 03       		.uleb128 0x3
 194 00e4 310B0000 		.4byte	.LASF18
 195 00e8 03       		.byte	0x3
 196 00e9 3C       		.byte	0x3c
 197 00ea 14       		.byte	0x14
 198 00eb 98000000 		.4byte	0x98
 199 00ef 04       		.uleb128 0x4
 200 00f0 E3000000 		.4byte	0xe3
 201 00f4 03       		.uleb128 0x3
 202 00f5 950A0000 		.4byte	.LASF19
 203 00f9 04       		.byte	0x4
 204 00fa 48       		.byte	0x48
 205 00fb 1D       		.byte	0x1d
 206 00fc E3000000 		.4byte	0xe3
 207 0100 03       		.uleb128 0x3
 208 0101 E40E0000 		.4byte	.LASF20
 209 0105 05       		.byte	0x5
 210 0106 50       		.byte	0x50
 211 0107 19       		.byte	0x19
 212 0108 F4000000 		.4byte	0xf4
 213 010c 03       		.uleb128 0x3
 214 010d 4E090000 		.4byte	.LASF21
 215 0111 05       		.byte	0x5
 216 0112 53       		.byte	0x53
 217 0113 19       		.byte	0x19
 218 0114 AB000000 		.4byte	0xab
 219 0118 03       		.uleb128 0x3
 220 0119 4A0D0000 		.4byte	.LASF22
 221 011d 05       		.byte	0x5
 222 011e 54       		.byte	0x54
 223 011f 19       		.byte	0x19
 224 0120 AB000000 		.4byte	0xab
 225 0124 03       		.uleb128 0x3
 226 0125 190A0000 		.4byte	.LASF23
 227 0129 05       		.byte	0x5
 228 012a 55       		.byte	0x55
ARM GAS  C:\Users\angio\AppData\Local\Temp\ccrvFn2X.s 			page 5


 229 012b 19       		.byte	0x19
 230 012c AB000000 		.4byte	0xab
 231 0130 03       		.uleb128 0x3
 232 0131 18030000 		.4byte	.LASF24
 233 0135 05       		.byte	0x5
 234 0136 57       		.byte	0x57
 235 0137 19       		.byte	0x19
 236 0138 CD000000 		.4byte	0xcd
 237 013c 03       		.uleb128 0x3
 238 013d 31080000 		.4byte	.LASF25
 239 0141 05       		.byte	0x5
 240 0142 58       		.byte	0x58
 241 0143 19       		.byte	0x19
 242 0144 C1000000 		.4byte	0xc1
 243 0148 03       		.uleb128 0x3
 244 0149 25080000 		.4byte	.LASF26
 245 014d 05       		.byte	0x5
 246 014e 5A       		.byte	0x5a
 247 014f 19       		.byte	0x19
 248 0150 CD000000 		.4byte	0xcd
 249 0154 03       		.uleb128 0x3
 250 0155 16090000 		.4byte	.LASF27
 251 0159 05       		.byte	0x5
 252 015a 5B       		.byte	0x5b
 253 015b 19       		.byte	0x19
 254 015c CD000000 		.4byte	0xcd
 255 0160 03       		.uleb128 0x3
 256 0161 DF030000 		.4byte	.LASF28
 257 0165 05       		.byte	0x5
 258 0166 5C       		.byte	0x5c
 259 0167 19       		.byte	0x19
 260 0168 C1000000 		.4byte	0xc1
 261 016c 03       		.uleb128 0x3
 262 016d A20F0000 		.4byte	.LASF29
 263 0171 05       		.byte	0x5
 264 0172 80       		.byte	0x80
 265 0173 12       		.byte	0x12
 266 0174 35000000 		.4byte	0x35
 267 0178 03       		.uleb128 0x3
 268 0179 90040000 		.4byte	.LASF30
 269 017d 05       		.byte	0x5
 270 017e 85       		.byte	0x85
 271 017f 1A       		.byte	0x1a
 272 0180 84010000 		.4byte	0x184
 273 0184 07       		.uleb128 0x7
 274 0185 AB070000 		.4byte	.LASF45
 275 0189 70       		.byte	0x70
 276 018a 06       		.byte	0x6
 277 018b 9C       		.byte	0x9c
 278 018c 08       		.byte	0x8
 279 018d 67020000 		.4byte	0x267
 280 0191 08       		.uleb128 0x8
 281 0192 68647200 		.ascii	"hdr\000"
 282 0196 06       		.byte	0x6
 283 0197 AD       		.byte	0xad
 284 0198 05       		.byte	0x5
 285 0199 CF090000 		.4byte	0x9cf
ARM GAS  C:\Users\angio\AppData\Local\Temp\ccrvFn2X.s 			page 6


 286 019d 00       		.byte	0
 287 019e 08       		.uleb128 0x8
 288 019f 63747800 		.ascii	"ctx\000"
 289 01a3 06       		.byte	0x6
 290 01a4 B1       		.byte	0xb1
 291 01a5 21       		.byte	0x21
 292 01a6 F6080000 		.4byte	0x8f6
 293 01aa 0C       		.byte	0xc
 294 01ab 09       		.uleb128 0x9
 295 01ac 00070000 		.4byte	.LASF31
 296 01b0 06       		.byte	0x6
 297 01b1 B6       		.byte	0xb6
 298 01b2 21       		.byte	0x21
 299 01b3 A8030000 		.4byte	0x3a8
 300 01b7 38       		.byte	0x38
 301 01b8 09       		.uleb128 0x9
 302 01b9 36040000 		.4byte	.LASF32
 303 01bd 06       		.byte	0x6
 304 01be BB       		.byte	0xbb
 305 01bf 22       		.byte	0x22
 306 01c0 DC0A0000 		.4byte	0xadc
 307 01c4 40       		.byte	0x40
 308 01c5 09       		.uleb128 0x9
 309 01c6 1F000000 		.4byte	.LASF33
 310 01ca 06       		.byte	0x6
 311 01cb C0       		.byte	0xc0
 312 01cc 22       		.byte	0x22
 313 01cd 40030000 		.4byte	0x340
 314 01d1 44       		.byte	0x44
 315 01d2 09       		.uleb128 0x9
 316 01d3 C8060000 		.4byte	.LASF34
 317 01d7 06       		.byte	0x6
 318 01d8 C9       		.byte	0xc9
 319 01d9 22       		.byte	0x22
 320 01da 26090000 		.4byte	0x926
 321 01de 48       		.byte	0x48
 322 01df 09       		.uleb128 0x9
 323 01e0 250E0000 		.4byte	.LASF35
 324 01e4 06       		.byte	0x6
 325 01e5 CE       		.byte	0xce
 326 01e6 21       		.byte	0x21
 327 01e7 18010000 		.4byte	0x118
 328 01eb 4C       		.byte	0x4c
 329 01ec 09       		.uleb128 0x9
 330 01ed 70000000 		.4byte	.LASF36
 331 01f1 06       		.byte	0x6
 332 01f2 D2       		.byte	0xd2
 333 01f3 21       		.byte	0x21
 334 01f4 0C010000 		.4byte	0x10c
 335 01f8 4D       		.byte	0x4d
 336 01f9 09       		.uleb128 0x9
 337 01fa 3F010000 		.4byte	.LASF37
 338 01fe 06       		.byte	0x6
 339 01ff D7       		.byte	0xd7
 340 0200 21       		.byte	0x21
 341 0201 24010000 		.4byte	0x124
 342 0205 4E       		.byte	0x4e
ARM GAS  C:\Users\angio\AppData\Local\Temp\ccrvFn2X.s 			page 7


 343 0206 0A       		.uleb128 0xa
 344 0207 7500     		.ascii	"u\000"
 345 0209 06       		.byte	0x6
 346 020a 2801     		.2byte	0x128
 347 020c 21       		.byte	0x21
 348 020d FD090000 		.4byte	0x9fd
 349 0211 50       		.byte	0x50
 350 0212 0B       		.uleb128 0xb
 351 0213 ED0D0000 		.4byte	.LASF38
 352 0217 06       		.byte	0x6
 353 0218 2D01     		.2byte	0x12d
 354 021a 21       		.byte	0x21
 355 021b 7B030000 		.4byte	0x37b
 356 021f 54       		.byte	0x54
 357 0220 0B       		.uleb128 0xb
 358 0221 990F0000 		.4byte	.LASF39
 359 0225 06       		.byte	0x6
 360 0226 3301     		.2byte	0x133
 361 0228 21       		.byte	0x21
 362 0229 A8030000 		.4byte	0x3a8
 363 022d 58       		.byte	0x58
 364 022e 0B       		.uleb128 0xb
 365 022f C7000000 		.4byte	.LASF40
 366 0233 06       		.byte	0x6
 367 0234 3901     		.2byte	0x139
 368 0236 21       		.byte	0x21
 369 0237 48010000 		.4byte	0x148
 370 023b 60       		.byte	0x60
 371 023c 0B       		.uleb128 0xb
 372 023d 5B040000 		.4byte	.LASF41
 373 0241 06       		.byte	0x6
 374 0242 4001     		.2byte	0x140
 375 0244 22       		.byte	0x22
 376 0245 D60A0000 		.4byte	0xad6
 377 0249 64       		.byte	0x64
 378 024a 0B       		.uleb128 0xb
 379 024b 920E0000 		.4byte	.LASF42
 380 024f 06       		.byte	0x6
 381 0250 4401     		.2byte	0x144
 382 0252 21       		.byte	0x21
 383 0253 30010000 		.4byte	0x130
 384 0257 68       		.byte	0x68
 385 0258 0B       		.uleb128 0xb
 386 0259 BB0F0000 		.4byte	.LASF43
 387 025d 06       		.byte	0x6
 388 025e 4B01     		.2byte	0x14b
 389 0260 22       		.byte	0x22
 390 0261 2C090000 		.4byte	0x92c
 391 0265 6C       		.byte	0x6c
 392 0266 00       		.byte	0
 393 0267 03       		.uleb128 0x3
 394 0268 4A0E0000 		.4byte	.LASF44
 395 026c 05       		.byte	0x5
 396 026d 8A       		.byte	0x8a
 397 026e 1F       		.byte	0x1f
 398 026f 73020000 		.4byte	0x273
 399 0273 0C       		.uleb128 0xc
ARM GAS  C:\Users\angio\AppData\Local\Temp\ccrvFn2X.s 			page 8


 400 0274 8E070000 		.4byte	.LASF46
 401 0278 B0       		.byte	0xb0
 402 0279 06       		.byte	0x6
 403 027a 8A01     		.2byte	0x18a
 404 027c 08       		.byte	0x8
 405 027d F2020000 		.4byte	0x2f2
 406 0281 0B       		.uleb128 0xb
 407 0282 630B0000 		.4byte	.LASF47
 408 0286 06       		.byte	0x6
 409 0287 8E01     		.2byte	0x18e
 410 0289 21       		.byte	0x21
 411 028a 0D0B0000 		.4byte	0xb0d
 412 028e 00       		.byte	0
 413 028f 0B       		.uleb128 0xb
 414 0290 6F010000 		.4byte	.LASF48
 415 0294 06       		.byte	0x6
 416 0295 9201     		.2byte	0x192
 417 0297 21       		.byte	0x21
 418 0298 63090000 		.4byte	0x963
 419 029c 10       		.byte	0x10
 420 029d 0B       		.uleb128 0xb
 421 029e 580E0000 		.4byte	.LASF49
 422 02a2 06       		.byte	0x6
 423 02a3 9901     		.2byte	0x199
 424 02a5 21       		.byte	0x21
 425 02a6 8A090000 		.4byte	0x98a
 426 02aa 28       		.byte	0x28
 427 02ab 0B       		.uleb128 0xb
 428 02ac 00010000 		.4byte	.LASF50
 429 02b0 06       		.byte	0x6
 430 02b1 9E01     		.2byte	0x19e
 431 02b3 21       		.byte	0x21
 432 02b4 6C010000 		.4byte	0x16c
 433 02b8 30       		.byte	0x30
 434 02b9 0B       		.uleb128 0xb
 435 02ba 7A040000 		.4byte	.LASF51
 436 02be 06       		.byte	0x6
 437 02bf A401     		.2byte	0x1a4
 438 02c1 21       		.byte	0x21
 439 02c2 19030000 		.4byte	0x319
 440 02c6 34       		.byte	0x34
 441 02c7 0B       		.uleb128 0xb
 442 02c8 120A0000 		.4byte	.LASF52
 443 02cc 06       		.byte	0x6
 444 02cd A901     		.2byte	0x1a9
 445 02cf 22       		.byte	0x22
 446 02d0 810B0000 		.4byte	0xb81
 447 02d4 38       		.byte	0x38
 448 02d5 0B       		.uleb128 0xb
 449 02d6 7C090000 		.4byte	.LASF53
 450 02da 06       		.byte	0x6
 451 02db AD01     		.2byte	0x1ad
 452 02dd 21       		.byte	0x21
 453 02de 78010000 		.4byte	0x178
 454 02e2 3C       		.byte	0x3c
 455 02e3 0A       		.uleb128 0xa
 456 02e4 64626700 		.ascii	"dbg\000"
ARM GAS  C:\Users\angio\AppData\Local\Temp\ccrvFn2X.s 			page 9


 457 02e8 06       		.byte	0x6
 458 02e9 B101     		.2byte	0x1b1
 459 02eb 21       		.byte	0x21
 460 02ec 57030000 		.4byte	0x357
 461 02f0 AC       		.byte	0xac
 462 02f1 00       		.byte	0
 463 02f2 03       		.uleb128 0x3
 464 02f3 A1060000 		.4byte	.LASF54
 465 02f7 07       		.byte	0x7
 466 02f8 3F       		.byte	0x3f
 467 02f9 12       		.byte	0x12
 468 02fa CD000000 		.4byte	0xcd
 469 02fe 07       		.uleb128 0x7
 470 02ff 85050000 		.4byte	.LASF55
 471 0303 04       		.byte	0x4
 472 0304 07       		.byte	0x7
 473 0305 44       		.byte	0x44
 474 0306 10       		.byte	0x10
 475 0307 19030000 		.4byte	0x319
 476 030b 09       		.uleb128 0x9
 477 030c CD080000 		.4byte	.LASF56
 478 0310 07       		.byte	0x7
 479 0311 48       		.byte	0x48
 480 0312 21       		.byte	0x21
 481 0313 F2020000 		.4byte	0x2f2
 482 0317 00       		.byte	0
 483 0318 00       		.byte	0
 484 0319 03       		.uleb128 0x3
 485 031a 2A0D0000 		.4byte	.LASF57
 486 031e 07       		.byte	0x7
 487 031f 49       		.byte	0x49
 488 0320 03       		.byte	0x3
 489 0321 FE020000 		.4byte	0x2fe
 490 0325 07       		.uleb128 0x7
 491 0326 67020000 		.4byte	.LASF58
 492 032a 04       		.byte	0x4
 493 032b 08       		.byte	0x8
 494 032c 3E       		.byte	0x3e
 495 032d 10       		.byte	0x10
 496 032e 40030000 		.4byte	0x340
 497 0332 09       		.uleb128 0x9
 498 0333 23090000 		.4byte	.LASF59
 499 0337 08       		.byte	0x8
 500 0338 46       		.byte	0x46
 501 0339 24       		.byte	0x24
 502 033a 46030000 		.4byte	0x346
 503 033e 00       		.byte	0
 504 033f 00       		.byte	0
 505 0340 0D       		.uleb128 0xd
 506 0341 04       		.byte	0x4
 507 0342 52030000 		.4byte	0x352
 508 0346 04       		.uleb128 0x4
 509 0347 40030000 		.4byte	0x340
 510 034b 05       		.uleb128 0x5
 511 034c 01       		.byte	0x1
 512 034d 08       		.byte	0x8
 513 034e 8C060000 		.4byte	.LASF60
ARM GAS  C:\Users\angio\AppData\Local\Temp\ccrvFn2X.s 			page 10


 514 0352 06       		.uleb128 0x6
 515 0353 4B030000 		.4byte	0x34b
 516 0357 03       		.uleb128 0x3
 517 0358 CF070000 		.4byte	.LASF61
 518 035c 08       		.byte	0x8
 519 035d 51       		.byte	0x51
 520 035e 03       		.byte	0x3
 521 035f 25030000 		.4byte	0x325
 522 0363 03       		.uleb128 0x3
 523 0364 76000000 		.4byte	.LASF62
 524 0368 09       		.byte	0x9
 525 0369 6D       		.byte	0x6d
 526 036a 12       		.byte	0x12
 527 036b CD000000 		.4byte	0xcd
 528 036f 03       		.uleb128 0x3
 529 0370 F70B0000 		.4byte	.LASF63
 530 0374 09       		.byte	0x9
 531 0375 79       		.byte	0x79
 532 0376 12       		.byte	0x12
 533 0377 CD000000 		.4byte	0xcd
 534 037b 03       		.uleb128 0x3
 535 037c D7090000 		.4byte	.LASF64
 536 0380 0A       		.byte	0xa
 537 0381 32       		.byte	0x32
 538 0382 18       		.byte	0x18
 539 0383 87030000 		.4byte	0x387
 540 0387 07       		.uleb128 0x7
 541 0388 DB020000 		.4byte	.LASF65
 542 038c 04       		.byte	0x4
 543 038d 0A       		.byte	0xa
 544 038e 38       		.byte	0x38
 545 038f 08       		.byte	0x8
 546 0390 A2030000 		.4byte	0x3a2
 547 0394 09       		.uleb128 0x9
 548 0395 DD000000 		.4byte	.LASF66
 549 0399 0A       		.byte	0xa
 550 039a 39       		.byte	0x39
 551 039b 1A       		.byte	0x1a
 552 039c A2030000 		.4byte	0x3a2
 553 03a0 00       		.byte	0
 554 03a1 00       		.byte	0
 555 03a2 0D       		.uleb128 0xd
 556 03a3 04       		.byte	0x4
 557 03a4 7B030000 		.4byte	0x37b
 558 03a8 03       		.uleb128 0x3
 559 03a9 0B090000 		.4byte	.LASF67
 560 03ad 0A       		.byte	0xa
 561 03ae 3F       		.byte	0x3f
 562 03af 19       		.byte	0x19
 563 03b0 B4030000 		.4byte	0x3b4
 564 03b4 07       		.uleb128 0x7
 565 03b5 6D0D0000 		.4byte	.LASF68
 566 03b9 08       		.byte	0x8
 567 03ba 0A       		.byte	0xa
 568 03bb 45       		.byte	0x45
 569 03bc 08       		.byte	0x8
 570 03bd DC030000 		.4byte	0x3dc
ARM GAS  C:\Users\angio\AppData\Local\Temp\ccrvFn2X.s 			page 11


 571 03c1 09       		.uleb128 0x9
 572 03c2 DD000000 		.4byte	.LASF66
 573 03c6 0A       		.byte	0xa
 574 03c7 46       		.byte	0x46
 575 03c8 1A       		.byte	0x1a
 576 03c9 DC030000 		.4byte	0x3dc
 577 03cd 00       		.byte	0
 578 03ce 09       		.uleb128 0x9
 579 03cf AC010000 		.4byte	.LASF69
 580 03d3 0A       		.byte	0xa
 581 03d4 47       		.byte	0x47
 582 03d5 1A       		.byte	0x1a
 583 03d6 DC030000 		.4byte	0x3dc
 584 03da 04       		.byte	0x4
 585 03db 00       		.byte	0
 586 03dc 0D       		.uleb128 0xd
 587 03dd 04       		.byte	0x4
 588 03de A8030000 		.4byte	0x3a8
 589 03e2 03       		.uleb128 0x3
 590 03e3 01050000 		.4byte	.LASF70
 591 03e7 0A       		.byte	0xa
 592 03e8 4E       		.byte	0x4e
 593 03e9 22       		.byte	0x22
 594 03ea EE030000 		.4byte	0x3ee
 595 03ee 07       		.uleb128 0x7
 596 03ef 380D0000 		.4byte	.LASF71
 597 03f3 0C       		.byte	0xc
 598 03f4 0A       		.byte	0xa
 599 03f5 55       		.byte	0x55
 600 03f6 08       		.byte	0x8
 601 03f7 23040000 		.4byte	0x423
 602 03fb 09       		.uleb128 0x9
 603 03fc DD000000 		.4byte	.LASF66
 604 0400 0A       		.byte	0xa
 605 0401 56       		.byte	0x56
 606 0402 1A       		.byte	0x1a
 607 0403 23040000 		.4byte	0x423
 608 0407 00       		.byte	0
 609 0408 09       		.uleb128 0x9
 610 0409 AC010000 		.4byte	.LASF69
 611 040d 0A       		.byte	0xa
 612 040e 57       		.byte	0x57
 613 040f 1A       		.byte	0x1a
 614 0410 23040000 		.4byte	0x423
 615 0414 04       		.byte	0x4
 616 0415 09       		.uleb128 0x9
 617 0416 61060000 		.4byte	.LASF72
 618 041a 0A       		.byte	0xa
 619 041b 58       		.byte	0x58
 620 041c 19       		.byte	0x19
 621 041d 30010000 		.4byte	0x130
 622 0421 08       		.byte	0x8
 623 0422 00       		.byte	0
 624 0423 0D       		.uleb128 0xd
 625 0424 04       		.byte	0x4
 626 0425 E2030000 		.4byte	0x3e2
 627 0429 03       		.uleb128 0x3
ARM GAS  C:\Users\angio\AppData\Local\Temp\ccrvFn2X.s 			page 12


 628 042a 91060000 		.4byte	.LASF73
 629 042e 0A       		.byte	0xa
 630 042f 5F       		.byte	0x5f
 631 0430 1E       		.byte	0x1e
 632 0431 35040000 		.4byte	0x435
 633 0435 07       		.uleb128 0x7
 634 0436 A6090000 		.4byte	.LASF74
 635 043a 0C       		.byte	0xc
 636 043b 0A       		.byte	0xa
 637 043c 64       		.byte	0x64
 638 043d 08       		.byte	0x8
 639 043e 6A040000 		.4byte	0x46a
 640 0442 09       		.uleb128 0x9
 641 0443 DD000000 		.4byte	.LASF66
 642 0447 0A       		.byte	0xa
 643 0448 65       		.byte	0x65
 644 0449 1A       		.byte	0x1a
 645 044a 6A040000 		.4byte	0x46a
 646 044e 00       		.byte	0
 647 044f 09       		.uleb128 0x9
 648 0450 AC010000 		.4byte	.LASF69
 649 0454 0A       		.byte	0xa
 650 0455 66       		.byte	0x66
 651 0456 1A       		.byte	0x1a
 652 0457 6A040000 		.4byte	0x46a
 653 045b 04       		.byte	0x4
 654 045c 09       		.uleb128 0x9
 655 045d A70E0000 		.4byte	.LASF75
 656 0461 0A       		.byte	0xa
 657 0462 67       		.byte	0x67
 658 0463 19       		.byte	0x19
 659 0464 6F030000 		.4byte	0x36f
 660 0468 08       		.byte	0x8
 661 0469 00       		.byte	0
 662 046a 0D       		.uleb128 0xd
 663 046b 04       		.byte	0x4
 664 046c 29040000 		.4byte	0x429
 665 0470 0E       		.uleb128 0xe
 666 0471 8C       		.byte	0x8c
 667 0472 0B       		.byte	0xb
 668 0473 B801     		.2byte	0x1b8
 669 0475 09       		.byte	0x9
 670 0476 A1050000 		.4byte	0x5a1
 671 047a 0B       		.uleb128 0xb
 672 047b 2B050000 		.4byte	.LASF76
 673 047f 0B       		.byte	0xb
 674 0480 BA01     		.2byte	0x1ba
 675 0482 12       		.byte	0x12
 676 0483 DE000000 		.4byte	0xde
 677 0487 00       		.byte	0
 678 0488 0B       		.uleb128 0xb
 679 0489 F20B0000 		.4byte	.LASF77
 680 048d 0B       		.byte	0xb
 681 048e BB01     		.2byte	0x1bb
 682 0490 12       		.byte	0x12
 683 0491 D9000000 		.4byte	0xd9
 684 0495 04       		.byte	0x4
ARM GAS  C:\Users\angio\AppData\Local\Temp\ccrvFn2X.s 			page 13


 685 0496 0B       		.uleb128 0xb
 686 0497 C70B0000 		.4byte	.LASF78
 687 049b 0B       		.byte	0xb
 688 049c BC01     		.2byte	0x1bc
 689 049e 12       		.byte	0x12
 690 049f D9000000 		.4byte	0xd9
 691 04a3 08       		.byte	0x8
 692 04a4 0B       		.uleb128 0xb
 693 04a5 07070000 		.4byte	.LASF79
 694 04a9 0B       		.byte	0xb
 695 04aa BD01     		.2byte	0x1bd
 696 04ac 12       		.byte	0x12
 697 04ad D9000000 		.4byte	0xd9
 698 04b1 0C       		.byte	0xc
 699 04b2 0A       		.uleb128 0xa
 700 04b3 53435200 		.ascii	"SCR\000"
 701 04b7 0B       		.byte	0xb
 702 04b8 BE01     		.2byte	0x1be
 703 04ba 12       		.byte	0x12
 704 04bb D9000000 		.4byte	0xd9
 705 04bf 10       		.byte	0x10
 706 04c0 0A       		.uleb128 0xa
 707 04c1 43435200 		.ascii	"CCR\000"
 708 04c5 0B       		.byte	0xb
 709 04c6 BF01     		.2byte	0x1bf
 710 04c8 12       		.byte	0x12
 711 04c9 D9000000 		.4byte	0xd9
 712 04cd 14       		.byte	0x14
 713 04ce 0A       		.uleb128 0xa
 714 04cf 53485000 		.ascii	"SHP\000"
 715 04d3 0B       		.byte	0xb
 716 04d4 C001     		.2byte	0x1c0
 717 04d6 12       		.byte	0x12
 718 04d7 B1050000 		.4byte	0x5b1
 719 04db 18       		.byte	0x18
 720 04dc 0B       		.uleb128 0xb
 721 04dd F9070000 		.4byte	.LASF80
 722 04e1 0B       		.byte	0xb
 723 04e2 C101     		.2byte	0x1c1
 724 04e4 12       		.byte	0x12
 725 04e5 D9000000 		.4byte	0xd9
 726 04e9 24       		.byte	0x24
 727 04ea 0B       		.uleb128 0xb
 728 04eb 37080000 		.4byte	.LASF81
 729 04ef 0B       		.byte	0xb
 730 04f0 C201     		.2byte	0x1c2
 731 04f2 12       		.byte	0x12
 732 04f3 D9000000 		.4byte	0xd9
 733 04f7 28       		.byte	0x28
 734 04f8 0B       		.uleb128 0xb
 735 04f9 5C060000 		.4byte	.LASF82
 736 04fd 0B       		.byte	0xb
 737 04fe C301     		.2byte	0x1c3
 738 0500 12       		.byte	0x12
 739 0501 D9000000 		.4byte	0xd9
 740 0505 2C       		.byte	0x2c
 741 0506 0B       		.uleb128 0xb
ARM GAS  C:\Users\angio\AppData\Local\Temp\ccrvFn2X.s 			page 14


 742 0507 08010000 		.4byte	.LASF83
 743 050b 0B       		.byte	0xb
 744 050c C401     		.2byte	0x1c4
 745 050e 12       		.byte	0x12
 746 050f D9000000 		.4byte	0xd9
 747 0513 30       		.byte	0x30
 748 0514 0B       		.uleb128 0xb
 749 0515 460F0000 		.4byte	.LASF84
 750 0519 0B       		.byte	0xb
 751 051a C501     		.2byte	0x1c5
 752 051c 12       		.byte	0x12
 753 051d D9000000 		.4byte	0xd9
 754 0521 34       		.byte	0x34
 755 0522 0B       		.uleb128 0xb
 756 0523 B80B0000 		.4byte	.LASF85
 757 0527 0B       		.byte	0xb
 758 0528 C601     		.2byte	0x1c6
 759 052a 12       		.byte	0x12
 760 052b D9000000 		.4byte	0xd9
 761 052f 38       		.byte	0x38
 762 0530 0B       		.uleb128 0xb
 763 0531 7A0F0000 		.4byte	.LASF86
 764 0535 0B       		.byte	0xb
 765 0536 C701     		.2byte	0x1c7
 766 0538 12       		.byte	0x12
 767 0539 D9000000 		.4byte	0xd9
 768 053d 3C       		.byte	0x3c
 769 053e 0A       		.uleb128 0xa
 770 053f 50465200 		.ascii	"PFR\000"
 771 0543 0B       		.byte	0xb
 772 0544 C801     		.2byte	0x1c8
 773 0546 12       		.byte	0x12
 774 0547 CB050000 		.4byte	0x5cb
 775 054b 40       		.byte	0x40
 776 054c 0A       		.uleb128 0xa
 777 054d 44465200 		.ascii	"DFR\000"
 778 0551 0B       		.byte	0xb
 779 0552 C901     		.2byte	0x1c9
 780 0554 12       		.byte	0x12
 781 0555 DE000000 		.4byte	0xde
 782 0559 48       		.byte	0x48
 783 055a 0A       		.uleb128 0xa
 784 055b 41445200 		.ascii	"ADR\000"
 785 055f 0B       		.byte	0xb
 786 0560 CA01     		.2byte	0x1ca
 787 0562 12       		.byte	0x12
 788 0563 DE000000 		.4byte	0xde
 789 0567 4C       		.byte	0x4c
 790 0568 0B       		.uleb128 0xb
 791 0569 C2020000 		.4byte	.LASF87
 792 056d 0B       		.byte	0xb
 793 056e CB01     		.2byte	0x1cb
 794 0570 12       		.byte	0x12
 795 0571 E5050000 		.4byte	0x5e5
 796 0575 50       		.byte	0x50
 797 0576 0B       		.uleb128 0xb
 798 0577 600E0000 		.4byte	.LASF88
ARM GAS  C:\Users\angio\AppData\Local\Temp\ccrvFn2X.s 			page 15


 799 057b 0B       		.byte	0xb
 800 057c CC01     		.2byte	0x1cc
 801 057e 12       		.byte	0x12
 802 057f FF050000 		.4byte	0x5ff
 803 0583 60       		.byte	0x60
 804 0584 0B       		.uleb128 0xb
 805 0585 210A0000 		.4byte	.LASF89
 806 0589 0B       		.byte	0xb
 807 058a CD01     		.2byte	0x1cd
 808 058c 12       		.byte	0x12
 809 058d 04060000 		.4byte	0x604
 810 0591 74       		.byte	0x74
 811 0592 0B       		.uleb128 0xb
 812 0593 B50F0000 		.4byte	.LASF90
 813 0597 0B       		.byte	0xb
 814 0598 CE01     		.2byte	0x1ce
 815 059a 12       		.byte	0x12
 816 059b D9000000 		.4byte	0xd9
 817 059f 88       		.byte	0x88
 818 05a0 00       		.byte	0
 819 05a1 0F       		.uleb128 0xf
 820 05a2 B7000000 		.4byte	0xb7
 821 05a6 B1050000 		.4byte	0x5b1
 822 05aa 10       		.uleb128 0x10
 823 05ab 35000000 		.4byte	0x35
 824 05af 0B       		.byte	0xb
 825 05b0 00       		.byte	0
 826 05b1 04       		.uleb128 0x4
 827 05b2 A1050000 		.4byte	0x5a1
 828 05b6 0F       		.uleb128 0xf
 829 05b7 DE000000 		.4byte	0xde
 830 05bb C6050000 		.4byte	0x5c6
 831 05bf 10       		.uleb128 0x10
 832 05c0 35000000 		.4byte	0x35
 833 05c4 01       		.byte	0x1
 834 05c5 00       		.byte	0
 835 05c6 06       		.uleb128 0x6
 836 05c7 B6050000 		.4byte	0x5b6
 837 05cb 04       		.uleb128 0x4
 838 05cc C6050000 		.4byte	0x5c6
 839 05d0 0F       		.uleb128 0xf
 840 05d1 DE000000 		.4byte	0xde
 841 05d5 E0050000 		.4byte	0x5e0
 842 05d9 10       		.uleb128 0x10
 843 05da 35000000 		.4byte	0x35
 844 05de 03       		.byte	0x3
 845 05df 00       		.byte	0
 846 05e0 06       		.uleb128 0x6
 847 05e1 D0050000 		.4byte	0x5d0
 848 05e5 04       		.uleb128 0x4
 849 05e6 E0050000 		.4byte	0x5e0
 850 05ea 0F       		.uleb128 0xf
 851 05eb DE000000 		.4byte	0xde
 852 05ef FA050000 		.4byte	0x5fa
 853 05f3 10       		.uleb128 0x10
 854 05f4 35000000 		.4byte	0x35
 855 05f8 04       		.byte	0x4
ARM GAS  C:\Users\angio\AppData\Local\Temp\ccrvFn2X.s 			page 16


 856 05f9 00       		.byte	0
 857 05fa 06       		.uleb128 0x6
 858 05fb EA050000 		.4byte	0x5ea
 859 05ff 04       		.uleb128 0x4
 860 0600 FA050000 		.4byte	0x5fa
 861 0604 0F       		.uleb128 0xf
 862 0605 CD000000 		.4byte	0xcd
 863 0609 14060000 		.4byte	0x614
 864 060d 10       		.uleb128 0x10
 865 060e 35000000 		.4byte	0x35
 866 0612 04       		.byte	0x4
 867 0613 00       		.byte	0
 868 0614 11       		.uleb128 0x11
 869 0615 AA0B0000 		.4byte	.LASF91
 870 0619 0B       		.byte	0xb
 871 061a CF01     		.2byte	0x1cf
 872 061c 03       		.byte	0x3
 873 061d 70040000 		.4byte	0x470
 874 0621 0F       		.uleb128 0xf
 875 0622 D9000000 		.4byte	0xd9
 876 0626 31060000 		.4byte	0x631
 877 062a 10       		.uleb128 0x10
 878 062b 35000000 		.4byte	0x35
 879 062f 01       		.byte	0x1
 880 0630 00       		.byte	0
 881 0631 04       		.uleb128 0x4
 882 0632 21060000 		.4byte	0x621
 883 0636 0E       		.uleb128 0xe
 884 0637 38       		.byte	0x38
 885 0638 0C       		.byte	0xc
 886 0639 B301     		.2byte	0x1b3
 887 063b 09       		.byte	0x9
 888 063c 05070000 		.4byte	0x705
 889 0640 0B       		.uleb128 0xb
 890 0641 080A0000 		.4byte	.LASF92
 891 0645 0C       		.byte	0xc
 892 0646 B501     		.2byte	0x1b5
 893 0648 11       		.byte	0x11
 894 0649 D9000000 		.4byte	0xd9
 895 064d 00       		.byte	0
 896 064e 0B       		.uleb128 0xb
 897 064f 68050000 		.4byte	.LASF93
 898 0653 0C       		.byte	0xc
 899 0654 B601     		.2byte	0x1b6
 900 0656 11       		.byte	0x11
 901 0657 D9000000 		.4byte	0xd9
 902 065b 04       		.byte	0x4
 903 065c 0B       		.uleb128 0xb
 904 065d 8F020000 		.4byte	.LASF94
 905 0661 0C       		.byte	0xc
 906 0662 B701     		.2byte	0x1b7
 907 0664 11       		.byte	0x11
 908 0665 D9000000 		.4byte	0xd9
 909 0669 08       		.byte	0x8
 910 066a 0B       		.uleb128 0xb
 911 066b 42070000 		.4byte	.LASF95
 912 066f 0C       		.byte	0xc
ARM GAS  C:\Users\angio\AppData\Local\Temp\ccrvFn2X.s 			page 17


 913 0670 B801     		.2byte	0x1b8
 914 0672 11       		.byte	0x11
 915 0673 D9000000 		.4byte	0xd9
 916 0677 0C       		.byte	0xc
 917 0678 0B       		.uleb128 0xb
 918 0679 F9060000 		.4byte	.LASF96
 919 067d 0C       		.byte	0xc
 920 067e B901     		.2byte	0x1b9
 921 0680 11       		.byte	0x11
 922 0681 D9000000 		.4byte	0xd9
 923 0685 10       		.byte	0x10
 924 0686 0A       		.uleb128 0xa
 925 0687 50523100 		.ascii	"PR1\000"
 926 068b 0C       		.byte	0xc
 927 068c BA01     		.2byte	0x1ba
 928 068e 11       		.byte	0x11
 929 068f D9000000 		.4byte	0xd9
 930 0693 14       		.byte	0x14
 931 0694 0B       		.uleb128 0xb
 932 0695 2B0A0000 		.4byte	.LASF97
 933 0699 0C       		.byte	0xc
 934 069a BB01     		.2byte	0x1bb
 935 069c 11       		.byte	0x11
 936 069d CD000000 		.4byte	0xcd
 937 06a1 18       		.byte	0x18
 938 06a2 0B       		.uleb128 0xb
 939 06a3 3C0F0000 		.4byte	.LASF98
 940 06a7 0C       		.byte	0xc
 941 06a8 BC01     		.2byte	0x1bc
 942 06aa 11       		.byte	0x11
 943 06ab CD000000 		.4byte	0xcd
 944 06af 1C       		.byte	0x1c
 945 06b0 0B       		.uleb128 0xb
 946 06b1 0D0A0000 		.4byte	.LASF99
 947 06b5 0C       		.byte	0xc
 948 06b6 BD01     		.2byte	0x1bd
 949 06b8 11       		.byte	0x11
 950 06b9 D9000000 		.4byte	0xd9
 951 06bd 20       		.byte	0x20
 952 06be 0B       		.uleb128 0xb
 953 06bf 6D050000 		.4byte	.LASF100
 954 06c3 0C       		.byte	0xc
 955 06c4 BE01     		.2byte	0x1be
 956 06c6 11       		.byte	0x11
 957 06c7 D9000000 		.4byte	0xd9
 958 06cb 24       		.byte	0x24
 959 06cc 0B       		.uleb128 0xb
 960 06cd 440E0000 		.4byte	.LASF101
 961 06d1 0C       		.byte	0xc
 962 06d2 BF01     		.2byte	0x1bf
 963 06d4 11       		.byte	0x11
 964 06d5 D9000000 		.4byte	0xd9
 965 06d9 28       		.byte	0x28
 966 06da 0B       		.uleb128 0xb
 967 06db BE050000 		.4byte	.LASF102
 968 06df 0C       		.byte	0xc
 969 06e0 C001     		.2byte	0x1c0
ARM GAS  C:\Users\angio\AppData\Local\Temp\ccrvFn2X.s 			page 18


 970 06e2 11       		.byte	0x11
 971 06e3 D9000000 		.4byte	0xd9
 972 06e7 2C       		.byte	0x2c
 973 06e8 0B       		.uleb128 0xb
 974 06e9 4F050000 		.4byte	.LASF103
 975 06ed 0C       		.byte	0xc
 976 06ee C101     		.2byte	0x1c1
 977 06f0 11       		.byte	0x11
 978 06f1 D9000000 		.4byte	0xd9
 979 06f5 30       		.byte	0x30
 980 06f6 0A       		.uleb128 0xa
 981 06f7 50523200 		.ascii	"PR2\000"
 982 06fb 0C       		.byte	0xc
 983 06fc C201     		.2byte	0x1c2
 984 06fe 11       		.byte	0x11
 985 06ff D9000000 		.4byte	0xd9
 986 0703 34       		.byte	0x34
 987 0704 00       		.byte	0
 988 0705 11       		.uleb128 0x11
 989 0706 73080000 		.4byte	.LASF104
 990 070a 0C       		.byte	0xc
 991 070b C301     		.2byte	0x1c3
 992 070d 03       		.byte	0x3
 993 070e 36060000 		.4byte	0x636
 994 0712 0F       		.uleb128 0xf
 995 0713 D9000000 		.4byte	0xd9
 996 0717 22070000 		.4byte	0x722
 997 071b 10       		.uleb128 0x10
 998 071c 35000000 		.4byte	0x35
 999 0720 03       		.byte	0x3
 1000 0721 00       		.byte	0
 1001 0722 04       		.uleb128 0x4
 1002 0723 12070000 		.4byte	0x712
 1003 0727 0E       		.uleb128 0xe
 1004 0728 30       		.byte	0x30
 1005 0729 0C       		.byte	0xc
 1006 072a 8303     		.2byte	0x383
 1007 072c 09       		.byte	0x9
 1008 072d DA070000 		.4byte	0x7da
 1009 0731 0A       		.uleb128 0xa
 1010 0732 43523100 		.ascii	"CR1\000"
 1011 0736 0C       		.byte	0xc
 1012 0737 8503     		.2byte	0x385
 1013 0739 11       		.byte	0x11
 1014 073a D9000000 		.4byte	0xd9
 1015 073e 00       		.byte	0
 1016 073f 0A       		.uleb128 0xa
 1017 0740 43523200 		.ascii	"CR2\000"
 1018 0744 0C       		.byte	0xc
 1019 0745 8603     		.2byte	0x386
 1020 0747 11       		.byte	0x11
 1021 0748 D9000000 		.4byte	0xd9
 1022 074c 04       		.byte	0x4
 1023 074d 0A       		.uleb128 0xa
 1024 074e 43523300 		.ascii	"CR3\000"
 1025 0752 0C       		.byte	0xc
 1026 0753 8703     		.2byte	0x387
ARM GAS  C:\Users\angio\AppData\Local\Temp\ccrvFn2X.s 			page 19


 1027 0755 11       		.byte	0x11
 1028 0756 D9000000 		.4byte	0xd9
 1029 075a 08       		.byte	0x8
 1030 075b 0A       		.uleb128 0xa
 1031 075c 42525200 		.ascii	"BRR\000"
 1032 0760 0C       		.byte	0xc
 1033 0761 8803     		.2byte	0x388
 1034 0763 11       		.byte	0x11
 1035 0764 D9000000 		.4byte	0xd9
 1036 0768 0C       		.byte	0xc
 1037 0769 0B       		.uleb128 0xb
 1038 076a 77020000 		.4byte	.LASF105
 1039 076e 0C       		.byte	0xc
 1040 076f 8903     		.2byte	0x389
 1041 0771 11       		.byte	0x11
 1042 0772 D9000000 		.4byte	0xd9
 1043 0776 10       		.byte	0x10
 1044 0777 0B       		.uleb128 0xb
 1045 0778 6A070000 		.4byte	.LASF106
 1046 077c 0C       		.byte	0xc
 1047 077d 8A03     		.2byte	0x38a
 1048 077f 11       		.byte	0x11
 1049 0780 D9000000 		.4byte	0xd9
 1050 0784 14       		.byte	0x14
 1051 0785 0A       		.uleb128 0xa
 1052 0786 52515200 		.ascii	"RQR\000"
 1053 078a 0C       		.byte	0xc
 1054 078b 8B03     		.2byte	0x38b
 1055 078d 11       		.byte	0x11
 1056 078e D9000000 		.4byte	0xd9
 1057 0792 18       		.byte	0x18
 1058 0793 0A       		.uleb128 0xa
 1059 0794 49535200 		.ascii	"ISR\000"
 1060 0798 0C       		.byte	0xc
 1061 0799 8C03     		.2byte	0x38c
 1062 079b 11       		.byte	0x11
 1063 079c D9000000 		.4byte	0xd9
 1064 07a0 1C       		.byte	0x1c
 1065 07a1 0A       		.uleb128 0xa
 1066 07a2 49435200 		.ascii	"ICR\000"
 1067 07a6 0C       		.byte	0xc
 1068 07a7 8D03     		.2byte	0x38d
 1069 07a9 11       		.byte	0x11
 1070 07aa D9000000 		.4byte	0xd9
 1071 07ae 20       		.byte	0x20
 1072 07af 0A       		.uleb128 0xa
 1073 07b0 52445200 		.ascii	"RDR\000"
 1074 07b4 0C       		.byte	0xc
 1075 07b5 8E03     		.2byte	0x38e
 1076 07b7 11       		.byte	0x11
 1077 07b8 D9000000 		.4byte	0xd9
 1078 07bc 24       		.byte	0x24
 1079 07bd 0A       		.uleb128 0xa
 1080 07be 54445200 		.ascii	"TDR\000"
 1081 07c2 0C       		.byte	0xc
 1082 07c3 8F03     		.2byte	0x38f
 1083 07c5 11       		.byte	0x11
ARM GAS  C:\Users\angio\AppData\Local\Temp\ccrvFn2X.s 			page 20


 1084 07c6 D9000000 		.4byte	0xd9
 1085 07ca 28       		.byte	0x28
 1086 07cb 0B       		.uleb128 0xb
 1087 07cc B7030000 		.4byte	.LASF107
 1088 07d0 0C       		.byte	0xc
 1089 07d1 9003     		.2byte	0x390
 1090 07d3 11       		.byte	0x11
 1091 07d4 D9000000 		.4byte	0xd9
 1092 07d8 2C       		.byte	0x2c
 1093 07d9 00       		.byte	0
 1094 07da 11       		.uleb128 0x11
 1095 07db B0050000 		.4byte	.LASF108
 1096 07df 0C       		.byte	0xc
 1097 07e0 9103     		.2byte	0x391
 1098 07e2 03       		.byte	0x3
 1099 07e3 27070000 		.4byte	0x727
 1100 07e7 0C       		.uleb128 0xc
 1101 07e8 60090000 		.4byte	.LASF109
 1102 07ec 20       		.byte	0x20
 1103 07ed 0D       		.byte	0xd
 1104 07ee 9301     		.2byte	0x193
 1105 07f0 08       		.byte	0x8
 1106 07f1 61080000 		.4byte	0x861
 1107 07f5 0A       		.uleb128 0xa
 1108 07f6 723000   		.ascii	"r0\000"
 1109 07f9 0D       		.byte	0xd
 1110 07fa 9401     		.2byte	0x194
 1111 07fc 19       		.byte	0x19
 1112 07fd CD000000 		.4byte	0xcd
 1113 0801 00       		.byte	0
 1114 0802 0A       		.uleb128 0xa
 1115 0803 723100   		.ascii	"r1\000"
 1116 0806 0D       		.byte	0xd
 1117 0807 9501     		.2byte	0x195
 1118 0809 19       		.byte	0x19
 1119 080a CD000000 		.4byte	0xcd
 1120 080e 04       		.byte	0x4
 1121 080f 0A       		.uleb128 0xa
 1122 0810 723200   		.ascii	"r2\000"
 1123 0813 0D       		.byte	0xd
 1124 0814 9601     		.2byte	0x196
 1125 0816 19       		.byte	0x19
 1126 0817 CD000000 		.4byte	0xcd
 1127 081b 08       		.byte	0x8
 1128 081c 0A       		.uleb128 0xa
 1129 081d 723300   		.ascii	"r3\000"
 1130 0820 0D       		.byte	0xd
 1131 0821 9701     		.2byte	0x197
 1132 0823 19       		.byte	0x19
 1133 0824 CD000000 		.4byte	0xcd
 1134 0828 0C       		.byte	0xc
 1135 0829 0A       		.uleb128 0xa
 1136 082a 72313200 		.ascii	"r12\000"
 1137 082e 0D       		.byte	0xd
 1138 082f 9801     		.2byte	0x198
 1139 0831 19       		.byte	0x19
 1140 0832 CD000000 		.4byte	0xcd
ARM GAS  C:\Users\angio\AppData\Local\Temp\ccrvFn2X.s 			page 21


 1141 0836 10       		.byte	0x10
 1142 0837 0B       		.uleb128 0xb
 1143 0838 2B0E0000 		.4byte	.LASF110
 1144 083c 0D       		.byte	0xd
 1145 083d 9901     		.2byte	0x199
 1146 083f 19       		.byte	0x19
 1147 0840 CD000000 		.4byte	0xcd
 1148 0844 14       		.byte	0x14
 1149 0845 0A       		.uleb128 0xa
 1150 0846 706300   		.ascii	"pc\000"
 1151 0849 0D       		.byte	0xd
 1152 084a 9A01     		.2byte	0x19a
 1153 084c 19       		.byte	0x19
 1154 084d CD000000 		.4byte	0xcd
 1155 0851 18       		.byte	0x18
 1156 0852 0B       		.uleb128 0xb
 1157 0853 D70B0000 		.4byte	.LASF111
 1158 0857 0D       		.byte	0xd
 1159 0858 9B01     		.2byte	0x19b
 1160 085a 19       		.byte	0x19
 1161 085b CD000000 		.4byte	0xcd
 1162 085f 1C       		.byte	0x1c
 1163 0860 00       		.byte	0
 1164 0861 0C       		.uleb128 0xc
 1165 0862 780A0000 		.4byte	.LASF112
 1166 0866 28       		.byte	0x28
 1167 0867 0D       		.byte	0xd
 1168 0868 B701     		.2byte	0x1b7
 1169 086a 08       		.byte	0x8
 1170 086b F6080000 		.4byte	0x8f6
 1171 086f 0B       		.uleb128 0xb
 1172 0870 C10F0000 		.4byte	.LASF113
 1173 0874 0D       		.byte	0xd
 1174 0875 B801     		.2byte	0x1b8
 1175 0877 19       		.byte	0x19
 1176 0878 CD000000 		.4byte	0xcd
 1177 087c 00       		.byte	0
 1178 087d 0A       		.uleb128 0xa
 1179 087e 723400   		.ascii	"r4\000"
 1180 0881 0D       		.byte	0xd
 1181 0882 B901     		.2byte	0x1b9
 1182 0884 19       		.byte	0x19
 1183 0885 CD000000 		.4byte	0xcd
 1184 0889 04       		.byte	0x4
 1185 088a 0A       		.uleb128 0xa
 1186 088b 723500   		.ascii	"r5\000"
 1187 088e 0D       		.byte	0xd
 1188 088f BA01     		.2byte	0x1ba
 1189 0891 19       		.byte	0x19
 1190 0892 CD000000 		.4byte	0xcd
 1191 0896 08       		.byte	0x8
 1192 0897 0A       		.uleb128 0xa
 1193 0898 723600   		.ascii	"r6\000"
 1194 089b 0D       		.byte	0xd
 1195 089c BB01     		.2byte	0x1bb
 1196 089e 19       		.byte	0x19
 1197 089f CD000000 		.4byte	0xcd
ARM GAS  C:\Users\angio\AppData\Local\Temp\ccrvFn2X.s 			page 22


 1198 08a3 0C       		.byte	0xc
 1199 08a4 0A       		.uleb128 0xa
 1200 08a5 723700   		.ascii	"r7\000"
 1201 08a8 0D       		.byte	0xd
 1202 08a9 BC01     		.2byte	0x1bc
 1203 08ab 19       		.byte	0x19
 1204 08ac CD000000 		.4byte	0xcd
 1205 08b0 10       		.byte	0x10
 1206 08b1 0A       		.uleb128 0xa
 1207 08b2 723800   		.ascii	"r8\000"
 1208 08b5 0D       		.byte	0xd
 1209 08b6 BD01     		.2byte	0x1bd
 1210 08b8 19       		.byte	0x19
 1211 08b9 CD000000 		.4byte	0xcd
 1212 08bd 14       		.byte	0x14
 1213 08be 0A       		.uleb128 0xa
 1214 08bf 723900   		.ascii	"r9\000"
 1215 08c2 0D       		.byte	0xd
 1216 08c3 BE01     		.2byte	0x1be
 1217 08c5 19       		.byte	0x19
 1218 08c6 CD000000 		.4byte	0xcd
 1219 08ca 18       		.byte	0x18
 1220 08cb 0A       		.uleb128 0xa
 1221 08cc 72313000 		.ascii	"r10\000"
 1222 08d0 0D       		.byte	0xd
 1223 08d1 BF01     		.2byte	0x1bf
 1224 08d3 19       		.byte	0x19
 1225 08d4 CD000000 		.4byte	0xcd
 1226 08d8 1C       		.byte	0x1c
 1227 08d9 0A       		.uleb128 0xa
 1228 08da 72313100 		.ascii	"r11\000"
 1229 08de 0D       		.byte	0xd
 1230 08df C001     		.2byte	0x1c0
 1231 08e1 19       		.byte	0x19
 1232 08e2 CD000000 		.4byte	0xcd
 1233 08e6 20       		.byte	0x20
 1234 08e7 0B       		.uleb128 0xb
 1235 08e8 6C0F0000 		.4byte	.LASF114
 1236 08ec 0D       		.byte	0xd
 1237 08ed C401     		.2byte	0x1c4
 1238 08ef 19       		.byte	0x19
 1239 08f0 CD000000 		.4byte	0xcd
 1240 08f4 24       		.byte	0x24
 1241 08f5 00       		.byte	0
 1242 08f6 0C       		.uleb128 0xc
 1243 08f7 76010000 		.4byte	.LASF115
 1244 08fb 2C       		.byte	0x2c
 1245 08fc 0D       		.byte	0xd
 1246 08fd DF01     		.2byte	0x1df
 1247 08ff 08       		.byte	0x8
 1248 0900 20090000 		.4byte	0x920
 1249 0904 0A       		.uleb128 0xa
 1250 0905 737000   		.ascii	"sp\000"
 1251 0908 0D       		.byte	0xd
 1252 0909 E001     		.2byte	0x1e0
 1253 090b 1A       		.byte	0x1a
 1254 090c 20090000 		.4byte	0x920
ARM GAS  C:\Users\angio\AppData\Local\Temp\ccrvFn2X.s 			page 23


 1255 0910 00       		.byte	0
 1256 0911 0B       		.uleb128 0xb
 1257 0912 0B020000 		.4byte	.LASF116
 1258 0916 0D       		.byte	0xd
 1259 0917 E101     		.2byte	0x1e1
 1260 0919 19       		.byte	0x19
 1261 091a 61080000 		.4byte	0x861
 1262 091e 04       		.byte	0x4
 1263 091f 00       		.byte	0
 1264 0920 0D       		.uleb128 0xd
 1265 0921 04       		.byte	0x4
 1266 0922 E7070000 		.4byte	0x7e7
 1267 0926 0D       		.uleb128 0xd
 1268 0927 04       		.byte	0x4
 1269 0928 00010000 		.4byte	0x100
 1270 092c 12       		.uleb128 0x12
 1271 092d 04       		.byte	0x4
 1272 092e 07       		.uleb128 0x7
 1273 092f 63040000 		.4byte	.LASF117
 1274 0933 18       		.byte	0x18
 1275 0934 06       		.byte	0x6
 1276 0935 64       		.byte	0x64
 1277 0936 10       		.byte	0x10
 1278 0937 63090000 		.4byte	0x963
 1279 093b 09       		.uleb128 0x9
 1280 093c 130B0000 		.4byte	.LASF118
 1281 0940 06       		.byte	0x6
 1282 0941 68       		.byte	0x68
 1283 0942 21       		.byte	0x21
 1284 0943 29040000 		.4byte	0x429
 1285 0947 00       		.byte	0
 1286 0948 09       		.uleb128 0x9
 1287 0949 190B0000 		.4byte	.LASF119
 1288 094d 06       		.byte	0x6
 1289 094e 73       		.byte	0x73
 1290 094f 21       		.byte	0x21
 1291 0950 63030000 		.4byte	0x363
 1292 0954 0C       		.byte	0xc
 1293 0955 09       		.uleb128 0x9
 1294 0956 9B010000 		.4byte	.LASF120
 1295 095a 06       		.byte	0x6
 1296 095b 79       		.byte	0x79
 1297 095c 21       		.byte	0x21
 1298 095d EF000000 		.4byte	0xef
 1299 0961 10       		.byte	0x10
 1300 0962 00       		.byte	0
 1301 0963 03       		.uleb128 0x3
 1302 0964 93030000 		.4byte	.LASF121
 1303 0968 06       		.byte	0x6
 1304 0969 7B       		.byte	0x7b
 1305 096a 03       		.byte	0x3
 1306 096b 2E090000 		.4byte	0x92e
 1307 096f 07       		.uleb128 0x7
 1308 0970 48000000 		.4byte	.LASF122
 1309 0974 08       		.byte	0x8
 1310 0975 06       		.byte	0x6
 1311 0976 80       		.byte	0x80
ARM GAS  C:\Users\angio\AppData\Local\Temp\ccrvFn2X.s 			page 24


 1312 0977 10       		.byte	0x10
 1313 0978 8A090000 		.4byte	0x98a
 1314 097c 09       		.uleb128 0x9
 1315 097d 1C0D0000 		.4byte	.LASF123
 1316 0981 06       		.byte	0x6
 1317 0982 84       		.byte	0x84
 1318 0983 21       		.byte	0x21
 1319 0984 A8030000 		.4byte	0x3a8
 1320 0988 00       		.byte	0
 1321 0989 00       		.byte	0
 1322 098a 03       		.uleb128 0x3
 1323 098b 68080000 		.4byte	.LASF124
 1324 098f 06       		.byte	0x6
 1325 0990 85       		.byte	0x85
 1326 0991 03       		.byte	0x3
 1327 0992 6F090000 		.4byte	0x96f
 1328 0996 03       		.uleb128 0x3
 1329 0997 C4090000 		.4byte	.LASF125
 1330 099b 06       		.byte	0x6
 1331 099c 8A       		.byte	0x8a
 1332 099d 14       		.byte	0x14
 1333 099e A2090000 		.4byte	0x9a2
 1334 09a2 0D       		.uleb128 0xd
 1335 09a3 04       		.byte	0x4
 1336 09a4 78010000 		.4byte	0x178
 1337 09a8 07       		.uleb128 0x7
 1338 09a9 DE070000 		.4byte	.LASF126
 1339 09ad 08       		.byte	0x8
 1340 09ae 06       		.byte	0x6
 1341 09af 8F       		.byte	0x8f
 1342 09b0 10       		.byte	0x10
 1343 09b1 C3090000 		.4byte	0x9c3
 1344 09b5 09       		.uleb128 0x9
 1345 09b6 1C0D0000 		.4byte	.LASF123
 1346 09ba 06       		.byte	0x6
 1347 09bb 93       		.byte	0x93
 1348 09bc 21       		.byte	0x21
 1349 09bd A8030000 		.4byte	0x3a8
 1350 09c1 00       		.byte	0
 1351 09c2 00       		.byte	0
 1352 09c3 03       		.uleb128 0x3
 1353 09c4 4B040000 		.4byte	.LASF127
 1354 09c8 06       		.byte	0x6
 1355 09c9 94       		.byte	0x94
 1356 09ca 03       		.byte	0x3
 1357 09cb A8090000 		.4byte	0x9a8
 1358 09cf 13       		.uleb128 0x13
 1359 09d0 0C       		.byte	0xc
 1360 09d1 06       		.byte	0x6
 1361 09d2 A0       		.byte	0xa0
 1362 09d3 03       		.byte	0x3
 1363 09d4 FD090000 		.4byte	0x9fd
 1364 09d8 14       		.uleb128 0x14
 1365 09d9 200C0000 		.4byte	.LASF128
 1366 09dd 06       		.byte	0x6
 1367 09de A4       		.byte	0xa4
 1368 09df 21       		.byte	0x21
ARM GAS  C:\Users\angio\AppData\Local\Temp\ccrvFn2X.s 			page 25


 1369 09e0 7B030000 		.4byte	0x37b
 1370 09e4 14       		.uleb128 0x14
 1371 09e5 1C0D0000 		.4byte	.LASF123
 1372 09e9 06       		.byte	0x6
 1373 09ea A8       		.byte	0xa8
 1374 09eb 21       		.byte	0x21
 1375 09ec A8030000 		.4byte	0x3a8
 1376 09f0 14       		.uleb128 0x14
 1377 09f1 CC030000 		.4byte	.LASF129
 1378 09f5 06       		.byte	0x6
 1379 09f6 AC       		.byte	0xac
 1380 09f7 21       		.byte	0x21
 1381 09f8 E2030000 		.4byte	0x3e2
 1382 09fc 00       		.byte	0
 1383 09fd 13       		.uleb128 0x13
 1384 09fe 04       		.byte	0x4
 1385 09ff 06       		.byte	0x6
 1386 0a00 EB       		.byte	0xeb
 1387 0a01 03       		.byte	0x3
 1388 0a02 6D0A0000 		.4byte	0xa6d
 1389 0a06 14       		.uleb128 0x14
 1390 0a07 D5040000 		.4byte	.LASF130
 1391 0a0b 06       		.byte	0x6
 1392 0a0c F2       		.byte	0xf2
 1393 0a0d 21       		.byte	0x21
 1394 0a0e 3C010000 		.4byte	0x13c
 1395 0a12 14       		.uleb128 0x14
 1396 0a13 900F0000 		.4byte	.LASF131
 1397 0a17 06       		.byte	0x6
 1398 0a18 F9       		.byte	0xf9
 1399 0a19 21       		.byte	0x21
 1400 0a1a 3C010000 		.4byte	0x13c
 1401 0a1e 15       		.uleb128 0x15
 1402 0a1f 5E010000 		.4byte	.LASF132
 1403 0a23 06       		.byte	0x6
 1404 0a24 0001     		.2byte	0x100
 1405 0a26 22       		.byte	0x22
 1406 0a27 2C090000 		.4byte	0x92c
 1407 0a2b 15       		.uleb128 0x15
 1408 0a2c 650E0000 		.4byte	.LASF133
 1409 0a30 06       		.byte	0x6
 1410 0a31 0701     		.2byte	0x107
 1411 0a33 22       		.byte	0x22
 1412 0a34 6D0A0000 		.4byte	0xa6d
 1413 0a38 15       		.uleb128 0x15
 1414 0a39 8A0E0000 		.4byte	.LASF134
 1415 0a3d 06       		.byte	0x6
 1416 0a3e 0C01     		.2byte	0x10c
 1417 0a40 21       		.byte	0x21
 1418 0a41 3C010000 		.4byte	0x13c
 1419 0a45 15       		.uleb128 0x15
 1420 0a46 310D0000 		.4byte	.LASF135
 1421 0a4a 06       		.byte	0x6
 1422 0a4b 1501     		.2byte	0x115
 1423 0a4d 22       		.byte	0x22
 1424 0a4e 9B0A0000 		.4byte	0xa9b
 1425 0a52 15       		.uleb128 0x15
ARM GAS  C:\Users\angio\AppData\Local\Temp\ccrvFn2X.s 			page 26


 1426 0a53 730F0000 		.4byte	.LASF136
 1427 0a57 06       		.byte	0x6
 1428 0a58 1E01     		.2byte	0x11e
 1429 0a5a 22       		.byte	0x22
 1430 0a5b D60A0000 		.4byte	0xad6
 1431 0a5f 15       		.uleb128 0x15
 1432 0a60 A5010000 		.4byte	.LASF137
 1433 0a64 06       		.byte	0x6
 1434 0a65 2601     		.2byte	0x126
 1435 0a67 21       		.byte	0x21
 1436 0a68 48010000 		.4byte	0x148
 1437 0a6c 00       		.byte	0
 1438 0a6d 0D       		.uleb128 0xd
 1439 0a6e 04       		.byte	0x4
 1440 0a6f 96090000 		.4byte	0x996
 1441 0a73 07       		.uleb128 0x7
 1442 0a74 E9020000 		.4byte	.LASF138
 1443 0a78 0C       		.byte	0xc
 1444 0a79 0E       		.byte	0xe
 1445 0a7a 34       		.byte	0x34
 1446 0a7b 10       		.byte	0x10
 1447 0a7c 9B0A0000 		.4byte	0xa9b
 1448 0a80 09       		.uleb128 0x9
 1449 0a81 1C0D0000 		.4byte	.LASF123
 1450 0a85 0E       		.byte	0xe
 1451 0a86 35       		.byte	0x35
 1452 0a87 19       		.byte	0x19
 1453 0a88 A8030000 		.4byte	0x3a8
 1454 0a8c 00       		.byte	0
 1455 0a8d 08       		.uleb128 0x8
 1456 0a8e 636E7400 		.ascii	"cnt\000"
 1457 0a92 0E       		.byte	0xe
 1458 0a93 37       		.byte	0x37
 1459 0a94 19       		.byte	0x19
 1460 0a95 60010000 		.4byte	0x160
 1461 0a99 08       		.byte	0x8
 1462 0a9a 00       		.byte	0
 1463 0a9b 0D       		.uleb128 0xd
 1464 0a9c 04       		.byte	0x4
 1465 0a9d 730A0000 		.4byte	0xa73
 1466 0aa1 07       		.uleb128 0x7
 1467 0aa2 92050000 		.4byte	.LASF139
 1468 0aa6 10       		.byte	0x10
 1469 0aa7 0F       		.byte	0xf
 1470 0aa8 39       		.byte	0x39
 1471 0aa9 08       		.byte	0x8
 1472 0aaa D60A0000 		.4byte	0xad6
 1473 0aae 09       		.uleb128 0x9
 1474 0aaf 1C0D0000 		.4byte	.LASF123
 1475 0ab3 0F       		.byte	0xf
 1476 0ab4 3A       		.byte	0x3a
 1477 0ab5 19       		.byte	0x19
 1478 0ab6 A8030000 		.4byte	0x3a8
 1479 0aba 00       		.byte	0
 1480 0abb 09       		.uleb128 0x9
 1481 0abc 36040000 		.4byte	.LASF32
 1482 0ac0 0F       		.byte	0xf
ARM GAS  C:\Users\angio\AppData\Local\Temp\ccrvFn2X.s 			page 27


 1483 0ac1 3C       		.byte	0x3c
 1484 0ac2 1A       		.byte	0x1a
 1485 0ac3 A2090000 		.4byte	0x9a2
 1486 0ac7 08       		.byte	0x8
 1487 0ac8 09       		.uleb128 0x9
 1488 0ac9 DD000000 		.4byte	.LASF66
 1489 0acd 0F       		.byte	0xf
 1490 0ace 3E       		.byte	0x3e
 1491 0acf 1A       		.byte	0x1a
 1492 0ad0 A40B0000 		.4byte	0xba4
 1493 0ad4 0C       		.byte	0xc
 1494 0ad5 00       		.byte	0
 1495 0ad6 0D       		.uleb128 0xd
 1496 0ad7 04       		.byte	0x4
 1497 0ad8 A10A0000 		.4byte	0xaa1
 1498 0adc 0D       		.uleb128 0xd
 1499 0add 04       		.byte	0x4
 1500 0ade 67020000 		.4byte	0x267
 1501 0ae2 0C       		.uleb128 0xc
 1502 0ae3 8D010000 		.4byte	.LASF140
 1503 0ae7 10       		.byte	0x10
 1504 0ae8 06       		.byte	0x6
 1505 0ae9 5C01     		.2byte	0x15c
 1506 0aeb 10       		.byte	0x10
 1507 0aec 0D0B0000 		.4byte	0xb0d
 1508 0af0 0B       		.uleb128 0xb
 1509 0af1 CC030000 		.4byte	.LASF129
 1510 0af5 06       		.byte	0x6
 1511 0af6 6101     		.2byte	0x161
 1512 0af8 21       		.byte	0x21
 1513 0af9 E2030000 		.4byte	0x3e2
 1514 0afd 00       		.byte	0
 1515 0afe 0B       		.uleb128 0xb
 1516 0aff 010F0000 		.4byte	.LASF141
 1517 0b03 06       		.byte	0x6
 1518 0b04 6501     		.2byte	0x165
 1519 0b06 22       		.byte	0x22
 1520 0b07 A2090000 		.4byte	0x9a2
 1521 0b0b 0C       		.byte	0xc
 1522 0b0c 00       		.byte	0
 1523 0b0d 11       		.uleb128 0x11
 1524 0b0e EA0C0000 		.4byte	.LASF142
 1525 0b12 06       		.byte	0x6
 1526 0b13 6601     		.2byte	0x166
 1527 0b15 03       		.byte	0x3
 1528 0b16 E20A0000 		.4byte	0xae2
 1529 0b1a 0C       		.uleb128 0xc
 1530 0b1b FD0A0000 		.4byte	.LASF143
 1531 0b1f 14       		.byte	0x14
 1532 0b20 06       		.byte	0x6
 1533 0b21 6B01     		.2byte	0x16b
 1534 0b23 10       		.byte	0x10
 1535 0b24 6F0B0000 		.4byte	0xb6f
 1536 0b28 0B       		.uleb128 0xb
 1537 0b29 1F000000 		.4byte	.LASF33
 1538 0b2d 06       		.byte	0x6
 1539 0b2e 6F01     		.2byte	0x16f
ARM GAS  C:\Users\angio\AppData\Local\Temp\ccrvFn2X.s 			page 28


 1540 0b30 22       		.byte	0x22
 1541 0b31 40030000 		.4byte	0x340
 1542 0b35 00       		.byte	0
 1543 0b36 0B       		.uleb128 0xb
 1544 0b37 0D070000 		.4byte	.LASF144
 1545 0b3b 06       		.byte	0x6
 1546 0b3c 7501     		.2byte	0x175
 1547 0b3e 22       		.byte	0x22
 1548 0b3f 26090000 		.4byte	0x926
 1549 0b43 04       		.byte	0x4
 1550 0b44 0B       		.uleb128 0xb
 1551 0b45 3C040000 		.4byte	.LASF145
 1552 0b49 06       		.byte	0x6
 1553 0b4a 7901     		.2byte	0x179
 1554 0b4c 22       		.byte	0x22
 1555 0b4d 26090000 		.4byte	0x926
 1556 0b51 08       		.byte	0x8
 1557 0b52 0B       		.uleb128 0xb
 1558 0b53 7A0E0000 		.4byte	.LASF146
 1559 0b57 06       		.byte	0x6
 1560 0b58 7F01     		.2byte	0x17f
 1561 0b5a 22       		.byte	0x22
 1562 0b5b 26090000 		.4byte	0x926
 1563 0b5f 0C       		.byte	0xc
 1564 0b60 0B       		.uleb128 0xb
 1565 0b61 33060000 		.4byte	.LASF147
 1566 0b65 06       		.byte	0x6
 1567 0b66 8301     		.2byte	0x183
 1568 0b68 22       		.byte	0x22
 1569 0b69 26090000 		.4byte	0x926
 1570 0b6d 10       		.byte	0x10
 1571 0b6e 00       		.byte	0
 1572 0b6f 11       		.uleb128 0x11
 1573 0b70 3E030000 		.4byte	.LASF148
 1574 0b74 06       		.byte	0x6
 1575 0b75 8501     		.2byte	0x185
 1576 0b77 03       		.byte	0x3
 1577 0b78 1A0B0000 		.4byte	0xb1a
 1578 0b7c 06       		.uleb128 0x6
 1579 0b7d 6F0B0000 		.4byte	0xb6f
 1580 0b81 0D       		.uleb128 0xd
 1581 0b82 04       		.byte	0x4
 1582 0b83 7C0B0000 		.4byte	0xb7c
 1583 0b87 0D       		.uleb128 0xd
 1584 0b88 04       		.byte	0x4
 1585 0b89 8D0B0000 		.4byte	0xb8d
 1586 0b8d 16       		.uleb128 0x16
 1587 0b8e 980B0000 		.4byte	0xb98
 1588 0b92 17       		.uleb128 0x17
 1589 0b93 2C090000 		.4byte	0x92c
 1590 0b97 00       		.byte	0
 1591 0b98 03       		.uleb128 0x3
 1592 0b99 760D0000 		.4byte	.LASF149
 1593 0b9d 0F       		.byte	0xf
 1594 0b9e 34       		.byte	0x34
 1595 0b9f 19       		.byte	0x19
 1596 0ba0 A10A0000 		.4byte	0xaa1
ARM GAS  C:\Users\angio\AppData\Local\Temp\ccrvFn2X.s 			page 29


 1597 0ba4 0D       		.uleb128 0xd
 1598 0ba5 04       		.byte	0x4
 1599 0ba6 980B0000 		.4byte	0xb98
 1600 0baa 03       		.uleb128 0x3
 1601 0bab 0F0C0000 		.4byte	.LASF150
 1602 0baf 10       		.byte	0x10
 1603 0bb0 34       		.byte	0x34
 1604 0bb1 1F       		.byte	0x1f
 1605 0bb2 B60B0000 		.4byte	0xbb6
 1606 0bb6 07       		.uleb128 0x7
 1607 0bb7 16080000 		.4byte	.LASF151
 1608 0bbb 14       		.byte	0x14
 1609 0bbc 10       		.byte	0x10
 1610 0bbd 39       		.byte	0x39
 1611 0bbe 08       		.byte	0x8
 1612 0bbf 050C0000 		.4byte	0xc05
 1613 0bc3 09       		.uleb128 0x9
 1614 0bc4 DD000000 		.4byte	.LASF66
 1615 0bc8 10       		.byte	0x10
 1616 0bc9 3A       		.byte	0x3a
 1617 0bca 1A       		.byte	0x1a
 1618 0bcb 050C0000 		.4byte	0xc05
 1619 0bcf 00       		.byte	0
 1620 0bd0 09       		.uleb128 0x9
 1621 0bd1 5A000000 		.4byte	.LASF152
 1622 0bd5 10       		.byte	0x10
 1623 0bd6 3D       		.byte	0x3d
 1624 0bd7 1A       		.byte	0x1a
 1625 0bd8 A2090000 		.4byte	0x9a2
 1626 0bdc 04       		.byte	0x4
 1627 0bdd 09       		.uleb128 0x9
 1628 0bde 4E010000 		.4byte	.LASF153
 1629 0be2 10       		.byte	0x10
 1630 0be3 3F       		.byte	0x3f
 1631 0be4 19       		.byte	0x19
 1632 0be5 48010000 		.4byte	0x148
 1633 0be9 08       		.byte	0x8
 1634 0bea 09       		.uleb128 0x9
 1635 0beb 70000000 		.4byte	.LASF36
 1636 0bef 10       		.byte	0x10
 1637 0bf0 41       		.byte	0x41
 1638 0bf1 19       		.byte	0x19
 1639 0bf2 54010000 		.4byte	0x154
 1640 0bf6 0C       		.byte	0xc
 1641 0bf7 09       		.uleb128 0x9
 1642 0bf8 710A0000 		.4byte	.LASF154
 1643 0bfc 10       		.byte	0x10
 1644 0bfd 43       		.byte	0x43
 1645 0bfe 19       		.byte	0x19
 1646 0bff 54010000 		.4byte	0x154
 1647 0c03 10       		.byte	0x10
 1648 0c04 00       		.byte	0
 1649 0c05 0D       		.uleb128 0xd
 1650 0c06 04       		.byte	0x4
 1651 0c07 AA0B0000 		.4byte	0xbaa
 1652 0c0b 07       		.uleb128 0x7
 1653 0c0c 63000000 		.4byte	.LASF155
ARM GAS  C:\Users\angio\AppData\Local\Temp\ccrvFn2X.s 			page 30


 1654 0c10 04       		.byte	0x4
 1655 0c11 10       		.byte	0x10
 1656 0c12 4A       		.byte	0x4a
 1657 0c13 10       		.byte	0x10
 1658 0c14 260C0000 		.4byte	0xc26
 1659 0c18 09       		.uleb128 0x9
 1660 0c19 DD000000 		.4byte	.LASF66
 1661 0c1d 10       		.byte	0x10
 1662 0c1e 4B       		.byte	0x4b
 1663 0c1f 1A       		.byte	0x1a
 1664 0c20 050C0000 		.4byte	0xc05
 1665 0c24 00       		.byte	0
 1666 0c25 00       		.byte	0
 1667 0c26 03       		.uleb128 0x3
 1668 0c27 BD030000 		.4byte	.LASF156
 1669 0c2b 10       		.byte	0x10
 1670 0c2c 4E       		.byte	0x4e
 1671 0c2d 03       		.byte	0x3
 1672 0c2e 0B0C0000 		.4byte	0xc0b
 1673 0c32 05       		.uleb128 0x5
 1674 0c33 01       		.byte	0x1
 1675 0c34 02       		.byte	0x2
 1676 0c35 41050000 		.4byte	.LASF157
 1677 0c39 0D       		.uleb128 0xd
 1678 0c3a 04       		.byte	0x4
 1679 0c3b AB000000 		.4byte	0xab
 1680 0c3f 18       		.uleb128 0x18
 1681 0c40 E403     		.2byte	0x3e4
 1682 0c42 11       		.byte	0x11
 1683 0c43 F601     		.2byte	0x1f6
 1684 0c45 09       		.byte	0x9
 1685 0c46 B70D0000 		.4byte	0xdb7
 1686 0c4a 0A       		.uleb128 0xa
 1687 0c4b 43523100 		.ascii	"CR1\000"
 1688 0c4f 11       		.byte	0x11
 1689 0c50 F701     		.2byte	0x1f7
 1690 0c52 19       		.byte	0x19
 1691 0c53 D9000000 		.4byte	0xd9
 1692 0c57 00       		.byte	0
 1693 0c58 0A       		.uleb128 0xa
 1694 0c59 43523200 		.ascii	"CR2\000"
 1695 0c5d 11       		.byte	0x11
 1696 0c5e F801     		.2byte	0x1f8
 1697 0c60 19       		.byte	0x19
 1698 0c61 D9000000 		.4byte	0xd9
 1699 0c65 04       		.byte	0x4
 1700 0c66 0B       		.uleb128 0xb
 1701 0c67 A6070000 		.4byte	.LASF158
 1702 0c6b 11       		.byte	0x11
 1703 0c6c F901     		.2byte	0x1f9
 1704 0c6e 19       		.byte	0x19
 1705 0c6f D9000000 		.4byte	0xd9
 1706 0c73 08       		.byte	0x8
 1707 0c74 0B       		.uleb128 0xb
 1708 0c75 A4050000 		.4byte	.LASF159
 1709 0c79 11       		.byte	0x11
 1710 0c7a FA01     		.2byte	0x1fa
ARM GAS  C:\Users\angio\AppData\Local\Temp\ccrvFn2X.s 			page 31


 1711 0c7c 19       		.byte	0x19
 1712 0c7d D9000000 		.4byte	0xd9
 1713 0c81 0C       		.byte	0xc
 1714 0c82 0A       		.uleb128 0xa
 1715 0c83 535200   		.ascii	"SR\000"
 1716 0c86 11       		.byte	0x11
 1717 0c87 FB01     		.2byte	0x1fb
 1718 0c89 19       		.byte	0x19
 1719 0c8a D9000000 		.4byte	0xd9
 1720 0c8e 10       		.byte	0x10
 1721 0c8f 0A       		.uleb128 0xa
 1722 0c90 45475200 		.ascii	"EGR\000"
 1723 0c94 11       		.byte	0x11
 1724 0c95 FC01     		.2byte	0x1fc
 1725 0c97 19       		.byte	0x19
 1726 0c98 D9000000 		.4byte	0xd9
 1727 0c9c 14       		.byte	0x14
 1728 0c9d 0B       		.uleb128 0xb
 1729 0c9e 38030000 		.4byte	.LASF160
 1730 0ca2 11       		.byte	0x11
 1731 0ca3 FD01     		.2byte	0x1fd
 1732 0ca5 19       		.byte	0x19
 1733 0ca6 D9000000 		.4byte	0xd9
 1734 0caa 18       		.byte	0x18
 1735 0cab 0B       		.uleb128 0xb
 1736 0cac 24000000 		.4byte	.LASF161
 1737 0cb0 11       		.byte	0x11
 1738 0cb1 FE01     		.2byte	0x1fe
 1739 0cb3 19       		.byte	0x19
 1740 0cb4 D9000000 		.4byte	0xd9
 1741 0cb8 1C       		.byte	0x1c
 1742 0cb9 0B       		.uleb128 0xb
 1743 0cba 66060000 		.4byte	.LASF162
 1744 0cbe 11       		.byte	0x11
 1745 0cbf FF01     		.2byte	0x1ff
 1746 0cc1 19       		.byte	0x19
 1747 0cc2 D9000000 		.4byte	0xd9
 1748 0cc6 20       		.byte	0x20
 1749 0cc7 0A       		.uleb128 0xa
 1750 0cc8 434E5400 		.ascii	"CNT\000"
 1751 0ccc 11       		.byte	0x11
 1752 0ccd 0002     		.2byte	0x200
 1753 0ccf 19       		.byte	0x19
 1754 0cd0 D9000000 		.4byte	0xd9
 1755 0cd4 24       		.byte	0x24
 1756 0cd5 0A       		.uleb128 0xa
 1757 0cd6 50534300 		.ascii	"PSC\000"
 1758 0cda 11       		.byte	0x11
 1759 0cdb 0102     		.2byte	0x201
 1760 0cdd 19       		.byte	0x19
 1761 0cde D9000000 		.4byte	0xd9
 1762 0ce2 28       		.byte	0x28
 1763 0ce3 0A       		.uleb128 0xa
 1764 0ce4 41525200 		.ascii	"ARR\000"
 1765 0ce8 11       		.byte	0x11
 1766 0ce9 0202     		.2byte	0x202
 1767 0ceb 19       		.byte	0x19
ARM GAS  C:\Users\angio\AppData\Local\Temp\ccrvFn2X.s 			page 32


 1768 0cec D9000000 		.4byte	0xd9
 1769 0cf0 2C       		.byte	0x2c
 1770 0cf1 0A       		.uleb128 0xa
 1771 0cf2 52435200 		.ascii	"RCR\000"
 1772 0cf6 11       		.byte	0x11
 1773 0cf7 0302     		.2byte	0x203
 1774 0cf9 19       		.byte	0x19
 1775 0cfa D9000000 		.4byte	0xd9
 1776 0cfe 30       		.byte	0x30
 1777 0cff 0A       		.uleb128 0xa
 1778 0d00 43435200 		.ascii	"CCR\000"
 1779 0d04 11       		.byte	0x11
 1780 0d05 0402     		.2byte	0x204
 1781 0d07 19       		.byte	0x19
 1782 0d08 22070000 		.4byte	0x722
 1783 0d0c 34       		.byte	0x34
 1784 0d0d 0B       		.uleb128 0xb
 1785 0d0e C7020000 		.4byte	.LASF163
 1786 0d12 11       		.byte	0x11
 1787 0d13 0502     		.2byte	0x205
 1788 0d15 19       		.byte	0x19
 1789 0d16 D9000000 		.4byte	0xd9
 1790 0d1a 44       		.byte	0x44
 1791 0d1b 0B       		.uleb128 0xb
 1792 0d1c 030A0000 		.4byte	.LASF164
 1793 0d20 11       		.byte	0x11
 1794 0d21 0702     		.2byte	0x207
 1795 0d23 19       		.byte	0x19
 1796 0d24 31060000 		.4byte	0x631
 1797 0d28 48       		.byte	0x48
 1798 0d29 0B       		.uleb128 0xb
 1799 0d2a 53030000 		.4byte	.LASF165
 1800 0d2e 11       		.byte	0x11
 1801 0d2f 0802     		.2byte	0x208
 1802 0d31 19       		.byte	0x19
 1803 0d32 D9000000 		.4byte	0xd9
 1804 0d36 50       		.byte	0x50
 1805 0d37 0B       		.uleb128 0xb
 1806 0d38 160E0000 		.4byte	.LASF166
 1807 0d3c 11       		.byte	0x11
 1808 0d3d 0902     		.2byte	0x209
 1809 0d3f 19       		.byte	0x19
 1810 0d40 D9000000 		.4byte	0xd9
 1811 0d44 54       		.byte	0x54
 1812 0d45 0A       		.uleb128 0xa
 1813 0d46 45435200 		.ascii	"ECR\000"
 1814 0d4a 11       		.byte	0x11
 1815 0d4b 0A02     		.2byte	0x20a
 1816 0d4d 19       		.byte	0x19
 1817 0d4e D9000000 		.4byte	0xd9
 1818 0d52 58       		.byte	0x58
 1819 0d53 0B       		.uleb128 0xb
 1820 0d54 C8040000 		.4byte	.LASF167
 1821 0d58 11       		.byte	0x11
 1822 0d59 0B02     		.2byte	0x20b
 1823 0d5b 19       		.byte	0x19
 1824 0d5c D9000000 		.4byte	0xd9
ARM GAS  C:\Users\angio\AppData\Local\Temp\ccrvFn2X.s 			page 33


 1825 0d60 5C       		.byte	0x5c
 1826 0d61 0A       		.uleb128 0xa
 1827 0d62 41463100 		.ascii	"AF1\000"
 1828 0d66 11       		.byte	0x11
 1829 0d67 0C02     		.2byte	0x20c
 1830 0d69 19       		.byte	0x19
 1831 0d6a D9000000 		.4byte	0xd9
 1832 0d6e 60       		.byte	0x60
 1833 0d6f 0A       		.uleb128 0xa
 1834 0d70 41463200 		.ascii	"AF2\000"
 1835 0d74 11       		.byte	0x11
 1836 0d75 0D02     		.2byte	0x20d
 1837 0d77 19       		.byte	0x19
 1838 0d78 D9000000 		.4byte	0xd9
 1839 0d7c 64       		.byte	0x64
 1840 0d7d 0A       		.uleb128 0xa
 1841 0d7e 4F5200   		.ascii	"OR\000"
 1842 0d81 11       		.byte	0x11
 1843 0d82 0E02     		.2byte	0x20e
 1844 0d84 19       		.byte	0x19
 1845 0d85 D9000000 		.4byte	0xd9
 1846 0d89 68       		.byte	0x68
 1847 0d8a 0B       		.uleb128 0xb
 1848 0d8b 210A0000 		.4byte	.LASF89
 1849 0d8f 11       		.byte	0x11
 1850 0d90 0F02     		.2byte	0x20f
 1851 0d92 19       		.byte	0x19
 1852 0d93 C70D0000 		.4byte	0xdc7
 1853 0d97 6C       		.byte	0x6c
 1854 0d98 19       		.uleb128 0x19
 1855 0d99 44435200 		.ascii	"DCR\000"
 1856 0d9d 11       		.byte	0x11
 1857 0d9e 1002     		.2byte	0x210
 1858 0da0 19       		.byte	0x19
 1859 0da1 D9000000 		.4byte	0xd9
 1860 0da5 DC03     		.2byte	0x3dc
 1861 0da7 1A       		.uleb128 0x1a
 1862 0da8 E8010000 		.4byte	.LASF168
 1863 0dac 11       		.byte	0x11
 1864 0dad 1102     		.2byte	0x211
 1865 0daf 19       		.byte	0x19
 1866 0db0 D9000000 		.4byte	0xd9
 1867 0db4 E003     		.2byte	0x3e0
 1868 0db6 00       		.byte	0
 1869 0db7 0F       		.uleb128 0xf
 1870 0db8 D9000000 		.4byte	0xd9
 1871 0dbc C70D0000 		.4byte	0xdc7
 1872 0dc0 10       		.uleb128 0x10
 1873 0dc1 35000000 		.4byte	0x35
 1874 0dc5 DB       		.byte	0xdb
 1875 0dc6 00       		.byte	0
 1876 0dc7 04       		.uleb128 0x4
 1877 0dc8 B70D0000 		.4byte	0xdb7
 1878 0dcc 11       		.uleb128 0x11
 1879 0dcd 15050000 		.4byte	.LASF169
 1880 0dd1 11       		.byte	0x11
 1881 0dd2 1902     		.2byte	0x219
ARM GAS  C:\Users\angio\AppData\Local\Temp\ccrvFn2X.s 			page 34


 1882 0dd4 03       		.byte	0x3
 1883 0dd5 3F0C0000 		.4byte	0xc3f
 1884 0dd9 1B       		.uleb128 0x1b
 1885 0dda 24000000 		.4byte	0x24
 1886 0dde F20D0000 		.4byte	0xdf2
 1887 0de2 17       		.uleb128 0x17
 1888 0de3 2C090000 		.4byte	0x92c
 1889 0de7 17       		.uleb128 0x17
 1890 0de8 F20D0000 		.4byte	0xdf2
 1891 0dec 17       		.uleb128 0x17
 1892 0ded 24000000 		.4byte	0x24
 1893 0df1 00       		.byte	0
 1894 0df2 0D       		.uleb128 0xd
 1895 0df3 04       		.byte	0x4
 1896 0df4 BC000000 		.4byte	0xbc
 1897 0df8 0D       		.uleb128 0xd
 1898 0df9 04       		.byte	0x4
 1899 0dfa D90D0000 		.4byte	0xdd9
 1900 0dfe 1B       		.uleb128 0x1b
 1901 0dff 24000000 		.4byte	0x24
 1902 0e03 170E0000 		.4byte	0xe17
 1903 0e07 17       		.uleb128 0x17
 1904 0e08 2C090000 		.4byte	0x92c
 1905 0e0c 17       		.uleb128 0x17
 1906 0e0d 390C0000 		.4byte	0xc39
 1907 0e11 17       		.uleb128 0x17
 1908 0e12 24000000 		.4byte	0x24
 1909 0e16 00       		.byte	0
 1910 0e17 0D       		.uleb128 0xd
 1911 0e18 04       		.byte	0x4
 1912 0e19 FE0D0000 		.4byte	0xdfe
 1913 0e1d 1B       		.uleb128 0x1b
 1914 0e1e 3C010000 		.4byte	0x13c
 1915 0e22 310E0000 		.4byte	0xe31
 1916 0e26 17       		.uleb128 0x17
 1917 0e27 2C090000 		.4byte	0x92c
 1918 0e2b 17       		.uleb128 0x17
 1919 0e2c AB000000 		.4byte	0xab
 1920 0e30 00       		.byte	0
 1921 0e31 0D       		.uleb128 0xd
 1922 0e32 04       		.byte	0x4
 1923 0e33 1D0E0000 		.4byte	0xe1d
 1924 0e37 1B       		.uleb128 0x1b
 1925 0e38 3C010000 		.4byte	0x13c
 1926 0e3c 460E0000 		.4byte	0xe46
 1927 0e40 17       		.uleb128 0x17
 1928 0e41 2C090000 		.4byte	0x92c
 1929 0e45 00       		.byte	0
 1930 0e46 0D       		.uleb128 0xd
 1931 0e47 04       		.byte	0x4
 1932 0e48 370E0000 		.4byte	0xe37
 1933 0e4c 1B       		.uleb128 0x1b
 1934 0e4d 3C010000 		.4byte	0x13c
 1935 0e51 650E0000 		.4byte	0xe65
 1936 0e55 17       		.uleb128 0x17
 1937 0e56 2C090000 		.4byte	0x92c
 1938 0e5a 17       		.uleb128 0x17
ARM GAS  C:\Users\angio\AppData\Local\Temp\ccrvFn2X.s 			page 35


 1939 0e5b AB000000 		.4byte	0xab
 1940 0e5f 17       		.uleb128 0x17
 1941 0e60 6F030000 		.4byte	0x36f
 1942 0e64 00       		.byte	0
 1943 0e65 0D       		.uleb128 0xd
 1944 0e66 04       		.byte	0x4
 1945 0e67 4C0E0000 		.4byte	0xe4c
 1946 0e6b 1B       		.uleb128 0x1b
 1947 0e6c 3C010000 		.4byte	0x13c
 1948 0e70 7F0E0000 		.4byte	0xe7f
 1949 0e74 17       		.uleb128 0x17
 1950 0e75 2C090000 		.4byte	0x92c
 1951 0e79 17       		.uleb128 0x17
 1952 0e7a 6F030000 		.4byte	0x36f
 1953 0e7e 00       		.byte	0
 1954 0e7f 0D       		.uleb128 0xd
 1955 0e80 04       		.byte	0x4
 1956 0e81 6B0E0000 		.4byte	0xe6b
 1957 0e85 1B       		.uleb128 0x1b
 1958 0e86 24000000 		.4byte	0x24
 1959 0e8a A30E0000 		.4byte	0xea3
 1960 0e8e 17       		.uleb128 0x17
 1961 0e8f 2C090000 		.4byte	0x92c
 1962 0e93 17       		.uleb128 0x17
 1963 0e94 F20D0000 		.4byte	0xdf2
 1964 0e98 17       		.uleb128 0x17
 1965 0e99 24000000 		.4byte	0x24
 1966 0e9d 17       		.uleb128 0x17
 1967 0e9e 6F030000 		.4byte	0x36f
 1968 0ea2 00       		.byte	0
 1969 0ea3 0D       		.uleb128 0xd
 1970 0ea4 04       		.byte	0x4
 1971 0ea5 850E0000 		.4byte	0xe85
 1972 0ea9 1B       		.uleb128 0x1b
 1973 0eaa 24000000 		.4byte	0x24
 1974 0eae C70E0000 		.4byte	0xec7
 1975 0eb2 17       		.uleb128 0x17
 1976 0eb3 2C090000 		.4byte	0x92c
 1977 0eb7 17       		.uleb128 0x17
 1978 0eb8 390C0000 		.4byte	0xc39
 1979 0ebc 17       		.uleb128 0x17
 1980 0ebd 24000000 		.4byte	0x24
 1981 0ec1 17       		.uleb128 0x17
 1982 0ec2 6F030000 		.4byte	0x36f
 1983 0ec6 00       		.byte	0
 1984 0ec7 0D       		.uleb128 0xd
 1985 0ec8 04       		.byte	0x4
 1986 0ec9 A90E0000 		.4byte	0xea9
 1987 0ecd 1B       		.uleb128 0x1b
 1988 0ece 3C010000 		.4byte	0x13c
 1989 0ed2 E60E0000 		.4byte	0xee6
 1990 0ed6 17       		.uleb128 0x17
 1991 0ed7 2C090000 		.4byte	0x92c
 1992 0edb 17       		.uleb128 0x17
 1993 0edc 35000000 		.4byte	0x35
 1994 0ee0 17       		.uleb128 0x17
 1995 0ee1 2C090000 		.4byte	0x92c
ARM GAS  C:\Users\angio\AppData\Local\Temp\ccrvFn2X.s 			page 36


 1996 0ee5 00       		.byte	0
 1997 0ee6 0D       		.uleb128 0xd
 1998 0ee7 04       		.byte	0x4
 1999 0ee8 CD0E0000 		.4byte	0xecd
 2000 0eec 03       		.uleb128 0x3
 2001 0eed BC000000 		.4byte	.LASF170
 2002 0ef1 12       		.byte	0x12
 2003 0ef2 3A       		.byte	0x3a
 2004 0ef3 19       		.byte	0x19
 2005 0ef4 F80E0000 		.4byte	0xef8
 2006 0ef8 07       		.uleb128 0x7
 2007 0ef9 AD0E0000 		.4byte	.LASF171
 2008 0efd 24       		.byte	0x24
 2009 0efe 12       		.byte	0x12
 2010 0eff 4B       		.byte	0x4b
 2011 0f00 08       		.byte	0x8
 2012 0f01 6E0F0000 		.4byte	0xf6e
 2013 0f05 09       		.uleb128 0x9
 2014 0f06 A9020000 		.4byte	.LASF172
 2015 0f0a 12       		.byte	0x12
 2016 0f0b 4C       		.byte	0x4c
 2017 0f0c 19       		.byte	0x19
 2018 0f0d C3090000 		.4byte	0x9c3
 2019 0f11 00       		.byte	0
 2020 0f12 09       		.uleb128 0x9
 2021 0f13 48070000 		.4byte	.LASF173
 2022 0f17 12       		.byte	0x12
 2023 0f18 4D       		.byte	0x4d
 2024 0f19 19       		.byte	0x19
 2025 0f1a 30000000 		.4byte	0x30
 2026 0f1e 08       		.byte	0x8
 2027 0f1f 09       		.uleb128 0x9
 2028 0f20 AC0F0000 		.4byte	.LASF174
 2029 0f24 12       		.byte	0x12
 2030 0f25 4E       		.byte	0x4e
 2031 0f26 1A       		.byte	0x1a
 2032 0f27 390C0000 		.4byte	0xc39
 2033 0f2b 0C       		.byte	0xc
 2034 0f2c 09       		.uleb128 0x9
 2035 0f2d EC0B0000 		.4byte	.LASF175
 2036 0f31 12       		.byte	0x12
 2037 0f32 4F       		.byte	0x4f
 2038 0f33 1A       		.byte	0x1a
 2039 0f34 390C0000 		.4byte	0xc39
 2040 0f38 10       		.byte	0x10
 2041 0f39 09       		.uleb128 0x9
 2042 0f3a CF060000 		.4byte	.LASF176
 2043 0f3e 12       		.byte	0x12
 2044 0f3f 51       		.byte	0x51
 2045 0f40 1A       		.byte	0x1a
 2046 0f41 390C0000 		.4byte	0xc39
 2047 0f45 14       		.byte	0x14
 2048 0f46 09       		.uleb128 0x9
 2049 0f47 0D010000 		.4byte	.LASF177
 2050 0f4b 12       		.byte	0x12
 2051 0f4c 52       		.byte	0x52
 2052 0f4d 1A       		.byte	0x1a
ARM GAS  C:\Users\angio\AppData\Local\Temp\ccrvFn2X.s 			page 37


 2053 0f4e 390C0000 		.4byte	0xc39
 2054 0f52 18       		.byte	0x18
 2055 0f53 09       		.uleb128 0x9
 2056 0f54 D6050000 		.4byte	.LASF178
 2057 0f58 12       		.byte	0x12
 2058 0f59 53       		.byte	0x53
 2059 0f5a 19       		.byte	0x19
 2060 0f5b 6E0F0000 		.4byte	0xf6e
 2061 0f5f 1C       		.byte	0x1c
 2062 0f60 09       		.uleb128 0x9
 2063 0f61 230F0000 		.4byte	.LASF179
 2064 0f65 12       		.byte	0x12
 2065 0f66 54       		.byte	0x54
 2066 0f67 1A       		.byte	0x1a
 2067 0f68 2C090000 		.4byte	0x92c
 2068 0f6c 20       		.byte	0x20
 2069 0f6d 00       		.byte	0
 2070 0f6e 03       		.uleb128 0x3
 2071 0f6f 44010000 		.4byte	.LASF180
 2072 0f73 12       		.byte	0x12
 2073 0f74 41       		.byte	0x41
 2074 0f75 10       		.byte	0x10
 2075 0f76 7A0F0000 		.4byte	0xf7a
 2076 0f7a 0D       		.uleb128 0xd
 2077 0f7b 04       		.byte	0x4
 2078 0f7c 800F0000 		.4byte	0xf80
 2079 0f80 16       		.uleb128 0x16
 2080 0f81 8B0F0000 		.4byte	0xf8b
 2081 0f85 17       		.uleb128 0x17
 2082 0f86 8B0F0000 		.4byte	0xf8b
 2083 0f8a 00       		.byte	0
 2084 0f8b 0D       		.uleb128 0xd
 2085 0f8c 04       		.byte	0x4
 2086 0f8d EC0E0000 		.4byte	0xeec
 2087 0f91 03       		.uleb128 0x3
 2088 0f92 6F070000 		.4byte	.LASF181
 2089 0f96 12       		.byte	0x12
 2090 0f97 61       		.byte	0x61
 2091 0f98 14       		.byte	0x14
 2092 0f99 EC0E0000 		.4byte	0xeec
 2093 0f9d 03       		.uleb128 0x3
 2094 0f9e 90080000 		.4byte	.LASF182
 2095 0fa2 12       		.byte	0x12
 2096 0fa3 6D       		.byte	0x6d
 2097 0fa4 14       		.byte	0x14
 2098 0fa5 EC0E0000 		.4byte	0xeec
 2099 0fa9 03       		.uleb128 0x3
 2100 0faa 2A030000 		.4byte	.LASF183
 2101 0fae 13       		.byte	0x13
 2102 0faf 94       		.byte	0x94
 2103 0fb0 10       		.byte	0x10
 2104 0fb1 870B0000 		.4byte	0xb87
 2105 0fb5 1C       		.uleb128 0x1c
 2106 0fb6 10       		.byte	0x10
 2107 0fb7 13       		.byte	0x13
 2108 0fb8 9A       		.byte	0x9a
 2109 0fb9 09       		.byte	0x9
ARM GAS  C:\Users\angio\AppData\Local\Temp\ccrvFn2X.s 			page 38


 2110 0fba E50F0000 		.4byte	0xfe5
 2111 0fbe 09       		.uleb128 0x9
 2112 0fbf F70C0000 		.4byte	.LASF184
 2113 0fc3 13       		.byte	0x13
 2114 0fc4 9F       		.byte	0x9f
 2115 0fc5 19       		.byte	0x19
 2116 0fc6 C3090000 		.4byte	0x9c3
 2117 0fca 00       		.byte	0
 2118 0fcb 08       		.uleb128 0x8
 2119 0fcc 636200   		.ascii	"cb\000"
 2120 0fcf 13       		.byte	0x13
 2121 0fd0 A5       		.byte	0xa5
 2122 0fd1 19       		.byte	0x19
 2123 0fd2 A90F0000 		.4byte	0xfa9
 2124 0fd6 08       		.byte	0x8
 2125 0fd7 08       		.uleb128 0x8
 2126 0fd8 61726700 		.ascii	"arg\000"
 2127 0fdc 13       		.byte	0x13
 2128 0fdd A9       		.byte	0xa9
 2129 0fde 1A       		.byte	0x1a
 2130 0fdf 2C090000 		.4byte	0x92c
 2131 0fe3 0C       		.byte	0xc
 2132 0fe4 00       		.byte	0
 2133 0fe5 03       		.uleb128 0x3
 2134 0fe6 95020000 		.4byte	.LASF185
 2135 0fea 13       		.byte	0x13
 2136 0feb AB       		.byte	0xab
 2137 0fec 03       		.byte	0x3
 2138 0fed B50F0000 		.4byte	0xfb5
 2139 0ff1 0F       		.uleb128 0xf
 2140 0ff2 E50F0000 		.4byte	0xfe5
 2141 0ff6 01100000 		.4byte	0x1001
 2142 0ffa 10       		.uleb128 0x10
 2143 0ffb 35000000 		.4byte	0x35
 2144 0fff 0F       		.byte	0xf
 2145 1000 00       		.byte	0
 2146 1001 1D       		.uleb128 0x1d
 2147 1002 5C080000 		.4byte	.LASF200
 2148 1006 16       		.byte	0x16
 2149 1007 EB01     		.2byte	0x1eb
 2150 1009 13       		.byte	0x13
 2151 100a F10F0000 		.4byte	0xff1
 2152 100e 1E       		.uleb128 0x1e
 2153 100f 07       		.byte	0x7
 2154 1010 01       		.byte	0x1
 2155 1011 5D000000 		.4byte	0x5d
 2156 1015 14       		.byte	0x14
 2157 1016 31       		.byte	0x31
 2158 1017 0E       		.byte	0xe
 2159 1018 3B100000 		.4byte	0x103b
 2160 101c 1F       		.uleb128 0x1f
 2161 101d 580B0000 		.4byte	.LASF186
 2162 1021 00       		.byte	0
 2163 1022 1F       		.uleb128 0x1f
 2164 1023 55010000 		.4byte	.LASF187
 2165 1027 01       		.byte	0x1
 2166 1028 1F       		.uleb128 0x1f
ARM GAS  C:\Users\angio\AppData\Local\Temp\ccrvFn2X.s 			page 39


 2167 1029 2C040000 		.4byte	.LASF188
 2168 102d 02       		.byte	0x2
 2169 102e 1F       		.uleb128 0x1f
 2170 102f D7060000 		.4byte	.LASF189
 2171 1033 03       		.byte	0x3
 2172 1034 1F       		.uleb128 0x1f
 2173 1035 F4000000 		.4byte	.LASF190
 2174 1039 04       		.byte	0x4
 2175 103a 00       		.byte	0
 2176 103b 03       		.uleb128 0x3
 2177 103c CC0B0000 		.4byte	.LASF191
 2178 1040 14       		.byte	0x14
 2179 1041 37       		.byte	0x37
 2180 1042 03       		.byte	0x3
 2181 1043 0E100000 		.4byte	0x100e
 2182 1047 03       		.uleb128 0x3
 2183 1048 630D0000 		.4byte	.LASF192
 2184 104c 14       		.byte	0x14
 2185 104d 3C       		.byte	0x3c
 2186 104e 1A       		.byte	0x1a
 2187 104f 53100000 		.4byte	0x1053
 2188 1053 0C       		.uleb128 0xc
 2189 1054 630D0000 		.4byte	.LASF192
 2190 1058 10       		.byte	0x10
 2191 1059 15       		.byte	0x15
 2192 105a 3003     		.2byte	0x330
 2193 105c 08       		.byte	0x8
 2194 105d 9A100000 		.4byte	0x109a
 2195 1061 0B       		.uleb128 0xb
 2196 1062 250E0000 		.4byte	.LASF35
 2197 1066 15       		.byte	0x15
 2198 1067 3403     		.2byte	0x334
 2199 1069 1D       		.byte	0x1d
 2200 106a 3B100000 		.4byte	0x103b
 2201 106e 00       		.byte	0
 2202 106f 0B       		.uleb128 0xb
 2203 1070 120A0000 		.4byte	.LASF52
 2204 1074 15       		.byte	0x15
 2205 1075 3803     		.2byte	0x338
 2206 1077 1E       		.byte	0x1e
 2207 1078 1F110000 		.4byte	0x111f
 2208 107c 04       		.byte	0x4
 2209 107d 0B       		.uleb128 0xb
 2210 107e F6050000 		.4byte	.LASF193
 2211 1082 15       		.byte	0x15
 2212 1083 4003     		.2byte	0x340
 2213 1085 1D       		.byte	0x1d
 2214 1086 CD000000 		.4byte	0xcd
 2215 108a 08       		.byte	0x8
 2216 108b 0A       		.uleb128 0xa
 2217 108c 74696D00 		.ascii	"tim\000"
 2218 1090 15       		.byte	0x15
 2219 1091 4403     		.2byte	0x344
 2220 1093 1E       		.byte	0x1e
 2221 1094 25110000 		.4byte	0x1125
 2222 1098 0C       		.byte	0xc
 2223 1099 00       		.byte	0
ARM GAS  C:\Users\angio\AppData\Local\Temp\ccrvFn2X.s 			page 40


 2224 109a 03       		.uleb128 0x3
 2225 109b F4080000 		.4byte	.LASF194
 2226 109f 14       		.byte	0x14
 2227 10a0 43       		.byte	0x43
 2228 10a1 10       		.byte	0x10
 2229 10a2 A6100000 		.4byte	0x10a6
 2230 10a6 0D       		.uleb128 0xd
 2231 10a7 04       		.byte	0x4
 2232 10a8 AC100000 		.4byte	0x10ac
 2233 10ac 16       		.uleb128 0x16
 2234 10ad B7100000 		.4byte	0x10b7
 2235 10b1 17       		.uleb128 0x17
 2236 10b2 B7100000 		.4byte	0x10b7
 2237 10b6 00       		.byte	0
 2238 10b7 0D       		.uleb128 0xd
 2239 10b8 04       		.byte	0x4
 2240 10b9 47100000 		.4byte	0x1047
 2241 10bd 11       		.uleb128 0x11
 2242 10be 52060000 		.4byte	.LASF195
 2243 10c2 15       		.byte	0x15
 2244 10c3 0603     		.2byte	0x306
 2245 10c5 12       		.byte	0x12
 2246 10c6 CD000000 		.4byte	0xcd
 2247 10ca 0E       		.uleb128 0xe
 2248 10cb 10       		.byte	0x10
 2249 10cc 15       		.byte	0x15
 2250 10cd 1103     		.2byte	0x311
 2251 10cf 09       		.byte	0x9
 2252 10d0 0D110000 		.4byte	0x110d
 2253 10d4 0B       		.uleb128 0xb
 2254 10d5 1B0E0000 		.4byte	.LASF196
 2255 10d9 15       		.byte	0x15
 2256 10da 1703     		.2byte	0x317
 2257 10dc 1D       		.byte	0x1d
 2258 10dd BD100000 		.4byte	0x10bd
 2259 10e1 00       		.byte	0
 2260 10e2 0B       		.uleb128 0xb
 2261 10e3 AF080000 		.4byte	.LASF197
 2262 10e7 15       		.byte	0x15
 2263 10e8 1E03     		.2byte	0x31e
 2264 10ea 1D       		.byte	0x1d
 2265 10eb 9A100000 		.4byte	0x109a
 2266 10ef 04       		.byte	0x4
 2267 10f0 0A       		.uleb128 0xa
 2268 10f1 63723200 		.ascii	"cr2\000"
 2269 10f5 15       		.byte	0x15
 2270 10f6 2403     		.2byte	0x324
 2271 10f8 1D       		.byte	0x1d
 2272 10f9 CD000000 		.4byte	0xcd
 2273 10fd 08       		.byte	0x8
 2274 10fe 0B       		.uleb128 0xb
 2275 10ff F5090000 		.4byte	.LASF198
 2276 1103 15       		.byte	0x15
 2277 1104 2A03     		.2byte	0x32a
 2278 1106 1D       		.byte	0x1d
 2279 1107 CD000000 		.4byte	0xcd
 2280 110b 0C       		.byte	0xc
ARM GAS  C:\Users\angio\AppData\Local\Temp\ccrvFn2X.s 			page 41


 2281 110c 00       		.byte	0
 2282 110d 11       		.uleb128 0x11
 2283 110e 83010000 		.4byte	.LASF199
 2284 1112 15       		.byte	0x15
 2285 1113 2B03     		.2byte	0x32b
 2286 1115 03       		.byte	0x3
 2287 1116 CA100000 		.4byte	0x10ca
 2288 111a 06       		.uleb128 0x6
 2289 111b 0D110000 		.4byte	0x110d
 2290 111f 0D       		.uleb128 0xd
 2291 1120 04       		.byte	0x4
 2292 1121 1A110000 		.4byte	0x111a
 2293 1125 0D       		.uleb128 0xd
 2294 1126 04       		.byte	0x4
 2295 1127 CC0D0000 		.4byte	0xdcc
 2296 112b 1D       		.uleb128 0x1d
 2297 112c B5070000 		.4byte	.LASF201
 2298 1130 15       		.byte	0x15
 2299 1131 7F03     		.2byte	0x37f
 2300 1133 12       		.byte	0x12
 2301 1134 47100000 		.4byte	0x1047
 2302 1138 1D       		.uleb128 0x1d
 2303 1139 54000000 		.4byte	.LASF202
 2304 113d 15       		.byte	0x15
 2305 113e 8B03     		.2byte	0x38b
 2306 1140 12       		.byte	0x12
 2307 1141 47100000 		.4byte	0x1047
 2308 1145 1E       		.uleb128 0x1e
 2309 1146 07       		.byte	0x7
 2310 1147 01       		.byte	0x1
 2311 1148 5D000000 		.4byte	0x5d
 2312 114c 17       		.byte	0x17
 2313 114d 58       		.byte	0x58
 2314 114e 0E       		.byte	0xe
 2315 114f 66110000 		.4byte	0x1166
 2316 1153 1F       		.uleb128 0x1f
 2317 1154 BD0B0000 		.4byte	.LASF203
 2318 1158 00       		.byte	0
 2319 1159 1F       		.uleb128 0x1f
 2320 115a 47050000 		.4byte	.LASF204
 2321 115e 01       		.byte	0x1
 2322 115f 1F       		.uleb128 0x1f
 2323 1160 FA090000 		.4byte	.LASF205
 2324 1164 02       		.byte	0x2
 2325 1165 00       		.byte	0
 2326 1166 03       		.uleb128 0x3
 2327 1167 21050000 		.4byte	.LASF206
 2328 116b 17       		.byte	0x17
 2329 116c 5C       		.byte	0x5c
 2330 116d 03       		.byte	0x3
 2331 116e 45110000 		.4byte	0x1145
 2332 1172 03       		.uleb128 0x3
 2333 1173 12000000 		.4byte	.LASF207
 2334 1177 17       		.byte	0x17
 2335 1178 61       		.byte	0x61
 2336 1179 22       		.byte	0x22
 2337 117a 7E110000 		.4byte	0x117e
ARM GAS  C:\Users\angio\AppData\Local\Temp\ccrvFn2X.s 			page 42


 2338 117e 07       		.uleb128 0x7
 2339 117f AA000000 		.4byte	.LASF208
 2340 1183 60       		.byte	0x60
 2341 1184 17       		.byte	0x17
 2342 1185 7B       		.byte	0x7b
 2343 1186 08       		.byte	0x8
 2344 1187 F4110000 		.4byte	0x11f4
 2345 118b 08       		.uleb128 0x8
 2346 118c 766D7400 		.ascii	"vmt\000"
 2347 1190 17       		.byte	0x17
 2348 1191 7D       		.byte	0x7d
 2349 1192 21       		.byte	0x21
 2350 1193 96120000 		.4byte	0x1296
 2351 1197 00       		.byte	0
 2352 1198 09       		.uleb128 0x9
 2353 1199 E3020000 		.4byte	.LASF209
 2354 119d 17       		.byte	0x17
 2355 119e 7E       		.byte	0x7e
 2356 119f 03       		.byte	0x3
 2357 11a0 260C0000 		.4byte	0xc26
 2358 11a4 04       		.byte	0x4
 2359 11a5 09       		.uleb128 0x9
 2360 11a6 250E0000 		.4byte	.LASF35
 2361 11aa 17       		.byte	0x17
 2362 11ab 7E       		.byte	0x7e
 2363 11ac 03       		.byte	0x3
 2364 11ad 66110000 		.4byte	0x1166
 2365 11b1 08       		.byte	0x8
 2366 11b2 09       		.uleb128 0x9
 2367 11b3 A9050000 		.4byte	.LASF210
 2368 11b7 17       		.byte	0x17
 2369 11b8 7E       		.byte	0x7e
 2370 11b9 03       		.byte	0x3
 2371 11ba 910F0000 		.4byte	0xf91
 2372 11be 0C       		.byte	0xc
 2373 11bf 09       		.uleb128 0x9
 2374 11c0 B4090000 		.4byte	.LASF211
 2375 11c4 17       		.byte	0x17
 2376 11c5 7E       		.byte	0x7e
 2377 11c6 03       		.byte	0x3
 2378 11c7 9D0F0000 		.4byte	0xf9d
 2379 11cb 30       		.byte	0x30
 2380 11cc 09       		.uleb128 0x9
 2381 11cd C9070000 		.4byte	.LASF212
 2382 11d1 17       		.byte	0x17
 2383 11d2 7E       		.byte	0x7e
 2384 11d3 03       		.byte	0x3
 2385 11d4 9C120000 		.4byte	0x129c
 2386 11d8 54       		.byte	0x54
 2387 11d9 09       		.uleb128 0x9
 2388 11da F6050000 		.4byte	.LASF193
 2389 11de 17       		.byte	0x17
 2390 11df 7E       		.byte	0x7e
 2391 11e0 03       		.byte	0x3
 2392 11e1 CD000000 		.4byte	0xcd
 2393 11e5 58       		.byte	0x58
 2394 11e6 09       		.uleb128 0x9
ARM GAS  C:\Users\angio\AppData\Local\Temp\ccrvFn2X.s 			page 43


 2395 11e7 440A0000 		.4byte	.LASF213
 2396 11eb 17       		.byte	0x17
 2397 11ec 7E       		.byte	0x7e
 2398 11ed 03       		.byte	0x3
 2399 11ee AB000000 		.4byte	0xab
 2400 11f2 5C       		.byte	0x5c
 2401 11f3 00       		.byte	0
 2402 11f4 20       		.uleb128 0x20
 2403 11f5 53443200 		.ascii	"SD2\000"
 2404 11f9 3D       		.byte	0x3d
 2405 11fa 9302     		.2byte	0x293
 2406 11fc 15       		.byte	0x15
 2407 11fd 72110000 		.4byte	0x1172
 2408 1201 07       		.uleb128 0x7
 2409 1202 D40E0000 		.4byte	.LASF214
 2410 1206 28       		.byte	0x28
 2411 1207 17       		.byte	0x17
 2412 1208 70       		.byte	0x70
 2413 1209 08       		.byte	0x8
 2414 120a 91120000 		.4byte	0x1291
 2415 120e 09       		.uleb128 0x9
 2416 120f 80080000 		.4byte	.LASF215
 2417 1213 17       		.byte	0x17
 2418 1214 71       		.byte	0x71
 2419 1215 03       		.byte	0x3
 2420 1216 24000000 		.4byte	0x24
 2421 121a 00       		.byte	0
 2422 121b 09       		.uleb128 0x9
 2423 121c FF070000 		.4byte	.LASF216
 2424 1220 17       		.byte	0x17
 2425 1221 71       		.byte	0x71
 2426 1222 03       		.byte	0x3
 2427 1223 F80D0000 		.4byte	0xdf8
 2428 1227 04       		.byte	0x4
 2429 1228 09       		.uleb128 0x9
 2430 1229 B30B0000 		.4byte	.LASF217
 2431 122d 17       		.byte	0x17
 2432 122e 71       		.byte	0x71
 2433 122f 03       		.byte	0x3
 2434 1230 170E0000 		.4byte	0xe17
 2435 1234 08       		.byte	0x8
 2436 1235 08       		.uleb128 0x8
 2437 1236 70757400 		.ascii	"put\000"
 2438 123a 17       		.byte	0x17
 2439 123b 71       		.byte	0x71
 2440 123c 03       		.byte	0x3
 2441 123d 310E0000 		.4byte	0xe31
 2442 1241 0C       		.byte	0xc
 2443 1242 08       		.uleb128 0x8
 2444 1243 67657400 		.ascii	"get\000"
 2445 1247 17       		.byte	0x17
 2446 1248 71       		.byte	0x71
 2447 1249 03       		.byte	0x3
 2448 124a 460E0000 		.4byte	0xe46
 2449 124e 10       		.byte	0x10
 2450 124f 09       		.uleb128 0x9
 2451 1250 B4040000 		.4byte	.LASF218
ARM GAS  C:\Users\angio\AppData\Local\Temp\ccrvFn2X.s 			page 44


 2452 1254 17       		.byte	0x17
 2453 1255 71       		.byte	0x71
 2454 1256 03       		.byte	0x3
 2455 1257 650E0000 		.4byte	0xe65
 2456 125b 14       		.byte	0x14
 2457 125c 09       		.uleb128 0x9
 2458 125d E70B0000 		.4byte	.LASF219
 2459 1261 17       		.byte	0x17
 2460 1262 71       		.byte	0x71
 2461 1263 03       		.byte	0x3
 2462 1264 7F0E0000 		.4byte	0xe7f
 2463 1268 18       		.byte	0x18
 2464 1269 09       		.uleb128 0x9
 2465 126a 4F020000 		.4byte	.LASF220
 2466 126e 17       		.byte	0x17
 2467 126f 71       		.byte	0x71
 2468 1270 03       		.byte	0x3
 2469 1271 A30E0000 		.4byte	0xea3
 2470 1275 1C       		.byte	0x1c
 2471 1276 09       		.uleb128 0x9
 2472 1277 56080000 		.4byte	.LASF221
 2473 127b 17       		.byte	0x17
 2474 127c 71       		.byte	0x71
 2475 127d 03       		.byte	0x3
 2476 127e C70E0000 		.4byte	0xec7
 2477 1282 20       		.byte	0x20
 2478 1283 08       		.uleb128 0x8
 2479 1284 63746C00 		.ascii	"ctl\000"
 2480 1288 17       		.byte	0x17
 2481 1289 71       		.byte	0x71
 2482 128a 03       		.byte	0x3
 2483 128b E60E0000 		.4byte	0xee6
 2484 128f 24       		.byte	0x24
 2485 1290 00       		.byte	0
 2486 1291 06       		.uleb128 0x6
 2487 1292 01120000 		.4byte	0x1201
 2488 1296 0D       		.uleb128 0xd
 2489 1297 04       		.byte	0x4
 2490 1298 91120000 		.4byte	0x1291
 2491 129c 0D       		.uleb128 0xd
 2492 129d 04       		.byte	0x4
 2493 129e DA070000 		.4byte	0x7da
 2494 12a2 03       		.uleb128 0x3
 2495 12a3 100D0000 		.4byte	.LASF222
 2496 12a7 18       		.byte	0x18
 2497 12a8 82       		.byte	0x82
 2498 12a9 16       		.byte	0x16
 2499 12aa 54010000 		.4byte	0x154
 2500 12ae 03       		.uleb128 0x3
 2501 12af EF0E0000 		.4byte	.LASF223
 2502 12b3 18       		.byte	0x18
 2503 12b4 87       		.byte	0x87
 2504 12b5 1F       		.byte	0x1f
 2505 12b6 BA120000 		.4byte	0x12ba
 2506 12ba 07       		.uleb128 0x7
 2507 12bb 3C080000 		.4byte	.LASF224
 2508 12bf 30       		.byte	0x30
ARM GAS  C:\Users\angio\AppData\Local\Temp\ccrvFn2X.s 			page 45


 2509 12c0 18       		.byte	0x18
 2510 12c1 C1       		.byte	0xc1
 2511 12c2 08       		.byte	0x8
 2512 12c3 63130000 		.4byte	0x1363
 2513 12c7 08       		.uleb128 0x8
 2514 12c8 766D7400 		.ascii	"vmt\000"
 2515 12cc 18       		.byte	0x18
 2516 12cd C6       		.byte	0xc6
 2517 12ce 20       		.byte	0x20
 2518 12cf B5140000 		.4byte	0x14b5
 2519 12d3 00       		.byte	0
 2520 12d4 09       		.uleb128 0x9
 2521 12d5 250E0000 		.4byte	.LASF35
 2522 12d9 18       		.byte	0x18
 2523 12da CB       		.byte	0xcb
 2524 12db 1D       		.byte	0x1d
 2525 12dc 07140000 		.4byte	0x1407
 2526 12e0 04       		.byte	0x4
 2527 12e1 09       		.uleb128 0x9
 2528 12e2 120A0000 		.4byte	.LASF52
 2529 12e6 18       		.byte	0x18
 2530 12e7 CF       		.byte	0xcf
 2531 12e8 1E       		.byte	0x1e
 2532 12e9 BB140000 		.4byte	0x14bb
 2533 12ed 08       		.byte	0x8
 2534 12ee 09       		.uleb128 0x9
 2535 12ef E50D0000 		.4byte	.LASF225
 2536 12f3 18       		.byte	0x18
 2537 12f4 D3       		.byte	0xd3
 2538 12f5 1D       		.byte	0x1d
 2539 12f6 A2120000 		.4byte	0x12a2
 2540 12fa 0C       		.byte	0xc
 2541 12fb 08       		.uleb128 0x8
 2542 12fc 636200   		.ascii	"cb\000"
 2543 12ff 18       		.byte	0x18
 2544 1300 D8       		.byte	0xd8
 2545 1301 1D       		.byte	0x1d
 2546 1302 C3130000 		.4byte	0x13c3
 2547 1306 10       		.byte	0x10
 2548 1307 08       		.uleb128 0x8
 2549 1308 61726700 		.ascii	"arg\000"
 2550 130c 18       		.byte	0x18
 2551 130d DD       		.byte	0xdd
 2552 130e 1E       		.byte	0x1e
 2553 130f 2C090000 		.4byte	0x92c
 2554 1313 14       		.byte	0x14
 2555 1314 09       		.uleb128 0x9
 2556 1315 F90E0000 		.4byte	.LASF226
 2557 1319 18       		.byte	0x18
 2558 131a E2       		.byte	0xe2
 2559 131b 1D       		.byte	0x1d
 2560 131c 96090000 		.4byte	0x996
 2561 1320 18       		.byte	0x18
 2562 1321 09       		.uleb128 0x9
 2563 1322 D3030000 		.4byte	.LASF227
 2564 1326 18       		.byte	0x18
 2565 1327 E6       		.byte	0xe6
ARM GAS  C:\Users\angio\AppData\Local\Temp\ccrvFn2X.s 			page 46


 2566 1328 1D       		.byte	0x1d
 2567 1329 96090000 		.4byte	0x996
 2568 132d 1C       		.byte	0x1c
 2569 132e 09       		.uleb128 0x9
 2570 132f 80000000 		.4byte	.LASF228
 2571 1333 18       		.byte	0x18
 2572 1334 EA       		.byte	0xea
 2573 1335 1D       		.byte	0x1d
 2574 1336 96090000 		.4byte	0x996
 2575 133a 20       		.byte	0x20
 2576 133b 09       		.uleb128 0x9
 2577 133c BD060000 		.4byte	.LASF229
 2578 1340 18       		.byte	0x18
 2579 1341 EE       		.byte	0xee
 2580 1342 1D       		.byte	0x1d
 2581 1343 96090000 		.4byte	0x996
 2582 1347 24       		.byte	0x24
 2583 1348 09       		.uleb128 0x9
 2584 1349 C9070000 		.4byte	.LASF212
 2585 134d 18       		.byte	0x18
 2586 134e F4       		.byte	0xf4
 2587 134f 03       		.byte	0x3
 2588 1350 9C120000 		.4byte	0x129c
 2589 1354 28       		.byte	0x28
 2590 1355 09       		.uleb128 0x9
 2591 1356 F6050000 		.4byte	.LASF193
 2592 135a 18       		.byte	0x18
 2593 135b F4       		.byte	0xf4
 2594 135c 03       		.byte	0x3
 2595 135d CD000000 		.4byte	0xcd
 2596 1361 2C       		.byte	0x2c
 2597 1362 00       		.byte	0
 2598 1363 03       		.uleb128 0x3
 2599 1364 20030000 		.4byte	.LASF230
 2600 1368 18       		.byte	0x18
 2601 1369 8C       		.byte	0x8c
 2602 136a 1F       		.byte	0x1f
 2603 136b 74130000 		.4byte	0x1374
 2604 136f 06       		.uleb128 0x6
 2605 1370 63130000 		.4byte	0x1363
 2606 1374 07       		.uleb128 0x7
 2607 1375 220B0000 		.4byte	.LASF231
 2608 1379 14       		.byte	0x14
 2609 137a 18       		.byte	0x18
 2610 137b A5       		.byte	0xa5
 2611 137c 08       		.byte	0x8
 2612 137d C3130000 		.4byte	0x13c3
 2613 1381 09       		.uleb128 0x9
 2614 1382 8D050000 		.4byte	.LASF232
 2615 1386 18       		.byte	0x18
 2616 1387 A7       		.byte	0xa7
 2617 1388 03       		.byte	0x3
 2618 1389 CD000000 		.4byte	0xcd
 2619 138d 00       		.byte	0
 2620 138e 09       		.uleb128 0x9
 2621 138f 2D060000 		.4byte	.LASF233
 2622 1393 18       		.byte	0x18
ARM GAS  C:\Users\angio\AppData\Local\Temp\ccrvFn2X.s 			page 47


 2623 1394 A7       		.byte	0xa7
 2624 1395 03       		.byte	0x3
 2625 1396 CD000000 		.4byte	0xcd
 2626 139a 04       		.byte	0x4
 2627 139b 08       		.uleb128 0x8
 2628 139c 63723100 		.ascii	"cr1\000"
 2629 13a0 18       		.byte	0x18
 2630 13a1 A7       		.byte	0xa7
 2631 13a2 03       		.byte	0x3
 2632 13a3 CD000000 		.4byte	0xcd
 2633 13a7 08       		.byte	0x8
 2634 13a8 08       		.uleb128 0x8
 2635 13a9 63723200 		.ascii	"cr2\000"
 2636 13ad 18       		.byte	0x18
 2637 13ae A7       		.byte	0xa7
 2638 13af 03       		.byte	0x3
 2639 13b0 CD000000 		.4byte	0xcd
 2640 13b4 0C       		.byte	0xc
 2641 13b5 08       		.uleb128 0x8
 2642 13b6 63723300 		.ascii	"cr3\000"
 2643 13ba 18       		.byte	0x18
 2644 13bb A7       		.byte	0xa7
 2645 13bc 03       		.byte	0x3
 2646 13bd CD000000 		.4byte	0xcd
 2647 13c1 10       		.byte	0x10
 2648 13c2 00       		.byte	0
 2649 13c3 03       		.uleb128 0x3
 2650 13c4 CF0D0000 		.4byte	.LASF234
 2651 13c8 18       		.byte	0x18
 2652 13c9 93       		.byte	0x93
 2653 13ca 10       		.byte	0x10
 2654 13cb CF130000 		.4byte	0x13cf
 2655 13cf 0D       		.uleb128 0xd
 2656 13d0 04       		.byte	0x4
 2657 13d1 D5130000 		.4byte	0x13d5
 2658 13d5 16       		.uleb128 0x16
 2659 13d6 E0130000 		.4byte	0x13e0
 2660 13da 17       		.uleb128 0x17
 2661 13db E0130000 		.4byte	0x13e0
 2662 13df 00       		.byte	0
 2663 13e0 0D       		.uleb128 0xd
 2664 13e1 04       		.byte	0x4
 2665 13e2 AE120000 		.4byte	0x12ae
 2666 13e6 1E       		.uleb128 0x1e
 2667 13e7 07       		.byte	0x7
 2668 13e8 01       		.byte	0x1
 2669 13e9 5D000000 		.4byte	0x5d
 2670 13ed 18       		.byte	0x18
 2671 13ee 98       		.byte	0x98
 2672 13ef 0E       		.byte	0xe
 2673 13f0 07140000 		.4byte	0x1407
 2674 13f4 1F       		.uleb128 0x1f
 2675 13f5 DC0B0000 		.4byte	.LASF235
 2676 13f9 00       		.byte	0
 2677 13fa 1F       		.uleb128 0x1f
 2678 13fb 9D070000 		.4byte	.LASF236
 2679 13ff 01       		.byte	0x1
ARM GAS  C:\Users\angio\AppData\Local\Temp\ccrvFn2X.s 			page 48


 2680 1400 1F       		.uleb128 0x1f
 2681 1401 EF070000 		.4byte	.LASF237
 2682 1405 02       		.byte	0x2
 2683 1406 00       		.byte	0
 2684 1407 03       		.uleb128 0x3
 2685 1408 7E0D0000 		.4byte	.LASF238
 2686 140c 18       		.byte	0x18
 2687 140d 9C       		.byte	0x9c
 2688 140e 03       		.byte	0x3
 2689 140f E6130000 		.4byte	0x13e6
 2690 1413 1D       		.uleb128 0x1d
 2691 1414 AC040000 		.4byte	.LASF239
 2692 1418 19       		.byte	0x19
 2693 1419 D301     		.2byte	0x1d3
 2694 141b 12       		.byte	0x12
 2695 141c AE120000 		.4byte	0x12ae
 2696 1420 07       		.uleb128 0x7
 2697 1421 B9040000 		.4byte	.LASF240
 2698 1425 28       		.byte	0x28
 2699 1426 18       		.byte	0x18
 2700 1427 B8       		.byte	0xb8
 2701 1428 08       		.byte	0x8
 2702 1429 B0140000 		.4byte	0x14b0
 2703 142d 09       		.uleb128 0x9
 2704 142e 80080000 		.4byte	.LASF215
 2705 1432 18       		.byte	0x18
 2706 1433 B9       		.byte	0xb9
 2707 1434 03       		.byte	0x3
 2708 1435 24000000 		.4byte	0x24
 2709 1439 00       		.byte	0
 2710 143a 09       		.uleb128 0x9
 2711 143b FF070000 		.4byte	.LASF216
 2712 143f 18       		.byte	0x18
 2713 1440 B9       		.byte	0xb9
 2714 1441 03       		.byte	0x3
 2715 1442 F80D0000 		.4byte	0xdf8
 2716 1446 04       		.byte	0x4
 2717 1447 09       		.uleb128 0x9
 2718 1448 B30B0000 		.4byte	.LASF217
 2719 144c 18       		.byte	0x18
 2720 144d B9       		.byte	0xb9
 2721 144e 03       		.byte	0x3
 2722 144f 170E0000 		.4byte	0xe17
 2723 1453 08       		.byte	0x8
 2724 1454 08       		.uleb128 0x8
 2725 1455 70757400 		.ascii	"put\000"
 2726 1459 18       		.byte	0x18
 2727 145a B9       		.byte	0xb9
 2728 145b 03       		.byte	0x3
 2729 145c 310E0000 		.4byte	0xe31
 2730 1460 0C       		.byte	0xc
 2731 1461 08       		.uleb128 0x8
 2732 1462 67657400 		.ascii	"get\000"
 2733 1466 18       		.byte	0x18
 2734 1467 B9       		.byte	0xb9
 2735 1468 03       		.byte	0x3
 2736 1469 460E0000 		.4byte	0xe46
ARM GAS  C:\Users\angio\AppData\Local\Temp\ccrvFn2X.s 			page 49


 2737 146d 10       		.byte	0x10
 2738 146e 09       		.uleb128 0x9
 2739 146f B4040000 		.4byte	.LASF218
 2740 1473 18       		.byte	0x18
 2741 1474 B9       		.byte	0xb9
 2742 1475 03       		.byte	0x3
 2743 1476 650E0000 		.4byte	0xe65
 2744 147a 14       		.byte	0x14
 2745 147b 09       		.uleb128 0x9
 2746 147c E70B0000 		.4byte	.LASF219
 2747 1480 18       		.byte	0x18
 2748 1481 B9       		.byte	0xb9
 2749 1482 03       		.byte	0x3
 2750 1483 7F0E0000 		.4byte	0xe7f
 2751 1487 18       		.byte	0x18
 2752 1488 09       		.uleb128 0x9
 2753 1489 4F020000 		.4byte	.LASF220
 2754 148d 18       		.byte	0x18
 2755 148e B9       		.byte	0xb9
 2756 148f 03       		.byte	0x3
 2757 1490 A30E0000 		.4byte	0xea3
 2758 1494 1C       		.byte	0x1c
 2759 1495 09       		.uleb128 0x9
 2760 1496 56080000 		.4byte	.LASF221
 2761 149a 18       		.byte	0x18
 2762 149b B9       		.byte	0xb9
 2763 149c 03       		.byte	0x3
 2764 149d C70E0000 		.4byte	0xec7
 2765 14a1 20       		.byte	0x20
 2766 14a2 08       		.uleb128 0x8
 2767 14a3 63746C00 		.ascii	"ctl\000"
 2768 14a7 18       		.byte	0x18
 2769 14a8 B9       		.byte	0xb9
 2770 14a9 03       		.byte	0x3
 2771 14aa E60E0000 		.4byte	0xee6
 2772 14ae 24       		.byte	0x24
 2773 14af 00       		.byte	0
 2774 14b0 06       		.uleb128 0x6
 2775 14b1 20140000 		.4byte	0x1420
 2776 14b5 0D       		.uleb128 0xd
 2777 14b6 04       		.byte	0x4
 2778 14b7 B0140000 		.4byte	0x14b0
 2779 14bb 0D       		.uleb128 0xd
 2780 14bc 04       		.byte	0x4
 2781 14bd 6F130000 		.4byte	0x136f
 2782 14c1 21       		.uleb128 0x21
 2783 14c2 050C0000 		.4byte	.LASF241
 2784 14c6 1A       		.byte	0x1a
 2785 14c7 90       		.byte	0x90
 2786 14c8 06       		.byte	0x6
 2787 14c9 21       		.uleb128 0x21
 2788 14ca 3A070000 		.4byte	.LASF242
 2789 14ce 1A       		.byte	0x1a
 2790 14cf 64       		.byte	0x64
 2791 14d0 06       		.byte	0x6
 2792 14d1 22       		.uleb128 0x22
 2793 14d2 7F0F0000 		.4byte	.LASF243
ARM GAS  C:\Users\angio\AppData\Local\Temp\ccrvFn2X.s 			page 50


 2794 14d6 1B       		.byte	0x1b
 2795 14d7 5D       		.byte	0x5d
 2796 14d8 14       		.byte	0x14
 2797 14d9 22       		.uleb128 0x22
 2798 14da A50A0000 		.4byte	.LASF244
 2799 14de 1B       		.byte	0x1b
 2800 14df 56       		.byte	0x56
 2801 14e0 14       		.byte	0x14
 2802 14e1 22       		.uleb128 0x22
 2803 14e2 D2080000 		.4byte	.LASF245
 2804 14e6 1C       		.byte	0x1c
 2805 14e7 5D       		.byte	0x5d
 2806 14e8 14       		.byte	0x14
 2807 14e9 22       		.uleb128 0x22
 2808 14ea 0C060000 		.4byte	.LASF246
 2809 14ee 1C       		.byte	0x1c
 2810 14ef 56       		.byte	0x56
 2811 14f0 14       		.byte	0x14
 2812 14f1 22       		.uleb128 0x22
 2813 14f2 B1010000 		.4byte	.LASF247
 2814 14f6 1D       		.byte	0x1d
 2815 14f7 54       		.byte	0x54
 2816 14f8 14       		.byte	0x14
 2817 14f9 22       		.uleb128 0x22
 2818 14fa FD010000 		.4byte	.LASF248
 2819 14fe 1D       		.byte	0x1d
 2820 14ff 4E       		.byte	0x4e
 2821 1500 14       		.byte	0x14
 2822 1501 21       		.uleb128 0x21
 2823 1502 56090000 		.4byte	.LASF249
 2824 1506 1E       		.byte	0x1e
 2825 1507 64       		.byte	0x64
 2826 1508 01       		.byte	0x1
 2827 1509 22       		.uleb128 0x22
 2828 150a 5A070000 		.4byte	.LASF250
 2829 150e 1E       		.byte	0x1e
 2830 150f 54       		.byte	0x54
 2831 1510 14       		.byte	0x14
 2832 1511 22       		.uleb128 0x22
 2833 1512 090F0000 		.4byte	.LASF251
 2834 1516 1E       		.byte	0x1e
 2835 1517 4E       		.byte	0x4e
 2836 1518 14       		.byte	0x14
 2837 1519 22       		.uleb128 0x22
 2838 151a 6C030000 		.4byte	.LASF252
 2839 151e 1F       		.byte	0x1f
 2840 151f 54       		.byte	0x54
 2841 1520 14       		.byte	0x14
 2842 1521 22       		.uleb128 0x22
 2843 1522 B40A0000 		.4byte	.LASF253
 2844 1526 1F       		.byte	0x1f
 2845 1527 4E       		.byte	0x4e
 2846 1528 14       		.byte	0x14
 2847 1529 22       		.uleb128 0x22
 2848 152a 38000000 		.4byte	.LASF254
 2849 152e 20       		.byte	0x20
 2850 152f 54       		.byte	0x54
ARM GAS  C:\Users\angio\AppData\Local\Temp\ccrvFn2X.s 			page 51


 2851 1530 14       		.byte	0x14
 2852 1531 22       		.uleb128 0x22
 2853 1532 BB070000 		.4byte	.LASF255
 2854 1536 20       		.byte	0x20
 2855 1537 4E       		.byte	0x4e
 2856 1538 14       		.byte	0x14
 2857 1539 21       		.uleb128 0x21
 2858 153a 46020000 		.4byte	.LASF256
 2859 153e 21       		.byte	0x21
 2860 153f 64       		.byte	0x64
 2861 1540 01       		.byte	0x1
 2862 1541 22       		.uleb128 0x22
 2863 1542 530D0000 		.4byte	.LASF257
 2864 1546 21       		.byte	0x21
 2865 1547 54       		.byte	0x54
 2866 1548 14       		.byte	0x14
 2867 1549 22       		.uleb128 0x22
 2868 154a A9030000 		.4byte	.LASF258
 2869 154e 21       		.byte	0x21
 2870 154f 4E       		.byte	0x4e
 2871 1550 14       		.byte	0x14
 2872 1551 21       		.uleb128 0x21
 2873 1552 DC040000 		.4byte	.LASF259
 2874 1556 22       		.byte	0x22
 2875 1557 64       		.byte	0x64
 2876 1558 01       		.byte	0x1
 2877 1559 22       		.uleb128 0x22
 2878 155a 42060000 		.4byte	.LASF260
 2879 155e 22       		.byte	0x22
 2880 155f 54       		.byte	0x54
 2881 1560 14       		.byte	0x14
 2882 1561 22       		.uleb128 0x22
 2883 1562 2A000000 		.4byte	.LASF261
 2884 1566 22       		.byte	0x22
 2885 1567 4E       		.byte	0x4e
 2886 1568 14       		.byte	0x14
 2887 1569 22       		.uleb128 0x22
 2888 156a F6020000 		.4byte	.LASF262
 2889 156e 23       		.byte	0x23
 2890 156f AC       		.byte	0xac
 2891 1570 14       		.byte	0x14
 2892 1571 22       		.uleb128 0x22
 2893 1572 1F010000 		.4byte	.LASF263
 2894 1576 23       		.byte	0x23
 2895 1577 99       		.byte	0x99
 2896 1578 14       		.byte	0x14
 2897 1579 21       		.uleb128 0x21
 2898 157a 5D0A0000 		.4byte	.LASF264
 2899 157e 24       		.byte	0x24
 2900 157f 55       		.byte	0x55
 2901 1580 01       		.byte	0x1
 2902 1581 22       		.uleb128 0x22
 2903 1582 7C020000 		.4byte	.LASF265
 2904 1586 24       		.byte	0x24
 2905 1587 45       		.byte	0x45
 2906 1588 14       		.byte	0x14
 2907 1589 22       		.uleb128 0x22
ARM GAS  C:\Users\angio\AppData\Local\Temp\ccrvFn2X.s 			page 52


 2908 158a 99000000 		.4byte	.LASF266
 2909 158e 24       		.byte	0x24
 2910 158f 3F       		.byte	0x3f
 2911 1590 14       		.byte	0x14
 2912 1591 22       		.uleb128 0x22
 2913 1592 FF0C0000 		.4byte	.LASF267
 2914 1596 25       		.byte	0x25
 2915 1597 45       		.byte	0x45
 2916 1598 14       		.byte	0x14
 2917 1599 22       		.uleb128 0x22
 2918 159a B3020000 		.4byte	.LASF268
 2919 159e 25       		.byte	0x25
 2920 159f 3F       		.byte	0x3f
 2921 15a0 14       		.byte	0x14
 2922 15a1 22       		.uleb128 0x22
 2923 15a2 7D070000 		.4byte	.LASF269
 2924 15a6 26       		.byte	0x26
 2925 15a7 45       		.byte	0x45
 2926 15a8 14       		.byte	0x14
 2927 15a9 22       		.uleb128 0x22
 2928 15aa 2D090000 		.4byte	.LASF270
 2929 15ae 26       		.byte	0x26
 2930 15af 3F       		.byte	0x3f
 2931 15b0 14       		.byte	0x14
 2932 15b1 22       		.uleb128 0x22
 2933 15b2 3C090000 		.4byte	.LASF271
 2934 15b6 27       		.byte	0x27
 2935 15b7 45       		.byte	0x45
 2936 15b8 14       		.byte	0x14
 2937 15b9 22       		.uleb128 0x22
 2938 15ba 9F080000 		.4byte	.LASF272
 2939 15be 27       		.byte	0x27
 2940 15bf 3F       		.byte	0x3f
 2941 15c0 14       		.byte	0x14
 2942 15c1 21       		.uleb128 0x21
 2943 15c2 7F040000 		.4byte	.LASF273
 2944 15c6 28       		.byte	0x28
 2945 15c7 55       		.byte	0x55
 2946 15c8 01       		.byte	0x1
 2947 15c9 22       		.uleb128 0x22
 2948 15ca 1A040000 		.4byte	.LASF274
 2949 15ce 28       		.byte	0x28
 2950 15cf 45       		.byte	0x45
 2951 15d0 14       		.byte	0x14
 2952 15d1 22       		.uleb128 0x22
 2953 15d2 31050000 		.4byte	.LASF275
 2954 15d6 28       		.byte	0x28
 2955 15d7 3F       		.byte	0x3f
 2956 15d8 14       		.byte	0x14
 2957 15d9 22       		.uleb128 0x22
 2958 15da 2A0F0000 		.4byte	.LASF276
 2959 15de 29       		.byte	0x29
 2960 15df 45       		.byte	0x45
 2961 15e0 14       		.byte	0x14
 2962 15e1 22       		.uleb128 0x22
 2963 15e2 0A040000 		.4byte	.LASF277
 2964 15e6 29       		.byte	0x29
ARM GAS  C:\Users\angio\AppData\Local\Temp\ccrvFn2X.s 			page 53


 2965 15e7 3F       		.byte	0x3f
 2966 15e8 14       		.byte	0x14
 2967 15e9 22       		.uleb128 0x22
 2968 15ea 6B060000 		.4byte	.LASF278
 2969 15ee 2A       		.byte	0x2a
 2970 15ef 4C       		.byte	0x4c
 2971 15f0 14       		.byte	0x14
 2972 15f1 22       		.uleb128 0x22
 2973 15f2 880B0000 		.4byte	.LASF279
 2974 15f6 2A       		.byte	0x2a
 2975 15f7 46       		.byte	0x46
 2976 15f8 14       		.byte	0x14
 2977 15f9 22       		.uleb128 0x22
 2978 15fa E2000000 		.4byte	.LASF280
 2979 15fe 2B       		.byte	0x2b
 2980 15ff 4C       		.byte	0x4c
 2981 1600 14       		.byte	0x14
 2982 1601 22       		.uleb128 0x22
 2983 1602 AD060000 		.4byte	.LASF281
 2984 1606 2B       		.byte	0x2b
 2985 1607 46       		.byte	0x46
 2986 1608 14       		.byte	0x14
 2987 1609 22       		.uleb128 0x22
 2988 160a 980B0000 		.4byte	.LASF282
 2989 160e 2C       		.byte	0x2c
 2990 160f 4C       		.byte	0x4c
 2991 1610 14       		.byte	0x14
 2992 1611 22       		.uleb128 0x22
 2993 1612 E5030000 		.4byte	.LASF283
 2994 1616 2C       		.byte	0x2c
 2995 1617 46       		.byte	0x46
 2996 1618 14       		.byte	0x14
 2997 1619 22       		.uleb128 0x22
 2998 161a 320E0000 		.4byte	.LASF284
 2999 161e 2D       		.byte	0x2d
 3000 161f 3D       		.byte	0x3d
 3001 1620 14       		.byte	0x14
 3002 1621 22       		.uleb128 0x22
 3003 1622 060E0000 		.4byte	.LASF285
 3004 1626 2D       		.byte	0x2d
 3005 1627 37       		.byte	0x37
 3006 1628 14       		.byte	0x14
 3007 1629 22       		.uleb128 0x22
 3008 162a F5030000 		.4byte	.LASF286
 3009 162e 2E       		.byte	0x2e
 3010 162f 3E       		.byte	0x3e
 3011 1630 14       		.byte	0x14
 3012 1631 22       		.uleb128 0x22
 3013 1632 72050000 		.4byte	.LASF287
 3014 1636 2E       		.byte	0x2e
 3015 1637 37       		.byte	0x37
 3016 1638 14       		.byte	0x14
 3017 1639 22       		.uleb128 0x22
 3018 163a 4C0F0000 		.4byte	.LASF288
 3019 163e 2F       		.byte	0x2f
 3020 163f 3E       		.byte	0x3e
 3021 1640 14       		.byte	0x14
ARM GAS  C:\Users\angio\AppData\Local\Temp\ccrvFn2X.s 			page 54


 3022 1641 22       		.uleb128 0x22
 3023 1642 B60E0000 		.4byte	.LASF289
 3024 1646 2F       		.byte	0x2f
 3025 1647 37       		.byte	0x37
 3026 1648 14       		.byte	0x14
 3027 1649 22       		.uleb128 0x22
 3028 164a 00000000 		.4byte	.LASF290
 3029 164e 30       		.byte	0x30
 3030 164f 3D       		.byte	0x3d
 3031 1650 14       		.byte	0x14
 3032 1651 22       		.uleb128 0x22
 3033 1652 6C090000 		.4byte	.LASF291
 3034 1656 30       		.byte	0x30
 3035 1657 37       		.byte	0x37
 3036 1658 14       		.byte	0x14
 3037 1659 22       		.uleb128 0x22
 3038 165a 4B0A0000 		.4byte	.LASF292
 3039 165e 31       		.byte	0x31
 3040 165f 3D       		.byte	0x3d
 3041 1660 14       		.byte	0x14
 3042 1661 22       		.uleb128 0x22
 3043 1662 FC050000 		.4byte	.LASF293
 3044 1666 31       		.byte	0x31
 3045 1667 37       		.byte	0x37
 3046 1668 14       		.byte	0x14
 3047 1669 22       		.uleb128 0x22
 3048 166a 56050000 		.4byte	.LASF294
 3049 166e 32       		.byte	0x32
 3050 166f 3D       		.byte	0x3d
 3051 1670 14       		.byte	0x14
 3052 1671 22       		.uleb128 0x22
 3053 1672 ED010000 		.4byte	.LASF295
 3054 1676 32       		.byte	0x32
 3055 1677 37       		.byte	0x37
 3056 1678 14       		.byte	0x14
 3057 1679 22       		.uleb128 0x22
 3058 167a 890D0000 		.4byte	.LASF296
 3059 167e 33       		.byte	0x33
 3060 167f 3E       		.byte	0x3e
 3061 1680 14       		.byte	0x14
 3062 1681 22       		.uleb128 0x22
 3063 1682 3A0B0000 		.4byte	.LASF297
 3064 1686 33       		.byte	0x33
 3065 1687 37       		.byte	0x37
 3066 1688 14       		.byte	0x14
 3067 1689 23       		.uleb128 0x23
 3068 168a 9B050000 		.4byte	.LASF300
 3069 168e 34       		.byte	0x34
 3070 168f 4E       		.byte	0x4e
 3071 1690 01       		.byte	0x1
 3072 1691 AF160000 		.4byte	0x16af
 3073 1695 24       		.uleb128 0x24
 3074 1696 707200   		.ascii	"pr\000"
 3075 1699 34       		.byte	0x34
 3076 169a 4F       		.byte	0x4f
 3077 169b 0C       		.byte	0xc
 3078 169c CD000000 		.4byte	0xcd
ARM GAS  C:\Users\angio\AppData\Local\Temp\ccrvFn2X.s 			page 55


 3079 16a0 25       		.uleb128 0x25
 3080 16a1 24       		.uleb128 0x24
 3081 16a2 70723100 		.ascii	"pr1\000"
 3082 16a6 34       		.byte	0x34
 3083 16a7 53       		.byte	0x53
 3084 16a8 03       		.byte	0x3
 3085 16a9 CD000000 		.4byte	0xcd
 3086 16ad 00       		.byte	0
 3087 16ae 00       		.byte	0
 3088 16af 22       		.uleb128 0x22
 3089 16b0 B8080000 		.4byte	.LASF298
 3090 16b4 34       		.byte	0x34
 3091 16b5 3D       		.byte	0x3d
 3092 16b6 14       		.byte	0x14
 3093 16b7 22       		.uleb128 0x22
 3094 16b8 1A060000 		.4byte	.LASF299
 3095 16bc 34       		.byte	0x34
 3096 16bd 37       		.byte	0x37
 3097 16be 14       		.byte	0x14
 3098 16bf 23       		.uleb128 0x23
 3099 16c0 02090000 		.4byte	.LASF301
 3100 16c4 35       		.byte	0x35
 3101 16c5 4E       		.byte	0x4e
 3102 16c6 01       		.byte	0x1
 3103 16c7 E5160000 		.4byte	0x16e5
 3104 16cb 24       		.uleb128 0x24
 3105 16cc 707200   		.ascii	"pr\000"
 3106 16cf 35       		.byte	0x35
 3107 16d0 4F       		.byte	0x4f
 3108 16d1 0C       		.byte	0xc
 3109 16d2 CD000000 		.4byte	0xcd
 3110 16d6 25       		.uleb128 0x25
 3111 16d7 24       		.uleb128 0x24
 3112 16d8 70723100 		.ascii	"pr1\000"
 3113 16dc 35       		.byte	0x35
 3114 16dd 53       		.byte	0x53
 3115 16de 03       		.byte	0x3
 3116 16df CD000000 		.4byte	0xcd
 3117 16e3 00       		.byte	0
 3118 16e4 00       		.byte	0
 3119 16e5 22       		.uleb128 0x22
 3120 16e6 59030000 		.4byte	.LASF302
 3121 16ea 35       		.byte	0x35
 3122 16eb 3D       		.byte	0x3d
 3123 16ec 14       		.byte	0x14
 3124 16ed 22       		.uleb128 0x22
 3125 16ee 88000000 		.4byte	.LASF303
 3126 16f2 35       		.byte	0x35
 3127 16f3 37       		.byte	0x37
 3128 16f4 14       		.byte	0x14
 3129 16f5 23       		.uleb128 0x23
 3130 16f6 ED050000 		.4byte	.LASF304
 3131 16fa 36       		.byte	0x36
 3132 16fb 4E       		.byte	0x4e
 3133 16fc 01       		.byte	0x1
 3134 16fd 1B170000 		.4byte	0x171b
 3135 1701 24       		.uleb128 0x24
ARM GAS  C:\Users\angio\AppData\Local\Temp\ccrvFn2X.s 			page 56


 3136 1702 707200   		.ascii	"pr\000"
 3137 1705 36       		.byte	0x36
 3138 1706 4F       		.byte	0x4f
 3139 1707 0C       		.byte	0xc
 3140 1708 CD000000 		.4byte	0xcd
 3141 170c 25       		.uleb128 0x25
 3142 170d 24       		.uleb128 0x24
 3143 170e 70723100 		.ascii	"pr1\000"
 3144 1712 36       		.byte	0x36
 3145 1713 53       		.byte	0x53
 3146 1714 03       		.byte	0x3
 3147 1715 CD000000 		.4byte	0xcd
 3148 1719 00       		.byte	0
 3149 171a 00       		.byte	0
 3150 171b 22       		.uleb128 0x22
 3151 171c A90D0000 		.4byte	.LASF305
 3152 1720 36       		.byte	0x36
 3153 1721 3D       		.byte	0x3d
 3154 1722 14       		.byte	0x14
 3155 1723 22       		.uleb128 0x22
 3156 1724 7D060000 		.4byte	.LASF306
 3157 1728 36       		.byte	0x36
 3158 1729 37       		.byte	0x37
 3159 172a 14       		.byte	0x14
 3160 172b 23       		.uleb128 0x23
 3161 172c CD050000 		.4byte	.LASF307
 3162 1730 37       		.byte	0x37
 3163 1731 4E       		.byte	0x4e
 3164 1732 01       		.byte	0x1
 3165 1733 51170000 		.4byte	0x1751
 3166 1737 24       		.uleb128 0x24
 3167 1738 707200   		.ascii	"pr\000"
 3168 173b 37       		.byte	0x37
 3169 173c 4F       		.byte	0x4f
 3170 173d 0C       		.byte	0xc
 3171 173e CD000000 		.4byte	0xcd
 3172 1742 25       		.uleb128 0x25
 3173 1743 24       		.uleb128 0x24
 3174 1744 70723100 		.ascii	"pr1\000"
 3175 1748 37       		.byte	0x37
 3176 1749 53       		.byte	0x53
 3177 174a 03       		.byte	0x3
 3178 174b CD000000 		.4byte	0xcd
 3179 174f 00       		.byte	0
 3180 1750 00       		.byte	0
 3181 1751 22       		.uleb128 0x22
 3182 1752 05080000 		.4byte	.LASF308
 3183 1756 37       		.byte	0x37
 3184 1757 3D       		.byte	0x3d
 3185 1758 14       		.byte	0x14
 3186 1759 22       		.uleb128 0x22
 3187 175a 6B0E0000 		.4byte	.LASF309
 3188 175e 37       		.byte	0x37
 3189 175f 37       		.byte	0x37
 3190 1760 14       		.byte	0x14
 3191 1761 23       		.uleb128 0x23
 3192 1762 C4050000 		.4byte	.LASF310
ARM GAS  C:\Users\angio\AppData\Local\Temp\ccrvFn2X.s 			page 57


 3193 1766 38       		.byte	0x38
 3194 1767 4E       		.byte	0x4e
 3195 1768 01       		.byte	0x1
 3196 1769 87170000 		.4byte	0x1787
 3197 176d 24       		.uleb128 0x24
 3198 176e 707200   		.ascii	"pr\000"
 3199 1771 38       		.byte	0x38
 3200 1772 4F       		.byte	0x4f
 3201 1773 0C       		.byte	0xc
 3202 1774 CD000000 		.4byte	0xcd
 3203 1778 25       		.uleb128 0x25
 3204 1779 24       		.uleb128 0x24
 3205 177a 70723100 		.ascii	"pr1\000"
 3206 177e 38       		.byte	0x38
 3207 177f 53       		.byte	0x53
 3208 1780 03       		.byte	0x3
 3209 1781 CD000000 		.4byte	0xcd
 3210 1785 00       		.byte	0
 3211 1786 00       		.byte	0
 3212 1787 22       		.uleb128 0x22
 3213 1788 56020000 		.4byte	.LASF311
 3214 178c 38       		.byte	0x38
 3215 178d 3D       		.byte	0x3d
 3216 178e 14       		.byte	0x14
 3217 178f 22       		.uleb128 0x22
 3218 1790 350A0000 		.4byte	.LASF312
 3219 1794 38       		.byte	0x38
 3220 1795 37       		.byte	0x37
 3221 1796 14       		.byte	0x14
 3222 1797 23       		.uleb128 0x23
 3223 1798 F8040000 		.4byte	.LASF313
 3224 179c 39       		.byte	0x39
 3225 179d 4E       		.byte	0x4e
 3226 179e 01       		.byte	0x1
 3227 179f BD170000 		.4byte	0x17bd
 3228 17a3 24       		.uleb128 0x24
 3229 17a4 707200   		.ascii	"pr\000"
 3230 17a7 39       		.byte	0x39
 3231 17a8 4F       		.byte	0x4f
 3232 17a9 0C       		.byte	0xc
 3233 17aa CD000000 		.4byte	0xcd
 3234 17ae 25       		.uleb128 0x25
 3235 17af 24       		.uleb128 0x24
 3236 17b0 70723100 		.ascii	"pr1\000"
 3237 17b4 39       		.byte	0x39
 3238 17b5 53       		.byte	0x53
 3239 17b6 03       		.byte	0x3
 3240 17b7 CD000000 		.4byte	0xcd
 3241 17bb 00       		.byte	0
 3242 17bc 00       		.byte	0
 3243 17bd 22       		.uleb128 0x22
 3244 17be F50D0000 		.4byte	.LASF314
 3245 17c2 39       		.byte	0x39
 3246 17c3 3D       		.byte	0x3d
 3247 17c4 14       		.byte	0x14
 3248 17c5 22       		.uleb128 0x22
 3249 17c6 1D070000 		.4byte	.LASF315
ARM GAS  C:\Users\angio\AppData\Local\Temp\ccrvFn2X.s 			page 58


 3250 17ca 39       		.byte	0x39
 3251 17cb 37       		.byte	0x37
 3252 17cc 14       		.byte	0x14
 3253 17cd 23       		.uleb128 0x23
 3254 17ce BB090000 		.4byte	.LASF316
 3255 17d2 3A       		.byte	0x3a
 3256 17d3 4E       		.byte	0x4e
 3257 17d4 01       		.byte	0x1
 3258 17d5 F3170000 		.4byte	0x17f3
 3259 17d9 24       		.uleb128 0x24
 3260 17da 707200   		.ascii	"pr\000"
 3261 17dd 3A       		.byte	0x3a
 3262 17de 4F       		.byte	0x4f
 3263 17df 0C       		.byte	0xc
 3264 17e0 CD000000 		.4byte	0xcd
 3265 17e4 25       		.uleb128 0x25
 3266 17e5 24       		.uleb128 0x24
 3267 17e6 70723100 		.ascii	"pr1\000"
 3268 17ea 3A       		.byte	0x3a
 3269 17eb 53       		.byte	0x53
 3270 17ec 03       		.byte	0x3
 3271 17ed CD000000 		.4byte	0xcd
 3272 17f1 00       		.byte	0
 3273 17f2 00       		.byte	0
 3274 17f3 22       		.uleb128 0x22
 3275 17f4 840A0000 		.4byte	.LASF317
 3276 17f8 3A       		.byte	0x3a
 3277 17f9 3D       		.byte	0x3d
 3278 17fa 14       		.byte	0x14
 3279 17fb 22       		.uleb128 0x22
 3280 17fc CC020000 		.4byte	.LASF318
 3281 1800 3A       		.byte	0x3a
 3282 1801 37       		.byte	0x37
 3283 1802 14       		.byte	0x14
 3284 1803 26       		.uleb128 0x26
 3285 1804 D2010000 		.4byte	.LASF331
 3286 1808 3B       		.byte	0x3b
 3287 1809 9703     		.2byte	0x397
 3288 180b 14       		.byte	0x14
 3289 180c 2B180000 		.4byte	0x182b
 3290 1810 27       		.uleb128 0x27
 3291 1811 74717000 		.ascii	"tqp\000"
 3292 1815 3B       		.byte	0x3b
 3293 1816 9703     		.2byte	0x397
 3294 1818 3B       		.byte	0x3b
 3295 1819 2B180000 		.4byte	0x182b
 3296 181d 27       		.uleb128 0x27
 3297 181e 6D736700 		.ascii	"msg\000"
 3298 1822 3B       		.byte	0x3b
 3299 1823 9703     		.2byte	0x397
 3300 1825 46       		.byte	0x46
 3301 1826 3C010000 		.4byte	0x13c
 3302 182a 00       		.byte	0
 3303 182b 0D       		.uleb128 0xd
 3304 182c 04       		.byte	0x4
 3305 182d C3090000 		.4byte	0x9c3
 3306 1831 28       		.uleb128 0x28
ARM GAS  C:\Users\angio\AppData\Local\Temp\ccrvFn2X.s 			page 59


 3307 1832 690B0000 		.4byte	.LASF319
 3308 1836 3B       		.byte	0x3b
 3309 1837 5E02     		.2byte	0x25e
 3310 1839 14       		.byte	0x14
 3311 183a 28       		.uleb128 0x28
 3312 183b E5040000 		.4byte	.LASF320
 3313 183f 3B       		.byte	0x3b
 3314 1840 5302     		.2byte	0x253
 3315 1842 14       		.byte	0x14
 3316 1843 28       		.uleb128 0x28
 3317 1844 99040000 		.4byte	.LASF321
 3318 1848 3C       		.byte	0x3c
 3319 1849 D901     		.2byte	0x1d9
 3320 184b 14       		.byte	0x14
 3321 184c 28       		.uleb128 0x28
 3322 184d C1010000 		.4byte	.LASF322
 3323 1851 3C       		.byte	0x3c
 3324 1852 C301     		.2byte	0x1c3
 3325 1854 14       		.byte	0x14
 3326 1855 28       		.uleb128 0x28
 3327 1856 BA0D0000 		.4byte	.LASF323
 3328 185a 0D       		.byte	0xd
 3329 185b 3503     		.2byte	0x335
 3330 185d 1B       		.byte	0x1b
 3331 185e 28       		.uleb128 0x28
 3332 185f E6060000 		.4byte	.LASF324
 3333 1863 0D       		.byte	0xd
 3334 1864 2A03     		.2byte	0x32a
 3335 1866 1B       		.byte	0x1b
 3336 1867 28       		.uleb128 0x28
 3337 1868 170F0000 		.4byte	.LASF325
 3338 186c 0D       		.byte	0xd
 3339 186d 1F03     		.2byte	0x31f
 3340 186f 1B       		.byte	0x1b
 3341 1870 28       		.uleb128 0x28
 3342 1871 65010000 		.4byte	.LASF326
 3343 1875 0D       		.byte	0xd
 3344 1876 0B03     		.2byte	0x30b
 3345 1878 1B       		.byte	0x1b
 3346 1879 29       		.uleb128 0x29
 3347 187a DF050000 		.4byte	.LASF332
 3348 187e 3E       		.byte	0x3e
 3349 187f EB01     		.2byte	0x1eb
 3350 1881 1B       		.byte	0x1b
 3351 1882 2A       		.uleb128 0x2a
 3352 1883 88040000 		.4byte	.LASF327
 3353 1887 3E       		.byte	0x3e
 3354 1888 EB01     		.2byte	0x1eb
 3355 188a 32       		.byte	0x32
 3356 188b CD000000 		.4byte	0xcd
 3357 188f 00       		.byte	0
 3358 1890 00       		.byte	0
 3359              		.section	.gnu.debuglto_.debug_abbrev,"e",%progbits
 3360              	.Ldebug_abbrev0:
 3361 0000 01       		.uleb128 0x1
 3362 0001 11       		.uleb128 0x11
 3363 0002 01       		.byte	0x1
ARM GAS  C:\Users\angio\AppData\Local\Temp\ccrvFn2X.s 			page 60


 3364 0003 25       		.uleb128 0x25
 3365 0004 0E       		.uleb128 0xe
 3366 0005 13       		.uleb128 0x13
 3367 0006 0B       		.uleb128 0xb
 3368 0007 03       		.uleb128 0x3
 3369 0008 0E       		.uleb128 0xe
 3370 0009 1B       		.uleb128 0x1b
 3371 000a 0E       		.uleb128 0xe
 3372 000b 10       		.uleb128 0x10
 3373 000c 17       		.uleb128 0x17
 3374 000d 00       		.byte	0
 3375 000e 00       		.byte	0
 3376 000f 02       		.uleb128 0x2
 3377 0010 24       		.uleb128 0x24
 3378 0011 00       		.byte	0
 3379 0012 0B       		.uleb128 0xb
 3380 0013 0B       		.uleb128 0xb
 3381 0014 3E       		.uleb128 0x3e
 3382 0015 0B       		.uleb128 0xb
 3383 0016 03       		.uleb128 0x3
 3384 0017 08       		.uleb128 0x8
 3385 0018 00       		.byte	0
 3386 0019 00       		.byte	0
 3387 001a 03       		.uleb128 0x3
 3388 001b 16       		.uleb128 0x16
 3389 001c 00       		.byte	0
 3390 001d 03       		.uleb128 0x3
 3391 001e 0E       		.uleb128 0xe
 3392 001f 3A       		.uleb128 0x3a
 3393 0020 0B       		.uleb128 0xb
 3394 0021 3B       		.uleb128 0x3b
 3395 0022 0B       		.uleb128 0xb
 3396 0023 39       		.uleb128 0x39
 3397 0024 0B       		.uleb128 0xb
 3398 0025 49       		.uleb128 0x49
 3399 0026 13       		.uleb128 0x13
 3400 0027 00       		.byte	0
 3401 0028 00       		.byte	0
 3402 0029 04       		.uleb128 0x4
 3403 002a 35       		.uleb128 0x35
 3404 002b 00       		.byte	0
 3405 002c 49       		.uleb128 0x49
 3406 002d 13       		.uleb128 0x13
 3407 002e 00       		.byte	0
 3408 002f 00       		.byte	0
 3409 0030 05       		.uleb128 0x5
 3410 0031 24       		.uleb128 0x24
 3411 0032 00       		.byte	0
 3412 0033 0B       		.uleb128 0xb
 3413 0034 0B       		.uleb128 0xb
 3414 0035 3E       		.uleb128 0x3e
 3415 0036 0B       		.uleb128 0xb
 3416 0037 03       		.uleb128 0x3
 3417 0038 0E       		.uleb128 0xe
 3418 0039 00       		.byte	0
 3419 003a 00       		.byte	0
 3420 003b 06       		.uleb128 0x6
ARM GAS  C:\Users\angio\AppData\Local\Temp\ccrvFn2X.s 			page 61


 3421 003c 26       		.uleb128 0x26
 3422 003d 00       		.byte	0
 3423 003e 49       		.uleb128 0x49
 3424 003f 13       		.uleb128 0x13
 3425 0040 00       		.byte	0
 3426 0041 00       		.byte	0
 3427 0042 07       		.uleb128 0x7
 3428 0043 13       		.uleb128 0x13
 3429 0044 01       		.byte	0x1
 3430 0045 03       		.uleb128 0x3
 3431 0046 0E       		.uleb128 0xe
 3432 0047 0B       		.uleb128 0xb
 3433 0048 0B       		.uleb128 0xb
 3434 0049 3A       		.uleb128 0x3a
 3435 004a 0B       		.uleb128 0xb
 3436 004b 3B       		.uleb128 0x3b
 3437 004c 0B       		.uleb128 0xb
 3438 004d 39       		.uleb128 0x39
 3439 004e 0B       		.uleb128 0xb
 3440 004f 01       		.uleb128 0x1
 3441 0050 13       		.uleb128 0x13
 3442 0051 00       		.byte	0
 3443 0052 00       		.byte	0
 3444 0053 08       		.uleb128 0x8
 3445 0054 0D       		.uleb128 0xd
 3446 0055 00       		.byte	0
 3447 0056 03       		.uleb128 0x3
 3448 0057 08       		.uleb128 0x8
 3449 0058 3A       		.uleb128 0x3a
 3450 0059 0B       		.uleb128 0xb
 3451 005a 3B       		.uleb128 0x3b
 3452 005b 0B       		.uleb128 0xb
 3453 005c 39       		.uleb128 0x39
 3454 005d 0B       		.uleb128 0xb
 3455 005e 49       		.uleb128 0x49
 3456 005f 13       		.uleb128 0x13
 3457 0060 38       		.uleb128 0x38
 3458 0061 0B       		.uleb128 0xb
 3459 0062 00       		.byte	0
 3460 0063 00       		.byte	0
 3461 0064 09       		.uleb128 0x9
 3462 0065 0D       		.uleb128 0xd
 3463 0066 00       		.byte	0
 3464 0067 03       		.uleb128 0x3
 3465 0068 0E       		.uleb128 0xe
 3466 0069 3A       		.uleb128 0x3a
 3467 006a 0B       		.uleb128 0xb
 3468 006b 3B       		.uleb128 0x3b
 3469 006c 0B       		.uleb128 0xb
 3470 006d 39       		.uleb128 0x39
 3471 006e 0B       		.uleb128 0xb
 3472 006f 49       		.uleb128 0x49
 3473 0070 13       		.uleb128 0x13
 3474 0071 38       		.uleb128 0x38
 3475 0072 0B       		.uleb128 0xb
 3476 0073 00       		.byte	0
 3477 0074 00       		.byte	0
ARM GAS  C:\Users\angio\AppData\Local\Temp\ccrvFn2X.s 			page 62


 3478 0075 0A       		.uleb128 0xa
 3479 0076 0D       		.uleb128 0xd
 3480 0077 00       		.byte	0
 3481 0078 03       		.uleb128 0x3
 3482 0079 08       		.uleb128 0x8
 3483 007a 3A       		.uleb128 0x3a
 3484 007b 0B       		.uleb128 0xb
 3485 007c 3B       		.uleb128 0x3b
 3486 007d 05       		.uleb128 0x5
 3487 007e 39       		.uleb128 0x39
 3488 007f 0B       		.uleb128 0xb
 3489 0080 49       		.uleb128 0x49
 3490 0081 13       		.uleb128 0x13
 3491 0082 38       		.uleb128 0x38
 3492 0083 0B       		.uleb128 0xb
 3493 0084 00       		.byte	0
 3494 0085 00       		.byte	0
 3495 0086 0B       		.uleb128 0xb
 3496 0087 0D       		.uleb128 0xd
 3497 0088 00       		.byte	0
 3498 0089 03       		.uleb128 0x3
 3499 008a 0E       		.uleb128 0xe
 3500 008b 3A       		.uleb128 0x3a
 3501 008c 0B       		.uleb128 0xb
 3502 008d 3B       		.uleb128 0x3b
 3503 008e 05       		.uleb128 0x5
 3504 008f 39       		.uleb128 0x39
 3505 0090 0B       		.uleb128 0xb
 3506 0091 49       		.uleb128 0x49
 3507 0092 13       		.uleb128 0x13
 3508 0093 38       		.uleb128 0x38
 3509 0094 0B       		.uleb128 0xb
 3510 0095 00       		.byte	0
 3511 0096 00       		.byte	0
 3512 0097 0C       		.uleb128 0xc
 3513 0098 13       		.uleb128 0x13
 3514 0099 01       		.byte	0x1
 3515 009a 03       		.uleb128 0x3
 3516 009b 0E       		.uleb128 0xe
 3517 009c 0B       		.uleb128 0xb
 3518 009d 0B       		.uleb128 0xb
 3519 009e 3A       		.uleb128 0x3a
 3520 009f 0B       		.uleb128 0xb
 3521 00a0 3B       		.uleb128 0x3b
 3522 00a1 05       		.uleb128 0x5
 3523 00a2 39       		.uleb128 0x39
 3524 00a3 0B       		.uleb128 0xb
 3525 00a4 01       		.uleb128 0x1
 3526 00a5 13       		.uleb128 0x13
 3527 00a6 00       		.byte	0
 3528 00a7 00       		.byte	0
 3529 00a8 0D       		.uleb128 0xd
 3530 00a9 0F       		.uleb128 0xf
 3531 00aa 00       		.byte	0
 3532 00ab 0B       		.uleb128 0xb
 3533 00ac 0B       		.uleb128 0xb
 3534 00ad 49       		.uleb128 0x49
ARM GAS  C:\Users\angio\AppData\Local\Temp\ccrvFn2X.s 			page 63


 3535 00ae 13       		.uleb128 0x13
 3536 00af 00       		.byte	0
 3537 00b0 00       		.byte	0
 3538 00b1 0E       		.uleb128 0xe
 3539 00b2 13       		.uleb128 0x13
 3540 00b3 01       		.byte	0x1
 3541 00b4 0B       		.uleb128 0xb
 3542 00b5 0B       		.uleb128 0xb
 3543 00b6 3A       		.uleb128 0x3a
 3544 00b7 0B       		.uleb128 0xb
 3545 00b8 3B       		.uleb128 0x3b
 3546 00b9 05       		.uleb128 0x5
 3547 00ba 39       		.uleb128 0x39
 3548 00bb 0B       		.uleb128 0xb
 3549 00bc 01       		.uleb128 0x1
 3550 00bd 13       		.uleb128 0x13
 3551 00be 00       		.byte	0
 3552 00bf 00       		.byte	0
 3553 00c0 0F       		.uleb128 0xf
 3554 00c1 01       		.uleb128 0x1
 3555 00c2 01       		.byte	0x1
 3556 00c3 49       		.uleb128 0x49
 3557 00c4 13       		.uleb128 0x13
 3558 00c5 01       		.uleb128 0x1
 3559 00c6 13       		.uleb128 0x13
 3560 00c7 00       		.byte	0
 3561 00c8 00       		.byte	0
 3562 00c9 10       		.uleb128 0x10
 3563 00ca 21       		.uleb128 0x21
 3564 00cb 00       		.byte	0
 3565 00cc 49       		.uleb128 0x49
 3566 00cd 13       		.uleb128 0x13
 3567 00ce 2F       		.uleb128 0x2f
 3568 00cf 0B       		.uleb128 0xb
 3569 00d0 00       		.byte	0
 3570 00d1 00       		.byte	0
 3571 00d2 11       		.uleb128 0x11
 3572 00d3 16       		.uleb128 0x16
 3573 00d4 00       		.byte	0
 3574 00d5 03       		.uleb128 0x3
 3575 00d6 0E       		.uleb128 0xe
 3576 00d7 3A       		.uleb128 0x3a
 3577 00d8 0B       		.uleb128 0xb
 3578 00d9 3B       		.uleb128 0x3b
 3579 00da 05       		.uleb128 0x5
 3580 00db 39       		.uleb128 0x39
 3581 00dc 0B       		.uleb128 0xb
 3582 00dd 49       		.uleb128 0x49
 3583 00de 13       		.uleb128 0x13
 3584 00df 00       		.byte	0
 3585 00e0 00       		.byte	0
 3586 00e1 12       		.uleb128 0x12
 3587 00e2 0F       		.uleb128 0xf
 3588 00e3 00       		.byte	0
 3589 00e4 0B       		.uleb128 0xb
 3590 00e5 0B       		.uleb128 0xb
 3591 00e6 00       		.byte	0
ARM GAS  C:\Users\angio\AppData\Local\Temp\ccrvFn2X.s 			page 64


 3592 00e7 00       		.byte	0
 3593 00e8 13       		.uleb128 0x13
 3594 00e9 17       		.uleb128 0x17
 3595 00ea 01       		.byte	0x1
 3596 00eb 0B       		.uleb128 0xb
 3597 00ec 0B       		.uleb128 0xb
 3598 00ed 3A       		.uleb128 0x3a
 3599 00ee 0B       		.uleb128 0xb
 3600 00ef 3B       		.uleb128 0x3b
 3601 00f0 0B       		.uleb128 0xb
 3602 00f1 39       		.uleb128 0x39
 3603 00f2 0B       		.uleb128 0xb
 3604 00f3 01       		.uleb128 0x1
 3605 00f4 13       		.uleb128 0x13
 3606 00f5 00       		.byte	0
 3607 00f6 00       		.byte	0
 3608 00f7 14       		.uleb128 0x14
 3609 00f8 0D       		.uleb128 0xd
 3610 00f9 00       		.byte	0
 3611 00fa 03       		.uleb128 0x3
 3612 00fb 0E       		.uleb128 0xe
 3613 00fc 3A       		.uleb128 0x3a
 3614 00fd 0B       		.uleb128 0xb
 3615 00fe 3B       		.uleb128 0x3b
 3616 00ff 0B       		.uleb128 0xb
 3617 0100 39       		.uleb128 0x39
 3618 0101 0B       		.uleb128 0xb
 3619 0102 49       		.uleb128 0x49
 3620 0103 13       		.uleb128 0x13
 3621 0104 00       		.byte	0
 3622 0105 00       		.byte	0
 3623 0106 15       		.uleb128 0x15
 3624 0107 0D       		.uleb128 0xd
 3625 0108 00       		.byte	0
 3626 0109 03       		.uleb128 0x3
 3627 010a 0E       		.uleb128 0xe
 3628 010b 3A       		.uleb128 0x3a
 3629 010c 0B       		.uleb128 0xb
 3630 010d 3B       		.uleb128 0x3b
 3631 010e 05       		.uleb128 0x5
 3632 010f 39       		.uleb128 0x39
 3633 0110 0B       		.uleb128 0xb
 3634 0111 49       		.uleb128 0x49
 3635 0112 13       		.uleb128 0x13
 3636 0113 00       		.byte	0
 3637 0114 00       		.byte	0
 3638 0115 16       		.uleb128 0x16
 3639 0116 15       		.uleb128 0x15
 3640 0117 01       		.byte	0x1
 3641 0118 27       		.uleb128 0x27
 3642 0119 19       		.uleb128 0x19
 3643 011a 01       		.uleb128 0x1
 3644 011b 13       		.uleb128 0x13
 3645 011c 00       		.byte	0
 3646 011d 00       		.byte	0
 3647 011e 17       		.uleb128 0x17
 3648 011f 05       		.uleb128 0x5
ARM GAS  C:\Users\angio\AppData\Local\Temp\ccrvFn2X.s 			page 65


 3649 0120 00       		.byte	0
 3650 0121 49       		.uleb128 0x49
 3651 0122 13       		.uleb128 0x13
 3652 0123 00       		.byte	0
 3653 0124 00       		.byte	0
 3654 0125 18       		.uleb128 0x18
 3655 0126 13       		.uleb128 0x13
 3656 0127 01       		.byte	0x1
 3657 0128 0B       		.uleb128 0xb
 3658 0129 05       		.uleb128 0x5
 3659 012a 3A       		.uleb128 0x3a
 3660 012b 0B       		.uleb128 0xb
 3661 012c 3B       		.uleb128 0x3b
 3662 012d 05       		.uleb128 0x5
 3663 012e 39       		.uleb128 0x39
 3664 012f 0B       		.uleb128 0xb
 3665 0130 01       		.uleb128 0x1
 3666 0131 13       		.uleb128 0x13
 3667 0132 00       		.byte	0
 3668 0133 00       		.byte	0
 3669 0134 19       		.uleb128 0x19
 3670 0135 0D       		.uleb128 0xd
 3671 0136 00       		.byte	0
 3672 0137 03       		.uleb128 0x3
 3673 0138 08       		.uleb128 0x8
 3674 0139 3A       		.uleb128 0x3a
 3675 013a 0B       		.uleb128 0xb
 3676 013b 3B       		.uleb128 0x3b
 3677 013c 05       		.uleb128 0x5
 3678 013d 39       		.uleb128 0x39
 3679 013e 0B       		.uleb128 0xb
 3680 013f 49       		.uleb128 0x49
 3681 0140 13       		.uleb128 0x13
 3682 0141 38       		.uleb128 0x38
 3683 0142 05       		.uleb128 0x5
 3684 0143 00       		.byte	0
 3685 0144 00       		.byte	0
 3686 0145 1A       		.uleb128 0x1a
 3687 0146 0D       		.uleb128 0xd
 3688 0147 00       		.byte	0
 3689 0148 03       		.uleb128 0x3
 3690 0149 0E       		.uleb128 0xe
 3691 014a 3A       		.uleb128 0x3a
 3692 014b 0B       		.uleb128 0xb
 3693 014c 3B       		.uleb128 0x3b
 3694 014d 05       		.uleb128 0x5
 3695 014e 39       		.uleb128 0x39
 3696 014f 0B       		.uleb128 0xb
 3697 0150 49       		.uleb128 0x49
 3698 0151 13       		.uleb128 0x13
 3699 0152 38       		.uleb128 0x38
 3700 0153 05       		.uleb128 0x5
 3701 0154 00       		.byte	0
 3702 0155 00       		.byte	0
 3703 0156 1B       		.uleb128 0x1b
 3704 0157 15       		.uleb128 0x15
 3705 0158 01       		.byte	0x1
ARM GAS  C:\Users\angio\AppData\Local\Temp\ccrvFn2X.s 			page 66


 3706 0159 27       		.uleb128 0x27
 3707 015a 19       		.uleb128 0x19
 3708 015b 49       		.uleb128 0x49
 3709 015c 13       		.uleb128 0x13
 3710 015d 01       		.uleb128 0x1
 3711 015e 13       		.uleb128 0x13
 3712 015f 00       		.byte	0
 3713 0160 00       		.byte	0
 3714 0161 1C       		.uleb128 0x1c
 3715 0162 13       		.uleb128 0x13
 3716 0163 01       		.byte	0x1
 3717 0164 0B       		.uleb128 0xb
 3718 0165 0B       		.uleb128 0xb
 3719 0166 3A       		.uleb128 0x3a
 3720 0167 0B       		.uleb128 0xb
 3721 0168 3B       		.uleb128 0x3b
 3722 0169 0B       		.uleb128 0xb
 3723 016a 39       		.uleb128 0x39
 3724 016b 0B       		.uleb128 0xb
 3725 016c 01       		.uleb128 0x1
 3726 016d 13       		.uleb128 0x13
 3727 016e 00       		.byte	0
 3728 016f 00       		.byte	0
 3729 0170 1D       		.uleb128 0x1d
 3730 0171 34       		.uleb128 0x34
 3731 0172 00       		.byte	0
 3732 0173 03       		.uleb128 0x3
 3733 0174 0E       		.uleb128 0xe
 3734 0175 3A       		.uleb128 0x3a
 3735 0176 0B       		.uleb128 0xb
 3736 0177 3B       		.uleb128 0x3b
 3737 0178 05       		.uleb128 0x5
 3738 0179 39       		.uleb128 0x39
 3739 017a 0B       		.uleb128 0xb
 3740 017b 49       		.uleb128 0x49
 3741 017c 13       		.uleb128 0x13
 3742 017d 3F       		.uleb128 0x3f
 3743 017e 19       		.uleb128 0x19
 3744 017f 3C       		.uleb128 0x3c
 3745 0180 19       		.uleb128 0x19
 3746 0181 00       		.byte	0
 3747 0182 00       		.byte	0
 3748 0183 1E       		.uleb128 0x1e
 3749 0184 04       		.uleb128 0x4
 3750 0185 01       		.byte	0x1
 3751 0186 3E       		.uleb128 0x3e
 3752 0187 0B       		.uleb128 0xb
 3753 0188 0B       		.uleb128 0xb
 3754 0189 0B       		.uleb128 0xb
 3755 018a 49       		.uleb128 0x49
 3756 018b 13       		.uleb128 0x13
 3757 018c 3A       		.uleb128 0x3a
 3758 018d 0B       		.uleb128 0xb
 3759 018e 3B       		.uleb128 0x3b
 3760 018f 0B       		.uleb128 0xb
 3761 0190 39       		.uleb128 0x39
 3762 0191 0B       		.uleb128 0xb
ARM GAS  C:\Users\angio\AppData\Local\Temp\ccrvFn2X.s 			page 67


 3763 0192 01       		.uleb128 0x1
 3764 0193 13       		.uleb128 0x13
 3765 0194 00       		.byte	0
 3766 0195 00       		.byte	0
 3767 0196 1F       		.uleb128 0x1f
 3768 0197 28       		.uleb128 0x28
 3769 0198 00       		.byte	0
 3770 0199 03       		.uleb128 0x3
 3771 019a 0E       		.uleb128 0xe
 3772 019b 1C       		.uleb128 0x1c
 3773 019c 0B       		.uleb128 0xb
 3774 019d 00       		.byte	0
 3775 019e 00       		.byte	0
 3776 019f 20       		.uleb128 0x20
 3777 01a0 34       		.uleb128 0x34
 3778 01a1 00       		.byte	0
 3779 01a2 03       		.uleb128 0x3
 3780 01a3 08       		.uleb128 0x8
 3781 01a4 3A       		.uleb128 0x3a
 3782 01a5 0B       		.uleb128 0xb
 3783 01a6 3B       		.uleb128 0x3b
 3784 01a7 05       		.uleb128 0x5
 3785 01a8 39       		.uleb128 0x39
 3786 01a9 0B       		.uleb128 0xb
 3787 01aa 49       		.uleb128 0x49
 3788 01ab 13       		.uleb128 0x13
 3789 01ac 3F       		.uleb128 0x3f
 3790 01ad 19       		.uleb128 0x19
 3791 01ae 3C       		.uleb128 0x3c
 3792 01af 19       		.uleb128 0x19
 3793 01b0 00       		.byte	0
 3794 01b1 00       		.byte	0
 3795 01b2 21       		.uleb128 0x21
 3796 01b3 2E       		.uleb128 0x2e
 3797 01b4 00       		.byte	0
 3798 01b5 3F       		.uleb128 0x3f
 3799 01b6 19       		.uleb128 0x19
 3800 01b7 03       		.uleb128 0x3
 3801 01b8 0E       		.uleb128 0xe
 3802 01b9 3A       		.uleb128 0x3a
 3803 01ba 0B       		.uleb128 0xb
 3804 01bb 3B       		.uleb128 0x3b
 3805 01bc 0B       		.uleb128 0xb
 3806 01bd 39       		.uleb128 0x39
 3807 01be 0B       		.uleb128 0xb
 3808 01bf 27       		.uleb128 0x27
 3809 01c0 19       		.uleb128 0x19
 3810 01c1 00       		.byte	0
 3811 01c2 00       		.byte	0
 3812 01c3 22       		.uleb128 0x22
 3813 01c4 2E       		.uleb128 0x2e
 3814 01c5 00       		.byte	0
 3815 01c6 03       		.uleb128 0x3
 3816 01c7 0E       		.uleb128 0xe
 3817 01c8 3A       		.uleb128 0x3a
 3818 01c9 0B       		.uleb128 0xb
 3819 01ca 3B       		.uleb128 0x3b
ARM GAS  C:\Users\angio\AppData\Local\Temp\ccrvFn2X.s 			page 68


 3820 01cb 0B       		.uleb128 0xb
 3821 01cc 39       		.uleb128 0x39
 3822 01cd 0B       		.uleb128 0xb
 3823 01ce 27       		.uleb128 0x27
 3824 01cf 19       		.uleb128 0x19
 3825 01d0 00       		.byte	0
 3826 01d1 00       		.byte	0
 3827 01d2 23       		.uleb128 0x23
 3828 01d3 2E       		.uleb128 0x2e
 3829 01d4 01       		.byte	0x1
 3830 01d5 3F       		.uleb128 0x3f
 3831 01d6 19       		.uleb128 0x19
 3832 01d7 03       		.uleb128 0x3
 3833 01d8 0E       		.uleb128 0xe
 3834 01d9 3A       		.uleb128 0x3a
 3835 01da 0B       		.uleb128 0xb
 3836 01db 3B       		.uleb128 0x3b
 3837 01dc 0B       		.uleb128 0xb
 3838 01dd 39       		.uleb128 0x39
 3839 01de 0B       		.uleb128 0xb
 3840 01df 27       		.uleb128 0x27
 3841 01e0 19       		.uleb128 0x19
 3842 01e1 01       		.uleb128 0x1
 3843 01e2 13       		.uleb128 0x13
 3844 01e3 00       		.byte	0
 3845 01e4 00       		.byte	0
 3846 01e5 24       		.uleb128 0x24
 3847 01e6 34       		.uleb128 0x34
 3848 01e7 00       		.byte	0
 3849 01e8 03       		.uleb128 0x3
 3850 01e9 08       		.uleb128 0x8
 3851 01ea 3A       		.uleb128 0x3a
 3852 01eb 0B       		.uleb128 0xb
 3853 01ec 3B       		.uleb128 0x3b
 3854 01ed 0B       		.uleb128 0xb
 3855 01ee 39       		.uleb128 0x39
 3856 01ef 0B       		.uleb128 0xb
 3857 01f0 49       		.uleb128 0x49
 3858 01f1 13       		.uleb128 0x13
 3859 01f2 00       		.byte	0
 3860 01f3 00       		.byte	0
 3861 01f4 25       		.uleb128 0x25
 3862 01f5 0B       		.uleb128 0xb
 3863 01f6 01       		.byte	0x1
 3864 01f7 00       		.byte	0
 3865 01f8 00       		.byte	0
 3866 01f9 26       		.uleb128 0x26
 3867 01fa 2E       		.uleb128 0x2e
 3868 01fb 01       		.byte	0x1
 3869 01fc 03       		.uleb128 0x3
 3870 01fd 0E       		.uleb128 0xe
 3871 01fe 3A       		.uleb128 0x3a
 3872 01ff 0B       		.uleb128 0xb
 3873 0200 3B       		.uleb128 0x3b
 3874 0201 05       		.uleb128 0x5
 3875 0202 39       		.uleb128 0x39
 3876 0203 0B       		.uleb128 0xb
ARM GAS  C:\Users\angio\AppData\Local\Temp\ccrvFn2X.s 			page 69


 3877 0204 27       		.uleb128 0x27
 3878 0205 19       		.uleb128 0x19
 3879 0206 01       		.uleb128 0x1
 3880 0207 13       		.uleb128 0x13
 3881 0208 00       		.byte	0
 3882 0209 00       		.byte	0
 3883 020a 27       		.uleb128 0x27
 3884 020b 05       		.uleb128 0x5
 3885 020c 00       		.byte	0
 3886 020d 03       		.uleb128 0x3
 3887 020e 08       		.uleb128 0x8
 3888 020f 3A       		.uleb128 0x3a
 3889 0210 0B       		.uleb128 0xb
 3890 0211 3B       		.uleb128 0x3b
 3891 0212 05       		.uleb128 0x5
 3892 0213 39       		.uleb128 0x39
 3893 0214 0B       		.uleb128 0xb
 3894 0215 49       		.uleb128 0x49
 3895 0216 13       		.uleb128 0x13
 3896 0217 00       		.byte	0
 3897 0218 00       		.byte	0
 3898 0219 28       		.uleb128 0x28
 3899 021a 2E       		.uleb128 0x2e
 3900 021b 00       		.byte	0
 3901 021c 03       		.uleb128 0x3
 3902 021d 0E       		.uleb128 0xe
 3903 021e 3A       		.uleb128 0x3a
 3904 021f 0B       		.uleb128 0xb
 3905 0220 3B       		.uleb128 0x3b
 3906 0221 05       		.uleb128 0x5
 3907 0222 39       		.uleb128 0x39
 3908 0223 0B       		.uleb128 0xb
 3909 0224 27       		.uleb128 0x27
 3910 0225 19       		.uleb128 0x19
 3911 0226 00       		.byte	0
 3912 0227 00       		.byte	0
 3913 0228 29       		.uleb128 0x29
 3914 0229 2E       		.uleb128 0x2e
 3915 022a 01       		.byte	0x1
 3916 022b 03       		.uleb128 0x3
 3917 022c 0E       		.uleb128 0xe
 3918 022d 3A       		.uleb128 0x3a
 3919 022e 0B       		.uleb128 0xb
 3920 022f 3B       		.uleb128 0x3b
 3921 0230 05       		.uleb128 0x5
 3922 0231 39       		.uleb128 0x39
 3923 0232 0B       		.uleb128 0xb
 3924 0233 27       		.uleb128 0x27
 3925 0234 19       		.uleb128 0x19
 3926 0235 00       		.byte	0
 3927 0236 00       		.byte	0
 3928 0237 2A       		.uleb128 0x2a
 3929 0238 05       		.uleb128 0x5
 3930 0239 00       		.byte	0
 3931 023a 03       		.uleb128 0x3
 3932 023b 0E       		.uleb128 0xe
 3933 023c 3A       		.uleb128 0x3a
ARM GAS  C:\Users\angio\AppData\Local\Temp\ccrvFn2X.s 			page 70


 3934 023d 0B       		.uleb128 0xb
 3935 023e 3B       		.uleb128 0x3b
 3936 023f 05       		.uleb128 0x5
 3937 0240 39       		.uleb128 0x39
 3938 0241 0B       		.uleb128 0xb
 3939 0242 49       		.uleb128 0x49
 3940 0243 13       		.uleb128 0x13
 3941 0244 00       		.byte	0
 3942 0245 00       		.byte	0
 3943 0246 00       		.byte	0
 3944              		.section	.gnu.debuglto_.debug_line,"e",%progbits
 3945              	.Ldebug_line0:
 3946 0000 C2070000 		.4byte	.LELT0-.LSLT0
 3947              	.LSLT0:
 3948 0004 0400     		.2byte	0x4
 3949 0006 BC070000 		.4byte	.LELTP0-.LASLTP0
 3950              	.LASLTP0:
 3951 000a 01       		.byte	0x1
 3952 000b 01       		.byte	0x1
 3953 000c 01       		.byte	0x1
 3954 000d F6       		.byte	0xf6
 3955 000e F2       		.byte	0xf2
 3956 000f 0D       		.byte	0xd
 3957 0010 00       		.byte	0
 3958 0011 01       		.byte	0x1
 3959 0012 01       		.byte	0x1
 3960 0013 01       		.byte	0x1
 3961 0014 01       		.byte	0x1
 3962 0015 00       		.byte	0
 3963 0016 00       		.byte	0
 3964 0017 00       		.byte	0
 3965 0018 01       		.byte	0x1
 3966 0019 00       		.byte	0
 3967 001a 00       		.byte	0
 3968 001b 01       		.byte	0x1
 3969 001c 2E2E2F2E 		.ascii	"../../chibios2111/os/common/ext/ARM/CMSIS/Core/Incl"
 3969      2E2F6368 
 3969      6962696F 
 3969      73323131 
 3969      312F6F73 
 3970 004f 756465   		.ascii	"ude"
 3971 0052 00       		.byte	0
 3972 0053 2E2E2F2E 		.ascii	"../../chibios2111/os/common/ext/ST/STM32G4xx"
 3972      2E2F6368 
 3972      6962696F 
 3972      73323131 
 3972      312F6F73 
 3973 007f 00       		.byte	0
 3974 0080 2E2E2F2E 		.ascii	"../../chibios2111/os/common/ports/ARM-common"
 3974      2E2F6368 
 3974      6962696F 
 3974      73323131 
 3974      312F6F73 
 3975 00ac 00       		.byte	0
 3976 00ad 2E2E2F2E 		.ascii	"../../chibios2111/os/common/ports/ARMv7-M-ALT"
 3976      2E2F6368 
 3976      6962696F 
ARM GAS  C:\Users\angio\AppData\Local\Temp\ccrvFn2X.s 			page 71


 3976      73323131 
 3976      312F6F73 
 3977 00da 00       		.byte	0
 3978 00db 2E2E2F2E 		.ascii	"../../chibios2111/os/hal/include"
 3978      2E2F6368 
 3978      6962696F 
 3978      73323131 
 3978      312F6F73 
 3979 00fb 00       		.byte	0
 3980 00fc 2E2E2F2E 		.ascii	"../../chibios2111/os/hal/osal/rt-nil"
 3980      2E2F6368 
 3980      6962696F 
 3980      73323131 
 3980      312F6F73 
 3981 0120 00       		.byte	0
 3982 0121 2E2E2F2E 		.ascii	"../../chibios2111/os/hal/ports/STM32/LLD/EXTIv1"
 3982      2E2F6368 
 3982      6962696F 
 3982      73323131 
 3982      312F6F73 
 3983 0150 00       		.byte	0
 3984 0151 2E2E2F2E 		.ascii	"../../chibios2111/os/hal/ports/STM32/LLD/FDCANv1"
 3984      2E2F6368 
 3984      6962696F 
 3984      73323131 
 3984      312F6F73 
 3985 0181 00       		.byte	0
 3986 0182 2E2E2F2E 		.ascii	"../../chibios2111/os/hal/ports/STM32/LLD/GPIOv2"
 3986      2E2F6368 
 3986      6962696F 
 3986      73323131 
 3986      312F6F73 
 3987 01b1 00       		.byte	0
 3988 01b2 2E2E2F2E 		.ascii	"../../chibios2111/os/hal/ports/STM32/LLD/TIMv1"
 3988      2E2F6368 
 3988      6962696F 
 3988      73323131 
 3988      312F6F73 
 3989 01e0 00       		.byte	0
 3990 01e1 2E2E2F2E 		.ascii	"../../chibios2111/os/hal/ports/STM32/LLD/USART"
 3990      2E2F6368 
 3990      6962696F 
 3990      73323131 
 3990      312F6F73 
 3991 020f 00       		.byte	0
 3992 0210 2E2E2F2E 		.ascii	"../../chibios2111/os/hal/ports/STM32/LLD/USARTv3"
 3992      2E2F6368 
 3992      6962696F 
 3992      73323131 
 3992      312F6F73 
 3993 0240 00       		.byte	0
 3994 0241 2E2E2F2E 		.ascii	"../../chibios2111/os/hal/ports/STM32/STM32G4xx"
 3994      2E2F6368 
 3994      6962696F 
 3994      73323131 
 3994      312F6F73 
 3995 026f 00       		.byte	0
ARM GAS  C:\Users\angio\AppData\Local\Temp\ccrvFn2X.s 			page 72


 3996 0270 2E2E2F2E 		.ascii	"../../chibios2111/os/rt/include"
 3996      2E2F6368 
 3996      6962696F 
 3996      73323131 
 3996      312F6F73 
 3997 028f 00       		.byte	0
 3998 0290 633A5C63 		.ascii	"c:\\chibistudio\\tools\\gnu tools arm embedded\\10."
 3998      68696269 
 3998      73747564 
 3998      696F5C74 
 3998      6F6F6C73 
 3999 02bf 33203230 		.ascii	"3 2021.10\\arm-none-eabi\\include\\machine"
 3999      32312E31 
 3999      305C6172 
 3999      6D2D6E6F 
 3999      6E652D65 
 4000 02e6 00       		.byte	0
 4001 02e7 633A5C63 		.ascii	"c:\\chibistudio\\tools\\gnu tools arm embedded\\10."
 4001      68696269 
 4001      73747564 
 4001      696F5C74 
 4001      6F6F6C73 
 4002 0316 33203230 		.ascii	"3 2021.10\\arm-none-eabi\\include\\sys"
 4002      32312E31 
 4002      305C6172 
 4002      6D2D6E6F 
 4002      6E652D65 
 4003 0339 00       		.byte	0
 4004 033a 633A5C63 		.ascii	"c:\\chibistudio\\tools\\gnu tools arm embedded\\10."
 4004      68696269 
 4004      73747564 
 4004      696F5C74 
 4004      6F6F6C73 
 4005 0369 33203230 		.ascii	"3 2021.10\\lib\\gcc\\arm-none-eabi\\10.3.1\\include"
 4005      32312E31 
 4005      305C6C69 
 4005      625C6763 
 4005      635C6172 
 4006 0397 00       		.byte	0
 4007 0398 00       		.byte	0
 4008 0399 73746464 		.ascii	"stddef.h\000"
 4008      65662E68 
 4008      00
 4009 03a2 11       		.uleb128 0x11
 4010 03a3 00       		.uleb128 0
 4011 03a4 00       		.uleb128 0
 4012 03a5 5F646566 		.ascii	"_default_types.h\000"
 4012      61756C74 
 4012      5F747970 
 4012      65732E68 
 4012      00
 4013 03b6 0F       		.uleb128 0xf
 4014 03b7 00       		.uleb128 0
 4015 03b8 00       		.uleb128 0
 4016 03b9 5F737464 		.ascii	"_stdint.h\000"
 4016      696E742E 
 4016      6800
ARM GAS  C:\Users\angio\AppData\Local\Temp\ccrvFn2X.s 			page 73


 4017 03c3 10       		.uleb128 0x10
 4018 03c4 00       		.uleb128 0
 4019 03c5 00       		.uleb128 0
 4020 03c6 63687479 		.ascii	"chtypes.h\000"
 4020      7065732E 
 4020      6800
 4021 03d0 03       		.uleb128 0x3
 4022 03d1 00       		.uleb128 0
 4023 03d2 00       		.uleb128 0
 4024 03d3 63686561 		.ascii	"chearly.h\000"
 4024      726C792E 
 4024      6800
 4025 03dd 0E       		.uleb128 0xe
 4026 03de 00       		.uleb128 0
 4027 03df 00       		.uleb128 0
 4028 03e0 63686F62 		.ascii	"chobjects.h\000"
 4028      6A656374 
 4028      732E6800 
 4029 03ec 0E       		.uleb128 0xe
 4030 03ed 00       		.uleb128 0
 4031 03ee 00       		.uleb128 0
 4032 03ef 63687266 		.ascii	"chrfcu.h\000"
 4032      63752E68 
 4032      00
 4033 03f8 0E       		.uleb128 0xe
 4034 03f9 00       		.uleb128 0
 4035 03fa 00       		.uleb128 0
 4036 03fb 63686465 		.ascii	"chdebug.h\000"
 4036      6275672E 
 4036      6800
 4037 0405 0E       		.uleb128 0xe
 4038 0406 00       		.uleb128 0
 4039 0407 00       		.uleb128 0
 4040 0408 63687469 		.ascii	"chtime.h\000"
 4040      6D652E68 
 4040      00
 4041 0411 0E       		.uleb128 0xe
 4042 0412 00       		.uleb128 0
 4043 0413 00       		.uleb128 0
 4044 0414 63686C69 		.ascii	"chlists.h\000"
 4044      7374732E 
 4044      6800
 4045 041e 0E       		.uleb128 0xe
 4046 041f 00       		.uleb128 0
 4047 0420 00       		.uleb128 0
 4048 0421 636F7265 		.ascii	"core_cm4.h\000"
 4048      5F636D34 
 4048      2E6800
 4049 042c 01       		.uleb128 0x1
 4050 042d 00       		.uleb128 0
 4051 042e 00       		.uleb128 0
 4052 042f 73746D33 		.ascii	"stm32g474xx.h\000"
 4052      32673437 
 4052      3478782E 
 4052      6800
 4053 043d 02       		.uleb128 0x2
 4054 043e 00       		.uleb128 0
ARM GAS  C:\Users\angio\AppData\Local\Temp\ccrvFn2X.s 			page 74


 4055 043f 00       		.uleb128 0
 4056 0440 6368636F 		.ascii	"chcore.h\000"
 4056      72652E68 
 4056      00
 4057 0449 04       		.uleb128 0x4
 4058 044a 00       		.uleb128 0
 4059 044b 00       		.uleb128 0
 4060 044c 63687365 		.ascii	"chsem.h\000"
 4060      6D2E6800 
 4061 0454 0E       		.uleb128 0xe
 4062 0455 00       		.uleb128 0
 4063 0456 00       		.uleb128 0
 4064 0457 63686D74 		.ascii	"chmtx.h\000"
 4064      782E6800 
 4065 045f 0E       		.uleb128 0xe
 4066 0460 00       		.uleb128 0
 4067 0461 00       		.uleb128 0
 4068 0462 63686576 		.ascii	"chevents.h\000"
 4068      656E7473 
 4068      2E6800
 4069 046d 0E       		.uleb128 0xe
 4070 046e 00       		.uleb128 0
 4071 046f 00       		.uleb128 0
 4072 0470 73746D33 		.ascii	"stm32_tim.h\000"
 4072      325F7469 
 4072      6D2E6800 
 4073 047c 0A       		.uleb128 0xa
 4074 047d 00       		.uleb128 0
 4075 047e 00       		.uleb128 0
 4076 047f 68616C5F 		.ascii	"hal_queues.h\000"
 4076      71756575 
 4076      65732E68 
 4076      00
 4077 048c 05       		.uleb128 0x5
 4078 048d 00       		.uleb128 0
 4079 048e 00       		.uleb128 0
 4080 048f 68616C5F 		.ascii	"hal_pal.h\000"
 4080      70616C2E 
 4080      6800
 4081 0499 05       		.uleb128 0x5
 4082 049a 00       		.uleb128 0
 4083 049b 00       		.uleb128 0
 4084 049c 68616C5F 		.ascii	"hal_gpt.h\000"
 4084      6770742E 
 4084      6800
 4085 04a6 05       		.uleb128 0x5
 4086 04a7 00       		.uleb128 0
 4087 04a8 00       		.uleb128 0
 4088 04a9 68616C5F 		.ascii	"hal_gpt_lld.h\000"
 4088      6770745F 
 4088      6C6C642E 
 4088      6800
 4089 04b7 0A       		.uleb128 0xa
 4090 04b8 00       		.uleb128 0
 4091 04b9 00       		.uleb128 0
 4092 04ba 68616C5F 		.ascii	"hal_pal_lld.h\000"
 4092      70616C5F 
ARM GAS  C:\Users\angio\AppData\Local\Temp\ccrvFn2X.s 			page 75


 4092      6C6C642E 
 4092      6800
 4093 04c8 09       		.uleb128 0x9
 4094 04c9 00       		.uleb128 0
 4095 04ca 00       		.uleb128 0
 4096 04cb 68616C5F 		.ascii	"hal_serial.h\000"
 4096      73657269 
 4096      616C2E68 
 4096      00
 4097 04d8 05       		.uleb128 0x5
 4098 04d9 00       		.uleb128 0
 4099 04da 00       		.uleb128 0
 4100 04db 68616C5F 		.ascii	"hal_sio.h\000"
 4100      73696F2E 
 4100      6800
 4101 04e5 05       		.uleb128 0x5
 4102 04e6 00       		.uleb128 0
 4103 04e7 00       		.uleb128 0
 4104 04e8 68616C5F 		.ascii	"hal_sio_lld.h\000"
 4104      73696F5F 
 4104      6C6C642E 
 4104      6800
 4105 04f6 0C       		.uleb128 0xc
 4106 04f7 00       		.uleb128 0
 4107 04f8 00       		.uleb128 0
 4108 04f9 73746D33 		.ascii	"stm32_isr.c\000"
 4108      325F6973 
 4108      722E6300 
 4109 0505 0D       		.uleb128 0xd
 4110 0506 00       		.uleb128 0
 4111 0507 00       		.uleb128 0
 4112 0508 73746D33 		.ascii	"stm32_tim20.inc\000"
 4112      325F7469 
 4112      6D32302E 
 4112      696E6300 
 4113 0518 0A       		.uleb128 0xa
 4114 0519 00       		.uleb128 0
 4115 051a 00       		.uleb128 0
 4116 051b 73746D33 		.ascii	"stm32_tim8.inc\000"
 4116      325F7469 
 4116      6D382E69 
 4116      6E6300
 4117 052a 0A       		.uleb128 0xa
 4118 052b 00       		.uleb128 0
 4119 052c 00       		.uleb128 0
 4120 052d 73746D33 		.ascii	"stm32_tim7.inc\000"
 4120      325F7469 
 4120      6D372E69 
 4120      6E6300
 4121 053c 0A       		.uleb128 0xa
 4122 053d 00       		.uleb128 0
 4123 053e 00       		.uleb128 0
 4124 053f 73746D33 		.ascii	"stm32_tim6.inc\000"
 4124      325F7469 
 4124      6D362E69 
 4124      6E6300
 4125 054e 0A       		.uleb128 0xa
ARM GAS  C:\Users\angio\AppData\Local\Temp\ccrvFn2X.s 			page 76


 4126 054f 00       		.uleb128 0
 4127 0550 00       		.uleb128 0
 4128 0551 73746D33 		.ascii	"stm32_tim5.inc\000"
 4128      325F7469 
 4128      6D352E69 
 4128      6E6300
 4129 0560 0A       		.uleb128 0xa
 4130 0561 00       		.uleb128 0
 4131 0562 00       		.uleb128 0
 4132 0563 73746D33 		.ascii	"stm32_tim4.inc\000"
 4132      325F7469 
 4132      6D342E69 
 4132      6E6300
 4133 0572 0A       		.uleb128 0xa
 4134 0573 00       		.uleb128 0
 4135 0574 00       		.uleb128 0
 4136 0575 73746D33 		.ascii	"stm32_tim3.inc\000"
 4136      325F7469 
 4136      6D332E69 
 4136      6E6300
 4137 0584 0A       		.uleb128 0xa
 4138 0585 00       		.uleb128 0
 4139 0586 00       		.uleb128 0
 4140 0587 73746D33 		.ascii	"stm32_tim2.inc\000"
 4140      325F7469 
 4140      6D322E69 
 4140      6E6300
 4141 0596 0A       		.uleb128 0xa
 4142 0597 00       		.uleb128 0
 4143 0598 00       		.uleb128 0
 4144 0599 73746D33 		.ascii	"stm32_tim1_15_16_17.inc\000"
 4144      325F7469 
 4144      6D315F31 
 4144      355F3136 
 4144      5F31372E 
 4145 05b1 0A       		.uleb128 0xa
 4146 05b2 00       		.uleb128 0
 4147 05b3 00       		.uleb128 0
 4148 05b4 73746D33 		.ascii	"stm32_lpuart1.inc\000"
 4148      325F6C70 
 4148      75617274 
 4148      312E696E 
 4148      6300
 4149 05c6 0B       		.uleb128 0xb
 4150 05c7 00       		.uleb128 0
 4151 05c8 00       		.uleb128 0
 4152 05c9 73746D33 		.ascii	"stm32_uart5.inc\000"
 4152      325F7561 
 4152      7274352E 
 4152      696E6300 
 4153 05d9 0B       		.uleb128 0xb
 4154 05da 00       		.uleb128 0
 4155 05db 00       		.uleb128 0
 4156 05dc 73746D33 		.ascii	"stm32_uart4.inc\000"
 4156      325F7561 
 4156      7274342E 
 4156      696E6300 
ARM GAS  C:\Users\angio\AppData\Local\Temp\ccrvFn2X.s 			page 77


 4157 05ec 0B       		.uleb128 0xb
 4158 05ed 00       		.uleb128 0
 4159 05ee 00       		.uleb128 0
 4160 05ef 73746D33 		.ascii	"stm32_usart3.inc\000"
 4160      325F7573 
 4160      61727433 
 4160      2E696E63 
 4160      00
 4161 0600 0B       		.uleb128 0xb
 4162 0601 00       		.uleb128 0
 4163 0602 00       		.uleb128 0
 4164 0603 73746D33 		.ascii	"stm32_usart2.inc\000"
 4164      325F7573 
 4164      61727432 
 4164      2E696E63 
 4164      00
 4165 0614 0B       		.uleb128 0xb
 4166 0615 00       		.uleb128 0
 4167 0616 00       		.uleb128 0
 4168 0617 73746D33 		.ascii	"stm32_usart1.inc\000"
 4168      325F7573 
 4168      61727431 
 4168      2E696E63 
 4168      00
 4169 0628 0B       		.uleb128 0xb
 4170 0629 00       		.uleb128 0
 4171 062a 00       		.uleb128 0
 4172 062b 73746D33 		.ascii	"stm32_fdcan3.inc\000"
 4172      325F6664 
 4172      63616E33 
 4172      2E696E63 
 4172      00
 4173 063c 08       		.uleb128 0x8
 4174 063d 00       		.uleb128 0
 4175 063e 00       		.uleb128 0
 4176 063f 73746D33 		.ascii	"stm32_fdcan2.inc\000"
 4176      325F6664 
 4176      63616E32 
 4176      2E696E63 
 4176      00
 4177 0650 08       		.uleb128 0x8
 4178 0651 00       		.uleb128 0
 4179 0652 00       		.uleb128 0
 4180 0653 73746D33 		.ascii	"stm32_fdcan1.inc\000"
 4180      325F6664 
 4180      63616E31 
 4180      2E696E63 
 4180      00
 4181 0664 08       		.uleb128 0x8
 4182 0665 00       		.uleb128 0
 4183 0666 00       		.uleb128 0
 4184 0667 73746D33 		.ascii	"stm32_exti33.inc\000"
 4184      325F6578 
 4184      74693333 
 4184      2E696E63 
 4184      00
 4185 0678 07       		.uleb128 0x7
ARM GAS  C:\Users\angio\AppData\Local\Temp\ccrvFn2X.s 			page 78


 4186 0679 00       		.uleb128 0
 4187 067a 00       		.uleb128 0
 4188 067b 73746D33 		.ascii	"stm32_exti30_32.inc\000"
 4188      325F6578 
 4188      74693330 
 4188      5F33322E 
 4188      696E6300 
 4189 068f 07       		.uleb128 0x7
 4190 0690 00       		.uleb128 0
 4191 0691 00       		.uleb128 0
 4192 0692 73746D33 		.ascii	"stm32_exti21_22-29.inc\000"
 4192      325F6578 
 4192      74693231 
 4192      5F32322D 
 4192      32392E69 
 4193 06a9 07       		.uleb128 0x7
 4194 06aa 00       		.uleb128 0
 4195 06ab 00       		.uleb128 0
 4196 06ac 73746D33 		.ascii	"stm32_exti19.inc\000"
 4196      325F6578 
 4196      74693139 
 4196      2E696E63 
 4196      00
 4197 06bd 07       		.uleb128 0x7
 4198 06be 00       		.uleb128 0
 4199 06bf 00       		.uleb128 0
 4200 06c0 73746D33 		.ascii	"stm32_exti18.inc\000"
 4200      325F6578 
 4200      74693138 
 4200      2E696E63 
 4200      00
 4201 06d1 07       		.uleb128 0x7
 4202 06d2 00       		.uleb128 0
 4203 06d3 00       		.uleb128 0
 4204 06d4 73746D33 		.ascii	"stm32_exti17.inc\000"
 4204      325F6578 
 4204      74693137 
 4204      2E696E63 
 4204      00
 4205 06e5 07       		.uleb128 0x7
 4206 06e6 00       		.uleb128 0
 4207 06e7 00       		.uleb128 0
 4208 06e8 73746D33 		.ascii	"stm32_exti16-40_41.inc\000"
 4208      325F6578 
 4208      74693136 
 4208      2D34305F 
 4208      34312E69 
 4209 06ff 07       		.uleb128 0x7
 4210 0700 00       		.uleb128 0
 4211 0701 00       		.uleb128 0
 4212 0702 73746D33 		.ascii	"stm32_exti10_15.inc\000"
 4212      325F6578 
 4212      74693130 
 4212      5F31352E 
 4212      696E6300 
 4213 0716 07       		.uleb128 0x7
 4214 0717 00       		.uleb128 0
ARM GAS  C:\Users\angio\AppData\Local\Temp\ccrvFn2X.s 			page 79


 4215 0718 00       		.uleb128 0
 4216 0719 73746D33 		.ascii	"stm32_exti5_9.inc\000"
 4216      325F6578 
 4216      7469355F 
 4216      392E696E 
 4216      6300
 4217 072b 07       		.uleb128 0x7
 4218 072c 00       		.uleb128 0
 4219 072d 00       		.uleb128 0
 4220 072e 73746D33 		.ascii	"stm32_exti4.inc\000"
 4220      325F6578 
 4220      7469342E 
 4220      696E6300 
 4221 073e 07       		.uleb128 0x7
 4222 073f 00       		.uleb128 0
 4223 0740 00       		.uleb128 0
 4224 0741 73746D33 		.ascii	"stm32_exti3.inc\000"
 4224      325F6578 
 4224      7469332E 
 4224      696E6300 
 4225 0751 07       		.uleb128 0x7
 4226 0752 00       		.uleb128 0
 4227 0753 00       		.uleb128 0
 4228 0754 73746D33 		.ascii	"stm32_exti2.inc\000"
 4228      325F6578 
 4228      7469322E 
 4228      696E6300 
 4229 0764 07       		.uleb128 0x7
 4230 0765 00       		.uleb128 0
 4231 0766 00       		.uleb128 0
 4232 0767 73746D33 		.ascii	"stm32_exti1.inc\000"
 4232      325F6578 
 4232      7469312E 
 4232      696E6300 
 4233 0777 07       		.uleb128 0x7
 4234 0778 00       		.uleb128 0
 4235 0779 00       		.uleb128 0
 4236 077a 73746D33 		.ascii	"stm32_exti0.inc\000"
 4236      325F6578 
 4236      7469302E 
 4236      696E6300 
 4237 078a 07       		.uleb128 0x7
 4238 078b 00       		.uleb128 0
 4239 078c 00       		.uleb128 0
 4240 078d 6F73616C 		.ascii	"osal.h\000"
 4240      2E6800
 4241 0794 06       		.uleb128 0x6
 4242 0795 00       		.uleb128 0
 4243 0796 00       		.uleb128 0
 4244 0797 63687379 		.ascii	"chsys.h\000"
 4244      732E6800 
 4245 079f 0E       		.uleb128 0xe
 4246 07a0 00       		.uleb128 0
 4247 07a1 00       		.uleb128 0
 4248 07a2 68616C5F 		.ascii	"hal_serial_lld.h\000"
 4248      73657269 
 4248      616C5F6C 
ARM GAS  C:\Users\angio\AppData\Local\Temp\ccrvFn2X.s 			page 80


 4248      6C642E68 
 4248      00
 4249 07b3 0C       		.uleb128 0xc
 4250 07b4 00       		.uleb128 0
 4251 07b5 00       		.uleb128 0
 4252 07b6 636D7369 		.ascii	"cmsis_gcc.h\000"
 4252      735F6763 
 4252      632E6800 
 4253 07c2 01       		.uleb128 0x1
 4254 07c3 00       		.uleb128 0
 4255 07c4 00       		.uleb128 0
 4256 07c5 00       		.byte	0
 4257              	.LELTP0:
 4258              	.LELT0:
 4259              		.section	.gnu.debuglto_.debug_str,"eMS",%progbits,1
 4260              	.LASF290:
 4261 0000 65787469 		.ascii	"exti19_irq_deinit\000"
 4261      31395F69 
 4261      72715F64 
 4261      65696E69 
 4261      7400
 4262              	.LASF207:
 4263 0012 53657269 		.ascii	"SerialDriver\000"
 4263      616C4472 
 4263      69766572 
 4263      00
 4264              	.LASF33:
 4265 001f 6E616D65 		.ascii	"name\000"
 4265      00
 4266              	.LASF161:
 4267 0024 43434D52 		.ascii	"CCMR2\000"
 4267      3200
 4268              	.LASF261:
 4269 002a 74696D32 		.ascii	"tim2_irq_init\000"
 4269      5F697271 
 4269      5F696E69 
 4269      7400
 4270              	.LASF254:
 4271 0038 74696D34 		.ascii	"tim4_irq_deinit\000"
 4271      5F697271 
 4271      5F646569 
 4271      6E697400 
 4272              	.LASF122:
 4273 0048 63685F72 		.ascii	"ch_registry\000"
 4273      65676973 
 4273      74727900 
 4274              	.LASF202:
 4275 0054 47505444 		.ascii	"GPTD6\000"
 4275      3600
 4276              	.LASF152:
 4277 005a 6C697374 		.ascii	"listener\000"
 4277      656E6572 
 4277      00
 4278              	.LASF155:
 4279 0063 6576656E 		.ascii	"event_source\000"
 4279      745F736F 
 4279      75726365 
ARM GAS  C:\Users\angio\AppData\Local\Temp\ccrvFn2X.s 			page 81


 4279      00
 4280              	.LASF36:
 4281 0070 666C6167 		.ascii	"flags\000"
 4281      7300
 4282              	.LASF62:
 4283 0076 73797374 		.ascii	"systime_t\000"
 4283      696D655F 
 4283      7400
 4284              	.LASF228:
 4285 0080 73796E63 		.ascii	"sync_tx\000"
 4285      5F747800 
 4286              	.LASF303:
 4287 0088 65787469 		.ascii	"exti5_9_irq_init\000"
 4287      355F395F 
 4287      6972715F 
 4287      696E6974 
 4287      00
 4288              	.LASF266:
 4289 0099 6C707561 		.ascii	"lpuart1_irq_init\000"
 4289      7274315F 
 4289      6972715F 
 4289      696E6974 
 4289      00
 4290              	.LASF208:
 4291 00aa 68616C5F 		.ascii	"hal_serial_driver\000"
 4291      73657269 
 4291      616C5F64 
 4291      72697665 
 4291      7200
 4292              	.LASF170:
 4293 00bc 696F5F71 		.ascii	"io_queue_t\000"
 4293      75657565 
 4293      5F7400
 4294              	.LASF40:
 4295 00c7 6570656E 		.ascii	"epending\000"
 4295      64696E67 
 4295      00
 4296              	.LASF0:
 4297 00d0 756E7369 		.ascii	"unsigned int\000"
 4297      676E6564 
 4297      20696E74 
 4297      00
 4298              	.LASF66:
 4299 00dd 6E657874 		.ascii	"next\000"
 4299      00
 4300              	.LASF280:
 4301 00e2 66646361 		.ascii	"fdcan2_irq_deinit\000"
 4301      6E325F69 
 4301      72715F64 
 4301      65696E69 
 4301      7400
 4302              	.LASF190:
 4303 00f4 4750545F 		.ascii	"GPT_ONESHOT\000"
 4303      4F4E4553 
 4303      484F5400 
 4304              	.LASF50:
 4305 0100 636F7265 		.ascii	"core_id\000"
ARM GAS  C:\Users\angio\AppData\Local\Temp\ccrvFn2X.s 			page 82


 4305      5F696400 
 4306              	.LASF83:
 4307 0108 44465352 		.ascii	"DFSR\000"
 4307      00
 4308              	.LASF177:
 4309 010d 715F7264 		.ascii	"q_rdptr\000"
 4309      70747200 
 4310              	.LASF9:
 4311 0115 5F5F696E 		.ascii	"__int32_t\000"
 4311      7433325F 
 4311      7400
 4312              	.LASF263:
 4313 011f 74696D31 		.ascii	"tim1_tim15_tim16_tim17_irq_init\000"
 4313      5F74696D 
 4313      31355F74 
 4313      696D3136 
 4313      5F74696D 
 4314              	.LASF37:
 4315 013f 72656673 		.ascii	"refs\000"
 4315      00
 4316              	.LASF180:
 4317 0144 716E6F74 		.ascii	"qnotify_t\000"
 4317      6966795F 
 4317      7400
 4318              	.LASF153:
 4319 014e 6576656E 		.ascii	"events\000"
 4319      747300
 4320              	.LASF187:
 4321 0155 4750545F 		.ascii	"GPT_STOP\000"
 4321      53544F50 
 4321      00
 4322              	.LASF132:
 4323 015e 77746F62 		.ascii	"wtobjp\000"
 4323      6A7000
 4324              	.LASF326:
 4325 0165 706F7274 		.ascii	"port_lock\000"
 4325      5F6C6F63 
 4325      6B00
 4326              	.LASF48:
 4327 016f 76746C69 		.ascii	"vtlist\000"
 4327      737400
 4328              	.LASF115:
 4329 0176 706F7274 		.ascii	"port_context\000"
 4329      5F636F6E 
 4329      74657874 
 4329      00
 4330              	.LASF199:
 4331 0183 47505443 		.ascii	"GPTConfig\000"
 4331      6F6E6669 
 4331      6700
 4332              	.LASF140:
 4333 018d 63685F72 		.ascii	"ch_ready_list\000"
 4333      65616479 
 4333      5F6C6973 
 4333      7400
 4334              	.LASF120:
 4335 019b 6C617374 		.ascii	"laststamp\000"
ARM GAS  C:\Users\angio\AppData\Local\Temp\ccrvFn2X.s 			page 83


 4335      7374616D 
 4335      7000
 4336              	.LASF137:
 4337 01a5 65776D61 		.ascii	"ewmask\000"
 4337      736B00
 4338              	.LASF69:
 4339 01ac 70726576 		.ascii	"prev\000"
 4339      00
 4340              	.LASF247:
 4341 01b1 74696D37 		.ascii	"tim7_irq_deinit\000"
 4341      5F697271 
 4341      5F646569 
 4341      6E697400 
 4342              	.LASF322:
 4343 01c1 63685379 		.ascii	"chSysLockFromISR\000"
 4343      734C6F63 
 4343      6B46726F 
 4343      6D495352 
 4343      00
 4344              	.LASF331:
 4345 01d2 6F73616C 		.ascii	"osalThreadDequeueAllI\000"
 4345      54687265 
 4345      61644465 
 4345      71756575 
 4345      65416C6C 
 4346              	.LASF168:
 4347 01e8 444D4152 		.ascii	"DMAR\000"
 4347      00
 4348              	.LASF295:
 4349 01ed 65787469 		.ascii	"exti17_irq_init\000"
 4349      31375F69 
 4349      72715F69 
 4349      6E697400 
 4350              	.LASF248:
 4351 01fd 74696D37 		.ascii	"tim7_irq_init\000"
 4351      5F697271 
 4351      5F696E69 
 4351      7400
 4352              	.LASF116:
 4353 020b 72656773 		.ascii	"regs\000"
 4353      00
 4354              	.LASF330:
 4355 0210 433A5C43 		.ascii	"C:\\ChibiStudio\\workspace_user\\RT-STM32G474RE-NUC"
 4355      68696269 
 4355      53747564 
 4355      696F5C77 
 4355      6F726B73 
 4356 0240 4C454F36 		.ascii	"LEO64\000"
 4356      3400
 4357              	.LASF256:
 4358 0246 56656374 		.ascii	"VectorB4\000"
 4358      6F724234 
 4358      00
 4359              	.LASF220:
 4360 024f 77726974 		.ascii	"writet\000"
 4360      657400
 4361              	.LASF311:
ARM GAS  C:\Users\angio\AppData\Local\Temp\ccrvFn2X.s 			page 84


 4362 0256 65787469 		.ascii	"exti2_irq_deinit\000"
 4362      325F6972 
 4362      715F6465 
 4362      696E6974 
 4362      00
 4363              	.LASF58:
 4364 0267 63685F73 		.ascii	"ch_system_debug\000"
 4364      79737465 
 4364      6D5F6465 
 4364      62756700 
 4365              	.LASF105:
 4366 0277 47545052 		.ascii	"GTPR\000"
 4366      00
 4367              	.LASF265:
 4368 027c 6C707561 		.ascii	"lpuart1_irq_deinit\000"
 4368      7274315F 
 4368      6972715F 
 4368      6465696E 
 4368      697400
 4369              	.LASF94:
 4370 028f 52545352 		.ascii	"RTSR1\000"
 4370      3100
 4371              	.LASF185:
 4372 0295 70616C65 		.ascii	"palevent_t\000"
 4372      76656E74 
 4372      5F7400
 4373              	.LASF17:
 4374 02a0 75696E74 		.ascii	"uint32_t\000"
 4374      33325F74 
 4374      00
 4375              	.LASF172:
 4376 02a9 715F7761 		.ascii	"q_waiting\000"
 4376      6974696E 
 4376      6700
 4377              	.LASF268:
 4378 02b3 75617274 		.ascii	"uart5_irq_init\000"
 4378      355F6972 
 4378      715F696E 
 4378      697400
 4379              	.LASF87:
 4380 02c2 4D4D4652 		.ascii	"MMFR\000"
 4380      00
 4381              	.LASF163:
 4382 02c7 42445452 		.ascii	"BDTR\000"
 4382      00
 4383              	.LASF318:
 4384 02cc 65787469 		.ascii	"exti0_irq_init\000"
 4384      305F6972 
 4384      715F696E 
 4384      697400
 4385              	.LASF65:
 4386 02db 63685F6C 		.ascii	"ch_list\000"
 4386      69737400 
 4387              	.LASF209:
 4388 02e3 6576656E 		.ascii	"event\000"
 4388      7400
 4389              	.LASF138:
ARM GAS  C:\Users\angio\AppData\Local\Temp\ccrvFn2X.s 			page 85


 4390 02e9 63685F73 		.ascii	"ch_semaphore\000"
 4390      656D6170 
 4390      686F7265 
 4390      00
 4391              	.LASF262:
 4392 02f6 74696D31 		.ascii	"tim1_tim15_tim16_tim17_irq_deinit\000"
 4392      5F74696D 
 4392      31355F74 
 4392      696D3136 
 4392      5F74696D 
 4393              	.LASF24:
 4394 0318 74707269 		.ascii	"tprio_t\000"
 4394      6F5F7400 
 4395              	.LASF230:
 4396 0320 53494F43 		.ascii	"SIOConfig\000"
 4396      6F6E6669 
 4396      6700
 4397              	.LASF183:
 4398 032a 70616C63 		.ascii	"palcallback_t\000"
 4398      616C6C62 
 4398      61636B5F 
 4398      7400
 4399              	.LASF160:
 4400 0338 43434D52 		.ascii	"CCMR1\000"
 4400      3100
 4401              	.LASF148:
 4402 033e 6F735F69 		.ascii	"os_instance_config_t\000"
 4402      6E737461 
 4402      6E63655F 
 4402      636F6E66 
 4402      69675F74 
 4403              	.LASF165:
 4404 0353 43434D52 		.ascii	"CCMR3\000"
 4404      3300
 4405              	.LASF302:
 4406 0359 65787469 		.ascii	"exti5_9_irq_deinit\000"
 4406      355F395F 
 4406      6972715F 
 4406      6465696E 
 4406      697400
 4407              	.LASF252:
 4408 036c 74696D35 		.ascii	"tim5_irq_deinit\000"
 4408      5F697271 
 4408      5F646569 
 4408      6E697400 
 4409              	.LASF14:
 4410 037c 6C6F6E67 		.ascii	"long long unsigned int\000"
 4410      206C6F6E 
 4410      6720756E 
 4410      7369676E 
 4410      65642069 
 4411              	.LASF121:
 4412 0393 76697274 		.ascii	"virtual_timers_list_t\000"
 4412      75616C5F 
 4412      74696D65 
 4412      72735F6C 
 4412      6973745F 
ARM GAS  C:\Users\angio\AppData\Local\Temp\ccrvFn2X.s 			page 86


 4413              	.LASF258:
 4414 03a9 74696D33 		.ascii	"tim3_irq_init\000"
 4414      5F697271 
 4414      5F696E69 
 4414      7400
 4415              	.LASF107:
 4416 03b7 50524553 		.ascii	"PRESC\000"
 4416      4300
 4417              	.LASF156:
 4418 03bd 6576656E 		.ascii	"event_source_t\000"
 4418      745F736F 
 4418      75726365 
 4418      5F7400
 4419              	.LASF129:
 4420 03cc 70717565 		.ascii	"pqueue\000"
 4420      756500
 4421              	.LASF227:
 4422 03d3 73796E63 		.ascii	"sync_rxidle\000"
 4422      5F727869 
 4422      646C6500 
 4423              	.LASF28:
 4424 03df 636E745F 		.ascii	"cnt_t\000"
 4424      7400
 4425              	.LASF283:
 4426 03e5 66646361 		.ascii	"fdcan1_irq_init\000"
 4426      6E315F69 
 4426      72715F69 
 4426      6E697400 
 4427              	.LASF286:
 4428 03f5 65787469 		.ascii	"exti30_32_irq_deinit\000"
 4428      33305F33 
 4428      325F6972 
 4428      715F6465 
 4428      696E6974 
 4429              	.LASF277:
 4430 040a 75736172 		.ascii	"usart1_irq_init\000"
 4430      74315F69 
 4430      72715F69 
 4430      6E697400 
 4431              	.LASF274:
 4432 041a 75736172 		.ascii	"usart2_irq_deinit\000"
 4432      74325F69 
 4432      72715F64 
 4432      65696E69 
 4432      7400
 4433              	.LASF188:
 4434 042c 4750545F 		.ascii	"GPT_READY\000"
 4434      52454144 
 4434      5900
 4435              	.LASF32:
 4436 0436 6F776E65 		.ascii	"owner\000"
 4436      7200
 4437              	.LASF145:
 4438 043c 6D61696E 		.ascii	"mainthread_end\000"
 4438      74687265 
 4438      61645F65 
 4438      6E6400
ARM GAS  C:\Users\angio\AppData\Local\Temp\ccrvFn2X.s 			page 87


 4439              	.LASF127:
 4440 044b 74687265 		.ascii	"threads_queue_t\000"
 4440      6164735F 
 4440      71756575 
 4440      655F7400 
 4441              	.LASF41:
 4442 045b 6D74786C 		.ascii	"mtxlist\000"
 4442      69737400 
 4443              	.LASF117:
 4444 0463 63685F76 		.ascii	"ch_virtual_timers_list\000"
 4444      69727475 
 4444      616C5F74 
 4444      696D6572 
 4444      735F6C69 
 4445              	.LASF51:
 4446 047a 72666375 		.ascii	"rfcu\000"
 4446      00
 4447              	.LASF273:
 4448 047f 56656374 		.ascii	"VectorD8\000"
 4448      6F724438 
 4448      00
 4449              	.LASF327:
 4450 0488 62617365 		.ascii	"basePri\000"
 4450      50726900 
 4451              	.LASF30:
 4452 0490 74687265 		.ascii	"thread_t\000"
 4452      61645F74 
 4452      00
 4453              	.LASF321:
 4454 0499 63685379 		.ascii	"chSysUnlockFromISR\000"
 4454      73556E6C 
 4454      6F636B46 
 4454      726F6D49 
 4454      535200
 4455              	.LASF239:
 4456 04ac 4C505349 		.ascii	"LPSIOD1\000"
 4456      4F443100 
 4457              	.LASF218:
 4458 04b4 70757474 		.ascii	"putt\000"
 4458      00
 4459              	.LASF240:
 4460 04b9 73696F5F 		.ascii	"sio_driver_vmt\000"
 4460      64726976 
 4460      65725F76 
 4460      6D7400
 4461              	.LASF167:
 4462 04c8 54495345 		.ascii	"TISEL\000"
 4462      4C00
 4463              	.LASF4:
 4464 04ce 73697A65 		.ascii	"size_t\000"
 4464      5F7400
 4465              	.LASF130:
 4466 04d5 7264796D 		.ascii	"rdymsg\000"
 4466      736700
 4467              	.LASF259:
 4468 04dc 56656374 		.ascii	"VectorB0\000"
 4468      6F724230 
ARM GAS  C:\Users\angio\AppData\Local\Temp\ccrvFn2X.s 			page 88


 4468      00
 4469              	.LASF320:
 4470 04e5 6F73616C 		.ascii	"osalSysLockFromISR\000"
 4470      5379734C 
 4470      6F636B46 
 4470      726F6D49 
 4470      535200
 4471              	.LASF313:
 4472 04f8 56656374 		.ascii	"Vector5C\000"
 4472      6F723543 
 4472      00
 4473              	.LASF70:
 4474 0501 63685F70 		.ascii	"ch_priority_queue_t\000"
 4474      72696F72 
 4474      6974795F 
 4474      71756575 
 4474      655F7400 
 4475              	.LASF169:
 4476 0515 73746D33 		.ascii	"stm32_tim_t\000"
 4476      325F7469 
 4476      6D5F7400 
 4477              	.LASF206:
 4478 0521 73647374 		.ascii	"sdstate_t\000"
 4478      6174655F 
 4478      7400
 4479              	.LASF76:
 4480 052b 43505549 		.ascii	"CPUID\000"
 4480      4400
 4481              	.LASF275:
 4482 0531 75736172 		.ascii	"usart2_irq_init\000"
 4482      74325F69 
 4482      72715F69 
 4482      6E697400 
 4483              	.LASF157:
 4484 0541 5F426F6F 		.ascii	"_Bool\000"
 4484      6C00
 4485              	.LASF204:
 4486 0547 53445F53 		.ascii	"SD_STOP\000"
 4486      544F5000 
 4487              	.LASF103:
 4488 054f 53574945 		.ascii	"SWIER2\000"
 4488      523200
 4489              	.LASF294:
 4490 0556 65787469 		.ascii	"exti17_irq_deinit\000"
 4490      31375F69 
 4490      72715F64 
 4490      65696E69 
 4490      7400
 4491              	.LASF93:
 4492 0568 454D5231 		.ascii	"EMR1\000"
 4492      00
 4493              	.LASF100:
 4494 056d 454D5232 		.ascii	"EMR2\000"
 4494      00
 4495              	.LASF287:
 4496 0572 65787469 		.ascii	"exti30_32_irq_init\000"
 4496      33305F33 
ARM GAS  C:\Users\angio\AppData\Local\Temp\ccrvFn2X.s 			page 89


 4496      325F6972 
 4496      715F696E 
 4496      697400
 4497              	.LASF55:
 4498 0585 63685F72 		.ascii	"ch_rfcu\000"
 4498      66637500 
 4499              	.LASF232:
 4500 058d 62617564 		.ascii	"baud\000"
 4500      00
 4501              	.LASF139:
 4502 0592 63685F6D 		.ascii	"ch_mutex\000"
 4502      75746578 
 4502      00
 4503              	.LASF300:
 4504 059b 56656374 		.ascii	"VectorE0\000"
 4504      6F724530 
 4504      00
 4505              	.LASF159:
 4506 05a4 44494552 		.ascii	"DIER\000"
 4506      00
 4507              	.LASF210:
 4508 05a9 69717565 		.ascii	"iqueue\000"
 4508      756500
 4509              	.LASF108:
 4510 05b0 55534152 		.ascii	"USART_TypeDef\000"
 4510      545F5479 
 4510      70654465 
 4510      6600
 4511              	.LASF102:
 4512 05be 46545352 		.ascii	"FTSR2\000"
 4512      3200
 4513              	.LASF310:
 4514 05c4 56656374 		.ascii	"Vector60\000"
 4514      6F723630 
 4514      00
 4515              	.LASF307:
 4516 05cd 56656374 		.ascii	"Vector64\000"
 4516      6F723634 
 4516      00
 4517              	.LASF178:
 4518 05d6 715F6E6F 		.ascii	"q_notify\000"
 4518      74696679 
 4518      00
 4519              	.LASF332:
 4520 05df 5F5F7365 		.ascii	"__set_BASEPRI\000"
 4520      745F4241 
 4520      53455052 
 4520      4900
 4521              	.LASF304:
 4522 05ed 56656374 		.ascii	"Vector68\000"
 4522      6F723638 
 4522      00
 4523              	.LASF193:
 4524 05f6 636C6F63 		.ascii	"clock\000"
 4524      6B00
 4525              	.LASF293:
 4526 05fc 65787469 		.ascii	"exti18_irq_init\000"
ARM GAS  C:\Users\angio\AppData\Local\Temp\ccrvFn2X.s 			page 90


 4526      31385F69 
 4526      72715F69 
 4526      6E697400 
 4527              	.LASF246:
 4528 060c 74696D38 		.ascii	"tim8_irq_init\000"
 4528      5F697271 
 4528      5F696E69 
 4528      7400
 4529              	.LASF299:
 4530 061a 65787469 		.ascii	"exti10_15_irq_init\000"
 4530      31305F31 
 4530      355F6972 
 4530      715F696E 
 4530      697400
 4531              	.LASF233:
 4532 062d 70726573 		.ascii	"presc\000"
 4532      6300
 4533              	.LASF147:
 4534 0633 69646C65 		.ascii	"idlethread_end\000"
 4534      74687265 
 4534      61645F65 
 4534      6E6400
 4535              	.LASF260:
 4536 0642 74696D32 		.ascii	"tim2_irq_deinit\000"
 4536      5F697271 
 4536      5F646569 
 4536      6E697400 
 4537              	.LASF195:
 4538 0652 67707466 		.ascii	"gptfreq_t\000"
 4538      7265715F 
 4538      7400
 4539              	.LASF82:
 4540 065c 48465352 		.ascii	"HFSR\000"
 4540      00
 4541              	.LASF72:
 4542 0661 7072696F 		.ascii	"prio\000"
 4542      00
 4543              	.LASF162:
 4544 0666 43434552 		.ascii	"CCER\000"
 4544      00
 4545              	.LASF278:
 4546 066b 66646361 		.ascii	"fdcan3_irq_deinit\000"
 4546      6E335F69 
 4546      72715F64 
 4546      65696E69 
 4546      7400
 4547              	.LASF306:
 4548 067d 65787469 		.ascii	"exti4_irq_init\000"
 4548      345F6972 
 4548      715F696E 
 4548      697400
 4549              	.LASF60:
 4550 068c 63686172 		.ascii	"char\000"
 4550      00
 4551              	.LASF73:
 4552 0691 63685F64 		.ascii	"ch_delta_list_t\000"
 4552      656C7461 
ARM GAS  C:\Users\angio\AppData\Local\Temp\ccrvFn2X.s 			page 91


 4552      5F6C6973 
 4552      745F7400 
 4553              	.LASF54:
 4554 06a1 72666375 		.ascii	"rfcu_mask_t\000"
 4554      5F6D6173 
 4554      6B5F7400 
 4555              	.LASF281:
 4556 06ad 66646361 		.ascii	"fdcan2_irq_init\000"
 4556      6E325F69 
 4556      72715F69 
 4556      6E697400 
 4557              	.LASF229:
 4558 06bd 73796E63 		.ascii	"sync_txend\000"
 4558      5F747865 
 4558      6E6400
 4559              	.LASF34:
 4560 06c8 77616261 		.ascii	"wabase\000"
 4560      736500
 4561              	.LASF176:
 4562 06cf 715F7772 		.ascii	"q_wrptr\000"
 4562      70747200 
 4563              	.LASF189:
 4564 06d7 4750545F 		.ascii	"GPT_CONTINUOUS\000"
 4564      434F4E54 
 4564      494E554F 
 4564      555300
 4565              	.LASF324:
 4566 06e6 706F7274 		.ascii	"port_lock_from_isr\000"
 4566      5F6C6F63 
 4566      6B5F6672 
 4566      6F6D5F69 
 4566      737200
 4567              	.LASF96:
 4568 06f9 53574945 		.ascii	"SWIER1\000"
 4568      523100
 4569              	.LASF31:
 4570 0700 72717565 		.ascii	"rqueue\000"
 4570      756500
 4571              	.LASF79:
 4572 0707 41495243 		.ascii	"AIRCR\000"
 4572      5200
 4573              	.LASF144:
 4574 070d 6D61696E 		.ascii	"mainthread_base\000"
 4574      74687265 
 4574      61645F62 
 4574      61736500 
 4575              	.LASF315:
 4576 071d 65787469 		.ascii	"exti1_irq_init\000"
 4576      315F6972 
 4576      715F696E 
 4576      697400
 4577              	.LASF1:
 4578 072c 6C6F6E67 		.ascii	"long long int\000"
 4578      206C6F6E 
 4578      6720696E 
 4578      7400
 4579              	.LASF242:
ARM GAS  C:\Users\angio\AppData\Local\Temp\ccrvFn2X.s 			page 92


 4580 073a 69727149 		.ascii	"irqInit\000"
 4580      6E697400 
 4581              	.LASF95:
 4582 0742 46545352 		.ascii	"FTSR1\000"
 4582      3100
 4583              	.LASF173:
 4584 0748 715F636F 		.ascii	"q_counter\000"
 4584      756E7465 
 4584      7200
 4585              	.LASF15:
 4586 0752 75696E74 		.ascii	"uint8_t\000"
 4586      385F7400 
 4587              	.LASF250:
 4588 075a 74696D36 		.ascii	"tim6_irq_deinit\000"
 4588      5F697271 
 4588      5F646569 
 4588      6E697400 
 4589              	.LASF106:
 4590 076a 52544F52 		.ascii	"RTOR\000"
 4590      00
 4591              	.LASF181:
 4592 076f 696E7075 		.ascii	"input_queue_t\000"
 4592      745F7175 
 4592      6575655F 
 4592      7400
 4593              	.LASF269:
 4594 077d 75617274 		.ascii	"uart4_irq_deinit\000"
 4594      345F6972 
 4594      715F6465 
 4594      696E6974 
 4594      00
 4595              	.LASF46:
 4596 078e 63685F6F 		.ascii	"ch_os_instance\000"
 4596      735F696E 
 4596      7374616E 
 4596      636500
 4597              	.LASF236:
 4598 079d 53494F5F 		.ascii	"SIO_STOP\000"
 4598      53544F50 
 4598      00
 4599              	.LASF158:
 4600 07a6 534D4352 		.ascii	"SMCR\000"
 4600      00
 4601              	.LASF45:
 4602 07ab 63685F74 		.ascii	"ch_thread\000"
 4602      68726561 
 4602      6400
 4603              	.LASF201:
 4604 07b5 47505444 		.ascii	"GPTD3\000"
 4604      3300
 4605              	.LASF255:
 4606 07bb 74696D34 		.ascii	"tim4_irq_init\000"
 4606      5F697271 
 4606      5F696E69 
 4606      7400
 4607              	.LASF212:
 4608 07c9 75736172 		.ascii	"usart\000"
ARM GAS  C:\Users\angio\AppData\Local\Temp\ccrvFn2X.s 			page 93


 4608      7400
 4609              	.LASF61:
 4610 07cf 73797374 		.ascii	"system_debug_t\000"
 4610      656D5F64 
 4610      65627567 
 4610      5F7400
 4611              	.LASF126:
 4612 07de 63685F74 		.ascii	"ch_threads_queue\000"
 4612      68726561 
 4612      64735F71 
 4612      75657565 
 4612      00
 4613              	.LASF237:
 4614 07ef 53494F5F 		.ascii	"SIO_READY\000"
 4614      52454144 
 4614      5900
 4615              	.LASF80:
 4616 07f9 53484353 		.ascii	"SHCSR\000"
 4616      5200
 4617              	.LASF216:
 4618 07ff 77726974 		.ascii	"write\000"
 4618      6500
 4619              	.LASF308:
 4620 0805 65787469 		.ascii	"exti3_irq_deinit\000"
 4620      335F6972 
 4620      715F6465 
 4620      696E6974 
 4620      00
 4621              	.LASF151:
 4622 0816 6576656E 		.ascii	"event_listener\000"
 4622      745F6C69 
 4622      7374656E 
 4622      657200
 4623              	.LASF26:
 4624 0825 6576656E 		.ascii	"eventmask_t\000"
 4624      746D6173 
 4624      6B5F7400 
 4625              	.LASF25:
 4626 0831 6D73675F 		.ascii	"msg_t\000"
 4626      7400
 4627              	.LASF81:
 4628 0837 43465352 		.ascii	"CFSR\000"
 4628      00
 4629              	.LASF224:
 4630 083c 68616C5F 		.ascii	"hal_sio_driver\000"
 4630      73696F5F 
 4630      64726976 
 4630      657200
 4631              	.LASF13:
 4632 084b 5F5F7569 		.ascii	"__uint64_t\000"
 4632      6E743634 
 4632      5F7400
 4633              	.LASF221:
 4634 0856 72656164 		.ascii	"readt\000"
 4634      7400
 4635              	.LASF200:
 4636 085c 5F70616C 		.ascii	"_pal_events\000"
ARM GAS  C:\Users\angio\AppData\Local\Temp\ccrvFn2X.s 			page 94


 4636      5F657665 
 4636      6E747300 
 4637              	.LASF124:
 4638 0868 72656769 		.ascii	"registry_t\000"
 4638      73747279 
 4638      5F7400
 4639              	.LASF104:
 4640 0873 45585449 		.ascii	"EXTI_TypeDef\000"
 4640      5F547970 
 4640      65446566 
 4640      00
 4641              	.LASF215:
 4642 0880 696E7374 		.ascii	"instance_offset\000"
 4642      616E6365 
 4642      5F6F6666 
 4642      73657400 
 4643              	.LASF182:
 4644 0890 6F757470 		.ascii	"output_queue_t\000"
 4644      75745F71 
 4644      75657565 
 4644      5F7400
 4645              	.LASF272:
 4646 089f 75736172 		.ascii	"usart3_irq_init\000"
 4646      74335F69 
 4646      72715F69 
 4646      6E697400 
 4647              	.LASF197:
 4648 08af 63616C6C 		.ascii	"callback\000"
 4648      6261636B 
 4648      00
 4649              	.LASF298:
 4650 08b8 65787469 		.ascii	"exti10_15_irq_deinit\000"
 4650      31305F31 
 4650      355F6972 
 4650      715F6465 
 4650      696E6974 
 4651              	.LASF56:
 4652 08cd 6D61736B 		.ascii	"mask\000"
 4652      00
 4653              	.LASF245:
 4654 08d2 74696D38 		.ascii	"tim8_irq_deinit\000"
 4654      5F697271 
 4654      5F646569 
 4654      6E697400 
 4655              	.LASF12:
 4656 08e2 6C6F6E67 		.ascii	"long unsigned int\000"
 4656      20756E73 
 4656      69676E65 
 4656      6420696E 
 4656      7400
 4657              	.LASF194:
 4658 08f4 67707463 		.ascii	"gptcallback_t\000"
 4658      616C6C62 
 4658      61636B5F 
 4658      7400
 4659              	.LASF301:
 4660 0902 56656374 		.ascii	"Vector9C\000"
ARM GAS  C:\Users\angio\AppData\Local\Temp\ccrvFn2X.s 			page 95


 4660      6F723943 
 4660      00
 4661              	.LASF67:
 4662 090b 63685F71 		.ascii	"ch_queue_t\000"
 4662      75657565 
 4662      5F7400
 4663              	.LASF27:
 4664 0916 6576656E 		.ascii	"eventflags_t\000"
 4664      74666C61 
 4664      67735F74 
 4664      00
 4665              	.LASF59:
 4666 0923 70616E69 		.ascii	"panic_msg\000"
 4666      635F6D73 
 4666      6700
 4667              	.LASF270:
 4668 092d 75617274 		.ascii	"uart4_irq_init\000"
 4668      345F6972 
 4668      715F696E 
 4668      697400
 4669              	.LASF271:
 4670 093c 75736172 		.ascii	"usart3_irq_deinit\000"
 4670      74335F69 
 4670      72715F64 
 4670      65696E69 
 4670      7400
 4671              	.LASF21:
 4672 094e 746D6F64 		.ascii	"tmode_t\000"
 4672      655F7400 
 4673              	.LASF249:
 4674 0956 56656374 		.ascii	"Vector118\000"
 4674      6F723131 
 4674      3800
 4675              	.LASF109:
 4676 0960 706F7274 		.ascii	"port_extctx\000"
 4676      5F657874 
 4676      63747800 
 4677              	.LASF291:
 4678 096c 65787469 		.ascii	"exti19_irq_init\000"
 4678      31395F69 
 4678      72715F69 
 4678      6E697400 
 4679              	.LASF53:
 4680 097c 6D61696E 		.ascii	"mainthread\000"
 4680      74687265 
 4680      616400
 4681              	.LASF8:
 4682 0987 73686F72 		.ascii	"short unsigned int\000"
 4682      7420756E 
 4682      7369676E 
 4682      65642069 
 4682      6E7400
 4683              	.LASF2:
 4684 099a 6C6F6E67 		.ascii	"long double\000"
 4684      20646F75 
 4684      626C6500 
 4685              	.LASF74:
ARM GAS  C:\Users\angio\AppData\Local\Temp\ccrvFn2X.s 			page 96


 4686 09a6 63685F64 		.ascii	"ch_delta_list\000"
 4686      656C7461 
 4686      5F6C6973 
 4686      7400
 4687              	.LASF211:
 4688 09b4 6F717565 		.ascii	"oqueue\000"
 4688      756500
 4689              	.LASF316:
 4690 09bb 56656374 		.ascii	"Vector58\000"
 4690      6F723538 
 4690      00
 4691              	.LASF125:
 4692 09c4 74687265 		.ascii	"thread_reference_t\000"
 4692      61645F72 
 4692      65666572 
 4692      656E6365 
 4692      5F7400
 4693              	.LASF64:
 4694 09d7 63685F6C 		.ascii	"ch_list_t\000"
 4694      6973745F 
 4694      7400
 4695              	.LASF10:
 4696 09e1 6C6F6E67 		.ascii	"long int\000"
 4696      20696E74 
 4696      00
 4697              	.LASF11:
 4698 09ea 5F5F7569 		.ascii	"__uint32_t\000"
 4698      6E743332 
 4698      5F7400
 4699              	.LASF198:
 4700 09f5 64696572 		.ascii	"dier\000"
 4700      00
 4701              	.LASF205:
 4702 09fa 53445F52 		.ascii	"SD_READY\000"
 4702      45414459 
 4702      00
 4703              	.LASF164:
 4704 0a03 43435852 		.ascii	"CCXR\000"
 4704      00
 4705              	.LASF92:
 4706 0a08 494D5231 		.ascii	"IMR1\000"
 4706      00
 4707              	.LASF99:
 4708 0a0d 494D5232 		.ascii	"IMR2\000"
 4708      00
 4709              	.LASF52:
 4710 0a12 636F6E66 		.ascii	"config\000"
 4710      696700
 4711              	.LASF23:
 4712 0a19 74726566 		.ascii	"trefs_t\000"
 4712      735F7400 
 4713              	.LASF89:
 4714 0a21 52455345 		.ascii	"RESERVED0\000"
 4714      52564544 
 4714      3000
 4715              	.LASF97:
 4716 0a2b 52455345 		.ascii	"RESERVED1\000"
ARM GAS  C:\Users\angio\AppData\Local\Temp\ccrvFn2X.s 			page 97


 4716      52564544 
 4716      3100
 4717              	.LASF312:
 4718 0a35 65787469 		.ascii	"exti2_irq_init\000"
 4718      325F6972 
 4718      715F696E 
 4718      697400
 4719              	.LASF213:
 4720 0a44 72786D61 		.ascii	"rxmask\000"
 4720      736B00
 4721              	.LASF292:
 4722 0a4b 65787469 		.ascii	"exti18_irq_deinit\000"
 4722      31385F69 
 4722      72715F64 
 4722      65696E69 
 4722      7400
 4723              	.LASF264:
 4724 0a5d 56656374 		.ascii	"Vector1AC\000"
 4724      6F723141 
 4724      4300
 4725              	.LASF7:
 4726 0a67 73686F72 		.ascii	"short int\000"
 4726      7420696E 
 4726      7400
 4727              	.LASF154:
 4728 0a71 77666C61 		.ascii	"wflags\000"
 4728      677300
 4729              	.LASF112:
 4730 0a78 706F7274 		.ascii	"port_intctx\000"
 4730      5F696E74 
 4730      63747800 
 4731              	.LASF317:
 4732 0a84 65787469 		.ascii	"exti0_irq_deinit\000"
 4732      305F6972 
 4732      715F6465 
 4732      696E6974 
 4732      00
 4733              	.LASF19:
 4734 0a95 706F7274 		.ascii	"port_stkalign_t\000"
 4734      5F73746B 
 4734      616C6967 
 4734      6E5F7400 
 4735              	.LASF244:
 4736 0aa5 74696D32 		.ascii	"tim20_irq_init\000"
 4736      305F6972 
 4736      715F696E 
 4736      697400
 4737              	.LASF253:
 4738 0ab4 74696D35 		.ascii	"tim5_irq_init\000"
 4738      5F697271 
 4738      5F696E69 
 4738      7400
 4739              	.LASF329:
 4740 0ac2 2E2E2F2E 		.ascii	"../../chibios2111/os/hal/ports/STM32/STM32G4xx/stm3"
 4740      2E2F6368 
 4740      6962696F 
 4740      73323131 
ARM GAS  C:\Users\angio\AppData\Local\Temp\ccrvFn2X.s 			page 98


 4740      312F6F73 
 4741 0af5 325F6973 		.ascii	"2_isr.c\000"
 4741      722E6300 
 4742              	.LASF143:
 4743 0afd 63685F6F 		.ascii	"ch_os_instance_config\000"
 4743      735F696E 
 4743      7374616E 
 4743      63655F63 
 4743      6F6E6669 
 4744              	.LASF118:
 4745 0b13 646C6973 		.ascii	"dlist\000"
 4745      7400
 4746              	.LASF119:
 4747 0b19 6C617374 		.ascii	"lasttime\000"
 4747      74696D65 
 4747      00
 4748              	.LASF231:
 4749 0b22 68616C5F 		.ascii	"hal_sio_config\000"
 4749      73696F5F 
 4749      636F6E66 
 4749      696700
 4750              	.LASF18:
 4751 0b31 75696E74 		.ascii	"uint64_t\000"
 4751      36345F74 
 4751      00
 4752              	.LASF297:
 4753 0b3a 65787469 		.ascii	"exti16_exti40_exti41_irq_init\000"
 4753      31365F65 
 4753      78746934 
 4753      305F6578 
 4753      74693431 
 4754              	.LASF186:
 4755 0b58 4750545F 		.ascii	"GPT_UNINIT\000"
 4755      554E494E 
 4755      495400
 4756              	.LASF47:
 4757 0b63 726C6973 		.ascii	"rlist\000"
 4757      7400
 4758              	.LASF319:
 4759 0b69 6F73616C 		.ascii	"osalSysUnlockFromISR\000"
 4759      53797355 
 4759      6E6C6F63 
 4759      6B46726F 
 4759      6D495352 
 4760              	.LASF5:
 4761 0b7e 5F5F7569 		.ascii	"__uint8_t\000"
 4761      6E74385F 
 4761      7400
 4762              	.LASF279:
 4763 0b88 66646361 		.ascii	"fdcan3_irq_init\000"
 4763      6E335F69 
 4763      72715F69 
 4763      6E697400 
 4764              	.LASF282:
 4765 0b98 66646361 		.ascii	"fdcan1_irq_deinit\000"
 4765      6E315F69 
 4765      72715F64 
ARM GAS  C:\Users\angio\AppData\Local\Temp\ccrvFn2X.s 			page 99


 4765      65696E69 
 4765      7400
 4766              	.LASF91:
 4767 0baa 5343425F 		.ascii	"SCB_Type\000"
 4767      54797065 
 4767      00
 4768              	.LASF217:
 4769 0bb3 72656164 		.ascii	"read\000"
 4769      00
 4770              	.LASF85:
 4771 0bb8 42464152 		.ascii	"BFAR\000"
 4771      00
 4772              	.LASF203:
 4773 0bbd 53445F55 		.ascii	"SD_UNINIT\000"
 4773      4E494E49 
 4773      5400
 4774              	.LASF78:
 4775 0bc7 56544F52 		.ascii	"VTOR\000"
 4775      00
 4776              	.LASF191:
 4777 0bcc 67707473 		.ascii	"gptstate_t\000"
 4777      74617465 
 4777      5F7400
 4778              	.LASF111:
 4779 0bd7 78707372 		.ascii	"xpsr\000"
 4779      00
 4780              	.LASF235:
 4781 0bdc 53494F5F 		.ascii	"SIO_UNINIT\000"
 4781      554E494E 
 4781      495400
 4782              	.LASF219:
 4783 0be7 67657474 		.ascii	"gett\000"
 4783      00
 4784              	.LASF175:
 4785 0bec 715F746F 		.ascii	"q_top\000"
 4785      7000
 4786              	.LASF77:
 4787 0bf2 49435352 		.ascii	"ICSR\000"
 4787      00
 4788              	.LASF63:
 4789 0bf7 73797369 		.ascii	"sysinterval_t\000"
 4789      6E746572 
 4789      76616C5F 
 4789      7400
 4790              	.LASF241:
 4791 0c05 69727144 		.ascii	"irqDeinit\000"
 4791      65696E69 
 4791      7400
 4792              	.LASF150:
 4793 0c0f 6576656E 		.ascii	"event_listener_t\000"
 4793      745F6C69 
 4793      7374656E 
 4793      65725F74 
 4793      00
 4794              	.LASF128:
 4795 0c20 6C697374 		.ascii	"list\000"
 4795      00
ARM GAS  C:\Users\angio\AppData\Local\Temp\ccrvFn2X.s 			page 100


 4796              	.LASF328:
 4797 0c25 474E5520 		.ascii	"GNU C17 10.3.1 20210824 (release) -mcpu=cortex-m4 -"
 4797      43313720 
 4797      31302E33 
 4797      2E312032 
 4797      30323130 
 4798 0c58 6D746875 		.ascii	"mthumb -mfloat-abi=soft -march=armv7e-m -ggdb -O0 -"
 4798      6D62202D 
 4798      6D666C6F 
 4798      61742D61 
 4798      62693D73 
 4799 0c8b 666F6D69 		.ascii	"fomit-frame-pointer -falign-functions=16 -ffunction"
 4799      742D6672 
 4799      616D652D 
 4799      706F696E 
 4799      74657220 
 4800 0cbe 2D736563 		.ascii	"-sections -fdata-sections -fno-common -flto\000"
 4800      74696F6E 
 4800      73202D66 
 4800      64617461 
 4800      2D736563 
 4801              	.LASF142:
 4802 0cea 72656164 		.ascii	"ready_list_t\000"
 4802      795F6C69 
 4802      73745F74 
 4802      00
 4803              	.LASF184:
 4804 0cf7 74687265 		.ascii	"threads\000"
 4804      61647300 
 4805              	.LASF267:
 4806 0cff 75617274 		.ascii	"uart5_irq_deinit\000"
 4806      355F6972 
 4806      715F6465 
 4806      696E6974 
 4806      00
 4807              	.LASF222:
 4808 0d10 73696F65 		.ascii	"sioevents_t\000"
 4808      76656E74 
 4808      735F7400 
 4809              	.LASF123:
 4810 0d1c 71756575 		.ascii	"queue\000"
 4810      6500
 4811              	.LASF16:
 4812 0d22 696E7433 		.ascii	"int32_t\000"
 4812      325F7400 
 4813              	.LASF57:
 4814 0d2a 72666375 		.ascii	"rfcu_t\000"
 4814      5F7400
 4815              	.LASF135:
 4816 0d31 77747365 		.ascii	"wtsemp\000"
 4816      6D7000
 4817              	.LASF71:
 4818 0d38 63685F70 		.ascii	"ch_priority_queue\000"
 4818      72696F72 
 4818      6974795F 
 4818      71756575 
 4818      6500
ARM GAS  C:\Users\angio\AppData\Local\Temp\ccrvFn2X.s 			page 101


 4819              	.LASF22:
 4820 0d4a 74737461 		.ascii	"tstate_t\000"
 4820      74655F74 
 4820      00
 4821              	.LASF257:
 4822 0d53 74696D33 		.ascii	"tim3_irq_deinit\000"
 4822      5F697271 
 4822      5F646569 
 4822      6E697400 
 4823              	.LASF192:
 4824 0d63 47505444 		.ascii	"GPTDriver\000"
 4824      72697665 
 4824      7200
 4825              	.LASF68:
 4826 0d6d 63685F71 		.ascii	"ch_queue\000"
 4826      75657565 
 4826      00
 4827              	.LASF149:
 4828 0d76 6D757465 		.ascii	"mutex_t\000"
 4828      785F7400 
 4829              	.LASF238:
 4830 0d7e 73696F73 		.ascii	"siostate_t\000"
 4830      74617465 
 4830      5F7400
 4831              	.LASF296:
 4832 0d89 65787469 		.ascii	"exti16_exti40_exti41_irq_deinit\000"
 4832      31365F65 
 4832      78746934 
 4832      305F6578 
 4832      74693431 
 4833              	.LASF305:
 4834 0da9 65787469 		.ascii	"exti4_irq_deinit\000"
 4834      345F6972 
 4834      715F6465 
 4834      696E6974 
 4834      00
 4835              	.LASF323:
 4836 0dba 706F7274 		.ascii	"port_unlock_from_isr\000"
 4836      5F756E6C 
 4836      6F636B5F 
 4836      66726F6D 
 4836      5F697372 
 4837              	.LASF234:
 4838 0dcf 73696F63 		.ascii	"siocb_t\000"
 4838      625F7400 
 4839              	.LASF6:
 4840 0dd7 756E7369 		.ascii	"unsigned char\000"
 4840      676E6564 
 4840      20636861 
 4840      7200
 4841              	.LASF225:
 4842 0de5 656E6162 		.ascii	"enabled\000"
 4842      6C656400 
 4843              	.LASF38:
 4844 0ded 77616974 		.ascii	"waiting\000"
 4844      696E6700 
 4845              	.LASF314:
ARM GAS  C:\Users\angio\AppData\Local\Temp\ccrvFn2X.s 			page 102


 4846 0df5 65787469 		.ascii	"exti1_irq_deinit\000"
 4846      315F6972 
 4846      715F6465 
 4846      696E6974 
 4846      00
 4847              	.LASF285:
 4848 0e06 65787469 		.ascii	"exti33_irq_init\000"
 4848      33335F69 
 4848      72715F69 
 4848      6E697400 
 4849              	.LASF166:
 4850 0e16 44545232 		.ascii	"DTR2\000"
 4850      00
 4851              	.LASF196:
 4852 0e1b 66726571 		.ascii	"frequency\000"
 4852      75656E63 
 4852      7900
 4853              	.LASF35:
 4854 0e25 73746174 		.ascii	"state\000"
 4854      6500
 4855              	.LASF110:
 4856 0e2b 6C725F74 		.ascii	"lr_thd\000"
 4856      686400
 4857              	.LASF284:
 4858 0e32 65787469 		.ascii	"exti33_irq_deinit\000"
 4858      33335F69 
 4858      72715F64 
 4858      65696E69 
 4858      7400
 4859              	.LASF101:
 4860 0e44 52545352 		.ascii	"RTSR2\000"
 4860      3200
 4861              	.LASF44:
 4862 0e4a 6F735F69 		.ascii	"os_instance_t\000"
 4862      6E737461 
 4862      6E63655F 
 4862      7400
 4863              	.LASF49:
 4864 0e58 7265676C 		.ascii	"reglist\000"
 4864      69737400 
 4865              	.LASF88:
 4866 0e60 49534152 		.ascii	"ISAR\000"
 4866      00
 4867              	.LASF133:
 4868 0e65 77747472 		.ascii	"wttrp\000"
 4868      7000
 4869              	.LASF309:
 4870 0e6b 65787469 		.ascii	"exti3_irq_init\000"
 4870      335F6972 
 4870      715F696E 
 4870      697400
 4871              	.LASF146:
 4872 0e7a 69646C65 		.ascii	"idlethread_base\000"
 4872      74687265 
 4872      61645F62 
 4872      61736500 
 4873              	.LASF134:
ARM GAS  C:\Users\angio\AppData\Local\Temp\ccrvFn2X.s 			page 103


 4874 0e8a 73656E74 		.ascii	"sentmsg\000"
 4874      6D736700 
 4875              	.LASF42:
 4876 0e92 7265616C 		.ascii	"realprio\000"
 4876      7072696F 
 4876      00
 4877              	.LASF3:
 4878 0e9b 7369676E 		.ascii	"signed char\000"
 4878      65642063 
 4878      68617200 
 4879              	.LASF75:
 4880 0ea7 64656C74 		.ascii	"delta\000"
 4880      6100
 4881              	.LASF171:
 4882 0ead 696F5F71 		.ascii	"io_queue\000"
 4882      75657565 
 4882      00
 4883              	.LASF289:
 4884 0eb6 65787469 		.ascii	"exti21_exti22_exti29_irq_init\000"
 4884      32315F65 
 4884      78746932 
 4884      325F6578 
 4884      74693239 
 4885              	.LASF214:
 4886 0ed4 53657269 		.ascii	"SerialDriverVMT\000"
 4886      616C4472 
 4886      69766572 
 4886      564D5400 
 4887              	.LASF20:
 4888 0ee4 73746B61 		.ascii	"stkalign_t\000"
 4888      6C69676E 
 4888      5F7400
 4889              	.LASF223:
 4890 0eef 53494F44 		.ascii	"SIODriver\000"
 4890      72697665 
 4890      7200
 4891              	.LASF226:
 4892 0ef9 73796E63 		.ascii	"sync_rx\000"
 4892      5F727800 
 4893              	.LASF141:
 4894 0f01 63757272 		.ascii	"current\000"
 4894      656E7400 
 4895              	.LASF251:
 4896 0f09 74696D36 		.ascii	"tim6_irq_init\000"
 4896      5F697271 
 4896      5F696E69 
 4896      7400
 4897              	.LASF325:
 4898 0f17 706F7274 		.ascii	"port_unlock\000"
 4898      5F756E6C 
 4898      6F636B00 
 4899              	.LASF179:
 4900 0f23 715F6C69 		.ascii	"q_link\000"
 4900      6E6B00
 4901              	.LASF276:
 4902 0f2a 75736172 		.ascii	"usart1_irq_deinit\000"
 4902      74315F69 
ARM GAS  C:\Users\angio\AppData\Local\Temp\ccrvFn2X.s 			page 104


 4902      72715F64 
 4902      65696E69 
 4902      7400
 4903              	.LASF98:
 4904 0f3c 52455345 		.ascii	"RESERVED2\000"
 4904      52564544 
 4904      3200
 4905              	.LASF84:
 4906 0f46 4D4D4641 		.ascii	"MMFAR\000"
 4906      5200
 4907              	.LASF288:
 4908 0f4c 65787469 		.ascii	"exti21_exti22_exti29_irq_deinit\000"
 4908      32315F65 
 4908      78746932 
 4908      325F6578 
 4908      74693239 
 4909              	.LASF114:
 4910 0f6c 6C725F65 		.ascii	"lr_exc\000"
 4910      786300
 4911              	.LASF136:
 4912 0f73 77746D74 		.ascii	"wtmtxp\000"
 4912      787000
 4913              	.LASF86:
 4914 0f7a 41465352 		.ascii	"AFSR\000"
 4914      00
 4915              	.LASF243:
 4916 0f7f 74696D32 		.ascii	"tim20_irq_deinit\000"
 4916      305F6972 
 4916      715F6465 
 4916      696E6974 
 4916      00
 4917              	.LASF131:
 4918 0f90 65786974 		.ascii	"exitcode\000"
 4918      636F6465 
 4918      00
 4919              	.LASF39:
 4920 0f99 6D736771 		.ascii	"msgqueue\000"
 4920      75657565 
 4920      00
 4921              	.LASF29:
 4922 0fa2 636F7265 		.ascii	"core_id_t\000"
 4922      5F69645F 
 4922      7400
 4923              	.LASF174:
 4924 0fac 715F6275 		.ascii	"q_buffer\000"
 4924      66666572 
 4924      00
 4925              	.LASF90:
 4926 0fb5 43504143 		.ascii	"CPACR\000"
 4926      5200
 4927              	.LASF43:
 4928 0fbb 6D706F6F 		.ascii	"mpool\000"
 4928      6C00
 4929              	.LASF113:
 4930 0fc1 62617365 		.ascii	"basepri\000"
 4930      70726900 
 4931              		.text
ARM GAS  C:\Users\angio\AppData\Local\Temp\ccrvFn2X.s 			page 105


 4932              		.section	.gnu.lto_.inline.1f2b6e7c,"e",%progbits
 4933 0000 789CDDD7 		.ascii	"x\234\335\327iJ\303@\024\007\360\347\244\255\332V[\367"
 4933      694AC340 
 4933      1407F0E7 
 4933      A4ADDA56 
 4933      5BF7
 4934 0012 5A77EBBE 		.ascii	"Zw\353\276\257u\337\025\367\210\013\012~\026)z\007\321"
 4934      AF75DF15 
 4934      F7880B0A 
 4934      7E16297A 
 4934      07D1
 4935 0024 1BE404E2 		.ascii	"\033\344\004\342\021<\202x\010?y\005\301#8\211M)h\372"
 4935      113C8278 
 4935      083F7905 
 4935      C1233889 
 4935      4D2968FA 
 4936 0038 FF4304D1 		.ascii	"\377C\004\321|h\246o~o\372B'\303L:&\271\353X$p\253/"
 4936      7C68A66F 
 4936      7E6FFA42 
 4936      27C34C3A 
 4936      26B9EB58 
 4937 0050 E34244E5 		.ascii	"\343BD\345Z\001\271\323\255\033%J\223\"(TV\\\352\246"
 4937      5A01B9D3 
 4937      AD1B254A 
 4937      93222854 
 4937      565CEAA6 
 4938 0064 B25BEACB 		.ascii	"\262[\352\313\030a\373\307\014\322\005\304p{=\\\020"
 4938      1861FBC7 
 4938      0CD205C4 
 4938      707B3D5C 
 4938      10
 4939 0075 8A1014C5 		.ascii	"\212\020\024\305P\224@Q\012E\030\212\010\024Q(\312\240"
 4939      50944051 
 4939      0A45188A 
 4939      08145128 
 4939      CAA0
 4940 0087 28872206 		.ascii	"(\207\"\006E\034\212\012(*\241\250\202\242\032\212\032"
 4940      451C8A0A 
 4940      282AA1A8 
 4940      82A21A8A 
 4940      1A
 4941 0098 286AA1A8 		.ascii	"(j\241\250\203\"\001E=\024I(\032\240h\204\242\011\212"
 4941      83220145 
 4941      3D144928 
 4941      1AA06884 
 4941      A2098A
 4942 00ab 66285AA0 		.ascii	"f(Z\240h\205\242\015\212v(RPt@\321\011E\027\024\335"
 4942      6885A20D 
 4942      8A762852 
 4942      507440D1 
 4942      09451714 
 4943 00c0 50F440D1 		.ascii	"P\364@\321\013E\037\024\375P\014HH\177y*\260\356\032"
 4943      0B451F14 
 4943      FD500C48 
 4943      487F792A 
 4943      B0EE1A
 4944 00d3 517B19B7 		.ascii	"Q{\031\267L\313\034$\255\310\020-\207i9B\313QZ\216\321"
ARM GAS  C:\Users\angio\AppData\Local\Temp\ccrvFn2X.s 			page 106


 4944      4CCB1C24 
 4944      ADC8102D 
 4944      87693942 
 4944      CB515A8E 
 4945 00e8 729C9613 		.ascii	"r\234\226\023\264\234\244e\232\226S\264\234\246\345"
 4945      B49CA465 
 4945      9A9653B4 
 4945      9CA6E5
 4946 00f7 8C0475F0 		.ascii	"\214\004u\360\241\200T\021g30\313\3029\026\316\263p"
 4946      A1805411 
 4946      673330CB 
 4946      C23916CE 
 4946      B370
 4947 0109 81858B2C 		.ascii	"\201\205\213,\\b\3412\013WX\270\312\3025\026\256\263"
 4947      5C62E132 
 4947      0B5758B8 
 4947      CAC23516 
 4947      AEB3
 4948 011b 7043123A 		.ascii	"pC\022:\366ndt$\351\316\217\357\366k\331\271\221\335"
 4948      F66E6474 
 4948      24E9CE8F 
 4948      EFF66BD9 
 4948      B991DD
 4949 012e 95C5ED0E 		.ascii	"\225\305\355\016\313\334\364\225\275\345+{\333W\366"
 4949      CBDCF495 
 4949      BDE52B7B 
 4949      DB57F6
 4950 013d 8EAFEC5D 		.ascii	"\216\257\354]y\025-\357\325\265\356<\267\007R\031\""
 4950      79152DEF 
 4950      D5B5EE3C 
 4950      B7075219 
 4950      22
 4951 014e FDA7636E 		.ascii	"\375\247cn9\350\276'ov\271/N\271W\272\365h\374F\271"
 4951      39E8BE27 
 4951      6F76B92F 
 4951      4EB957BA 
 4951      F568FC46 
 4952 0163 7E1EC1BD 		.ascii	"~\036\301\275\357\347\255b\036'\220\317\211}\300\302"
 4952      EFE7AD62 
 4952      1E2790CF 
 4952      897DC0C2 
 4953 0173 C3BC57C5 		.ascii	"\303\274W\305\343\324\343Tz\304\016x\302\302SI\351\330"
 4953      E3D4E354 
 4953      7AC40E78 
 4953      C2C25349 
 4953      E9D8
 4954 0185 B3F3AF14 		.ascii	"\263\363\257\024:\003\375\335\317\263\177\377\204\362"
 4954      3A03FDDD 
 4954      CFB37FFF 
 4954      84F2
 4955 0193 01F4AE97 		.ascii	"\001\364\256\227\350"
 4955      E8
 4956              		.text
 4957              		.section	.gnu.lto_.jmpfuncs.1f2b6e7c,"e",%progbits
 4958 0000 789C6362 		.ascii	"x\234cb@\006\000\000*\000\003"
 4958      40060000 
 4958      2A0003
ARM GAS  C:\Users\angio\AppData\Local\Temp\ccrvFn2X.s 			page 107


 4959              		.text
 4960              		.section	.gnu.lto_.lto.1f2b6e7c,"e",%progbits
 4961 0000 09000400 		.ascii	"\011\000\004\000\001\000\000\000"
 4961      01000000 
 4962              		.text
 4963              		.section	.gnu.lto_chSysLockFromISR.193.1f2b6e7c,"e",%progbits
 4964 0000 789C7D52 		.ascii	"x\234}RKh\023Q\024\275w\336$U\272\260\033\021D0]\024"
 4964      4B681351 
 4964      14BD77DE 
 4964      2455BAB0 
 4964      1B114430 
 4965 0016 159A4CF3 		.ascii	"\025\232L\363!\021w%\004)4*I\304M0\264\323\251\0354"
 4965      21117725 
 4965      0429342A 
 4965      49C44D30 
 4965      B4D3A91D 
 4966 002b 9D3293A8 		.ascii	"\2352\223\250]e\232\202\202\305&\266\265\202\206.J\004"
 4966      5D659A82 
 4966      82C526B6 
 4966      B582862E 
 4966      4A04
 4967 003d 055137DA 		.ascii	"\005Q7\332\217Qc\213\265\270P\020\\\271p\025\227\255"
 4967      8F51638B 
 4967      B5B85010 
 4967      5CB97015 
 4967      97AD
 4968 004f D4850A85 		.ascii	"\324\205\012\205x\337$1Y\210\217\201y\347\236s\356\347"
 4968      78DF2431 
 4968      59888F81 
 4968      79E79E73 
 4968      EEE7
 4969 0061 BDC70480 		.ascii	"\275\307\004\200\003\010p\016h\331\001gn\335\020\240"
 4969      0308700E 
 4969      68D90167 
 4969      6EDD10A0 
 4970 0071 5AAD6644 		.ascii	"Z\255fD\001g\247+k?\333q\035-\314pn\2722\361x\032\261"
 4970      0167A72B 
 4970      6B3FDB71 
 4970      1D2DCC70 
 4970      6EBA32F1 
 4971 0088 540B8878 		.ascii	"T\013\210x\373\321\022\301\325\032\264\341\304\207\322"
 4971      FBD112C1 
 4971      D51AB4E1 
 4971      C487D2
 4972 0097 D3F3F8AC 		.ascii	"\323\363\370\254\006\0212\002\243`\006g\3311\3234\177"
 4972      06113202 
 4972      A3600667 
 4972      D931D334 
 4972      7F
 4973 00a8 DD5F98CA 		.ascii	"\335_\230\312\265\233\017\312Xd\000\013\014\032\313"
 4973      B59B0FCA 
 4973      5864000B 
 4973      0C1ACB
 4974 00b7 5E475860 		.ascii	"^GX`h\355\021\237#4\200\200KM\300p\271\006x\276\215"
 4974      68ED119F 
 4974      23348080 
 4974      4B4DC070 
ARM GAS  C:\Users\angio\AppData\Local\Temp\ccrvFn2X.s 			page 108


 4974      B90678BE 
 4975 00cc 00502D0A 		.ascii	"\000P-\012\326i\\\301\026\272\360~r\353\020Po\224\242"
 4975      D6695CC1 
 4975      16BAF07E 
 4975      72EB1050 
 4975      6F94A2
 4976 00df 217881F5 		.ascii	"!x\201\365d3\254HU\304\372N@\007\355\330]\213:R\246"
 4976      6433AC48 
 4976      55C4FA4E 
 4976      4007EDD8 
 4976      5D8B3A52 
 4977 00f4 D473535F 		.ascii	"\324sS_>\036,\230e\261H%_#o\351\025\342K\004\344\335"
 4977      3E1E2C98 
 4977      65B14825 
 4977      5F236FE9 
 4977      15E24B04 
 4978 010a B36F9875 		.ascii	"\263o\230u\223\264\313\222^\277\267\322\275>in\232\177"
 4978      93B4CB92 
 4978      5EBFB7D2 
 4978      BD3E696E 
 4978      9A7F
 4979 011c C5D014D3 		.ascii	"\305\320\024\323X\365~\226?\027\354\370\206\202%\236"
 4979      58F57E96 
 4979      3F17ECF8 
 4979      8682259E 
 4980 012c 8E0F8D6B 		.ascii	"\216\017\215k\326\240\244A\"\236|\262\225\315\335j\316"
 4980      D6A0A441 
 4980      229E7CB2 
 4980      95CDDD6A 
 4980      CE
 4981 013d 2CDFD937 		.ascii	",\337\3317\265=\377\356\267 \012\300\015\220c\374>\254"
 4981      B53DFFEE 
 4981      B7200AC0 
 4981      0D9063FC 
 4981      3EAC
 4982 014f 7598609E 		.ascii	"u\230`\236\011M\310`\013\263;\035\260\310\004>\011\303"
 4982      094DC860 
 4982      0BB33B1D 
 4982      B0C8043E 
 4982      09C3
 4983 0161 1ED8A6C0 		.ascii	"\036\330\246\300\303\371\325\257{\351\336x\366]~\256"
 4983      C3F9D5AF 
 4983      7BE9DE78 
 4983      F65D7EAE 
 4984 0171 9D37856B 		.ascii	"\2357\205k{\212\214O,\362\243~\213@\177\334\300\305"
 4984      7B8A8C4F 
 4984      2CF2A37E 
 4984      8B407FDC 
 4984      C0C5
 4985 0183 DAE974E6 		.ascii	"\332\351t\346-\336f\221\233\274m*\313Z\353\344\230\330"
 4985      2DDE6691 
 4985      9BBC6D2A 
 4985      CB5AEBE4 
 4985      98D8
 4986 0195 0AF3CCD6 		.ascii	"\012\363\314\326\012w0\373\2752\371#D\027\002536iza"
 4986      0A7730FB 
 4986      BD32F923 
ARM GAS  C:\Users\angio\AppData\Local\Temp\ccrvFn2X.s 			page 109


 4986      44170235 
 4986      3336697A 
 4987 01aa E00F9E88 		.ascii	"\340\017\236\210\007G\324A5\232J\017\251Z\374\212\246"
 4987      0747D441 
 4987      359A4A0F 
 4987      A95AFC8A 
 4987      A6
 4988 01bb 5F34C606 		.ascii	"_4\306\006d%\2216\024=\036\2119\243\261\260\327s\322"
 4988      64259136 
 4988      143D1E89 
 4988      39A3B1B0 
 4988      D773D2
 4989 01ce 17F04542 		.ascii	"\027\360EB\316Sg\203\375\241\323~\037\034u\271$\372"
 4989      CE536783 
 4989      FDA1D37E 
 4989      1F1C75B9 
 4989      24FA
 4990 01e0 64EED40C 		.ascii	"d\356\324\014\217\333\355\2264C\322S\222:*_J\017)\304"
 4990      8FDBED96 
 4990      3443D253 
 4990      923A2A5F 
 4990      4A0F29C4 
 4991 01f4 18E3866B 		.ascii	"\030\343\206k\004\002\377\024\312Z2\251\215Jc\232\236"
 4991      0402FF14 
 4991      CA5A32A9 
 4991      8D4A639A 
 4991      9E
 4992 0205 32A4DE48 		.ascii	"2\244\336H\370r\300\031v\366\366\307H'k\272B\276\266"
 4992      F872C019 
 4992      76F6F6C7 
 4992      48276BBA 
 4992      42BEB6
 4993 0218 C1014339 		.ascii	"\301\001C9\243\253\301\377\371\225\253)\356\226\202"
 4993      A3ABC1FF 
 4993      F995AB29 
 4993      EE9682
 4994 0227 E1685F54 		.ascii	"\341h_T\012\222S\352k\324O\032\252\221\270 \313\224"
 4994      0A9253EA 
 4994      6BD44F1A 
 4994      AA91B820 
 4994      CB94
 4995 0239 6BBF914A 		.ascii	"k\277\221Jz=\011\325\320]\262K\361\016\037W\374\303"
 4995      7A3D09D5 
 4995      D05DB24B 
 4995      F10E1F57 
 4995      FCC3
 4996 024b 1EE80847 		.ascii	"\036\350\010G#\016^eLW\273\035]= \350\320\226T\222\232"
 4996      230E5E65 
 4996      4C57BB1D 
 4996      5D3D20E8 
 4996      D0965492 
 4997 0260 3E0E7F00 		.ascii	">\016\177\000\240\201 \323"
 4997      A08120D3 
 4998              		.text
 4999              		.section	.gnu.lto_chSysUnlockFromISR.194.1f2b6e7c,"e",%progbits
 5000 0000 789C7D52 		.ascii	"x\234}RMh\023A\024~of\323*=\330\213\010\"\330\036\212"
 5000      4D681341 
ARM GAS  C:\Users\angio\AppData\Local\Temp\ccrvFn2X.s 			page 110


 5000      147E6F66 
 5000      D32A3DD8 
 5000      8B0822D8 
 5001 0016 0A4DD6FC 		.ascii	"\012M\326\374\320\210\267\022\212\024\032\225$\342\245"
 5001      D088B712 
 5001      8A141A95 
 5001      24E2A5
 5002 0025 58DAEDD6 		.ascii	"X\332\355\326.\232n\330I\325\236\272VP\360'\211m\265"
 5002      2E9A6ED8 
 5002      49D59EBA 
 5002      5650F027 
 5002      896DB5
 5003 0038 20A18712 		.ascii	" \241\207\022AO\005\301\237\324\330\246\015J\361\240"
 5003      414F05C1 
 5003      9FD4D8A6 
 5003      0D4AF1A0 
 5004 0048 E055D083 		.ascii	"\340U\320\203\326\243J/\021,\3047\233\304\344 \016\013"
 5004      D6A34A2F 
 5004      112CC437 
 5004      9BC4E420 
 5004      0E0B
 5005 005a 3BDFFBBE 		.ascii	";\337\373\276\367\275\367f\2063\200}\010p\026h\265\000"
 5005      F7BDF766 
 5005      8633807D 
 5005      08701668 
 5005      B500
 5006 006c CEDEBDC9 		.ascii	"\316\336\275\311\240R\251L+\014\347R[\033\3456,\241"
 5006      A052A94C 
 5006      2B0CE752 
 5006      5B1BE536 
 5006      2CA1
 5007 007e 8339CEA7 		.ascii	"\2039\316\247\266\326\237\244\020\013\325\200\202\367"
 5007      B6D69FA4 
 5007      100BD580 
 5007      82F7
 5008 008c 6EAF125C 		.ascii	"n\257\022\\\251B\027^}W\3309\207O\253\020a\232q\012"
 5008      A942175E 
 5008      7D57D839 
 5008      874FAB10 
 5008      619A710A 
 5009 00a0 4EE31C3F 		.ascii	"N\343\034?b\333\366\257\207\213\371t\233\375\250\210"
 5009      62DBF6AF 
 5009      878BF974 
 5009      9BFDA888 
 5010 00b0 390EB0C8 		.ascii	"9\016\260\310\241\276Zj\010\263\034\235=\3423\204:`"
 5010      A1BE5A6A 
 5010      08B31C9D 
 5010      3DE23384 
 5010      3A60
 5011 00c2 F8BC0138 		.ascii	"\370\274\0018\276\250\002\351\367)\010T\213\2025\032"
 5011      BEA802E9 
 5011      F7290854 
 5011      8B82351A 
 5012 00d2 F3D84467 		.ascii	"\363\330Dg\337\226\312\007\200z#\213\272\340%\326\314"
 5012      DF96CA07 
 5012      807A238B 
 5012      BAE025D6 
ARM GAS  C:\Users\angio\AppData\Local\Temp\ccrvFn2X.s 			page 111


 5012      CC
 5013 00e3 66798EAA 		.ascii	"fy\216\252(\265\035\303\016\332\361\007\016u\250H\326"
 5013      28B51DC3 
 5013      0EDAF107 
 5013      0E75A848 
 5013      D6
 5014 00f4 F3B73EBE 		.ascii	"\363\267>\276\337\237\265\213J\216J\256\241li\025\361"
 5014      DF9FB58B 
 5014      4A8E4AAE 
 5014      A16C6915 
 5014      F1
 5015 0105 1502CAEE 		.ascii	"\025\002\312\356\3717\234\361\222\264\313\221\336X\313"
 5015      F9379CF1 
 5015      92B4CB91 
 5015      DE58CB
 5016 0114 7797AED9 		.ascii	"w\227\256\331\233\366_14\3044V\275\335\257\331\026\\"
 5016      9BF65F31 
 5016      34C43456 
 5016      BDDDAFD9 
 5016      165C
 5017 0126 A76041DA 		.ascii	"\247`A\332\311\241q\303\031\2244H\304\362\007W\321\336"
 5017      C9A171C3 
 5017      19943448 
 5017      C4F20757 
 5017      D1DE
 5018 0138 A9A4EDE2 		.ascii	"\251\244\355\342\302\236\374\362B\3717S\030\310\004"
 5018      C29EFCF2 
 5018      42F93753 
 5018      18C804
 5019 0147 4873791F 		.ascii	"Hsy\037\316:H0\303Y\003r\370\2163\333\355\260\304\231"
 5019      CE3A4830 
 5019      C3590372 
 5019      F88E33DB 
 5019      EDB0C499 
 5020 015b 9C848CE1 		.ascii	"\234\204\214\341\007\005\036\337_\371\274\233\356M\272"
 5020      07051EDF 
 5020      5FF9BC9B 
 5020      EE4DBA
 5021 016a EFC873ED 		.ascii	"\357\310s\355\274\303\256\357\312q9\261\"\217\3725\002"
 5021      BCC3AEEF 
 5021      CA7139B1 
 5021      228FFA35 
 5021      02
 5022 017b FDF10D2E 		.ascii	"\375\361\015.UO\2473\343\360.\207\334\224mSY\336\\'"
 5022      554FA733 
 5022      E3F02E87 
 5022      DC946D53 
 5022      59DE5C27 
 5023 018f CD956698 		.ascii	"\315\225f\230\341\256f\270\2153?\267\276\224\373\350"
 5023      E1AE66B8 
 5023      8D333FB7 
 5023      BE94FBE8 
 5024 019f 42A09A8C 		.ascii	"B\240\232\214\015\232^\030\364\204\216\017\206\306\215"
 5024      0D9A5E18 
 5024      F4848E0F 
 5024      86C68D
 5025 01ae 11239A9C 		.ascii	"\021#\232\234\0345\314\301\313\246uA$\2065}hR\350\326"
ARM GAS  C:\Users\angio\AppData\Local\Temp\ccrvFn2X.s 			page 112


 5025      1C35CCC1 
 5025      CBA67541 
 5025      2486357D 
 5025      6852E8D6 
 5026 01c2 6024E68E 		.ascii	"`$\346\216\306\302~\337\211@0\020\351s\237<\023\032"
 5026      C6C27EDF 
 5026      89403010 
 5026      E9739F3C 
 5026      131A
 5027 01d4 E83BD513 		.ascii	"\350;\325\023\200\303\036\217J\237&3M\341\363z\275\252"
 5027      80C31E8F 
 5027      4A9F2633 
 5027      4DE1F37A 
 5027      BDAA
 5028 01e6 29542BA9 		.ascii	")T+\251\032\023\332\305\311Q\235\0301%<\343\020\374"
 5028      1A13DAC5 
 5028      C9519D18 
 5028      31253CE3 
 5028      10FC
 5029 01f8 A75033E3 		.ascii	"\247P3\343qsBM\230VR\250\275\221\360\245\240;\354\356"
 5029      7173424D 
 5029      985652A8 
 5029      BD91F0A5 
 5029      A03BECEE 
 5030 020c 1D88914E 		.ascii	"\035\210\221N3-\235\362ZG\206\205~\3322B\377\313\327"
 5030      332D9DF2 
 5030      5A478685 
 5030      7EDA3242 
 5030      FFCBD7
 5031 021f AF2465B6 		.ascii	"\257$e\266\032\012G\373\243j\2102\325\376z\375\2700"
 5031      1A0A47FB 
 5031      A36A8832 
 5031      D5FE7AFD 
 5031      B830
 5032 0231 C4D0794D 		.ascii	"\304\320yM#\257\275\"\031\367\373\206\014ay4\217\356"
 5032      23AFBD22 
 5032      19F7FB86 
 5032      0C617934 
 5032      8FEE
 5033 0243 1F3BA6F7 		.ascii	"\037;\246\367\214\371\240=\034\215t\310*\011\313\350"
 5033      8CF9A03D 
 5033      1C8D74C8 
 5033      2A09CBE8 
 5034 0253 EEE83A0A 		.ascii	"\356\350:\012\314\202\326\270\0367\255)\370\003\014"
 5034      CC82D6B8 
 5034      1E37AD29 
 5034      F8030C
 5035 0262 0D22A1   		.ascii	"\015\"\241"
 5036              		.text
 5037              		.section	.gnu.lto_osalSysLockFromISR.341.1f2b6e7c,"e",%progbits
 5038 0000 789C9BC0 		.ascii	"x\234\233\300\300\300\220\012\304\212@\314\300\314\300"
 5038      C0C0900A 
 5038      C48A40CC 
 5038      C0CCC0
 5039 000f 38696217 		.ascii	"8ib\027\023\303\377\377\377\353Y\230\030\033U\030\267"
 5039      13C3FFFF 
 5039      FFEB5998 
ARM GAS  C:\Users\angio\AppData\Local\Temp\ccrvFn2X.s 			page 113


 5039      181B5518 
 5039      B7
 5040 0020 3282D98C 		.ascii	"2\202\331\214\014\365L\214\365\214\223\2315\033\032"
 5040      0CF54C8C 
 5040      F58C9399 
 5040      351B1A
 5041 002f 1A7E2C9D 		.ascii	"\032~,\235\267z\263ASC\253\304\022f\006\206y\314\014"
 5041      B77AB341 
 5041      5343ABC4 
 5041      12660686 
 5041      79CC0C
 5042 0042 30C006E3 		.ascii	"0\300\006\3431\002\361\372K\254\007\032\376\374\357"
 5042      3102F1FA 
 5042      4BAC071A 
 5042      FEFCEF
 5043 0051 6F6878FB 		.ascii	"ohx\373\224q\335f\026\240D?3\310d0\220\007*\231\300"
 5043      9471DD66 
 5043      16A0443F 
 5043      33C86430 
 5043      90072A99 
 5044 0066 CC84E032 		.ascii	"\314\204\34022|`l~p\373\231\004C\013#\323\022f\306y"
 5044      327C606C 
 5044      7E70FB99 
 5044      04430B23 
 5044      D31266C6 
 5045 007b CC40154B 		.ascii	"\314@\025K\230\231\030>16=\270\373\214\003lA?3#\262"
 5045      9899183E 
 5045      31363DB8 
 5045      FB8C036C 
 5045      413F3323 
 5046 0090 010C0C66 		.ascii	"\001\014\014f\316V1\316\031\231I\231\301%\245)\231\371"
 5046      CE5631CE 
 5046      19994999 
 5046      C125A529 
 5046      99F9
 5047 00a2 31E5F945 		.ascii	"1\345\371E\331\305\005\211\311\251\361\245\305\251E"
 5047      D9C50589 
 5047      C9A9F1A5 
 5047      C5A945
 5048 00b1 314121BA 		.ascii	"1A!\272\301!\276\306F\356&\346&A\256\272~\241\316>\256"
 5048      C121BEC6 
 5048      46EE26E6 
 5048      2641AEBA 
 5048      7EA1CE3E 
 5049 00c6 FE66260C 		.ascii	"\376f&\014:zz\372@\224\014\322\231_ldhh\250\237_\254"
 5049      3A7A7AFA 
 5049      40940CD2 
 5049      995F6C64 
 5049      6868A89F 
 5050 00dc 9F919803 		.ascii	"\237\221\230\003\244\200DQ\211n^&\204\255\227\301\000"
 5050      A4804451 
 5050      896E5E26 
 5050      84AD97C1 
 5050      00
 5051 00ed 00175364 		.ascii	"\000\027Sd]"
 5051      5D
 5052              		.text
ARM GAS  C:\Users\angio\AppData\Local\Temp\ccrvFn2X.s 			page 114


 5053              		.section	.gnu.lto_osalSysUnlockFromISR.342.1f2b6e7c,"e",%progbits
 5054 0000 789C9BC0 		.ascii	"x\234\233\300\300\300\220\012\304\212@\314\300\314\300"
 5054      C0C0900A 
 5054      C48A40CC 
 5054      C0CCC0
 5055 000f 38696217 		.ascii	"8ib\027\023\303\377\377\377\353Y\230\030\033U\030\267"
 5055      13C3FFFF 
 5055      FFEB5998 
 5055      181B5518 
 5055      B7
 5056 0020 3282D98C 		.ascii	"2\202\331\214\014\365L\214\365\214\223\2315\033\032"
 5056      0CF54C8C 
 5056      F58C9399 
 5056      351B1A
 5057 002f 1A7E2C9D 		.ascii	"\032~,\235\267o\263ASC\253\304\022f\006\206y\314\014"
 5057      B76FB341 
 5057      5343ABC4 
 5057      12660686 
 5057      79CC0C
 5058 0042 30C006E3 		.ascii	"0\300\006\3431\002\361\372K\254\007\032\376\374\357"
 5058      3102F1FA 
 5058      4BAC071A 
 5058      FEFCEF
 5059 0051 6F68F8FB 		.ascii	"oh\370\373\224\361\344f\026\240D?3\310d0\220\007*\231"
 5059      94F1E466 
 5059      16A0443F 
 5059      33C86430 
 5059      90072A99 
 5060 0065 C0CC84E0 		.ascii	"\300\314\204\34022|`l~0\361\271\004C\013#\323\022f\306"
 5060      32327C60 
 5060      6C7E30F1 
 5060      B904430B 
 5060      23D31266 
 5061 007a 79CC4015 		.ascii	"y\314@\025K\230\231\030>16=\230\374\234\003lA?3#\262"
 5061      4B989918 
 5061      3E31363D 
 5061      98FC9C03 
 5061      6C413F33 
 5062 0090 010C0C66 		.ascii	"\001\014\014f\316V1\316\031\231I\231\301%\245)\231\371"
 5062      CE5631CE 
 5062      19994999 
 5062      C125A529 
 5062      99F9
 5063 00a2 31E5F945 		.ascii	"1\345\371E\331\305\005\211\311\251\361\245\305\251E"
 5063      D9C50589 
 5063      C9A9F1A5 
 5063      C5A945
 5064 00b1 314121BA 		.ascii	"1A!\272\301!\276\306F\356&\346&A\256\272~\241\316>\256"
 5064      C121BEC6 
 5064      46EE26E6 
 5064      2641AEBA 
 5064      7EA1CE3E 
 5065 00c6 FE66260C 		.ascii	"\376f&\014:zz\372@\224\014\322\231_ldhh\250\237_\254"
 5065      3A7A7AFA 
 5065      40940CD2 
 5065      995F6C64 
 5065      6868A89F 
ARM GAS  C:\Users\angio\AppData\Local\Temp\ccrvFn2X.s 			page 115


 5066 00dc 9F919803 		.ascii	"\237\221\230\003\244\200DQ\211n^&\204\255\227\301\000"
 5066      A4804451 
 5066      896E5E26 
 5066      84AD97C1 
 5066      00
 5067 00ed 00FAB164 		.ascii	"\000\372\261d\011"
 5067      09
 5068              		.text
 5069              		.section	.gnu.lto_osalThreadDequeueAllI.361.1f2b6e7c,"e",%progbits
 5070 0000 789C554F 		.ascii	"x\234UOMK\002a\020\236\331Y\243n]\002;U\020H\220\353"
 5070      4D4B0261 
 5070      109ED959 
 5070      A36E5D02 
 5070      3B551048 
 5071 0016 27165D45 		.ascii	"'\026]E\274\364\001j7A\314\326\\\3134w\245\243o\232"
 5071      BCF4016A 
 5071      3741CCD6 
 5071      5CCB3477 
 5071      A5A36F9A 
 5072 002a 041DD2EC 		.ascii	"\004\035\322\354Z\036d\273\346\251\262\"\360'H\227N"
 5072      5A1E64BB 
 5072      E6A9B222 
 5072      F0274897 
 5072      4E
 5073 003b 813F218A 		.ascii	"\201?!\212 ,\330^\265\250\206\231\367}f\346\231/\021"
 5073      202CD85E 
 5073      B5A88699 
 5073      F77D66E6 
 5073      992F11
 5074 004e 018A0030 		.ascii	"\001\212\0000\305\015\010\260z|(\200a\030yQ\300\275"
 5074      C50D08B0 
 5074      7A7C2880 
 5074      61187951 
 5074      C0BD
 5075 0060 69BCC33E 		.ascii	"i\274\303>F\310\013\230\307\023\232a\214\275\237\327"
 5075      46C80B98 
 5075      C7139A61 
 5075      8CBD9FD7 
 5076 0070 1AF7F602 		.ascii	"\032\367\366\002+\231u\002\250\021\014\344\224\260J"
 5076      2B997502 
 5076      A8110CE4 
 5076      94B04A
 5077 007f 3A218ADF 		.ascii	":!\212\337H\300I\216(\016\226\026c\355\217&c#\240\023"
 5077      48C0498E 
 5077      280E9616 
 5077      63ED8F26 
 5077      6323A013 
 5078 0093 E135F21A 		.ascii	"\3415\362\032\274B\274\344\263y Y\261\367x\014\301\302"
 5078      BC42BCE4 
 5078      B3792059 
 5078      B1F7780C 
 5078      C1C2
 5079 00a5 BBB78F8A 		.ascii	"\273\267\217\212\007lT\324I\304\233\377D1yf\007\030"
 5079      076C54D4 
 5079      49C49BFF 
 5079      44317966 
 5079      0718
ARM GAS  C:\Users\angio\AppData\Local\Temp\ccrvFn2X.s 			page 116


 5080 00b7 FA19C963 		.ascii	"\372\031\311c\320x0\265\330\247Qf\354i\374\342\321o"
 5080      D07830B5 
 5080      D8A75166 
 5080      EC69FCE2 
 5080      D16F
 5081 00c9 12109BC8 		.ascii	"\022\020\233\310W\270\345\3112\365\356\350\313\004w"
 5081      57B8E5C9 
 5081      32F5EEE8 
 5081      CB0477
 5082 00d8 2B24FCBA 		.ascii	"+$\374\272\010\317X\352\274v\315\260\217\202N\246\032"
 5082      08CF58EA 
 5082      BC76CDB0 
 5082      8F824EA6 
 5082      1A
 5083 00e9 71469D84 		.ascii	"qF\235\204:\361\275\207\340\005\013\235\267\356p\377"
 5083      3AF1BD87 
 5083      E0050B9D 
 5083      B7EE70FF 
 5084 00f9 AC32E1DF 		.ascii	"\2542\341\3376\000\036\357B\330\233P\326\224\240\226"
 5084      36001EEF 
 5084      42D89B50 
 5084      D694A096 
 5085 0109 5B57D2E1 		.ascii	"[W\322\341\335tvS\315Dcr$\247\312\331p d\015\206\226"
 5085      DD747653 
 5085      CD446372 
 5085      24A7CAD9 
 5085      7020640D 
 5086 011f 5C4EBF7B 		.ascii	"\\N\277{\316\035\360Y\227W\275\213\276\025\217\033f"
 5086      CE1DF059 
 5086      9757BD8B 
 5086      BE158F1B 
 5086      66
 5087 0130 25C9C635 		.ascii	"%\311\3065\326\253L\253N\207\303aK\253\266Dt\213\177"
 5087      D6AB4CAB 
 5087      4E87C361 
 5087      4BABB644 
 5087      748B7F
 5088 0143 FCC96AD6 		.ascii	"\374\311j\326me\200\245\004\220\266\223\031S\265\224"
 5088      6D6580A5 
 5088      0490B693 
 5088      1953B594 
 5089 0153 CB1951D4 		.ascii	"\313\031Q\324\254\024\223dW|^\366\304\235@)u\343\013"
 5089      AC149364 
 5089      577C5EF6 
 5089      C49D4029 
 5089      75E30B
 5090 0166 1B5C8AC6 		.ascii	"\033\\\212\306"
 5091              		.text
 5092              		.section	.gnu.lto_exti0_irq_init.402.1f2b6e7c,"e",%progbits
 5093 0000 789C9BC6 		.ascii	"x\234\233\306\300\300P\011\304\212@\314\300\314\300"
 5093      C0C05009 
 5093      C48A40CC 
 5093      C0CCC0
 5094 000f 38696217 		.ascii	"8ib\027\023\303\377\377\377\353Y\230\030\033U\030\267"
 5094      13C3FFFF 
 5094      FFEB5998 
 5094      181B5518 
ARM GAS  C:\Users\angio\AppData\Local\Temp\ccrvFn2X.s 			page 117


 5094      B7
 5095 0020 3282D98C 		.ascii	"2\202\331\214\014\365L\214\365\214\223\2315\033\032"
 5095      0CF54C8C 
 5095      F58C9399 
 5095      351B1A
 5096 002f 1A7E2C9D 		.ascii	"\032~,\235\367>\242a\305\001\306%\314\014\014\363\230"
 5096      F73EA261 
 5096      C501C625 
 5096      CC0C0CF3 
 5096      98
 5097 0040 1960800D 		.ascii	"\031`\200\015\306c\004\342\365\227X\0174\374\371\337"
 5097      C66304E2 
 5097      F597580F 
 5097      34FCF9DF 
 5098 0050 DFD070F6 		.ascii	"\337\320p\366)\343o&\240x?3\310\\0\220\007\252\230\300"
 5098      29E36F26 
 5098      A0783F33 
 5098      C85C3090 
 5098      07AA98C0 
 5099 0064 CC84E032 		.ascii	"\314\204\34022|`l}\360\231\227\241\205\221i\0113\343"
 5099      327C606C 
 5099      7DF09997 
 5099      A1859169 
 5099      0933E3
 5100 0077 3C66A082 		.ascii	"<f\240\202I\314K\230\231\030\331\030\267\003\355af\370"
 5100      49CC4B98 
 5100      9918D918 
 5100      B703ED61 
 5100      66F8
 5101 0089 C4D8F4E0 		.ascii	"\304\330\364\340;+\330\236~fFd\203\030\030\314\234\255"
 5101      3B2BD89E 
 5101      7E664664 
 5101      831818CC 
 5101      9CAD
 5102 009b 629C3332 		.ascii	"b\23432\2232\203KJS2\363c\312\363\213\262\213\013\022"
 5102      9332834B 
 5102      4A5332F3 
 5102      63CAF38B 
 5102      B28B0B12 
 5103 00af 9353E34B 		.ascii	"\223S\343K\213S\213b\202Bt\203C|\215\215\334M\314M\202"
 5103      8B538B62 
 5103      82427483 
 5103      437C8D8D 
 5103      DC4DCC4D 
 5104 00c4 5C75FD42 		.ascii	"\\u\375B\235}\\\375\315L\030\034\364\364\364\201(\031"
 5104      9D7D5CFD 
 5104      CD4C181C 
 5104      F4F4F481 
 5104      2819
 5105 00d6 A433BFD8 		.ascii	"\2443\277\330\310\320\320P?\277X?#1G\277 \277\250\244"
 5105      C8D0D050 
 5105      3FBF583F 
 5105      233147BF 
 5105      20BFA8A4 
 5106 00ea 581FAC49 		.ascii	"X\037\254I\337\307\307E\3375\"\304\263\314P\277\270"
 5106      DFC7C745 
 5106      DF3522C4 
ARM GAS  C:\Users\angio\AppData\Local\Temp\ccrvFn2X.s 			page 118


 5106      B3CC50BF 
 5106      B8
 5107 00fb 24D7D828 		.ascii	"$\327\330(>\265\242$\323@/3/\231\001\000\214lj+"
 5107      3EB5A224 
 5107      D3402F33 
 5107      2F990100 
 5107      8C6C6A2B 
 5108              		.text
 5109              		.section	.gnu.lto_exti0_irq_deinit.403.1f2b6e7c,"e",%progbits
 5110 0000 789C9BCC 		.ascii	"x\234\233\314\300\300P\011\304\212@\314\300\314\300"
 5110      C0C05009 
 5110      C48A40CC 
 5110      C0CCC0
 5111 000f 38696217 		.ascii	"8ib\027\023\303\377\377\377\353Y\230\030\033U\030\267"
 5111      13C3FFFF 
 5111      FFEB5998 
 5111      181B5518 
 5111      B7
 5112 0020 3282D98C 		.ascii	"2\202\331\214\014\365L\214\365\214\223\2315\033\032"
 5112      0CF54C8C 
 5112      F58C9399 
 5112      351B1A
 5113 002f 1A7E2C9D 		.ascii	"\032~,\235\3677\242a\305\001\306%\314\014\014\363\230"
 5113      F737A261 
 5113      C501C625 
 5113      CC0C0CF3 
 5113      98
 5114 0040 1960800D 		.ascii	"\031`\200\015\306c\004\342\365\227X\0174\374\371\337"
 5114      C66304E2 
 5114      F597580F 
 5114      34FCF9DF 
 5115 0050 DFD070F7 		.ascii	"\337\320p\367)c\2472P\274\237\031d.\030\310\003UL`f"
 5115      2963A732 
 5115      50BC9F19 
 5115      642E18C8 
 5115      03554C60 
 5116 0065 42701919 		.ascii	"Bp\031\031>0\266<\370\317\313\320\302\310\264\204\231"
 5116      3E30B63C 
 5116      F8CFCBD0 
 5116      C2C8B484 
 5116      99
 5117 0076 711E3350 		.ascii	"q\0363P\301$\346%\314L\214lK\230\231\031>16=\230\354"
 5117      C124E625 
 5117      CC4C8C6C 
 5117      4B989919 
 5117      3E31363D 
 5118 008c 06B6A49F 		.ascii	"\006\266\244\237\231\021\331\024\006\0063g\253\030\347"
 5118      9911D914 
 5118      06063367 
 5118      AB18E7
 5119 009b 8CCCA4CC 		.ascii	"\214\314\244\314\340\222\322\224\314\374\230\362\374"
 5119      E092D294 
 5119      CCFC98F2 
 5119      FC
 5120 00a8 A2ECE282 		.ascii	"\242\354\342\202\304\344\324\370\322\342\324\242\230"
 5120      C4E4D4F8 
 5120      D2E2D4A2 
ARM GAS  C:\Users\angio\AppData\Local\Temp\ccrvFn2X.s 			page 119


 5120      98
 5121 00b5 A010DDE0 		.ascii	"\240\020\335\340\020_c#w\023s\223 W]\277Pg\037W\177"
 5121      105F6323 
 5121      77137393 
 5121      20575DBF 
 5121      50671F57 
 5122 00ca 33130607 		.ascii	"3\023\006\007==} J\006\351\314/6244\324\317/\326\317"
 5122      3D3D7D20 
 5122      4A06E9CC 
 5122      2F363234 
 5122      34D4CF2F 
 5123 00e0 48CCD12F 		.ascii	"H\314\321/\310/*)\326\007k\322\367\361q\321w\215\010"
 5123      C82F2A29 
 5123      D6076BD2 
 5123      F7F171D1 
 5123      778D08
 5124 00f3 F12C33D4 		.ascii	"\361,3\324/.\31156\212O\255(\3114\320\313\314Kf\000"
 5124      2F2EC935 
 5124      368A4FAD 
 5124      28C934D0 
 5124      CBCC4B66 
 5125 0108 00415469 		.ascii	"\000ATi$"
 5125      24
 5126              		.text
 5127              		.section	.gnu.lto_Vector58.404.1f2b6e7c,"e",%progbits
 5128 0000 789C7554 		.ascii	"x\234uT]HSa\030\376\236\363\235sv\374[\177Zt\225P]\024"
 5128      5D485361 
 5128      18FE9EF3 
 5128      9D7376FC 
 5128      5B7F5A74 
 5129 0018 B9E3A658 		.ascii	"\271\343\246Xt\025,\213\300\012\324\240\013AlM\034\375"
 5129      74152C8B 
 5129      C00AD4A0 
 5129      0B416C4D 
 5129      1CFD
 5130 002a 6C6CB322 		.ascii	"ll\263\"\020\217nf\324\205Ni\027a\213d\205\320Et\321"
 5130      108F6E66 
 5130      D4854E69 
 5130      17618B64 
 5130      85D04574 
 5131 003f FF9F0995 		.ascii	"\377\237\011\225Pa\005\246\005EP]H \346M^\004\353\375"
 5131      506105A6 
 5131      0545505D 
 5131      4820E64D 
 5131      5E04EBFD 
 5132 0053 CE39DAA6 		.ascii	"\3169\332\246x\330\371\366~\3579\317\317\373~\357\266"
 5132      78D8F9F6 
 5132      7EEF39CF 
 5132      CFFB7EEF 
 5132      B6
 5133 0064 4D662CC9 		.ascii	"Mf,\311\030\363\321\315\034\014}\211\013\022\313d2\355"
 5133      18F3D1CD 
 5133      1C0C7D89 
 5133      0B12CB64 
 5133      32ED
 5134 0076 B224C512 		.ascii	"\262$\305\022\027%<\200\271;\227p\232\337\\\212'\012"
 5134      17253C80 
ARM GAS  C:\Users\angio\AppData\Local\Temp\ccrvFn2X.s 			page 120


 5134      B93B9770 
 5134      9ADF5C8A 
 5134      270A
 5135 0088 CCA8CBCE 		.ascii	"\314\250\313\316\310\270\264\200Q\220L\344\233\221\212"
 5135      C8B8B480 
 5135      51904CE4 
 5135      9B918A
 5136 0097 8E4DF358 		.ascii	"\216M\363X\260v\211\313\212\212v\364\363-\206a\314]"
 5136      B07689CB 
 5136      8A8A76F4 
 5136      F32D8661 
 5136      CC5D
 5137 00a9 4FA5361A 		.ascii	"O\2456\032C\303Hs\306R\234\315_\003\034}<\315\001\331"
 5137      43C34873 
 5137      C6529CCD 
 5137      5F031C7D 
 5137      3CCD01D9 
 5138 00bd 8E249452 		.ascii	"\216$\224R\304\317\212'\233\207\015c\346j\254\333\331"
 5138      C4CF8A27 
 5138      9B870D63 
 5138      E66AACDB 
 5138      D9
 5139 00ce DBA1A539 		.ascii	"\333\241\2459\307=\020\022w\201;\020\330\266O\272\312"
 5139      C73D1012 
 5139      77813B10 
 5139      D8B64FBA 
 5139      CA
 5140 00df 701F161F 		.ascii	"p\037\026\037\004\254\037\013\270\233\337C\243\206,"
 5140      04AC1F0B 
 5140      B89BDF43 
 5140      A3862C
 5141 00ee 600F17C1 		.ascii	"`\017\027\301~\012\330#02\313\332~\350\224\224\210\205"
 5141      7E0AD823 
 5141      3032CBDA 
 5141      7EE89494 
 5141      8885
 5142 0100 32B73E28 		.ascii	"2\267>(\303\306\337L\217a\374Y?60\255\025\203\245\271"
 5142      C3C6DF4C 
 5142      8F61FC59 
 5142      3F3630AD 
 5142      1583A5B9 
 5143 0114 2CD1A270 		.ascii	",\321\242p\021\311\"RhQU\2618hqh\264h\205\202\257\310"
 5143      11C92252 
 5143      685155B1 
 5143      38687168 
 5143      B4688582 
 5144 012a F4C27AB8 		.ascii	"\364\302z\270h\214ym\240m/\227\376o\301\246\3219;7~"
 5144      688C796D 
 5144      A06D2F97 
 5144      FE6FC1A6 
 5144      D1393B37 
 5145 013f 5BC2630C 		.ascii	"[\302c\014Z\005\3130\316\307\015\231\236\214<\316\033"
 5145      5A05CB30 
 5145      CEC70D99 
 5145      9E8C3CCE 
 5145      1B
 5146 0150 E4D2C07C 		.ascii	"\344\322\300|ZTr\003\324;\252\235\036\000O\301\312\257"
ARM GAS  C:\Users\angio\AppData\Local\Temp\ccrvFn2X.s 			page 121


 5146      5A547203 
 5146      D43BAA9D 
 5146      1E004FC1 
 5146      CAAF
 5147 0162 99DB7C3C 		.ascii	"\231\333|<\303\025\263\211\323\210%\273\211\252\220"
 5147      C315B389 
 5147      D38825BB 
 5147      89AA90
 5148 0171 9002A658 		.ascii	"\220\002\246X\032I\002\024Q\326\324\323\006\251\011"
 5148      1A490214 
 5148      51D6D4D3 
 5148      06A909
 5149 0180 4F447E24 		.ascii	"OD~$\231\227K\312sHG,R\013G\274\277.\213a\030\3442\221"
 5149      99974BCA 
 5149      7348472C 
 5149      520B47BC 
 5149      BF2E8B61 
 5150 0198 E139D814 		.ascii	"\3419\330\024\342S^\332ZB\326\001\366r\236U\037HOT\241"
 5150      E2535EDA 
 5150      5A42D601 
 5150      F6729E55 
 5150      1F484F54 
 5151 01ad D8551498 		.ascii	"\330U\024\230U\304!Q8\304\231U\022u\254\020/\201\027"
 5151      55C42151 
 5151      38C49955 
 5151      1275AC10 
 5151      2F8117
 5152 01c0 E6438F65 		.ascii	"\346C\217e\246\010\257\200\255DXn\355\235\030%7B\304"
 5152      A608AF80 
 5152      AD44586E 
 5152      ED9D1825 
 5152      3742C4
 5153 01d3 5655049F 		.ascii	"VU\004\237sAU\316R\225lUu\031\255\327K\264\336,\322"
 5153      734155CE 
 5153      52956C55 
 5153      7519ADD7 
 5153      4BB4DE2C 
 5154 01e8 7A6B6BD9 		.ascii	"zkk\331D\216e\210\306\226\020\275\313!r\340=\021I\224"
 5154      448E6588 
 5154      C69610BD 
 5154      CB2172E0 
 5154      3D114994 
 5155 01fc 9841BC94 		.ascii	"\230A\274\224\032\251\322\355H\363\025\246e%\313\262"
 5155      1AA9D2ED 
 5155      48F315A6 
 5155      6525CBB2 
 5156 020c 3C835829 		.ascii	"<\203X)35V\246\204t\232\257\"P\227\235[\235\022,\313"
 5156      333556A6 
 5156      84749AAF 
 5156      2250979D 
 5156      5B9D122C 
 5157 0221 B8185FE2 		.ascii	"\270\030_\342\342\243\345\202R\266\2215\230 #\204\212"
 5157      E2A3E582 
 5157      52B69135 
 5157      98202384 
 5157      8A
 5158 0232 A3D34C14 		.ascii	"\243\323L\024c\022t\226\242\207%\202e-\3131\300-\003"
ARM GAS  C:\Users\angio\AppData\Local\Temp\ccrvFn2X.s 			page 122


 5158      63127496 
 5158      A2872582 
 5158      652DCB31 
 5158      C02D03
 5159 0245 C2A5BA78 		.ascii	"\302\245\272x\\''h\0044\201\324`|\216\031N1H\263\232"
 5159      5C272768 
 5159      043481D4 
 5159      607C8E19 
 5159      4E3148B3 
 5160 025a 7DC25ACE 		.ascii	"}\302Z\316\234\256\2437\361%k\244\276\222\015\372\277"
 5160      9CAEA337 
 5160      F1256BA4 
 5160      BE920DFA 
 5160      BF
 5161 026b B12686DE 		.ascii	"\261&\206\3361\300f\321\371\355\367\036\363\030{8\262"
 5161      31C066D1 
 5161      F9EDF71E 
 5161      F3187B38 
 5161      B2
 5162 027c 7F2B8C55 		.ascii	"\177+\214Uyw6x[\002G\002u\321\326\243\201`\303\351`"
 5162      79773678 
 5162      5B024702 
 5162      75D1D6A3 
 5162      8160C3E9 
 5163 0291 F85824D4 		.ascii	"\370X$\324\344\3637\266F\374\341\206\332\372\262\272"
 5163      E4F337B6 
 5163      46FCE186 
 5163      DAFAB2BA 
 5164 02a1 FAFD159E 		.ascii	"\372\375\025\236\275\225\333+k\253\313\016\034\362\326"
 5164      BD95DB2B 
 5164      6BABCB0E 
 5164      1CF2D6
 5165 02b0 541FACAA 		.ascii	"T\037\254\252d\273\\.\235>>\201\014F<n\267[\017F\364"
 5165      64BB5C2E 
 5165      9D3E3E81 
 5165      0C463C6E 
 5165      B75B0F46 
 5166 02c5 96A6E37A 		.ascii	"\226\246\343z(\030\216Ft\023\244\327\324\354\326\253"
 5166      28188E46 
 5166      7413A4D7 
 5166      D4ECD6AB 
 5167 02d5 0FD7EF3B 		.ascii	"\017\327\357;\345\326#\321\023\025\236F\377\231h\240"
 5167      E5D623D1 
 5167      13159E46 
 5167      FF9968A0 
 5168 02e5 DC1538E9 		.ascii	"\334\0258\351cR(\\b\345\002\221\260\313\347\362W4\357"
 5168      6352285C 
 5168      62E50291 
 5168      B0CBE7F2 
 5168      5734EF
 5169 02f8 F057357B 		.ascii	"\360W5{\030\017\205\335\377\000V9\207\331"
 5169      180F85DD 
 5169      FF005639 
 5169      87D9
 5170              		.text
 5171              		.section	.gnu.lto_exti1_irq_init.405.1f2b6e7c,"e",%progbits
 5172 0000 789C9BC5 		.ascii	"x\234\233\305\300\300P\011\304\212@\314\300\314\300"
ARM GAS  C:\Users\angio\AppData\Local\Temp\ccrvFn2X.s 			page 123


 5172      C0C05009 
 5172      C48A40CC 
 5172      C0CCC0
 5173 000f 38696217 		.ascii	"8ib\027\023\303\377\377\377\353Y\230\030\033U\030\267"
 5173      13C3FFFF 
 5173      FFEB5998 
 5173      181B5518 
 5173      B7
 5174 0020 3282D98C 		.ascii	"2\202\331\214\014\365L\214\365\214\223\2315\033\032"
 5174      0CF54C8C 
 5174      F58C9399 
 5174      351B1A
 5175 002f 1A7E2C9D 		.ascii	"\032~,\235\367>\242a\305\001\306%\314\014\014\363\230"
 5175      F73EA261 
 5175      C501C625 
 5175      CC0C0CF3 
 5175      98
 5176 0040 1960800D 		.ascii	"\031`\200\015\306c\004\342\365\227X\0174\374\371\337"
 5176      C66304E2 
 5176      F597580F 
 5176      34FCF9DF 
 5177 0050 DFD070F6 		.ascii	"\337\320p\366)\343o&\240x?3\310\\0\220\007\252\230\300"
 5177      29E36F26 
 5177      A0783F33 
 5177      C85C3090 
 5177      07AA98C0 
 5178 0064 CC84E032 		.ascii	"\314\204\34022|`l}\360\231\227\241\205\221i\0113\343"
 5178      327C606C 
 5178      7DF09997 
 5178      A1859169 
 5178      0933E3
 5179 0077 3C66A082 		.ascii	"<f\240\202I\314K\230\231\030\331!\024\333\022ff\206"
 5179      49CC4B98 
 5179      9918D921 
 5179      14DB1266 
 5179      6686
 5180 0089 4F8C4D0F 		.ascii	"O\214M\017\276\263\202\355\352gfD6\214\201\301\314\331"
 5180      BEB382ED 
 5180      EA676644 
 5180      368C81C1 
 5180      CCD9
 5181 009b 2AC63923 		.ascii	"*\3069#3)3\270\2444%3?\246<\277(\273\270 195\276\264"
 5181      332933B8 
 5181      A4342533 
 5181      3FA63CBF 
 5181      28BBB820 
 5182 00b4 38B52826 		.ascii	"8\265(&(D78\304\327\330\310\335\304\334$\310U\327/\324"
 5182      28443738 
 5182      C4D7D8C8 
 5182      DDC4DC24 
 5182      C855D72F 
 5183 00c9 D9C7D5DF 		.ascii	"\331\307\325\337\314\204\301AOO\037\210\222A:\363\213"
 5183      CC84C141 
 5183      4F4F1F88 
 5183      92413AF3 
 5183      8B
 5184 00da 8D0C0D0D 		.ascii	"\215\014\015\015\365\363\213\3653\022s\364\013\362\213"
ARM GAS  C:\Users\angio\AppData\Local\Temp\ccrvFn2X.s 			page 124


 5184      F5F38BF5 
 5184      331273F4 
 5184      0BF28B
 5185 00e9 4A8AF5C1 		.ascii	"J\212\365\301\232\364}|\\\364]#B<\313\014\365\213Kr"
 5185      9AF47D7C 
 5185      5CF45D23 
 5185      423CCB0C 
 5185      F58B4B72 
 5186 00fd 8D8DE253 		.ascii	"\215\215\342S+J2\015\3652\363\222\031\000\305\311j\275"
 5186      2B4A320D 
 5186      F532F392 
 5186      1900C5C9 
 5186      6ABD
 5187              		.text
 5188              		.section	.gnu.lto_exti1_irq_deinit.406.1f2b6e7c,"e",%progbits
 5189 0000 789C9BCC 		.ascii	"x\234\233\314\300\300P\011\304\212@\314\300\314\300"
 5189      C0C05009 
 5189      C48A40CC 
 5189      C0CCC0
 5190 000f 38696217 		.ascii	"8ib\027\023\303\377\377\377\353Y\230\030\033U\030\267"
 5190      13C3FFFF 
 5190      FFEB5998 
 5190      181B5518 
 5190      B7
 5191 0020 3282D98C 		.ascii	"2\202\331\214\014\365L\214\365\214\223\2315\033\032"
 5191      0CF54C8C 
 5191      F58C9399 
 5191      351B1A
 5192 002f 1A7E2C9D 		.ascii	"\032~,\235\3677\242a\305\001\306%\314\014\014\363\230"
 5192      F737A261 
 5192      C501C625 
 5192      CC0C0CF3 
 5192      98
 5193 0040 1960800D 		.ascii	"\031`\200\015\306c\004\342\365\227X\0174\374\371\337"
 5193      C66304E2 
 5193      F597580F 
 5193      34FCF9DF 
 5194 0050 DFD070F7 		.ascii	"\337\320p\367)c\2472P\274\237\031d.\030\310\003UL`f"
 5194      2963A732 
 5194      50BC9F19 
 5194      642E18C8 
 5194      03554C60 
 5195 0065 42701919 		.ascii	"Bp\031\031>0\266<\370\317\313\320\302\310\264\204\231"
 5195      3E30B63C 
 5195      F8CFCBD0 
 5195      C2C8B484 
 5195      99
 5196 0076 711E3350 		.ascii	"q\0363P\301$\346%\314L\214\354K\230\231\031>16=\230"
 5196      C124E625 
 5196      CC4C8CEC 
 5196      4B989919 
 5196      3E31363D 
 5197 008b EC06B6A4 		.ascii	"\354\006\266\244\237\231\021\331\024\006\0063g\253\030"
 5197      9F9911D9 
 5197      14060633 
 5197      67AB18
 5198 009a E78CCCA4 		.ascii	"\347\214\314\244\314\340\222\322\224\314\374\230\362"
ARM GAS  C:\Users\angio\AppData\Local\Temp\ccrvFn2X.s 			page 125


 5198      CCE092D2 
 5198      94CCFC98 
 5198      F2
 5199 00a7 FCA2ECE2 		.ascii	"\374\242\354\342\202\304\344\324\370\322\342\324\242"
 5199      82C4E4D4 
 5199      F8D2E2D4 
 5199      A2
 5200 00b4 98A010DD 		.ascii	"\230\240\020\335\340\020_c#w\023s\223 W]\277Pg\037W"
 5200      E0105F63 
 5200      23771373 
 5200      9320575D 
 5200      BF50671F 
 5201 00c9 7F331306 		.ascii	"\1773\023\006\007==} J\006\351\314/6244\324\317/\326"
 5201      073D3D7D 
 5201      204A06E9 
 5201      CC2F3632 
 5201      3434D4CF 
 5202 00df CF48CCD1 		.ascii	"\317H\314\321/\310/*)\326\007k\322\367\361q\321w\215"
 5202      2FC82F2A 
 5202      29D6076B 
 5202      D2F7F171 
 5202      D1778D
 5203 00f2 08F12C33 		.ascii	"\010\361,3\324/.\31156\212O\255(\3114\324\313\314Kf"
 5203      D42F2EC9 
 5203      35368A4F 
 5203      AD28C934 
 5203      D4CBCC4B 
 5204 0107 000041F3 		.ascii	"\000\000A\363i&"
 5204      6926
 5205              		.text
 5206              		.section	.gnu.lto_Vector5C.407.1f2b6e7c,"e",%progbits
 5207 0000 789C7554 		.ascii	"x\234uT]HSa\030\376\236\357;g;\376\255?-\272J\250.\242"
 5207      5D485361 
 5207      18FE9EEF 
 5207      3B673BFE 
 5207      AD3F2DBA 
 5208 0018 DC71532C 		.ascii	"\334qS,\272\012\314\"\260\0025\350B\010[\023G?\033\233"
 5208      BA0ACC22 
 5208      B00235E8 
 5208      42085B13 
 5208      473F1B9B 
 5209 002c 5604E2D1 		.ascii	"V\004\342\321\315\214\272\320)\355\"l\321Z!\004I\027"
 5209      CD8CBAD0 
 5209      29ED226C 
 5209      D15A2104 
 5209      4917
 5210 003e FD5B9950 		.ascii	"\375[\231P\011\025V`JP\004]I \346M^\004\366~\347\034"
 5210      09155660 
 5210      4A50045D 
 5210      4920E64D 
 5210      5E04F67E 
 5211 0054 6D533CEC 		.ascii	"mS<\354|{\277\367\234\347\347}\277w\333\2410\226`\214"
 5211      7C7BBFF7 
 5211      9CE7E77D 
 5211      BF77DBA1 
 5211      3096608C 
 5212 0068 F9E8664E 		.ascii	"\371\350fN\206\336\370e\316\346\347\347\333\024\316"
ARM GAS  C:\Users\angio\AppData\Local\Temp\ccrvFn2X.s 			page 126


 5212      86DEF865 
 5212      CEE6E7E7 
 5212      DB14CE
 5213 0077 A3F12B1C 		.ascii	"\243\361+\034O`\356.\306]\346\267\340\261x\236\031u"
 5213      4F60EE2E 
 5213      C65DE6B7 
 5213      E0B1789E 
 5213      1975
 5214 0089 DA190557 		.ascii	"\332\031\005W\0271*\022\361\\3r\240}\313\002\026\254"
 5214      17312A12 
 5214      F15C3372 
 5214      A07DCB02 
 5214      16AC
 5215 009b 8D0B4575 		.ascii	"\215\013Eu\240\015}b\233a\030s\267\223\311\315\306\300"
 5215      A00D7D62 
 5215      9B611873 
 5215      B793C9CD 
 5215      C6C0
 5216 00ad 30D282B1 		.ascii	"0\322\202\261\244`\013W\277@\257H\013@\261#\216b\212"
 5216      A4600B57 
 5216      BF40AF48 
 5216      0B40B123 
 5216      8E628A
 5217 00c0 C405F964 		.ascii	"\304\005\371d\353\260a\314\334\210v\271z\332\265\264"
 5217      EBB061CC 
 5217      DC8876B9 
 5217      7ADAB5B4 
 5218 00d0 10780442 		.ascii	"\020x\004B\342!\360\000\022\333zKw0<\206\305\007\011"
 5218      E221F000 
 5218      12DB7A4B 
 5218      77303C86 
 5218      C50709
 5219 00e3 EBC322EE 		.ascii	"\353\303\"\356\356\317\320\250\241H\330\323%\260A\011"
 5219      EECFD0A8 
 5219      A148D8D3 
 5219      25B04109 
 5220 00f3 7B064666 		.ascii	"{\006FfY\353=\235\222\234X(3\370Y\0356\376\316w\033"
 5220      59EB3D9D 
 5220      929C5828 
 5220      33F8591D 
 5220      36FECE77 
 5221 0108 C69F8D63 		.ascii	"\306\237\215c\375\323Z!XZ(\234\026U\310H\221\221J\213"
 5221      FDD35A21 
 5221      585A289C 
 5221      1655C848 
 5221      91914A8B 
 5222 011c C3211727 		.ascii	"\303!\027'-N\215\026-_\362\025\230^X\267\220\2151\257"
 5222      2D4E8D16 
 5222      2D5FF215 
 5222      985E58B7 
 5222      908D31AF 
 5223 0130 4DB4ED11 		.ascii	"M\264\355\021\374\377\026l\032\035\263s\343\3679\206"
 5223      FCFF166C 
 5223      1A1DB373 
 5223      E3F73986 
 5224 0140 90B20A56 		.ascii	"\220\262\012V`\\\212\031\012=\031\031\312I\011\336\277"
 5224      605C8A19 
ARM GAS  C:\Users\angio\AppData\Local\Temp\ccrvFn2X.s 			page 127


 5224      0A3D1919 
 5224      CA4909DE 
 5224      BF
 5225 0151 909695DC 		.ascii	"\220\226\225\334\001\365\216j\247\007\300\013\260\322"
 5225      01F58E6A 
 5225      A707C00B 
 5225      B0D2
 5226 015f 9BE63617 		.ascii	"\233\3466\027/q\335l\3424\242\211.\242\312'\244\204"
 5226      2F71DD6C 
 5226      E234A289 
 5226      2EA2CA27 
 5226      A484
 5227 0171 A9E05223 		.ascii	"\251\340R#A\200\002\312\232zZ\212\232\360\\j\217$r\262"
 5227      418002CA 
 5227      9A7A5A8A 
 5227      9AF05C6A 
 5227      8F2472B2 
 5228 0185 494516E9 		.ascii	"IE\026\351\210Ej\341\210\367\32759\014)\241\020\031"
 5228      88456AE1 
 5228      88F7D735 
 5228      390C29A1 
 5228      1019
 5229 0197 5E814D21 		.ascii	"^\201M!6UI[K\310:\300\036!2\352\003\351\311*T\273\212"
 5229      3655495B 
 5229      4BC83AC0 
 5229      1E2132EA 
 5229      03E9C92A 
 5230 01ae 3CB38A18 		.ascii	"<\263\212\0308\205\003\202Y%Q\307\362\361\006xm>\364"
 5230      38850382 
 5230      592551C7 
 5230      F2F10678 
 5230      6D3EF4
 5231 01c1 5A660AF0 		.ascii	"Zf\012\360\026\330N\204\245\326\336\205Qr#ElUU\362\271"
 5231      16D84E84 
 5231      A5D6DE85 
 5231      51722345 
 5231      6C5555F2 
 5232 01d6 1655950C 		.ascii	"\026U\225\014Un\253:V\320z\267L\353\375\022\255\017"
 5232      556EAB3A 
 5232      56D07AB7 
 5232      4CEBFD12 
 5232      AD0F
 5233 01e8 B6964DE4 		.ascii	"\266\226M\344\\\201hl\031\321\307,\"'>\021\021\247\304"
 5233      5C81686C 
 5233      19D1C72C 
 5233      22273E11 
 5233      11A7C4
 5234 01fb 0C62C5D4 		.ascii	"\014b\305\324H\007\335\316\264XeZV3,+3\210\0263ScuR"
 5234      4807DDCE 
 5234      B458655A 
 5234      56332C2B 
 5234      33881633 
 5235 0213 4AA7C51A 		.ascii	"J\247\305\032\002u\332\271\265I\311\262\202\213\361"
 5235      0275DAB9 
 5235      B549C9B2 
 5235      828BF1
 5236 0222 652EBE58 		.ascii	"e.\276X.(e\033Y\207\0112B\250\030:\314D!&Ag){X$Y\326"
ARM GAS  C:\Users\angio\AppData\Local\Temp\ccrvFn2X.s 			page 128


 5236      2E28651B 
 5236      59870932 
 5236      42A8183A 
 5236      CC442126 
 5237 023e B32C03C2 		.ascii	"\263,\003\3022 ]:\226\216\353\344\004\215\200&\221\032"
 5237      32205D3A 
 5237      968EEBE4 
 5237      048D8026 
 5237      911A
 5238 0250 8CAF51C3 		.ascii	"\214\257Q\303%\007iV\263OX\313\232\323\015\364&\276"
 5238      25076956 
 5238      B34F58CB 
 5238      9AD30DF4 
 5238      26BE
 5239 0262 658CD477 		.ascii	"e\214\324w\262A\3777\326\304\320;\006\330,:~\374\336"
 5239      B241FF37 
 5239      D6C4D03B 
 5239      06D82C3A 
 5239      7EFCDE
 5240 0275 671E63B7 		.ascii	"g\036c\267@\346o\205\261\212\312\335\365\225M\201\343"
 5240      40E66F85 
 5240      B18ACADD 
 5240      F5954D81 
 5240      E3
 5241 0286 81DAE696 		.ascii	"\201\332\346\226\023\201`\375\271`\370d$\324\340\363"
 5241      138160FD 
 5241      B960F864 
 5241      24D4E0F3 
 5242 0296 1F6B89F8 		.ascii	"\037k\211\370\303\3655u%\265u\007\313\274\373\313w\226"
 5242      C3F53575 
 5242      25B57507 
 5242      CBBCFBCB 
 5242      7796
 5243 02a8 D754951C 		.ascii	"\327T\225\034:RY]u\270\242\234\355q\273u\372\370$2\030"
 5243      3A52595D 
 5243      75B8A29C 
 5243      ED71BB75 
 5243      FAF82432 
 5244 02bd F17A3C1E 		.ascii	"\361z<\036=\030\321\233\032N\351\241`\2709\242\233 "
 5244      3D18D19B 
 5244      1A4EE9A1 
 5244      60B839A2 
 5244      9B20
 5245 02cf BDBA7AAF 		.ascii	"\275\272z\257^u\264\356\300Y\217\036i>]\346=\346?\337"
 5245      5E75B4EE 
 5245      C0598F1E 
 5245      693E5DE6 
 5245      3DE63FDF 
 5246 02e3 1CF0B803 		.ascii	"\034\360\270\003g|\214\207\302EV.\020\011\273}n\177"
 5246      677C8C87 
 5246      C245562E 
 5246      1009BB7D 
 5246      6E7F
 5247 02f5 59E32E7F 		.ascii	"Y\343.\177E\243\227\211P\330\363\017\262A\207="
 5247      45A39789 
 5247      50D8F30F 
 5247      B241873D 
ARM GAS  C:\Users\angio\AppData\Local\Temp\ccrvFn2X.s 			page 129


 5248              		.text
 5249              		.section	.gnu.lto_exti2_irq_init.408.1f2b6e7c,"e",%progbits
 5250 0000 789C9BC5 		.ascii	"x\234\233\305\300\300P\011\304\212@\314\300\314\300"
 5250      C0C05009 
 5250      C48A40CC 
 5250      C0CCC0
 5251 000f 38696217 		.ascii	"8ib\027\023\303\377\377\377\353Y\230\030\033U\030\267"
 5251      13C3FFFF 
 5251      FFEB5998 
 5251      181B5518 
 5251      B7
 5252 0020 3282D98C 		.ascii	"2\202\331\214\014\365L\214\365\214\223\2315\033\032"
 5252      0CF54C8C 
 5252      F58C9399 
 5252      351B1A
 5253 002f 1A7E2C9D 		.ascii	"\032~,\235\367>\242a\305\001\306%\314\014\014\363\230"
 5253      F73EA261 
 5253      C501C625 
 5253      CC0C0CF3 
 5253      98
 5254 0040 1960800D 		.ascii	"\031`\200\015\306c\004\342\365\227X\0174\374\371\337"
 5254      C66304E2 
 5254      F597580F 
 5254      34FCF9DF 
 5255 0050 DFD070F6 		.ascii	"\337\320p\366)\343o&\240x?3\310\\0\220\007\252\230\300"
 5255      29E36F26 
 5255      A0783F33 
 5255      C85C3090 
 5255      07AA98C0 
 5256 0064 CC84E032 		.ascii	"\314\204\34022|`l}\360\231\227\241\205\221i\0113\343"
 5256      327C606C 
 5256      7DF09997 
 5256      A1859169 
 5256      0933E3
 5257 0077 3C66A082 		.ascii	"<f\240\202I\314K\230\231\0309 \024\333\022ff\206O\214"
 5257      49CC4B98 
 5257      99183920 
 5257      14DB1266 
 5257      66864F8C 
 5258 008b 4D0FBEB3 		.ascii	"M\017\276\263\202\355\352gfD6\214\201\301\314\331*\306"
 5258      82EDEA67 
 5258      6644368C 
 5258      81C1CCD9 
 5258      2AC6
 5259 009d 39233329 		.ascii	"9#3)3\270\2444%3?\246<\277(\273\270 195\276\2648\265"
 5259      33B8A434 
 5259      25333FA6 
 5259      3CBF28BB 
 5259      B8203139 
 5260 00b6 28262844 		.ascii	"(&(D78\304\327\330\310\335\304\334$\310U\327/\324\331"
 5260      3738C4D7 
 5260      D8C8DDC4 
 5260      DC24C855 
 5260      D72FD4D9 
 5261 00ca C7D5DFCC 		.ascii	"\307\325\337\314\204\301AOO\037\210\222A:\363\213\215"
 5261      84C1414F 
 5261      4F1F8892 
ARM GAS  C:\Users\angio\AppData\Local\Temp\ccrvFn2X.s 			page 130


 5261      413AF38B 
 5261      8D
 5262 00db 0C0D0DF5 		.ascii	"\014\015\015\365\363\213\3653\022s\364\013\362\213J"
 5262      F38BF533 
 5262      1273F40B 
 5262      F28B4A
 5263 00ea 8AF5C19A 		.ascii	"\212\365\301\232\364}|\\\364]#B<\313\014\365\213Kr\215"
 5263      F47D7C5C 
 5263      F45D2342 
 5263      3CCB0CF5 
 5263      8B4B728D 
 5264 00fe 8DE2532B 		.ascii	"\215\342S+J2\215\3642\363\222\031\000\306oj\277"
 5264      4A328DF4 
 5264      32F39219 
 5264      00C66F6A 
 5264      BF
 5265              		.text
 5266              		.section	.gnu.lto_exti2_irq_deinit.409.1f2b6e7c,"e",%progbits
 5267 0000 789C9BCC 		.ascii	"x\234\233\314\300\300P\011\304\212@\314\300\314\300"
 5267      C0C05009 
 5267      C48A40CC 
 5267      C0CCC0
 5268 000f 38696217 		.ascii	"8ib\027\023\303\377\377\377\353Y\230\030\033U\030\267"
 5268      13C3FFFF 
 5268      FFEB5998 
 5268      181B5518 
 5268      B7
 5269 0020 3282D98C 		.ascii	"2\202\331\214\014\365L\214\365\214\223\2315\033\032"
 5269      0CF54C8C 
 5269      F58C9399 
 5269      351B1A
 5270 002f 1A7E2C9D 		.ascii	"\032~,\235\3677\242a\305\001\306%\314\014\014\363\230"
 5270      F737A261 
 5270      C501C625 
 5270      CC0C0CF3 
 5270      98
 5271 0040 1960800D 		.ascii	"\031`\200\015\306c\004\342\365\227X\0174\374\371\337"
 5271      C66304E2 
 5271      F597580F 
 5271      34FCF9DF 
 5272 0050 DFD070F7 		.ascii	"\337\320p\367)c\2472P\274\237\031d.\030\310\003UL`f"
 5272      2963A732 
 5272      50BC9F19 
 5272      642E18C8 
 5272      03554C60 
 5273 0065 42701919 		.ascii	"Bp\031\031>0\266<\370\317\313\320\302\310\264\204\231"
 5273      3E30B63C 
 5273      F8CFCBD0 
 5273      C2C8B484 
 5273      99
 5274 0076 711E3350 		.ascii	"q\0363P\301$\346%\314L\214\034K\230\231\031>16=\230"
 5274      C124E625 
 5274      CC4C8C1C 
 5274      4B989919 
 5274      3E31363D 
 5275 008b EC06B6A4 		.ascii	"\354\006\266\244\237\231\021\331\024\006\0063g\253\030"
 5275      9F9911D9 
ARM GAS  C:\Users\angio\AppData\Local\Temp\ccrvFn2X.s 			page 131


 5275      14060633 
 5275      67AB18
 5276 009a E78CCCA4 		.ascii	"\347\214\314\244\314\340\222\322\224\314\374\230\362"
 5276      CCE092D2 
 5276      94CCFC98 
 5276      F2
 5277 00a7 FCA2ECE2 		.ascii	"\374\242\354\342\202\304\344\324\370\322\342\324\242"
 5277      82C4E4D4 
 5277      F8D2E2D4 
 5277      A2
 5278 00b4 98A010DD 		.ascii	"\230\240\020\335\340\020_c#w\023s\223 W]\277Pg\037W"
 5278      E0105F63 
 5278      23771373 
 5278      9320575D 
 5278      BF50671F 
 5279 00c9 7F331306 		.ascii	"\1773\023\006\007==} J\006\351\314/6244\324\317/\326"
 5279      073D3D7D 
 5279      204A06E9 
 5279      CC2F3632 
 5279      3434D4CF 
 5280 00df CF48CCD1 		.ascii	"\317H\314\321/\310/*)\326\007k\322\367\361q\321w\215"
 5280      2FC82F2A 
 5280      29D6076B 
 5280      D2F7F171 
 5280      D1778D
 5281 00f2 08F12C33 		.ascii	"\010\361,3\324/.\31156\212O\255(\3114\322\313\314Kf"
 5281      D42F2EC9 
 5281      35368A4F 
 5281      AD28C934 
 5281      D2CBCC4B 
 5282 0107 00004292 		.ascii	"\000\000B\222i("
 5282      6928
 5283              		.text
 5284              		.section	.gnu.lto_Vector60.410.1f2b6e7c,"e",%progbits
 5285 0000 789C7554 		.ascii	"x\234uT]HSa\030\376\236\363\235\263\035\377f?\332\317"
 5285      5D485361 
 5285      18FE9EF3 
 5285      9DB31DFF 
 5285      663FDACF 
 5286 0014 554275D1 		.ascii	"UBu\321\205\233\233b\341U\260,\002+P\203.\004\2615q"
 5286      859B9B62 
 5286      E155B02C 
 5286      022B5083 
 5286      2E04B135 
 5287 0029 F4B3B1CD 		.ascii	"\364\263\261\315\212@<n3\243.tJ\273\010[4V\010]D\027"
 5287      8A403C6E 
 5287      33A32E74 
 5287      4ABB085B 
 5287      3456085D 
 5288 003f FD5B9950 		.ascii	"\375[\231P\031\364+\224\326E\005]I$\346M\006\301z\277"
 5288      19F42B94 
 5288      D645055D 
 5288      4924E64D 
 5288      06C17ABF 
 5289 0053 73CE6C53 		.ascii	"s\316lS<\354|{\277\347\234\347y\237\367\375\336\255"
 5289      3CEC7C7B 
 5289      BFE79CE7 
ARM GAS  C:\Users\angio\AppData\Local\Temp\ccrvFn2X.s 			page 132


 5289      799FF7FD 
 5289      DEAD
 5290 0065 4E662CC1 		.ascii	"Nf,\301\030\363\320\315\254\014\203\361\363\022\313"
 5290      18F3D0CD 
 5290      AC0C83F1 
 5290      F312CB
 5291 0074 6432DDB2 		.ascii	"d2\335\262$E\343\027$\334\207\276;\033\267\351\337\\"
 5291      2445E317 
 5291      24DC87BE 
 5291      3B1BB7E9 
 5291      DF5C
 5292 0086 8AC58BF4 		.ascii	"\212\305\213\364\250\327Dd\\\\\344(H\304\013\365\310"
 5292      A8D74464 
 5292      5C5CE428 
 5292      48C40BF5 
 5292      C8
 5293 0097 829E2D59 		.ascii	"\202\236-Y.X\267\304e\305\202n\014\361m\232\246-\\K"
 5293      2E58B7C4 
 5293      65C5826E 
 5293      0CF16D9A 
 5293      A62D5C4B 
 5294 00ab 26376B23 		.ascii	"&7k#cHs\306\222\234e\257a\216A\236\346\200lF\022*(\342"
 5294      634873C6 
 5294      929C65AF 
 5294      618E419E 
 5294      E6806C46 
 5295 00c3 67C493AD 		.ascii	"g\304\223\255c\2326w%\332g\033\350Q\323\234\343.\210"
 5295      639A3677 
 5295      25DA671B 
 5295      E851D39C 
 5295      E32E88
 5296 00d6 893BC06D 		.ascii	"\211;\300m\010n\327O\273\205\341\036\014=\010\332\020"
 5296      086ED74F 
 5296      BB85E11E 
 5296      0C3D08DA 
 5296      10
 5297 00e7 167937BE 		.ascii	"\026y7\276\007&4Y\320\036,\241\375\021\264\207`d\226"
 5297      07263459 
 5297      D01E2CA1 
 5297      FD11B487 
 5297      606496
 5298 00fa 752DD809 		.ascii	"u-\330\011\224H\205\220\233\223\312\230\3667\323\257"
 5298      94488590 
 5298      9B93CA98 
 5298      F637D3AF 
 5299 010a 69BF37BE 		.ascii	"i\2777\276\035\236U\313\300\322\\\226hQ\270\210d\021"
 5299      1D9E55CB 
 5299      C0D25C96 
 5299      6851B888 
 5299      6411
 5300 011c 29B4582C 		.ascii	")\264X,b\261\322bUiQ\213\205^\211\356\205\365s\321\030"
 5300      62B1D262 
 5300      5569518B 
 5300      855E89EE 
 5300      85F573D1 
 5301 0131 FDDA44DB 		.ascii	"\375\332D\333\001.\375\337\202\315\"2\277\360\341\226"
 5301      012EFDDF 
ARM GAS  C:\Users\angio\AppData\Local\Temp\ccrvFn2X.s 			page 133


 5301      82CD2232 
 5301      BFF0E196 
 5302 0141 8451A48C 		.ascii	"\204Q\244\214\202eh\347b\232LO\306G\013R\\\032\316\302"
 5302      826568E7 
 5302      629A4C4F 
 5302      C6470B52 
 5302      5C1ACEC2 
 5303 0155 A292EBA0 		.ascii	"\242\222\353\240\336Q\355\364\000x\014VuU\337\026\342"
 5303      DE51EDF4 
 5303      00780C56 
 5303      7555DF16 
 5303      E2
 5304 0166 092EEB4D 		.ascii	"\011.\353M\234E4\321GR\305\304\0244\005B)\222 B\011"
 5304      9C4534D1 
 5304      4752C5C4 
 5304      14340542 
 5304      29922042 
 5305 017b A17A3E35 		.ascii	"\241z>5EMx$r\217'\012\362Ey\236\350\270!j\360H\367\307"
 5305      454D7824 
 5305      728F270A 
 5305      F245799E 
 5305      E8B8216A 
 5306 0193 25310C29 		.ascii	"%1\014).\223\030\236\202\315 6\343\246\255\221\3108"
 5306      2E93189E 
 5306      82CD2036 
 5306      E3A6AD91 
 5306      C838
 5307 01a5 C001CE73 		.ascii	"\300\001\316s\352\003\345\023U(f\025E\310\326S\254\327"
 5307      EA03E513 
 5307      55286615 
 5307      45C8D653 
 5307      ACD7
 5308 01b7 138344E1 		.ascii	"\023\203D\341\010gFq\324\273\022\274\000\236\353\017"
 5308      08674671 
 5308      D4BB12BC 
 5308      009EEB0F 
 5309 01c7 5D862D1B 		.ascii	"]\206-\033&\200gB\276\312\000J\361\222\214\011\3004"
 5309      26806742 
 5309      BECA004A 
 5309      F1928C09 
 5309      C034
 5310 01d9 A008C1D2 		.ascii	"\240\010\301\322E\003r\216\001\3114`Y!\331\253e\311"
 5310      4503728E 
 5310      01C93460 
 5310      5921D9AB 
 5310      65C9
 5311 01eb 5E2F4DF6 		.ascii	"^/M\366\306Lf*YWPz\267L\351}\276\222\025\223\244$\021"
 5311      C64C662A 
 5311      5957507A 
 5311      B74CE97D 
 5311      BE921593 
 5312 0202 30875805 		.ascii	"0\207X\005u\325B\2675\315W\351\246\225\034\323\362\034"
 5312      75D542B7 
 5312      35CD57E9 
 5312      A6951CD3 
 5312      F21C
 5313 0214 A2154C4F 		.ascii	"\242\025LO\262:)r\247\371\032\"\365\232\330\332\244"
ARM GAS  C:\Users\angio\AppData\Local\Temp\ccrvFn2X.s 			page 134


 5313      B23A2972 
 5313      A7F91A22 
 5313      F59AD8DA 
 5313      A4
 5314 0225 5059C1C6 		.ascii	"PY\301\306\307e6\246L\033\204\231N\3120MN\210\026CD"
 5314      C76536A6 
 5314      4C1B8499 
 5314      4ECA304D 
 5314      4E881643 
 5315 023a 07CAF109 		.ascii	"\007\312\361\011t\262\242\215\353\204\314z\226\347\200"
 5315      74B2A28D 
 5315      EB84CC7A 
 5315      96E780
 5316 0249 1B0E844D 		.ascii	"\033\016\204M\313\322\341\235\236\242\201P\005S\205"
 5316      CBD2E19D 
 5316      9EA28150 
 5316      055385
 5317 0258 F639AAD9 		.ascii	"\3669\252\331\304X\315\253\346)\253yS\273\201\336\304"
 5317      C458CDAB 
 5317      E629AB79 
 5317      53BB81DE 
 5317      C4
 5318 0269 979C01FB 		.ascii	"\227\234\001\373J6\350\337\307\230\037zG\003\233G\344"
 5318      4A36E8DF 
 5318      C7981F7A 
 5318      47039B47 
 5318      E4
 5319 027a DBAFDDFA 		.ascii	"\333\257\335\372I\366s\344\376r\030\253u\327\265\270"
 5319      49F673E4 
 5319      FE7218AB 
 5319      75D7B5B8 
 5320 028a 3B7C877D 		.ascii	";|\207}M\341\316#>\177\313)\177\360h(\320\346\361\266"
 5320      4DE1CE23 
 5320      3E7FCB29 
 5320      7FF06828 
 5320      D0E6F1B6 
 5321 029e 7686BCC1 		.ascii	"v\206\274\301\226\306\346\312\246\346}\325\256=5\333"
 5321      96C6E6CA 
 5321      A6E67DD5 
 5321      AE3D35DB 
 5322 02ae 6B1AEB2B 		.ascii	"k\032\353+\367\037t7\324\037\250\255a;\355v\007}<\202"
 5322      F71F7437 
 5322      D41FA8AD 
 5322      613BED76 
 5322      077D3C82 
 5323 02c2 E90FB99C 		.ascii	"\351\017\271\234N\247\303\037rt\264\035s\004\374\301"
 5323      4EA7C31F 
 5323      7274B41D 
 5323      7304FCC1 
 5324 02d2 70C8A193 		.ascii	"p\310\241\223\034\015\015\273\034\365\207\232\367\236"
 5324      1C0D0DBB 
 5324      1CF5879A 
 5324      F79E
 5325 02e0 743A42E1 		.ascii	"t:B\341\343\325\256V\357\351\260\317e\367\235\3600)"
 5325      E3D5AE56 
 5325      EFE9B0CF 
 5325      65F79DF0 
ARM GAS  C:\Users\angio\AppData\Local\Temp\ccrvFn2X.s 			page 135


 5325      3029
 5326 02f2 102C3730 		.ascii	"\020,70_(h\367\330\275\325\355;\274\265\355.\306\003"
 5326      5F2868F7 
 5326      D8BDD5ED 
 5326      3BBCB5ED 
 5326      2EC603
 5327 0305 41E73F83 		.ascii	"A\347?\203\015\214\255"
 5327      0D8CAD
 5328              		.text
 5329              		.section	.gnu.lto_exti3_irq_init.411.1f2b6e7c,"e",%progbits
 5330 0000 789C9BC5 		.ascii	"x\234\233\305\300\300P\011\304\212@\314\300\314\300"
 5330      C0C05009 
 5330      C48A40CC 
 5330      C0CCC0
 5331 000f 38696217 		.ascii	"8ib\027\023\303\377\377\377\353Y\230\030\033U\030\267"
 5331      13C3FFFF 
 5331      FFEB5998 
 5331      181B5518 
 5331      B7
 5332 0020 3282D98C 		.ascii	"2\202\331\214\014\365L\214\365\214\223\2315\033\032"
 5332      0CF54C8C 
 5332      F58C9399 
 5332      351B1A
 5333 002f 1A7E2C9D 		.ascii	"\032~,\235\367>\242a\305\001\306%\314\014\014\363\230"
 5333      F73EA261 
 5333      C501C625 
 5333      CC0C0CF3 
 5333      98
 5334 0040 1960800D 		.ascii	"\031`\200\015\306c\004\342\365\227X\0174\374\371\337"
 5334      C66304E2 
 5334      F597580F 
 5334      34FCF9DF 
 5335 0050 DFD070F6 		.ascii	"\337\320p\366)\343o&\240x?3\310\\0\220\007\252\230\300"
 5335      29E36F26 
 5335      A0783F33 
 5335      C85C3090 
 5335      07AA98C0 
 5336 0064 CC84E032 		.ascii	"\314\204\34022|`l}\360\231\227\241\205\221i\0113\343"
 5336      327C606C 
 5336      7DF09997 
 5336      A1859169 
 5336      0933E3
 5337 0077 3C66A082 		.ascii	"<f\240\202I\314K\230\231\0309!\024\333\022ff\206O\214"
 5337      49CC4B98 
 5337      99183921 
 5337      14DB1266 
 5337      66864F8C 
 5338 008b 4D0FBEB3 		.ascii	"M\017\276\263\202\355\352gfD6\214\201\301\314\331*\306"
 5338      82EDEA67 
 5338      6644368C 
 5338      81C1CCD9 
 5338      2AC6
 5339 009d 39233329 		.ascii	"9#3)3\270\2444%3?\246<\277(\273\270 195\276\2648\265"
 5339      33B8A434 
 5339      25333FA6 
 5339      3CBF28BB 
 5339      B8203139 
ARM GAS  C:\Users\angio\AppData\Local\Temp\ccrvFn2X.s 			page 136


 5340 00b6 28262844 		.ascii	"(&(D78\304\327\330\310\335\304\334$\310U\327/\324\331"
 5340      3738C4D7 
 5340      D8C8DDC4 
 5340      DC24C855 
 5340      D72FD4D9 
 5341 00ca C7D5DFCC 		.ascii	"\307\325\337\314\204\301AOO\037\210\222A:\363\213\215"
 5341      84C1414F 
 5341      4F1F8892 
 5341      413AF38B 
 5341      8D
 5342 00db 0C0D0DF5 		.ascii	"\014\015\015\365\363\213\3653\022s\364\013\362\213J"
 5342      F38BF533 
 5342      1273F40B 
 5342      F28B4A
 5343 00ea 8AF5C19A 		.ascii	"\212\365\301\232\364}|\\\364]#B<\313\014\365\213Kr\215"
 5343      F47D7C5C 
 5343      F45D2342 
 5343      3CCB0CF5 
 5343      8B4B728D 
 5344 00fe 8DE2532B 		.ascii	"\215\342S+J2\215\3652\363\222\031\000\307\025j\301"
 5344      4A328DF5 
 5344      32F39219 
 5344      00C7156A 
 5344      C1
 5345              		.text
 5346              		.section	.gnu.lto_exti3_irq_deinit.412.1f2b6e7c,"e",%progbits
 5347 0000 789C9BCC 		.ascii	"x\234\233\314\300\300P\011\304\212@\314\300\314\300"
 5347      C0C05009 
 5347      C48A40CC 
 5347      C0CCC0
 5348 000f 38696217 		.ascii	"8ib\027\023\303\377\377\377\353Y\230\030\033U\030\267"
 5348      13C3FFFF 
 5348      FFEB5998 
 5348      181B5518 
 5348      B7
 5349 0020 3282D98C 		.ascii	"2\202\331\214\014\365L\214\365\214\223\2315\033\032"
 5349      0CF54C8C 
 5349      F58C9399 
 5349      351B1A
 5350 002f 1A7E2C9D 		.ascii	"\032~,\235\3677\242a\305\001\306%\314\014\014\363\230"
 5350      F737A261 
 5350      C501C625 
 5350      CC0C0CF3 
 5350      98
 5351 0040 1960800D 		.ascii	"\031`\200\015\306c\004\342\365\227X\0174\374\371\337"
 5351      C66304E2 
 5351      F597580F 
 5351      34FCF9DF 
 5352 0050 DFD070F7 		.ascii	"\337\320p\367)c\2472P\274\237\031d.\030\310\003UL`f"
 5352      2963A732 
 5352      50BC9F19 
 5352      642E18C8 
 5352      03554C60 
 5353 0065 42701919 		.ascii	"Bp\031\031>0\266<\370\317\313\320\302\310\264\204\231"
 5353      3E30B63C 
 5353      F8CFCBD0 
 5353      C2C8B484 
ARM GAS  C:\Users\angio\AppData\Local\Temp\ccrvFn2X.s 			page 137


 5353      99
 5354 0076 711E3350 		.ascii	"q\0363P\301$\346%\314L\214\234K\230\231\031>16=\230"
 5354      C124E625 
 5354      CC4C8C9C 
 5354      4B989919 
 5354      3E31363D 
 5355 008b EC06B6A4 		.ascii	"\354\006\266\244\237\231\021\331\024\006\0063g\253\030"
 5355      9F9911D9 
 5355      14060633 
 5355      67AB18
 5356 009a E78CCCA4 		.ascii	"\347\214\314\244\314\340\222\322\224\314\374\230\362"
 5356      CCE092D2 
 5356      94CCFC98 
 5356      F2
 5357 00a7 FCA2ECE2 		.ascii	"\374\242\354\342\202\304\344\324\370\322\342\324\242"
 5357      82C4E4D4 
 5357      F8D2E2D4 
 5357      A2
 5358 00b4 98A010DD 		.ascii	"\230\240\020\335\340\020_c#w\023s\223 W]\277Pg\037W"
 5358      E0105F63 
 5358      23771373 
 5358      9320575D 
 5358      BF50671F 
 5359 00c9 7F331306 		.ascii	"\1773\023\006\007==} J\006\351\314/6244\324\317/\326"
 5359      073D3D7D 
 5359      204A06E9 
 5359      CC2F3632 
 5359      3434D4CF 
 5360 00df CF48CCD1 		.ascii	"\317H\314\321/\310/*)\326\007k\322\367\361q\321w\215"
 5360      2FC82F2A 
 5360      29D6076B 
 5360      D2F7F171 
 5360      D1778D
 5361 00f2 08F12C33 		.ascii	"\010\361,3\324/.\31156\212O\255(\3114\326\313\314Kf"
 5361      D42F2EC9 
 5361      35368A4F 
 5361      AD28C934 
 5361      D6CBCC4B 
 5362 0107 00004331 		.ascii	"\000\000C1i*"
 5362      692A
 5363              		.text
 5364              		.section	.gnu.lto_Vector64.413.1f2b6e7c,"e",%progbits
 5365 0000 789C7554 		.ascii	"x\234uT]HSa\030\376\236\363\235\263\035\377\326\237"
 5365      5D485361 
 5365      18FE9EF3 
 5365      9DB31DFF 
 5365      D69F
 5366 0012 165D2554 		.ascii	"\026]%T\027\201\356\270M,\272\012\226E`\005j\320\205"
 5366      1781EEB8 
 5366      4D2CBA0A 
 5366      96456005 
 5366      6AD085
 5367 0025 20B6268E 		.ascii	" \266&\216~6\266Y\021\210G73\352B\247\264\213\260E\262"
 5367      7E36B659 
 5367      11884737 
 5367      33EA42A7 
 5367      B48BB045 
ARM GAS  C:\Users\angio\AppData\Local\Temp\ccrvFn2X.s 			page 138


 5368 003a 42E822BA 		.ascii	"B\350\"\272(\373\261\262E%TX\201)A\021t%\201\2307y\021"
 5368      28FBB1B2 
 5368      45255458 
 5368      81294111 
 5368      74258198 
 5369 0051 ACF73BE7 		.ascii	"\254\367;\347h\233\342a\347\333\373\275\347<?\357\373"
 5369      689BE261 
 5369      E7DBFBBD 
 5369      E73C3FEF 
 5369      FB
 5370 0062 BD5B85CC 		.ascii	"\275[\205\314X\2221\346\243\233\331\031\006\022W$\226"
 5370      589231E6 
 5370      A39BD919 
 5370      06125724 
 5370      96
 5371 0073 CD663B65 		.ascii	"\315f;eI\212%\256Jx\014cw)\3410\276\271\024O\024\031"
 5371      498A25AE 
 5371      4A780C63 
 5371      7729E130 
 5371      BEB9144F 
 5372 0089 518F9591 		.ascii	"Q\217\225\221qm\031\243 \231(4\"\033\272v,a\301:%.+"
 5372      716D19A3 
 5372      20992834 
 5372      221BBA76 
 5372      2C61C13A 
 5373 00a0 36746290 		.ascii	"6tb\220\357\322u}\361v*\265]\037\031G\2323\226\342l"
 5373      EFD2757D 
 5373      F1762AB5 
 5373      5D1F1947 
 5373      9A3396E2 
 5374 00b5 E91AE218 		.ascii	"\351\032\342\030\340i\016\310V$\241\234\"~Q<\3319\256"
 5374      E0690EC8 
 5374      5624A19C 
 5374      227E513C 
 5374      D939AE
 5375 00c8 EBF33763 		.ascii	"\353\3637c\275\216\376.5\3159FAH<\004\036@`;F\2356\206"
 5375      BD8EFE2E 
 5375      35CD3946 
 5375      41483C04 
 5375      1E40603B 
 5376 00e0 4730F920 		.ascii	"G0\371 `\203X\306\335\375\031\232\320e\001{\262\002"
 5376      608358C6 
 5376      DDFD199A 
 5376      D065017B 
 5376      B202
 5377 00f2 F64AC09E 		.ascii	"\366J\300\236\202\221Y\326\221qRR\"\026\312\334\373"
 5377      829159D6 
 5377      91715252 
 5377      2216CADC 
 5377      FB
 5378 0103 AC8CEB7F 		.ascii	"\254\214\353\177\263}\272\376g\353\344\320\234Z\012"
 5378      B37DBAFE 
 5378      67EBE4D0 
 5378      9C5A0A
 5379 0112 96E6B244 		.ascii	"\226\346\262D\213\302E$\213H\241\305f\023\213\235\026"
 5379      8BC24524 
 5379      8B48A1C5 
ARM GAS  C:\Users\angio\AppData\Local\Temp\ccrvFn2X.s 			page 139


 5379      66138B9D 
 5379      16
 5380 0123 BB4A8B5A 		.ascii	"\273J\213Z,\370J\014/\254\217\213\306\030\3276\332\366"
 5380      2CF84A0C 
 5380      2FAC8F8B 
 5380      C618D736 
 5380      DAF6
 5381 0135 73E9FF16 		.ascii	"s\351\377\026l\016\335\013\213S\367%\214a\330,X\206"
 5381      6C0EDD0B 
 5381      8B53F725 
 5381      8C61D82C 
 5381      5886
 5382 0147 7E39AECB 		.ascii	"~9\256\313\364$3V0\314\245\241\245\264\250\344\016\250"
 5382      F4243356 
 5382      30CCA5A1 
 5382      A5B4A8E4 
 5382      0EA8
 5383 0159 77543B3D 		.ascii	"wT;=\000\236\203U\3352\266\205x\201\033F\023\347\020"
 5383      009E8355 
 5383      DD32B685 
 5383      78811B46 
 5383      13E710
 5384 016c 4BF61255 		.ascii	"K\366\022U1!\005L\201*4\222\004(\241\254\241\247\016"
 5384      3121054C 
 5384      812A3492 
 5384      0428A1AC 
 5384      A1A70E
 5385 017f 53139E09 		.ascii	"S\023\236\011\355L\262 \237\224\347\221fLR\023G\274"
 5385      ED4CB220 
 5385      9F94E791 
 5385      664C5213 
 5385      47BC
 5386 0191 BFAE8B61 		.ascii	"\277\256\213a\030\3462\221\341%\330,\342\263^\332\232"
 5386      18E63291 
 5386      E125D82C 
 5386      E2B35EDA 
 5386      9A
 5387 01a2 42E601F6 		.ascii	"B\346\001\366s\236S\037HOT\241XU\024\031U\304!Q8\302"
 5387      739E531F 
 5387      484F54A1 
 5387      58551419 
 5387      55C42151 
 5388 01b8 99591275 		.ascii	"\231Y\022u\254\030o\200\327\306C\267i\246\004o\201\012"
 5388      AC186F80 
 5388      D7C643B7 
 5388      69A6046F 
 5388      810A
 5389 01ca 22AC32F7 		.ascii	"\"\2542\367\016L\220\033!b\251*\202\317\261\254*\347"
 5389      0E4C901B 
 5389      2162A92A 
 5389      82CFB1AC 
 5389      2AE7
 5390 01dc A84A96AA 		.ascii	"\250J\226\252m\015\255w\253\264\336\257\320\372`iYD"
 5390      6D0DAD77 
 5390      ABB4DEAF 
 5390      D0FA6069 
 5390      5944
ARM GAS  C:\Users\angio\AppData\Local\Temp\ccrvFn2X.s 			page 140


 5391 01ee F6358826 		.ascii	"\3665\210&W\021}\314#\262\343\023\021I\224\230G\274"
 5391      57117DCC 
 5391      23B2E313 
 5391      11499498 
 5391      47BC
 5392 0200 9C1A69A3 		.ascii	"\234\032i\243\333\236\346\353\014\313J\216ey\036\261"
 5392      DB9EE6EB 
 5392      0CCB4A8E 
 5392      65791EB1 
 5393 0210 726668AC 		.ascii	"rfh\254O\011\3514\337@\240\036+\2671%X\326p1\265\312"
 5393      4F09E934 
 5393      DF40A01E 
 5393      2BB73125 
 5393      58D67031 
 5394 0226 C517D305 		.ascii	"\305\027\323\005\245,#\2330MF\010\025G\267\221(\305"
 5394      A52C239B 
 5394      304D4608 
 5394      1547B791 
 5394      28C5
 5395 0238 0CE82C45 		.ascii	"\014\350,E\017\313\004\313f\226g\200\233\006\204K\333"
 5395      0FCB04CB 
 5395      66966780 
 5395      9B06844B 
 5395      DB
 5396 0249 CA719D99 		.ascii	"\312q\235\231\246\021P\005R\205\3765\246;\304 -\250"
 5396      A6115005 
 5396      5285FE35 
 5396      A63BC420 
 5396      2DA8
 5397 025b D609AB79 		.ascii	"\326\011\253ys\272\205\336\304\267\234\221\372N6\350"
 5397      73BA85DE 
 5397      C4B79C91 
 5397      FA4E36E8 
 5398 026b FFC69C18 		.ascii	"\377\306\234\030zG\007[@\367\217\337\007\214c\354\343"
 5398      7A47075B 
 5398      40F78FDF 
 5398      078C63EC 
 5398      E3
 5399 027c C8FDAD30 		.ascii	"\310\375\2550V\343\335\333\344m\013\234\0104D\333O\006"
 5399      56E3DDDB 
 5399      E46D0B9C 
 5399      083444DB 
 5399      4F06
 5400 028e 824DE783 		.ascii	"\202M\347\203\341S\221P\213\317\337\334\036\361\207"
 5400      E1539150 
 5400      8BCFDFDC 
 5400      1EF187
 5401 029d 9BEA1B2B 		.ascii	"\233\352\033+\033\032\017{\334\007\253wW\327\327V\036"
 5401      1B1A0F7B 
 5401      DC07AB77 
 5401      57D7D756 
 5401      1E
 5402 02ae 39E6ADAB 		.ascii	"9\346\255\253=ZS\315\3669\235\032}|\002\031\214\270"
 5402      3D5A53CD 
 5402      F6399D1A 
 5402      7D7C0219 
 5402      8CB8
ARM GAS  C:\Users\angio\AppData\Local\Temp\ccrvFn2X.s 			page 141


 5403 02c0 5D2E9716 		.ascii	"].\227\026\214hm-\247\265P0\034\215h\006H\253\253\333"
 5403      8C686D2D 
 5403      A7B55030 
 5403      1C8D6806 
 5403      48ABABDB 
 5404 02d4 AFD51E6F 		.ascii	"\257\325\036o<t\316\245E\242g<\356f\377\205h\300\343"
 5404      3C74CEA5 
 5404      45A2673C 
 5404      EE66FF85 
 5404      68C0E3
 5405 02e7 0C9CF531 		.ascii	"\014\234\3651)\024.3s\201H\330\351s\372=\255{\3745\255"
 5405      29142E33 
 5405      738148D8 
 5405      E973FA3D 
 5405      AD7BFC35 
 5406 02fc 6EC64361 		.ascii	"n\306Ca\327?\300O\207\202"
 5406      D73FC04F 
 5406      8782
 5407              		.text
 5408              		.section	.gnu.lto_exti4_irq_init.414.1f2b6e7c,"e",%progbits
 5409 0000 789C9BC5 		.ascii	"x\234\233\305\300\300P\011\304\212@\314\300\314\300"
 5409      C0C05009 
 5409      C48A40CC 
 5409      C0CCC0
 5410 000f 38696217 		.ascii	"8ib\027\023\303\377\377\377\353Y\230\030\033U\030\267"
 5410      13C3FFFF 
 5410      FFEB5998 
 5410      181B5518 
 5410      B7
 5411 0020 3282D98C 		.ascii	"2\202\331\214\014\365L\214\365\214\223\2315\033\032"
 5411      0CF54C8C 
 5411      F58C9399 
 5411      351B1A
 5412 002f 1A7E2C9D 		.ascii	"\032~,\235\367>\242a\305\001\306%\314\014\014\363\230"
 5412      F73EA261 
 5412      C501C625 
 5412      CC0C0CF3 
 5412      98
 5413 0040 1960800D 		.ascii	"\031`\200\015\306c\004\342\365\227X\0174\374\371\337"
 5413      C66304E2 
 5413      F597580F 
 5413      34FCF9DF 
 5414 0050 DFD070F6 		.ascii	"\337\320p\366)\343o&\240x?3\310\\0\220\007\252\230\300"
 5414      29E36F26 
 5414      A0783F33 
 5414      C85C3090 
 5414      07AA98C0 
 5415 0064 CC84E032 		.ascii	"\314\204\34022|`l}\360\231\227\241\205\221i\0113\343"
 5415      327C606C 
 5415      7DF09997 
 5415      A1859169 
 5415      0933E3
 5416 0077 3C66A082 		.ascii	"<f\240\202I\314K\230\231\030\271 \024\333\022ff\206"
 5416      49CC4B98 
 5416      9918B920 
 5416      14DB1266 
 5416      6686
ARM GAS  C:\Users\angio\AppData\Local\Temp\ccrvFn2X.s 			page 142


 5417 0089 4F8C4D0F 		.ascii	"O\214M\017\276\263\202\355\352gfD6\214\201\301\314\331"
 5417      BEB382ED 
 5417      EA676644 
 5417      368C81C1 
 5417      CCD9
 5418 009b 2AC63923 		.ascii	"*\3069#3)3\270\2444%3?\246<\277(\273\270 195\276\264"
 5418      332933B8 
 5418      A4342533 
 5418      3FA63CBF 
 5418      28BBB820 
 5419 00b4 38B52826 		.ascii	"8\265(&(D78\304\327\330\310\335\304\334$\310U\327/\324"
 5419      28443738 
 5419      C4D7D8C8 
 5419      DDC4DC24 
 5419      C855D72F 
 5420 00c9 D9C7D5DF 		.ascii	"\331\307\325\337\314\204\301AOO\037\210\222A:\363\213"
 5420      CC84C141 
 5420      4F4F1F88 
 5420      92413AF3 
 5420      8B
 5421 00da 8D0C0D0D 		.ascii	"\215\014\015\015\365\363\213\3653\022s\364\013\362\213"
 5421      F5F38BF5 
 5421      331273F4 
 5421      0BF28B
 5422 00e9 4A8AF5C1 		.ascii	"J\212\365\301\232\364}|\\\364]#B<\313\014\365\213Kr"
 5422      9AF47D7C 
 5422      5CF45D23 
 5422      423CCB0C 
 5422      F58B4B72 
 5423 00fd 8D8DE253 		.ascii	"\215\215\342S+J2M\3642\363\222\031\000\307\273j\303"
 5423      2B4A324D 
 5423      F432F392 
 5423      1900C7BB 
 5423      6AC3
 5424              		.text
 5425              		.section	.gnu.lto_exti4_irq_deinit.415.1f2b6e7c,"e",%progbits
 5426 0000 789C9BCC 		.ascii	"x\234\233\314\300\300P\011\304\212@\314\300\314\300"
 5426      C0C05009 
 5426      C48A40CC 
 5426      C0CCC0
 5427 000f 38696217 		.ascii	"8ib\027\023\303\377\377\377\353Y\230\030\033U\030\267"
 5427      13C3FFFF 
 5427      FFEB5998 
 5427      181B5518 
 5427      B7
 5428 0020 3282D98C 		.ascii	"2\202\331\214\014\365L\214\365\214\223\2315\033\032"
 5428      0CF54C8C 
 5428      F58C9399 
 5428      351B1A
 5429 002f 1A7E2C9D 		.ascii	"\032~,\235\3677\242a\305\001\306%\314\014\014\363\230"
 5429      F737A261 
 5429      C501C625 
 5429      CC0C0CF3 
 5429      98
 5430 0040 1960800D 		.ascii	"\031`\200\015\306c\004\342\365\227X\0174\374\371\337"
 5430      C66304E2 
 5430      F597580F 
ARM GAS  C:\Users\angio\AppData\Local\Temp\ccrvFn2X.s 			page 143


 5430      34FCF9DF 
 5431 0050 DFD070F7 		.ascii	"\337\320p\367)c\2472P\274\237\031d.\030\310\003UL`f"
 5431      2963A732 
 5431      50BC9F19 
 5431      642E18C8 
 5431      03554C60 
 5432 0065 42701919 		.ascii	"Bp\031\031>0\266<\370\317\313\320\302\310\264\204\231"
 5432      3E30B63C 
 5432      F8CFCBD0 
 5432      C2C8B484 
 5432      99
 5433 0076 711E3350 		.ascii	"q\0363P\301$\346%\314L\214\\K\230\231\031>16=\230\354"
 5433      C124E625 
 5433      CC4C8C5C 
 5433      4B989919 
 5433      3E31363D 
 5434 008c 06B6A49F 		.ascii	"\006\266\244\237\231\021\331\024\006\0063g\253\030\347"
 5434      9911D914 
 5434      06063367 
 5434      AB18E7
 5435 009b 8CCCA4CC 		.ascii	"\214\314\244\314\340\222\322\224\314\374\230\362\374"
 5435      E092D294 
 5435      CCFC98F2 
 5435      FC
 5436 00a8 A2ECE282 		.ascii	"\242\354\342\202\304\344\324\370\322\342\324\242\230"
 5436      C4E4D4F8 
 5436      D2E2D4A2 
 5436      98
 5437 00b5 A010DDE0 		.ascii	"\240\020\335\340\020_c#w\023s\223 W]\277Pg\037W\177"
 5437      105F6323 
 5437      77137393 
 5437      20575DBF 
 5437      50671F57 
 5438 00ca 33130607 		.ascii	"3\023\006\007==} J\006\351\314/6244\324\317/\326\317"
 5438      3D3D7D20 
 5438      4A06E9CC 
 5438      2F363234 
 5438      34D4CF2F 
 5439 00e0 48CCD12F 		.ascii	"H\314\321/\310/*)\326\007k\322\367\361q\321w\215\010"
 5439      C82F2A29 
 5439      D6076BD2 
 5439      F7F171D1 
 5439      778D08
 5440 00f3 F12C33D4 		.ascii	"\361,3\324/.\31156\212O\255(\3114\321\313\314Kf\000"
 5440      2F2EC935 
 5440      368A4FAD 
 5440      28C934D1 
 5440      CBCC4B66 
 5441 0108 0043D069 		.ascii	"\000C\320i,"
 5441      2C
 5442              		.text
 5443              		.section	.gnu.lto_Vector68.416.1f2b6e7c,"e",%progbits
 5444 0000 789C7554 		.ascii	"x\234uTKL\023Q\024}\367\275\231\351\360+\250\340g%\211"
 5444      4B4C1351 
 5444      147DF7BD 
 5444      99E9F02B 
 5444      A8E06725 
ARM GAS  C:\Users\angio\AppData\Local\Temp\ccrvFn2X.s 			page 144


 5445 0015 BA704187 		.ascii	"\272pA\207\226\006\015+\223\212\306\0045\001L\\\220"
 5445      96060D2B 
 5445      938AC604 
 5445      35014C5C 
 5445      90
 5446 0026 10AD2534 		.ascii	"\020\255%4~\332\264E\215\011\341A\213\030?\201B\354"
 5446      7EDAB445 
 5446      8D09E141 
 5446      8B183F81 
 5446      42EC
 5447 0038 C2608D4D 		.ascii	"\302`\215M5$.\214\013\377\250H\242b\342\227DA\027j\342"
 5447      35242E8C 
 5447      0BFFA848 
 5447      A262E297 
 5447      4441176A 
 5448 004d 8A981064 		.ascii	"\212\230\020d#\013\223z\337\233\241\266\020&\235\327"
 5448      230B937A 
 5448      DF9BA1B6 
 5448      10269DD7 
 5449 005d FBCECC39 		.ascii	"\373\316\3149\367\334\373n[\247\020\222 \204x\361&6"
 5449      F7DCFB6E 
 5449      5BA71092 
 5449      208478F1 
 5449      2636
 5450 006f 0283F1F3 		.ascii	"\002\203\361\363\224d2\231.\205\322h\374\002\205\207"
 5450      94643299 
 5450      2E85D268 
 5450      FC028587 
 5451 007f 207767E3 		.ascii	" wg\343v\371\315h,^$\243^\013Q\340r\226\243B\"^(#\015"
 5451      76F9CD68 
 5451      2C5E24A3 
 5451      5E0B51E0 
 5451      7296A342 
 5452 0098 BA372F72 		.ascii	"\2727/r\201tQ\246\250\032t\301\020\333\3129_\270\221"
 5452      817451A6 
 5452      A81A74C1 
 5452      10DBCA39 
 5452      5FB891
 5453 00ab 4C6EE223 		.ascii	"Ln\342#c\220f\204$\031Y\274\206\031\014\2624\003P\254"
 5453      63906684 
 5453      241959BC 
 5453      86190CB2 
 5453      340350AC 
 5454 00bf 88422546 		.ascii	"\210B%F\354\214x\262e\214\363\271k\321>\373@\267\236"
 5454      EC8C78B2 
 5454      658CF3B9 
 5454      6BD13EFB 
 5454      40B79E
 5455 00d2 660CEE03 		.ascii	"f\014\356\0032\341\036\300]\020\334\316n\207F\340\001"
 5455      32E11EC0 
 5455      5D10DCCE 
 5455      6E8746E0 
 5455      01
 5456 00e3 987A2068 		.ascii	"\230z hC\220\345\335\372\031\234\340\212\240=ZB\273"
 5456      4390E5DD 
 5456      FA199CE0 
 5456      8AA03D5A 
ARM GAS  C:\Users\angio\AppData\Local\Temp\ccrvFn2X.s 			page 145


 5456      42BB
 5457 00f5 24688F81 		.ascii	"$h\217\201\240Y\322y\321\201 E\025DnO\252c\374o\246"
 5457      A059D279 
 5457      D1812045 
 5457      15446E4F 
 5457      AA63FC6F 
 5458 010a 9FF33F1B 		.ascii	"\237\363?\033\336\017\317\352\345@\322L\241\270\250"
 5458      DE0FCFEA 
 5458      E540D24C 
 5458      A1B8A8
 5459 0119 4C448A88 		.ascii	"LD\212\210T\\4M,6\\l:.z\261\320+\221^H?\023\215\221"
 5459      545C344D 
 5459      2C365C6C 
 5459      3A2E7AB1 
 5459      D02B915E 
 5460 0132 D746DC0E 		.ascii	"\327F\334\0160\372\177\013d\026z\346\027>\335\2410\012"
 5460      30FA7F0B 
 5460      64167AE6 
 5460      173EDDA1 
 5460      300A
 5461 0144 29B36005 		.ascii	")\263`\005\370\271\030W\360\311\370hA\212\321\341EX"
 5461      F8B91857 
 5461      F0C9F868 
 5461      418AD1E1 
 5461      4558
 5462 0156 547213B0 		.ascii	"Tr\023\260wX;>\000x\012\244\372\272\334\026\3023\270"
 5462      77583B3E 
 5462      00780AA4 
 5462      FABADC16 
 5462      C233B8
 5463 0169 2A9B380B 		.ascii	"*\2338\013\321D\037J\025#S\320T(\0239\022H(AT\346\323"
 5463      D1441F4A 
 5463      152353D0 
 5463      54281339 
 5463      12482841 
 5464 0180 53D88427 		.ascii	"S\330\204'\"\367x\242 _\224\345\211\216\233\242&\017"
 5464      22F778A2 
 5464      205F94E5 
 5464      898E9BA2 
 5464      260F
 5465 0192 757F5D11 		.ascii	"u\177]\021\303\220b\012\212\301s 3\020\233\361\340\326"
 5465      C390620A 
 5465      8AC17320 
 5465      33109BF1 
 5465      E0D6
 5466 01a4 4C641EE0 		.ascii	"Ld\036\340\000c9\365\001\346\023U\250V\025E\331s-\226"
 5466      006339F5 
 5466      01E61355 
 5466      A8561545 
 5466      D9732D96 
 5467 01b8 F5C48062 		.ascii	"\365\304\200b8\302\210Y\034\366\256\004^\001\274\224"
 5467      38C28859 
 5467      1CF6AE04 
 5467      5E01BC94 
 5468 01c8 0F5DA62D 		.ascii	"\017]\246-;L\000\274\020\362\325&P\012\257\321\230\000"
 5468      3B4C00BC 
 5468      10F2D526 
ARM GAS  C:\Users\angio\AppData\Local\Temp\ccrvFn2X.s 			page 146


 5468      500AAFD1 
 5468      9800
 5469 01da 2C03AA10 		.ascii	",\003\252\020,\315\032Pr\014P\313\200\266B\2627\313"
 5469      2CCD1A50 
 5469      720C50CB 
 5469      80B642B2 
 5469      37CB
 5470 01ec 92BD5D9A 		.ascii	"\222\275]\232\354\235\225\314R\262\255\240\364a\231"
 5470      EC9D95CC 
 5470      52B2ADA0 
 5470      F46199
 5471 01fb D2C77C25 		.ascii	"\322\307|%\033L\242\022E`\016b\225\330U\015o[\232\225"
 5471      1B4CA212 
 5471      45600E62 
 5471      95D8550D 
 5471      6F5B9A95 
 5472 020f 49D36A8E 		.ascii	"I\323j\216ie\016\242\225D&Y\225\024\271\323l5\222z-"
 5472      69650EA2 
 5472      95442659 
 5472      9514B9D3 
 5472      6C35927A 
 5473 0224 6C4D52A8 		.ascii	"lMR\250\254`\343\3632\033S\226\015\304,'\3450\215N\220"
 5473      AC60E3F3 
 5473      321B5396 
 5473      0DC42C27 
 5473      E5308D4E 
 5474 0239 16831E09 		.ascii	"\026\203\036\011T\300\027\300\223\025m\\+d\326\221<"
 5474      54C017C0 
 5474      93156D5C 
 5474      2B64D691 
 5474      3C
 5475 024a 07CC7420 		.ascii	"\007\314t ljK\207wz\012\007B\027L\035\370\327(\267\213"
 5475      6C6A4B87 
 5475      777A0A07 
 5475      42174C1D 
 5475      F8D728B7 
 5476 025f B19AD7AD 		.ascii	"\261\232\327\255S\326\363\246v=\276\011\337r\006\354"
 5476      53D6F3A6 
 5476      763DBE09 
 5476      DF7206EC 
 5477 026f 3BDAC07F 		.ascii	";\332\300\177\037s~\360\035\016d\036z~\374\336%O\262"
 5477      1F737EF0 
 5477      1D0E641E 
 5477      7A7EFCDE 
 5477      254FB2
 5478 0282 9F41EE2F 		.ascii	"\237A\356/\207\220ZO]\213\247\335\177\330\337\024\351"
 5478      87905A4F 
 5478      5D8BA7DD 
 5478      7FD8DF14 
 5478      E9
 5479 0293 38E20FB4 		.ascii	"8\342\017\264\234\012\204\216\206\203\207\274\276\326"
 5479      9C0A848E 
 5479      868387BC 
 5479      BED6
 5480 02a1 8EB02FD4 		.ascii	"\216\260/\324\322\330\\\325\324\274\267\306\265\333"
 5480      D2D85CD5 
 5480      D4BCB7C6 
ARM GAS  C:\Users\angio\AppData\Local\Temp\ccrvFn2X.s 			page 147


 5480      B5DB
 5481 02af BDCDDD58 		.ascii	"\275\315\335X_\265\357\200\247\241~\177\255\233\354"
 5481      5FB5EF80 
 5481      A7A17E7F 
 5481      AD9BEC
 5482 02be 70380CFC 		.ascii	"p8\014\374x\0053\020v9\235N#\0206\332\017\0353\202\201"
 5482      78053310 
 5482      76399D4E 
 5482      231036DA 
 5482      0F1D3382 
 5483 02d3 50246C48 		.ascii	"P$lH\222\321\320\260\323\250?\330\274\347\244\323\010"
 5483      92D1D0B0 
 5483      D3A83FD8 
 5483      BCE7A4D3 
 5483      08
 5484 02e4 478ED7B8 		.ascii	"G\216\327\270Z}\247#~\267\303\177\302Kh0Tab\376p\310"
 5484      5A7DA723 
 5484      7EB7C37F 
 5484      C24B6830 
 5484      546162FE 
 5485 02fa E175F86A 		.ascii	"\341u\370j\332\266\373j\333\\\204\005C\316\177@\372"
 5485      DAB6FB6A 
 5485      DB5C8405 
 5485      43CE7F40 
 5485      FA
 5486 030b 8B79     		.ascii	"\213y"
 5487              		.text
 5488              		.section	.gnu.lto_exti5_9_irq_init.417.1f2b6e7c,"e",%progbits
 5489 0000 789C9BC5 		.ascii	"x\234\233\305\300\300P\015\304\212@\314\300\314\300"
 5489      C0C0500D 
 5489      C48A40CC 
 5489      C0CCC0
 5490 000f 38696217 		.ascii	"8ib\027\023\303\377\377\377\353Y\230\030\033U\030\267"
 5490      13C3FFFF 
 5490      FFEB5998 
 5490      181B5518 
 5490      B7
 5491 0020 3282D98C 		.ascii	"2\202\331\214\014\365L\214\365\214\223\2315\033\032"
 5491      0CF54C8C 
 5491      F58C9399 
 5491      351B1A
 5492 002f 1A7E2C9D 		.ascii	"\032~,\235\367>\242a\305\001\306%\314\014\014\363\230"
 5492      F73EA261 
 5492      C501C625 
 5492      CC0C0CF3 
 5492      98
 5493 0040 1960800D 		.ascii	"\031`\200\015\306c\004\342\365\227X\0174\374\371\337"
 5493      C66304E2 
 5493      F597580F 
 5493      34FCF9DF 
 5494 0050 DFD070F7 		.ascii	"\337\320p\367)\343o&\240x?3\310\\0\220\007\252\230\300"
 5494      29E36F26 
 5494      A0783F33 
 5494      C85C3090 
 5494      07AA98C0 
 5495 0064 CC84E032 		.ascii	"\314\204\34022|`l}\360\231\227\241\205\221i\0113\343"
 5495      327C606C 
ARM GAS  C:\Users\angio\AppData\Local\Temp\ccrvFn2X.s 			page 148


 5495      7DF09997 
 5495      A1859169 
 5495      0933E3
 5496 0077 3C66A082 		.ascii	"<f\240\202I\314K\230\231\030\305!\024\333\022ff\206"
 5496      49CC4B98 
 5496      9918C521 
 5496      14DB1266 
 5496      6686
 5497 0089 4F8C4D0F 		.ascii	"O\214M\017\276\263\202\355\352gfD6\214\201\301\314\331"
 5497      BEB382ED 
 5497      EA676644 
 5497      368C81C1 
 5497      CCD9
 5498 009b 2AC63923 		.ascii	"*\3069#3)3\270\2444%3?\246<\277(\273\270 195\276\264"
 5498      332933B8 
 5498      A4342533 
 5498      3FA63CBF 
 5498      28BBB820 
 5499 00b4 38B52826 		.ascii	"8\265(&(D78\304\327\330\310\335\304\334$\310U\327/\324"
 5499      28443738 
 5499      C4D7D8C8 
 5499      DDC4DC24 
 5499      C855D72F 
 5500 00c9 D9C7D5DF 		.ascii	"\331\307\325\337\314\204\301IOO\037\210\222A:\363\213"
 5500      CC84C149 
 5500      4F4F1F88 
 5500      92413AF3 
 5500      8B
 5501 00da 8D0C0D0D 		.ascii	"\215\014\015\015\365\363\213\3653\022s\364\013\362\213"
 5501      F5F38BF5 
 5501      331273F4 
 5501      0BF28B
 5502 00e9 4A8AF5C1 		.ascii	"J\212\365\301\232\364}|\\\364]#B<\313\014\365\213Kr"
 5502      9AF47D7C 
 5502      5CF45D23 
 5502      423CCB0C 
 5502      F58B4B72 
 5503 00fd 8D8DE253 		.ascii	"\215\215\342S+J2M\343-\3652\363\222\031\000\267\263"
 5503      2B4A324D 
 5503      E32DF532 
 5503      F3921900 
 5503      B7B3
 5504 010f 6B7D     		.ascii	"k}"
 5505              		.text
 5506              		.section	.gnu.lto_exti5_9_irq_deinit.418.1f2b6e7c,"e",%progbits
 5507 0000 789C9BCC 		.ascii	"x\234\233\314\300\300P\015\304\212@\314\300\314\300"
 5507      C0C0500D 
 5507      C48A40CC 
 5507      C0CCC0
 5508 000f 38696217 		.ascii	"8ib\027\023\303\377\377\377\353Y\230\030\033U\030\267"
 5508      13C3FFFF 
 5508      FFEB5998 
 5508      181B5518 
 5508      B7
 5509 0020 3282D98C 		.ascii	"2\202\331\214\014\365L\214\365\214\223\2315\033\032"
 5509      0CF54C8C 
 5509      F58C9399 
ARM GAS  C:\Users\angio\AppData\Local\Temp\ccrvFn2X.s 			page 149


 5509      351B1A
 5510 002f 1A7E2C9D 		.ascii	"\032~,\235\3677\242a\305\001\306%\314\014\014\363\230"
 5510      F737A261 
 5510      C501C625 
 5510      CC0C0CF3 
 5510      98
 5511 0040 1960800D 		.ascii	"\031`\200\015\306c\004\342\365\227X\0174\374\371\337"
 5511      C66304E2 
 5511      F597580F 
 5511      34FCF9DF 
 5512 0050 DFD0F0F6 		.ascii	"\337\320\360\366)c\2472P\274\237\031d.\030\310\003U"
 5512      2963A732 
 5512      50BC9F19 
 5512      642E18C8 
 5512      0355
 5513 0062 4C606642 		.ascii	"L`fBp\031\031>0\266<\370\317\313\320\302\310\264\204"
 5513      7019193E 
 5513      30B63CF8 
 5513      CFCBD0C2 
 5513      C8B484
 5514 0075 99711E33 		.ascii	"\231q\0363P\301$\346%\314L\214\342K\230\231\031>16="
 5514      50C124E6 
 5514      25CC4C8C 
 5514      E24B9899 
 5514      193E3136 
 5515 008a 98EC06B6 		.ascii	"\230\354\006\266\244\237\231\021\331\024\006\0063g\253"
 5515      A49F9911 
 5515      D9140606 
 5515      3367AB
 5516 0099 18E78CCC 		.ascii	"\030\347\214\314\244\314\340\222\322\224\314\374\230"
 5516      A4CCE092 
 5516      D294CCFC 
 5516      98
 5517 00a6 F2FCA2EC 		.ascii	"\362\374\242\354\342\202\304\344\324\370\322\342\324"
 5517      E282C4E4 
 5517      D4F8D2E2 
 5517      D4
 5518 00b3 A298A010 		.ascii	"\242\230\240\020\335\340\020_c#w\023s\223 W]\277Pg\037"
 5518      DDE0105F 
 5518      63237713 
 5518      73932057 
 5518      5DBF5067 
 5519 00c8 577F3313 		.ascii	"W\1773\023\006'==} J\006\351\314/6244\324\317/\326\317"
 5519      06273D3D 
 5519      7D204A06 
 5519      E9CC2F36 
 5519      323434D4 
 5520 00e0 48CCD12F 		.ascii	"H\314\321/\310/*)\326\007k\322\367\361q\321w\215\010"
 5520      C82F2A29 
 5520      D6076BD2 
 5520      F7F171D1 
 5520      778D08
 5521 00f3 F12C33D4 		.ascii	"\361,3\324/.\31156\212O\255(\3114\215\267\324\313\314"
 5521      2F2EC935 
 5521      368A4FAD 
 5521      28C9348D 
 5521      B7D4CBCC 
ARM GAS  C:\Users\angio\AppData\Local\Temp\ccrvFn2X.s 			page 150


 5522 0107 4B660000 		.ascii	"Kf\000\000/\301i\346"
 5522      2FC169E6 
 5523              		.text
 5524              		.section	.gnu.lto_Vector9C.419.1f2b6e7c,"e",%progbits
 5525 0000 789CAD96 		.ascii	"x\234\255\226[l\024U\030\307\317w\316\354\316\354\375"
 5525      5B6C1455 
 5525      18C7CF77 
 5525      CEECCEEC 
 5525      FD
 5526 0011 BE457DB0 		.ascii	"\276E}\260Dx\360\241]Z\020/\361\311\212\306\0045\201"
 5526      4478F0A1 
 5526      5D5A102F 
 5526      F1C98AC6 
 5526      043581
 5527 0024 9AF84042 		.ascii	"\232\370@B\260\226\320xi\323-j\242I\007\272P#j\267U"
 5527      B096D078 
 5527      69D32D6A 
 5527      A24907BA 
 5527      50236AB7 
 5528 0039 1A28ED12 		.ascii	"\032(\355\022\326\025\312U\301(\250\250\015FE\361\022"
 5528      D615CA55 
 5528      C128A8A8 
 5528      0D4645F1 
 5528      12
 5529 004a 218A10A3 		.ascii	"!\212\020\243\210\227\210\017P1\012\021b\375\316\314"
 5529      8897880F 
 5529      50310A11 
 5529      62FDCECC 
 5530 005a 9CD93D3B 		.ascii	"\234\331=;;\312C'\235\323s\3763\337\377\373\316\371"
 5530      3BCA4327 
 5530      9DD373FE 
 5530      33DFFFFB 
 5530      CEF9
 5531 006c 7D9BCC40 		.ascii	"}\233\314@\220\220\015\204\220'\001\207:\002C\203\317"
 5531      90900D84 
 5531      90270187 
 5531      3A024383 
 5531      CF
 5532 007d 50323535 		.ascii	"P255\325\253P\3327\270\216\302\233`\254\326\016\206"
 5532      D5AB50DA 
 5532      37B88EC2 
 5532      9B60ACD6 
 5532      0E86
 5533 008f 8DFF8CE6 		.ascii	"\215\377\214\346\006\003\306l\215\245(\260\336\216\361"
 5533      0603C66C 
 5533      8DA528B0 
 5533      DE8EF1
 5534 009e C0F0A0DF 		.ascii	"\300\360\240\337\230yi\177E\364H\376\2649Q\351\206\374"
 5534      9879697F 
 5534      45F448FE 
 5534      B43951E9 
 5534      86FC
 5535 00b0 3E73BA51 		.ascii	">s\272Qh\032l\034*\3164\015|02T4e?\335\224\3377S8\024"
 5535      681A6C1C 
 5535      2ACE340D 
 5535      7C303254 
 5535      34653FDD 
ARM GAS  C:\Users\angio\AppData\Local\Temp\ccrvFn2X.s 			page 151


 5536 00ca C4DB013A 		.ascii	"\304\333\001:*\034\306\204\026\2041\333!\004\005\341"
 5536      2A1CC684 
 5536      168431DB 
 5536      210405E1 
 5537 00da 10A69B2B 		.ascii	"\020\246\233+\034v\210\267#t\\8l\027Z\024\266\333\016"
 5537      1C7688B7 
 5537      23745C38 
 5537      6C175A14 
 5537      B6DB0E
 5538 00ed 31D8211C 		.ascii	"1\330!\034\342tg\205\303\036\361v\202\356\022\016\273"
 5538      E2746785 
 5538      C31EF176 
 5538      82EE120E 
 5538      BB
 5539 00fe 859684DD 		.ascii	"\205\226\204\335\266C\012\366\010\2074\254\232%\342"
 5539      B6430AF6 
 5539      088734AC 
 5539      9A25E2
 5540 010d 81F452A6 		.ascii	"\201\364R\246x\274\252\346\363\007\202\241p$\032\213"
 5540      78BCAAE6 
 5540      F30782A1 
 5540      70241A8B 
 5541 011d 2792A934 		.ascii	"'\222\2514\364\302\013\354z]\327/\276\\(\\\247\217O"
 5541      F4C20BEC 
 5541      7A5DD72F 
 5541      BE5C285C 
 5541      A78F4F
 5542 0130 40891152 		.ascii	"@\211\021R\300\333\272F\031\014\261\022\003P\254\031"
 5542      C0DBBA46 
 5542      190CB112 
 5542      0350AC19 
 5543 0140 857A9CB1 		.ascii	"\205z\234\261\247\370\223\331\023\272>\271\271\257?"
 5543      A7F893D9 
 5543      13BA3EB9 
 5543      B9AF3F
 5544 014f 9C5FA595 		.ascii	"\234_\245\225\030\203\375\200\221\360\006\300\353\034"
 5544      1883FD80 
 5544      91F006C0 
 5544      EB1C
 5545 015d 29E93DD2 		.ascii	")\351=\322\340%p\000L?\340a\353\301\216\333\371c\327"
 5545      E0257000 
 5545      4C3FE061 
 5545      EBC18EDB 
 5545      F963D7
 5546 0170 615DE161 		.ascii	"a]\341aoU\205\035\347ao\003\301\342I\357\327\015(Rt"
 5546      6F55851D 
 5546      E7616F03 
 5546      C1E249EF 
 5546      D70D2852 
 5547 0185 41E595A3 		.ascii	"A\345\225\243\236\011\375\362\324\200\256_\270\352\304"
 5547      9E09FDF2 
 5547      D480AE5F 
 5547      B8EAC4
 5548 0194 C173DAAD 		.ascii	"\301s\332\255@JL\2418x\030\237)|\346\301\301\353\345"
 5548      404A4CA1 
 5548      3878189F 
 5548      297CE6C1 
ARM GAS  C:\Users\angio\AppData\Local\Temp\ccrvFn2X.s 			page 152


 5548      C1EBE5
 5549 01a7 838A83AA 		.ascii	"\203\212\203\252q\315\307\227~>\004\270\026\344Z\210"
 5549      71CDC797 
 5549      7E3E04B8 
 5549      16E45A88 
 5550 01b7 2FC37C88 		.ascii	"/\303|\210p-\312\265\030_\306\371\220\340Z\222k)\276"
 5550      702DCAB5 
 5550      185FC6F9 
 5550      90E05A92 
 5550      6B29BE
 5551 01ca 4CF3A18E 		.ascii	"L\363\241\216k3p\320f\361\372f\033{#\003\214\237\274"
 5551      6B3370D0 
 5551      66F1FA66 
 5551      1B7B2303 
 5551      8C9FBC
 5552 01dd 715D8BCB 		.ascii	"q]\213\313<\243\345%\220\263\260\372\374\305\257\366"
 5552      3CA3E525 
 5552      90B3B0FA 
 5552      FCC5AFF6 
 5553 01ed 52380845 		.ascii	"R8\010E\363\000\025\320\237\316\351\012>9t\320WdtT\310"
 5553      F30015D0 
 5553      9FCEE90A 
 5553      3E3974D0 
 5553      57647454 
 5554 0202 FC64B602 		.ascii	"\374d\266\002\262\300\263\304\007\000\357\002\231\263"
 5554      B2C0B3C4 
 5554      0700EF02 
 5554      99B3
 5555 0210 C558FAE1 		.ascii	"\305X\372\341=\0303\240\234\205\276\341~\264\232\205"
 5555      3D1833A0 
 5555      9C85BEE1 
 5555      7EB49A85 
 5556 0220 913CCC03 		.ascii	"\221<\314\003\247T\236d\030#f\243l$\324\212x\252\357"
 5556      A7549E64 
 5556      182366A3 
 5556      6C24D48A 
 5556      78AAEF
 5557 0233 F0E48786 		.ascii	"\360\344\207\206}\262+\223\\\017\231\256f\034\032\377"
 5557      7DB22B93 
 5557      5C0F99AE 
 5557      661C1AFF 
 5558 0243 31C27F37 		.ascii	"1\302\1777E\246\240\231\351^O\316@\356L\013J\346\332"
 5558      45A6A099 
 5558      E95E4FCE 
 5558      40EE4C0B 
 5558      4AE6DA
 5559 0256 EC8A3C63 		.ascii	"\354\212<c\025\233\004\314\311\267\342\261\266\022\000"
 5559      159B04CC 
 5559      C9B7E2B1 
 5559      B61200
 5560 0265 310B1A9B 		.ascii	"1\013\032\233\312\001\305\3518#\346\016\361\000Cp\030"
 5560      CA01C5E9 
 5560      3823E60E 
 5560      F1004370 
 5560      18
 5561 0276 E023E361 		.ascii	"\340#\343a\263YZ\030>\006\370\220\333\3171\205\010|"
 5561      B3595A18 
ARM GAS  C:\Users\angio\AppData\Local\Temp\ccrvFn2X.s 			page 153


 5561      3E06F890 
 5561      DBCF3185 
 5561      087C
 5562 0288 82C571C1 		.ascii	"\202\305q\301*\300\303\015#v\001JE\001\324*\300\353"
 5562      2AC0C30D 
 5562      2376014A 
 5562      4501D42A 
 5562      C0EB
 5563 029a 92EC3347 		.ascii	"\222\3543G\262\317\253\223}a%\263\234T\027\247/\035"
 5563      B2CFAB93 
 5563      7D6125B3 
 5563      9C5417A7 
 5563      2F1D
 5564 02ac 4E476527 		.ascii	"NGe'\025\216\241\023Ea\022r\365x\262^\274\325\022\213"
 5564      158EA113 
 5564      45611272 
 5564      F578B25E 
 5564      BCD5128B 
 5565 02c0 1A457B2A 		.ascii	"\032E{*\212V&\241\257\236\030Ib\005\236\273\304\342"
 5565      8A5626A1 
 5565      AF9E1849 
 5565      62059EBB 
 5565      C4E2
 5566 02d2 18B4C6D2 		.ascii	"\030\264\306\322\022\005\356\342R\306qG\031\337Xe\240"
 5566      1205EEE2 
 5566      52C67147 
 5566      19DF5865 
 5566      A0
 5567 02e3 66559284 		.ascii	"fU\222\204\023X\011\206\345`\265!\244\340$ ]~\214in"
 5567      13580986 
 5567      E560B521 
 5567      A4E02420 
 5567      5D7E8C69 
 5568 02f8 5347A40A 		.ascii	"SG\244\012\230Y\001/\323+w06\306\245\253\213L\263\233"
 5568      9859012F 
 5568      D32B7730 
 5568      36C6A5AB 
 5568      8B4CB39B 
 5569 030c 62C286A2 		.ascii	"b\302\206\242\301\007`\001Qkt\204\317\356\01074\247"
 5569      C1076001 
 5569      516B7484 
 5569      CFEE0837 
 5569      34A7
 5570 031e 1C3BF901 		.ascii	"\034;\371\001\340{\011\315i\271\017|\360\251H\251\325"
 5570      E07B09CD 
 5570      69B90F7C 
 5570      F0A948A9 
 5570      D5
 5571 032f E801BF4B 		.ascii	"\350\001\277K\242\237\034\211~\256N\364\213\334\003"
 5571      A29F1C89 
 5571      7EAE4EF4 
 5571      8BDC03
 5572 033e 0117A75F 		.ascii	"\001\027\247_\035Ngd'\025~\223{\300\217w@\364\200o\232"
 5572      1D4E6764 
 5572      27157E93 
 5572      7BC08F77 
 5572      40F4806F 
ARM GAS  C:\Users\angio\AppData\Local\Temp\ccrvFn2X.s 			page 154


 5573 0353 7AE0ACA3 		.ascii	"z\340\254\243\214sV\031\225=0Y\335\003\277\363\036\200"
 5573      8C735619 
 5573      953D3059 
 5573      DD03BFF3 
 5573      1E80
 5574 0365 6FE1BFF8 		.ascii	"o\341\277\370\373\035\374\337\277\246\310\2026\177\035"
 5574      FB1DFCDF 
 5574      BFA6C882 
 5574      367F1D
 5575 0374 048C6099 		.ascii	"\004\214`\231\177\240\006\377\220\315\337\355\007\365"
 5575      7FA006FF 
 5575      90CDDFED 
 5575      07F5
 5576 0382 97631717 		.ascii	"\227c\027\027\000\376\224\260\\\224\371\207\312\374"
 5576      00FE94B0 
 5576      5C94F987 
 5576      CAFC
 5577 0390 8335F887 		.ascii	"\2035\370\207]\022\375\355Ht\251:\321e\231\177\304\305"
 5577      5D12FDED 
 5577      4874A93A 
 5577      D165997F 
 5577      C4C5
 5578 03a2 E91F87D3 		.ascii	"\351\037\207\323\224\354\244\202N%\376a\274#\202\177"
 5578      94ECA482 
 5578      4E25FE61 
 5578      BC23827F 
 5579 03b2 689AF8E7 		.ascii	"h\232\370\347hu\031k\250YF%\377\265\264\212\177?\375"
 5579      6875196B 
 5579      A8594625 
 5579      FFB5B48A 
 5579      7F3FFD
 5580 03c5 7FFE6107 		.ascii	"\177\376a\007\377#\310?Z\346O\005\214h\231\177\244\006"
 5580      FF23C83F 
 5580      5AE64F05 
 5580      8C68997F 
 5580      A406
 5581 03d7 FF98CD5F 		.ascii	"\377\230\315_s\331\305\263\216]<Ga\035\255\304\362<"
 5581      73D9C5B3 
 5581      8E5D3C47 
 5581      611DADC4 
 5581      F23C
 5582 03e9 95F8C7CA 		.ascii	"\225\370\307\312\374\2435\370\307]\022\345\035\211\006"
 5582      FCA335F8 
 5582      C75D12E5 
 5582      1D8906
 5583 03f8 AB130D51 		.ascii	"\253\023\015Q\211\177\302\305\351E\207\323z\331I\205"
 5583      897FC2C5 
 5583      E94587D3 
 5583      7AD94985 
 5584 0408 61997F1C 		.ascii	"a\231\177\034\357\204\340\037\233&\376#\21626YeT\362"
 5584      EF84E01F 
 5584      9B26FE23 
 5584      8E323659 
 5584      6554F2
 5585 041b 1FADE63F 		.ascii	"\037\255\346?v\005\374\343\016\376\307\220\177\262\314"
 5585      7605FCE3 
 5585      0EFEC790 
ARM GAS  C:\Users\angio\AppData\Local\Temp\ccrvFn2X.s 			page 155


 5585      7FB2CC
 5586 042a 5F113092 		.ascii	"_\0210\222e\376\211\032\374S6\177\237\313.\212\216]"
 5586      65FE891A 
 5586      FC53367F 
 5586      9FCB2E8A 
 5586      8E5D
 5587 043c BC44618B 		.ascii	"\274Da\213\204\245$\363O\225\371'k\360O\273$\332\352"
 5587      84A524F3 
 5587      4F95F927 
 5587      6BF04FBB 
 5587      24DAEA
 5588 044f 48B4AD3A 		.ascii	"H\264\255:\321\270\314\277\316\305i\207\303i\247\354"
 5588      D1B8CCBF 
 5588      CEC56987 
 5588      C369A7EC 
 5589 045f A4C22E99 		.ascii	"\244\302.\231\177\032\357:\301?5M\374_u\224\261\327"
 5589      7F1AEF3A 
 5589      C13F354D 
 5589      FC5F7594 
 5589      B1D7
 5590 0471 2AA392FF 		.ascii	"*\243\222\377\276j\376\257]\001\377t\365\027\354\206"
 5590      BE6AFEAF 
 5590      5D01FF74 
 5590      F517EC86 
 5591 0481 EFF0A370 		.ascii	"\357\360\243p\006'\251\201~\262O\017\363O\313\363\232"
 5591      0627A981 
 5591      7EB24F0F 
 5591      F34FCBF3 
 5591      9A
 5592 0492 4557933E 		.ascii	"EW\223>]g\340\233\260\237\226?2\017`\011\012!V\353\340"
 5592      5D67E09B 
 5592      B09F963F 
 5592      320F6009 
 5592      0A2156EB 
 5593 04a7 05E43CAC 		.ascii	"\005\344<\254>u\351\016\203\342\000\203r6.\314o\271"
 5593      3E75E90E 
 5593      83E20083 
 5593      72362ECC 
 5593      6FB9
 5594 04b9 6549CB8A 		.ascii	"eI\313\212\216\007:\026\367\254|\260\243s\311\343\235"
 5594      8E073A16 
 5594      F7AC7CB0 
 5594      A373C9E3 
 5594      9D
 5595 04ca DD0F65BB 		.ascii	"\335\017e\273\226\265\265/]\231m\357^\262\250\265aq"
 5595      96B5B52F 
 5595      5D996DEF 
 5595      5EB2A8B5 
 5595      6171
 5596 04dc EBDD739B 		.ascii	"\353\335s\233\357\234w\343\274E\013\032\356\271\257"
 5596      EF9C77E3 
 5596      BC450B1A 
 5596      EEB9AF
 5597 04eb 65E1827B 		.ascii	"e\341\202{\347\317#\26756f\360\257\215Gvf\233\233\232"
 5597      E7CF23B7 
 5597      353666F0 
 5597      AF8D4776 
ARM GAS  C:\Users\angio\AppData\Local\Temp\ccrvFn2X.s 			page 156


 5597      669B9B9A 
 5598 04ff 9A329DD9 		.ascii	"\2322\235\331\314\212e\017g\272:\273{\262\031#(\263"
 5598      CC8A650F 
 5598      67BA3ABB 
 5598      7BB21923 
 5598      28B3
 5599 0511 70E1ED99 		.ascii	"p\341\355\231\005\367\267\336\365XS&\333\363\310\334"
 5599      05F7B7DE 
 5599      F5585326 
 5599      DBF3C8DC 
 5600 0521 E6A5ED4F 		.ascii	"\346\245\355O\364t\334\260\364\346\306\216G\333\010"
 5600      F474DCB0 
 5600      F4E6C68E 
 5600      47DB08
 5601 0530 EDEA4E99 		.ascii	"\355\352N\231jG\266\273\261\255\261}\356\362\233\332"
 5601      6A47B6BB 
 5601      B1ADB17D 
 5601      EEF29BDA 
 5602 0540 E72F6F26 		.ascii	"\347/o&\254\253\273\351_\306\013U\034"
 5602      ACABBBE9 
 5602      5FC60B55 
 5602      1C
 5603              		.text
 5604              		.section	.gnu.lto_exti10_15_irq_init.420.1f2b6e7c,"e",%progbits
 5605 0000 789C9BC5 		.ascii	"x\234\233\305\300\300P\013\304\212@\314\300\314\300"
 5605      C0C0500B 
 5605      C48A40CC 
 5605      C0CCC0
 5606 000f 38696217 		.ascii	"8ib\027\023\303\377\377\377\353Y\230\030\033U\030\267"
 5606      13C3FFFF 
 5606      FFEB5998 
 5606      181B5518 
 5606      B7
 5607 0020 3282D98C 		.ascii	"2\202\331\214\014\365L\214\365\214\223\2315\033\032"
 5607      0CF54C8C 
 5607      F58C9399 
 5607      351B1A
 5608 002f 1A7E2C9D 		.ascii	"\032~,\235\367>\242a\305\001\306%\314\014\014\363\230"
 5608      F73EA261 
 5608      C501C625 
 5608      CC0C0CF3 
 5608      98
 5609 0040 1960800D 		.ascii	"\031`\200\015\306c\004\342\365\227X\0174\374\371\337"
 5609      C66304E2 
 5609      F597580F 
 5609      34FCF9DF 
 5610 0050 DFD0F0F6 		.ascii	"\337\320\360\366)\343o&\240x?3\310\\0\220\007\252\230"
 5610      29E36F26 
 5610      A0783F33 
 5610      C85C3090 
 5610      07AA98
 5611 0063 C0CC84E0 		.ascii	"\300\314\204\34022|`l}\360\231\227\241\205\221i\011"
 5611      32327C60 
 5611      6C7DF099 
 5611      97A18591 
 5611      6909
 5612 0075 33E33C66 		.ascii	"3\343<f\240\202I\314K\230\231\0305 \024\333\022ff\206"
ARM GAS  C:\Users\angio\AppData\Local\Temp\ccrvFn2X.s 			page 157


 5612      A08249CC 
 5612      4B989918 
 5612      352014DB 
 5612      12666686 
 5613 0089 4F8C4D0F 		.ascii	"O\214M\017\276\263\202\355\352gfD6\214\201\301\314\331"
 5613      BEB382ED 
 5613      EA676644 
 5613      368C81C1 
 5613      CCD9
 5614 009b 2AC63923 		.ascii	"*\3069#3)3\270\2444%3?\246<\277(\273\270 195\276\264"
 5614      332933B8 
 5614      A4342533 
 5614      3FA63CBF 
 5614      28BBB820 
 5615 00b4 38B52826 		.ascii	"8\265(&(D78\304\327\330\310\335\304\334$\310U\327/\324"
 5615      28443738 
 5615      C4D7D8C8 
 5615      DDC4DC24 
 5615      C855D72F 
 5616 00c9 D9C7D5DF 		.ascii	"\331\307\325\337\314\204\301EOO\037\210\222A:\363\213"
 5616      CC84C145 
 5616      4F4F1F88 
 5616      92413AF3 
 5616      8B
 5617 00da 8D0C0D0D 		.ascii	"\215\014\015\015\365\363\213\3653\022s\364\013\362\213"
 5617      F5F38BF5 
 5617      331273F4 
 5617      0BF28B
 5618 00e9 4A8AF5C1 		.ascii	"J\212\365\301\232\364}|\\\364]#B<\313\014\365\213Kr"
 5618      9AF47D7C 
 5618      5CF45D23 
 5618      423CCB0C 
 5618      F58B4B72 
 5619 00fd 8D8DE253 		.ascii	"\215\215\342S+J2\015\015\342\015M\3652\363\222\031\000"
 5619      2B4A320D 
 5619      0DE20D4D 
 5619      F532F392 
 5619      1900
 5620 010f A9F06BFB 		.ascii	"\251\360k\373"
 5621              		.text
 5622              		.section	.gnu.lto_exti10_15_irq_deinit.421.1f2b6e7c,"e",%progbits
 5623 0000 789C9BCC 		.ascii	"x\234\233\314\300\300P\013\304\212@\314\300\314\300"
 5623      C0C0500B 
 5623      C48A40CC 
 5623      C0CCC0
 5624 000f 38696217 		.ascii	"8ib\027\023\303\377\377\377\353Y\230\030\033U\030\267"
 5624      13C3FFFF 
 5624      FFEB5998 
 5624      181B5518 
 5624      B7
 5625 0020 3282D98C 		.ascii	"2\202\331\214\014\365L\214\365\214\223\2315\033\032"
 5625      0CF54C8C 
 5625      F58C9399 
 5625      351B1A
 5626 002f 1A7E2C9D 		.ascii	"\032~,\235\3677\242a\305\001\306%\314\014\014\363\230"
 5626      F737A261 
 5626      C501C625 
ARM GAS  C:\Users\angio\AppData\Local\Temp\ccrvFn2X.s 			page 158


 5626      CC0C0CF3 
 5626      98
 5627 0040 1960800D 		.ascii	"\031`\200\015\306c\004\342\365\227X\0174\374\371\337"
 5627      C66304E2 
 5627      F597580F 
 5627      34FCF9DF 
 5628 0050 DFD0F0F7 		.ascii	"\337\320\360\367)c\2472P\274\237\031d.\030\310\003U"
 5628      2963A732 
 5628      50BC9F19 
 5628      642E18C8 
 5628      0355
 5629 0062 4C606642 		.ascii	"L`fBp\031\031>0\266<\370\317\313\320\302\310\264\204"
 5629      7019193E 
 5629      30B63CF8 
 5629      CFCBD0C2 
 5629      C8B484
 5630 0075 99711E33 		.ascii	"\231q\0363P\301$\346%\314L\214\032K\230\231\031>16="
 5630      50C124E6 
 5630      25CC4C8C 
 5630      1A4B9899 
 5630      193E3136 
 5631 008a 98EC06B6 		.ascii	"\230\354\006\266\244\237\231\021\331\024\006\0063g\253"
 5631      A49F9911 
 5631      D9140606 
 5631      3367AB
 5632 0099 18E78CCC 		.ascii	"\030\347\214\314\244\314\340\222\322\224\314\374\230"
 5632      A4CCE092 
 5632      D294CCFC 
 5632      98
 5633 00a6 F2FCA2EC 		.ascii	"\362\374\242\354\342\202\304\344\324\370\322\342\324"
 5633      E282C4E4 
 5633      D4F8D2E2 
 5633      D4
 5634 00b3 A298A010 		.ascii	"\242\230\240\020\335\340\020_c#w\023s\223 W]\277Pg\037"
 5634      DDE0105F 
 5634      63237713 
 5634      73932057 
 5634      5DBF5067 
 5635 00c8 577F3313 		.ascii	"W\1773\023\006\027==} J\006\351\314/6244\324\317/\326"
 5635      06173D3D 
 5635      7D204A06 
 5635      E9CC2F36 
 5635      323434D4 
 5636 00df CF48CCD1 		.ascii	"\317H\314\321/\310/*)\326\007k\322\367\361q\321w\215"
 5636      2FC82F2A 
 5636      29D6076B 
 5636      D2F7F171 
 5636      D1778D
 5637 00f2 08F12C33 		.ascii	"\010\361,3\324/.\31156\212O\255(\31144\21074\325\313"
 5637      D42F2EC9 
 5637      35368A4F 
 5637      AD28C934 
 5637      34883734 
 5638 0108 CC4B6600 		.ascii	"\314Kf\000\000\035\333jd"
 5638      001DDB6A 
 5638      64
 5639              		.text
ARM GAS  C:\Users\angio\AppData\Local\Temp\ccrvFn2X.s 			page 159


 5640              		.section	.gnu.lto_VectorE0.422.1f2b6e7c,"e",%progbits
 5641 0000 789CAD97 		.ascii	"x\234\255\227[l\024U\030\307\347;g/\263\367\373nwKb"
 5641      5B6C1455 
 5641      18C7E73B 
 5641      672FB3F7 
 5641      FB6E774B 
 5642 0015 89FA20A4 		.ascii	"\211\372 \244]\266 \032_\013\030\023\324\004j\342\003"
 5642      5DB6201A 
 5642      5F0B1813 
 5642      D4046AE2 
 5642      03
 5643 0026 09C15A42 		.ascii	"\011\301ZB\343\245M\267\250O2\264\0135\242\262\255R"
 5643      E3A54DB7 
 5643      A84F32B4 
 5643      0B35A2B2 
 5643      AD52
 5644 0038 A5B48BAC 		.ascii	"\245\264\213\254+\026\312Ej\224\266\002\226\032\271"
 5644      2B16CA45 
 5644      6A94B602 
 5644      961AB9
 5645 0047 A8608418 		.ascii	"\250`\204\030\021\210\"^\">@\255Q\032A\35393sv\346\354"
 5645      1188225E 
 5645      223E40AD 
 5645      511A41EB 
 5645      39337376 
 5646 005d EC280FDD 		.ascii	"\354(\017\335tN\317\371f\276\377\367\235\363\377\355"
 5646      744ECFF9 
 5646      66BEFFF7 
 5646      9DF3FFED 
 5647 006d 2633E815 		.ascii	"&3\350\025\204^A\020\216\002\031*\005\350\356z\021\011"
 5647      845E4110 
 5647      8E02192A 
 5647      05E8EE7A 
 5647      1109
 5648 007f D3D3D3EB 		.ascii	"\323\323\323\353,\010utmB0\002\362jc\227W\376\217Q\246"
 5648      2C087574 
 5648      6D423002 
 5648      F26A6397 
 5648      57FE8F51 
 5649 0094 CB25CF36 		.ascii	"\313%\3176\250\021\013l)\346X\241\247\313)\317l\250"
 5649      A8110B6C 
 5649      29E658A1 
 5649      A7CB29CF 
 5649      6CA8
 5650 00a6 5397DD9B 		.ascii	"S\227\335\233\275\254L\354\350\215\354\2202\335\312"
 5650      BDAC4CEC 
 5650      E88DEC90 
 5650      32DDCA
 5651 00b5 62226CED 		.ascii	"b\"l\355\316\317V\004\034\320\333\235W\302N\264-;4\233"
 5651      CECF5604 
 5651      1CD0DB9D 
 5651      57C24EB4 
 5651      2D3B349B 
 5652 00c9 29E4D8D3 		.ascii	")\344\330\323.\324\307\024\372Y\314\015\375E\005\017"
 5652      2ED4C714 
 5652      FA59CC0D 
 5652      FD45050F 
ARM GAS  C:\Users\angio\AppData\Local\Temp\ccrvFn2X.s 			page 160


 5653 00d9 E4988217 		.ascii	"\344\230\202\027m\327)\354fO\373\320\000S\330\305b~"
 5653      6DD729EC 
 5653      664FFBD0 
 5653      0053D8C5 
 5653      627E
 5654 00eb D8555408 		.ascii	"\330UT\010\300n\246\020D\203:\205}\354\351\020\332\303"
 5654      C06EA610 
 5654      44833A85 
 5654      7DECE910 
 5654      DAC3
 5655 00fd 14F6B258 		.ascii	"\024\366\262X\030\366\026\025\"\260\217)D\321~\235\302"
 5655      18F61615 
 5655      22B08F29 
 5655      44D17E9D 
 5655      C2
 5656 010e 287B3A86 		.ascii	"({:\206\206\231\302\010\213U\300HQ!\016\243L!\001\353"
 5656      8699C208 
 5656      8B55C048 
 5656      51210EA3 
 5656      4C2101EB 
 5657 0122 EF60F920 		.ascii	"\357`\371 \254C\330b\265\331E\207\323\345\366x}\376"
 5657      AC43D862 
 5657      B5D94587 
 5657      D3E5F678 
 5657      7DFE
 5658 0134 4030148E 		.ascii	"@0\024\216Dc\025\361\004\254\203W\361]\222$M\275\235"
 5658      446315F1 
 5658      04AC8357 
 5658      F15D9224 
 5658      4DBD9D
 5659 0147 CBDD2E0D 		.ascii	"\313\335.\015\214A\001\013B\216\\\352\247\017C7.`\000"
 5659      8C41010B 
 5659      428E5CEA 
 5659      A70F4337 
 5659      2E6000
 5660 015a 8B3A4350 		.ascii	"\213:CPEf\370yz\347\3161I\232\330\336\321\351\315\256"
 5660      4566F879 
 5660      7AE7CE31 
 5660      499AD8DE 
 5660      D1E9CDAE 
 5661 016e 170B18C3 		.ascii	"\027\013\030\303A \231\360\001\300\373\024\014a=l\251"
 5661      412099F0 
 5661      01C0FB14 
 5661      0C613D6C 
 5661      A9
 5662 017f B609300C 		.ascii	"\266\0110\014\212 \320\274\327\241\2308\370C\313\011"
 5662      8A20D0BC 
 5662      D7A19838 
 5662      F843CB09 
 5663 018f C942F346 		.ascii	"\311B\363FK\363v\320\274\017A [ \2537\253I\030\021\035"
 5663      4BF376D0 
 5663      BC0F4120 
 5663      5B20AB37 
 5663      AB491811 
 5664 01a4 12DA7FC6 		.ascii	"\022\332\177\306:&\335\234\336,I\327\343\027.^\023\227"
 5664      3A26DD9C 
 5664      DE2C49D7 
ARM GAS  C:\Users\angio\AppData\Local\Temp\ccrvFn2X.s 			page 161


 5664      E3172E5E 
 5664      1397
 5665 01b6 8050C016 		.ascii	"\200P\300\026D\006+\2463\013\235Y\311`\263\321\301N"
 5665      44062BA6 
 5665      330B9D59 
 5665      C960B3D1 
 5665      C14E
 5666 01c8 06BB4863 		.ascii	"\006\273Hc\016\272t\322\301Ecn\032\363\320\245\227\016"
 5666      0EBA74D2 
 5666      C145636E 
 5666      1AF3D0A5 
 5666      970E
 5667 01da 3E1AF3D3 		.ascii	">\032\363\323X\200.\203t\010\321X\230\306\"t\031\245"
 5667      58802E83 
 5667      7408D158 
 5667      98C62274 
 5667      19A5
 5668 01ec 438CC62A 		.ascii	"C\214\306*h,N\227\011:T\322\330,2\210sh\323s\345\035"
 5668      682C4E97 
 5668      093A54D2 
 5668      D82C3288 
 5668      7368D373 
 5669 0202 0B9B3135 		.ascii	"\013\23315E\376\334F\226Y\214\264%\010W\241}r\352\253"
 5669      45FEDC46 
 5669      96598CB4 
 5669      250857A1 
 5669      7D72EAAB 
 5670 0216 03080E41 		.ascii	"\003\010\016A^9W\013H/d$\013\2713~\310\221\307\250\217"
 5670      5E39570B 
 5670      482F6424 
 5670      0BB9337E 
 5670      C891C7A8 
 5671 022b 85E979ED 		.ascii	"\205\351y\355\004b\0219br\003\340\010\010\363v\310K"
 5671      04621139 
 5671      627203E0 
 5671      0808F376 
 5671      C84B
 5672 023d 277C04FD 		.ascii	"'|\004\375\262WW\241\243\247\223H\315!\2314\315\012"
 5672      B25757A1 
 5672      A3A79348 
 5672      CD219934 
 5672      CD0A
 5673 024f D214A655 		.ascii	"\322\024\246UzH\312\\\022\227+\212yr\330\207i\365\361"
 5673      7A48CA5C 
 5673      12972B8A 
 5673      7972D887 
 5673      69F5F1
 5674 0262 1E072F8B 		.ascii	"\036\007/\2139\331qEV\311#\312\277\367\322oe\036[\210"
 5674      39D97145 
 5674      56C923CA 
 5674      BFF7D26F 
 5674      651E5B88 
 5675 0276 982A2F0A 		.ascii	"\230*/\012W s\245\216\304\224\200\202K\026c\3356\201"
 5675      572073A5 
 5675      8EC49480 
 5675      824B1663 
 5675      DD3681
ARM GAS  C:\Users\angio\AppData\Local\Temp\ccrvFn2X.s 			page 162


 5676 0289 14A59BB1 		.ascii	"\024\245\233\261\252\233q\201S\235\271\345me\000\221"
 5676      AA9B7181 
 5676      539DB9E5 
 5676      6D650091 
 5677 0299 E9001694 		.ascii	"\351\000\026\224=\222#\364\300\011\200\343\362\315Z"
 5677      3D9223F4 
 5677      C00980E3 
 5677      F2CD5A
 5678 02a8 A5372F9C 		.ascii	"\2457/\234\0048F\345\347)\001\037|J\272\243\001\265"
 5678      043846E5 
 5678      E729011F 
 5678      7C4ABAA3 
 5678      01B5
 5679 02ba 012B15F4 		.ascii	"\001+\025\364\025\033\260\350\032@j\0036\223b\247\014"
 5679      151BB0E8 
 5679      1A406A03 
 5679      369362A7 
 5679      0C
 5680 02cb C54E9716 		.ascii	"\305N\227\026\373B-\246*\331M\224\2764(\235\341\225"
 5680      FB422DA6 
 5680      2AD94D94 
 5680      BE34289D 
 5680      E195
 5681 02dd EC709628 		.ascii	"\354p\226(!\022\230\200L\0259Z\033\271\354\005\354\227"
 5681      21129880 
 5681      4C15395A 
 5681      1BB9EC05 
 5681      EC97
 5682 02ef 9BB6EA9A 		.ascii	"\233\266\352\232\266L@G\225 \027\011\344h\355\002\016"
 5682      B64C4047 
 5682      95201709 
 5682      E468ED02 
 5682      0E
 5683 0300 92A40D6A 		.ascii	"\222\244\015j,\224\243*&m|mh\343\234\332\006\211\251"
 5683      2C94A32A 
 5683      266D7C6D 
 5683      68E39CDA 
 5683      0689A9
 5684 0313 9D84E11B 		.ascii	"\235\204\341\033\322\011I\313@\273\034\210\300y \366"
 5684      D20949CB 
 5684      40BB1C88 
 5684      C07920F6 
 5685 0323 D2638C52 		.ascii	"\322c\214R\231\230\300u\200\225\016h\2336\236aB\306"
 5685      9998C075 
 5685      80950E68 
 5685      9B369E61 
 5685      42C6
 5686 0335 8D441E8B 		.ascii	"\215D\036\213\032\025~f\212\010\237\200j\210\275\014"
 5686      1A157E66 
 5686      8A089F80 
 5686      6A88BD0C 
 5687 0345 118E2211 		.ascii	"\021\216\"\021.\223\235\\2\354\344{\200\3578k.\363\034"
 5687      2E939D5C 
 5687      32ECE47B 
 5687      80EF386B 
 5687      2EF31C
 5688 0358 38E07356 		.ascii	"8\340sVR,\303\200\323\244\320\217\206B?\225\026\372"
ARM GAS  C:\Users\angio\AppData\Local\Temp\ccrvFn2X.s 			page 163


 5688      522CC380 
 5688      D3A4D08F 
 5688      86423F95 
 5688      16FA
 5689 036a 9967C0AC 		.ascii	"\231g\300\254\345_\014JWx%;\374\3123\340$\227\2131\340"
 5689      E55F0C4A 
 5689      5778253B 
 5689      FCCA33E0 
 5689      24978B31 
 5690 037f 982106AE 		.ascii	"\230!\006\256\032\332\270\246\266\241g`\242\224\201"
 5690      1ADAB8A6 
 5690      B6A16760 
 5690      A29481
 5691 038e DF280370 		.ascii	"\337(\003p\021\376\313\177\247\301\377\217+\363\330"
 5691      11FECB7F 
 5691      A7C1FF8F 
 5691      2BF3D8
 5692 039d ADF95FC5 		.ascii	"\255\371_\305\314pk\376\273\312\370\357)\372\3576\331"
 5692      CC706BFE 
 5692      BBCAF8EF 
 5692      29FAEF36 
 5692      D9
 5693 03ae C59F865D 		.ascii	"\305\237\206]\\\007\370\203\263e\212\367\337\243\371"
 5693      5C07F883 
 5693      B3658AF7 
 5693      DFA3F9
 5694 03bd EF2EE3BF 		.ascii	"\357.\343\277\327\244\320_\206B7J\013\335\344\375\367"
 5694      D7A4D05F 
 5694      8642374A 
 5694      0BDDE4FD 
 5694      F7
 5695 03ce 9928FD63 		.ascii	"\231(\375cP\232\346\225\354 !\316\177/\271|\314\177"
 5695      509AE695 
 5695      EC2021CE 
 5695      7F2FB97C 
 5695      CC7F
 5696 03e0 CF0CF99F 		.ascii	"\317\014\371\237A\245ml@J\033z\3777\242\022\377;\321"
 5696      41A56D6C 
 5696      404A1B7A 
 5696      FF37A212 
 5696      FF3BD1
 5697 03f3 FFFBEF35 		.ascii	"\377\373\3575\370\377\031\361\337\257\371?Vt\303\257"
 5697      F8FF19F1 
 5697      DFAFF93F 
 5697      5674C3AF 
 5698 0403 01E02B03 		.ascii	"\001\340+\003@\240\010\200\307d\033/\031\266\3612\202"
 5698      40A00880 
 5698      C7641B2F 
 5698      19B6F132 
 5698      82
 5699 0414 4D48EFCB 		.ascii	"MH\357\313+\210\003 \240\001\340/\003@\320\244P\326"
 5699      2B880320 
 5699      A001E02F 
 5699      0340D0A4 
 5699      50D6
 5700 0426 50A8ABB4 		.ascii	"P\250\253\264P7\342\000\010\231(\275fP\332\302+\331"
 5700      5037E200 
ARM GAS  C:\Users\angio\AppData\Local\Temp\ccrvFn2X.s 			page 164


 5700      089928BD 
 5700      6650DAC2 
 5700      2BD9
 5701 0438 A1870720 		.ascii	"\241\207\007 H\256\020\003 0C\000\364\032\332\330\246"
 5701      48AE1003 
 5701      20304300 
 5701      F41ADAD8 
 5701      A6
 5702 0449 B6A107A0 		.ascii	"\266\241\007\240\257\024\200\376[\000 h\000\340,\001"
 5702      AF1480FE 
 5702      5B002068 
 5702      00E02C01 
 5703 0459 20AC0120 		.ascii	" \254\001 \001s#\254\001\020*\003@\244\010\200\331\027"
 5703      017323AC 
 5703      01102A03 
 5703      40A40880 
 5703      D917
 5704 046b 336FD8C6 		.ascii	"3o\330\306[\010vp\276\024x\000\"\032\000\3412\000DM"
 5704      5B087670 
 5704      BE147800 
 5704      221A00E1 
 5704      3200444D 
 5705 047f 0AED3414 		.ascii	"\012\3554\024z\247\264\320\000\017@\314Di\267Ai\220"
 5705      7AA7B4D0 
 5705      000F40CC 
 5705      4469B741 
 5705      6990
 5706 0491 57B2C31E 		.ascii	"W\262\303\036\036\200(\271b\014\200\310\014\001\360"
 5706      1E8028B9 
 5706      620C80C8 
 5706      0C01F0
 5707 04a0 AEA18D03 		.ascii	"\256\241\215\003j\033z\000\206J\001x\357\026\000\210"
 5707      6A1B7A00 
 5707      864A0178 
 5707      EF160088 
 5708 04b0 1A00B840 		.ascii	"\032\000\270@\000\250\320\001\200\230\033\025\032\000"
 5708      00A8D001 
 5708      80981B15 
 5708      1A00
 5709 04be B13200C4 		.ascii	"\2612\000\304\213\000\230\375\236\016\033\2661\202\340"
 5709      8B0098FD 
 5709      9E0E1BB6 
 5709      3182E0
 5710 04cd 20E7CB28 		.ascii	" \347\313(\017@\\\003\240\242\014\000\011\223B\207\014"
 5710      0F405C03 
 5710      A0A20C00 
 5710      09934287 
 5710      0C
 5711 04de 850E9716 		.ascii	"\205\016\227\026:\302\003Pi\2424fP:\312+\331a\234\007"
 5711      3AC20350 
 5711      69A23466 
 5711      503ACA2B 
 5711      D9619C07 
 5712 04f2 2041AE4A 		.ascii	" A\256J\006@|\206\0008fh\343\270\332\206\036\200\023"
 5712      06407C86 
 5712      00386668 
 5712      E3B8DA86 
ARM GAS  C:\Users\angio\AppData\Local\Temp\ccrvFn2X.s 			page 165


 5712      1E8013
 5713 0505 A5009CBC 		.ascii	"\245\000\234\274\005\000\022<\000\355\223\347\276%/"
 5713      0500123C 
 5713      00ED93E7 
 5713      BE252F
 5714 0514 06B3A893 		.ascii	"\006\263\250\223\"H\347;$/}\275\230\024UwE\356\375\205"
 5714      2248E73B 
 5714      242F7DBD 
 5714      98145577 
 5714      45EEFD85 
 5715 0528 70320B4E 		.ascii	"p2\013N!\355E\3434i\301\"\010\214\035\372\3631\011\355"
 5715      21ED45E3 
 5715      3469C122 
 5715      088C1DFA 
 5715      F33109ED 
 5716 053c 97FE5E22 		.ascii	"\227\376^\"\273\270\031\203V\215\006\026\326\335\267"
 5716      BBB81983 
 5716      568D0616 
 5716      D6DDB7
 5717 054b A26E4DD3 		.ascii	"\242nM\323cM\313\333\326>\336\324\274\342\331\346\326"
 5717      634DCBDB 
 5717      D63EDED4 
 5717      BCE2D9E6 
 5717      D6
 5718 055c 27D22DAB 		.ascii	"'\322-\253\032\032W\256M7\266\256XV_\275\274\376\301"
 5718      1A1A57AE 
 5718      4D37B6AE 
 5718      58565FBD 
 5718      BCFEC1
 5719 056f F9B5F72F 		.ascii	"\371\265\367/\270g\301\262\305\325\017=R\267t\361\303"
 5719      B867C1B2 
 5719      C5D50F3D 
 5719      52B774F1 
 5719      C3
 5720 0580 0B17088B 		.ascii	"\013\027\010\213jj\222\344\257\201f6\247kS\251T\262"
 5720      6A6A92E4 
 5720      AF816636 
 5720      A76B53A9 
 5720      54B2
 5721 0592 399D5CB3 		.ascii	"9\235\\\263\352\311dKsk[:)'%\227.]\224\\\374h\375\003"
 5721      EAC9644B 
 5721      736B5B3A 
 5721      29272597 
 5721      2E5D945C 
 5722 05aa CFA492E9 		.ascii	"\317\244\222\351\266\247\346\327\256l|\256\255)5oe\352"
 5722      B6A7E6D7 
 5722      AE6C7CAE 
 5722      AD29356F 
 5722      65EA
 5723 05bc EE9AA6A7 		.ascii	"\356\232\246\247\033\004\324\322\032Q\342M\351\326\232"
 5723      1B04D4D2 
 5723      1A51E24D 
 5723      E9D69A
 5724 05cb 869AC6F9 		.ascii	"\206\232\306\371\253\357m\\\270\272V\300-\255\251\177"
 5724      ABEF6D5C 
 5724      B8BA56C0 
 5724      2DADA97F 
ARM GAS  C:\Users\angio\AppData\Local\Temp\ccrvFn2X.s 			page 166


 5725 05db 0177E60B 		.ascii	"\001w\346\013\340"
 5725      E0
 5726              		.text
 5727              		.section	.gnu.lto_exti16_exti40_exti41_irq_init.423.1f2b6e7c,"e",%progbits
 5728 0000 789C2B61 		.ascii	"x\234+a``h\000bE f`f`\2344\261\213\211\341\377\377\377"
 5728      60606800 
 5728      62452066 
 5728      6066609C 
 5728      34B18B89 
 5729 0018 F52C4C8C 		.ascii	"\365,L\214\215*\214[\031\301lF\206z&\306z\306\311\314"
 5729      8D2A8C5B 
 5729      19C16C46 
 5729      867A26C6 
 5729      7AC6C9CC 
 5730 002c 9A0D0D0D 		.ascii	"\232\015\015\015?\226\316{\037\321\260\342\000\343\022"
 5730      3F96CE7B 
 5730      1FD1B0E2 
 5730      00E312
 5731 003b 66068679 		.ascii	"f\006\206y\314\0140\300\006\3431\002\361\372K\254\007"
 5731      CC0C30C0 
 5731      06E33102 
 5731      F1FA4BAC 
 5731      07
 5732 004c 1AFEFCEF 		.ascii	"\032\376\374\357oh8\372\234\361\017\023\023\003C?3\310"
 5732      6F6838FA 
 5732      9CF10F13 
 5732      1303433F 
 5732      33C8
 5733 005e 5C309007 		.ascii	"\\0\220\007\252\230\300\314\204\34022|blR\000\233\322"
 5733      AA98C0CC 
 5733      84E03232 
 5733      7C626C52 
 5733      009BD2
 5734 0071 CFCC88AC 		.ascii	"\317\314\210\254\214\201\301\314\331*\3069#3)3\270\244"
 5734      8C81C1CC 
 5734      D92AC639 
 5734      23332933 
 5734      B8A4
 5735 0083 3425333F 		.ascii	"4%3?\246<\277(\273\270 195\276\2648\265(&(D78\304\327"
 5735      A63CBF28 
 5735      BBB82031 
 5735      3935BEB4 
 5735      38B52826 
 5736 009d D8C8DDC4 		.ascii	"\330\310\335\304\334$\310U\327/\324\331\307\325\337"
 5736      DC24C855 
 5736      D72FD4D9 
 5736      C7D5DF
 5737 00ac CC84C15D 		.ascii	"\314\204\301]OO\037\210\222A:\363\213\215\014\015\015"
 5737      4F4F1F88 
 5737      92413AF3 
 5737      8B8D0C0D 
 5737      0D
 5738 00bd F5F38BF5 		.ascii	"\365\363\213\3653\022s\364\013\362\213J\212\365\301"
 5738      331273F4 
 5738      0BF28B4A 
 5738      8AF5C1
 5739 00cc 9AF47D7C 		.ascii	"\232\364}|\\\364]#B<\313\014\365\213Kr\215\215\342S"
ARM GAS  C:\Users\angio\AppData\Local\Temp\ccrvFn2X.s 			page 167


 5739      5CF45D23 
 5739      423CCB0C 
 5739      F58B4B72 
 5739      8D8DE253 
 5740 00e0 2B4A320D 		.ascii	"+J2\015\315tM\014\342M\014\3652\363\222\031\000\210"
 5740      CD744D0C 
 5740      E24D0CF5 
 5740      32F39219 
 5740      0088
 5741 00f2 106212   		.ascii	"\020b\022"
 5742              		.text
 5743              		.section	.gnu.lto_exti16_exti40_exti41_irq_deinit.424.1f2b6e7c,"e",%progbits
 5744 0000 789C2B61 		.ascii	"x\234+a``h\000bE f`f`\2344\261\213\211\341\377\377\377"
 5744      60606800 
 5744      62452066 
 5744      6066609C 
 5744      34B18B89 
 5745 0018 F52C4C8C 		.ascii	"\365,L\214\215*\214[\031\301lF\206z&\306z\306\311\314"
 5745      8D2A8C5B 
 5745      19C16C46 
 5745      867A26C6 
 5745      7AC6C9CC 
 5746 002c 9A0D0D0D 		.ascii	"\232\015\015\015?\226\316\373\027\321\260\342\000\343"
 5746      3F96CEFB 
 5746      17D1B0E2 
 5746      00E3
 5747 003a 12660686 		.ascii	"\022f\006\206y\314\0140\300\006\3431\002\361\372K\254"
 5747      79CC0C30 
 5747      C006E331 
 5747      02F1FA4B 
 5747      AC
 5748 004b 071AFEFC 		.ascii	"\007\032\376\374\357oh\270\372\234\261[\231\211\201"
 5748      EF6F68B8 
 5748      FA9CB15B 
 5748      998981
 5749 005a A19F1964 		.ascii	"\241\237\031d.\030\310\003UL`fBp\031\031>16)\200M\351"
 5749      2E18C803 
 5749      554C6066 
 5749      42701919 
 5749      3E313629 
 5750 0071 67664456 		.ascii	"gfDV\306\300`\346l\025\343\234\221\231\224\031\\R\232"
 5750      C6C060E6 
 5750      6C15E39C 
 5750      91999419 
 5750      5C529A
 5751 0084 92991F53 		.ascii	"\222\231\037S\236_\224]\\\220\230\234\032_Z\234Z\024"
 5751      9E5F945D 
 5751      5C90989C 
 5751      1A5F5A9C 
 5751      5A14
 5752 0096 1314A21B 		.ascii	"\023\024\242\033\034\342kl\344nbn\022\344\252\353\027"
 5752      1CE26B6C 
 5752      E46E626E 
 5752      12E4AAEB 
 5752      17
 5753 00a7 EAECE3EA 		.ascii	"\352\354\343\352of\302\340\256\247\247\017D\311 \235"
 5753      6F66C2E0 
ARM GAS  C:\Users\angio\AppData\Local\Temp\ccrvFn2X.s 			page 168


 5753      AEA7A70F 
 5753      44C9209D 
 5754 00b7 F9C54686 		.ascii	"\371\305F\206\206\206\372\371\305\372\031\2119\372\005"
 5754      8686FAF9 
 5754      C5FA1989 
 5754      39FA05
 5755 00c6 F94525C5 		.ascii	"\371E%\305\372`M\372>>.\372\256\021!\236e\206\372\305"
 5755      FA604DFA 
 5755      3E3E2EFA 
 5755      AE11219E 
 5755      6586FAC5 
 5756 00da 25B9C646 		.ascii	"%\271\306F\361\251\025%\231\206f\272&\006\361&\206z"
 5756      F1A91525 
 5756      998666BA 
 5756      2606F126 
 5756      867A
 5757 00ec 9979C90C 		.ascii	"\231y\311\014\000f\344a\341"
 5757      0066E461 
 5757      E1
 5758              		.text
 5759              		.section	.gnu.lto_exti17_irq_init.425.1f2b6e7c,"e",%progbits
 5760 0000 789C2B61 		.ascii	"x\234+a``\250\002bE f`f`\2344\261\213\211\341\377\377"
 5760      6060A802 
 5760      62452066 
 5760      6066609C 
 5760      34B18B89 
 5761 0017 FFF52C4C 		.ascii	"\377\365,L\214\215*\214[\031\301lF\206z&\306z\306\311"
 5761      8C8D2A8C 
 5761      5B19C16C 
 5761      46867A26 
 5761      C67AC6C9 
 5762 002b CC9A0D0D 		.ascii	"\314\232\015\015\015?\226\316{\037\321\260\342\000\343"
 5762      0D3F96CE 
 5762      7B1FD1B0 
 5762      E200E3
 5763 003a 12660686 		.ascii	"\022f\006\206y\314\0140\300\006\3431\002\361\372K\254"
 5763      79CC0C30 
 5763      C006E331 
 5763      02F1FA4B 
 5763      AC
 5764 004b 071AFEFC 		.ascii	"\007\032\376\374\357oh\270\372\224\3617\023\023\003"
 5764      EF6F68B8 
 5764      FA94F137 
 5764      131303
 5765 005a 433F33C8 		.ascii	"C?3\310\\0\220\007\252\230\300\314\204\34022|blR\000"
 5765      5C309007 
 5765      AA98C0CC 
 5765      84E03232 
 5765      7C626C52 
 5766 006f 9BD2CFCC 		.ascii	"\233\322\317\314\210\254\214\201\301\314\331*\3069#"
 5766      88AC8C81 
 5766      C1CCD92A 
 5766      C63923
 5767 007e 332933B8 		.ascii	"3)3\270\2444%3?\246<\277(\273\270 195\276\2648\265("
 5767      A4342533 
 5767      3FA63CBF 
 5767      28BBB820 
ARM GAS  C:\Users\angio\AppData\Local\Temp\ccrvFn2X.s 			page 169


 5767      313935BE 
 5768 0096 26284437 		.ascii	"&(D78\304\327\330\310\335\304\334$\310U\327/\324\331"
 5768      38C4D7D8 
 5768      C8DDC4DC 
 5768      24C855D7 
 5768      2FD4D9
 5769 00a9 C7D5DFCC 		.ascii	"\307\325\337\314\204\301QOO\037\210\222A:\363\213\215"
 5769      84C1514F 
 5769      4F1F8892 
 5769      413AF38B 
 5769      8D
 5770 00ba 0C0D0DF5 		.ascii	"\014\015\015\365\363\213\3653\022s\364\013\362\213J"
 5770      F38BF533 
 5770      1273F40B 
 5770      F28B4A
 5771 00c9 8AF5C19A 		.ascii	"\212\365\301\232\364}|\\\364]#B<\313\014\365\213Kr\215"
 5771      F47D7C5C 
 5771      F45D2342 
 5771      3CCB0CF5 
 5771      8B4B728D 
 5772 00dd 8DE2532B 		.ascii	"\215\342S+J2\015\315\3652\363\222\031\000B\035`\277"
 5772      4A320DCD 
 5772      F532F392 
 5772      1900421D 
 5772      60BF
 5773              		.text
 5774              		.section	.gnu.lto_exti17_irq_deinit.426.1f2b6e7c,"e",%progbits
 5775 0000 789C2B61 		.ascii	"x\234+a``\250\002bE f`f`\2344\261\213\211\341\377\377"
 5775      6060A802 
 5775      62452066 
 5775      6066609C 
 5775      34B18B89 
 5776 0017 FFF52C4C 		.ascii	"\377\365,L\214\215*\214[\031\301lF\206z&\306z\306\311"
 5776      8C8D2A8C 
 5776      5B19C16C 
 5776      46867A26 
 5776      C67AC6C9 
 5777 002b CC9A0D0D 		.ascii	"\314\232\015\015\015?\226\316\373\033\321\260\342\000"
 5777      0D3F96CE 
 5777      FB1BD1B0 
 5777      E200
 5778 0039 E3126606 		.ascii	"\343\022f\006\206y\314\0140\300\006\3431\002\361\372"
 5778      8679CC0C 
 5778      30C006E3 
 5778      3102F1FA 
 5779 0049 4BAC071A 		.ascii	"K\254\007\032\376\374\357ohx\372\224\261S\231\211\201"
 5779      FEFCEF6F 
 5779      6878FA94 
 5779      B1539989 
 5779      81
 5780 005a A19F1964 		.ascii	"\241\237\031d.\030\310\003UL`fBp\031\031>16)\200M\351"
 5780      2E18C803 
 5780      554C6066 
 5780      42701919 
 5780      3E313629 
 5781 0071 67664456 		.ascii	"gfDV\306\300`\346l\025\343\234\221\231\224\031\\R\232"
 5781      C6C060E6 
ARM GAS  C:\Users\angio\AppData\Local\Temp\ccrvFn2X.s 			page 170


 5781      6C15E39C 
 5781      91999419 
 5781      5C529A
 5782 0084 92991F53 		.ascii	"\222\231\037S\236_\224]\\\220\230\234\032_Z\234Z\024"
 5782      9E5F945D 
 5782      5C90989C 
 5782      1A5F5A9C 
 5782      5A14
 5783 0096 1314A21B 		.ascii	"\023\024\242\033\034\342kl\344nbn\022\344\252\353\027"
 5783      1CE26B6C 
 5783      E46E626E 
 5783      12E4AAEB 
 5783      17
 5784 00a7 EAECE3EA 		.ascii	"\352\354\343\352of\302\340\250\247\247\017D\311 \235"
 5784      6F66C2E0 
 5784      A8A7A70F 
 5784      44C9209D 
 5785 00b7 F9C54686 		.ascii	"\371\305F\206\206\206\372\371\305\372\031\2119\372\005"
 5785      8686FAF9 
 5785      C5FA1989 
 5785      39FA05
 5786 00c6 F94525C5 		.ascii	"\371E%\305\372`M\372>>.\372\256\021!\236e\206\372\305"
 5786      FA604DFA 
 5786      3E3E2EFA 
 5786      AE11219E 
 5786      6586FAC5 
 5787 00da 25B9C646 		.ascii	"%\271\306F\361\251\025%\231\206\346z\231y\311\014\000"
 5787      F1A91525 
 5787      9986E67A 
 5787      9979C90C 
 5787      00
 5788 00eb 207C608C 		.ascii	" |`\214"
 5789              		.text
 5790              		.section	.gnu.lto_exti18_irq_init.427.1f2b6e7c,"e",%progbits
 5791 0000 789C2B61 		.ascii	"x\234+a``\250\002bE f`f`\2344\261\213\211\341\377\377"
 5791      6060A802 
 5791      62452066 
 5791      6066609C 
 5791      34B18B89 
 5792 0017 FFF52C4C 		.ascii	"\377\365,L\214\215*\214[\031\301lF\206z&\306z\306\311"
 5792      8C8D2A8C 
 5792      5B19C16C 
 5792      46867A26 
 5792      C67AC6C9 
 5793 002b CC9A0D0D 		.ascii	"\314\232\015\015\015?\226\316{\037\321\260\342\000\343"
 5793      0D3F96CE 
 5793      7B1FD1B0 
 5793      E200E3
 5794 003a 12660686 		.ascii	"\022f\006\206y\314\0140\300\006\3431\002\361\372K\254"
 5794      79CC0C30 
 5794      C006E331 
 5794      02F1FA4B 
 5794      AC
 5795 004b 071AFEFC 		.ascii	"\007\032\376\374\357oh\270\372\224\3617\023\023\003"
 5795      EF6F68B8 
 5795      FA94F137 
 5795      131303
ARM GAS  C:\Users\angio\AppData\Local\Temp\ccrvFn2X.s 			page 171


 5796 005a 433F33C8 		.ascii	"C?3\310\\0\220\007\252\230\300\314\204\34022|blR\000"
 5796      5C309007 
 5796      AA98C0CC 
 5796      84E03232 
 5796      7C626C52 
 5797 006f 9BD2CFCC 		.ascii	"\233\322\317\314\210\254\214\201\301\314\331*\3069#"
 5797      88AC8C81 
 5797      C1CCD92A 
 5797      C63923
 5798 007e 332933B8 		.ascii	"3)3\270\2444%3?\246<\277(\273\270 195\276\2648\265("
 5798      A4342533 
 5798      3FA63CBF 
 5798      28BBB820 
 5798      313935BE 
 5799 0096 26284437 		.ascii	"&(D78\304\327\330\310\335\304\334$\310U\327/\324\331"
 5799      38C4D7D8 
 5799      C8DDC4DC 
 5799      24C855D7 
 5799      2FD4D9
 5800 00a9 C7D5DFCC 		.ascii	"\307\325\337\314\204\301QOO\037\210\222A:\363\213\215"
 5800      84C1514F 
 5800      4F1F8892 
 5800      413AF38B 
 5800      8D
 5801 00ba 0C0D0DF5 		.ascii	"\014\015\015\365\363\213\3653\022s\364\013\362\213J"
 5801      F38BF533 
 5801      1273F40B 
 5801      F28B4A
 5802 00c9 8AF5C19A 		.ascii	"\212\365\301\232\364}|\\\364]#B<\313\014\365\213Kr\215"
 5802      F47D7C5C 
 5802      F45D2342 
 5802      3CCB0CF5 
 5802      8B4B728D 
 5803 00dd 8DE2532B 		.ascii	"\215\342S+J2\015-\3642\363\222\031\000B#`\300"
 5803      4A320D2D 
 5803      F432F392 
 5803      19004223 
 5803      60C0
 5804              		.text
 5805              		.section	.gnu.lto_exti18_irq_deinit.428.1f2b6e7c,"e",%progbits
 5806 0000 789C2B61 		.ascii	"x\234+a``\250\002bE f`f`\2344\261\213\211\341\377\377"
 5806      6060A802 
 5806      62452066 
 5806      6066609C 
 5806      34B18B89 
 5807 0017 FFF52C4C 		.ascii	"\377\365,L\214\215*\214[\031\301lF\206z&\306z\306\311"
 5807      8C8D2A8C 
 5807      5B19C16C 
 5807      46867A26 
 5807      C67AC6C9 
 5808 002b CC9A0D0D 		.ascii	"\314\232\015\015\015?\226\316\373\033\321\260\342\000"
 5808      0D3F96CE 
 5808      FB1BD1B0 
 5808      E200
 5809 0039 E3126606 		.ascii	"\343\022f\006\206y\314\0140\300\006\3431\002\361\372"
 5809      8679CC0C 
 5809      30C006E3 
ARM GAS  C:\Users\angio\AppData\Local\Temp\ccrvFn2X.s 			page 172


 5809      3102F1FA 
 5810 0049 4BAC071A 		.ascii	"K\254\007\032\376\374\357ohx\372\224\261S\231\211\201"
 5810      FEFCEF6F 
 5810      6878FA94 
 5810      B1539989 
 5810      81
 5811 005a A19F1964 		.ascii	"\241\237\031d.\030\310\003UL`fBp\031\031>16)\200M\351"
 5811      2E18C803 
 5811      554C6066 
 5811      42701919 
 5811      3E313629 
 5812 0071 67664456 		.ascii	"gfDV\306\300`\346l\025\343\234\221\231\224\031\\R\232"
 5812      C6C060E6 
 5812      6C15E39C 
 5812      91999419 
 5812      5C529A
 5813 0084 92991F53 		.ascii	"\222\231\037S\236_\224]\\\220\230\234\032_Z\234Z\024"
 5813      9E5F945D 
 5813      5C90989C 
 5813      1A5F5A9C 
 5813      5A14
 5814 0096 1314A21B 		.ascii	"\023\024\242\033\034\342kl\344nbn\022\344\252\353\027"
 5814      1CE26B6C 
 5814      E46E626E 
 5814      12E4AAEB 
 5814      17
 5815 00a7 EAECE3EA 		.ascii	"\352\354\343\352of\302\340\250\247\247\017D\311 \235"
 5815      6F66C2E0 
 5815      A8A7A70F 
 5815      44C9209D 
 5816 00b7 F9C54686 		.ascii	"\371\305F\206\206\206\372\371\305\372\031\2119\372\005"
 5816      8686FAF9 
 5816      C5FA1989 
 5816      39FA05
 5817 00c6 F94525C5 		.ascii	"\371E%\305\372`M\372>>.\372\256\021!\236e\206\372\305"
 5817      FA604DFA 
 5817      3E3E2EFA 
 5817      AE11219E 
 5817      6586FAC5 
 5818 00da 25B9C646 		.ascii	"%\271\306F\361\251\025%\231\206\026z\231y\311\014\000"
 5818      F1A91525 
 5818      9986167A 
 5818      9979C90C 
 5818      00
 5819 00eb 2082608D 		.ascii	" \202`\215"
 5820              		.text
 5821              		.section	.gnu.lto_exti19_irq_init.429.1f2b6e7c,"e",%progbits
 5822 0000 789C2B61 		.ascii	"x\234+a``\250\002bE f`f`\2344\261\213\211\341\377\377"
 5822      6060A802 
 5822      62452066 
 5822      6066609C 
 5822      34B18B89 
 5823 0017 FFF52C4C 		.ascii	"\377\365,L\214\215*\214[\031\301lF\206z&\306z\306\311"
 5823      8C8D2A8C 
 5823      5B19C16C 
 5823      46867A26 
 5823      C67AC6C9 
ARM GAS  C:\Users\angio\AppData\Local\Temp\ccrvFn2X.s 			page 173


 5824 002b CC9A0D0D 		.ascii	"\314\232\015\015\015?\226\316{\037\321\260\342\000\343"
 5824      0D3F96CE 
 5824      7B1FD1B0 
 5824      E200E3
 5825 003a 12660686 		.ascii	"\022f\006\206y\314\0140\300\006\3431\002\361\372K\254"
 5825      79CC0C30 
 5825      C006E331 
 5825      02F1FA4B 
 5825      AC
 5826 004b 071AFEFC 		.ascii	"\007\032\376\374\357oh\270\372\224\3617\023\023\003"
 5826      EF6F68B8 
 5826      FA94F137 
 5826      131303
 5827 005a 433F33C8 		.ascii	"C?3\310\\0\220\007\252\230\300\314\204\34022|blR\000"
 5827      5C309007 
 5827      AA98C0CC 
 5827      84E03232 
 5827      7C626C52 
 5828 006f 9BD2CFCC 		.ascii	"\233\322\317\314\210\254\214\201\301\314\331*\3069#"
 5828      88AC8C81 
 5828      C1CCD92A 
 5828      C63923
 5829 007e 332933B8 		.ascii	"3)3\270\2444%3?\246<\277(\273\270 195\276\2648\265("
 5829      A4342533 
 5829      3FA63CBF 
 5829      28BBB820 
 5829      313935BE 
 5830 0096 26284437 		.ascii	"&(D78\304\327\330\310\335\304\334$\310U\327/\324\331"
 5830      38C4D7D8 
 5830      C8DDC4DC 
 5830      24C855D7 
 5830      2FD4D9
 5831 00a9 C7D5DFCC 		.ascii	"\307\325\337\314\204\301QOO\037\210\222A:\363\213\215"
 5831      84C1514F 
 5831      4F1F8892 
 5831      413AF38B 
 5831      8D
 5832 00ba 0C0D0DF5 		.ascii	"\014\015\015\365\363\213\3653\022s\364\013\362\213J"
 5832      F38BF533 
 5832      1273F40B 
 5832      F28B4A
 5833 00c9 8AF5C19A 		.ascii	"\212\365\301\232\364}|\\\364]#B<\313\014\365\213Kr\215"
 5833      F47D7C5C 
 5833      F45D2342 
 5833      3CCB0CF5 
 5833      8B4B728D 
 5834 00dd 8DE2532B 		.ascii	"\215\342S+J2\015-\3652\363\222\031\000B)`\301"
 5834      4A320D2D 
 5834      F532F392 
 5834      19004229 
 5834      60C1
 5835              		.text
 5836              		.section	.gnu.lto_exti19_irq_deinit.430.1f2b6e7c,"e",%progbits
 5837 0000 789C2B61 		.ascii	"x\234+a``\250\002bE f`f`\2344\261\213\211\341\377\377"
 5837      6060A802 
 5837      62452066 
 5837      6066609C 
ARM GAS  C:\Users\angio\AppData\Local\Temp\ccrvFn2X.s 			page 174


 5837      34B18B89 
 5838 0017 FFF52C4C 		.ascii	"\377\365,L\214\215*\214[\031\301lF\206z&\306z\306\311"
 5838      8C8D2A8C 
 5838      5B19C16C 
 5838      46867A26 
 5838      C67AC6C9 
 5839 002b CC9A0D0D 		.ascii	"\314\232\015\015\015?\226\316\373\033\321\260\342\000"
 5839      0D3F96CE 
 5839      FB1BD1B0 
 5839      E200
 5840 0039 E3126606 		.ascii	"\343\022f\006\206y\314\0140\300\006\3431\002\361\372"
 5840      8679CC0C 
 5840      30C006E3 
 5840      3102F1FA 
 5841 0049 4BAC071A 		.ascii	"K\254\007\032\376\374\357ohx\372\224\261S\231\211\201"
 5841      FEFCEF6F 
 5841      6878FA94 
 5841      B1539989 
 5841      81
 5842 005a A19F1964 		.ascii	"\241\237\031d.\030\310\003UL`fBp\031\031>16)\200M\351"
 5842      2E18C803 
 5842      554C6066 
 5842      42701919 
 5842      3E313629 
 5843 0071 67664456 		.ascii	"gfDV\306\300`\346l\025\343\234\221\231\224\031\\R\232"
 5843      C6C060E6 
 5843      6C15E39C 
 5843      91999419 
 5843      5C529A
 5844 0084 92991F53 		.ascii	"\222\231\037S\236_\224]\\\220\230\234\032_Z\234Z\024"
 5844      9E5F945D 
 5844      5C90989C 
 5844      1A5F5A9C 
 5844      5A14
 5845 0096 1314A21B 		.ascii	"\023\024\242\033\034\342kl\344nbn\022\344\252\353\027"
 5845      1CE26B6C 
 5845      E46E626E 
 5845      12E4AAEB 
 5845      17
 5846 00a7 EAECE3EA 		.ascii	"\352\354\343\352of\302\340\250\247\247\017D\311 \235"
 5846      6F66C2E0 
 5846      A8A7A70F 
 5846      44C9209D 
 5847 00b7 F9C54686 		.ascii	"\371\305F\206\206\206\372\371\305\372\031\2119\372\005"
 5847      8686FAF9 
 5847      C5FA1989 
 5847      39FA05
 5848 00c6 F94525C5 		.ascii	"\371E%\305\372`M\372>>.\372\256\021!\236e\206\372\305"
 5848      FA604DFA 
 5848      3E3E2EFA 
 5848      AE11219E 
 5848      6586FAC5 
 5849 00da 25B9C646 		.ascii	"%\271\306F\361\251\025%\231\206\226z\231y\311\014\000"
 5849      F1A91525 
 5849      9986967A 
 5849      9979C90C 
 5849      00
ARM GAS  C:\Users\angio\AppData\Local\Temp\ccrvFn2X.s 			page 175


 5850 00eb 2088608E 		.ascii	" \210`\216"
 5851              		.text
 5852              		.section	.gnu.lto_exti21_exti22_exti29_irq_init.433.1f2b6e7c,"e",%progbits
 5853 0000 789C2B61 		.ascii	"x\234+a``h\000bE f`f`\2344\261\213\211\341\377\377\377"
 5853      60606800 
 5853      62452066 
 5853      6066609C 
 5853      34B18B89 
 5854 0018 F52C4C8C 		.ascii	"\365,L\214\215*\214[\031\301lF\206z&\306z\306\311\314"
 5854      8D2A8C5B 
 5854      19C16C46 
 5854      867A26C6 
 5854      7AC6C9CC 
 5855 002c 9A0D0D0D 		.ascii	"\232\015\015\015?\226\316{\037\321\260\342\000\343\022"
 5855      3F96CE7B 
 5855      1FD1B0E2 
 5855      00E312
 5856 003b 66068679 		.ascii	"f\006\206y\314\0140\300\006\3431\002\361\372K\254\007"
 5856      CC0C30C0 
 5856      06E33102 
 5856      F1FA4BAC 
 5856      07
 5857 004c 1AFEFCEF 		.ascii	"\032\376\374\357oh8\372\234\361\017\023\023\003C?3\310"
 5857      6F6838FA 
 5857      9CF10F13 
 5857      1303433F 
 5857      33C8
 5858 005e 5C309007 		.ascii	"\\0\220\007\252\230\300\314\204\34022|blR\000\233\322"
 5858      AA98C0CC 
 5858      84E03232 
 5858      7C626C52 
 5858      009BD2
 5859 0071 CFCC88AC 		.ascii	"\317\314\210\254\214\201\301\314\331*\3069#3)3\270\244"
 5859      8C81C1CC 
 5859      D92AC639 
 5859      23332933 
 5859      B8A4
 5860 0083 3425333F 		.ascii	"4%3?\246<\277(\273\270 195\276\2648\265(&(D78\304\327"
 5860      A63CBF28 
 5860      BBB82031 
 5860      3935BEB4 
 5860      38B52826 
 5861 009d D8C8DDC4 		.ascii	"\330\310\335\304\334$\310U\327/\324\331\307\325\337"
 5861      DC24C855 
 5861      D72FD4D9 
 5861      C7D5DF
 5862 00ac CC84C15D 		.ascii	"\314\204\301]OO\037\210\222A:\363\213\215\014\015\015"
 5862      4F4F1F88 
 5862      92413AF3 
 5862      8B8D0C0D 
 5862      0D
 5863 00bd F5F38BF5 		.ascii	"\365\363\213\3653\022s\364\013\362\213J\212\365\301"
 5863      331273F4 
 5863      0BF28B4A 
 5863      8AF5C1
 5864 00cc 9AF47D7C 		.ascii	"\232\364}|\\\364]#B<\313\014\365\213Kr\215\215\342S"
 5864      5CF45D23 
ARM GAS  C:\Users\angio\AppData\Local\Temp\ccrvFn2X.s 			page 176


 5864      423CCB0C 
 5864      F58B4B72 
 5864      8D8DE253 
 5865 00e0 2B4A328D 		.ascii	"+J2\215\014\343\215\214t\215,\3652\363\222\031\000\210"
 5865      0CE38D8C 
 5865      748D2CF5 
 5865      32F39219 
 5865      0088
 5866 00f2 976214   		.ascii	"\227b\024"
 5867              		.text
 5868              		.section	.gnu.lto_exti21_exti22_exti29_irq_deinit.434.1f2b6e7c,"e",%progbits
 5869 0000 789C2B61 		.ascii	"x\234+a``h\000bE f`f`\2344\261\213\211\341\377\377\377"
 5869      60606800 
 5869      62452066 
 5869      6066609C 
 5869      34B18B89 
 5870 0018 F52C4C8C 		.ascii	"\365,L\214\215*\214[\031\301lF\206z&\306z\306\311\314"
 5870      8D2A8C5B 
 5870      19C16C46 
 5870      867A26C6 
 5870      7AC6C9CC 
 5871 002c 9A0D0D0D 		.ascii	"\232\015\015\015?\226\316\373\027\321\260\342\000\343"
 5871      3F96CEFB 
 5871      17D1B0E2 
 5871      00E3
 5872 003a 12660686 		.ascii	"\022f\006\206y\314\0140\300\006\3431\002\361\372K\254"
 5872      79CC0C30 
 5872      C006E331 
 5872      02F1FA4B 
 5872      AC
 5873 004b 071AFEFC 		.ascii	"\007\032\376\374\357oh\270\372\234\261[\231\211\201"
 5873      EF6F68B8 
 5873      FA9CB15B 
 5873      998981
 5874 005a A19F1964 		.ascii	"\241\237\031d.\030\310\003UL`fBp\031\031>16)\200M\351"
 5874      2E18C803 
 5874      554C6066 
 5874      42701919 
 5874      3E313629 
 5875 0071 67664456 		.ascii	"gfDV\306\300`\346l\025\343\234\221\231\224\031\\R\232"
 5875      C6C060E6 
 5875      6C15E39C 
 5875      91999419 
 5875      5C529A
 5876 0084 92991F53 		.ascii	"\222\231\037S\236_\224]\\\220\230\234\032_Z\234Z\024"
 5876      9E5F945D 
 5876      5C90989C 
 5876      1A5F5A9C 
 5876      5A14
 5877 0096 1314A21B 		.ascii	"\023\024\242\033\034\342kl\344nbn\022\344\252\353\027"
 5877      1CE26B6C 
 5877      E46E626E 
 5877      12E4AAEB 
 5877      17
 5878 00a7 EAECE3EA 		.ascii	"\352\354\343\352of\302\340\256\247\247\017D\311 \235"
 5878      6F66C2E0 
 5878      AEA7A70F 
ARM GAS  C:\Users\angio\AppData\Local\Temp\ccrvFn2X.s 			page 177


 5878      44C9209D 
 5879 00b7 F9C54686 		.ascii	"\371\305F\206\206\206\372\371\305\372\031\2119\372\005"
 5879      8686FAF9 
 5879      C5FA1989 
 5879      39FA05
 5880 00c6 F94525C5 		.ascii	"\371E%\305\372`M\372>>.\372\256\021!\236e\206\372\305"
 5880      FA604DFA 
 5880      3E3E2EFA 
 5880      AE11219E 
 5880      6586FAC5 
 5881 00da 25B9C646 		.ascii	"%\271\306F\361\251\025%\231F\206\361FF\272F\226z\231"
 5881      F1A91525 
 5881      994686F1 
 5881      4646BA46 
 5881      967A99
 5882 00ed 79C90C00 		.ascii	"y\311\014\000gka\343"
 5882      676B61E3 
 5883              		.text
 5884              		.section	.gnu.lto_exti30_32_irq_init.435.1f2b6e7c,"e",%progbits
 5885 0000 789C2B61 		.ascii	"x\234+a``\250\005bE f`f`\2344\261\213\211\341\377\377"
 5885      6060A805 
 5885      62452066 
 5885      6066609C 
 5885      34B18B89 
 5886 0017 FFF52C4C 		.ascii	"\377\365,L\214\215*\214[\031\301lF\206z&\306z\306\311"
 5886      8C8D2A8C 
 5886      5B19C16C 
 5886      46867A26 
 5886      C67AC6C9 
 5887 002b CC9A0D0D 		.ascii	"\314\232\015\015\015?\226\316{\037\321\260\342\000\343"
 5887      0D3F96CE 
 5887      7B1FD1B0 
 5887      E200E3
 5888 003a 12660686 		.ascii	"\022f\006\206y\314\0140\300\006\3431\002\361\372K\254"
 5888      79CC0C30 
 5888      C006E331 
 5888      02F1FA4B 
 5888      AC
 5889 004b 071AFEFC 		.ascii	"\007\032\376\374\357ohx\373\224\361\017\023\023\003"
 5889      EF6F6878 
 5889      FB94F10F 
 5889      131303
 5890 005a 433F33C8 		.ascii	"C?3\310\\0\220\007\252\230\300\314\204\34022|blR\000"
 5890      5C309007 
 5890      AA98C0CC 
 5890      84E03232 
 5890      7C626C52 
 5891 006f 9BD2CFCC 		.ascii	"\233\322\317\314\210\254\214\201\301\314\331*\3069#"
 5891      88AC8C81 
 5891      C1CCD92A 
 5891      C63923
 5892 007e 332933B8 		.ascii	"3)3\270\2444%3?\246<\277(\273\270 195\276\2648\265("
 5892      A4342533 
 5892      3FA63CBF 
 5892      28BBB820 
 5892      313935BE 
 5893 0096 26284437 		.ascii	"&(D78\304\327\330\310\335\304\334$\310U\327/\324\331"
ARM GAS  C:\Users\angio\AppData\Local\Temp\ccrvFn2X.s 			page 178


 5893      38C4D7D8 
 5893      C8DDC4DC 
 5893      24C855D7 
 5893      2FD4D9
 5894 00a9 C7D5DFCC 		.ascii	"\307\325\337\314\204\301EOO\037\210\222A:\363\213\215"
 5894      84C1454F 
 5894      4F1F8892 
 5894      413AF38B 
 5894      8D
 5895 00ba 0C0D0DF5 		.ascii	"\014\015\015\365\363\213\3653\022s\364\013\362\213J"
 5895      F38BF533 
 5895      1273F40B 
 5895      F28B4A
 5896 00c9 8AF5C19A 		.ascii	"\212\365\301\232\364}|\\\364]#B<\313\014\365\213Kr\215"
 5896      F47D7C5C 
 5896      F45D2342 
 5896      3CCB0CF5 
 5896      8B4B728D 
 5897 00dd 8DE2532B 		.ascii	"\215\342S+J2\215\015\342\215\215\3642\363\222\031\000"
 5897      4A328D0D 
 5897      E28D8DF4 
 5897      32F39219 
 5897      00
 5898 00ee 7C05619D 		.ascii	"|\005a\235"
 5899              		.text
 5900              		.section	.gnu.lto_exti30_32_irq_deinit.436.1f2b6e7c,"e",%progbits
 5901 0000 789C2B61 		.ascii	"x\234+a``\250\005bE f`f`\2344\261\213\211\341\377\377"
 5901      6060A805 
 5901      62452066 
 5901      6066609C 
 5901      34B18B89 
 5902 0017 FFF52C4C 		.ascii	"\377\365,L\214\215*\214[\031\301lF\206z&\306z\306\311"
 5902      8C8D2A8C 
 5902      5B19C16C 
 5902      46867A26 
 5902      C67AC6C9 
 5903 002b CC9A0D0D 		.ascii	"\314\232\015\015\015?\226\316\373\027\321\260\342\000"
 5903      0D3F96CE 
 5903      FB17D1B0 
 5903      E200
 5904 0039 E3126606 		.ascii	"\343\022f\006\206y\314\0140\300\006\3431\002\361\372"
 5904      8679CC0C 
 5904      30C006E3 
 5904      3102F1FA 
 5905 0049 4BAC071A 		.ascii	"K\254\007\032\376\374\357oh\370\373\224\261[\231\211"
 5905      FEFCEF6F 
 5905      68F8FB94 
 5905      B15B9989 
 5906 0059 81A19F19 		.ascii	"\201\241\237\031d.\030\310\003UL`fBp\031\031>16)\200"
 5906      642E18C8 
 5906      03554C60 
 5906      66427019 
 5906      193E3136 
 5907 006f 4DE96766 		.ascii	"M\351gfDV\306\300`\346l\025\343\234\221\231\224\031"
 5907      4456C6C0 
 5907      60E66C15 
 5907      E39C9199 
ARM GAS  C:\Users\angio\AppData\Local\Temp\ccrvFn2X.s 			page 179


 5907      9419
 5908 0081 5C529A92 		.ascii	"\\R\232\222\231\037S\236_\224]\\\220\230\234\032_Z\234"
 5908      991F539E 
 5908      5F945D5C 
 5908      90989C1A 
 5908      5F5A9C
 5909 0094 5A141314 		.ascii	"Z\024\023\024\242\033\034\342kl\344nbn\022\344\252\353"
 5909      A21B1CE2 
 5909      6B6CE46E 
 5909      626E12E4 
 5909      AAEB
 5910 00a6 17EAECE3 		.ascii	"\027\352\354\343\352of\302\340\242\247\247\017D\311"
 5910      EA6F66C2 
 5910      E0A2A7A7 
 5910      0F44C9
 5911 00b5 209DF9C5 		.ascii	" \235\371\305F\206\206\206\372\371\305\372\031\2119"
 5911      46868686 
 5911      FAF9C5FA 
 5911      198939
 5912 00c4 FA05F945 		.ascii	"\372\005\371E%\305\372`M\372>>.\372\256\021!\236e\206"
 5912      25C5FA60 
 5912      4DFA3E3E 
 5912      2EFAAE11 
 5912      219E6586 
 5913 00d8 FAC525B9 		.ascii	"\372\305%\271\306F\361\251\025%\231\306\006\361\306"
 5913      C646F1A9 
 5913      152599C6 
 5913      06F1C6
 5914 00e7 467A9979 		.ascii	"Fz\231y\311\014\000[lal"
 5914      C90C005B 
 5914      6C616C
 5915              		.text
 5916              		.section	.gnu.lto_exti33_irq_init.437.1f2b6e7c,"e",%progbits
 5917 0000 789C2B61 		.ascii	"x\234+a``\250\002bE f`f`\2344\261\213\211\341\377\377"
 5917      6060A802 
 5917      62452066 
 5917      6066609C 
 5917      34B18B89 
 5918 0017 FFF52C4C 		.ascii	"\377\365,L\214\215*\214[\031\301lF\206z&\306z\306\311"
 5918      8C8D2A8C 
 5918      5B19C16C 
 5918      46867A26 
 5918      C67AC6C9 
 5919 002b CC9A0D0D 		.ascii	"\314\232\015\015\015?\226\316{\037\321\260\342\000\343"
 5919      0D3F96CE 
 5919      7B1FD1B0 
 5919      E200E3
 5920 003a 12660686 		.ascii	"\022f\006\206y\314\0140\300\006\3431\002\361\372K\254"
 5920      79CC0C30 
 5920      C006E331 
 5920      02F1FA4B 
 5920      AC
 5921 004b 071AFEFC 		.ascii	"\007\032\376\374\357oh\270\372\224\3617\023\023\003"
 5921      EF6F68B8 
 5921      FA94F137 
 5921      131303
 5922 005a 433F33C8 		.ascii	"C?3\310\\0\220\007\252\230\300\314\204\34022|blR\000"
ARM GAS  C:\Users\angio\AppData\Local\Temp\ccrvFn2X.s 			page 180


 5922      5C309007 
 5922      AA98C0CC 
 5922      84E03232 
 5922      7C626C52 
 5923 006f 9BD2CFCC 		.ascii	"\233\322\317\314\210\254\214\201\301\314\331*\3069#"
 5923      88AC8C81 
 5923      C1CCD92A 
 5923      C63923
 5924 007e 332933B8 		.ascii	"3)3\270\2444%3?\246<\277(\273\270 195\276\2648\265("
 5924      A4342533 
 5924      3FA63CBF 
 5924      28BBB820 
 5924      313935BE 
 5925 0096 26284437 		.ascii	"&(D78\304\327\330\310\335\304\334$\310U\327/\324\331"
 5925      38C4D7D8 
 5925      C8DDC4DC 
 5925      24C855D7 
 5925      2FD4D9
 5926 00a9 C7D5DFCC 		.ascii	"\307\325\337\314\204\301QOO\037\210\222A:\363\213\215"
 5926      84C1514F 
 5926      4F1F8892 
 5926      413AF38B 
 5926      8D
 5927 00ba 0C0D0DF5 		.ascii	"\014\015\015\365\363\213\3653\022s\364\013\362\213J"
 5927      F38BF533 
 5927      1273F40B 
 5927      F28B4A
 5928 00c9 8AF5C19A 		.ascii	"\212\365\301\232\364}|\\\364]#B<\313\014\365\213Kr\215"
 5928      F47D7C5C 
 5928      F45D2342 
 5928      3CCB0CF5 
 5928      8B4B728D 
 5929 00dd 8DE2532B 		.ascii	"\215\342S+J2\215\215\3652\363\222\031\000B\023`\275"
 5929      4A328D8D 
 5929      F532F392 
 5929      19004213 
 5929      60BD
 5930              		.text
 5931              		.section	.gnu.lto_exti33_irq_deinit.438.1f2b6e7c,"e",%progbits
 5932 0000 789C2B61 		.ascii	"x\234+a``\250\002bE f`f`\2344\261\213\211\341\377\377"
 5932      6060A802 
 5932      62452066 
 5932      6066609C 
 5932      34B18B89 
 5933 0017 FFF52C4C 		.ascii	"\377\365,L\214\215*\214[\031\301lF\206z&\306z\306\311"
 5933      8C8D2A8C 
 5933      5B19C16C 
 5933      46867A26 
 5933      C67AC6C9 
 5934 002b CC9A0D0D 		.ascii	"\314\232\015\015\015?\226\316\373\033\321\260\342\000"
 5934      0D3F96CE 
 5934      FB1BD1B0 
 5934      E200
 5935 0039 E3126606 		.ascii	"\343\022f\006\206y\314\0140\300\006\3431\002\361\372"
 5935      8679CC0C 
 5935      30C006E3 
 5935      3102F1FA 
ARM GAS  C:\Users\angio\AppData\Local\Temp\ccrvFn2X.s 			page 181


 5936 0049 4BAC071A 		.ascii	"K\254\007\032\376\374\357ohx\372\224\261S\231\211\201"
 5936      FEFCEF6F 
 5936      6878FA94 
 5936      B1539989 
 5936      81
 5937 005a A19F1964 		.ascii	"\241\237\031d.\030\310\003UL`fBp\031\031>16)\200M\351"
 5937      2E18C803 
 5937      554C6066 
 5937      42701919 
 5937      3E313629 
 5938 0071 67664456 		.ascii	"gfDV\306\300`\346l\025\343\234\221\231\224\031\\R\232"
 5938      C6C060E6 
 5938      6C15E39C 
 5938      91999419 
 5938      5C529A
 5939 0084 92991F53 		.ascii	"\222\231\037S\236_\224]\\\220\230\234\032_Z\234Z\024"
 5939      9E5F945D 
 5939      5C90989C 
 5939      1A5F5A9C 
 5939      5A14
 5940 0096 1314A21B 		.ascii	"\023\024\242\033\034\342kl\344nbn\022\344\252\353\027"
 5940      1CE26B6C 
 5940      E46E626E 
 5940      12E4AAEB 
 5940      17
 5941 00a7 EAECE3EA 		.ascii	"\352\354\343\352of\302\340\250\247\247\017D\311 \235"
 5941      6F66C2E0 
 5941      A8A7A70F 
 5941      44C9209D 
 5942 00b7 F9C54686 		.ascii	"\371\305F\206\206\206\372\371\305\372\031\2119\372\005"
 5942      8686FAF9 
 5942      C5FA1989 
 5942      39FA05
 5943 00c6 F94525C5 		.ascii	"\371E%\305\372`M\372>>.\372\256\021!\236e\206\372\305"
 5943      FA604DFA 
 5943      3E3E2EFA 
 5943      AE11219E 
 5943      6586FAC5 
 5944 00da 25B9C646 		.ascii	"%\271\306F\361\251\025%\231\306\306z\231y\311\014\000"
 5944      F1A91525 
 5944      99C6C67A 
 5944      9979C90C 
 5944      00
 5945 00eb 2072608A 		.ascii	" r`\212"
 5946              		.text
 5947              		.section	.gnu.lto_fdcan1_irq_init.439.1f2b6e7c,"e",%progbits
 5948 0000 789C2B65 		.ascii	"x\234+e``\250\006bE f`f`\2344\261\213\211\341\377\377"
 5948      6060A806 
 5948      62452066 
 5948      6066609C 
 5948      34B18B89 
 5949 0017 FFF52C4C 		.ascii	"\377\365,L\214\215*\214[\031\301lF\206z&\306z\306\311"
 5949      8C8D2A8C 
 5949      5B19C16C 
 5949      46867A26 
 5949      C67AC6C9 
 5950 002b CC9A0D0D 		.ascii	"\314\232\015\015\015?\226\316\353k\346nXq\200q\0113"
ARM GAS  C:\Users\angio\AppData\Local\Temp\ccrvFn2X.s 			page 182


 5950      0D3F96CE 
 5950      EB6BE66E 
 5950      58718071 
 5950      0933
 5951 003d 03C33C66 		.ascii	"\003\303<f\006\030`\203\361\030\201x\375%\326\003\015"
 5951      06186083 
 5951      F1188178 
 5951      FD25D603 
 5951      0D
 5952 004e 7FFEF737 		.ascii	"\177\376\36774\\}\3128K\231\211\201\241\237\031d0\030"
 5952      345C7DCA 
 5952      384B9989 
 5952      81A19F19 
 5952      643018
 5953 0061 C803554C 		.ascii	"\310\003UL`fBp\031\031>16)\200M\351gfDV\306\300`\346"
 5953      60664270 
 5953      19193E31 
 5953      3629804D 
 5953      E9676644 
 5954 007a 6C15E39C 		.ascii	"l\025\343\234\221\231\224\031\\R\232\222\231\037S\236"
 5954      91999419 
 5954      5C529A92 
 5954      991F539E 
 5955 008a 5F945D5C 		.ascii	"_\224]\\\220\230\234\032_Z\234Z\024\023\024\242\033"
 5955      90989C1A 
 5955      5F5A9C5A 
 5955      141314A2 
 5955      1B
 5956 009b 1CE26B6C 		.ascii	"\034\342kl\344nbn\022\344\252\353\027\352\354\343\352"
 5956      E46E626E 
 5956      12E4AAEB 
 5956      17EAECE3 
 5956      EA
 5957 00ac 6F66C2E0 		.ascii	"of\302\340\244\247\247\017D\311 \235\371\305F\206\206"
 5957      A4A7A70F 
 5957      44C9209D 
 5957      F9C54686 
 5957      86
 5958 00bd 86FAF9C5 		.ascii	"\206\372\371\305\372\031\2119\372\005\371E%\305\372"
 5958      FA198939 
 5958      FA05F945 
 5958      25C5FA
 5959 00cc 604DFA3E 		.ascii	"`M\372>>.\372n.\316\216~e\206\372\305%\271\306F\361"
 5959      3E2EFA6E 
 5959      2ECE8E7E 
 5959      6586FAC5 
 5959      25B9C646 
 5960 00e1 6929C989 		.ascii	"i)\311\211y\206z\231y\311\014\000^-`\204"
 5960      79867A99 
 5960      79C90C00 
 5960      5E2D6084 
 5961              		.text
 5962              		.section	.gnu.lto_fdcan1_irq_deinit.440.1f2b6e7c,"e",%progbits
 5963 0000 789C2B65 		.ascii	"x\234+e``\250\006bE f`f`\2344\261\213\211\341\377\377"
 5963      6060A806 
 5963      62452066 
 5963      6066609C 
ARM GAS  C:\Users\angio\AppData\Local\Temp\ccrvFn2X.s 			page 183


 5963      34B18B89 
 5964 0017 FFF52C4C 		.ascii	"\377\365,L\214\215*\214[\031\301lF\206z&\306z\306\311"
 5964      8C8D2A8C 
 5964      5B19C16C 
 5964      46867A26 
 5964      C67AC6C9 
 5965 002b CC9A0D0D 		.ascii	"\314\232\015\015\015?\226\316\233\323\314\335\260\342"
 5965      0D3F96CE 
 5965      9BD3CCDD 
 5965      B0E2
 5966 0039 00E31266 		.ascii	"\000\343\022f\006\206y\314\0140\300\006\3431\002\361"
 5966      068679CC 
 5966      0C30C006 
 5966      E33102F1 
 5967 0049 FA4BAC07 		.ascii	"\372K\254\007\032\376\374\357ohx\372\224q\2052\023\003"
 5967      1AFEFCEF 
 5967      6F6878FA 
 5967      94718532 
 5967      1303
 5968 005b 433F33C8 		.ascii	"C?3\310`0\220\007\252\230\300\314\204\34022|blR\000"
 5968      60309007 
 5968      AA98C0CC 
 5968      84E03232 
 5968      7C626C52 
 5969 0070 9BD2CFCC 		.ascii	"\233\322\317\314\210\254\214\201\301\314\331*\3069#"
 5969      88AC8C81 
 5969      C1CCD92A 
 5969      C63923
 5970 007f 332933B8 		.ascii	"3)3\270\2444%3?\246<\277(\273\270 195\276\2648\265("
 5970      A4342533 
 5970      3FA63CBF 
 5970      28BBB820 
 5970      313935BE 
 5971 0097 26284437 		.ascii	"&(D78\304\327\330\310\335\304\334$\310U\327/\324\331"
 5971      38C4D7D8 
 5971      C8DDC4DC 
 5971      24C855D7 
 5971      2FD4D9
 5972 00aa C7D5DFCC 		.ascii	"\307\325\337\314\204\301IOO\037\210\222A:\363\213\215"
 5972      84C1494F 
 5972      4F1F8892 
 5972      413AF38B 
 5972      8D
 5973 00bb 0C0D0DF5 		.ascii	"\014\015\015\365\363\213\3653\022s\364\013\362\213J"
 5973      F38BF533 
 5973      1273F40B 
 5973      F28B4A
 5974 00ca 8AF5C19A 		.ascii	"\212\365\301\232\364}|\\\364\335\\\234\035\375\312\014"
 5974      F47D7C5C 
 5974      F4DD5C9C 
 5974      1DFDCA0C 
 5975 00da F58B4B72 		.ascii	"\365\213Kr\215\215\342\323R\222\023\363\014\3652\363"
 5975      8D8DE2D3 
 5975      529213F3 
 5975      0CF532F3 
 5976 00ea 92190080 		.ascii	"\222\031\000\200q`\260"
 5976      7160B0
ARM GAS  C:\Users\angio\AppData\Local\Temp\ccrvFn2X.s 			page 184


 5977              		.text
 5978              		.section	.gnu.lto_fdcan2_irq_init.441.1f2b6e7c,"e",%progbits
 5979 0000 789C2B65 		.ascii	"x\234+e``\250\006bE f`f`\2344\261\213\211\341\377\377"
 5979      6060A806 
 5979      62452066 
 5979      6066609C 
 5979      34B18B89 
 5980 0017 FFF52C4C 		.ascii	"\377\365,L\214\215*\214[\031\301lF\206z&\306z\306\311"
 5980      8C8D2A8C 
 5980      5B19C16C 
 5980      46867A26 
 5980      C67AC6C9 
 5981 002b CC9A0D0D 		.ascii	"\314\232\015\015\015?\226\316\353k\346nXq\200q\0113"
 5981      0D3F96CE 
 5981      EB6BE66E 
 5981      58718071 
 5981      0933
 5982 003d 03C33C66 		.ascii	"\003\303<f\006\030`\203\361\030\201x\375%\326\003\015"
 5982      06186083 
 5982      F1188178 
 5982      FD25D603 
 5982      0D
 5983 004e 7FFEF737 		.ascii	"\177\376\36774\\}\3128K\231\211\201\241\237\031d0\030"
 5983      345C7DCA 
 5983      384B9989 
 5983      81A19F19 
 5983      643018
 5984 0061 C803554C 		.ascii	"\310\003UL`fBp\031\031>16)\200M\351gfDV\306\300`\346"
 5984      60664270 
 5984      19193E31 
 5984      3629804D 
 5984      E9676644 
 5985 007a 6C15E39C 		.ascii	"l\025\343\234\221\231\224\031\\R\232\222\231\037S\236"
 5985      91999419 
 5985      5C529A92 
 5985      991F539E 
 5986 008a 5F945D5C 		.ascii	"_\224]\\\220\230\234\032_Z\234Z\024\023\024\242\033"
 5986      90989C1A 
 5986      5F5A9C5A 
 5986      141314A2 
 5986      1B
 5987 009b 1CE26B6C 		.ascii	"\034\342kl\344nbn\022\344\252\353\027\352\354\343\352"
 5987      E46E626E 
 5987      12E4AAEB 
 5987      17EAECE3 
 5987      EA
 5988 00ac 6F66C2E0 		.ascii	"of\302\340\244\247\247\017D\311 \235\371\305F\206\206"
 5988      A4A7A70F 
 5988      44C9209D 
 5988      F9C54686 
 5988      86
 5989 00bd 86FAF9C5 		.ascii	"\206\372\371\305\372\031\2119\372\005\371E%\305\372"
 5989      FA198939 
 5989      FA05F945 
 5989      25C5FA
 5990 00cc 604DFA3E 		.ascii	"`M\372>>.\372n.\316\216~e\206\372\305%\271\306F\361"
 5990      3E2EFA6E 
ARM GAS  C:\Users\angio\AppData\Local\Temp\ccrvFn2X.s 			page 185


 5990      2ECE8E7E 
 5990      6586FAC5 
 5990      25B9C646 
 5991 00e1 6929C989 		.ascii	"i)\311\211yFz\231y\311\014\000^3`\205"
 5991      79467A99 
 5991      79C90C00 
 5991      5E336085 
 5992              		.text
 5993              		.section	.gnu.lto_fdcan2_irq_deinit.442.1f2b6e7c,"e",%progbits
 5994 0000 789C2B65 		.ascii	"x\234+e``\250\006bE f`f`\2344\261\213\211\341\377\377"
 5994      6060A806 
 5994      62452066 
 5994      6066609C 
 5994      34B18B89 
 5995 0017 FFF52C4C 		.ascii	"\377\365,L\214\215*\214[\031\301lF\206z&\306z\306\311"
 5995      8C8D2A8C 
 5995      5B19C16C 
 5995      46867A26 
 5995      C67AC6C9 
 5996 002b CC9A0D0D 		.ascii	"\314\232\015\015\015?\226\316\233\323\314\335\260\342"
 5996      0D3F96CE 
 5996      9BD3CCDD 
 5996      B0E2
 5997 0039 00E31266 		.ascii	"\000\343\022f\006\206y\314\0140\300\006\3431\002\361"
 5997      068679CC 
 5997      0C30C006 
 5997      E33102F1 
 5998 0049 FA4BAC07 		.ascii	"\372K\254\007\032\376\374\357ohx\372\224q\2052\023\003"
 5998      1AFEFCEF 
 5998      6F6878FA 
 5998      94718532 
 5998      1303
 5999 005b 433F33C8 		.ascii	"C?3\310`0\220\007\252\230\300\314\204\34022|blR\000"
 5999      60309007 
 5999      AA98C0CC 
 5999      84E03232 
 5999      7C626C52 
 6000 0070 9BD2CFCC 		.ascii	"\233\322\317\314\210\254\214\201\301\314\331*\3069#"
 6000      88AC8C81 
 6000      C1CCD92A 
 6000      C63923
 6001 007f 332933B8 		.ascii	"3)3\270\2444%3?\246<\277(\273\270 195\276\2648\265("
 6001      A4342533 
 6001      3FA63CBF 
 6001      28BBB820 
 6001      313935BE 
 6002 0097 26284437 		.ascii	"&(D78\304\327\330\310\335\304\334$\310U\327/\324\331"
 6002      38C4D7D8 
 6002      C8DDC4DC 
 6002      24C855D7 
 6002      2FD4D9
 6003 00aa C7D5DFCC 		.ascii	"\307\325\337\314\204\301IOO\037\210\222A:\363\213\215"
 6003      84C1494F 
 6003      4F1F8892 
 6003      413AF38B 
 6003      8D
 6004 00bb 0C0D0DF5 		.ascii	"\014\015\015\365\363\213\3653\022s\364\013\362\213J"
ARM GAS  C:\Users\angio\AppData\Local\Temp\ccrvFn2X.s 			page 186


 6004      F38BF533 
 6004      1273F40B 
 6004      F28B4A
 6005 00ca 8AF5C19A 		.ascii	"\212\365\301\232\364}|\\\364\335\\\234\035\375\312\014"
 6005      F47D7C5C 
 6005      F4DD5C9C 
 6005      1DFDCA0C 
 6006 00da F58B4B72 		.ascii	"\365\213Kr\215\215\342\323R\222\023\363\214\3642\363"
 6006      8D8DE2D3 
 6006      529213F3 
 6006      8CF432F3 
 6007 00ea 92190080 		.ascii	"\222\031\000\200w`\261"
 6007      7760B1
 6008              		.text
 6009              		.section	.gnu.lto_fdcan3_irq_init.443.1f2b6e7c,"e",%progbits
 6010 0000 789C2B65 		.ascii	"x\234+e``\250\006bE f`f`\2344\261\213\211\341\377\377"
 6010      6060A806 
 6010      62452066 
 6010      6066609C 
 6010      34B18B89 
 6011 0017 FFF52C4C 		.ascii	"\377\365,L\214\215*\214[\031\301lF\206z&\306z\306\311"
 6011      8C8D2A8C 
 6011      5B19C16C 
 6011      46867A26 
 6011      C67AC6C9 
 6012 002b CC9A0D0D 		.ascii	"\314\232\015\015\015?\226\316\353k\346nXq\200q\0113"
 6012      0D3F96CE 
 6012      EB6BE66E 
 6012      58718071 
 6012      0933
 6013 003d 03C33C66 		.ascii	"\003\303<f\006\030`\203\361\030\201x\375%\326\003\015"
 6013      06186083 
 6013      F1188178 
 6013      FD25D603 
 6013      0D
 6014 004e 7FFEF737 		.ascii	"\177\376\36774\\}\3128K\231\211\201\241\237\031d0\030"
 6014      345C7DCA 
 6014      384B9989 
 6014      81A19F19 
 6014      643018
 6015 0061 C803554C 		.ascii	"\310\003UL`fBp\031\031>16)\200M\351gfDV\306\300`\346"
 6015      60664270 
 6015      19193E31 
 6015      3629804D 
 6015      E9676644 
 6016 007a 6C15E39C 		.ascii	"l\025\343\234\221\231\224\031\\R\232\222\231\037S\236"
 6016      91999419 
 6016      5C529A92 
 6016      991F539E 
 6017 008a 5F945D5C 		.ascii	"_\224]\\\220\230\234\032_Z\234Z\024\023\024\242\033"
 6017      90989C1A 
 6017      5F5A9C5A 
 6017      141314A2 
 6017      1B
 6018 009b 1CE26B6C 		.ascii	"\034\342kl\344nbn\022\344\252\353\027\352\354\343\352"
 6018      E46E626E 
 6018      12E4AAEB 
ARM GAS  C:\Users\angio\AppData\Local\Temp\ccrvFn2X.s 			page 187


 6018      17EAECE3 
 6018      EA
 6019 00ac 6F66C2E0 		.ascii	"of\302\340\244\247\247\017D\311 \235\371\305F\206\206"
 6019      A4A7A70F 
 6019      44C9209D 
 6019      F9C54686 
 6019      86
 6020 00bd 86FAF9C5 		.ascii	"\206\372\371\305\372\031\2119\372\005\371E%\305\372"
 6020      FA198939 
 6020      FA05F945 
 6020      25C5FA
 6021 00cc 604DFA3E 		.ascii	"`M\372>>.\372n.\316\216~e\206\372\305%\271\306F\361"
 6021      3E2EFA6E 
 6021      2ECE8E7E 
 6021      6586FAC5 
 6021      25B9C646 
 6022 00e1 6929C989 		.ascii	"i)\311\211y\306z\231y\311\014\000^9`\206"
 6022      79C67A99 
 6022      79C90C00 
 6022      5E396086 
 6023              		.text
 6024              		.section	.gnu.lto_fdcan3_irq_deinit.444.1f2b6e7c,"e",%progbits
 6025 0000 789C2B65 		.ascii	"x\234+e``\250\006bE f`f`\2344\261\213\211\341\377\377"
 6025      6060A806 
 6025      62452066 
 6025      6066609C 
 6025      34B18B89 
 6026 0017 FFF52C4C 		.ascii	"\377\365,L\214\215*\214[\031\301lF\206z&\306z\306\311"
 6026      8C8D2A8C 
 6026      5B19C16C 
 6026      46867A26 
 6026      C67AC6C9 
 6027 002b CC9A0D0D 		.ascii	"\314\232\015\015\015?\226\316\233\323\314\335\260\342"
 6027      0D3F96CE 
 6027      9BD3CCDD 
 6027      B0E2
 6028 0039 00E31266 		.ascii	"\000\343\022f\006\206y\314\0140\300\006\3431\002\361"
 6028      068679CC 
 6028      0C30C006 
 6028      E33102F1 
 6029 0049 FA4BAC07 		.ascii	"\372K\254\007\032\376\374\357ohx\372\224q\2052\023\003"
 6029      1AFEFCEF 
 6029      6F6878FA 
 6029      94718532 
 6029      1303
 6030 005b 433F33C8 		.ascii	"C?3\310`0\220\007\252\230\300\314\204\34022|blR\000"
 6030      60309007 
 6030      AA98C0CC 
 6030      84E03232 
 6030      7C626C52 
 6031 0070 9BD2CFCC 		.ascii	"\233\322\317\314\210\254\214\201\301\314\331*\3069#"
 6031      88AC8C81 
 6031      C1CCD92A 
 6031      C63923
 6032 007f 332933B8 		.ascii	"3)3\270\2444%3?\246<\277(\273\270 195\276\2648\265("
 6032      A4342533 
 6032      3FA63CBF 
ARM GAS  C:\Users\angio\AppData\Local\Temp\ccrvFn2X.s 			page 188


 6032      28BBB820 
 6032      313935BE 
 6033 0097 26284437 		.ascii	"&(D78\304\327\330\310\335\304\334$\310U\327/\324\331"
 6033      38C4D7D8 
 6033      C8DDC4DC 
 6033      24C855D7 
 6033      2FD4D9
 6034 00aa C7D5DFCC 		.ascii	"\307\325\337\314\204\301IOO\037\210\222A:\363\213\215"
 6034      84C1494F 
 6034      4F1F8892 
 6034      413AF38B 
 6034      8D
 6035 00bb 0C0D0DF5 		.ascii	"\014\015\015\365\363\213\3653\022s\364\013\362\213J"
 6035      F38BF533 
 6035      1273F40B 
 6035      F28B4A
 6036 00ca 8AF5C19A 		.ascii	"\212\365\301\232\364}|\\\364\335\\\234\035\375\312\014"
 6036      F47D7C5C 
 6036      F4DD5C9C 
 6036      1DFDCA0C 
 6037 00da F58B4B72 		.ascii	"\365\213Kr\215\215\342\323R\222\023\363\214\3652\363"
 6037      8D8DE2D3 
 6037      529213F3 
 6037      8CF532F3 
 6038 00ea 92190080 		.ascii	"\222\031\000\200}`\262"
 6038      7D60B2
 6039              		.text
 6040              		.section	.gnu.lto_usart1_irq_init.445.1f2b6e7c,"e",%progbits
 6041 0000 789C2B61 		.ascii	"x\234+a``\250\004bE f`f`\2344\261\213\211\341\377\377"
 6041      6060A804 
 6041      62452066 
 6041      6066609C 
 6041      34B18B89 
 6042 0017 FFF52C4C 		.ascii	"\377\365,L\214\215*\214[\031\301lF\206z&\306z\306\311"
 6042      8C8D2A8C 
 6042      5B19C16C 
 6042      46867A26 
 6042      C67AC6C9 
 6043 002b CC9A0D0D 		.ascii	"\314\232\015\015\015?\226\316\373\037\321\260\342\000"
 6043      0D3F96CE 
 6043      FB1FD1B0 
 6043      E200
 6044 0039 E3126606 		.ascii	"\343\022f\006\206y\314\0140\300\006\3431\002\361\372"
 6044      8679CC0C 
 6044      30C006E3 
 6044      3102F1FA 
 6045 0049 4BAC071A 		.ascii	"K\254\007\032\376\374\357oh\270\372\224\261[\231\211"
 6045      FEFCEF6F 
 6045      68B8FA94 
 6045      B15B9989 
 6046 0059 81A19F19 		.ascii	"\201\241\237\031d.\030\310\003UL`fBp\031\031>16)\200"
 6046      642E18C8 
 6046      03554C60 
 6046      66427019 
 6046      193E3136 
 6047 006f 4DE96766 		.ascii	"M\351gfDV\306\300`\346l\025\343\234\221\231\224\031"
 6047      4456C6C0 
ARM GAS  C:\Users\angio\AppData\Local\Temp\ccrvFn2X.s 			page 189


 6047      60E66C15 
 6047      E39C9199 
 6047      9419
 6048 0081 5C529A92 		.ascii	"\\R\232\222\231\037S\236_\224]\\\220\230\234\032_Z\234"
 6048      991F539E 
 6048      5F945D5C 
 6048      90989C1A 
 6048      5F5A9C
 6049 0094 5A141314 		.ascii	"Z\024\023\024\242\033\034\342kl\344nbn\022\344\252\353"
 6049      A21B1CE2 
 6049      6B6CE46E 
 6049      626E12E4 
 6049      AAEB
 6050 00a6 17EAECE3 		.ascii	"\027\352\354\343\352of\302\340\240\247\247\017D\311"
 6050      EA6F66C2 
 6050      E0A0A7A7 
 6050      0F44C9
 6051 00b5 209DF9C5 		.ascii	" \235\371\305F\206\206\206\372\371\305\372\031\2119"
 6051      46868686 
 6051      FAF9C5FA 
 6051      198939
 6052 00c4 FA05F945 		.ascii	"\372\005\371E%\305\372`M\372>>.\372\241\301\216A!\372"
 6052      25C5FA60 
 6052      4DFA3E3E 
 6052      2EFAA1C1 
 6052      8E4121FA 
 6053 00d8 C525B9C6 		.ascii	"\305%\271\306F@#\023\213J\014\3652\363\222\031\000\270"
 6053      46402313 
 6053      8B4A0CF5 
 6053      32F39219 
 6053      00B8
 6054 00ea 08606A   		.ascii	"\010`j"
 6055              		.text
 6056              		.section	.gnu.lto_usart1_irq_deinit.446.1f2b6e7c,"e",%progbits
 6057 0000 789C2B65 		.ascii	"x\234+e``\250\004bE f`f`\2344\261\213\211\341\377\377"
 6057      6060A804 
 6057      62452066 
 6057      6066609C 
 6057      34B18B89 
 6058 0017 FFF52C4C 		.ascii	"\377\365,L\214\215*\214[\031\301lF\206z&\306z\306\311"
 6058      8C8D2A8C 
 6058      5B19C16C 
 6058      46867A26 
 6058      C67AC6C9 
 6059 002b CC9A0D0D 		.ascii	"\314\232\015\015\015?\226\316\353m\346nXq\200q\0113"
 6059      0D3F96CE 
 6059      EB6DE66E 
 6059      58718071 
 6059      0933
 6060 003d 03C33C66 		.ascii	"\003\303<f\006\030`\203\361\030\201x\375%\326\003\015"
 6060      06186083 
 6060      F1188178 
 6060      FD25D603 
 6060      0D
 6061 004e 7FFEF737 		.ascii	"\177\376\36774<}\3128S\231\211\201\241\237\031d0\030"
 6061      343C7DCA 
 6061      38539989 
ARM GAS  C:\Users\angio\AppData\Local\Temp\ccrvFn2X.s 			page 190


 6061      81A19F19 
 6061      643018
 6062 0061 C803554C 		.ascii	"\310\003UL`fBp\031\031>16)\200M\351gfDV\306\300`\346"
 6062      60664270 
 6062      19193E31 
 6062      3629804D 
 6062      E9676644 
 6063 007a 6C15E39C 		.ascii	"l\025\343\234\221\231\224\031\\R\232\222\231\037S\236"
 6063      91999419 
 6063      5C529A92 
 6063      991F539E 
 6064 008a 5F945D5C 		.ascii	"_\224]\\\220\230\234\032_Z\234Z\024\023\024\242\033"
 6064      90989C1A 
 6064      5F5A9C5A 
 6064      141314A2 
 6064      1B
 6065 009b 1CE26B6C 		.ascii	"\034\342kl\344nbn\022\344\252\353\027\352\354\343\352"
 6065      E46E626E 
 6065      12E4AAEB 
 6065      17EAECE3 
 6065      EA
 6066 00ac 6F66C2E0 		.ascii	"of\302\340\240\247\247\017D\311 \235\371\305F\206\206"
 6066      A0A7A70F 
 6066      44C9209D 
 6066      F9C54686 
 6066      86
 6067 00bd 86FAF9C5 		.ascii	"\206\372\371\305\372\031\2119\372\005\371E%\305\372"
 6067      FA198939 
 6067      FA05F945 
 6067      25C5FA
 6068 00cc 604DFA3E 		.ascii	"`M\372>>.\372\241\301\216A!\372\305%\271\306F@#\023"
 6068      3E2EFAA1 
 6068      C18E4121 
 6068      FAC525B9 
 6068      C6464023 
 6069 00e1 8B4A0CF5 		.ascii	"\213J\014\3652\363\222\031\000\252\221`M"
 6069      32F39219 
 6069      00AA9160 
 6069      4D
 6070              		.text
 6071              		.section	.gnu.lto_usart2_irq_init.447.1f2b6e7c,"e",%progbits
 6072 0000 789C9BCD 		.ascii	"x\234\233\315\300\300P\011\304\212@\314\300\314\300"
 6072      C0C05009 
 6072      C48A40CC 
 6072      C0CCC0
 6073 000f 38696217 		.ascii	"8ib\027\023\303\377\377\377\353Y\230\030\033U\030\267"
 6073      13C3FFFF 
 6073      FFEB5998 
 6073      181B5518 
 6073      B7
 6074 0020 3282D98C 		.ascii	"2\202\331\214\014\365L\214\365\214\223\2315\033\032"
 6074      0CF54C8C 
 6074      F58C9399 
 6074      351B1A
 6075 002f 1A7E2C9D 		.ascii	"\032~,\235\367?\242a\305\001\306%\314\014\014\363\230"
 6075      F73FA261 
 6075      C501C625 
ARM GAS  C:\Users\angio\AppData\Local\Temp\ccrvFn2X.s 			page 191


 6075      CC0C0CF3 
 6075      98
 6076 0040 1960800D 		.ascii	"\031`\200\015\306c\004\342\365\227X\0174\374\371\337"
 6076      C66304E2 
 6076      F597580F 
 6076      34FCF9DF 
 6077 0050 DFD070F5 		.ascii	"\337\320p\365)c\2672P\274\237\031d.\030\310\003UL`f"
 6077      2963B732 
 6077      50BC9F19 
 6077      642E18C8 
 6077      03554C60 
 6078 0065 42701919 		.ascii	"Bp\031\031>0\266>\230|\214\221\241\205\221i\0113\343"
 6078      3E30B63E 
 6078      987C8C91 
 6078      A1859169 
 6078      0933E3
 6079 0078 3C66A08A 		.ascii	"<f\240\212I\314K\230\231\030\325 \024\317\022ff\206"
 6079      49CC4B98 
 6079      9918D520 
 6079      14CF1266 
 6079      6686
 6080 008a 4F8C4D0F 		.ascii	"O\214M\017\246\273\201-\353gfD6\215\201\301\314\331"
 6080      A6BB812D 
 6080      EB676644 
 6080      368D81C1 
 6080      CCD9
 6081 009c 2AC63923 		.ascii	"*\3069#3)3\270\2444%3?\246<\277(\273\270 195\276\264"
 6081      332933B8 
 6081      A4342533 
 6081      3FA63CBF 
 6081      28BBB820 
 6082 00b5 38B52826 		.ascii	"8\265(&(D78\304\327\330\310\335\304\334$\310U\327/\324"
 6082      28443738 
 6082      C4D7D8C8 
 6082      DDC4DC24 
 6082      C855D72F 
 6083 00ca D9C7D5DF 		.ascii	"\331\307\325\337\314\204\301AOO\037\210\222A:\363\213"
 6083      CC84C141 
 6083      4F4F1F88 
 6083      92413AF3 
 6083      8B
 6084 00db 8D0C0D0D 		.ascii	"\215\014\015\015\365\363\213\3653\022s\364\013\362\213"
 6084      F5F38BF5 
 6084      331273F4 
 6084      0BF28B
 6085 00ea 4A8AF5C1 		.ascii	"J\212\365\301\232\364}|\\\364C\203\035\203B\364\213"
 6085      9AF47D7C 
 6085      5CF44383 
 6085      1D8342F4 
 6085      8B
 6086 00fb 4B728D8D 		.ascii	"Kr\215\215\200F&\026\225\030\351e\346%3\000\000\023"
 6086      80462616 
 6086      9518E965 
 6086      E6253300 
 6086      0013
 6087 010d FA6B0B   		.ascii	"\372k\013"
 6088              		.text
ARM GAS  C:\Users\angio\AppData\Local\Temp\ccrvFn2X.s 			page 192


 6089              		.section	.gnu.lto_usart2_irq_deinit.448.1f2b6e7c,"e",%progbits
 6090 0000 789C9BCA 		.ascii	"x\234\233\312\300\300P\011\304\212@\314\300\314\300"
 6090      C0C05009 
 6090      C48A40CC 
 6090      C0CCC0
 6091 000f 38696217 		.ascii	"8ib\027\023\303\377\377\377\353Y\230\030\033U\030\267"
 6091      13C3FFFF 
 6091      FFEB5998 
 6091      181B5518 
 6091      B7
 6092 0020 3282D98C 		.ascii	"2\202\331\214\014\365L\214\365\214\223\2315\033\032"
 6092      0CF54C8C 
 6092      F58C9399 
 6092      351B1A
 6093 002f 1A7E2C9D 		.ascii	"\032~,\235\327\333\314\335\260\342\000\343\022f\006"
 6093      D7DBCCDD 
 6093      B0E200E3 
 6093      126606
 6094 003e 8679CC0C 		.ascii	"\206y\314\0140\300\006\3431\002\361\372K\254\007\032"
 6094      30C006E3 
 6094      3102F1FA 
 6094      4BAC071A 
 6095 004e FEFCEF6F 		.ascii	"\376\374\357ohx\372\224q\2462P\274\237\031d0\030\310"
 6095      6878FA94 
 6095      71A63250 
 6095      BC9F1964 
 6095      3018C8
 6096 0061 03554C60 		.ascii	"\003UL`fBp\031\031>0\266<\230\177\214\221\241\205\221"
 6096      66427019 
 6096      193E30B6 
 6096      3C987F8C 
 6096      91A18591 
 6097 0075 690933E3 		.ascii	"i\0113\343<f\240\212I\314K\230\231\030\325\226033|b"
 6097      3C66A08A 
 6097      49CC4B98 
 6097      9918D596 
 6097      3033337C 
 6098 008a 6C7AB0D9 		.ascii	"lz\260\331\015lK?3#\2621\014\014f\316V1\316\031\231"
 6098      0D6C4B3F 
 6098      3323B231 
 6098      0C0C66CE 
 6098      5631CE19 
 6099 009f 4999C125 		.ascii	"I\231\301%\245)\231\3711\345\371E\331\305\005\211\311"
 6099      A52999F9 
 6099      31E5F945 
 6099      D9C50589 
 6099      C9
 6100 00b0 A9F1A5C5 		.ascii	"\251\361\245\305\251E1A!\272\301!\276\306F\356&\346"
 6100      A9453141 
 6100      21BAC121 
 6100      BEC646EE 
 6100      26E6
 6101 00c2 2641AEBA 		.ascii	"&A\256\272~\241\316>\256\376f&\014\016zz\372@\224\014"
 6101      7EA1CE3E 
 6101      AEFE6626 
 6101      0C0E7A7A 
 6101      FA40940C 
ARM GAS  C:\Users\angio\AppData\Local\Temp\ccrvFn2X.s 			page 193


 6102 00d6 D2995F6C 		.ascii	"\322\231_ldhh\250\237_\254\237\221\230\243_\220_TR\254"
 6102      646868A8 
 6102      9F5FAC9F 
 6102      9198A35F 
 6102      905F5452 
 6103 00eb 0FD6A4EF 		.ascii	"\017\326\244\357\343\343\242\037\032\354\030\024\242"
 6103      E3E3A21F 
 6103      1AEC1814 
 6103      A2
 6104 00f8 5F5C926B 		.ascii	"_\\\222kl\00442\261\250\304H/3/\231\001\000\305\003"
 6104      6C043432 
 6104      B1A8C448 
 6104      2F332F99 
 6104      0100C503 
 6105 010c 69C3     		.ascii	"i\303"
 6106              		.text
 6107              		.section	.gnu.lto_VectorD8.449.1f2b6e7c,"e",%progbits
 6108 0000 789C4D4F 		.ascii	"x\234MOMK\002Q\024\275w\236\232\253~A\020a\233\026\372"
 6108      4D4B0251 
 6108      14BD779E 
 6108      9AAB7E41 
 6108      10619B16 
 6109 0015 72148356 		.ascii	"r\024\203V\205\211\033+\360c'\204\231\340\320\307\310"
 6109      85891B2B 
 6109      F0632784 
 6109      99E0D0C7 
 6109      C8
 6110 0026 CC48B4F2 		.ascii	"\314H\264\362e\256\332X\2665\241\230\302M\264\212\022"
 6110      65AEDA58 
 6110      B635A198 
 6110      C24DB48A 
 6110      12
 6111 0037 0A24A81F 		.ascii	"\012$\250\037\320*\242\205\233\226E\270\251E0\275\367"
 6111      D02AA285 
 6111      9B9645B8 
 6111      A94530BD 
 6111      F7
 6112 0048 44EAF21E 		.ascii	"D\352\362\036\234s8\347p\357\030\002\354\000\300\004"
 6112      9C7338E7 
 6112      70EF1802 
 6112      EC00C004 
 6113 0058 FF40001B 		.ascii	"\377@\000\033\207\373\0128\216Sq)\270;\211W(1BE\301"
 6113      87FB0A38 
 6113      8E537129 
 6113      B83B8957 
 6113      28314245 
 6114 006d 0A1E9129 		.ascii	"\012\036\221)\306\330\367Y\353\302\307\332]\264\011"
 6114      C6D8F759 
 6114      EBC2C7DA 
 6114      5DB409
 6115 007c 408BC070 		.ascii	"@\213\300p<C\306+\341\362\311\335e?N\235\261\2077|\365"
 6115      3C43C62B 
 6115      E1F2C9DD 
 6115      653F4E9D 
 6115      B187377C 
 6116 0091 B9116CC2 		.ascii	"\271\021l\302\365:\021\345r\3069= \312\037E\370\304"
 6116      F53A11E5 
ARM GAS  C:\Users\angio\AppData\Local\Temp\ccrvFn2X.s 			page 194


 6116      72C6393D 
 6116      20CA1F45 
 6116      F8C4
 6117 00a3 5AEFEB11 		.ascii	"Z\357\353\021\241\206\212M\224\226\0104\0116\210M8\344"
 6117      A1868A4D 
 6117      94960834 
 6117      0936884D 
 6117      38E4
 6118 00b5 48EAA44D 		.ascii	"H\352\244M\244|.*]x\203x-\022U\306\274\302\327A\276"
 6118      A47C2E2A 
 6118      5D788378 
 6118      2D1255C6 
 6118      BCC2D741 
 6119 00ca B44DDCF0 		.ascii	"\264M\334\360\201\325\376\363;\236\016\012\020\331\313"
 6119      81D5FEF3 
 6119      3B9E0E0A 
 6119      10D9CB
 6120 00d9 1E1BE5EA 		.ascii	"\036\033\345\352}\337\333\034j\203\036&\243\036\356"
 6120      7DDFDB1C 
 6120      6A831E26 
 6120      A31EEE
 6121 00e8 C45B84E9 		.ascii	"\304[\204\351\023IG\360\016\217\3059\302\351\025\036"
 6121      134947F0 
 6121      0E8FC539 
 6121      C2E9151E 
 6122 00f8 86D0C76A 		.ascii	"\206\320\307j\257\023\227\327\326\011\376\277\004 \022"
 6122      AF1397D7 
 6122      D609FEBF 
 6122      042012
 6123 0107 9DCD468B 		.ascii	"\235\315F\213\332\252\226\262\312k\232\236\335\326\215"
 6123      DAAA96B2 
 6123      CA6B9A9E 
 6123      DDD68D
 6124 0116 75B394CB 		.ascii	"u\263\224\313\027V\312f\301\310&\323\376Tz1\244\306"
 6124      1756CA66 
 6124      C1C826D3 
 6124      FE547A31 
 6124      A4C6
 6125 0128 C333E164 		.ascii	"\3033\341d\314\277\224\211&b\313\2210\314\005\002\224"
 6125      CCBF9489 
 6125      2662CB91 
 6125      30CC0502 
 6125      94
 6126 0139 BFBC48EA 		.ascii	"\277\274H\352\246\032\014\006\251n\322bn\203\226t\303"
 6126      A61A0C06 
 6126      A96ED262 
 6126      6E839674 
 6126      C3
 6127 014a 32A90CD1 		.ascii	"2\251\014\321Db\201fR\363\31145\255\315\220\312+s\206"
 6127      44628166 
 6127      52F3C934 
 6127      35ADCD90 
 6127      CA2B7386 
 6128 015e A506B4AD 		.ascii	"\245\006\264\255<\374\002\252L\215\304"
 6128      3CFC02AA 
 6128      4C8DC4
 6129              		.text
ARM GAS  C:\Users\angio\AppData\Local\Temp\ccrvFn2X.s 			page 195


 6130              		.section	.gnu.lto_usart3_irq_init.450.1f2b6e7c,"e",%progbits
 6131 0000 789C2B61 		.ascii	"x\234+a``\250\004bE f`f`\2344\261\213\211\341\377\377"
 6131      6060A804 
 6131      62452066 
 6131      6066609C 
 6131      34B18B89 
 6132 0017 FFF52C4C 		.ascii	"\377\365,L\214\215*\214[\031\301lF\206z&\306z\306\311"
 6132      8C8D2A8C 
 6132      5B19C16C 
 6132      46867A26 
 6132      C67AC6C9 
 6133 002b CC9A0D0D 		.ascii	"\314\232\015\015\015?\226\316\373\037\321\260\342\000"
 6133      0D3F96CE 
 6133      FB1FD1B0 
 6133      E200
 6134 0039 E3126606 		.ascii	"\343\022f\006\206y\314\0140\300\006\3431\002\361\372"
 6134      8679CC0C 
 6134      30C006E3 
 6134      3102F1FA 
 6135 0049 4BAC071A 		.ascii	"K\254\007\032\376\374\357oh\270\372\224\261[\231\211"
 6135      FEFCEF6F 
 6135      68B8FA94 
 6135      B15B9989 
 6136 0059 81A19F19 		.ascii	"\201\241\237\031d.\030\310\003UL`fBp\031\031>16)\200"
 6136      642E18C8 
 6136      03554C60 
 6136      66427019 
 6136      193E3136 
 6137 006f 4DE96766 		.ascii	"M\351gfDV\306\300`\346l\025\343\234\221\231\224\031"
 6137      4456C6C0 
 6137      60E66C15 
 6137      E39C9199 
 6137      9419
 6138 0081 5C529A92 		.ascii	"\\R\232\222\231\037S\236_\224]\\\220\230\234\032_Z\234"
 6138      991F539E 
 6138      5F945D5C 
 6138      90989C1A 
 6138      5F5A9C
 6139 0094 5A141314 		.ascii	"Z\024\023\024\242\033\034\342kl\344nbn\022\344\252\353"
 6139      A21B1CE2 
 6139      6B6CE46E 
 6139      626E12E4 
 6139      AAEB
 6140 00a6 17EAECE3 		.ascii	"\027\352\354\343\352of\302\340\240\247\247\017D\311"
 6140      EA6F66C2 
 6140      E0A0A7A7 
 6140      0F44C9
 6141 00b5 209DF9C5 		.ascii	" \235\371\305F\206\206\206\372\371\305\372\031\2119"
 6141      46868686 
 6141      FAF9C5FA 
 6141      198939
 6142 00c4 FA05F945 		.ascii	"\372\005\371E%\305\372`M\372>>.\372\241\301\216A!\372"
 6142      25C5FA60 
 6142      4DFA3E3E 
 6142      2EFAA1C1 
 6142      8E4121FA 
 6143 00d8 C525B9C6 		.ascii	"\305%\271\306F@#\023\213J\214\3652\363\222\031\000\270"
ARM GAS  C:\Users\angio\AppData\Local\Temp\ccrvFn2X.s 			page 196


 6143      46402313 
 6143      8B4A8CF5 
 6143      32F39219 
 6143      00B8
 6144 00ea 14606C   		.ascii	"\024`l"
 6145              		.text
 6146              		.section	.gnu.lto_usart3_irq_deinit.451.1f2b6e7c,"e",%progbits
 6147 0000 789C2B65 		.ascii	"x\234+e``\250\004bE f`f`\2344\261\213\211\341\377\377"
 6147      6060A804 
 6147      62452066 
 6147      6066609C 
 6147      34B18B89 
 6148 0017 FFF52C4C 		.ascii	"\377\365,L\214\215*\214[\031\301lF\206z&\306z\306\311"
 6148      8C8D2A8C 
 6148      5B19C16C 
 6148      46867A26 
 6148      C67AC6C9 
 6149 002b CC9A0D0D 		.ascii	"\314\232\015\015\015?\226\316\353m\346nXq\200q\0113"
 6149      0D3F96CE 
 6149      EB6DE66E 
 6149      58718071 
 6149      0933
 6150 003d 03C33C66 		.ascii	"\003\303<f\006\030`\203\361\030\201x\375%\326\003\015"
 6150      06186083 
 6150      F1188178 
 6150      FD25D603 
 6150      0D
 6151 004e 7FFEF737 		.ascii	"\177\376\36774<}\3128S\231\211\201\241\237\031d0\030"
 6151      343C7DCA 
 6151      38539989 
 6151      81A19F19 
 6151      643018
 6152 0061 C803554C 		.ascii	"\310\003UL`fBp\031\031>16)\200M\351gfDV\306\300`\346"
 6152      60664270 
 6152      19193E31 
 6152      3629804D 
 6152      E9676644 
 6153 007a 6C15E39C 		.ascii	"l\025\343\234\221\231\224\031\\R\232\222\231\037S\236"
 6153      91999419 
 6153      5C529A92 
 6153      991F539E 
 6154 008a 5F945D5C 		.ascii	"_\224]\\\220\230\234\032_Z\234Z\024\023\024\242\033"
 6154      90989C1A 
 6154      5F5A9C5A 
 6154      141314A2 
 6154      1B
 6155 009b 1CE26B6C 		.ascii	"\034\342kl\344nbn\022\344\252\353\027\352\354\343\352"
 6155      E46E626E 
 6155      12E4AAEB 
 6155      17EAECE3 
 6155      EA
 6156 00ac 6F66C2E0 		.ascii	"of\302\340\240\247\247\017D\311 \235\371\305F\206\206"
 6156      A0A7A70F 
 6156      44C9209D 
 6156      F9C54686 
 6156      86
 6157 00bd 86FAF9C5 		.ascii	"\206\372\371\305\372\031\2119\372\005\371E%\305\372"
ARM GAS  C:\Users\angio\AppData\Local\Temp\ccrvFn2X.s 			page 197


 6157      FA198939 
 6157      FA05F945 
 6157      25C5FA
 6158 00cc 604DFA3E 		.ascii	"`M\372>>.\372\241\301\216A!\372\305%\271\306F@#\023"
 6158      3E2EFAA1 
 6158      C18E4121 
 6158      FAC525B9 
 6158      C6464023 
 6159 00e1 8B4A8CF5 		.ascii	"\213J\214\3652\363\222\031\000\252\235`O"
 6159      32F39219 
 6159      00AA9D60 
 6159      4F
 6160              		.text
 6161              		.section	.gnu.lto_uart4_irq_init.452.1f2b6e7c,"e",%progbits
 6162 0000 789C2B61 		.ascii	"x\234+a``\250\000bE f`f`\2344\261\213\211\341\377\377"
 6162      6060A800 
 6162      62452066 
 6162      6066609C 
 6162      34B18B89 
 6163 0017 FFF52C4C 		.ascii	"\377\365,L\214\215*\214[\031\301lF\206z&\306z\306\311"
 6163      8C8D2A8C 
 6163      5B19C16C 
 6163      46867A26 
 6163      C67AC6C9 
 6164 002b CC9A0D0D 		.ascii	"\314\232\015\015\015?\226\316\373\037\321\260\342\000"
 6164      0D3F96CE 
 6164      FB1FD1B0 
 6164      E200
 6165 0039 E3126606 		.ascii	"\343\022f\006\206y\314\0140\300\006\3431\002\361\372"
 6165      8679CC0C 
 6165      30C006E3 
 6165      3102F1FA 
 6166 0049 4BAC071A 		.ascii	"K\254\007\032\376\374\357oh8\373\224\261[\231\211\201"
 6166      FEFCEF6F 
 6166      6838FB94 
 6166      B15B9989 
 6166      81
 6167 005a A19F1964 		.ascii	"\241\237\031d.\030\310\003UL`fBp\031\031>16)\200M\351"
 6167      2E18C803 
 6167      554C6066 
 6167      42701919 
 6167      3E313629 
 6168 0071 67664456 		.ascii	"gfDV\306\300`\346l\025\343\234\221\231\224\031\\R\232"
 6168      C6C060E6 
 6168      6C15E39C 
 6168      91999419 
 6168      5C529A
 6169 0084 92991F53 		.ascii	"\222\231\037S\236_\224]\\\220\230\234\032_Z\234Z\024"
 6169      9E5F945D 
 6169      5C90989C 
 6169      1A5F5A9C 
 6169      5A14
 6170 0096 1314A21B 		.ascii	"\023\024\242\033\034\342kl\344nbn\022\344\252\353\027"
 6170      1CE26B6C 
 6170      E46E626E 
 6170      12E4AAEB 
 6170      17
ARM GAS  C:\Users\angio\AppData\Local\Temp\ccrvFn2X.s 			page 198


 6171 00a7 EAECE3EA 		.ascii	"\352\354\343\352of\302`\257\247\247\017D\311 \235\371"
 6171      6F66C260 
 6171      AFA7A70F 
 6171      44C9209D 
 6171      F9
 6172 00b8 C5468686 		.ascii	"\305F\206\206\206\372\371\305\372\031\2119\372\005\371"
 6172      86FAF9C5 
 6172      FA198939 
 6172      FA05F9
 6173 00c7 4525C5FA 		.ascii	"E%\305\372`M\372>>.\372\241\301\216A!\372\305%\271\306"
 6173      604DFA3E 
 6173      3E2EFAA1 
 6173      C18E4121 
 6173      FAC525B9 
 6174 00dc 46F1A589 		.ascii	"F\361\245\211E%&z\231y\311\014\000Ox_\360"
 6174      4525267A 
 6174      9979C90C 
 6174      004F785F 
 6174      F0
 6175              		.text
 6176              		.section	.gnu.lto_uart4_irq_deinit.453.1f2b6e7c,"e",%progbits
 6177 0000 789C2B65 		.ascii	"x\234+e``\250\000bE f`f`\2344\261\213\211\341\377\377"
 6177      6060A800 
 6177      62452066 
 6177      6066609C 
 6177      34B18B89 
 6178 0017 FFF52C4C 		.ascii	"\377\365,L\214\215*\214[\031\301lF\206z&\306z\306\311"
 6178      8C8D2A8C 
 6178      5B19C16C 
 6178      46867A26 
 6178      C67AC6C9 
 6179 002b CC9A0D0D 		.ascii	"\314\232\015\015\015?\226\316\353m\346nXq\200q\0113"
 6179      0D3F96CE 
 6179      EB6DE66E 
 6179      58718071 
 6179      0933
 6180 003d 03C33C66 		.ascii	"\003\303<f\006\030`\203\361\030\201x\375%\326\003\015"
 6180      06186083 
 6180      F1188178 
 6180      FD25D603 
 6180      0D
 6181 004e 7FFEF737 		.ascii	"\177\376\36774\334}\3128S\231\211\201\241\237\031d0"
 6181      34DC7DCA 
 6181      38539989 
 6181      81A19F19 
 6181      6430
 6182 0060 18C80355 		.ascii	"\030\310\003UL`fBp\031\031>16)\200M\351gfDV\306\300"
 6182      4C606642 
 6182      7019193E 
 6182      31362980 
 6182      4DE96766 
 6183 0078 60E66C15 		.ascii	"`\346l\025\343\234\221\231\224\031\\R\232\222\231\037"
 6183      E39C9199 
 6183      94195C52 
 6183      9A92991F 
 6184 0088 539E5F94 		.ascii	"S\236_\224]\\\220\230\234\032_Z\234Z\024\023\024\242"
 6184      5D5C9098 
ARM GAS  C:\Users\angio\AppData\Local\Temp\ccrvFn2X.s 			page 199


 6184      9C1A5F5A 
 6184      9C5A1413 
 6184      14A2
 6185 009a 1B1CE26B 		.ascii	"\033\034\342kl\344nbn\022\344\252\353\027\352\354\343"
 6185      6CE46E62 
 6185      6E12E4AA 
 6185      EB17EAEC 
 6185      E3
 6186 00ab EA6F66C2 		.ascii	"\352of\302`\257\247\247\017D\311 \235\371\305F\206\206"
 6186      60AFA7A7 
 6186      0F44C920 
 6186      9DF9C546 
 6186      8686
 6187 00bd 86FAF9C5 		.ascii	"\206\372\371\305\372\031\2119\372\005\371E%\305\372"
 6187      FA198939 
 6187      FA05F945 
 6187      25C5FA
 6188 00cc 604DFA3E 		.ascii	"`M\372>>.\372\241\301\216A!\372\305%\271\306F\361\245"
 6188      3E2EFAA1 
 6188      C18E4121 
 6188      FAC525B9 
 6188      C646F1A5 
 6189 00e0 89452526 		.ascii	"\211E%&z\231y\311\014\000B\035_\323"
 6189      7A9979C9 
 6189      0C00421D 
 6189      5FD3
 6190              		.text
 6191              		.section	.gnu.lto_uart5_irq_init.454.1f2b6e7c,"e",%progbits
 6192 0000 789C2B61 		.ascii	"x\234+a``\250\000bE f`f`\2344\261\213\211\341\377\377"
 6192      6060A800 
 6192      62452066 
 6192      6066609C 
 6192      34B18B89 
 6193 0017 FFF52C4C 		.ascii	"\377\365,L\214\215*\214[\031\301lF\206z&\306z\306\311"
 6193      8C8D2A8C 
 6193      5B19C16C 
 6193      46867A26 
 6193      C67AC6C9 
 6194 002b CC9A0D0D 		.ascii	"\314\232\015\015\015?\226\316\373\037\321\260\342\000"
 6194      0D3F96CE 
 6194      FB1FD1B0 
 6194      E200
 6195 0039 E3126606 		.ascii	"\343\022f\006\206y\314\0140\300\006\3431\002\361\372"
 6195      8679CC0C 
 6195      30C006E3 
 6195      3102F1FA 
 6196 0049 4BAC071A 		.ascii	"K\254\007\032\376\374\357oh8\373\224\261[\231\211\201"
 6196      FEFCEF6F 
 6196      6838FB94 
 6196      B15B9989 
 6196      81
 6197 005a A19F1964 		.ascii	"\241\237\031d.\030\310\003UL`fBp\031\031>16)\200M\351"
 6197      2E18C803 
 6197      554C6066 
 6197      42701919 
 6197      3E313629 
 6198 0071 67664456 		.ascii	"gfDV\306\300`\346l\025\343\234\221\231\224\031\\R\232"
ARM GAS  C:\Users\angio\AppData\Local\Temp\ccrvFn2X.s 			page 200


 6198      C6C060E6 
 6198      6C15E39C 
 6198      91999419 
 6198      5C529A
 6199 0084 92991F53 		.ascii	"\222\231\037S\236_\224]\\\220\230\234\032_Z\234Z\024"
 6199      9E5F945D 
 6199      5C90989C 
 6199      1A5F5A9C 
 6199      5A14
 6200 0096 1314A21B 		.ascii	"\023\024\242\033\034\342kl\344nbn\022\344\252\353\027"
 6200      1CE26B6C 
 6200      E46E626E 
 6200      12E4AAEB 
 6200      17
 6201 00a7 EAECE3EA 		.ascii	"\352\354\343\352of\302`\257\247\247\017D\311 \235\371"
 6201      6F66C260 
 6201      AFA7A70F 
 6201      44C9209D 
 6201      F9
 6202 00b8 C5468686 		.ascii	"\305F\206\206\206\372\371\305\372\031\2119\372\005\371"
 6202      86FAF9C5 
 6202      FA198939 
 6202      FA05F9
 6203 00c7 4525C5FA 		.ascii	"E%\305\372`M\372>>.\372\241\301\216A!\372\305%\271\306"
 6203      604DFA3E 
 6203      3E2EFAA1 
 6203      C18E4121 
 6203      FAC525B9 
 6204 00dc 46F1A589 		.ascii	"F\361\245\211E%\246z\231y\311\014\000O~_\361"
 6204      4525A67A 
 6204      9979C90C 
 6204      004F7E5F 
 6204      F1
 6205              		.text
 6206              		.section	.gnu.lto_uart5_irq_deinit.455.1f2b6e7c,"e",%progbits
 6207 0000 789C2B65 		.ascii	"x\234+e``\250\000bE f`f`\2344\261\213\211\341\377\377"
 6207      6060A800 
 6207      62452066 
 6207      6066609C 
 6207      34B18B89 
 6208 0017 FFF52C4C 		.ascii	"\377\365,L\214\215*\214[\031\301lF\206z&\306z\306\311"
 6208      8C8D2A8C 
 6208      5B19C16C 
 6208      46867A26 
 6208      C67AC6C9 
 6209 002b CC9A0D0D 		.ascii	"\314\232\015\015\015?\226\316\353m\346nXq\200q\0113"
 6209      0D3F96CE 
 6209      EB6DE66E 
 6209      58718071 
 6209      0933
 6210 003d 03C33C66 		.ascii	"\003\303<f\006\030`\203\361\030\201x\375%\326\003\015"
 6210      06186083 
 6210      F1188178 
 6210      FD25D603 
 6210      0D
 6211 004e 7FFEF737 		.ascii	"\177\376\36774\334}\3128S\231\211\201\241\237\031d0"
 6211      34DC7DCA 
ARM GAS  C:\Users\angio\AppData\Local\Temp\ccrvFn2X.s 			page 201


 6211      38539989 
 6211      81A19F19 
 6211      6430
 6212 0060 18C80355 		.ascii	"\030\310\003UL`fBp\031\031>16)\200M\351gfDV\306\300"
 6212      4C606642 
 6212      7019193E 
 6212      31362980 
 6212      4DE96766 
 6213 0078 60E66C15 		.ascii	"`\346l\025\343\234\221\231\224\031\\R\232\222\231\037"
 6213      E39C9199 
 6213      94195C52 
 6213      9A92991F 
 6214 0088 539E5F94 		.ascii	"S\236_\224]\\\220\230\234\032_Z\234Z\024\023\024\242"
 6214      5D5C9098 
 6214      9C1A5F5A 
 6214      9C5A1413 
 6214      14A2
 6215 009a 1B1CE26B 		.ascii	"\033\034\342kl\344nbn\022\344\252\353\027\352\354\343"
 6215      6CE46E62 
 6215      6E12E4AA 
 6215      EB17EAEC 
 6215      E3
 6216 00ab EA6F66C2 		.ascii	"\352of\302`\257\247\247\017D\311 \235\371\305F\206\206"
 6216      60AFA7A7 
 6216      0F44C920 
 6216      9DF9C546 
 6216      8686
 6217 00bd 86FAF9C5 		.ascii	"\206\372\371\305\372\031\2119\372\005\371E%\305\372"
 6217      FA198939 
 6217      FA05F945 
 6217      25C5FA
 6218 00cc 604DFA3E 		.ascii	"`M\372>>.\372\241\301\216A!\372\305%\271\306F\361\245"
 6218      3E2EFAA1 
 6218      C18E4121 
 6218      FAC525B9 
 6218      C646F1A5 
 6219 00e0 894525A6 		.ascii	"\211E%\246z\231y\311\014\000B#_\324"
 6219      7A9979C9 
 6219      0C004223 
 6219      5FD4
 6220              		.text
 6221              		.section	.gnu.lto_lpuart1_irq_init.456.1f2b6e7c,"e",%progbits
 6222 0000 789C9BC3 		.ascii	"x\234\233\303\300\300P\005\304\212@\314\300\314\300"
 6222      C0C05005 
 6222      C48A40CC 
 6222      C0CCC0
 6223 000f 38696217 		.ascii	"8ib\027\023\303\377\377\377\353Y\230\030\033U\030\267"
 6223      13C3FFFF 
 6223      FFEB5998 
 6223      181B5518 
 6223      B7
 6224 0020 3282D98C 		.ascii	"2\202\331\214\014\365L\214\365\214\223\2315\033\032"
 6224      0CF54C8C 
 6224      F58C9399 
 6224      351B1A
 6225 002f 1A7E2C9D 		.ascii	"\032~,\235\367?\242a\305\001\306%\314\014\014\363\230"
 6225      F73FA261 
ARM GAS  C:\Users\angio\AppData\Local\Temp\ccrvFn2X.s 			page 202


 6225      C501C625 
 6225      CC0C0CF3 
 6225      98
 6226 0040 1960800D 		.ascii	"\031`\200\015\306c\004\342\365\227X\0174\374\371\337"
 6226      C66304E2 
 6226      F597580F 
 6226      34FCF9DF 
 6227 0050 DFD070F7 		.ascii	"\337\320p\367)c\2672P\274\237\031d.\030\310\003UL`f"
 6227      2963B732 
 6227      50BC9F19 
 6227      642E18C8 
 6227      03554C60 
 6228 0065 42701919 		.ascii	"Bp\031\031>0\266>\230|\214\221\241\205\221i\0113\343"
 6228      3E30B63E 
 6228      987C8C91 
 6228      A1859169 
 6228      0933E3
 6229 0078 3C66A08A 		.ascii	"<f\240\212I\314K\230\231\030oCi\236%\314\314\014\237"
 6229      49CC4B98 
 6229      99186F43 
 6229      699E25CC 
 6229      CC0C9F
 6230 008b 189B1E4C 		.ascii	"\030\233\036Lw\003\333\326\317\314\210l\034\003\203"
 6230      7703DBD6 
 6230      CFCC886C 
 6230      1C0383
 6231 009a 99B3558C 		.ascii	"\231\263U\214sFfRfpIiJf~Ly~QvqAbrj|iqjQLP\210np\210"
 6231      73466652 
 6231      66704969 
 6231      4A667E4C 
 6231      797E5176 
 6232 00be AFB191BB 		.ascii	"\257\261\221\273\211\271I\220\253\256_\250\263\217\253"
 6232      89B94990 
 6232      ABAE5FA8 
 6232      B38FAB
 6233 00cd BF990983 		.ascii	"\277\231\011\203\243\236\236>\020%\203t\346\027\033"
 6233      A39E9E3E 
 6233      10258374 
 6233      E6171B
 6234 00dc 191A1AEA 		.ascii	"\031\032\032\352\347\027\353g$\346\350\027\344\027\225"
 6234      E717EB67 
 6234      24E6E817 
 6234      E41795
 6235 00eb 14EB8335 		.ascii	"\024\353\2035\351\373\370\270\350\207\006;\006\205\350"
 6235      E9FBF8B8 
 6235      E887063B 
 6235      0685E8
 6236 00fa 1797E41A 		.ascii	"\027\227\344\032\033\305\347\024\224&\026\225\030\352"
 6236      1BC5E714 
 6236      94261695 
 6236      18EA
 6237 0108 65E62533 		.ascii	"e\346%3\000\0003wl3"
 6237      00003377 
 6237      6C33
 6238              		.text
 6239              		.section	.gnu.lto_lpuart1_irq_deinit.457.1f2b6e7c,"e",%progbits
 6240 0000 789C9BC6 		.ascii	"x\234\233\306\300\300P\005\304\212@\314\300\314\300"
ARM GAS  C:\Users\angio\AppData\Local\Temp\ccrvFn2X.s 			page 203


 6240      C0C05005 
 6240      C48A40CC 
 6240      C0CCC0
 6241 000f 38696217 		.ascii	"8ib\027\023\303\377\377\377\353Y\230\030\033U\030\267"
 6241      13C3FFFF 
 6241      FFEB5998 
 6241      181B5518 
 6241      B7
 6242 0020 3282D98C 		.ascii	"2\202\331\214\014\365L\214\365\214\223\2315\033\032"
 6242      0CF54C8C 
 6242      F58C9399 
 6242      351B1A
 6243 002f 1A7E2C9D 		.ascii	"\032~,\235\327\333\314\335\260\342\000\343\022f\006"
 6243      D7DBCCDD 
 6243      B0E200E3 
 6243      126606
 6244 003e 8679CC0C 		.ascii	"\206y\314\0140\300\006\3431\002\361\372K\254\007\032"
 6244      30C006E3 
 6244      3102F1FA 
 6244      4BAC071A 
 6245 004e FEFCEF6F 		.ascii	"\376\374\357ohx\373\224q\2462P\274\237\031d0\030\310"
 6245      6878FB94 
 6245      71A63250 
 6245      BC9F1964 
 6245      3018C8
 6246 0061 03554C60 		.ascii	"\003UL`fBp\031\031>0\266<\230\177\214\221\241\205\221"
 6246      66427019 
 6246      193E30B6 
 6246      3C987F8C 
 6246      91A18591 
 6247 0075 690933E3 		.ascii	"i\0113\343<f\240\212I\314K\230\231\030o3,aff\370\304"
 6247      3C66A08A 
 6247      49CC4B98 
 6247      99186F33 
 6247      2C616666 
 6248 008b D8F460B3 		.ascii	"\330\364`\263\033\330\232~fFds\030\030\314\234\255b"
 6248      1BD89A7E 
 6248      66466473 
 6248      1818CC9C 
 6248      AD62
 6249 009d 9C333293 		.ascii	"\23432\2232\203KJS2\363c\312\363\213\262\213\013\022"
 6249      32834B4A 
 6249      5332F363 
 6249      CAF38BB2 
 6249      8B0B12
 6250 00b0 9353E34B 		.ascii	"\223S\343K\213S\213b\202Bt\203C|\215\215\334M\314M\202"
 6250      8B538B62 
 6250      82427483 
 6250      437C8D8D 
 6250      DC4DCC4D 
 6251 00c5 5C75FD42 		.ascii	"\\u\375B\235}\\\375\315L\030\034\365\364\364\201(\031"
 6251      9D7D5CFD 
 6251      CD4C181C 
 6251      F5F4F481 
 6251      2819
 6252 00d7 A433BFD8 		.ascii	"\2443\277\330\310\320\320P?\277X?#1G\277 \277\250\244"
 6252      C8D0D050 
ARM GAS  C:\Users\angio\AppData\Local\Temp\ccrvFn2X.s 			page 204


 6252      3FBF583F 
 6252      233147BF 
 6252      20BFA8A4 
 6253 00eb 581FAC49 		.ascii	"X\037\254I\337\307\307E?4\3301(D\277\270$\327\330(>"
 6253      DFC7C745 
 6253      3F34D831 
 6253      2844BFB8 
 6253      24D7D828 
 6254 0100 A7A034B1 		.ascii	"\247\2404\261\250\304P/3/\231\001\000\335\350j\353"
 6254      A8C4502F 
 6254      332F9901 
 6254      00DDE86A 
 6254      EB
 6255              		.text
 6256              		.section	.gnu.lto_Vector1AC.458.1f2b6e7c,"e",%progbits
 6257 0000 789C4D4F 		.ascii	"x\234MO\277KBQ\030\375\276w\325\234\372\013\202\010"
 6257      BF4B4251 
 6257      18FDBE77 
 6257      D59CFA0B 
 6257      8208
 6258 0012 5B1AF4F6 		.ascii	"[\032\364\366T\014\332\304\304\305\012\374\261\011b"
 6258      540CDAC4 
 6258      C4C50AFC 
 6258      B10962
 6259 0021 26F8C87A 		.ascii	"&\370\310z\362\236\022\264x3\247\026KW\025\212W\270"
 6259      F29E12B4 
 6259      7833A716 
 6259      4B57158A 
 6259      57B8
 6260 0033 44535450 		.ascii	"DSTP -M54E\223K\215\021N\015\301\353\336+R\037\367\302"
 6260      202D4D35 
 6260      3445934B 
 6260      8D114E0D 
 6260      C1EBDE2B 
 6261 004b 3987730E 		.ascii	"9\207s\016\3377\203\000{\0000\307?\020\300\326\361\241"
 6261      DF378300 
 6261      7B0030C7 
 6261      3F10C0D6 
 6261      F1A1
 6262 005d 02B66DD7 		.ascii	"\002\266m\327\034\012\356\317\343\025J\214PS\260\206"
 6262      1C0AEECF 
 6262      E3154A8C 
 6262      5053B086 
 6263 006d 6DB2C018 		.ascii	"m\262\300\030\373>\353]xX\177\200\026\001\350\021\230"
 6263      FB3EEB5D 
 6263      78587F80 
 6263      1601E811 
 6263      98
 6264 007e 8C6BC278 		.ascii	"\214k\302x%\\\2768\007\354\307n2\366\364\216\317\036"
 6264      255CBE38 
 6264      07ECC76E 
 6264      32F6F48E 
 6264      CF1E
 6265 0090 278245B8 		.ascii	"'\202E\270\336$\242\\\316,\247GD\371\243\010_\330\030"
 6265      DE24A25C 
 6265      CE2CA747 
 6265      44F9A308 
ARM GAS  C:\Users\angio\AppData\Local\Temp\ccrvFn2X.s 			page 205


 6265      5FD818
 6266 00a3 B61F111A 		.ascii	"\266\037\021\032\250XD\351\211@\207`\213X\204C\216\244"
 6266      A85844E9 
 6266      89408760 
 6266      8B588443 
 6266      8EA4
 6267 00b5 4EFA44CA 		.ascii	"N\372D\312\347\242\322\2017\210\327\"Qg\314-|\267\310"
 6267      E7A2D281 
 6267      3788D722 
 6267      5167CC2D 
 6267      7CB7C8
 6268 00c8 97B68813 		.ascii	"\227\266\210\023>\261>z\375\300\323q\001\"{;`\323\\"
 6268      3EB13E7A 
 6268      FDC0D371 
 6268      01227B3B 
 6268      60D35C
 6269 00db 7D18B93B 		.ascii	"}\030\271;\023m\334\303d\324\305\235x\207\260x\"\351"
 6269      136DDCC3 
 6269      64D4C59D 
 6269      7887B078 
 6269      22E9
 6270 00ed 14DE6357 		.ascii	"\024\336cW\234#\234n\341a\010#\254\017\2731ym\223\340"
 6270      9C239C6E 
 6270      E1610823 
 6270      AC0FBB31 
 6270      796D93E0 
 6271 0101 FF4B0042 		.ascii	"\377K\000B\221\345L\244\250mh\311JuS\3233\273\272\261"
 6271      91E54CA4 
 6271      A86D68C9 
 6271      4A7553D3 
 6271      33BBBAB1 
 6272 0115 659673F9 		.ascii	"e\226s\371B\266j\026\214L\"\345M\246V\003\376Xp)\230"
 6272      42B66A16 
 6272      8C4C22E5 
 6272      4DA65603 
 6272      FE587029 
 6273 012a 887AD7D2 		.ascii	"\210z\327\322\221xt=\024\204\260\317G\371\313\213\244"
 6273      9178743D 
 6273      1484B0CF 
 6273      47F9CB8B 
 6273      A4
 6274 013b 6EFA5555 		.ascii	"n\372UU\245\272I\213\271\022-\353F\305\2442D\343\361"
 6274      A5BA498B 
 6274      B9122DEB 
 6274      46C5A432 
 6274      44E3F1
 6275 014e 159A4E86 		.ascii	"\025\232N\206\023)jV\266\003\376l\251\\\315\031\025"
 6275      13296A56 
 6275      B603FE6C 
 6275      A95CCD19 
 6275      15
 6276 015f D5A7EDE4 		.ascii	"\325\247\355\344\341\027\246\244\215\242"
 6276      E117A6A4 
 6276      8DA2
 6277              		.text
 6278              		.section	.gnu.lto_tim1_tim15_tim16_tim17_irq_init.459.1f2b6e7c,"e",%progbits
 6279 0000 789C2B65 		.ascii	"x\234+e``h\000bE f`f`\2344\261\213\211\341\377\377\377"
ARM GAS  C:\Users\angio\AppData\Local\Temp\ccrvFn2X.s 			page 206


 6279      60606800 
 6279      62452066 
 6279      6066609C 
 6279      34B18B89 
 6280 0018 F52C4C8C 		.ascii	"\365,L\214\215*\214[\031\301lF\206z&\306z\306\311\314"
 6280      8D2A8C5B 
 6280      19C16C46 
 6280      867A26C6 
 6280      7AC6C9CC 
 6281 002c 9A0D0D0D 		.ascii	"\232\015\015\015?\226\316\333\331\312\335\260\342\000"
 6281      3F96CEDB 
 6281      D9CADDB0 
 6281      E200
 6282 003a E3126606 		.ascii	"\343\022f\006\206y\314\0140\300\006\3431\002\361\372"
 6282      8679CC0C 
 6282      30C006E3 
 6282      3102F1FA 
 6283 004a 4BAC071A 		.ascii	"K\254\007\032\376\374\357oh\270\372\234\361\226*\023"
 6283      FEFCEF6F 
 6283      68B8FA9C 
 6283      F1962A13 
 6284 005a 03433F33 		.ascii	"\003C?3\310`0\220\007\252\230\300\314\204\34022|blR"
 6284      C8603090 
 6284      07AA98C0 
 6284      CC84E032 
 6284      327C626C 
 6285 006f 009BD2CF 		.ascii	"\000\233\322\317\314\210\254\214\201\301\314\331*\306"
 6285      CC88AC8C 
 6285      81C1CCD9 
 6285      2AC6
 6286 007d 39233329 		.ascii	"9#3)3\270\2444%3?\246<\277(\273\270 195\276\2648\265"
 6286      33B8A434 
 6286      25333FA6 
 6286      3CBF28BB 
 6286      B8203139 
 6287 0096 28262844 		.ascii	"(&(D78\304\327\330\310\335\304\334$\310U\327/\324\331"
 6287      3738C4D7 
 6287      D8C8DDC4 
 6287      DC24C855 
 6287      D72FD4D9 
 6288 00aa C7D5DFCC 		.ascii	"\307\325\337\314\204\301]OO\037\210\222A:\363\213\215"
 6288      84C15D4F 
 6288      4F1F8892 
 6288      413AF38B 
 6288      8D
 6289 00bb 0C0D0DF5 		.ascii	"\014\015\015\365\363\213\3653\022s\364\013\362\213J"
 6289      F38BF533 
 6289      1273F40B 
 6289      F28B4A
 6290 00ca 8AF5C19A 		.ascii	"\212\365\301\232\364}|\\\364C<}\313\014\365\213Kr\215"
 6290      F47D7C5C 
 6290      F4433C7D 
 6290      CB0CF58B 
 6290      4B728D
 6291 00dd 8DE24B32 		.ascii	"\215\342K2s\015\343\015M\343\015\315\342\015\315\365"
 6291      730DE30D 
 6291      4DE30DCD 
ARM GAS  C:\Users\angio\AppData\Local\Temp\ccrvFn2X.s 			page 207


 6291      E20DCDF5 
 6292 00ed 32F39219 		.ascii	"2\363\222\031\000\251Fb-"
 6292      00A94662 
 6292      2D
 6293              		.text
 6294              		.section	.gnu.lto_tim1_tim15_tim16_tim17_irq_deinit.460.1f2b6e7c,"e",%progbits
 6295 0000 789C2B65 		.ascii	"x\234+e``h\000bE f`f`\2344\261\213\211\341\377\377\377"
 6295      60606800 
 6295      62452066 
 6295      6066609C 
 6295      34B18B89 
 6296 0018 F52C4C8C 		.ascii	"\365,L\214\215*\214[\031\301lF\206z&\306z\306\311\314"
 6296      8D2A8C5B 
 6296      19C16C46 
 6296      867A26C6 
 6296      7AC6C9CC 
 6297 002c 9A0D0D0D 		.ascii	"\232\015\015\015?\226\316\273\323\312\335\260\342\000"
 6297      3F96CEBB 
 6297      D3CADDB0 
 6297      E200
 6298 003a E3126606 		.ascii	"\343\022f\006\206y\314\0140\300\006\3431\002\361\372"
 6298      8679CC0C 
 6298      30C006E3 
 6298      3102F1FA 
 6299 004a 4BAC071A 		.ascii	"K\254\007\032\376\374\357ohx\372\234\361\247*\023\003"
 6299      FEFCEF6F 
 6299      6878FA9C 
 6299      F1A72A13 
 6299      03
 6300 005b 433F33C8 		.ascii	"C?3\310`0\220\007\252\230\300\314\204\34022|blR\000"
 6300      60309007 
 6300      AA98C0CC 
 6300      84E03232 
 6300      7C626C52 
 6301 0070 9BD2CFCC 		.ascii	"\233\322\317\314\210\254\214\201\301\314\331*\3069#"
 6301      88AC8C81 
 6301      C1CCD92A 
 6301      C63923
 6302 007f 332933B8 		.ascii	"3)3\270\2444%3?\246<\277(\273\270 195\276\2648\265("
 6302      A4342533 
 6302      3FA63CBF 
 6302      28BBB820 
 6302      313935BE 
 6303 0097 26284437 		.ascii	"&(D78\304\327\330\310\335\304\334$\310U\327/\324\331"
 6303      38C4D7D8 
 6303      C8DDC4DC 
 6303      24C855D7 
 6303      2FD4D9
 6304 00aa C7D5DFCC 		.ascii	"\307\325\337\314\204\301]OO\037\210\222A:\363\213\215"
 6304      84C15D4F 
 6304      4F1F8892 
 6304      413AF38B 
 6304      8D
 6305 00bb 0C0D0DF5 		.ascii	"\014\015\015\365\363\213\3653\022s\364\013\362\213J"
 6305      F38BF533 
 6305      1273F40B 
 6305      F28B4A
ARM GAS  C:\Users\angio\AppData\Local\Temp\ccrvFn2X.s 			page 208


 6306 00ca 8AF5C19A 		.ascii	"\212\365\301\232\364}|\\\364C<}\313\014\365\213Kr\215"
 6306      F47D7C5C 
 6306      F4433C7D 
 6306      CB0CF58B 
 6306      4B728D
 6307 00dd 8DE24B32 		.ascii	"\215\342K2s\015\343\015M\343\015\315\342\015\315\365"
 6307      730DE30D 
 6307      4DE30DCD 
 6307      E20DCDF5 
 6308 00ed 32F39219 		.ascii	"2\363\222\031\000\354>b\177"
 6308      00EC3E62 
 6308      7F
 6309              		.text
 6310              		.section	.gnu.lto_tim2_irq_init.461.1f2b6e7c,"e",%progbits
 6311 0000 789C9BC3 		.ascii	"x\234\233\303\300\300P\016\304\212@\314\300\314\300"
 6311      C0C0500E 
 6311      C48A40CC 
 6311      C0CCC0
 6312 000f 38696217 		.ascii	"8ib\027\023\303\377\377\377\353Y\230\030\033U\030\267"
 6312      13C3FFFF 
 6312      FFEB5998 
 6312      181B5518 
 6312      B7
 6313 0020 3282D98C 		.ascii	"2\202\331\214\014\365L\214\365\214\223\2315\033\032"
 6313      0CF54C8C 
 6313      F58C9399 
 6313      351B1A
 6314 002f 1A7E2C9D 		.ascii	"\032~,\2357\257\231\273a\305\001\306%\314\014\014\363"
 6314      37AF99BB 
 6314      61C501C6 
 6314      25CC0C0C 
 6314      F3
 6315 0040 98196080 		.ascii	"\230\031`\200\015\306c\004\342\365\227X\0174\374\371"
 6315      0DC66304 
 6315      E2F59758 
 6315      0F34FCF9 
 6316 0050 DFDFD070 		.ascii	"\337\337\320p\364)\343*e\240x?3\310`0\220\007\252\230"
 6316      F429E32A 
 6316      65A0783F 
 6316      33C86030 
 6316      9007AA98 
 6317 0064 C0CC84E0 		.ascii	"\300\314\204\34022|`l}p\361\030#C\013#\323\022f\306"
 6317      32327C60 
 6317      6C7D70F1 
 6317      1823430B 
 6317      23D31266 
 6318 0079 79CC4015 		.ascii	"y\314@\025\223\230\227031\312@(\366%\314\314\014\237"
 6318      93989730 
 6318      3331CA40 
 6318      28F625CC 
 6318      CC0C9F
 6319 008c 189B1E5C 		.ascii	"\030\233\036\\u\003[\326\317\314\210l\032\003\203\231"
 6319      75035BD6 
 6319      CFCC886C 
 6319      1A038399 
 6320 009c B3558C73 		.ascii	"\263U\214sFfRfpIiJf~Ly~QvqAbrj|iqjQLP\210np\210\257"
 6320      46665266 
ARM GAS  C:\Users\angio\AppData\Local\Temp\ccrvFn2X.s 			page 209


 6320      7049694A 
 6320      667E4C79 
 6320      7E517671 
 6321 00c0 B191BB89 		.ascii	"\261\221\273\211\271I\220\253\256_\250\263\217\253\277"
 6321      B94990AB 
 6321      AE5FA8B3 
 6321      8FABBF
 6322 00cf 9909839D 		.ascii	"\231\011\203\235\236\236>\020%\203t\346\027\033\031"
 6322      9E9E3E10 
 6322      258374E6 
 6322      171B19
 6323 00de 1A1AEAE7 		.ascii	"\032\032\352\347\027\353g$\346\350\027\344\027\225\024"
 6323      17EB6724 
 6323      E6E817E4 
 6323      179514
 6324 00ed EB8335E9 		.ascii	"\353\2035\351\373\370\270\350\207x\372\226\031\352\027"
 6324      FBF8B8E8 
 6324      8778FA96 
 6324      19EA17
 6325 00fc 97E41A1B 		.ascii	"\227\344\032\033\305\227d\346\032\351e\346%3\000\000"
 6325      C59764E6 
 6325      1AE965E6 
 6325      25330000 
 6326 010c 70FC6A76 		.ascii	"p\374jv"
 6327              		.text
 6328              		.section	.gnu.lto_tim2_irq_deinit.462.1f2b6e7c,"e",%progbits
 6329 0000 789C9BCA 		.ascii	"x\234\233\312\300\300P\016\304\212@\314\300\314\300"
 6329      C0C0500E 
 6329      C48A40CC 
 6329      C0CCC0
 6330 000f 38696217 		.ascii	"8ib\027\023\303\377\377\377\353Y\230\030\033U\030\267"
 6330      13C3FFFF 
 6330      FFEB5998 
 6330      181B5518 
 6330      B7
 6331 0020 3282D98C 		.ascii	"2\202\331\214\014\365L\214\365\214\223\2315\033\032"
 6331      0CF54C8C 
 6331      F58C9399 
 6331      351B1A
 6332 002f 1A7E2C9D 		.ascii	"\032~,\235\267\246\231\273a\305\001\306%\314\014\014"
 6332      B7A699BB 
 6332      61C501C6 
 6332      25CC0C0C 
 6333 003f F3981960 		.ascii	"\363\230\031`\200\015\306c\004\342\365\227X\0174\374"
 6333      800DC663 
 6333      04E2F597 
 6333      580F34FC 
 6334 004f F9DFDFD0 		.ascii	"\371\337\337\320p\365)\343\016e\240x?3\310`0\220\007"
 6334      70F529E3 
 6334      0E65A078 
 6334      3F33C860 
 6334      309007
 6335 0062 AA98C0CC 		.ascii	"\252\230\300\314\204\34022|`lyp\367\030#C\013#\323\022"
 6335      84E03232 
 6335      7C606C79 
 6335      70F71823 
 6335      430B23D3 
ARM GAS  C:\Users\angio\AppData\Local\Temp\ccrvFn2X.s 			page 210


 6336 0077 66C679CC 		.ascii	"f\306y\314@\025\223\230\227031\312,aff\370\304\330\364"
 6336      40159398 
 6336      97303331 
 6336      CA2C6166 
 6336      66F8C4D8 
 6337 008c E0A31BD8 		.ascii	"\340\243\033\330\226~fFdc\030\030\314\234\255b\2343"
 6337      967E6646 
 6337      64631818 
 6337      CC9CAD62 
 6337      9C33
 6338 009e 32933283 		.ascii	"2\2232\203KJS2\363c\312\363\213\262\213\013\022\223"
 6338      4B4A5332 
 6338      F363CAF3 
 6338      8BB28B0B 
 6338      1293
 6339 00b0 53E34B8B 		.ascii	"S\343K\213S\213b\202Bt\203C|\215\215\334M\314M\202\\"
 6339      538B6282 
 6339      42748343 
 6339      7C8D8DDC 
 6339      4DCC4D82 
 6340 00c5 75FD429D 		.ascii	"u\375B\235}\\\375\315L\030\354\364\364\364\201(\031"
 6340      7D5CFDCD 
 6340      4C18ECF4 
 6340      F4F48128 
 6340      19
 6341 00d6 A433BFD8 		.ascii	"\2443\277\330\310\320\320P?\277X?#1G\277 \277\250\244"
 6341      C8D0D050 
 6341      3FBF583F 
 6341      233147BF 
 6341      20BFA8A4 
 6342 00ea 581FAC49 		.ascii	"X\037\254I\337\307\307E?\304\323\267\314P\277\270$\327"
 6342      DFC7C745 
 6342      3FC4D3B7 
 6342      CC50BFB8 
 6342      24D7
 6343 00fc D828BE24 		.ascii	"\330(\276$3\327H/3/\231\001\000^\300i|"
 6343      33D7482F 
 6343      332F9901 
 6343      005EC069 
 6343      7C
 6344              		.text
 6345              		.section	.gnu.lto_VectorB0.463.1f2b6e7c,"e",%progbits
 6346 0000 789C4D4E 		.ascii	"x\234MN\261K\002q\024~\357\236'N\375\013\021\2664\350"
 6346      B14B0271 
 6346      147EEF9E 
 6346      274EFD0B 
 6346      11B634E8 
 6347 0014 AF3BC5A0 		.ascii	"\257;\305\240\241\345\022\011\264@m\023\304L\360(;\361"
 6347      A1E51209 
 6347      B4406D13 
 6347      C44CF028 
 6347      3BF1
 6348 0026 CE1CFDA5 		.ascii	"\316\034\375\245N-\226\255%\024W\2645\005\265IKKSS4"
 6348      4E2D96AD 
 6348      251457B4 
 6348      3505B549 
 6348      4B4B5353 
ARM GAS  C:\Users\angio\AppData\Local\Temp\ccrvFn2X.s 			page 211


 6349 003b 39446384 		.ascii	"9Dc\204\0214\224\327\357\016\244\036\357\203\367}|\337"
 6349      113494D7 
 6349      EF0EA41E 
 6349      EF83F77D 
 6349      7CDF
 6350 004d E37B0580 		.ascii	"\343{\005\200\206\300\214\000\020`\357p_\002\307q\232"
 6350      86C08C00 
 6350      1060EF70 
 6350      5F02C771 
 6350      9A
 6351 005e 3E09F766 		.ascii	">\011\367f\361\032\275\033\241)a\023\217h\216s\376u"
 6351      F11ABD1B 
 6351      A1296113 
 6351      8F688E73 
 6351      FE75
 6352 0070 DE7F08F2 		.ascii	"\336\177\010\362\313\001\332\004\320'\230\214\177\302"
 6352      CB01DA04 
 6352      D027988C 
 6352      7FC2
 6353 007e 50E0EA51 		.ascii	"P\340\352Q\036\360o\247\313\371\347\013\216\2032\202"
 6353      1EF06FA7 
 6353      CBF9E70B 
 6353      8E833282 
 6354 008e 4D42EF92 		.ascii	"MB\357\222\373\334\233iA\017H\372\243\010\357\330\036"
 6354      FBDC9B69 
 6354      410F48FA 
 6354      A308EFD8 
 6354      1E
 6355 009f 7EDC2374 		.ascii	"~\334#tP\262I\352\273\001\233\010\336\2605z\032\343"
 6355      50B249EA 
 6355      BB019B08 
 6355      DEB0357A 
 6355      1AE3
 6356 00b1 19618FC4 		.ascii	"\031a\217\304\027\344\317m>%\324\273Q\340x\242\201\270"
 6356      17E4CF6D 
 6356      3E25D4BB 
 6356      51E078A2 
 6356      81B8
 6357 00c3 2E50B40B 		.ascii	".P\264\013\330\344\023N\274A\230?\365\250\214\267x\342"
 6357      D8E4134E 
 6357      BC41983F 
 6357      F5A88CB7 
 6357      78E2
 6358 00d5 16739D7E 		.ascii	"\026s\235~\327\303\021F\330\032\376$\274\336]\302\377"
 6358      D7C31146 
 6358      D81AFE24 
 6358      BCDE5DC2 
 6358      FF
 6359 00e6 9D0062DA 		.ascii	"\235\000b\332bN+\353\033z\306\252o\352F\256a\324\266"
 6359      624E2BEB 
 6359      1B7AC6AA 
 6359      6FEA46AE 
 6359      61D4B6
 6360 00f9 CC6AA158 		.ascii	"\314j\241X\312\327\315R-\227\316\2062\331TDMD\027\242"
 6360      CAD7CD52 
 6360      2D97CE86 
 6360      32D95444 
ARM GAS  C:\Users\angio\AppData\Local\Temp\ccrvFn2X.s 			page 212


 6360      4D4417A2 
 6361 010d E9786875 		.ascii	"\351xhu]K\306\327bQX\012\207\231\330\242\2334LUQ\024"
 6361      5D4BC6D7 
 6361      6251580A 
 6361      8799D8A2 
 6361      9B344C55 
 6362 0123 6698AC5C 		.ascii	"f\230\254\\\330fU\243f\231\314\013\261dr\231eWR\273"
 6362      D86655A3 
 6362      6699CC0B 
 6362      B1647299 
 6362      655752BB 
 6363 0137 0A33AD4A 		.ascii	"\0123\255JD\315[zE\015\353;E\370\005\357\254\202k"
 6363      44CD5B7A 
 6363      450DEB3B 
 6363      45F805EF 
 6363      AC826B
 6364              		.text
 6365              		.section	.gnu.lto_tim3_irq_init.464.1f2b6e7c,"e",%progbits
 6366 0000 789C9BC3 		.ascii	"x\234\233\303\300\300P\016\304\212@\314\300\314\300"
 6366      C0C0500E 
 6366      C48A40CC 
 6366      C0CCC0
 6367 000f 38696217 		.ascii	"8ib\027\023\303\377\377\377\353Y\230\030\033U\030\267"
 6367      13C3FFFF 
 6367      FFEB5998 
 6367      181B5518 
 6367      B7
 6368 0020 3282D98C 		.ascii	"2\202\331\214\014\365L\214\365\214\223\2315\033\032"
 6368      0CF54C8C 
 6368      F58C9399 
 6368      351B1A
 6369 002f 1A7E2C9D 		.ascii	"\032~,\2357\257\231\273a\305\001\306%\314\014\014\363"
 6369      37AF99BB 
 6369      61C501C6 
 6369      25CC0C0C 
 6369      F3
 6370 0040 98196080 		.ascii	"\230\031`\200\015\306c\004\342\365\227X\0174\374\371"
 6370      0DC66304 
 6370      E2F59758 
 6370      0F34FCF9 
 6371 0050 DFDFD070 		.ascii	"\337\337\320p\364)\343*e\240x?3\310`0\220\007\252\230"
 6371      F429E32A 
 6371      65A0783F 
 6371      33C86030 
 6371      9007AA98 
 6372 0064 C0CC84E0 		.ascii	"\300\314\204\34022|`l}p\361\030#C\013#\323\022f\306"
 6372      32327C60 
 6372      6C7D70F1 
 6372      1823430B 
 6372      23D31266 
 6373 0079 79CC4015 		.ascii	"y\314@\025\223\230\227031\312B(\366%\314\314\014\237"
 6373      93989730 
 6373      3331CA42 
 6373      28F625CC 
 6373      CC0C9F
 6374 008c 189B1E5C 		.ascii	"\030\233\036\\u\003[\326\317\314\210l\032\003\203\231"
 6374      75035BD6 
ARM GAS  C:\Users\angio\AppData\Local\Temp\ccrvFn2X.s 			page 213


 6374      CFCC886C 
 6374      1A038399 
 6375 009c B3558C73 		.ascii	"\263U\214sFfRfpIiJf~Ly~QvqAbrj|iqjQLP\210np\210\257"
 6375      46665266 
 6375      7049694A 
 6375      667E4C79 
 6375      7E517671 
 6376 00c0 B191BB89 		.ascii	"\261\221\273\211\271I\220\253\256_\250\263\217\253\277"
 6376      B94990AB 
 6376      AE5FA8B3 
 6376      8FABBF
 6377 00cf 9909839D 		.ascii	"\231\011\203\235\236\236>\020%\203t\346\027\033\031"
 6377      9E9E3E10 
 6377      258374E6 
 6377      171B19
 6378 00de 1A1AEAE7 		.ascii	"\032\032\352\347\027\353g$\346\350\027\344\027\225\024"
 6378      17EB6724 
 6378      E6E817E4 
 6378      179514
 6379 00ed EB8335E9 		.ascii	"\353\2035\351\373\370\270\350\207x\372\226\031\352\027"
 6379      FBF8B8E8 
 6379      8778FA96 
 6379      19EA17
 6380 00fc 97E41A1B 		.ascii	"\227\344\032\033\305\227d\346\032\353e\346%3\000\000"
 6380      C59764E6 
 6380      1AEB65E6 
 6380      25330000 
 6381 010c 71A06A78 		.ascii	"q\240jx"
 6382              		.text
 6383              		.section	.gnu.lto_tim3_irq_deinit.465.1f2b6e7c,"e",%progbits
 6384 0000 789C9BCA 		.ascii	"x\234\233\312\300\300P\016\304\212@\314\300\314\300"
 6384      C0C0500E 
 6384      C48A40CC 
 6384      C0CCC0
 6385 000f 38696217 		.ascii	"8ib\027\023\303\377\377\377\353Y\230\030\033U\030\267"
 6385      13C3FFFF 
 6385      FFEB5998 
 6385      181B5518 
 6385      B7
 6386 0020 3282D98C 		.ascii	"2\202\331\214\014\365L\214\365\214\223\2315\033\032"
 6386      0CF54C8C 
 6386      F58C9399 
 6386      351B1A
 6387 002f 1A7E2C9D 		.ascii	"\032~,\235\267\246\231\273a\305\001\306%\314\014\014"
 6387      B7A699BB 
 6387      61C501C6 
 6387      25CC0C0C 
 6388 003f F3981960 		.ascii	"\363\230\031`\200\015\306c\004\342\365\227X\0174\374"
 6388      800DC663 
 6388      04E2F597 
 6388      580F34FC 
 6389 004f F9DFDFD0 		.ascii	"\371\337\337\320p\365)\343\016e\240x?3\310`0\220\007"
 6389      70F529E3 
 6389      0E65A078 
 6389      3F33C860 
 6389      309007
 6390 0062 AA98C0CC 		.ascii	"\252\230\300\314\204\34022|`lyp\367\030#C\013#\323\022"
ARM GAS  C:\Users\angio\AppData\Local\Temp\ccrvFn2X.s 			page 214


 6390      84E03232 
 6390      7C606C79 
 6390      70F71823 
 6390      430B23D3 
 6391 0077 66C679CC 		.ascii	"f\306y\314@\025\223\230\227031\312.aff\370\304\330\364"
 6391      40159398 
 6391      97303331 
 6391      CA2E6166 
 6391      66F8C4D8 
 6392 008c E0A31BD8 		.ascii	"\340\243\033\330\226~fFdc\030\030\314\234\255b\2343"
 6392      967E6646 
 6392      64631818 
 6392      CC9CAD62 
 6392      9C33
 6393 009e 32933283 		.ascii	"2\2232\203KJS2\363c\312\363\213\262\213\013\022\223"
 6393      4B4A5332 
 6393      F363CAF3 
 6393      8BB28B0B 
 6393      1293
 6394 00b0 53E34B8B 		.ascii	"S\343K\213S\213b\202Bt\203C|\215\215\334M\314M\202\\"
 6394      538B6282 
 6394      42748343 
 6394      7C8D8DDC 
 6394      4DCC4D82 
 6395 00c5 75FD429D 		.ascii	"u\375B\235}\\\375\315L\030\354\364\364\364\201(\031"
 6395      7D5CFDCD 
 6395      4C18ECF4 
 6395      F4F48128 
 6395      19
 6396 00d6 A433BFD8 		.ascii	"\2443\277\330\310\320\320P?\277X?#1G\277 \277\250\244"
 6396      C8D0D050 
 6396      3FBF583F 
 6396      233147BF 
 6396      20BFA8A4 
 6397 00ea 581FAC49 		.ascii	"X\037\254I\337\307\307E?\304\323\267\314P\277\270$\327"
 6397      DFC7C745 
 6397      3FC4D3B7 
 6397      CC50BFB8 
 6397      24D7
 6398 00fc D828BE24 		.ascii	"\330(\276$3\327X/3/\231\001\000_]i~"
 6398      33D7582F 
 6398      332F9901 
 6398      005F5D69 
 6398      7E
 6399              		.text
 6400              		.section	.gnu.lto_VectorB4.466.1f2b6e7c,"e",%progbits
 6401 0000 789C4D4F 		.ascii	"x\234MO1KBQ\030\375\276w\325\234\372\005A\204-\015z"
 6401      314B4251 
 6401      18FDBE77 
 6401      D59CFA05 
 6401      41842D0D 
 6402 0015 7B2A060D 		.ascii	"{*\006\015-\026\022h\201\332&\210\231\340\243\354\211"
 6402      2D161268 
 6402      81DA2688 
 6402      99E0A3EC 
 6402      89
 6403 0026 EF99A337 		.ascii	"\357\231\2437sj\261l5\241x\205[\223TP --MM\321\344\320"
ARM GAS  C:\Users\angio\AppData\Local\Temp\ccrvFn2X.s 			page 215


 6403      736AB16C 
 6403      35A17885 
 6403      5B935450 
 6403      202D2D4D 
 6404 003e 1C21040D 		.ascii	"\034!\004\015\345\353\336+R\037\367\3029\207s\016\337"
 6404      E5EBDE2B 
 6404      521FF7C2 
 6404      3987730E 
 6404      DF
 6405 004f 37850015 		.ascii	"7\205\000\025\000\230\341\037\010`\363\370P\001\333"
 6405      0098E11F 
 6405      0860F3F8 
 6405      5001DB
 6406 005e B6AB0E05 		.ascii	"\266\253\016\005\367g\261\213\022#T\025\254\342\011"
 6406      F767B18B 
 6406      12235415 
 6406      ACE209
 6407 006d 99638C7D 		.ascii	"\231c\214}]\264\237<\254\323C\213\000\264\011\214\307"
 6407      5DB49F3C 
 6407      ACD3438B 
 6407      00B4098C 
 6407      C7
 6408 007e 3566BC12 		.ascii	"5f\274\022\256\236\235=\366m7\030\373|\303\241\307\211"
 6408      AE9E9D3D 
 6408      F66D3718 
 6408      FB7CC3A1 
 6408      C789
 6409 0090 6011AE37 		.ascii	"`\021\2567\210(\2273\315\351\021Q\376(\302\007\326\373"
 6409      88289733 
 6409      CDE91151 
 6409      FE28C207 
 6409      D6FB
 6410 00a2 DD47843A 		.ascii	"\335G\204:*\026Q\332\"\320\"\330$\026\341\220#\251\223"
 6410      2A1651DA 
 6410      22D022D8 
 6410      2416E190 
 6410      23A993
 6411 00b5 0E91F2A5 		.ascii	"\016\221\362\245\250t\340\015\342\265H\324\030s\013"
 6411      A874E00D 
 6411      E2B548D4 
 6411      18730B
 6412 00c4 DF2DF2A5 		.ascii	"\337-\362\245-\342\204w\254\015^\206x>*@d\257\007l\222"
 6412      2DE28477 
 6412      AC0D5E86 
 6412      783E2A40 
 6412      64AF076C 
 6413 00d9 AB0F0377 		.ascii	"\253\017\003wk\254\215z\230\214\272\270\023\357\020"
 6413      6BAC8D7A 
 6413      988CBAB8 
 6413      13EF10
 6414 00e8 E6CF249D 		.ascii	"\346\317$\235\300{<\025\347\010\247[x\030\302\000k\375"
 6414      C07B3C15 
 6414      E708A75B 
 6414      7818C200 
 6414      6BFD
 6415 00fa 9F88BCB6 		.ascii	"\237\210\274\266A\360\377%\000\241\360b*\234\3276\265"
 6415      41F0FF25 
ARM GAS  C:\Users\angio\AppData\Local\Temp\ccrvFn2X.s 			page 216


 6415      00A1F062 
 6415      2A9CD736 
 6415      B5
 6416 010b 8459DED2 		.ascii	"\204Y\336\322\364TE/m\033\305L6\227.\033\271R*\236\364"
 6416      F454452F 
 6416      6D1BC54C 
 6416      36972E1B 
 6416      B9522A9E 
 6417 0120 2692B180 		.ascii	"&\222\261\200?\022\\\010\306W\274k\033\341\350\312z"
 6417      3F125C08 
 6417      C657BC6B 
 6417      1BE1E8CA 
 6417      7A
 6418 0131 28084B3E 		.ascii	"(\010K>\037\345/+\222\272\341WU\225\352\006\315gvhQ"
 6418      1FE52F2B 
 6418      92BAE157 
 6418      5595EA06 
 6418      CD677668 
 6419 0146 2F990695 		.ascii	"/\231\006\225!\032\215.\323\344jlO\245\206Y\010\370"
 6419      211A8D2E 
 6419      D3E46A6C 
 6419      4FA58659 
 6419      08F8
 6420 0158 D3A65608 		.ascii	"\323\246V\010\370\264\335,\374\002\017\027\215b"
 6420      F8B4DD2C 
 6420      FC020F17 
 6420      8D62
 6421              		.text
 6422              		.section	.gnu.lto_tim4_irq_init.467.1f2b6e7c,"e",%progbits
 6423 0000 789C2B65 		.ascii	"x\234+e``(\007bE f`f`\2344\261\213\211\341\377\377\377"
 6423      60602807 
 6423      62452066 
 6423      6066609C 
 6423      34B18B89 
 6424 0018 F52C4C8C 		.ascii	"\365,L\214\215*\214[\031\301lF\206z&\306z\306\311\314"
 6424      8D2A8C5B 
 6424      19C16C46 
 6424      867A26C6 
 6424      7AC6C9CC 
 6425 002c 9A0D0D0D 		.ascii	"\232\015\015\015?\226\316\233\327\314\335\260\342\000"
 6425      3F96CE9B 
 6425      D7CCDDB0 
 6425      E200
 6426 003a E3126606 		.ascii	"\343\022f\006\206y\314\0140\300\006\3431\002\361\372"
 6426      8679CC0C 
 6426      30C006E3 
 6426      3102F1FA 
 6427 004a 4BAC071A 		.ascii	"K\254\007\032\376\374\357oh8\372\224q\2252\023\003C"
 6427      FEFCEF6F 
 6427      6838FA94 
 6427      71953213 
 6427      0343
 6428 005c 3F33C860 		.ascii	"?3\310`0\220\007\252\230\300\314\204\34022|blR\000\233"
 6428      309007AA 
 6428      98C0CC84 
 6428      E032327C 
 6428      626C5200 
ARM GAS  C:\Users\angio\AppData\Local\Temp\ccrvFn2X.s 			page 217


 6429 0071 D2CFCC88 		.ascii	"\322\317\314\210\254\214\201\301\314\331*\3069#3)3\270"
 6429      AC8C81C1 
 6429      CCD92AC6 
 6429      39233329 
 6429      33B8
 6430 0083 A4342533 		.ascii	"\2444%3?\246<\277(\273\270 195\276\2648\265(&(D78\304"
 6430      3FA63CBF 
 6430      28BBB820 
 6430      313935BE 
 6430      B438B528 
 6431 009d D7D8C8DD 		.ascii	"\327\330\310\335\304\334$\310U\327/\324\331\307\325"
 6431      C4DC24C8 
 6431      55D72FD4 
 6431      D9C7D5
 6432 00ac DFCC84C1 		.ascii	"\337\314\204\301NOO\037\210\222A:\363\213\215\014\015"
 6432      4E4F4F1F 
 6432      8892413A 
 6432      F38B8D0C 
 6432      0D
 6433 00bd 0DF5F38B 		.ascii	"\015\365\363\213\3653\022s\364\013\362\213J\212\365"
 6433      F5331273 
 6433      F40BF28B 
 6433      4A8AF5
 6434 00cc C19AF47D 		.ascii	"\301\232\364}|\\\364C<}\313\014\365\213Kr\215\215\342"
 6434      7C5CF443 
 6434      3C7DCB0C 
 6434      F58B4B72 
 6434      8D8DE2
 6435 00df 4B32734D 		.ascii	"K2sM\3642\363\222\031\000\352\001_k"
 6435      F432F392 
 6435      1900EA01 
 6435      5F6B
 6436              		.text
 6437              		.section	.gnu.lto_tim4_irq_deinit.468.1f2b6e7c,"e",%progbits
 6438 0000 789C2B65 		.ascii	"x\234+e``(\007bE f`f`\2344\261\213\211\341\377\377\377"
 6438      60602807 
 6438      62452066 
 6438      6066609C 
 6438      34B18B89 
 6439 0018 F52C4C8C 		.ascii	"\365,L\214\215*\214[\031\301lF\206z&\306z\306\311\314"
 6439      8D2A8C5B 
 6439      19C16C46 
 6439      867A26C6 
 6439      7AC6C9CC 
 6440 002c 9A0D0D0D 		.ascii	"\232\015\015\015?\226\316[\323\314\335\260\342\000\343"
 6440      3F96CE5B 
 6440      D3CCDDB0 
 6440      E200E3
 6441 003b 12660686 		.ascii	"\022f\006\206y\314\0140\300\006\3431\002\361\372K\254"
 6441      79CC0C30 
 6441      C006E331 
 6441      02F1FA4B 
 6441      AC
 6442 004c 071AFEFC 		.ascii	"\007\032\376\374\357oh\270\372\224q\2072\023\003C?3"
 6442      EF6F68B8 
 6442      FA947187 
 6442      32130343 
ARM GAS  C:\Users\angio\AppData\Local\Temp\ccrvFn2X.s 			page 218


 6442      3F33
 6443 005e C8603090 		.ascii	"\310`0\220\007\252\230\300\314\204\34022|blR\000\233"
 6443      07AA98C0 
 6443      CC84E032 
 6443      327C626C 
 6443      52009B
 6444 0071 D2CFCC88 		.ascii	"\322\317\314\210\254\214\201\301\314\331*\3069#3)3\270"
 6444      AC8C81C1 
 6444      CCD92AC6 
 6444      39233329 
 6444      33B8
 6445 0083 A4342533 		.ascii	"\2444%3?\246<\277(\273\270 195\276\2648\265(&(D78\304"
 6445      3FA63CBF 
 6445      28BBB820 
 6445      313935BE 
 6445      B438B528 
 6446 009d D7D8C8DD 		.ascii	"\327\330\310\335\304\334$\310U\327/\324\331\307\325"
 6446      C4DC24C8 
 6446      55D72FD4 
 6446      D9C7D5
 6447 00ac DFCC84C1 		.ascii	"\337\314\204\301NOO\037\210\222A:\363\213\215\014\015"
 6447      4E4F4F1F 
 6447      8892413A 
 6447      F38B8D0C 
 6447      0D
 6448 00bd 0DF5F38B 		.ascii	"\015\365\363\213\3653\022s\364\013\362\213J\212\365"
 6448      F5331273 
 6448      F40BF28B 
 6448      4A8AF5
 6449 00cc C19AF47D 		.ascii	"\301\232\364}|\\\364C<}\313\014\365\213Kr\215\215\342"
 6449      7C5CF443 
 6449      3C7DCB0C 
 6449      F58B4B72 
 6449      8D8DE2
 6450 00df 4B32734D 		.ascii	"K2sM\3642\363\222\031\000\013\244_\227"
 6450      F432F392 
 6450      19000BA4 
 6450      5F97
 6451              		.text
 6452              		.section	.gnu.lto_tim5_irq_init.469.1f2b6e7c,"e",%progbits
 6453 0000 789C2B65 		.ascii	"x\234+e``(\007bE f`f`\2344\261\213\211\341\377\377\377"
 6453      60602807 
 6453      62452066 
 6453      6066609C 
 6453      34B18B89 
 6454 0018 F52C4C8C 		.ascii	"\365,L\214\215*\214[\031\301lF\206z&\306z\306\311\314"
 6454      8D2A8C5B 
 6454      19C16C46 
 6454      867A26C6 
 6454      7AC6C9CC 
 6455 002c 9A0D0D0D 		.ascii	"\232\015\015\015?\226\316\233\327\314\335\260\342\000"
 6455      3F96CE9B 
 6455      D7CCDDB0 
 6455      E200
 6456 003a E3126606 		.ascii	"\343\022f\006\206y\314\0140\300\006\3431\002\361\372"
 6456      8679CC0C 
 6456      30C006E3 
ARM GAS  C:\Users\angio\AppData\Local\Temp\ccrvFn2X.s 			page 219


 6456      3102F1FA 
 6457 004a 4BAC071A 		.ascii	"K\254\007\032\376\374\357oh8\372\224q\2252\023\003C"
 6457      FEFCEF6F 
 6457      6838FA94 
 6457      71953213 
 6457      0343
 6458 005c 3F33C860 		.ascii	"?3\310`0\220\007\252\230\300\314\204\34022|blR\000\233"
 6458      309007AA 
 6458      98C0CC84 
 6458      E032327C 
 6458      626C5200 
 6459 0071 D2CFCC88 		.ascii	"\322\317\314\210\254\214\201\301\314\331*\3069#3)3\270"
 6459      AC8C81C1 
 6459      CCD92AC6 
 6459      39233329 
 6459      33B8
 6460 0083 A4342533 		.ascii	"\2444%3?\246<\277(\273\270 195\276\2648\265(&(D78\304"
 6460      3FA63CBF 
 6460      28BBB820 
 6460      313935BE 
 6460      B438B528 
 6461 009d D7D8C8DD 		.ascii	"\327\330\310\335\304\334$\310U\327/\324\331\307\325"
 6461      C4DC24C8 
 6461      55D72FD4 
 6461      D9C7D5
 6462 00ac DFCC84C1 		.ascii	"\337\314\204\301NOO\037\210\222A:\363\213\215\014\015"
 6462      4E4F4F1F 
 6462      8892413A 
 6462      F38B8D0C 
 6462      0D
 6463 00bd 0DF5F38B 		.ascii	"\015\365\363\213\3653\022s\364\013\362\213J\212\365"
 6463      F5331273 
 6463      F40BF28B 
 6463      4A8AF5
 6464 00cc C19AF47D 		.ascii	"\301\232\364}|\\\364C<}\313\014\365\213Kr\215\215\342"
 6464      7C5CF443 
 6464      3C7DCB0C 
 6464      F58B4B72 
 6464      8D8DE2
 6465 00df 4B32734D 		.ascii	"K2sM\3652\363\222\031\000\352\007_l"
 6465      F532F392 
 6465      1900EA07 
 6465      5F6C
 6466              		.text
 6467              		.section	.gnu.lto_tim5_irq_deinit.470.1f2b6e7c,"e",%progbits
 6468 0000 789C2B65 		.ascii	"x\234+e``(\007bE f`f`\2344\261\213\211\341\377\377\377"
 6468      60602807 
 6468      62452066 
 6468      6066609C 
 6468      34B18B89 
 6469 0018 F52C4C8C 		.ascii	"\365,L\214\215*\214[\031\301lF\206z&\306z\306\311\314"
 6469      8D2A8C5B 
 6469      19C16C46 
 6469      867A26C6 
 6469      7AC6C9CC 
 6470 002c 9A0D0D0D 		.ascii	"\232\015\015\015?\226\316[\323\314\335\260\342\000\343"
 6470      3F96CE5B 
ARM GAS  C:\Users\angio\AppData\Local\Temp\ccrvFn2X.s 			page 220


 6470      D3CCDDB0 
 6470      E200E3
 6471 003b 12660686 		.ascii	"\022f\006\206y\314\0140\300\006\3431\002\361\372K\254"
 6471      79CC0C30 
 6471      C006E331 
 6471      02F1FA4B 
 6471      AC
 6472 004c 071AFEFC 		.ascii	"\007\032\376\374\357oh\270\372\224q\2072\023\003C?3"
 6472      EF6F68B8 
 6472      FA947187 
 6472      32130343 
 6472      3F33
 6473 005e C8603090 		.ascii	"\310`0\220\007\252\230\300\314\204\34022|blR\000\233"
 6473      07AA98C0 
 6473      CC84E032 
 6473      327C626C 
 6473      52009B
 6474 0071 D2CFCC88 		.ascii	"\322\317\314\210\254\214\201\301\314\331*\3069#3)3\270"
 6474      AC8C81C1 
 6474      CCD92AC6 
 6474      39233329 
 6474      33B8
 6475 0083 A4342533 		.ascii	"\2444%3?\246<\277(\273\270 195\276\2648\265(&(D78\304"
 6475      3FA63CBF 
 6475      28BBB820 
 6475      313935BE 
 6475      B438B528 
 6476 009d D7D8C8DD 		.ascii	"\327\330\310\335\304\334$\310U\327/\324\331\307\325"
 6476      C4DC24C8 
 6476      55D72FD4 
 6476      D9C7D5
 6477 00ac DFCC84C1 		.ascii	"\337\314\204\301NOO\037\210\222A:\363\213\215\014\015"
 6477      4E4F4F1F 
 6477      8892413A 
 6477      F38B8D0C 
 6477      0D
 6478 00bd 0DF5F38B 		.ascii	"\015\365\363\213\3653\022s\364\013\362\213J\212\365"
 6478      F5331273 
 6478      F40BF28B 
 6478      4A8AF5
 6479 00cc C19AF47D 		.ascii	"\301\232\364}|\\\364C<}\313\014\365\213Kr\215\215\342"
 6479      7C5CF443 
 6479      3C7DCB0C 
 6479      F58B4B72 
 6479      8D8DE2
 6480 00df 4B32734D 		.ascii	"K2sM\3652\363\222\031\000\013\252_\230"
 6480      F532F392 
 6480      19000BAA 
 6480      5F98
 6481              		.text
 6482              		.section	.gnu.lto_tim6_irq_init.471.1f2b6e7c,"e",%progbits
 6483 0000 789C9BC3 		.ascii	"x\234\233\303\300\300P\016\304\212@\314\300\314\300"
 6483      C0C0500E 
 6483      C48A40CC 
 6483      C0CCC0
 6484 000f 38696217 		.ascii	"8ib\027\023\303\377\377\377\353Y\230\030\033U\030\267"
 6484      13C3FFFF 
ARM GAS  C:\Users\angio\AppData\Local\Temp\ccrvFn2X.s 			page 221


 6484      FFEB5998 
 6484      181B5518 
 6484      B7
 6485 0020 3282D98C 		.ascii	"2\202\331\214\014\365L\214\365\214\223\2315\033\032"
 6485      0CF54C8C 
 6485      F58C9399 
 6485      351B1A
 6486 002f 1A7E2C9D 		.ascii	"\032~,\2357\257\231\273a\305\001\306%\314\014\014\363"
 6486      37AF99BB 
 6486      61C501C6 
 6486      25CC0C0C 
 6486      F3
 6487 0040 98196080 		.ascii	"\230\031`\200\015\306c\004\342\365\227X\0174\374\371"
 6487      0DC66304 
 6487      E2F59758 
 6487      0F34FCF9 
 6488 0050 DFDFD070 		.ascii	"\337\337\320p\364)\343*e\240x?3\310`0\220\007\252\230"
 6488      F429E32A 
 6488      65A0783F 
 6488      33C86030 
 6488      9007AA98 
 6489 0064 C0CC84E0 		.ascii	"\300\314\204\34022|`l}p\361\030#C\013#\323\022f\306"
 6489      32327C60 
 6489      6C7D70F1 
 6489      1823430B 
 6489      23D31266 
 6490 0079 79CC4015 		.ascii	"y\314@\025\223\230\227031\232A(\366%\314\314\014\237"
 6490      93989730 
 6490      33319A41 
 6490      28F625CC 
 6490      CC0C9F
 6491 008c 189B1E5C 		.ascii	"\030\233\036\\u\003[\326\317\314\210l\032\003\203\231"
 6491      75035BD6 
 6491      CFCC886C 
 6491      1A038399 
 6492 009c B3558C73 		.ascii	"\263U\214sFfRfpIiJf~Ly~QvqAbrj|iqjQLP\210np\210\257"
 6492      46665266 
 6492      7049694A 
 6492      667E4C79 
 6492      7E517671 
 6493 00c0 B191BB89 		.ascii	"\261\221\273\211\271I\220\253\256_\250\263\217\253\277"
 6493      B94990AB 
 6493      AE5FA8B3 
 6493      8FABBF
 6494 00cf 9909839D 		.ascii	"\231\011\203\235\236\236>\020%\203t\346\027\033\031"
 6494      9E9E3E10 
 6494      258374E6 
 6494      171B19
 6495 00de 1A1AEAE7 		.ascii	"\032\032\352\347\027\353g$\346\350\027\344\027\225\024"
 6495      17EB6724 
 6495      E6E817E4 
 6495      179514
 6496 00ed EB8335E9 		.ascii	"\353\2035\351\373\370\270\350\207x\372\226\031\352\027"
 6496      FBF8B8E8 
 6496      8778FA96 
 6496      19EA17
 6497 00fc 97E41A1B 		.ascii	"\227\344\032\033\305\227d\346\232\351e\346%3\000\000"
ARM GAS  C:\Users\angio\AppData\Local\Temp\ccrvFn2X.s 			page 222


 6497      C59764E6 
 6497      9AE965E6 
 6497      25330000 
 6498 010c 81206A94 		.ascii	"\201 j\224"
 6499              		.text
 6500              		.section	.gnu.lto_tim6_irq_deinit.472.1f2b6e7c,"e",%progbits
 6501 0000 789C9BCA 		.ascii	"x\234\233\312\300\300P\016\304\212@\314\300\314\300"
 6501      C0C0500E 
 6501      C48A40CC 
 6501      C0CCC0
 6502 000f 38696217 		.ascii	"8ib\027\023\303\377\377\377\353Y\230\030\033U\030\267"
 6502      13C3FFFF 
 6502      FFEB5998 
 6502      181B5518 
 6502      B7
 6503 0020 3282D98C 		.ascii	"2\202\331\214\014\365L\214\365\214\223\2315\033\032"
 6503      0CF54C8C 
 6503      F58C9399 
 6503      351B1A
 6504 002f 1A7E2C9D 		.ascii	"\032~,\235\267\246\231\273a\305\001\306%\314\014\014"
 6504      B7A699BB 
 6504      61C501C6 
 6504      25CC0C0C 
 6505 003f F3981960 		.ascii	"\363\230\031`\200\015\306c\004\342\365\227X\0174\374"
 6505      800DC663 
 6505      04E2F597 
 6505      580F34FC 
 6506 004f F9DFDFD0 		.ascii	"\371\337\337\320p\365)\343\016e\240x?3\310`0\220\007"
 6506      70F529E3 
 6506      0E65A078 
 6506      3F33C860 
 6506      309007
 6507 0062 AA98C0CC 		.ascii	"\252\230\300\314\204\34022|`lyp\367\030#C\013#\323\022"
 6507      84E03232 
 6507      7C606C79 
 6507      70F71823 
 6507      430B23D3 
 6508 0077 66C679CC 		.ascii	"f\306y\314@\025\223\230\227031\232-aff\370\304\330\364"
 6508      40159398 
 6508      97303331 
 6508      9A2D6166 
 6508      66F8C4D8 
 6509 008c E0A31BD8 		.ascii	"\340\243\033\330\226~fFdc\030\030\314\234\255b\2343"
 6509      967E6646 
 6509      64631818 
 6509      CC9CAD62 
 6509      9C33
 6510 009e 32933283 		.ascii	"2\2232\203KJS2\363c\312\363\213\262\213\013\022\223"
 6510      4B4A5332 
 6510      F363CAF3 
 6510      8BB28B0B 
 6510      1293
 6511 00b0 53E34B8B 		.ascii	"S\343K\213S\213b\202Bt\203C|\215\215\334M\314M\202\\"
 6511      538B6282 
 6511      42748343 
 6511      7C8D8DDC 
 6511      4DCC4D82 
ARM GAS  C:\Users\angio\AppData\Local\Temp\ccrvFn2X.s 			page 223


 6512 00c5 75FD429D 		.ascii	"u\375B\235}\\\375\315L\030\354\364\364\364\201(\031"
 6512      7D5CFDCD 
 6512      4C18ECF4 
 6512      F4F48128 
 6512      19
 6513 00d6 A433BFD8 		.ascii	"\2443\277\330\310\320\320P?\277X?#1G\277 \277\250\244"
 6513      C8D0D050 
 6513      3FBF583F 
 6513      233147BF 
 6513      20BFA8A4 
 6514 00ea 581FAC49 		.ascii	"X\037\254I\337\307\307E?\304\323\267\314P\277\270$\327"
 6514      DFC7C745 
 6514      3FC4D3B7 
 6514      CC50BFB8 
 6514      24D7
 6515 00fc D828BE24 		.ascii	"\330(\276$3\327L/3/\231\001\000n.i\232"
 6515      33D74C2F 
 6515      332F9901 
 6515      006E2E69 
 6515      9A
 6516              		.text
 6517              		.section	.gnu.lto_Vector118.473.1f2b6e7c,"e",%progbits
 6518 0000 789C4D4F 		.ascii	"x\234MO1KBQ\030\375\276w\325\234\372\005A\204-\015z"
 6518      314B4251 
 6518      18FDBE77 
 6518      D59CFA05 
 6518      41842D0D 
 6519 0015 7B2A060D 		.ascii	"{*\006\015-\026\022h\201\332&\210\231\340\243\354\211"
 6519      2D161268 
 6519      81DA2688 
 6519      99E0A3EC 
 6519      89
 6520 0026 EF99A337 		.ascii	"\357\231\2437sj\261l5\241x\205[\223TP --MM\321\344\320"
 6520      736AB16C 
 6520      35A17885 
 6520      5B935450 
 6520      202D2D4D 
 6521 003e 1C21040D 		.ascii	"\034!\004\015\345\353\336+R\037\367\3029\207s\016\337"
 6521      E5EBDE2B 
 6521      521FF7C2 
 6521      3987730E 
 6521      DF
 6522 004f 37850015 		.ascii	"7\205\000\025\000\230\341\037\010`\363\370P\001\333"
 6522      0098E11F 
 6522      0860F3F8 
 6522      5001DB
 6523 005e B6AB0E05 		.ascii	"\266\253\016\005\367g\261\213\022#T\025\254\342\011"
 6523      F767B18B 
 6523      12235415 
 6523      ACE209
 6524 006d 99638C7D 		.ascii	"\231c\214}]\264\237<\254\323C\213\000\264\011\214\307"
 6524      5DB49F3C 
 6524      ACD3438B 
 6524      00B4098C 
 6524      C7
 6525 007e 3566BC12 		.ascii	"5f\274\022\256\236\235=\366m7\030\373|\303\241\307\211"
 6525      AE9E9D3D 
ARM GAS  C:\Users\angio\AppData\Local\Temp\ccrvFn2X.s 			page 224


 6525      F66D3718 
 6525      FB7CC3A1 
 6525      C789
 6526 0090 6011AE37 		.ascii	"`\021\2567\210(\2273\315\351\021Q\376(\302\007\326\373"
 6526      88289733 
 6526      CDE91151 
 6526      FE28C207 
 6526      D6FB
 6527 00a2 DD47843A 		.ascii	"\335G\204:*\026Q\332\"\320\"\330$\026\341\220#\251\223"
 6527      2A1651DA 
 6527      22D022D8 
 6527      2416E190 
 6527      23A993
 6528 00b5 0E91F2A5 		.ascii	"\016\221\362\245\250t\340\015\342\265H\324\030s\013"
 6528      A874E00D 
 6528      E2B548D4 
 6528      18730B
 6529 00c4 DF2DF2A5 		.ascii	"\337-\362\245-\342\204w\254\015^\206x>*@d\257\007l\222"
 6529      2DE28477 
 6529      AC0D5E86 
 6529      783E2A40 
 6529      64AF076C 
 6530 00d9 AB0F0377 		.ascii	"\253\017\003wk\254\215z\230\214\272\270\023\357\020"
 6530      6BAC8D7A 
 6530      988CBAB8 
 6530      13EF10
 6531 00e8 E6CF249D 		.ascii	"\346\317$\235\300{<\025\347\010\247[x\030\302\000k\375"
 6531      C07B3C15 
 6531      E708A75B 
 6531      7818C200 
 6531      6BFD
 6532 00fa 9F88BCB6 		.ascii	"\237\210\274\266A\360\377%\000\241\360b*\234\3276\265"
 6532      41F0FF25 
 6532      00A1F062 
 6532      2A9CD736 
 6532      B5
 6533 010b 8459DED2 		.ascii	"\204Y\336\322\364TE/m\033\305L6\227.\033\271R*\236\364"
 6533      F454452F 
 6533      6D1BC54C 
 6533      36972E1B 
 6533      B9522A9E 
 6534 0120 2692B180 		.ascii	"&\222\261\200?\022\\\010\306W\274k\033\341\350\312z"
 6534      3F125C08 
 6534      C657BC6B 
 6534      1BE1E8CA 
 6534      7A
 6535 0131 28084B3E 		.ascii	"(\010K>\037\345/+\222\272\341WU\225\352\006\315gvhQ"
 6535      1FE52F2B 
 6535      92BAE157 
 6535      5595EA06 
 6535      CD677668 
 6536 0146 2F990695 		.ascii	"/\231\006\225!\032\215.\323\344jlO\245\206Y\010\370"
 6536      211A8D2E 
 6536      D3E46A6C 
 6536      4FA58659 
 6536      08F8
 6537 0158 D3A65608 		.ascii	"\323\246V\010\371\264\335,\374\002\017)\215e"
ARM GAS  C:\Users\angio\AppData\Local\Temp\ccrvFn2X.s 			page 225


 6537      F9B4DD2C 
 6537      FC020F29 
 6537      8D65
 6538              		.text
 6539              		.section	.gnu.lto_tim7_irq_init.474.1f2b6e7c,"e",%progbits
 6540 0000 789C2B65 		.ascii	"x\234+e``(\007bE f`f`\2344\261\213\211\341\377\377\377"
 6540      60602807 
 6540      62452066 
 6540      6066609C 
 6540      34B18B89 
 6541 0018 F52C4C8C 		.ascii	"\365,L\214\215*\214[\031\301lF\206z&\306z\306\311\314"
 6541      8D2A8C5B 
 6541      19C16C46 
 6541      867A26C6 
 6541      7AC6C9CC 
 6542 002c 9A0D0D0D 		.ascii	"\232\015\015\015?\226\316\233\327\314\335\260\342\000"
 6542      3F96CE9B 
 6542      D7CCDDB0 
 6542      E200
 6543 003a E3126606 		.ascii	"\343\022f\006\206y\314\0140\300\006\3431\002\361\372"
 6543      8679CC0C 
 6543      30C006E3 
 6543      3102F1FA 
 6544 004a 4BAC071A 		.ascii	"K\254\007\032\376\374\357oh8\372\224q\2252\023\003C"
 6544      FEFCEF6F 
 6544      6838FA94 
 6544      71953213 
 6544      0343
 6545 005c 3F33C860 		.ascii	"?3\310`0\220\007\252\230\300\314\204\34022|blR\000\233"
 6545      309007AA 
 6545      98C0CC84 
 6545      E032327C 
 6545      626C5200 
 6546 0071 D2CFCC88 		.ascii	"\322\317\314\210\254\214\201\301\314\331*\3069#3)3\270"
 6546      AC8C81C1 
 6546      CCD92AC6 
 6546      39233329 
 6546      33B8
 6547 0083 A4342533 		.ascii	"\2444%3?\246<\277(\273\270 195\276\2648\265(&(D78\304"
 6547      3FA63CBF 
 6547      28BBB820 
 6547      313935BE 
 6547      B438B528 
 6548 009d D7D8C8DD 		.ascii	"\327\330\310\335\304\334$\310U\327/\324\331\307\325"
 6548      C4DC24C8 
 6548      55D72FD4 
 6548      D9C7D5
 6549 00ac DFCC84C1 		.ascii	"\337\314\204\301NOO\037\210\222A:\363\213\215\014\015"
 6549      4E4F4F1F 
 6549      8892413A 
 6549      F38B8D0C 
 6549      0D
 6550 00bd 0DF5F38B 		.ascii	"\015\365\363\213\3653\022s\364\013\362\213J\212\365"
 6550      F5331273 
 6550      F40BF28B 
 6550      4A8AF5
 6551 00cc C19AF47D 		.ascii	"\301\232\364}|\\\364C<}\313\014\365\213Kr\215\215\342"
ARM GAS  C:\Users\angio\AppData\Local\Temp\ccrvFn2X.s 			page 226


 6551      7C5CF443 
 6551      3C7DCB0C 
 6551      F58B4B72 
 6551      8D8DE2
 6552 00df 4B3273CD 		.ascii	"K2s\315\3652\363\222\031\000\352\023_n"
 6552      F532F392 
 6552      1900EA13 
 6552      5F6E
 6553              		.text
 6554              		.section	.gnu.lto_tim7_irq_deinit.475.1f2b6e7c,"e",%progbits
 6555 0000 789C2B65 		.ascii	"x\234+e``(\007bE f`f`\2344\261\213\211\341\377\377\377"
 6555      60602807 
 6555      62452066 
 6555      6066609C 
 6555      34B18B89 
 6556 0018 F52C4C8C 		.ascii	"\365,L\214\215*\214[\031\301lF\206z&\306z\306\311\314"
 6556      8D2A8C5B 
 6556      19C16C46 
 6556      867A26C6 
 6556      7AC6C9CC 
 6557 002c 9A0D0D0D 		.ascii	"\232\015\015\015?\226\316[\323\314\335\260\342\000\343"
 6557      3F96CE5B 
 6557      D3CCDDB0 
 6557      E200E3
 6558 003b 12660686 		.ascii	"\022f\006\206y\314\0140\300\006\3431\002\361\372K\254"
 6558      79CC0C30 
 6558      C006E331 
 6558      02F1FA4B 
 6558      AC
 6559 004c 071AFEFC 		.ascii	"\007\032\376\374\357oh\270\372\224q\2072\023\003C?3"
 6559      EF6F68B8 
 6559      FA947187 
 6559      32130343 
 6559      3F33
 6560 005e C8603090 		.ascii	"\310`0\220\007\252\230\300\314\204\34022|blR\000\233"
 6560      07AA98C0 
 6560      CC84E032 
 6560      327C626C 
 6560      52009B
 6561 0071 D2CFCC88 		.ascii	"\322\317\314\210\254\214\201\301\314\331*\3069#3)3\270"
 6561      AC8C81C1 
 6561      CCD92AC6 
 6561      39233329 
 6561      33B8
 6562 0083 A4342533 		.ascii	"\2444%3?\246<\277(\273\270 195\276\2648\265(&(D78\304"
 6562      3FA63CBF 
 6562      28BBB820 
 6562      313935BE 
 6562      B438B528 
 6563 009d D7D8C8DD 		.ascii	"\327\330\310\335\304\334$\310U\327/\324\331\307\325"
 6563      C4DC24C8 
 6563      55D72FD4 
 6563      D9C7D5
 6564 00ac DFCC84C1 		.ascii	"\337\314\204\301NOO\037\210\222A:\363\213\215\014\015"
 6564      4E4F4F1F 
 6564      8892413A 
 6564      F38B8D0C 
ARM GAS  C:\Users\angio\AppData\Local\Temp\ccrvFn2X.s 			page 227


 6564      0D
 6565 00bd 0DF5F38B 		.ascii	"\015\365\363\213\3653\022s\364\013\362\213J\212\365"
 6565      F5331273 
 6565      F40BF28B 
 6565      4A8AF5
 6566 00cc C19AF47D 		.ascii	"\301\232\364}|\\\364C<}\313\014\365\213Kr\215\215\342"
 6566      7C5CF443 
 6566      3C7DCB0C 
 6566      F58B4B72 
 6566      8D8DE2
 6567 00df 4B3273CD 		.ascii	"K2s\315\3652\363\222\031\000\013\266_\232"
 6567      F532F392 
 6567      19000BB6 
 6567      5F9A
 6568              		.text
 6569              		.section	.gnu.lto_tim8_irq_init.476.1f2b6e7c,"e",%progbits
 6570 0000 789C2B65 		.ascii	"x\234+e``(\007bE f`f`\2344\261\213\211\341\377\377\377"
 6570      60602807 
 6570      62452066 
 6570      6066609C 
 6570      34B18B89 
 6571 0018 F52C4C8C 		.ascii	"\365,L\214\215*\214[\031\301lF\206z&\306z\306\311\314"
 6571      8D2A8C5B 
 6571      19C16C46 
 6571      867A26C6 
 6571      7AC6C9CC 
 6572 002c 9A0D0D0D 		.ascii	"\232\015\015\015?\226\316[\327\314\335\260\342\000\343"
 6572      3F96CE5B 
 6572      D7CCDDB0 
 6572      E200E3
 6573 003b 12660686 		.ascii	"\022f\006\206y\314\0140\300\006\3431\002\361\372K\254"
 6573      79CC0C30 
 6573      C006E331 
 6573      02F1FA4B 
 6573      AC
 6574 004c 071AFEFC 		.ascii	"\007\032\376\374\357oh8\372\224q\2672\023\003C?3\310"
 6574      EF6F6838 
 6574      FA9471B7 
 6574      32130343 
 6574      3F33C8
 6575 005f 60309007 		.ascii	"`0\220\007\252\230\300\314\204\34022|blR\000\233\322"
 6575      AA98C0CC 
 6575      84E03232 
 6575      7C626C52 
 6575      009BD2
 6576 0072 CFCC88AC 		.ascii	"\317\314\210\254\214\201\301\314\331*\3069#3)3\270\244"
 6576      8C81C1CC 
 6576      D92AC639 
 6576      23332933 
 6576      B8A4
 6577 0084 3425333F 		.ascii	"4%3?\246<\277(\273\270 195\276\2648\265(&(D78\304\327"
 6577      A63CBF28 
 6577      BBB82031 
 6577      3935BEB4 
 6577      38B52826 
 6578 009e D8C8DDC4 		.ascii	"\330\310\335\304\334$\310U\327/\324\331\307\325\337"
 6578      DC24C855 
ARM GAS  C:\Users\angio\AppData\Local\Temp\ccrvFn2X.s 			page 228


 6578      D72FD4D9 
 6578      C7D5DF
 6579 00ad CC84C14E 		.ascii	"\314\204\301NOO\037\210\222A:\363\213\215\014\015\015"
 6579      4F4F1F88 
 6579      92413AF3 
 6579      8B8D0C0D 
 6579      0D
 6580 00be F5F38BF5 		.ascii	"\365\363\213\3653\022s\364\013\362\213J\212\365\301"
 6580      331273F4 
 6580      0BF28B4A 
 6580      8AF5C1
 6581 00cd 9AF47D7C 		.ascii	"\232\364}|\\\364C<}\313\014\365\213Kr\215\215\342K2"
 6581      5CF4433C 
 6581      7DCB0CF5 
 6581      8B4B728D 
 6581      8DE24B32 
 6582 00e1 732DF432 		.ascii	"s-\3642\363\222\031\000\004;_\220"
 6582      F3921900 
 6582      043B5F90 
 6583              		.text
 6584              		.section	.gnu.lto_tim8_irq_deinit.477.1f2b6e7c,"e",%progbits
 6585 0000 789C2B65 		.ascii	"x\234+e``(\007bE f`f`\2344\261\213\211\341\377\377\377"
 6585      60602807 
 6585      62452066 
 6585      6066609C 
 6585      34B18B89 
 6586 0018 F52C4C8C 		.ascii	"\365,L\214\215*\214[\031\301lF\206z&\306z\306\311\314"
 6586      8D2A8C5B 
 6586      19C16C46 
 6586      867A26C6 
 6586      7AC6C9CC 
 6587 002c 9A0D0D0D 		.ascii	"\232\015\015\015?\226\316\333\333\314\335\260\342\000"
 6587      3F96CEDB 
 6587      DBCCDDB0 
 6587      E200
 6588 003a E3126606 		.ascii	"\343\022f\006\206y\314\0140\300\006\3431\002\361\372"
 6588      8679CC0C 
 6588      30C006E3 
 6588      3102F1FA 
 6589 004a 4BAC071A 		.ascii	"K\254\007\032\376\374\357oh\270\372\224\361\2242\023"
 6589      FEFCEF6F 
 6589      68B8FA94 
 6589      F1943213 
 6590 005a 03433F33 		.ascii	"\003C?3\310`0\220\007\252\230\300\314\204\34022|blR"
 6590      C8603090 
 6590      07AA98C0 
 6590      CC84E032 
 6590      327C626C 
 6591 006f 009BD2CF 		.ascii	"\000\233\322\317\314\210\254\214\201\301\314\331*\306"
 6591      CC88AC8C 
 6591      81C1CCD9 
 6591      2AC6
 6592 007d 39233329 		.ascii	"9#3)3\270\2444%3?\246<\277(\273\270 195\276\2648\265"
 6592      33B8A434 
 6592      25333FA6 
 6592      3CBF28BB 
 6592      B8203139 
ARM GAS  C:\Users\angio\AppData\Local\Temp\ccrvFn2X.s 			page 229


 6593 0096 28262844 		.ascii	"(&(D78\304\327\330\310\335\304\334$\310U\327/\324\331"
 6593      3738C4D7 
 6593      D8C8DDC4 
 6593      DC24C855 
 6593      D72FD4D9 
 6594 00aa C7D5DFCC 		.ascii	"\307\325\337\314\204\301NOO\037\210\222A:\363\213\215"
 6594      84C14E4F 
 6594      4F1F8892 
 6594      413AF38B 
 6594      8D
 6595 00bb 0C0D0DF5 		.ascii	"\014\015\015\365\363\213\3653\022s\364\013\362\213J"
 6595      F38BF533 
 6595      1273F40B 
 6595      F28B4A
 6596 00ca 8AF5C19A 		.ascii	"\212\365\301\232\364}|\\\364C<}\313\014\365\213Kr\215"
 6596      F47D7C5C 
 6596      F4433C7D 
 6596      CB0CF58B 
 6596      4B728D
 6597 00dd 8DE24B32 		.ascii	"\215\342K2s-\3642\363\222\031\000'e_\276"
 6597      732DF432 
 6597      F3921900 
 6597      27655FBE 
 6598              		.text
 6599              		.section	.gnu.lto_tim20_irq_init.478.1f2b6e7c,"e",%progbits
 6600 0000 789C2B65 		.ascii	"x\234+e``\250\000bE f`f`\2344\261\213\211\341\377\377"
 6600      6060A800 
 6600      62452066 
 6600      6066609C 
 6600      34B18B89 
 6601 0017 FFF52C4C 		.ascii	"\377\365,L\214\215*\214[\031\301lF\206z&\306z\306\311"
 6601      8C8D2A8C 
 6601      5B19C16C 
 6601      46867A26 
 6601      C67AC6C9 
 6602 002b CC9A0D0D 		.ascii	"\314\232\015\015\015?\226\316[\327\314\335\260\342\000"
 6602      0D3F96CE 
 6602      5BD7CCDD 
 6602      B0E200
 6603 003a E3126606 		.ascii	"\343\022f\006\206y\314\0140\300\006\3431\002\361\372"
 6603      8679CC0C 
 6603      30C006E3 
 6603      3102F1FA 
 6604 004a 4BAC071A 		.ascii	"K\254\007\032\376\374\357oh8\373\224q\2672\023\003C"
 6604      FEFCEF6F 
 6604      6838FB94 
 6604      71B73213 
 6604      0343
 6605 005c 3F33C860 		.ascii	"?3\310`0\220\007\252\230\300\314\204\34022|blR\000\233"
 6605      309007AA 
 6605      98C0CC84 
 6605      E032327C 
 6605      626C5200 
 6606 0071 D2CFCC88 		.ascii	"\322\317\314\210\254\214\201\301\314\331*\3069#3)3\270"
 6606      AC8C81C1 
 6606      CCD92AC6 
 6606      39233329 
ARM GAS  C:\Users\angio\AppData\Local\Temp\ccrvFn2X.s 			page 230


 6606      33B8
 6607 0083 A4342533 		.ascii	"\2444%3?\246<\277(\273\270 195\276\2648\265(&(D78\304"
 6607      3FA63CBF 
 6607      28BBB820 
 6607      313935BE 
 6607      B438B528 
 6608 009d D7D8C8DD 		.ascii	"\327\330\310\335\304\334$\310U\327/\324\331\307\325"
 6608      C4DC24C8 
 6608      55D72FD4 
 6608      D9C7D5
 6609 00ac DFCC84C1 		.ascii	"\337\314\204\301^OO\037\210\222A:\363\213\215\014\015"
 6609      5E4F4F1F 
 6609      8892413A 
 6609      F38B8D0C 
 6609      0D
 6610 00bd 0DF5F38B 		.ascii	"\015\365\363\213\3653\022s\364\013\362\213J\212\365"
 6610      F5331273 
 6610      F40BF28B 
 6610      4A8AF5
 6611 00cc C19AF47D 		.ascii	"\301\232\364}|\\\364C<}\313\014\365\213Kr\215\215\342"
 6611      7C5CF443 
 6611      3C7DCB0C 
 6611      F58B4B72 
 6611      8D8DE2
 6612 00df 4B32738D 		.ascii	"K2s\215\014\3642\363\222\031\000jg_\304"
 6612      0CF432F3 
 6612      9219006A 
 6612      675FC4
 6613              		.text
 6614              		.section	.gnu.lto_tim20_irq_deinit.479.1f2b6e7c,"e",%progbits
 6615 0000 789C2B65 		.ascii	"x\234+e``\250\000bE f`f`\2344\261\213\211\341\377\377"
 6615      6060A800 
 6615      62452066 
 6615      6066609C 
 6615      34B18B89 
 6616 0017 FFF52C4C 		.ascii	"\377\365,L\214\215*\214[\031\301lF\206z&\306z\306\311"
 6616      8C8D2A8C 
 6616      5B19C16C 
 6616      46867A26 
 6616      C67AC6C9 
 6617 002b CC9A0D0D 		.ascii	"\314\232\015\015\015?\226\316\333\333\314\335\260\342"
 6617      0D3F96CE 
 6617      DBDBCCDD 
 6617      B0E2
 6618 0039 00E31266 		.ascii	"\000\343\022f\006\206y\314\0140\300\006\3431\002\361"
 6618      068679CC 
 6618      0C30C006 
 6618      E33102F1 
 6619 0049 FA4BAC07 		.ascii	"\372K\254\007\032\376\374\357oh\270\373\224\361\224"
 6619      1AFEFCEF 
 6619      6F68B8FB 
 6619      94F194
 6620 0058 32130343 		.ascii	"2\023\003C?3\310`0\220\007\252\230\300\314\204\3402"
 6620      3F33C860 
 6620      309007AA 
 6620      98C0CC84 
 6620      E032
ARM GAS  C:\Users\angio\AppData\Local\Temp\ccrvFn2X.s 			page 231


 6621 006a 327C626C 		.ascii	"2|blR\000\233\322\317\314\210\254\214\201\301\314\331"
 6621      52009BD2 
 6621      CFCC88AC 
 6621      8C81C1CC 
 6621      D9
 6622 007b 2AC63923 		.ascii	"*\3069#3)3\270\2444%3?\246<\277(\273\270 195\276\264"
 6622      332933B8 
 6622      A4342533 
 6622      3FA63CBF 
 6622      28BBB820 
 6623 0094 38B52826 		.ascii	"8\265(&(D78\304\327\330\310\335\304\334$\310U\327/\324"
 6623      28443738 
 6623      C4D7D8C8 
 6623      DDC4DC24 
 6623      C855D72F 
 6624 00a9 D9C7D5DF 		.ascii	"\331\307\325\337\314\204\301^OO\037\210\222A:\363\213"
 6624      CC84C15E 
 6624      4F4F1F88 
 6624      92413AF3 
 6624      8B
 6625 00ba 8D0C0D0D 		.ascii	"\215\014\015\015\365\363\213\3653\022s\364\013\362\213"
 6625      F5F38BF5 
 6625      331273F4 
 6625      0BF28B
 6626 00c9 4A8AF5C1 		.ascii	"J\212\365\301\232\364}|\\\364C<}\313\014\365\213Kr\215"
 6626      9AF47D7C 
 6626      5CF4433C 
 6626      7DCB0CF5 
 6626      8B4B728D 
 6627 00dd 8DE24B32 		.ascii	"\215\342K2s\215\014\3642\363\222\031\000\215\277_\362"
 6627      738D0CF4 
 6627      32F39219 
 6627      008DBF5F 
 6627      F2
 6628              		.text
 6629              		.section	.gnu.lto_irqInit.480.1f2b6e7c,"e",%progbits
 6630 0000 789C4DD3 		.ascii	"x\234M\323K(Da\024\007\360s\356\347\375~\277\031\304"
 6630      4B284461 
 6630      1407F073 
 6630      EEE7FD7E 
 6630      BF19C4
 6631 0013 C2C2DC66 		.ascii	"\302\302\334fL\210\345$%\217\362\330M\211\241L\350j"
 6631      4C88E524 
 6631      258FF2D8 
 6631      4D89A14C 
 6631      E86A
 6632 0025 EE4C6637 		.ascii	"\356Lf7\327ce3\036%\304\254F\331\221W\222\244,l,$YH"
 6632      D7636533 
 6632      1E25C4AC 
 6632      46D99157 
 6632      92A42C6C 
 6633 003d 92B29724 		.ascii	"\222\262\227$I\306u=\376s\372N}\347\3279\337\352|\365"
 6633      49C6753D 
 6633      FE73FA4E 
 6633      7DE7D739 
 6633      DFEA7CF5 
 6634 0051 82C84344 		.ascii	"\202\310CDez\222 \236\237\233\221(\034\016\373\243$"
ARM GAS  C:\Users\angio\AppData\Local\Temp\ccrvFn2X.s 			page 232


 6634      657A9220 
 6634      9E9F9B91 
 6634      281C0EFB 
 6634      A324
 6635 0063 9EA8E03D 		.ascii	"\236\250\340=6\356L~\211\375\274 \2524M{[\017\236\237"
 6635      36EE4C7E 
 6635      89FDBC20 
 6635      AA344D7B 
 6635      5B0F9E9F 
 6636 0077 B2B671C2 		.ascii	"\262\266q\302!}8(\350/b\376*\326s\3632\372D\373\010"
 6636      217D3828 
 6636      E82F62FE 
 6636      2AD673F3 
 6636      32FA44FB 
 6637 008c 0734EDF1 		.ascii	"\0074\355\361\201\227+\313\211\002\342\373a#Lz\307\254"
 6637      81972BCB 
 6637      8902E2FB 
 6637      61234C7A 
 6637      C7AC
 6638 009e 9050323D 		.ascii	"\220P2=\361\324\375\332\031\3234K!\301A\241w\204\204"
 6638      F1D4FDDA 
 6638      19D3344B 
 6638      21C141A1 
 6638      778484
 6639 00b1 647030F6 		.ascii	"dp0\366_%\350\026T@\267\241Q\320]h4t\037\032\003=\200"
 6639      5F25E816 
 6639      5440B7A1 
 6639      51D05D68 
 6639      34741F1A 
 6640 00c8 C6420FA1 		.ascii	"\306B\017\241q\320#h<\364\030\232\000\275\200&B/\241"
 6640      71D02368 
 6640      3CF4189A 
 6640      00BD8026 
 6640      422FA1
 6641 00db 49D02B68 		.ascii	"I\320+h2\364\032\232\002\275\201\246Bo\241i\320;h:\364"
 6641      32F41A9A 
 6641      02BD81A6 
 6641      426FA169 
 6641      D03B683A 
 6642 00f0 199A017D 		.ascii	"\031\232\001}\201fB_\241Y\3207h6\364\035\232\003\375"
 6642      8166425F 
 6642      A159D037 
 6642      6836F41D 
 6642      9A03FD
 6643 0103 80E6423F 		.ascii	"\200\346B?\241y\320\331\204\177\315\207\316C\013\240"
 6643      A179D0D9 
 6643      847FCD87 
 6643      CE430BA0 
 6644 0113 8BD042E8 		.ascii	"\213\320B\350\022\264\010\272\002-\206\256BK\"\266\017"
 6644      12B408BA 
 6644      022D86AE 
 6644      424B22B6 
 6644      0F
 6645 0124 6A8AD83E 		.ascii	"j\212\330>h\351\217>\363\344\375N\213\361\021\002\202"
 6645      68E98F3E 
 6645      F3E4FD4E 
 6645      8BF11102 
ARM GAS  C:\Users\angio\AppData\Local\Temp\ccrvFn2X.s 			page 233


 6645      82
 6646 0135 23379DA8 		.ascii	"#7\235\250\326\336\340\260\017\271\372]]\036\357\200"
 6646      D6DEE0B0 
 6646      0FB9FA5D 
 6646      5D1EEF80 
 6647 0145 4B718C2B 		.ascii	"Kq\214+\356au\254\3179\330\353U\007\335\216\316\356"
 6647      EE6175AC 
 6647      CF39D8EB 
 6647      5507DD8E 
 6647      CEEE
 6648 0157 EAAEEEB6 		.ascii	"\352\256\356\266\032k\263\255\316\326\331T\335\336c"
 6648      1A6BB3AD 
 6648      CED6D954 
 6648      DDDE63
 6649 0166 6F6DEAA8 		.ascii	"om\352\250\265Q\243\331,\353\307\371=\251\250V\213\305"
 6649      B551A3D9 
 6649      2CEBC7F9 
 6649      3DA9A856 
 6649      8BC5
 6650 0178 222BAA3C 		.ascii	"\"+\252<\3247\"\217)n\217*\033C\362\357\250\317'\253"
 6650      D437228F 
 6650      296E8F2A 
 6650      1B43F2EF 
 6650      A8CF27AB 
 6651 018c 9ED11A6B 		.ascii	"\236\321\032k\257Ku\233\235\364\005\227\206\026\202"
 6651      AF4B759B 
 6651      9DF40597 
 6651      861682
 6652              		.text
 6653              		.section	.gnu.lto_irqDeinit.481.1f2b6e7c,"e",%progbits
 6654 0000 789C4DD3 		.ascii	"x\234M\3239H\003Q\020\006\340\231}\336\367}\337haa\226"
 6654      39480351 
 6654      1006E099 
 6654      7DDEF77D 
 6654      DF686161 
 6655 0015 C4A0A265 		.ascii	"\304\240\242e\010\026^\340\321\005D\243`PY\311&\230"
 6655      08165EE0 
 6655      D10544A3 
 6655      605059C9 
 6655      2698
 6656 0027 2EEB51D9 		.ascii	".\353Q\331\304\013\013\221T\021\354\024Q\021\013Icc"
 6656      C40B0B91 
 6656      5411EC14 
 6656      51110B49 
 6656      6363
 6657 0039 25A2222A 		.ascii	"%\242\"*\"\366\202\210\212\210\030\327\365\3703\274"
 6657      22F68288 
 6657      8A8818D7 
 6657      F5F833BC 
 6658 0049 81371F33 		.ascii	"\2017\0373\257\232\327$\210<DT\251'\011\342\305\205"
 6658      AF9AD724 
 6658      883C4454 
 6658      A92709E2 
 6658      C585
 6659 005b 39892291 		.ascii	"9\211\"\221\210?F\342\251j\336e\343\316\344\227\330"
 6659      883F46E2 
 6659      A96ADE65 
ARM GAS  C:\Users\angio\AppData\Local\Temp\ccrvFn2X.s 			page 234


 6659      E3CEE497 
 6659      D8
 6660 006c CF4BA256 		.ascii	"\317K\242V\323\264\267\365\340\306\021k\033a\016\351"
 6660      D3B4B7F5 
 6660      E0C6116B 
 6660      1B610EE9 
 6661 007c C341417F 		.ascii	"\303AA\177\021\367W\261\236\233\247\261a\355#\022\320"
 6661      11F757B1 
 6661      9E9BA7B1 
 6661      61ED2312 
 6661      D0
 6662 008d B4977B7E 		.ascii	"\264\227{~\250\251\"\012\210\357\207\215(\327;\346\205"
 6662      A8A9220A 
 6662      88EF878D 
 6662      28D73BE6 
 6662      85
 6663 009e 8492E991 		.ascii	"\204\222\351\221g\356\316\217\231fY\012\011\016\012"
 6663      67EECE8F 
 6663      9966590A 
 6663      090E0A
 6664 00ad BD232424 		.ascii	"\275#$$\203/\222\376U\202^B\005\364\012\032\003\275"
 6664      832F92FE 
 6664      55825E42 
 6664      05F40A1A 
 6664      03BD
 6665 00bf 81C6426F 		.ascii	"\201\306Bo\241q\320Gh<\364\011\232\000}\206&B_\241I"
 6665      A171D047 
 6665      683CF409 
 6665      9A007D86 
 6665      26425FA1 
 6666 00d4 D0376832 		.ascii	"\3207h2\364\035\232\002\375\200\246B?\241i\320\305\344"
 6666      F41D9A02 
 6666      FD80A642 
 6666      3FA169D0 
 6666      C5E4
 6667 00e6 7F4D872E 		.ascii	"\177M\207.C3\240+\320L\350*4\013\272\006\315\206\006"
 6667      4333A02B 
 6667      D04CE82A 
 6667      340BBA06 
 6667      CD8606
 6668 00f9 A139D02D 		.ascii	"\2419\320-h.t\033\232\007\335\201\346C\367\240\005\320"
 6668      682E741B 
 6668      9A07DD81 
 6668      E643F7A0 
 6668      05D0
 6669 010b 7D6821F4 		.ascii	"}h!\364\000Z\004=\204\026CO\240%\320Sh)\364\014Z\026"
 6669      005A043D 
 6669      8416434F 
 6669      A025D053 
 6669      6829F40C 
 6670 0121 B57DD0F2 		.ascii	"\265}\320\362\250\355\203V\374\350\023O\337]\267\031"
 6670      A8ED8356 
 6670      FCE8134F 
 6670      DF5DB719 
 6671 0131 1F212038 		.ascii	"\037! 8z\323\211\032l\315\016\333\210k\320\325\343\361"
 6671      7AD3891A 
 6671      6CCD0EDB 
ARM GAS  C:\Users\angio\AppData\Local\Temp\ccrvFn2X.s 			page 235


 6671      886BD0D5 
 6671      E3F1
 6672 0143 0EB914C7 		.ascii	"\016\271\024\307\244\342\036U'\006\234\303\375^u\330"
 6672      A4E21E55 
 6672      27069CC3 
 6672      FD5E75D8 
 6673 0153 EDE8EEAD 		.ascii	"\355\350\356\255\353\351\355\250\267\264Z\033\255\335"
 6673      EBE9EDA8 
 6673      B7B45A1B 
 6673      ADDD
 6674 0161 F6BACE3E 		.ascii	"\366\272\316>[\273\275\253\301J-&\223\254\037\347\367"
 6674      5BBBBDAB 
 6674      C14A2D26 
 6674      93AC1FE7 
 6674      F7
 6675 0172 A4A25ACC 		.ascii	"\244\242Z\314f\263\254\250\362\310\300\230<\241\270"
 6675      66B3ACA8 
 6675      F2C8C098 
 6675      3CA1B8
 6676 0181 3DAA6C0C 		.ascii	"=\252l\014\311\277\243>\237\254z\306\353-\375.\325m"
 6676      C9BFA33E 
 6676      9FAC7AC6 
 6676      EB2DFD2E 
 6676      D56D
 6677 0193 72D21798 		.ascii	"r\322\027\230\000\030W"
 6677      001857
 6678              		.text
 6679              		.section	.gnu.lto_.symbol_nodes.1f2b6e7c,"e",%progbits
 6680 0000 789C7D98 		.ascii	"x\234}\230\327r\034U\020\206\317\354/[`\201\004kl\001"
 6680      D7721C55 
 6680      1086CFEC 
 6680      2F5B6081 
 6680      046B6C01 
 6681 0014 02C92032 		.ascii	"\002\311 2\226-\347l\001\"\347\034n\345\007\371\245"
 6681      962DE76C 
 6681      0122E71C 
 6681      6EE507F9 
 6681      A5
 6682 0025 DA17A0C8 		.ascii	"\332\027\240\3109\0159U\221\243\214\244\221P\032\333"
 6682      390D3955 
 6682      91A38CA4 
 6682      91501ADB 
 6683 0035 D8D85A67 		.ascii	"\330\330Zg\302\220Lx\006\230\243\362EwS\333{\367\315"
 6683      C2904C78 
 6683      0698A3F2 
 6683      457753DB 
 6683      7BF7CD
 6684 0048 F9BA67B7 		.ascii	"\371\272g\267GS\352\356\341%!\204\312h\302\360\357\311"
 6684      4753EAEE 
 6684      E1252184 
 6684      CA68C2F0 
 6684      EFC9
 6685 005a 4F57F2F0 		.ascii	"OW\362\360\356\020\030\302\360\340\320PoHB\374T\306"
 6685      EE1018C2 
 6685      F0E0D050 
 6685      6F4842FC 
 6685      54C6
ARM GAS  C:\Users\angio\AppData\Local\Temp\ccrvFn2X.s 			page 236


 6686 006c 1226BE71 		.ascii	"\022&\276q\240\302\212o\314U\010\337x\003l\362\2157"
 6686      A0C28A6F 
 6686      CC5508DF 
 6686      78036CF2 
 6686      8D37
 6687 007e C105BEF1 		.ascii	"\301\005\276\361\026\270\3207\336\006\233}\343\035\360"
 6687      16B8D037 
 6687      DE069B7D 
 6687      E31DF0
 6688 008d 14DF7817 		.ascii	"\024\337x\027<\3257\336\003\027\371\306\373`\213o|\000"
 6688      3CD537DE 
 6688      0317F9C6 
 6688      FB608B6F 
 6688      7C00
 6689 009f 9EE61B1F 		.ascii	"\236\346\033\037\202\247\373\306G`\253o|\014\266\371"
 6689      82A7FBC6 
 6689      4760AB6F 
 6689      7C0CB6F9 
 6690 00af C627E019 		.ascii	"\306'\340\031\276\361)x\246o|\006V}\343sp\261o|\001"
 6690      BEF12978 
 6690      A66F7C06 
 6690      567DE373 
 6690      70B16F7C 
 6691 00c4 9EE51B5F 		.ascii	"\236\345\033_\202K|\343+p\251o|\015\266\373\3060x\266"
 6691      824B7CE3 
 6691      2B70A96F 
 6691      7C0DB6FB 
 6691      C63078B6 
 6692 00d8 6FEC04CF 		.ascii	"o\354\004\317\361\2151\360\\\337\310\300\016\337\030"
 6692      F18D31F0 
 6692      5CDFC8C0 
 6692      0EDF18
 6693 00e7 07CFF38D 		.ascii	"\007\317\363\215\011\360|\337\370\026\354\364\215I\260"
 6693      09F07CDF 
 6693      F816ECF4 
 6693      8D49B0
 6694 00f6 CB3766C1 		.ascii	"\3137f\301e\276\221\203\027\370\306\367\340\205\276"
 6694      65BE9183 
 6694      17F8C6F7 
 6694      E085BE
 6695 0105 B11FECF6 		.ascii	"\261\037\354\366\215\003\340E\2761\007^\354\033\207"
 6695      8D03E045 
 6695      BE31075E 
 6695      EC1B87
 6696 0114 C14B7CE3 		.ascii	"\301K|\343\010x\251o\034\005/\363\215c\340\345\276q"
 6696      0878A96F 
 6696      1C052FF3 
 6696      8D63E0E5 
 6696      BE71
 6697 0126 1CBCC237 		.ascii	"\034\274\3027~\000\257\364\215\023\025.\367\215G\300"
 6697      7E00AFF4 
 6697      8D13152E 
 6697      F78D47C0 
 6698 0136 1EDF781C 		.ascii	"\036\337x\034\\\341\033O\201+}\343Y\260\3277^\000W\371"
 6698      5CE11B4F 
 6698      812B7DE3 
 6698      59B0D737 
ARM GAS  C:\Users\angio\AppData\Local\Temp\ccrvFn2X.s 			page 237


 6698      5E0057F9 
 6699 014a C6CBE06A 		.ascii	"\306\313\340j\337x\025\\\343\033\273\300\265\276\361"
 6699      DF78155C 
 6699      E31BBBC0 
 6699      B5BEF1
 6700 0159 1DB8CE37 		.ascii	"\035\270\3167\352\340z\337\370\006\334\340\033S\340"
 6700      EAE07ADF 
 6700      F806DCE0 
 6700      1B53E0
 6701 0168 46DF7814 		.ascii	"F\337x\024\334\344\033O\200\233}\343ip\213o<\007n\365"
 6701      DCE41B4F 
 6701      809B7DE3 
 6701      69708B6F 
 6701      3C076EF5 
 6702 017c 8D17C16D 		.ascii	"\215\027\301m\276\361\012\270\3357^\003\373|c7x\225"
 6702      BEF10AB8 
 6702      DD375E03 
 6702      FB7C6337 
 6702      7895
 6703 018e 6FEC05AF 		.ascii	"o\354\005\257\366\215\203\3405\2761\002\366\373\306"
 6703      F68D83E0 
 6703      35BE3102 
 6703      F6FBC6
 6704 019d 3478AD6F 		.ascii	"4x\255o<\006^\367?c\347\320PrRX\3603\302\262(>\011^"
 6704      3C065EF7 
 6704      3F63E7D0 
 6704      50725258 
 6704      F033C2B2 
 6705 01b5 EF899567 		.ascii	"\357\211\225g\300\033\\\341y\360FWx\011\274\311\025"
 6705      C01B5CE1 
 6705      79F04657 
 6705      7809BCC9 
 6705      15
 6706 01c6 52F06657 		.ascii	"R\360fWx\035\274\305\025F\301[\335\237\373+\222\371"
 6706      781DBCC5 
 6706      1546C15B 
 6706      DD9FFB2B 
 6706      92F9
 6707 01d8 9F3B03DE 		.ascii	"\237;\003\336\346\212\277\2432/\356\001owo\271\017\274"
 6707      E68ABFA3 
 6707      322FEE01 
 6707      6F776FB9 
 6707      0FBC
 6708 01ea C3CDF427 		.ascii	"\303\315\364'0\237\351\020x\247+\376\205\246y\361G\360"
 6708      309FE910 
 6708      78A72BFE 
 6708      85A679F1 
 6708      47F0
 6709 01fc 2EF7963F 		.ascii	".\367\226?\201w{BR\200\367h!\204\301\301\301x\232\374"
 6709      81777B42 
 6709      5280F768 
 6709      2184C1C1 
 6709      C1789AFC 
 6710 0210 0DDEDBE8 		.ascii	"\015\336\333\350\354\037\360\276Fg\277\200\3677:\373"
 6710      EC1FF0BE 
 6710      4667BF80 
 6710      F7373AFB 
ARM GAS  C:\Users\angio\AppData\Local\Temp\ccrvFn2X.s 			page 238


 6711 0220 0D7CA0D1 		.ascii	"\015|\240\321\331\037\340\203\215\316N\200\01758CEt"
 6711      D91FE083 
 6711      8DCE4E80 
 6711      0F353843 
 6711      4574
 6712 0232 F8DD4022 		.ascii	"\370\335@\"i\371Au\330sH\341\012\215+5\366j\\\245q\265"
 6712      69F94175 
 6712      D87348E1 
 6712      0A8D2B35 
 6712      F66A5CA5 
 6713 0248 C6351AD7 		.ascii	"\3065\032\327j\\\247q\275\306\015\0327j\334tX\341f\215"
 6713      6A5CA771 
 6713      BDC60D1A 
 6713      376ADC74 
 6713      58E1668D 
 6714 025c 5B346ED5 		.ascii	"[4n\325\270M\343v\215}\032G\202\346Q\303c\2063\303\343"
 6714      B84DE376 
 6714      8D7D1A47 
 6714      82E651C3 
 6714      638633C3 
 6715 0271 86278218 		.ascii	"\206'\202\030\233\262\346\222\305\277\354\"\262\030"
 6715      9BB2E692 
 6715      C5BFEC22 
 6715      B218
 6716 027f 9A6A8B9A 		.ascii	"\232j\213\232&Dt\332\214I\023>i\302'M\370\244\016\237"
 6716      264474DA 
 6716      8C49133E 
 6716      69C2274D 
 6716      F8A40E9F 
 6717 0293 32E15326 		.ascii	"2\341S&|\312\204O\351\360i\023>m\302\247M\370\264\016"
 6717      7CCA844F 
 6717      E9F06913 
 6717      3E6DC2A7 
 6717      4DF8B40E 
 6718 02a7 9F31E133 		.ascii	"\2371\3413&|\306\204\317\350\360Y\023>k\302gu\270\366"
 6718      267CC684 
 6718      CFE8F059 
 6718      133E6BC2 
 6718      6775B8F6 
 6719 02bb 6BADDA4F 		.ascii	"k\255\332O[\265\237\265\232\374U\223\277j\362/6\371"
 6719      5BB59FB5 
 6719      9AFC5593 
 6719      BF6AF22F 
 6719      36F9
 6720 02cd DB4DFE76 		.ascii	"\333M\376v\223\277\335\344\3570\371;L\376\316\246Y\365"
 6720      93BFDDE4 
 6720      EF30F93B 
 6720      4CFECEA6 
 6720      59F5
 6721 02df F315162D 		.ascii	"\363\025\026-\372\264\252O\227\352\323\016\344\246t"
 6721      FAB4AA4F 
 6721      97EAD30E 
 6721      E4A674
 6722 02ee B9295D6E 		.ascii	"\271)]nJ\227\233\322\345\246t\271)]nJ\227\233\322\345"
 6722      4A979BD2 
 6722      E5A674B9 
 6722      295D6E4A 
ARM GAS  C:\Users\angio\AppData\Local\Temp\ccrvFn2X.s 			page 239


 6722      979BD2E5 
 6723 0302 A674B929 		.ascii	"\246t\271)]nJ\227\233\322\345\246t\271)\235\316\337"
 6723      5D6E4A97 
 6723      9BD2E5A6 
 6723      74B9299D 
 6723      CEDF
 6724 0314 69F20F98 		.ascii	"i\362\017\230\374\003&\377@S\256K\235\353R\347\272\324"
 6724      FC0326FF 
 6724      4053AE4B 
 6724      9DEB52E7 
 6724      BAD4
 6725 0326 B92EB53A 		.ascii	"\271.\265:\355\320\247]\330\025\216\250\367\177O8\252"
 6725      EDD0A75D 
 6725      D8158EA8 
 6725      F77F4F38 
 6725      AA
 6726 0337 786F38A6 		.ascii	"xo8\246x_8\256x\277\341\271\320\243Qt\353\375%\212\326"
 6726      785F38AE 
 6726      78BFE1B9 
 6726      D0A35174 
 6726      EBFD258A 
 6727 034c 7C4789A2 		.ascii	"|G\211\242\017\257%%\213\256;\215,z\354,\262\350\250"
 6727      0FAF2525 
 6727      8BAE3B8D 
 6727      2C7AEC2C 
 6727      B2E8A8
 6728 035f 8BC8623F 		.ascii	"\213\310b?S[X\262\330\265\244\221\305\336$\213,v Ed"
 6728      535B58B2 
 6728      D8B5A491 
 6728      C5DE248B 
 6728      2C762045 
 6729 0374 B1CFA835 		.ascii	"\261\317\2505\227,v\023id\261g\310\"\213\235A\021Y\314"
 6729      972C7613 
 6729      6964B167 
 6729      C8228B9D 
 6729      411159CC 
 6730 0388 FFE59FE5 		.ascii	"\377\345\237\345\\\020\263|\032Y\314\241Yd\321\357\027"
 6730      5C10B37C 
 6730      1A59CCA1 
 6730      5964D1EF 
 6730      17
 6731 0399 9145775F 		.ascii	"\221Ew_k)Y\314\234id1?f\221E\257_D\026\263a\371\032"
 6731      6B2959CC 
 6731      9C696431 
 6731      3F669145 
 6731      AF5F4416 
 6732 03b1 CC0531E7 		.ascii	"\314\0051\347\245\221\305\314\226E\026{\202\"\262\230"
 6732      A591C5CC 
 6732      9645167B 
 6732      8222B298 
 6733 03c1 0C6A6D25 		.ascii	"\014jm%\213\035@\032Y\314\363Yd1\233\027\221\305\334"
 6733      8B1D401A 
 6733      59CCF359 
 6733      64319B17 
 6733      91C5DC
 6734 03d4 50ABA21E 		.ascii	"P\253\242\036\304\224\320]\242\030\011\372K\024\375"
 6734      C494D05D 
ARM GAS  C:\Users\angio\AppData\Local\Temp\ccrvFn2X.s 			page 240


 6734      A21809FA 
 6734      4B14FD
 6735 03e3 FF8E1245 		.ascii	"\377\216\022E\263_>\374z\020\255}\032Y4\362Y\344>q\363"
 6735      B35F3EFC 
 6735      7A10AD7D 
 6735      1A5934F2 
 6735      59E43E71 
 6736 03f8 C862F556 		.ascii	"\310b\365V>\374z\020k\2644\262X\211e\221\305z\253\210"
 6736      3EFC7A10 
 6736      6BB434B2 
 6736      58896591 
 6736      C57AAB88 
 6737 040c 2C5655E5 		.ascii	",VU\345\303\257\007\261vJ#\213\025R\026Y\254\203\212"
 6737      C3AF07B1 
 6737      764A238B 
 6737      15521659 
 6737      AC838A
 6738 041f C862B553 		.ascii	"\310b\265S>\374z\020k\2324\262X1d\221G\344\253\027/"
 6738      3EFC7A10 
 6738      6B9A34B2 
 6738      58316491 
 6738      47E4AB17 
 6739 0434 8C8A0BE5 		.ascii	"\214\212\013\345\343\257\007\261PH#\213\345@\026yL\275"
 6739      E3AF07B1 
 6739      5048238B 
 6739      E5401679 
 6739      4CBD
 6740 0446 F8E50531 		.ascii	"\370\345\0051\371\227\317\277\036\304\024\237F\026\023"
 6740      F997CFBF 
 6740      1EC4149F 
 6740      461613
 6741 0455 7916596C 		.ascii	"y\026Yl\201\212\310\231\374\006m\345\005\261\342I#\213"
 6741      818AC899 
 6741      FC066DE5 
 6741      05B1E249 
 6741      238B
 6742 0467 754D16B9 		.ascii	"uM\026\271K$\210<.\023T\303\177%e\336\277"
 6742      4B24883C 
 6742      2E1354C3 
 6742      7F2565DE 
 6742      BF
 6743              		.text
 6744              		.section	.gnu.lto_.refs.1f2b6e7c,"e",%progbits
 6745 0000 789CCB61 		.ascii	"x\234\313ad``qe8\306\300\311\000$\270A\004\017\003\323"
 6745      64606071 
 6745      6538C6C0 
 6745      C90024B8 
 6745      41040F03 
 6746 0015 31067E06 		.ascii	"1\006~\006\026w\254\242\036XE=\261\212za\023\025\361"
 6746      1677ACA2 
 6746      1E58453D 
 6746      B18A7A61 
 6746      1315F1
 6747 0028 C6260A64 		.ascii	"\306&\012d\011\203\010Q\020!\006\022\223\004\261dA\204"
 6747      09830851 
 6747      10210612 
 6747      9304B164 
ARM GAS  C:\Users\angio\AppData\Local\Temp\ccrvFn2X.s 			page 241


 6747      4184
 6748 003a 3C885000 		.ascii	"<\210P\000\211)\203X\352 B\023Dh\201\304tA,C\020a\014"
 6748      89298358 
 6748      EA204213 
 6748      446881C4 
 6748      74412C43 
 6749 0051 224C4062 		.ascii	"\"L@b\346\014\022>\364\260\005\310\262\006\021\266 "
 6749      E60C123E 
 6749      F4B005C8 
 6749      B20611B6 
 6749      20
 6750 0062 C20E2476 		.ascii	"\302\016$v\220\201\201\321\227\351\034\003#\003\243"
 6750      908181D1 
 6750      97E91C03 
 6750      2303A3
 6751 0071 3FD30510 		.ascii	"?\323\005\020\025\304t\031D\2050]\005R\014\000\0158"
 6751      15C47419 
 6751      4485305D 
 6751      05520C00 
 6751      0D38
 6752 0083 403C     		.ascii	"@<"
 6753              		.text
 6754              		.section	.gnu.lto_.decls.1f2b6e7c,"e",%progbits
 6755 0000 789CCD5B 		.ascii	"x\234\315[y\\UG\226\276\365\352^\226'.Q\323I\307tb2"
 6755      795C5547 
 6755      96BEF5EA 
 6755      5E96272E 
 6755      51D349C7 
 6756 0017 265116D9 		.ascii	"&Q\026\331\334\222\231\351\321\240&v\307\264\003&\323"
 6756      DC9299E9 
 6756      D1A02676 
 6756      C7B40326 
 6756      D3
 6757 0028 DDBF4CBF 		.ascii	"\335\277L\2776\200JG\201\260\330ffz\346!\242\242 \270"
 6757      36804A47 
 6757      81B0D866 
 6757      667AE621 
 6757      A2A220B8 
 6758 003c 8BE2AE71 		.ascii	"\213\342\256q\301\0057\0047\020\334\020\215\242\342"
 6758      C1053704 
 6758      3710DC10 
 6758      8DA2E2
 6759 004b BE818A22 		.ascii	"\276\201\212\"\"\210h\020\025\346T\325}U\367\276w\021"
 6759      22886810 
 6759      15E654D5 
 6759      7D55F7BE 
 6759      7711
 6760 005d 62FC23EF 		.ascii	"b\374#\357\347y\357.\337\371\316\251S\247N-$\357\367"
 6760      E779EF2E 
 6760      DFF9CEA9 
 6760      53A74E2D 
 6760      24EFF7
 6761 0070 91A48F5F 		.ascii	"\221\244\217_\223\244\247\257JR\023|\206K\222T,\211"
 6761      93A4A7AF 
 6761      4A52137C 
 6761      864B9254 
 6761      2C89
ARM GAS  C:\Users\angio\AppData\Local\Temp\ccrvFn2X.s 			page 242


 6762 0082 CF9F4176 		.ascii	"\317\237Av\203\354\005\311\003\311\007\331\017r\020"
 6762      83EC05C9 
 6762      03C907D9 
 6762      0F7210
 6763 0091 E430C811 		.ascii	"\3440\310\021\220\243 ?\200\234\0009\011r\032\344\014"
 6763      90A3203F 
 6763      809C0039 
 6763      09721AE4 
 6763      0C
 6764 00a2 C839900B 		.ascii	"\3109\220\013 \227@\256\200\\\003)\003\271\001R\016"
 6764      209740AE 
 6764      805C0329 
 6764      03B90152 
 6764      0E
 6765 00b3 721BE40E 		.ascii	"r\033\344\016\310]\220{ 5 \265 u \217@\352A\032@\236"
 6765      C85D907B 
 6765      203520B5 
 6765      2075208F 
 6765      40EA411A 
 6766 00c9 82341267 		.ascii	"\2024\022g\220$\231@d\020'\020\027\0203\210\033H;\220"
 6766      90249940 
 6766      64102710 
 6766      17103388 
 6766      1B483B90 
 6767 00dd 0E201D41 		.ascii	"\016 \035A\336\005\351\006\362>Hw\020w\020O\220\236"
 6767      DE05E906 
 6767      F23E4877 
 6767      1077104F 
 6767      909E
 6768 00ef 203E207E 		.ascii	" > ~ \275@\372\200\364\003\371\010\344_@~\013\322\037"
 6768      20BD40FA 
 6768      80F403F9 
 6768      08E45F40 
 6768      7E0BD21F 
 6769 0103 E4639081 		.ascii	"\344c\220\201 \203A>\005\371\035\310g \237\203\014\003"
 6769      2083413E 
 6769      05F91DC8 
 6769      67209F83 
 6769      0C03
 6770 0115 0904190E 		.ascii	"\011\004\031\016\362%\310\037A\376\014\362\025\310_"
 6770      F225C81F 
 6770      41FE0CF2 
 6770      15C85F
 6771 0124 40FE0AF2 		.ascii	"@\376\012\3625H\010\310H\220\321 \177\003\031\003\022"
 6771      354808C8 
 6771      4890D120 
 6771      7F031903 
 6771      12
 6772 0135 0E1209F2 		.ascii	"\016\022\011\362\035\310?@&\201\244\200\314\000\231"
 6772      1DC83F40 
 6772      2681A480 
 6772      CC0099
 6773 0144 0FA29018 		.ascii	"\017\242\220\030\303\357\033&\260\011\362\027\220\277"
 6773      C3EF1B26 
 6773      B009F217 
 6773      90BF
 6774 0152 9A24DD87 		.ascii	"\232$\335\207\350:\301\357h\220\216 \235Ab\211-\300"
ARM GAS  C:\Users\angio\AppData\Local\Temp\ccrvFn2X.s 			page 243


 6774      E83AC1EF 
 6774      68908E20 
 6774      9D416289 
 6774      2DC0
 6775 0164 7DA36265 		.ascii	"}\243be\265\317\"\340>\012$\326\216\203|\376\321J\236"
 6775      B5CF22E0 
 6775      3E0A24D6 
 6775      8E837CFE 
 6775      D14A9E
 6776 0177 BD2ACF78 		.ascii	"\275*\317x\220\3776\340\211\003\035\254\362\374\017"
 6776      90FF36E0 
 6776      89031DAC 
 6776      F2FC0F
 6777 0186 BCDFA53E 		.ascii	"\274\337\245>7\251\371\262\333QEJx\216N\276j\323\376"
 6777      37A9F9B2 
 6777      DB51454A 
 6777      788E4EBE 
 6777      6AD3FE
 6778 0199 33085E3A 		.ascii	"3\010^:\333\371\373\017x\366k\340\372_\370}\007\011"
 6778      DBF9FB0F 
 6778      78F66BE0 
 6778      FA5FF87D 
 6778      0709
 6779 01ab 8E77D538 		.ascii	"\216w\3258\333\177\206\230X\233\010\307\377\231X{\307"
 6779      DB7F8698 
 6779      589B08C7 
 6779      FF99587B 
 6779      C7
 6780 01bc 6BF4BAA9 		.ascii	"k\364\272\251}c\377\371N\243gU\365\376G\243\367/j\177"
 6780      7D63FFF9 
 6780      4EA36755 
 6780      F5FE47A3 
 6780      F72F6A7F 
 6781 01d0 DA7FD6C2 		.ascii	"\332\177\326\302\313\327%\307\030\257\200\347\037\300"
 6781      CBD725C7 
 6781      18AF80E7 
 6781      1FC0
 6782 01de F572B81E 		.ascii	"\365r\270\036\005\277w\340~9\310\004\220J\220\\x\276"
 6782      05BF77E0 
 6782      7E39C804 
 6782      904A905C 
 6782      78BE
 6783 01f0 176425C8 		.ascii	"\027d%\3102$bD\332\271\035\261v\223\276#m\2560\261\274"
 6783      32246244 
 6783      DAB91DB1 
 6783      7693BE23 
 6783      6DAE30B1 
 6784 0205 59443070 		.ascii	"YD0p\277\023d7\310I\325g\222\247yjLHl\211\233yv\276"
 6784      BF136437 
 6784      C849D567 
 6784      92A7796A 
 6784      4C486C89 
 6785 021d 0E6D212E 		.ascii	"\016m!.\3577\023\227\177\264\020\227\3376\023\227\015"
 6785      EF371397 
 6785      7FB41097 
 6785      DF361397 
 6785      0D
ARM GAS  C:\Users\angio\AppData\Local\Temp\ccrvFn2X.s 			page 244


 6786 022e BF80B87C 		.ascii	"\277\200\270|\331\212\270\374{\013q\351\336L\\\342Z"
 6786      D98AB8FC 
 6786      7B0B71E9 
 6786      DE4C5CE2 
 6786      5A
 6787 023f 884BFF66 		.ascii	"\210K\377f\342\262\231\344\363O\214\013\251\317/;6\177"
 6787      E2B299E4 
 6787      F34F8C0B 
 6787      A9CF2F3B 
 6787      367F
 6788 0251 6C456CBE 		.ascii	"lEl\276h!6\356\315\304&\241\205\330|\334Ll\266\377\002"
 6788      682136EE 
 6788      CDC426A1 
 6788      85D87CDC 
 6788      4C6CB6FF 
 6789 0266 72E6CFAD 		.ascii	"r\346\317\255\210\313\237Z\210\213g3qIl!.\003\233\211"
 6789      88CB9F5A 
 6789      888B6733 
 6789      71496C21 
 6789      2E039B89 
 6790 027a 4BCE2F24 		.ascii	"K\316/$g\276jEl\376\263\205\330\364l&6\311-\304fp3\261"
 6790      67BE6A45 
 6790      6CFEB385 
 6790      D8F46C26 
 6790      36C92DC4 
 6791 0292 D9F30B89 		.ascii	"\331\363\013\211\315_Z\021\233\021-\304\306\247\231"
 6791      CD5F5A11 
 6791      9B112DC4 
 6791      C6A799
 6792 02a1 D8CC6821 		.ascii	"\330\314h!6\2376\023\233}\277\220\330\374\265\025\261"
 6792      369F3613 
 6792      9B7DBF90 
 6792      D8FCB515 
 6792      B1
 6793 02b2 4944ECF9 		.ascii	"ID\354\371h\365\236\\\357wl\222\224l\200;h\200\233a"
 6793      68F59E5C 
 6793      EF776C92 
 6793      946C803B 
 6793      68809B61 
 6794 02c6 803B6C80 		.ascii	"\200;l\200\233c\200;b\200K3\300\0355\300-2\300\375`"
 6794      9B63803B 
 6794      62804B33 
 6794      C01D35C0 
 6794      2D32C0FD 
 6795 02db 805B6680 		.ascii	"\200[f\200;a\200[e\200;i\200[k\200;m\200\333`\200;c"
 6795      3B61805B 
 6795      65803B69 
 6795      805B6B80 
 6795      3B6D80DB 
 6796 02f3 80DB6C80 		.ascii	"\200\333l\200;g\200\333n\200\273`\200\3131\300]2\300"
 6796      3B6780DB 
 6796      6E80BB60 
 6796      80CB31C0 
 6796      5D32C0
 6797 0306 ED31C05D 		.ascii	"\3551\300]1\300\3553\300]3\300\0350\300\225\031\340"
 6797      31C0ED33 
 6797      C05D33C0 
ARM GAS  C:\Users\angio\AppData\Local\Temp\ccrvFn2X.s 			page 245


 6797      1D30C095 
 6797      19E0
 6798 0318 0A0D7037 		.ascii	"\012\015p7\014p\307\014p\345\006\270b\003\334m\003\\"
 6798      0C70C70C 
 6798      70E506B8 
 6798      6203DC6D 
 6798      035C
 6799 032a 8901EE8E 		.ascii	"\211\001\356\216\001\356\274\001\356\256\001\356\262"
 6799      01EEBC01 
 6799      EEAE01EE 
 6799      B2
 6800 0337 01EE9E01 		.ascii	"\001\356\236\001\356\333\026jQ\277fj\321\262\026j\321"
 6800      EEDB166A 
 6800      51BF666A 
 6800      D1B2166A 
 6800      D1
 6801 0348 B0666AD1 		.ascii	"\260fj\321\001x\351\252\352\221zs\027\244\212\324'\023"
 6801      0178E9AA 
 6801      EA917A73 
 6801      17A48AD4 
 6801      2713
 6802 035a DB2B54A8 		.ascii	"\333+T\250\365\347\003\325gR;\010\037\331gMR\333D\366"
 6802      F5E703D5 
 6802      67523B08 
 6802      1FD9674D 
 6802      52DB44F6 
 6803 036e 4CDA4FA9 		.ascii	"L\332O\251A[k\014\332z\323\000Wk\200\2530\300\325\031"
 6803      415B6B0C 
 6803      DA7AD300 
 6803      576B80AB 
 6803      30C0D519 
 6804 0382 E0AA0C70 		.ascii	"\340\252\014p\217\014p\367\015p\365\006\270\207\006"
 6804      8F0C70F7 
 6804      0D70F506 
 6804      B88706
 6805 0391 B806035C 		.ascii	"\270\006\003\\l\013}\366Q3}\266\252\205>\013l\246\317"
 6805      6C0B7DF6 
 6805      51337DB6 
 6805      AA853E0B 
 6805      6CA6CF
 6806 03a4 0AEDFAAC 		.ascii	"\012\355\372\254\007\310=\023\333cM\177N\237\221}q\212"
 6806      07C83D13 
 6806      DB634D7F 
 6806      4E9F917D 
 6806      718A
 6807 03b6 DAA6DFD9 		.ascii	"\332\246\337\331\365\331c\203\266>5h\3533\003\\\243"
 6807      F5D96383 
 6807      B63E3568 
 6807      EB33035C 
 6807      A3
 6808 03c7 012EB485 		.ascii	"\001.\264\205\230\3705\023\2239-\304\344w\315\304\344"
 6808      98F83513 
 6808      93392DC4 
 6808      E477CDC4 
 6808      E4
 6809 03d8 9849EC51 		.ascii	"\230I\354QILl\363bs\261 \347\0033\014x\302Z\360\273"
 6809      494C6CF3 
ARM GAS  C:\Users\angio\AppData\Local\Temp\ccrvFn2X.s 			page 246


 6809      6273B120 
 6809      E703330C 
 6809      78C25AF0 
 6810 03ed 57337EA7 		.ascii	"W3~\247\265\340\367g\315\370]l\327\227\325 5&\266^\233"
 6810      B5E0F767 
 6810      CDF85D6C 
 6810      D797D520 
 6810      3526B65E 
 6811 0402 F79CBE24 		.ascii	"\367\234\276$g\033\363\325\276\370\213]_\"\223c\037"
 6811      671BF3D5 
 6811      BEF88B5D 
 6811      5F229363 
 6811      1F
 6812 0413 4906B615 		.ascii	"I\006\266\025\003\234\311\000\347j\200\223\015pm\015"
 6812      039CC900 
 6812      E76A8093 
 6812      0D706D0D 
 6813 0423 704E06B8 		.ascii	"pN\006\270\261-\304\270O31^\324B\214?o&\306%/\030\343"
 6813      B12DC4B8 
 6813      4F33315E 
 6813      D4428C3F 
 6813      6F26C625 
 6814 043a BF69626C 		.ascii	"\277ibl\177\026\364\212A[]\014l\277j\2003\033\340~m"
 6814      7F16F48A 
 6814      415B5D0C 
 6814      6CBF6A80 
 6814      331BE07E 
 6815 044f 807333C0 		.ascii	"\200s3\300\375\306\000\327\316\000\367\216\001\256\203"
 6815      FDC600D7 
 6815      CE00F78E 
 6815      01AE83
 6816 045e 01EE3D03 		.ascii	"\001\356=\003\\G\003\334y\223\361\271\321;\022;_{\336"
 6816      5C4703DC 
 6816      7993F1B9 
 6816      D13B123B 
 6816      5F7BDE
 6817 0471 991F592F 		.ascii	"\231\037Y/\2225\036Y\227\221\265\024Y\377\2205\013Y"
 6817      92351E59 
 6817      9791B514 
 6817      59FF9035 
 6817      0B59
 6818 0483 675C93D8 		.ascii	"g\\\223\330|N\346`Rol\347\203\304\021\222c$\027H\\I"
 6818      7C4EE660 
 6818      526F6CE7 
 6818      83C41192 
 6818      63241748 
 6819 0499 2C88FF64 		.ascii	",\210\377dn%s \231O\310\034@\352\366G\006\376^~\216"
 6819      6E257320 
 6819      994FC81C 
 6819      40EAF647 
 6819      06FE5E7E 
 6820 04ae BFE42CF0 		.ascii	"\277\344,\360yg\216d\335J\326\232d}H\326td\035F\326"
 6820      79678E64 
 6820      DD4AD69A 
 6820      647D48D6 
 6820      74641D46 
 6821 04c3 4E64BD43 		.ascii	"Nd\275C\326(d]A\326\002\244\356\331\316'\311\270!\271"
ARM GAS  C:\Users\angio\AppData\Local\Temp\ccrvFn2X.s 			page 247


 6821      D628645D 
 6821      41D602A4 
 6821      EED9CE27 
 6821      C9B821B9 
 6822 04d7 4E7290F4 		.ascii	"Nr\220\364/\351\023\022G2\307\223\271\227\314kd.\"\363"
 6822      2FE91312 
 6822      4732C793 
 6822      B997CC6B 
 6822      642E22F3 
 6823 04eb 47A081BF 		.ascii	"G\240\201\277\013\261\351\346\351+\207\3147\331;9\004"
 6823      0BB1E9E6 
 6823      E92B87CC 
 6823      37D93B39 
 6823      04
 6824 04fc 2174AE0F 		.ascii	"!t\256\017|\231\245?c\251\263\325d59\205`\223\031\233"
 6824      7C99A53F 
 6824      63A9B3D5 
 6824      64353985 
 6824      6093199B 
 6825 0510 7188F930 		.ascii	"q\210\3710z\253{\035\356\357b\352\336\336\354\262\246"
 6825      7AAB7B1D 
 6825      EEEF62EA 
 6825      DEDEECB2 
 6825      A6
 6826 0521 0075302B 		.ascii	"\000u0+.&\323m\347\020s\367\006\264\336\264\324\251"
 6826      2E26D36D 
 6826      E71073F7 
 6826      06B4DEB4 
 6826      D4A9
 6827 0533 6B7FAB1C 		.ascii	"k\177\253\034\222\364\352mg\253)\365\363\316\376\375"
 6827      92F4EA6D 
 6827      67AB29F5 
 6827      F3CEFEFD 
 6828 0543 E1FBB6F3 		.ascii	"\341\373\266\363a\024\002Z\303d\227\016pu\333\331\\"
 6828      6114025A 
 6828      C364970E 
 6828      7075DBD9 
 6828      5C
 6829 0554 8797263B 		.ascii	"\207\227&;\205\0343M\371\000\035F\346\020\277\316V\253"
 6829      851C334D 
 6829      F9001D46 
 6829      E610BFCE 
 6829      56AB
 6830 0566 B5BF8BCB 		.ascii	"\265\277\213\313[\355\363q>\036\014aw\311\334\370\252"
 6830      5BEDF371 
 6830      3E1E0C61 
 6830      77C9DCF8 
 6830      AA
 6831 0577 F9B6737B 		.ascii	"\371\266s{\240\350\036\322\265CH\327\366\207\221\022"
 6831      A0E81ED2 
 6831      B54348D7 
 6831      F6879112 
 6832 0587 1262EEDC 		.ascii	"\022b\356\334]\002'B\374\374\372\233\314\300,\273\034"
 6832      5D022742 
 6832      FCFCFA9B 
 6832      CCC02CBB 
 6832      1C
ARM GAS  C:\Users\angio\AppData\Local\Temp\ccrvFn2X.s 			page 248


 6833 0598 467E18B9 		.ascii	"F~\030\271\371YK+_3+f\327\267\272v\207\311F\032l\002"
 6833      F9594B2B 
 6833      5F332B66 
 6833      D7B7BA76 
 6833      87C9461A 
 6834 05ae 5EDC64FB 		.ascii	"^\334d\373 g\260\031\"n\021\352n6\371\231\360\357oC"
 6834      2067B019 
 6834      226E11EA 
 6834      6E36F999 
 6834      F0EF6F43 
 6835 05c2 DD3699BA 		.ascii	"\3356\231\272\302\230\226]\334\334\220\025~\\-\277\017"
 6835      C298965D 
 6835      DCDC9015 
 6835      7E5C2DBF 
 6835      0F
 6836 05d3 19E66796 		.ascii	"\031\346g\226n;\233\340Ug\031YMHh\232\235 ;L<_\221\276"
 6836      6E3B9BE0 
 6836      55671959 
 6836      4D48689A 
 6836      9D203B4C 
 6837 05eb B6911B81 		.ascii	"\266\221\033\201\225\304{\223\276\016\"\207^`C\0351"
 6837      95C47B93 
 6837      BE0E2287 
 6837      5E60431D 
 6837      31
 6838 05fc 31699EEA 		.ascii	"1i\236\352\3244\344\310N\035\221\017\371\326*\010\037"
 6838      D434E4C8 
 6838      4E1D910F 
 6838      F9D62A08 
 6838      1F
 6839 060d B97D1377 		.ascii	"\271}\023w\013\011\210\235\343\224\005\331\034r\374"
 6839      0B09889D 
 6839      E39405D9 
 6839      1C72FC
 6840 061c 605BDAEC 		.ascii	"`[\332\354\233uq\262R\016a\263\316\357\214^M\355/!\334"
 6840      9B7571B2 
 6840      520E61B3 
 6840      CEEF8C5E 
 6840      4DED2F21 
 6841 0631 45C29E92 		.ascii	"E\302\236\222\267\225~\312\242%\264\2031D\266\231\211"
 6841      B7957ECA 
 6841      A225B483 
 6841      3144B699 
 6841      89
 6842 0642 51476482 		.ascii	"QGd\202\357\316\250\003\250N\3365\275\310\374\032\200"
 6842      EFCEA803 
 6842      A84EDE35 
 6842      BDC8FC1A 
 6842      80
 6843 0653 EE5AAD9D 		.ascii	"\356Z\255\235\321h\264\023!\272\037\200\315\"\212\200"
 6843      D168B413 
 6843      21BA1F80 
 6843      CD228A80 
 6844 0663 7D616AAA 		.ascii	"}aj\252\265~\321\221\306\262w\017%L\266\236\000\\*\""
 6844      B57ED191 
 6844      C6B2770F 
 6844      254CB69E 
ARM GAS  C:\Users\angio\AppData\Local\Temp\ccrvFn2X.s 			page 249


 6844      005C2A22 
 6845 0677 2F511642 		.ascii	"/Q\026B\331\2541Y\360`;B\333P\344Q\037\\\216\250JfN"
 6845      D9AC3159 
 6845      F0603B42 
 6845      DB50E451 
 6845      1F5C8EA8 
 6846 068e CA646B87 		.ascii	"\312dk\207\011Vk\236L\300{8x\017\007\027\370\340\307"
 6846      09566B9E 
 6846      4CC07B38 
 6846      780F0717 
 6846      F8E0C7
 6847 06a1 0C9C9D3D 		.ascii	"\014\234\235=3\303?\335\232\307\341\271\034\236\313"
 6847      33C33FDD 
 6847      9AC7E1B9 
 6847      1C9ECB
 6848 06b0 E13B7D70 		.ascii	"\341;}p\216\211q\357\335\032\271\006\034\371\224@\367"
 6848      8E8971EF 
 6848      DD1AB906 
 6848      1CF99440 
 6848      F7
 6849 06c1 71E83E0E 		.ascii	"q\350>\016\335\354\203\1770\251\314\363\252\373\011"
 6849      DDEC837F 
 6849      30A9CCF3 
 6849      AAFB09
 6850 06d0 DE020E2E 		.ascii	"\336\002\016.\340\3408/\274\0153\336\306l\253U\261a"
 6850      E0E0382F 
 6850      BC0D33DE 
 6850      C66CAB55 
 6850      B161
 6851 06e2 0F70EC01 		.ascii	"\017p\354\001\216}\354\211O3l\366\374%Z\342C\034|\210"
 6851      8E7DEC89 
 6851      4F336CF6 
 6851      FC255AE2 
 6851      431C7C88 
 6852 06f6 83EF7BE2 		.ascii	"\203\357{\342\357eF\374LK\\\310\261\205\034[\341\211"
 6852      EF6546FC 
 6852      4C4B5CC8 
 6852      B1851C5B 
 6852      E189
 6853 0708 B319363B 		.ascii	"\263\0316;\263\274&\331\331\312\333W\304\321E\034]\352"
 6853      B3BC26D9 
 6853      D9CADB57 
 6853      C4D1451C 
 6853      5DEA
 6854 071a 89A72A06 		.ascii	"\211\247*\006\314\3078\366\030\307\236\367\304\351\212"
 6854      CCC738F6 
 6854      18C79EF7 
 6854      C4E98A
 6855 0729 1A8B4A1D 		.ascii	"\032\213J\035\363q\216>\316\321\305\236\370\236\021"
 6855      F3718E3E 
 6855      CED1C59E 
 6855      F89E11
 6856 0738 7331C716 		.ascii	"s1\307\026sl\241'\266:1\346\247\265:\346S\034}\212\243"
 6856      736CA127 
 6856      B63A31E6 
 6856      A7B53AE6 
 6856      531C7D8A 
ARM GAS  C:\Users\angio\AppData\Local\Temp\ccrvFn2X.s 			page 250


 6857 074d F779E272 		.ascii	"\367y\342r'\2030\227pl\011\307\346x\342I\316\214\271"
 6857      27833097 
 6857      706C09C7 
 6857      E678E249 
 6857      CE8CB9
 6858 0760 B641C77C 		.ascii	"\266A\307|\226\243\317\212\336\366\304W\234\015\230"
 6858      96A3CF8A 
 6858      DEF6C457 
 6858      9C0D98
 6859 076f CF73EC79 		.ascii	"\317s\354y\216]\353\211\037\250\314s\227\337\3272_\344"
 6859      8E5DEB89 
 6859      1FA8CC73 
 6859      97DFD732 
 6859      5FE4
 6860 0781 E88B1CBD 		.ascii	"\350\213\034\275\314\023\037p1\210\306e\216\275\314"
 6860      CC131F70 
 6860      3188C665 
 6860      8EBDCC
 6861 0790 B1699EF8 		.ascii	"\261i\236\370,\303f/^]\352\253\315\346\253\034~\225"
 6861      2CC3662F 
 6861      5E5DEAAB 
 6861      CDE6AB1C 
 6861      7E95
 6862 07a2 C36778E2 		.ascii	"\303gx\342u\256\214:=^;RJ9\270\224\203\023=\361nW\265"
 6862      75AE8C3A 
 6862      3D5E3B52 
 6862      4A39B894 
 6862      83133DF1 
 6863 07b9 0F37EAB9 		.ascii	"\0177\352\271\257s\370u\221\321\2368\305l\304}\223\203"
 6863      AF73F875 
 6863      91D19E38 
 6863      C56CC47D 
 6863      9383
 6864 07cb 6F8A94F6 		.ascii	"o\212\224\366\300"
 6864      C0
 6865 07d0 CB1838FB 		.ascii	"\313\0308\373\344V=\367-\016\277%\222\332\003\327\031"
 6865      E4563DF7 
 6865      2D0EBF25 
 6865      92DA03D7 
 6865      19
 6866 07e1 72577070 		.ascii	"rWpp\205\310j\017<\251\015\343\276\264\363~\212&\332"
 6866      85C86A0F 
 6866      3CA90DE3 
 6866      BEB4F37E 
 6866      8A26DA
 6867 07f4 951C5D29 		.ascii	"\225\034])\262\332\003\237e\350\314d\035u\025\007W\211"
 6867      B2DA039F 
 6867      65E8CC64 
 6867      1D751507 
 6867      5789
 6868 0806 B4F6C015 		.ascii	"\264\366\300\025*um\256\216\272\232\243\253EBy\340\235"
 6868      2A756DAE 
 6868      8EBA9AA3 
 6868      AB454279 
 6868      E09D
 6869 0818 6E46D4F7 		.ascii	"nF\324\3679\370\276\310'\017|\224\201\263\037\225\353"
 6869      39F8BEC8 
ARM GAS  C:\Users\angio\AppData\Local\Temp\ccrvFn2X.s 			page 251


 6869      270F7C94 
 6869      81B31F95 
 6869      EB
 6870 0829 A81F70F4 		.ascii	"\250\037p\364\003\221Q\036xa[#\352\207\034\374P$\224"
 6870      0391511E 
 6870      78615B23 
 6870      EA871CFC 
 6870      502494
 6871 083c 075EDF56 		.ascii	"\007^\337V\245\256\324Q\377\310\321?\212\224\362\300"
 6871      A5AED451 
 6871      FFC8D13F 
 6871      8A94F2C0 
 6872 084c 4F0CA91F 		.ascii	"O\014\251\037s\360c\221P\0368\251\235\232#\017f\374"
 6872      73F06391 
 6872      501E38A9 
 6872      9D9A230F 
 6872      66FC
 6873 085e 87B61F9F 		.ascii	"\207\266\037\237p\370\023\321\217\356\270\216\3013/"
 6873      70F813D1 
 6873      8FEEB88E 
 6873      C1332F
 6874 086d 2568B99F 		.ascii	"%h\271\237q\3603\321\217\356xn{\265\354=)\325U\352&"
 6874      71F033D1 
 6874      8FEE786E 
 6874      7BB5EC3D 
 6874      29D555EA 
 6875 0882 0E6F1201 		.ascii	"\016o\022\001t\307\327\031<s\275\316\3578\223\015\034"
 6875      74C7D719 
 6875      3C73BDCE 
 6875      EF38930D 
 6875      1C
 6876 0893 67E2F173 		.ascii	"g\342\361s\307\017T\356\231\313\313t\334\361\034\036"
 6876      C70F54EE 
 6876      99CBCB74 
 6876      DCF11C1E 
 6877 08a3 CFE1CBDC 		.ascii	"\317\341\313\334q^\007#\356\004\016N\340\3404w|\242"
 6877      715E0723 
 6877      EE040E4E 
 6877      E0E03477 
 6877      7CA2
 6878 08b5 835AA1BE 		.ascii	"\203Z\241\276\327sO\346\360\311\034\376\270\007^\364"
 6878      D7734FE6 
 6878      F0C91CFE 
 6878      B8075EF4 
 6879 08c5 8A117722 		.ascii	"\212\021w\"\007'r\360\375\036x\303+jWf\224\365\326r"
 6879      072772F0 
 6879      FD1E78C3 
 6879      2B6A5766 
 6879      94F5D672 
 6880 08d9 4FE3F069 		.ascii	"O\343\360i\034^\321\0037\250\334{t\334\311\034\234\314"
 6880      1C5ED103 
 6880      37A8DC7B 
 6880      74DCC91C 
 6880      9CCC
 6881 08eb C1A53DF0 		.ascii	"\301\245=\360\324\216jro\321s\247px\012\207\237\357"
 6881      D48E6A72 
 6881      6FD173A7 
ARM GAS  C:\Users\angio\AppData\Local\Temp\ccrvFn2X.s 			page 252


 6881      70780A87 
 6881      9FEF
 6882 08fd 81CF7734 		.ascii	"\201\317w4\342\236\301\30138\270\270\007\276\323Q\202"
 6882      E29EC1C1 
 6882      3338B8B8 
 6882      07BED351 
 6882      82
 6883 090e D9DF892E 		.ascii	"\331\337\211.\246\234\351\025Y#\214\307\326N\022]\033"
 6883      A69CE915 
 6883      59238CC7 
 6883      D64E125D 
 6883      1B
 6884 091f C8746DD0 		.ascii	"\310tm\320\025\326\006\325gJ\362\235\314\360\262\306"
 6884      15D606D5 
 6884      674AF29D 
 6884      CCF0B2C6 
 6885 092f 9A37D155 		.ascii	"\2327\321UB\363Mh\0360\3155\201N6BsLh\266\011`\225{"
 6885      42F34D68 
 6885      1E30CD35 
 6885      814E3642 
 6885      734C68B6 
 6886 0947 9BC6913D 		.ascii	"\233\306\221=\031J3\241\010<\251\023Y\221\\\276\374"
 6886      194A33A1 
 6886      083CA913 
 6886      59915CBE 
 6886      FC
 6887 0958 60B95327 		.ascii	"`\271S'\266\374`\347\311h\241\011\245\253\036\341y\024"
 6887      B6FC60E7 
 6887      C968A109 
 6887      A5AB1EE1 
 6887      7914
 6888 096a 54BD797B 		.ascii	"T\275y{\201\233\036\264H\200\000\320t\372l\003r\313"
 6888      819B1EB4 
 6888      488000D0 
 6888      74FA6C03 
 6888      72CB
 6889 097c 230E2CCD 		.ascii	"#\016,\315\227\321b\223\352\202\204\226\230(`mUwjy\211"
 6889      97D16293 
 6889      EA828496 
 6889      9828606D 
 6889      55776A79 
 6890 0991 092D20AE 		.ascii	"\011- \256L\275\266\344\177\015\0263\313\300\353\245"
 6890      4CBDB6E4 
 6890      7F0D1633 
 6890      CBC0EBA5 
 6891 09a1 26C9B6DA 		.ascii	"&\311\266\332\330\364\257<\246\313Lh\026\017\323,\036"
 6891      D8F4AF3C 
 6891      A6CB4C68 
 6891      160FD32C 
 6891      1E
 6892 09b2 A6781FBC 		.ascii	"\246x\037\274\272\223Z\272v\325j'\212\025\034\275\202"
 6892      BA935ABA 
 6892      76D56A27 
 6892      8A151CBD 
 6892      82
 6893 09c3 A39F78E3 		.ascii	"\243\237x\343\037\031z~zY>\346\330U\034\273\212c\017"
 6893      1F197A7E 
ARM GAS  C:\Users\angio\AppData\Local\Temp\ccrvFn2X.s 			page 253


 6893      7A593EE6 
 6893      D8551CBB 
 6893      8A630F
 6894 09d6 78E3439D 		.ascii	"x\343C\235\031\366R\271\006\273\232cWsl\2127\236\367"
 6894      19F652B9 
 6894      06BB9A63 
 6894      57736C8A 
 6894      379EF7
 6895 09e9 AACA5BA9 		.ascii	"\252\312[\251\301\256\345\330\265\"\013z\342[*\366R"
 6895      C1AEE5D8 
 6895      B5220B7A 
 6895      E25B2AF6 
 6895      52
 6896 09fa B5069BC1 		.ascii	"\265\006\233\301\261\031\034\273\242'\336\361+\206\315"
 6896      B1191CBB 
 6896      A227DEF1 
 6896      2B86CD
 6897 0a09 7CA4C16E 		.ascii	"|\244\301n\340\330\015\034[\345\205\247\275\306\260"
 6897      E0D80D1C 
 6897      5BE585A7 
 6897      BDC6B0
 6898 0a18 4F1B34D8 		.ascii	"O\0334\330M\034\273\211cwx\341\353\257\251\223I\223"
 6898      4D1CBB89 
 6898      637778E1 
 6898      EBAFA993 
 6898      4993
 6899 0a2a 7EC06DE6 		.ascii	"~\300m\346\360\315\"\317\335q\346\353*\365\212\002A"
 6899      F0CD22CF 
 6899      DD71E6EB 
 6899      2AF58A02 
 6899      41
 6900 0a3b BD9563B7 		.ascii	"\275\225c\267rl\241;~\246b\263\326i\260\3339v;\307\316"
 6900      726CA13B 
 6900      7EA662B3 
 6900      D669B0DB 
 6900      39763BC7 
 6901 0a50 70C7477E 		.ascii	"p\307G~\315\334\250\333\370@[fwp\364\0161\"\240\202"
 6901      CDDCA8DB 
 6901      F8405B66 
 6901      7770F40E 
 6901      3122A082 
 6902 0a64 BFC198B3 		.ascii	"\277\301\230\263\267j\230s86\207c\023=\360\2757liqR"
 6902      B76A9873 
 6902      38368763 
 6902      133DF0BD 
 6902      376C6971 
 6903 0a79 CBBC8BA3 		.ascii	"\313\274\213\243wq\364\003o\334\364\206AZ\354\341\330"
 6903      7771F403 
 6903      6FDCF486 
 6903      415AECE1 
 6903      D8
 6904 0a8a 3D1CBBC7 		.ascii	"=\034\273\307\033\247v1H\213\\\216\315\345\330\311\336"
 6904      1BA77631 
 6904      488B5C8E 
 6904      CDE5D8C9 
 6904      DE
 6905 0a9b 78591783 		.ascii	"xY\027\203\264\330\307\261\373D\353z\342-]\014\322\242"
ARM GAS  C:\Users\angio\AppData\Local\Temp\ccrvFn2X.s 			page 254


 6905      B4D8C7B1 
 6905      FB44EB7A 
 6905      E22D5D0C 
 6905      D2A2
 6906 0aad 80630B38 		.ascii	"\200c\0138vaO\\\320\305 -\016p\354\001\216\275\351\205"
 6906      76614F5C 
 6906      D0C5202D 
 6906      0E70EC01 
 6906      8EBDE985 
 6907 0ac1 CF743148 		.ascii	"\317t1H\213C\034{\210c7y\341\312.\266\264\310\327\325"
 6907      8B431C7B 
 6907      88633779 
 6907      E1CA2EB6 
 6907      B4C8D7D5 
 6908 0ad5 B3420E2F 		.ascii	"\263B\016/\024\231\354\216\237t1H\213\"\216-\342\330"
 6908      1499EC8E 
 6908      9F743148 
 6908      8B228E2D 
 6908      E2D8
 6909 0ae7 7DEE78DA 		.ascii	"}\356x\332\233\006iq\214c\217\211\316s\307\013\337\264"
 6909      9B066971 
 6909      8C638F89 
 6909      CE73C70B 
 6909      DFB4
 6910 0af9 A5C529DD 		.ascii	"\245\305)\335R\3478\207\037\027\031\347\2017\274i\220"
 6910      52E73887 
 6910      1F1719E7 
 6910      8137BC69 
 6910      90
 6911 0b0a 17C51C5B 		.ascii	"\027\305\034[\314\261q\0368\357MR\217\256\2359T\353"
 6911      CCB1711E 
 6911      38EF4D52 
 6911      8FAE9D39 
 6911      54EB
 6912 0b1c FCEE7CD8 		.ascii	"\374\356|\3303]\332U\266Uf6\254\324\306)\256w\212\353"
 6912      335DDA55 
 6912      B6556636 
 6912      ACD4C629 
 6912      AE778AEB 
 6913 0b30 1DF3C685 		.ascii	"\035\363\306\205T\357~^\321\023\231\350\361L\351OW\307"
 6913      54EF7E5E 
 6913      D11399E8 
 6913      F14CE94F 
 6913      57C7
 6914 0b42 5CA784EB 		.ascii	"\\\247\204\353\314\363\306'\251\316\275\254\262\014"
 6914      CCF3C627 
 6914      A9CEBDAC 
 6914      B20C
 6915 0b50 57AA63CB 		.ascii	"W\252c\313\030\252s\226\353\234\025#\255'\276Hu\252"
 6915      18AA7396 
 6915      EB9C1523 
 6915      AD27BE48 
 6915      75AA
 6916 0b62 E7A7949B 		.ascii	"\347\247\224\233\231\235J\215\316y\256s\236\353d\364"
 6916      999D4A8D 
 6916      CE79AE73 
 6916      9EEB64F4 
ARM GAS  C:\Users\angio\AppData\Local\Temp\ccrvFn2X.s 			page 255


 6917 0b72 C437A8CE 		.ascii	"\3047\250\316\201\244\206#\230\331\251\326\350\\\344"
 6917      81A48623 
 6917      98D9A9D6 
 6917      E85CE4
 6918 0b81 3A17B9CE 		.ascii	":\027\271\316C/\\Eu\232\246.\332\343Dul\231Du.s\235"
 6918      432F5C45 
 6918      759AA62E 
 6918      DAE34475 
 6918      6C994475 
 6919 0b98 CB5C27D7 		.ascii	"\313\\'\327\013?\242:3\262.\335iGul\031Eu\256r\235\253"
 6919      0B3FA23A 
 6919      33B22EDD 
 6919      6947756C 
 6919      194575AE 
 6920 0baf A22BBD70 		.ascii	"\242+\275p\023\325IY\\|\217\306\233tiom\270K\271Z\251"
 6920      13D54959 
 6920      5C7C8FC6 
 6920      9B74696F 
 6920      6DB84BB9 
 6921 0bc5 C8160F3C 		.ascii	"\310\026\017<\3457D-\361\370\305$\252\306\273\226\232"
 6921      E537442D 
 6921      F1F8C524 
 6921      AAC6BB96 
 6921      9A
 6922 0bd6 BACE75AE 		.ascii	"\272\316u\256\213U\201;\236Iu\216\034\331\332\300LA"
 6922      8B55813B 
 6922      9E49758E 
 6922      1CD9DAC0 
 6922      4C41
 6923 0be8 127FA835 		.ascii	"\022\177\2505u\223\253\335\024\343\016\222\215\252\255"
 6923      7593ABDD 
 6923      14E30E92 
 6923      8DAAAD
 6924 0bf7 5B78FD09 		.ascii	"[x\375\011\213\270-\231\251\251[\\\347\026\327\311q"
 6924      8BB82D99 
 6924      A9A95B5C 
 6924      E716D7C9 
 6924      71
 6925 0c08 C72BA9CE 		.ascii	"\307+\251\316\251\362\315\273LT\307\226\324T\247\202"
 6925      A9F2CDBB 
 6925      4C54C796 
 6925      D454A782 
 6926 0c18 EB5488CC 		.ascii	"\353T\210\314s\307\033\251N\332\204{\333i/\235\273T"
 6926      73C71BA9 
 6926      4EDA847B 
 6926      DB692F9D 
 6926      BB54
 6927 0c2a 79BD9F70 		.ascii	"y\275\237p\256\222+U\212\324\356\201k\251\322\216\005"
 6927      AE922B55 
 6927      8AD4EE81 
 6927      6BA9D28E 
 6927      05
 6928 0c3b 6B92699B 		.ascii	"k\222i\2332\327\250\253@\246T\305\225\252D\360z\340"
 6928      32D7A8AB 
 6928      40A654C5 
 6928      95AA44F0 
 6928      7AE0
ARM GAS  C:\Users\angio\AppData\Local\Temp\ccrvFn2X.s 			page 256


 6929 0c4d A754A93E 		.ascii	"\247T\251>>~+(Y\255\365;kgm~g_\374\322\356d\032\255"
 6929      3E7E2B28 
 6929      59ADF53B 
 6929      6B676D7E 
 6929      675FFCD2 
 6930 0c65 E63AD5F4 		.ascii	"\346:\325\364\334\004\357|\213\254'>\240\353\214\366"
 6930      DC04EF7C 
 6930      8BAC273E 
 6930      A0EB8CF6 
 6931 0c75 F44AC245 		.ascii	"\364J\302Eo\021\206\273\007*\216\2665\347\331\257+\352"
 6931      6F1186BB 
 6931      072A8EB6 
 6931      35E7D9AF 
 6931      2BEA
 6932 0c87 4C808175 		.ascii	"L\200\201u\305\003\023\252%\223y\352\224\323}\350\354"
 6932      C50313AA 
 6932      259379EA 
 6932      94D37DE8 
 6932      EC
 6933 0c98 FE10D615 		.ascii	"\376\020\326\025\244\007\362\363\362\332\331\036<\""
 6933      A407F2F3 
 6933      F2DAD91E 
 6933      3C22
 6934 0ca6 880B67F2 		.ascii	"\210\013g\362\2569\033\314\367\365\300\366#[!\224\037"
 6934      AE391BCC 
 6934      F7F5C0F6 
 6934      235B2194 
 6934      1F
 6935 0cb7 AB9B2A13 		.ascii	"\253\233*\023o\263\317=z\000SR\276\011\336\242\373\334"
 6935      6FB3CF3D 
 6935      7A005352 
 6935      BE09DEA2 
 6935      FBDC
 6936 0cc9 D9FBCCD9 		.ascii	"\331\373\314\331\304\267%\003\213\027\222\323\022\215"
 6936      C4B72503 
 6936      8B1792D3 
 6936      128D
 6937 0cd7 F89F02FF 		.ascii	"\370\237\002\377\023\306\177\350\\\342\025\023\341\317"
 6937      13C67FE8 
 6937      5CE21513 
 6937      E1CF
 6938 0ce5 5C133F39 		.ascii	"\\\023?9\257\203\011\336\241\006\316\336\300\330\027"
 6938      AF8309DE 
 6938      A106CEDE 
 6938      C0D817
 6939 0cf4 BE2DE12D 		.ascii	"\276-\341-\324\302\215\322\325\367\024\375\222\247\311"
 6939      D4C28DD2 
 6939      D5F714FD 
 6939      92A7C9
 6940 0d03 84AC585D 		.ascii	"\204\254X]\027\355\247\240\322\343\327/\331\201\342"
 6940      17EDA7A0 
 6940      D2E3D72F 
 6940      D981E2
 6941 0d12 300701A0 		.ascii	"0\007\001\240\301\372\354\232f]4\001\363uQ<\246\200"
 6941      C1FAEC9A 
 6941      665D3401 
 6941      F375513C 
ARM GAS  C:\Users\angio\AppData\Local\Temp\ccrvFn2X.s 			page 257


 6941      A680
 6942 0d24 B8CAA6B9 		.ascii	"\270\312\246\271&\332\222xL[r\370|N\242\253AK\022\260"
 6942      26DA9278 
 6942      4C5B72F8 
 6942      7C4EA2AB 
 6942      414B12B0 
 6943 0d38 8426329D 		.ascii	"\204&2\235\334)G&\267\245\221:\331\370\340\262\023\015"
 6943      DC294726 
 6943      B7A5913A 
 6943      D9F8E0B2 
 6943      130D
 6944 0d4a 5502468D 		.ascii	"U\002F\215\2741\215\2541\263\273Jx}W\242\261mc\306Y"
 6944      BC318DAC 
 6944      31B3BB4A 
 6944      787D57A2 
 6944      B16D63C6 
 6945 0d5f 59EFE714 		.ascii	"Y\357\347\024\214\022m\215\331EA\033k+\237\331\255\004"
 6945      8C126D8D 
 6945      D945411B 
 6945      6B2B9FD9 
 6945      AD04
 6946 0d71 A70A1000 		.ascii	"\247\012\020\000\226\357\235\276\302$\0323M4&\2119\266"
 6946      96EF9DBE 
 6946      C2241A33 
 6946      4D342689 
 6946      39B6
 6947 0d83 E3744903 		.ascii	"\343tI\003\246\215Ib\215\311\337\233s^1h\314thL2\323"
 6947      A68D4962 
 6947      8DC9DF9B 
 6947      735E3168 
 6947      CC74684C 
 6948 0d99 3972E7E1 		.ascii	"9r\347\341\335\366\2641\013\276OZ\3606m\314t\214&c\276"
 6948      DDF6B431 
 6948      0BBE4F5A 
 6948      F0366DCC 
 6948      748C2663 
 6949 0dae EEA78767 		.ascii	"\356\247\207g8\341\035Z\256V\245\257p\245\350\372uI"
 6949      38E11D5A 
 6949      AE56A5AF 
 6949      70A5E8FA 
 6949      7549
 6950 0dc0 E91E34A5 		.ascii	"\351\0364\245a\030\244rt*C_~G\302\017\251\306\342\324"
 6950      6118A472 
 6950      742A435F 
 6950      7E47C20F 
 6950      A9C6E2D4 
 6951 0dd4 2DA75CF5 		.ascii	"-\247\\\365\255\232\205\321l\321\252\353\347R\326b\321"
 6951      AD9A85D1 
 6951      6CD1AAEB 
 6951      E752D662 
 6951      D1
 6952 0de5 AAD9A255 		.ascii	"\252\331\242Us\230\2077\026\327-E\264UsX\253\256L\250"
 6952      73988737 
 6952      16D72D45 
 6952      B4557358 
 6952      ABAE4CA8 
 6953 0df9 335ABBCE 		.ascii	"3Z\273\316\203F\315e*\333\026\334+w\242n6nJ\312\372"
ARM GAS  C:\Users\angio\AppData\Local\Temp\ccrvFn2X.s 			page 258


 6953      8346CD65 
 6953      2ADB16DC 
 6953      2B77A26E 
 6953      366E4ACA 
 6954 0e0e 2D75731E 		.ascii	"-us\036F3\271\2333\231\233{\336e+y+;\346\263v\240w\355"
 6954      4633B99B 
 6954      33999B7B 
 6954      DE652B79 
 6954      2B3BE6B3 
 6955 0e26 C9FC94B1 		.ascii	"\311\374\224\261\345G\304W\364\360\320\346\324\"\260"
 6955      E547C457 
 6955      F4F0D0E6 
 6955      D422B0
 6956 0e35 E28DD231 		.ascii	"\342\215\3221E\272\340\302w\211\275\212\372\211\225"
 6956      45BAE0C2 
 6956      7789BD8A 
 6956      FA8995
 6957 0e44 EDA98BA3 		.ascii	"\355\251\213\243\250\207Onl\2137\031-\257Ay)sq\342\364"
 6957      A8874F6E 
 6957      6C8B3719 
 6957      2DAF4179 
 6957      297371E2 
 6958 0e59 842B4EA2 		.ascii	"\204+N\242\331\313D\263\227S/\361Q\312\234\370\343\223"
 6958      D9CB44B3 
 6958      97532FF1 
 6958      51CA9CF8 
 6958      E393
 6959 0e6b 8A360630 		.ascii	"\2126\0060\264\002\253@\352y\236\204/\274+\3412\220"
 6959      B402AB40 
 6959      EA799E84 
 6959      2FBC2BE1 
 6959      3290
 6960 0e7d DB205554 		.ascii	"\333 UT\267\254n\303j\223>\364k1Zg\313\272G\0244\353"
 6960      B7AC6EC3 
 6960      6A933EF4 
 6960      6B315A67 
 6960      CBBA4714 
 6961 0e93 4862A559 		.ascii	"Hb\245Y\017\312\020 \302R\025\177\330Ex\260^8\272\001"
 6961      0FCA1020 
 6961      C252157F 
 6961      D84578B0 
 6961      5E38BA01 
 6962 0ea7 5A82E3FE 		.ascii	"Z\202\343\376\011@Ng\357\335_\322\246S\267n@2\221\254"
 6962      09404E67 
 6962      EFDD5FD2 
 6962      A653B76E 
 6962      403291AC 
 6963 0ebb 1560218F 		.ascii	"\025`!\217\321bL\015n\"\\h3F\231$\350@T\237\2763i\261"
 6963      D1624C0D 
 6963      6E225C68 
 6963      33469924 
 6963      E840549F 
 6964 0ed3 D3CE6CAB 		.ascii	"\323\316l\2535\361u A\033)\306\306\352-\221:Gp\231\323"
 6964      35F17520 
 6964      411B29C6 
 6964      C6EA2D91 
 6964      3A477099 
ARM GAS  C:\Users\angio\AppData\Local\Temp\ccrvFn2X.s 			page 259


 6965 0ee8 C92E6DA2 		.ascii	"\311.m\242\033\301\254q\300\370\322?\003<(+\246\033"
 6965      1BC1AC71 
 6965      C0F8D23F 
 6965      033C282B 
 6965      A61B
 6966 0efa 23BDD50C 		.ascii	"#\275\325\014{\253\013\261\\\237\276x\251K'G\017a\267"
 6966      7BAB0BB1 
 6966      5C9FBE78 
 6966      A94B2747 
 6966      0F61B7
 6967 0f0d B59562B7 		.ascii	"\265\225b\267\021 \274\256?\271+\351\214\271p\002uo"
 6967      1120BCAE 
 6967      3FB92BE9 
 6967      8CB97002 
 6967      756F
 6968 0f1f 0B46AB31 		.ascii	"\013F\2531\0010\264\306\364\324'\373\343\332;\232^\244"
 6968      0130B4C6 
 6968      F4D427FB 
 6968      E3DA3B9A 
 6968      5EA4
 6969 0f31 A3A359D2 		.ascii	"\243\243Y\322\201%\027\302WH\254\\\362N6\035t\206Xi"
 6969      812517C2 
 6969      5748AC5C 
 6969      F24E361D 
 6969      74865869 
 6970 0f45 5CD98151 		.ascii	"\\\331\201Q\026!\317\241\232\2731\332\205\321N[\264"
 6970      1621CFA1 
 6970      9ABB31DA 
 6970      85D14E5B 
 6970      B4
 6971 0f56 66E7266D 		.ascii	"f\347&mi\243Fk\024\312\306\004e\013\004u\211E\253\346"
 6971      69A3466B 
 6971      14CAC604 
 6971      650B0475 
 6971      8945ABE6 
 6972 0f6a D8AAE9ED 		.ascii	"\330\252\351\355R\241\374\255\304h\211#\310\2274-3w"
 6972      52A1FCAD 
 6972      C4688923 
 6972      C897342D 
 6972      3377
 6973 0f7c 95954674 		.ascii	"\225\225Ft;F\337S\214\276Yxz7\322\264\244K{k\264Mc\356"
 6973      3B46DF53 
 6973      8CBE5978 
 6973      7A37D2B4 
 6973      A44B7B6B 
 6974 0f94 A13DD8D1 		.ascii	"\241=\330\321A@gW\355Hp\351"
 6974      41406757 
 6974      ED4870E9 
 6975 0fa0 C8D04B4D 		.ascii	"\310\320KMh/F\0131Z@Hs1\035/t\015\266\256l\223\323{"
 6975      682F460B 
 6975      315A4048 
 6975      73311D2F 
 6975      740DB6AE 
 6976 0fb8 642EAC2D 		.ascii	"d.\254-K\312z;c\202\025FU.Fi\224\320\246\220\206\245"
 6976      4BCA7A3B 
 6976      63821546 
 6976      552E4669 
ARM GAS  C:\Users\angio\AppData\Local\Temp\ccrvFn2X.s 			page 260


 6976      94D0A690 
 6977 0fce C8B8AEF8 		.ascii	"\310\270\256\370\\7\026\270k,\271\255N\364\356\234\204"
 6977      5C3716B8 
 6977      6B2CB9AD 
 6977      4EF4EE9C 
 6977      84
 6978 0fdf 2FA92F4E 		.ascii	"/\251/N@\252SO/&l\236\216t\331+\241\303\266\004\277"
 6978      40AA534F 
 6978      2F266C9E 
 6978      8E74D92B 
 6978      A1C3B604 
 6979 0ff4 4D2165BB 		.ascii	"M!e\273\227\344\330\225\325B\314A"
 6979      97E4D895 
 6979      D542CC41 
 6980 1000 00484FCB 		.ascii	"\000HO\313\213\024\371}D\304\255\010\253\035\350C\277"
 6980      8B14F97D 
 6980      44C4AD08 
 6980      AB1DE843 
 6980      BF
 6981 1011 BB516796 		.ascii	"\273Qg\226\232\360#\325\213\256\364\373u\374\254\233"
 6981      9AF023D5 
 6981      8BAEF4FB 
 6981      75FCAC9B 
 6982 1021 8427BD47 		.ascii	"\204'\275G\250\316\034\270\272\335Eo\353\024F\247m\016"
 6982      A8CE1CB8 
 6982      BADD456F 
 6982      EB1446A7 
 6982      6D0E
 6983 1033 A550D0D2 		.ascii	"\245P\320\322\364\371{\364>\243\022\001\002\300\303"
 6983      F4F97BF4 
 6983      3EA31201 
 6983      02C0C3
 6984 1042 CC23A79C 		.ascii	"\314#\247\234\205Gg\204GgY0w\326\335\231\300&\255\263"
 6984      85476784 
 6984      47675930 
 6984      77D6DD99 
 6984      C026ADB3 
 6985 1056 AC225EC8 		.ascii	"\254\"^\310\330\220\325\326\240\336\234\207\0168\307"
 6985      D890D5D6 
 6985      A0DE9C87 
 6985      0E38C7
 6986 1065 74365C79 		.ascii	"t6\\y\270\\So\316\013\322\013\254\336,\240\316\315="
 6986      B85C536F 
 6986      CE0BD20B 
 6986      ACDE2CA0 
 6986      CECD3D
 6987 1078 78443BC7 		.ascii	"xD;\307p\030\272\210m\300\225\357\221\346\277\211\232"
 6987      7018BA88 
 6987      6DC095EF 
 6987      91E6BF89 
 6987      9A
 6988 1089 10FD8139 		.ascii	"\020\375\2019\216j\036=\230|\030\221\265\312mk~\034"
 6988      8E6A1E3D 
 6988      987C1891 
 6988      B5CA6D6B 
 6988      7E1C
 6989 109b D8F5473E 		.ascii	"\330\365G>\022\272F\020\320\301W1\272\202\001T\267\177"
ARM GAS  C:\Users\angio\AppData\Local\Temp\ccrvFn2X.s 			page 261


 6989      12BA4610 
 6989      D0C15731 
 6989      BA820154 
 6989      B77F
 6990 10ad E54A4D39 		.ascii	"\345JM9+\025^\224\221b\262\355=\011\357\006\311\007"
 6990      2B155E94 
 6990      9162B2ED 
 6990      3D09EF06 
 6990      C907
 6991 10bf 29A266FE 		.ascii	")\242f\376\304WE\177\002K%\324Rc\331\342;.\346k\366"
 6991      C457457F 
 6991      024B25D4 
 6991      5263D9E2 
 6991      3B2EE66B 
 6992 10d4 ABA20A82 		.ascii	"\253\242\012\202\001[\2671\272\205\361%\240('\360\216"
 6992      015BB731 
 6992      BA85F125 
 6992      A02827F0 
 6992      8E
 6993 10e5 BB4FA765 		.ascii	"\273O\247e\242n\335\310\210\203\017\031Q;\253\223N\333"
 6993      A26EDDC8 
 6993      88830F19 
 6993      513BAB93 
 6993      4EDB
 6994 10f7 EA4F1946 		.ascii	"\352O\031F\2271\252\026\216\024\263\321B\352\317Z\265"
 6994      9731AA16 
 6994      8E14B3D1 
 6994      42EACF5A 
 6994      B5
 6995 1108 FE00E6BA 		.ascii	"\376\000\346\272\016\223\245\016;1D~\300\350\030\246"
 6995      0E93A50E 
 6995      3B31447E 
 6995      C0E818A6 
 6996 1118 BD5D4D33 		.ascii	"\275]M3\372!F\3671\252\301\250\016\243{\030Ua\364\000"
 6996      FA2146F7 
 6996      31AAC1A8 
 6996      0EA37B18 
 6996      5561F400 
 6997 112c A35A7548 		.ascii	"\243ZuHg.\026\3047u\304\266\361\\\012\215[\264\202\215"
 6997      672E16C4 
 6997      3775C4B6 
 6997      F15C0A8D 
 6997      5BB4828D 
 6998 1140 E73B1895 		.ascii	"\347;\030\225;\202\250\2075\353\013\030f\024\272\253"
 6998      3B82A887 
 6998      35EB0B18 
 6998      6614BAAB 
 6999 1150 839C1090 		.ascii	"\203\234\020\220\014\225\346\022F'\035\033\252\326\216"
 6999      0C95E612 
 6999      46271D1B 
 6999      AAD68E
 7000 115f 252A0F38 		.ascii	"%*\0178t\303\261\245\264v\324\244\257\370\234@\240t"
 7000      74C3B1A5 
 7000      B476D4A4 
 7000      AFF89C40 
 7000      A074
 7001 1171 5452885D 		.ascii	"TR\210]\351H\177\237\256\256\353\266op\355\344\020\227"
ARM GAS  C:\Users\angio\AppData\Local\Temp\ccrvFn2X.s 			page 262


 7001      E9487F9F 
 7001      AEAEEBB6 
 7001      6F70EDE4 
 7001      1097
 7002 1183 472DC705 		.ascii	"G-\307\005g\274\017k?J\262\370\373\322\272\266\216$"
 7002      67BC0F6B 
 7002      3F4AB2F8 
 7002      FBD2BAB6 
 7002      8E24
 7003 1195 8F5B4192 		.ascii	"\217[A\222G\011v,\177r\320\354Brq\3125\030b4\027a1\212"
 7003      4709762C 
 7003      7F72D0EC 
 7003      427271CA 
 7003      35186234 
 7004 11ad 792AE283 		.ascii	"y*\342\203\024\267r\233u1\266\303\241gX\207<\001n\235"
 7004      14B7729B 
 7004      7531B6C3 
 7004      A1675887 
 7004      3C016E9D 
 7005 11c1 01B94E35 		.ascii	"\001\271N5\352/\257<f\267\234\211\203u\245\254\216\360"
 7005      EA2FAF3C 
 7005      66B79C89 
 7005      8375A5AC 
 7005      8EF0
 7006 11d3 5A0ADA50 		.ascii	"Z\012\332PXr\015\353A\361\002\004\200\252;uEm\3050\230"
 7006      58720DEB 
 7006      41F10204 
 7006      80AA3B75 
 7006      456DC530 
 7007 11e8 28F37827 		.ascii	"(\363x'\310t\262\272\023\177\"A\246\223U\015\013\201"
 7007      C874B2BA 
 7007      137F2241 
 7007      A693550D 
 7007      0B81
 7008 11fa 9AE3B0EB 		.ascii	"\232\343\260\353\230Dh\320dY\235\035\3466$e\331r9A&"
 7008      984468D0 
 7008      64599D1D 
 7008      E6362465 
 7008      D9723941 
 7009 120f F3E424D9 		.ascii	"\363\344$\331n\236\304\233> F\343\237\325\017\353\344"
 7009      6E9EC49B 
 7009      3E2046E3 
 7009      9FD50FEB 
 7009      E4
 7010 1220 C03845C7 		.ascii	"\3008E\307\210\367~\000\243\217\302\3177\355XfW\246"
 7010      88F77E00 
 7010      A38FC2CF 
 7010      37ED5866 
 7010      57A6
 7011 1232 A6C92849 		.ascii	"\246\311(I4\242\251\370\376V\026\212<c\300\266\\\253"
 7011      34A2A9F8 
 7011      FE56168A 
 7011      3C63C0B6 
 7011      5CAB
 7012 1244 876864B2 		.ascii	"\207hd\262pk:\230\302'\211\225\216\227\266n=\350j\033"
 7012      706B3A98 
 7012      C2278995 
ARM GAS  C:\Users\angio\AppData\Local\Temp\ccrvFn2X.s 			page 263


 7012      8E97B66E 
 7012      3DE86A1B 
 7013 1258 9B7470D6 		.ascii	"\233tp\3266&58\027\262\006M\227\321T\031\315\260o\220"
 7013      36263538 
 7013      17B2064D 
 7013      97D15419 
 7013      CDB06F90 
 7014 126c C88C028C 		.ascii	"\310\214\002\214\3621\335\031\314\240\215H\225\321<"
 7014      F231DD19 
 7014      CCA08D48 
 7014      95D13C
 7015 127b 19CD92D1 		.ascii	"\031\315\222\321\034XI\202\232\214f\312h\256\032\253"
 7015      1C584982 
 7015      9A8C66CA 
 7015      68AE1AAB 
 7016 128b 9AC6EB91 		.ascii	"\232\306\353\221\207\363\020\331\263\034\300Z\326\375"
 7016      87F310D9 
 7016      B31CC05A 
 7016      D6FD
 7017 1299 7CB4A42E 		.ascii	"|\264\244.\200\2468\241F\214\236P\004K\0341\201\246"
 7017      80A638A1 
 7017      468C9E50 
 7017      044B1C31 
 7017      81A6
 7018 12ab C6815927 		.ascii	"\306\201Y'\364#F\307\351{\226\231\022:j\217h\300\250"
 7018      F42346C7 
 7018      E97B9699 
 7018      123A6A8F 
 7018      68C0A8
 7019 12be 5E87D0CC 		.ascii	"^\207\320\314\324\252\021(~)\2620\262_\324\224\324t"
 7019      D4AA1128 
 7019      7E29B230 
 7019      B25FD494 
 7019      D474
 7020 12d0 CA9128A3 		.ascii	"\312\221(\243&l\337z\225\202!\2120:\244C\034TI \372"
 7020      266CDF7A 
 7020      9582218A 
 7020      303AA443 
 7020      1C544920 
 7021 12e5 39BB169E 		.ascii	"9\273\026\236\320\216D5Tq\270\305P\201r\301\362\212"
 7021      D08E4435 
 7021      5471B8C5 
 7021      508172C1 
 7021      F28A
 7022 12f7 44994ED7 		.ascii	"D\231N\327'\033\267\2268m\240\323u\232\214\366\321\201"
 7022      271BB796 
 7022      386DA0D3 
 7022      759A8CF6 
 7022      D181
 7023 1309 C1A824B8 		.ascii	"\301\250$\270\223\"\353\376\011O\351\256\316\323lQ\334"
 7023      9322EBFE 
 7023      094FE9AE 
 7023      CED36C51 
 7023      DC
 7024 131a 1DA77687 		.ascii	"\035\247v\207\235\\w\272\312\235\234Vh\267\004]\"\243"
 7024      9D5C77BA 
 7024      CA9D9C56 
ARM GAS  C:\Users\angio\AppData\Local\Temp\ccrvFn2X.s 			page 264


 7024      68B7045D 
 7024      22A3
 7025 132c A5B6E1B2 		.ascii	"\245\266\341\262\212\201\036.yd\267\213[&@dZMK\333\244"
 7025      8A811E2E 
 7025      7964B78B 
 7025      5B264064 
 7025      5A4D4BDB 
 7026 1341 9994968B 		.ascii	"\231\224\226\213\366\256 \231\264\221\262\234\251[}"
 7026      F6AE2099 
 7026      B491B29C 
 7026      A95B7D
 7027 1350 A5AD0108 		.ascii	"\245\255\001\010\255\224\031l\037xU\010RB\341\363\227"
 7027      AD94196C 
 7027      1F785508 
 7027      5242E1F3 
 7027      97
 7028 1361 AC5EAB99 		.ascii	"\254^\253\231d\247\213\222\267\226\032\306\227)l\375"
 7028      64A78B92 
 7028      B7961AC6 
 7028      97296CFD 
 7029 1371 F1398B91 		.ascii	"\3619\213\221\001\014\255\223m\300\233\300YE\301\225"
 7029      010CAD93 
 7029      6DC09BC0 
 7029      5945C195 
 7030 1381 25B5F96E 		.ascii	"%\265\371n\216\333\365\015\262f\273\216\037\003\334"
 7030      8EDBF50D 
 7030      B266BB8E 
 7030      1F03DC
 7031 1390 DA8372CF 		.ascii	"\332\203r\317\314\272l\327\356L\031m\266\005'\205\202"
 7031      CCBA6CD7 
 7031      EE4C196D 
 7031      B6052785 
 7031      82
 7032 13a1 96A7DD5A 		.ascii	"\226\247\335Z\205\364\243l\213\000\001`\301\241\355"
 7032      85F4A36C 
 7032      8B000160 
 7032      C1A1ED
 7033 13b0 F99A866C 		.ascii	"\371\232\206l\025\301\331&K\315\027\303\355\262(qi\324"
 7033      15C1D926 
 7033      4BCD17C3 
 7033      EDB22871 
 7033      69D4
 7034 13c2 D29D457B 		.ascii	"\322\235E{S\024\373b\230%\353\220+)\362\344\371k\311"
 7034      5314FB62 
 7034      9825EB90 
 7034      2B29F2E4 
 7034      F96BC9
 7035 13d5 EDF48E67 		.ascii	"\355\364\216g\313(G\370T\277\257\360D;\275\323z\300"
 7035      CB2847F8 
 7035      54BFAFF0 
 7035      443BBDD3 
 7035      7AC0
 7036 13e7 C2E2EA72 		.ascii	"\302\342\352r\315\246b\247pz\027u\372\215\375\025\327"
 7036      CDA662A7 
 7036      707A1775 
 7036      FA8DFD15 
 7036      D7
ARM GAS  C:\Users\angio\AppData\Local\Temp\ccrvFn2X.s 			page 265


 7037 13f8 5F578B42 		.ascii	"_W\213B'^\032\316d$\237i\267\207\225\206\215\260\025"
 7037      275E1ACE 
 7037      64249F69 
 7037      B7879586 
 7037      8DB015
 7038 140b 915181EC 		.ascii	"\221Q\201\3540u\022\322\273\2674\003]\203Y$\013\314"
 7038      307512D2 
 7038      BBB73403 
 7038      5D835924 
 7038      0BCC
 7039 141d C2D5296D 		.ascii	"\302\325)m3\255\030\355\220\311X/\260\015C1\306j\226"
 7039      33AD18ED 
 7039      90C9582F 
 7039      B00D4331 
 7039      C66A96
 7040 1430 1C4AA193 		.ascii	"\034J\241\223\3426\031mr4\345\253\265\304\006\242\275"
 7040      E236196D 
 7040      7234E5AB 
 7040      B5C406A2 
 7040      BD
 7041 1441 250639B2 		.ascii	"%\0069\262\232\321\254\202\352\254\243\021+\215\232"
 7041      9AD1AC82 
 7041      EAACA311 
 7041      2B8D9A
 7042 1450 3DAA29BA 		.ascii	"=\252)\272\276\327@\034\027\032\3512)6\344\370\240\200"
 7042      BED7401C 
 7042      171AE932 
 7042      2936E4F8 
 7042      A080
 7043 1462 F6CB2119 		.ascii	"\366\313!\031\355\225Q\256\214v\313\350\240\214 \230"
 7043      ED9551AE 
 7043      8C76CBE8 
 7043      A08C2098 
 7044 1472 FB647440 		.ascii	"\373dt@F\207e\264_Fy2\332c\253~W\204\037\213u~\234\020"
 7044      468765B4 
 7044      5F467932 
 7044      DA63AB7E 
 7044      57841F8B 
 7045 148a 91CBFC61 		.ascii	"\221\313\374a2[\231\000h\265\243\263*([\005e\310d\247"
 7045      325B9900 
 7045      68B5A3B3 
 7045      2A285B05 
 7045      65C864A7 
 7046 149e 61EF2E6B 		.ascii	"a\357.k\321\364\3113\251\265]\264\204\027\330\227p\002"
 7046      D1F4C933 
 7046      A9B55DB4 
 7046      8417D897 
 7046      7002
 7047 14b0 B9201CFA 		.ascii	"\271 \034\372\336\321!\272\311z\266\356\334i\355\376"
 7047      DED121BA 
 7047      C97AB6EE 
 7047      DC69EDFE 
 7048 14c0 4E6DFDD4 		.ascii	"Nm\375\324\237\326z *\312\230\275\245=-h\013\276O:\363"
 7048      9FD67A20 
 7048      2ACA98BD 
 7048      A53D2D68 
 7048      0BBE4F3A 
ARM GAS  C:\Users\angio\AppData\Local\Temp\ccrvFn2X.s 			page 266


 7049 14d5 D63A5AD0 		.ascii	"\326:Z\320\012e\264\220\3220Z\330\013\312R\344\254\356"
 7049      0A65B490 
 7049      D2305AD8 
 7049      0BCA52E4 
 7049      ACEE
 7050 14e7 F86A8FE6 		.ascii	"\370j\217\346\366\026Gm\203\363&\205\244\306?\336\340"
 7050      F616476D 
 7050      83F32685 
 7050      A4C63FDE 
 7050      E0
 7051 14f8 ACCFF363 		.ascii	"\254\317\363c2\007\221\315\307\232Mg]E\236\377 \332"
 7051      320791CD 
 7051      C79A4D67 
 7051      5D459EFF 
 7051      20DA
 7052 150a 78FC7983 		.ascii	"x\374y\203\363\204f\310USK\263k7orX\251\024\313:dC\263"
 7052      F38466C8 
 7052      55534BB3 
 7052      6B376F72 
 7052      58A914CB 
 7053 1522 6E9FB6B9 		.ascii	"n\237\266\271\335H!\017\313\226/\263[\237\224\310\034"
 7053      DD48210F 
 7053      CB962FB3 
 7053      5B9F94C8 
 7053      1C
 7054 1533 44BCCA9A 		.ascii	"D\274\312\232zMSp\317\010\267\317R\267\315\317&\304"
 7054      7A4D5370 
 7054      CF08B7CF 
 7054      52B7CDCF 
 7054      26C4
 7055 1545 AD47746C 		.ascii	"\255Gtl\222q\331\270))\265O1$\005\351M6\350.\032\216"
 7055      9271D9B8 
 7055      2929B54F 
 7055      312405E9 
 7055      4D36E82E 
 7056 155b 96A45DF5 		.ascii	"\226\244]\365\245\310:\323\007h\320)\331\001\244\246"
 7056      A5C83AD3 
 7056      0768D029 
 7056      D901A4A6 
 7057 156b 577D0E1D 		.ascii	"W}\016\035S\307\351\260\273\3500\375Y\355\367\245\263"
 7057      53C7E9B0 
 7057      BBE830FD 
 7057      59EDF7A5 
 7057      B3
 7058 157c A83908C3 		.ascii	"\2509\010\303%\031]\220\3219\330\266\330r\376nN]1\262"
 7058      25195D90 
 7058      D139D8B6 
 7058      D872FE6E 
 7058      4E5D31B2 
 7059 1590 4EF24127 		.ascii	"N\362A'\351(\277\250\035\3454\301\362R'?n\347\270\325"
 7059      E928BFA8 
 7059      1DE534C1 
 7059      F252273F 
 7059      6EE7B8D5 
 7060 15a4 6D8692F4 		.ascii	"m\206\222\364\350\215\203\011f\222H5M\273\326\270N\351"
 7060      E88D8309 
 7060      66924835 
ARM GAS  C:\Users\angio\AppData\Local\Temp\ccrvFn2X.s 			page 267


 7060      4DBBD6B8 
 7060      4EE9
 7061 15b6 882ECBA8 		.ascii	"\210.\313\250\210Bm\233\370\"H\242\214w\361Tw\272W\271"
 7061      88426D9B 
 7061      F82248A2 
 7061      8C77F154 
 7061      77BA57B9 
 7062 15ca DA98EC46 		.ascii	"\332\230\354F\340\231\013\367L\264\272|J\340Wu\360\253"
 7062      E0990BF7 
 7062      4CB4BA7C 
 7062      4AE05775 
 7062      F0AB
 7063 15dc 00CF7E17 		.ascii	"\000\317~\027\240\333\357=\315T\214\216\234Jer\344\344"
 7063      A0DBEF3D 
 7063      CD548C8E 
 7063      9C4A6572 
 7063      E4E4
 7064 15ee 835309A3 		.ascii	"\203S\011\243\323\263\323%'\234\315]\020\202\177v\273"
 7064      D3B3D325 
 7064      279CCD5D 
 7064      10827F76 
 7064      BB
 7065 15ff AD32195D 		.ascii	"\2552\031]\007\354\015\031\335\224Mp9\301j}\3726\374"
 7065      07EC0D19 
 7065      DD944D70 
 7065      39C16A7D 
 7065      FA36FC
 7066 1612 0279C98A 		.ascii	"\002y\311\212\206\335X\335\244\377\025\036\361-b\271"
 7066      86DD58DD 
 7066      A4FF151E 
 7066      F12D62B9 
 7067 1622 4C0DB01D 		.ascii	"L\015\260\035\255\023 W\347L)r5r\3436u\343\226L\221"
 7067      AD132057 
 7067      E74C2972 
 7067      3572E336 
 7067      75E3964C 
 7068 1637 CE74C6EF 		.ascii	"\316t\306\357G\316\340\257\227\347\267\3272\337\221"
 7068      47CEE0AF 
 7068      97E7B7D7 
 7068      32DF91
 7069 1646 5105A97E 		.ascii	"Q\005\251~\2252\325\221\360\034w\011\257\240\321\230"
 7069      9532D591 
 7069      F01C7709 
 7069      AFA0D198 
 7070 1656 965F90EE 		.ascii	"\226_\220\356D\336U\311\352\1771wrkr\326\333\273\240"
 7070      44DE55C9 
 7070      EA7F3177 
 7070      726B72D6 
 7070      DBBBA0
 7071 1669 A42758AD 		.ascii	"\244'X\255\023z\220\003ct\227\345!\272'\243j\031\356"
 7071      137A9003 
 7071      637497E5 
 7071      21BA27A3 
 7071      6A19EE
 7072 167c F81F187C 		.ascii	"\370\037\030|\360Cc\226\354\306\035\311Y~\373\342\311"
 7072      F0436396 
 7072      ECC61DC9 
ARM GAS  C:\Users\angio\AppData\Local\Temp\ccrvFn2X.s 			page 268


 7072      597EFBE2 
 7072      C9
 7073 168d 5F19530F 		.ascii	"_\031S\017\233\310\211d\215Jr_F\2652\334\331Hj|\360"
 7073      9BC88964 
 7073      8D4A725F 
 7073      46B532DC 
 7073      D9486A7C 
 7074 16a2 0E0F4392 		.ascii	"\016\017C\222\314\0139\221B\377\201\252_'\243\2072\334"
 7074      CC0B3991 
 7074      42FF81AA 
 7074      5F27A387 
 7074      32DC
 7075 16b4 D9F4AFF8 		.ascii	"\331\364\257\370\340#\315\350\347j\365\037\251\372?"
 7075      E023CDE8 
 7075      E76AF51F 
 7075      A9FA3F
 7076 16c3 CAA85E86 		.ascii	"\312\250^\206;\233\376-\037|\246\031\375*\255\376cU"
 7076      3B9BFE2D 
 7076      1F7CA619 
 7076      FD2AADFE 
 7076      6355
 7077 16d5 BF01F256 		.ascii	"\277\001\362V\206;\233~\211\0179\263\275\224\371D3{"
 7077      863B9B7E 
 7077      890F39B3 
 7077      BD94F944 
 7077      337B
 7078 16e7 02DCD647 		.ascii	"\002\334\326GOYU)\236X~X\263\026\332.\0267\317\030 "
 7078      4F595529 
 7078      9E587E58 
 7078      B316DA2E 
 7078      1637CF18 
 7079 16fc E37CF605 		.ascii	"\343|\366\005\263\346XQ\374\367\002\215\014p\247n\351"
 7079      B3E65851 
 7079      FCF7028D 
 7079      0C70A76E 
 7079      E9
 7080 170d 5ACD7141 		.ascii	"Z\315qA\275\00041\300\262+\32334&\236\012\200U\201>"
 7080      BD003431 
 7080      C0B22BD3 
 7080      3334269E 
 7080      0A805581 
 7081 1722 AFA48D9C 		.ascii	"\257\244\215\234\224w\353\204\301N]\367\367\013\\\353"
 7081      9477EB84 
 7081      C14E5DF7 
 7081      F70B5CEB 
 7082 1732 21E17A90 		.ascii	"!\341z\220F\220xO\011O\001\231\011\222\016\262\024d"
 7082      4690784F 
 7082      094F0199 
 7082      09920EB2 
 7082      1464
 7083 1744 35C80690 		.ascii	"5\310\006\220\255 \331\236,Q\373\261SO\214\367x\202"
 7083      AD20D99E 
 7083      2C51FBB1 
 7083      534F8CF7 
 7083      7882
 7084 1756 9DB7F64F 		.ascii	"\235\267\366Ok\254p\343\273\010\366\201-t\375\314\362"
 7084      6BAC70E3 
ARM GAS  C:\Users\angio\AppData\Local\Temp\ccrvFn2X.s 			page 269


 7084      BB08F681 
 7084      2D74FDCC 
 7084      F2
 7085 1767 E4D96FAD 		.ascii	"\344\331o\255e\013\206\011\012\232\241\240Y\012\367"
 7085      650B8609 
 7085      0A9AA1A0 
 7085      590AF7
 7086 1776 F3A8C3DC 		.ascii	"\363\250\303\334\232\252\240\024p\236\200\300\273\305"
 7086      9AAAA014 
 7086      709E80C0 
 7086      BBC5
 7087 1784 0A5A0A68 		.ascii	"\012Z\012h\005\315S\320\\\005-R\320B\005\245)h\266\202"
 7087      05CD53D0 
 7087      5C052D52 
 7087      D04205A5 
 7087      2968B682 
 7088 1798 E6286889 		.ascii	"\346(h\211\202\026((]A3\311\3775\010\3062\237%\263Y"
 7088      82162828 
 7088      5D4133C9 
 7088      FF3508C6 
 7088      329F25B3 
 7089 17ad 110C4DD2 		.ascii	"\021\014M\322\031R\2473\202i\024\230\004G\014\333\370"
 7089      1952A733 
 7089      82691498 
 7089      04470CDB 
 7089      F8
 7090 17be 673E16A0 		.ascii	"g>\026\240\251:P\226 \252\027\230i:\214\346\004!"
 7090      A93A5096 
 7090      20AA1798 
 7090      693A8CE6 
 7090      0421
 7091 17d0 B35A8092 		.ascii	"\263Z\200\222\034A\354\214\343\251\212\201\262=Y\207"
 7091      1C41EC8C 
 7091      E3A98A81 
 7091      B23D5987 
 7092 17e0 29D6104D 		.ascii	")\326\020MI\341D\361:\220fA\225\371D0Mqdbn'\012\242"
 7092      49E144F1 
 7092      3A906641 
 7092      95F94430 
 7092      4D716462 
 7093 17f8 38C7CE60 		.ascii	"8\307\316`\230\006\341u\242c\363U\217\252\004h\272\016"
 7093      9806E175 
 7093      A263F355 
 7093      8FAA0468 
 7093      BA0E
 7094 180a E4CD799A 		.ascii	"\344\315y\232\004d\242\243\323\014sO`\222\035h\300\024"
 7094      0464A2A3 
 7094      D30C734F 
 7094      60921D68 
 7094      C014
 7095 181c 7EE649FF 		.ascii	"~\346I\377Z\235{*C\273\227b\211\202\226)/\220*d\237"
 7095      5A9D7B2A 
 7095      43BB9762 
 7095      89829629 
 7095      2F902A64 
 7096 1831 5038FDB8 		.ascii	"P8\375\270\233f\253\"\314\256P\324J<\005\321\237\032"
 7096      9B66AB22 
ARM GAS  C:\Users\angio\AppData\Local\Temp\ccrvFn2X.s 			page 270


 7096      CCAE50D4 
 7096      4A3C05D1 
 7096      9F1A
 7097 1843 76D7991D 		.ascii	"v\327\231\035=\"<\325\213\350\337^X|\320\315\250D\257"
 7097      3D223CD5 
 7097      8BE8DF5E 
 7097      587CD0CD 
 7097      A844AF
 7098 1856 5548899E 		.ascii	"UH\211\236G\376\342Wpm\322R\2638\225\205NY\255\240\357"
 7098      47FEE257 
 7098      706DD252 
 7098      B3389585 
 7098      4E59ADA0 
 7099 186b 4976AF53 		.ascii	"Iv\257S(P\302\263)\331\343\025\015\225\230\216\321\274"
 7099      2850C2B3 
 7099      29D9E315 
 7099      0D95988E 
 7099      D1BC
 7100 187d E7FD8DF1 		.ascii	"\347\375\215\361\372\323\233\271m\004\337z\305\221/"
 7100      FAD39BB9 
 7100      6D04DF7A 
 7100      C5912F
 7101 188c CD8B794B 		.ascii	"\315\213yK\016\372f\335y\262\311\320\305L\352\342&\205"
 7101      0EFA66DD 
 7101      79B2C9D0 
 7101      C54CEAE2 
 7101      2685
 7102 189e FCC16BC1 		.ascii	"\374\301k\301\305D\244s\3216'nV(\220\376yh\321\331\004"
 7102      C544A473 
 7102      D136276E 
 7102      562890FE 
 7102      7968D1D9 
 7103 18b3 679D5D7B 		.ascii	"g\235]{\020\265yX\302\213\275$\274\\u!O\302\337\323"
 7103      10B57958 
 7103      C28BBD24 
 7103      BC5C7521 
 7103      4FC2DFD3 
 7104 18c7 D66DDB55 		.ascii	"\326m\333U\264\306\244\263a;\266\312V\330\304G\346\364"
 7104      B4C6A4B3 
 7104      613BB6CA 
 7104      56D8C447 
 7104      E6F4
 7105 18d9 93F5D548 		.ascii	"\223\365\325Hg\303\036\204\327\001\371&\220m ;ArA\366"
 7105      67C31E84 
 7105      D701F926 
 7105      906D203B 
 7105      417241F6 
 7106 18ed 8314AA06 		.ascii	"\203\024\252\006\335h\017]\223\360q\365A\033\340=]r"
 7106      DD680F5D 
 7106      93F071F5 
 7106      411BE03D 
 7106      5D72
 7107 18ff EA86E18C 		.ascii	"\352\206\341\214~\200\006a?\011\302\375\311[\342\314"
 7107      7E800661 
 7107      3F09C2FD 
 7107      C95BE2CC 
 7108 190f 7CFA2C85 		.ascii	"|\372,\205\235\265\202\366\221\260\036T(\216\236\307"
ARM GAS  C:\Users\angio\AppData\Local\Temp\ccrvFn2X.s 			page 271


 7108      9DB582F6 
 7108      91B01E54 
 7108      288E9EC7 
 7109 191f 5F296D68 		.ascii	"_)mhO\272\350yG\253'\013S'\272r\242C\212\003\021>\005"
 7109      4FBAE879 
 7109      47AB270B 
 7109      5327BA72 
 7109      A2438A03 
 7110 1936 FE9E05B9 		.ascii	"\376\236\005\271\010R\012R\016R\251\272\233\204X\003"
 7110      08520A52 
 7110      0E52A9BA 
 7110      9B845803 
 7111 1946 5CF07D12 		.ascii	"\\\360}\0227\317\365\3713\343\332\353\352i'ma\275R\235"
 7111      37CFF5F9 
 7111      33E3DAEB 
 7111      EA69276D 
 7111      61BD529D 
 7112 195a FCA8CB3A 		.ascii	"\374\250\313:^X\217)\350\252\303\330Y\005\343+}\023"
 7112      5E588F29 
 7112      E8AAC3D8 
 7112      5905E32B 
 7112      7D13
 7113 196c FB7BC306 		.ascii	"\373{\303\006\005eP\214-i\362\015kB\236\216\307V\023"
 7113      0565508C 
 7113      2D69F20D 
 7113      6B429E8E 
 7113      C75613
 7114 197f 6F026881 		.ascii	"o\002h\201\012\202\276\331\246\003mUDQH\022L{t \265"
 7114      0A82BED9 
 7114      A6036D55 
 7114      44514812 
 7114      4C7B7420 
 7115 1994 BADCD454 		.ascii	"\272\334\324T\027 \372\301\301k\346\320TA\223\253\203"
 7115      1720FAC1 
 7115      C16BE6D0 
 7115      544193AB 
 7115      83
 7116 19a5 680AC734 		.ascii	"h\012\3074\201\331\353\210Q\375\321\314\010E:\220\266"
 7116      81D9EB88 
 7116      51FDD1CC 
 7116      08453A90 
 7116      B6
 7117 19b6 482F164C 		.ascii	"H/\026L\305:\320J\205[\233.0\273t\230\024\201\321\224"
 7117      C53AD04A 
 7117      855B9B2E 
 7117      30BB7498 
 7117      1481D194 
 7118 19ca BB421D26 		.ascii	"\273B\035&K\023\3064\021\306\355\216a\324\236\254\235"
 7118      4B13C634 
 7118      11C6ED8E 
 7118      61D49EAC 
 7118      9D
 7119 19db 50D071F2 		.ascii	"P\320q\362\354*-pg\025tRA\327\024tAA\345\012\272\254"
 7119      EC2A2D70 
 7119      67157452 
 7119      41D71474 
 7119      4141E50A 
ARM GAS  C:\Users\angio\AppData\Local\Temp\ccrvFn2X.s 			page 272


 7120 19f1 A052059D 		.ascii	"\240R\005\235V\3209\005\235W\320\031\005\225)\350\222"
 7120      56D03905 
 7120      9D57D019 
 7120      059529E8 
 7120      92
 7121 1a02 826E29E8 		.ascii	"\202n)\350\206\202\256(\250DA7\025tJA\327\025t\3216"
 7121      8682AE28 
 7121      A8444137 
 7121      15744A41 
 7121      D71574D1 
 7122 1a17 413E151E 		.ascii	"A>\025\036\036u\014\207\257\264\214\3144$a\342\334\320"
 7122      1E750C87 
 7122      AFB48CCC 
 7122      342461E2 
 7122      DCD0
 7123 1a29 61051550 		.ascii	"a\005\025P\214-\2135\223H\262\210\306n\307nf3z\346\""
 7123      8C2D8B35 
 7123      9348B288 
 7123      C66EC76E 
 7123      66337AE6 
 7124 1a3e 35F3D629 		.ascii	"5\363\326)h\215.\363V)\"=\347\253\240\034\250*\024d"
 7124      688D2EF3 
 7124      5629223D 
 7124      E7ABA01C 
 7124      A82A1464 
 7125 1a52 1BF7592C 		.ascii	"\033\367Y,\034\004\263P\305lQ\320F\212\261\325\237\203"
 7125      1C04B350 
 7125      C56C51D0 
 7125      468AB1D5 
 7125      9F83
 7126 1a64 86D3FA11 		.ascii	"\206\323\372\021\307\3303L\212\360z\247c\037\222\271"
 7126      C7D8334C 
 7126      8AF07AA7 
 7126      631F92B9 
 7127 1a74 66674FBA 		.ascii	"fgO\272\247\234\363\254\314\324\311\276#\320m\345eu"
 7127      A79CF3AC 
 7127      CCD4C9BE 
 7127      23D06DE5 
 7127      6575
 7128 1a86 05293A73 		.ascii	"\005):s\023\3624gF\025\302\231;\254\342\024\257O\234"
 7128      13F23467 
 7128      4615C299 
 7128      3BACE214 
 7128      AF4F9C
 7129 1a99 A1D900E6 		.ascii	"\241\331\000\346\212\005d\245Z\222\022\213&k\316\305"
 7129      8A0564A5 
 7129      5A92128B 
 7129      266BCEC5 
 7130 1aa9 1204E02E 		.ascii	"\022\004\340.\003\334_5+W\003H\023\333\270*\006(\332"
 7130      03DC5F35 
 7130      2B570348 
 7130      13DBB82A 
 7130      0628DA
 7131 1abc B6EFBFC5 		.ascii	"\266\357\277\305\373B\361\376\036{\177\367\362\232\022"
 7131      FB42F1FE 
 7131      1E7B7FF7 
 7131      F29A12
ARM GAS  C:\Users\angio\AppData\Local\Temp\ccrvFn2X.s 			page 273


 7132 1acb 8D8FF384 		.ascii	"\215\217\363\204\205j\022\007\002\251Y\275\352\211\346"
 7132      856A1207 
 7132      02A959BD 
 7132      EA89E6
 7133 1ada AF499705 		.ascii	"\257I\227\005G\015i(\366\355#\271\216\210\032;\256o"
 7133      470D6928 
 7133      F6ED23B9 
 7133      8E881A3B 
 7133      AE6F
 7134 1aec A8D758C9 		.ascii	"\250\327X\311\034\034\021\025\023:\336kl/\251C\360\350"
 7134      1C1C1115 
 7134      133ADE6B 
 7134      6C2FA943 
 7134      F0E8
 7135 1afe A0EFA23F 		.ascii	"\240\357\242?\213\010\376fpT\304\330!A\201\037\365\354"
 7135      8B08FE66 
 7135      7054C4D8 
 7135      2141811F 
 7135      F5EC
 7136 1b10 E90DFF82 		.ascii	"\351\015\377\202G\207}\035\026\021\355\347\353\353\353"
 7136      47877D1D 
 7136      1611EDE7 
 7136      EBEBEB
 7137 1b1f 1D11ED3D 		.ascii	"\035\021\355=z\304\030\357HP\212\366\016\032>\324\337"
 7137      7AC418EF 
 7137      48508AF6 
 7137      0E1A3ED4 
 7137      DF
 7138 1b30 8F7D7FD2 		.ascii	"\217}\177\322k\374x\357\350\230\261\376~\226\260\350"
 7138      6BFC78EF 
 7138      E898B1FE 
 7138      7E96B0E8 
 7139 1b40 A89EC12E 		.ascii	"\250\236\301.\237|\376E\327\000\337\276\322\253\232"
 7139      9F7CFE45 
 7139      D700DFBE 
 7139      D2AB9A
 7140 1b4f 873D43FD 		.ascii	"\207=C\375G\366\013\3553\322O\352\023\360\321W\001\204"
 7140      47F60BED 
 7140      33D24FEA 
 7140      13F0D157 
 7140      0184
 7141 1b61 36282636 		.ascii	"6(&6$,\342\253\277GD}\023\0359\"8\324\022\033\035\032"
 7141      242CE2AB 
 7141      BF47447D 
 7141      131D3922 
 7141      38D4121B 
 7142 1b77 F555E070 		.ascii	"\365U\340p/\225\265o\257\300A^\237\177\021\360\331\240"
 7142      2F95B56F 
 7142      AFC0415E 
 7142      9F7F11F0 
 7142      D9A0
 7143 1b89 3FF4E925 		.ascii	"?\364\351%u7t(*\306;,<xLlH(\274\211\376.\272\347h\251"
 7143      75377428 
 7143      2AC63B2C 
 7143      3C784C6C 
 7143      4828BC89 
 7144 1ba3 236DCA17 		.ascii	"#m\312\027\341cDc:FD\217\030\243o\237g\263\355#X\340"
ARM GAS  C:\Users\angio\AppData\Local\Temp\ccrvFn2X.s 			page 274


 7144      E1634463 
 7144      3A46448F 
 7144      18A36F9F 
 7144      67B3ED23 
 7145 1bb9 F50A0F63 		.ascii	"\365\012\017c\327@\331Y\325\327\221\376&t|L\230o\037"
 7145      D740D959 
 7145      D5D791FE 
 7145      26747C4C 
 7145      986F1F
 7146 1bcc 0BF9E9E5 		.ascii	"\013\371\351\345\303~|-aQ\337Z\302\302\303b>iU\374>"
 7146      C37E7C2D 
 7146      6151DF5A 
 7146      C2C2C362 
 7146      3E6955FC 
 7147 1be1 FB6CA0F7 		.ascii	"\373l\240\367\240?\016\0372\316W\015 \343\364\002\276"
 7147      A03F0E1F 
 7147      32CE570D 
 7147      20E3F402 
 7147      BE
 7148 1bf2 5EBE3DA1 		.ascii	"^\276=\241e\322\333\315Z\011\011%v\332\323\367}\271"
 7148      65D2DBCD 
 7148      5A090925 
 7148      76DAD3F7 
 7148      7DB9
 7149 1c04 DD013FC3 		.ascii	"\335\001?\303n_j\361\025\015\243\326F\277\227b\243\237"
 7149      6E5F6AF1 
 7149      150DA3D6 
 7149      46BF9762 
 7149      A39F
 7150 1c16 C6463F07 		.ascii	"\306F?\007\033\037\276\024\033\037jl|\250\261A{\314"
 7150      1B1FBE14 
 7150      1B1F6A6C 
 7150      7CA8B141 
 7150      7BCC
 7151 1c28 CF9782FC 		.ascii	"\317\227\202\374\030\326\357\303\227\321c\300\351\347"
 7151      18D6EFC3 
 7151      97D163C0 
 7151      E9E7
 7152 1c36 E7E5F7A1 		.ascii	"\347\345\367\241\3501C+\314\213\216\344\211\277\217"
 7152      E831432B 
 7152      CC8B8EE4 
 7152      89BF8F
 7153 1c45 858C0CD5 		.ascii	"\205\214\014\325\364\300\0277M\211\250\335\316z^MX\375"
 7153      F4C01737 
 7153      4D89A8DD 
 7153      CE7A5E4D 
 7153      58FD
 7154 1c57 FD5F4658 		.ascii	"\375_FX\375\375EXUF\325\306\310\220\340\021\341\"\365"
 7154      FDFD4558 
 7154      5546D5C6 
 7154      C890E011 
 7154      E122F5
 7155 1c6a 3F6EB58D 		.ascii	"?n\265\215\301\003\003\006|\316\2150\032fDC\2515\342"
 7155      C1030306 
 7155      7CCE8D30 
 7155      1A664443 
 7155      A935E2
ARM GAS  C:\Users\angio\AppData\Local\Temp\ccrvFn2X.s 			page 275


 7156 1c7d F7728CF8 		.ascii	"\367r\214\370i\214\3709\030\361\1779F\3745Ft\341\212"
 7156      698CF839 
 7156      18F17F39 
 7156      46FC3546 
 7156      74E18A
 7157 1c90 8D1E1115 		.ascii	"\215\036\021\025#\302\325\277\325F\276\010\032\0208"
 7157      23C2D5BF 
 7157      D546BE08 
 7157      1A1038
 7158 1c9f 5C35C148 		.ascii	"\\5\301H\230\011\015\241\326\204\377\3130\341\2571\241"
 7158      98090DA1 
 7158      D684FFCB 
 7158      30E1AF31 
 7158      A1
 7159 1cb0 6D45BB58 		.ascii	"mE\273Xx\320\213[\370\267\027\263@8\250\201\016\202"
 7159      78D08B5B 
 7159      F8B717B3 
 7159      4038A881 
 7159      0E82
 7160 1cc2 4EC3DFFB 		.ascii	"N\303\337\373%\360\367\026\374\2755\374o\307\204\215"
 7160      25F0F716 
 7160      FCBD35FC 
 7160      6FC7848D 
 7161 1cd2 F5B590AF 		.ascii	"\365\265\220\257\336\364\273\017\375\356\373\002\325"
 7161      DEF4BB0F 
 7161      FDEEFB02 
 7161      D5
 7162 1cdf 60F890A1 		.ascii	"`\370\220\241\274\343))0\002\235ZM\337y\216\035\346"
 7162      BCE32929 
 7162      30029D5A 
 7162      4DDF798E 
 7162      1DE6
 7163 1cf1 495B7820 		.ascii	"I[x \002\371\333\027\265\313\342\330\236\223\011\362"
 7163      02F9DB17 
 7163      B5CBE2D8 
 7163      9E9309F2 
 7164 1d01 DE3F9FBC 		.ascii	"\336?\237\2747'\357mG\336\367\347\223\367\345\344\366"
 7164      3727EF6D 
 7164      47DEF7E7 
 7164      93F7E5E4 
 7164      F6
 7165 1d12 61E9F7F3 		.ascii	"a\351\367\363\311\373qr\355l\323\016\356\375|^ \273"
 7165      C9FB7172 
 7165      ED6CD30E 
 7165      EEFD7C5E 
 7165      20BB
 7166 1d24 ECD8FD7C 		.ascii	"\354\330\375|Xv\011:\306\377*Y0\014\037\035\025:\"d"
 7166      5876093A 
 7166      C6FF2A59 
 7166      300C1F1D 
 7166      153A2264 
 7167 1d38 60E8B7B1 		.ascii	"`\350\267\261\241\261\241\003\306\214\031\242\214\215"
 7167      A1B1A103 
 7167      C68C19A2 
 7167      8C8D
 7168 1d46 1E658981 		.ascii	"\036e\211\201\245\226%\206\276\212\266\320W\355uw\226"
 7168      A5962586 
ARM GAS  C:\Users\angio\AppData\Local\Temp\ccrvFn2X.s 			page 276


 7168      BE8AB6D0 
 7168      57ED7577 
 7168      96
 7169 1d57 9876A4C2 		.ascii	"\230v\244\302\372\274\300\340u(\331\314;\312\367\"\365"
 7169      FABCC0E0 
 7169      7528D9CC 
 7169      3BCAF722 
 7169      F5
 7170 1d68 C6716615 		.ascii	"\306qf\025|~/\203\317O\360\275H\261r\234\242\004_\257"
 7170      7C7E2F83 
 7170      CF4FF0BD 
 7170      48B1729C 
 7170      A2045FAF 
 7171 1d7c 97C1A7D6 		.ascii	"\227\301\247\326&r\331\333\362\341\013L\013\016\214"
 7171      2672D9DB 
 7171      F2E10B4C 
 7171      0B0E8C
 7172 1d8b 404339E9 		.ascii	"@C9\351\"\300\327\207\324\212\227\260\010\240D\224\227"
 7172      22C0D787 
 7172      D48A97B0 
 7172      08A04494 
 7172      97
 7173 1d9c 8C1ABF9F 		.ascii	"\214\032\277\237?j\3748\231\377\317'\363\347d}~>Y\037"
 7173      3F6AFC38 
 7173      99FFCF27 
 7173      F3E7647D 
 7173      7E3E591F 
 7174 1db0 369EE97C 		.ascii	"6\236\351|\364\"9\3500\301\261\246v\030\023\031\253"
 7174      F42239E8 
 7174      30C1B1A6 
 7174      76181319 
 7174      AB
 7175 1dc1 9B955BBF 		.ascii	"\233\225[\277P\3222\252,\"m\264E\241\203\030\207\232"
 7175      50D232AA 
 7175      2C226DB4 
 7175      45A18318 
 7175      879A
 7176 1dd3 077EF60F 		.ascii	"\007~\366\017\374\355\037h\353yGm.\262G\235\365\251"
 7176      FCED1F68 
 7176      EB79476D 
 7176      2EB2479D 
 7176      F5A9
 7177 1de5 A4AE0078 		.ascii	"\244\256\000x\036\210{\177\273\373>\232\373W4\001U-"
 7177      1E887B7F 
 7177      BBFB3E9A 
 7177      FB573401 
 7177      552D
 7178 1df7 6923C21E 		.ascii	"i#\302\036\271|\031\032\034\023\021\325\273\237\355"
 7178      B97C191A 
 7178      1C1311D5 
 7178      BB9FED
 7179 1e06 2240BDE8 		.ascii	"\"@\275\350\343c\273\350e\273\260a>\264a\006\3310\003"
 7179      E363BBE8 
 7179      65BBB061 
 7179      3EB46106 
 7179      D93003
 7180 1e19 FBB9B20B 		.ascii	"\373\271\262\013\337\001\266w\037\333\336}\334\313\366"
ARM GAS  C:\Users\angio\AppData\Local\Temp\ccrvFn2X.s 			page 277


 7180      DF01B677 
 7180      1FDBDE7D 
 7180      DCCBF6
 7181 1e28 CEB79F33 		.ascii	"\316\267\2373\030\036\002V\377\371\305w\242\222+p\014"
 7181      181E0256 
 7181      FFF9C577 
 7181      A2922B70 
 7181      0C
 7182 1e39 64910C1E 		.ascii	"d\221\014\036=|\264\266\030\033o\000u\373I\265.\303"
 7182      3D7CB4B6 
 7182      181B6F00 
 7182      75FB49B5 
 7182      2EC3
 7183 1e4b 06B043F8 		.ascii	"\006\260C\370\270\260\340A\341#\276\036\023\312\374"
 7183      B8B0E041 
 7183      E123BE1E 
 7183      13CAFC
 7184 1e5a 73890D0B 		.ascii	"s\211\015\013\217!\031\331\253\005\357\202#\306\216"
 7184      8F2119D9 
 7184      AB05EF82 
 7184      23C68E
 7185 1e69 8D08F71E 		.ascii	"\215\010\367\036\02084`\350xoB\003t\257\220\337\201"
 7185      10383460 
 7185      E8786F42 
 7185      0374AF90 
 7185      DF81
 7186 1e7b 61D182EF 		.ascii	"a\321\202\357W\321!\2261cB,\260\003\036\027\012\011"
 7186      57D12196 
 7186      3163422C 
 7186      B0031E17 
 7186      0A09
 7187 1e8d 18131A15 		.ascii	"\030\023\032\025\025\033\031\363\012\020\221ga\360\023"
 7187      151B19F3 
 7187      0A109167 
 7187      61F013
 7188 1e9c 1215362E 		.ascii	"\022\0256.4\312-\210\336\015\2447\255/D4I\307\371{k"
 7188      34CA2D88 
 7188      DE0DA437 
 7188      AD2F4434 
 7188      49C7F97B 
 7189 1eb1 F8C01CB8 		.ascii	"\370\300\034\270\362ZtX\204\221\345v\024\011\357\230"
 7189      F25A7458 
 7189      8491E576 
 7189      1409EF98 
 7190 1ec1 59D7A021 		.ascii	"Y\327\240!\177`6\177\342J\314f\223Y\001\203\277\212"
 7190      7F60367F 
 7190      E24ACC66 
 7190      93590183 
 7190      BF8A
 7191 1ed3 8E31B2D7 		.ascii	"\2161\262\327\372\021\034\364\247\240\341C\002~\017"
 7191      FA111CF4 
 7191      A7A0E143 
 7191      027E0F
 7192 1ee2 458112C7 		.ascii	"E\201\022\307\330\0322*\322\220\330\365\223a\303\231"
 7192      D81A322A 
 7192      D290D8F5 
 7192      9361C399 
ARM GAS  C:\Users\angio\AppData\Local\Temp\ccrvFn2X.s 			page 278


 7193 1ef2 E7FFFA13 		.ascii	"\347\377\372\023k\016\241WI\201\277\215%\022\356C\307"
 7193      6B0EA157 
 7193      4981BF8D 
 7193      2512EE43 
 7193      C7
 7194 1f03 8586C744 		.ascii	"\205\206\307D\233\202\277n\013w\301#\306\214\371zD\360"
 7194      9B82BF6E 
 7194      0B77C123 
 7194      C68CF97A 
 7194      44F0
 7195 1f15 37961867 		.ascii	"7\226\030g5U\024\232^r8\014I\027\230\346\351\235\331"
 7195      3555149A 
 7195      5E72380C 
 7195      491798E6 
 7195      E99DD9
 7196 1f28 76618991 		.ascii	"va\211\221#\243B\307\271\267\234xc\302\242cH\332\265"
 7196      23A342C7 
 7196      B9B79C78 
 7196      63C2A263 
 7196      48DAB5
 7197 1f3b 224723BE 		.ascii	"\"G#\276\376\033$\020\001\343\021Q\243<\232m\242M\203"
 7197      FE1B2410 
 7197      01E31151 
 7197      A33C9A6D 
 7197      A24D83
 7198 1f4e 342A921E 		.ascii	"4*\222\036j\230\341\2076\307\362\023\252\361'\303\206"
 7198      6A98E187 
 7198      36C7F213 
 7198      AAF127C3 
 7198      86
 7199 1f5f FC619C9F 		.ascii	"\374a\234\237\215E\015\015\016\032\350\247\004\223\243"
 7199      8D450D0D 
 7199      0E1AE8A7 
 7199      0493A3
 7200 1f6e 11859691 		.ascii	"\021\205\226\221\266\264\347-\303\277\213\014\035\030"
 7200      B6B4E72D 
 7200      C3BF8B0C 
 7200      1D18
 7201 1f7c 3AD22982 		.ascii	":\322)\202\266\336\345[KxDL\330\310\357\\ \025X`l\027"
 7201      B6DEE55B 
 7201      4B78444C 
 7201      D8C8EF5C 
 7201      20155860 
 7202 1f92 9618D76F 		.ascii	"\226\030\327o\331;\210\344\267\226\250\220\310\230"
 7202      D93B88E4 
 7202      B796A890 
 7202      C898
 7203 1fa0 286732C0 		.ascii	"(g2\300\372\321\373\277G\301\275\362\255%&\"\022H\276"
 7203      FAD1FBBF 
 7203      47C1BDF2 
 7203      AD252622 
 7203      1248BE
 7204 1fb3 8E1D3912 		.ascii	"\216\0359\022\362\361[KpD,\351c\247\350\260\377\242"
 7204      F2F15B4B 
 7204      70442CE9 
 7204      63A7E8B0 
 7204      FFA2
ARM GAS  C:\Users\angio\AppData\Local\Temp\ccrvFn2X.s 			page 279


 7205 1fc5 0C96BF8F 		.ascii	"\014\226\277\217\010\213\011\013\037\345\364\255eLX"
 7205      088B090B 
 7205      1FE5F4AD 
 7205      654C58
 7206 1fd4 F8373D5B 		.ascii	"\3707=[\025\012j\237D\257]DlLdl\214\315!\2470z\3216"
 7206      150A6A9F 
 7206      44AF5D44 
 7206      6C4C646C 
 7206      8CCD21A7 
 7207 1fec 2C5CF350 		.ascii	",\\\363P\211\216\031\021\023\352\032\035B\177\341\236"
 7207      898E1911 
 7207      13EA1A1D 
 7207      427FE19E 
 7208 1ffc 86CF8D05 		.ascii	"\206\317\215\005"
 7209 2000 313A2236 		.ascii	"1:\"6*8\264\035\273!\035\030\032\036\032\325A\177k\211"
 7209      2A38B41D 
 7209      BB211D18 
 7209      1A1E1AD5 
 7209      417F6B89 
 7210 2014 31EE205D 		.ascii	"1\356 ]\217\262\024#.i\211-1x\334\330\230\366\332\321"
 7210      8FB21423 
 7210      2E69892D 
 7210      3178DCD8 
 7210      98F6DAD1 
 7211 2028 FFE5D0E1 		.ascii	"\377\345\320\341NQ\343\307\216\210ne[\331\270\007b\347"
 7211      4E51E3C7 
 7211      8E886E65 
 7211      5BD9B807 
 7211      62E7
 7212 203a CF8691E1 		.ascii	"\317\206\221\341\354k\216\376.<\330\0223>4<\304\225"
 7212      EC6B8EFE 
 7212      2E3CD812 
 7212      333E343C 
 7212      C495
 7213 204c 2F4A5DD8 		.ascii	"/J]\330\217%\246\243z\021\025\012\361\016\015'.8\253"
 7213      8F25A6A3 
 7213      7A11150A 
 7213      F10E0D27 
 7213      2E38AB
 7214 205f 0A6DE86F 		.ascii	"\012m\350o\324\370\260\2201\241\316\352\2653\014\361"
 7214      D4F8B090 
 7214      31A1CEEA 
 7214      B5330CF1 
 7215 206f E0AF0113 		.ascii	"\340\257\001\023J\313dH\033\270gM\201h\006G\204\217"
 7215      4ACB6448 
 7215      1BB8674D 
 7215      81680647 
 7215      848F
 7216 2081 0C1BC56B 		.ascii	"\014\033\305k\012\273%5%\200^\231\341\241\032\323v\242"
 7216      0ABB2535 
 7216      25805E99 
 7216      E1A11AD3 
 7216      76A2
 7217 2093 E658A0C1 		.ascii	"\346X\240\301\255Kh\320\201f)d\244\373\223\361\256\262"
 7217      AD4B68D0 
 7217      81662964 
 7217      A4FB93F1 
ARM GAS  C:\Users\angio\AppData\Local\Temp\ccrvFn2X.s 			page 280


 7217      AEB2
 7218 20a5 C2E05559 		.ascii	"\302\340UY1Lwm\370\032\002z\216@\373\310\301\243GD\265"
 7218      314C776D 
 7218      F81A027A 
 7218      8E40FBC8 
 7218      C1A34744 
 7219 20ba B5406062 		.ascii	"\265@`b,\037\017\010\0324,pH\333\021c\376>\342\273h"
 7219      2C1F0F08 
 7219      1A342C70 
 7219      48DB1163 
 7219      FE3EE2BB 
 7220 20cf 281F9043 		.ascii	"(\037\220C\241\001\206\326\325\222\016c\234\224u\357"
 7220      A10186D6 
 7220      D5920E63 
 7220      9C9475EF 
 7221 20df 80A14143 		.ascii	"\200\241AC\202\274\003\"\242B\275\207\330:qltX\264e"
 7221      82BC0322 
 7221      A242BD87 
 7221      D83A716C 
 7221      7458B465 
 7222 20f3 5430A9F5 		.ascii	"T0\251\365\256d\010Y\310\340\350\373<66\320\200o\\_"
 7222      AE640859 
 7222      C8E0E8FB 
 7222      3C3636D0 
 7222      806F5C5F 
 7223 2107 AFA15E03 		.ascii	"\257\241^\003>\033\016\270`\340$\007\232\234\30122*"
 7223      3E1B0EB8 
 7223      60E02407 
 7223      9A9CC132 
 7223      322A
 7224 2119 622C99DA 		.ascii	"b,\231\332\332\320G\261\3648\262\263\346\232\003\234"
 7224      DAD047B1 
 7224      F438B2B3 
 7224      E69A039C 
 7225 2129 82FE63C8 		.ascii	"\202\376c\310\240@?e\360\360 \370\016$\337\362\240\241"
 7225      A0403F65 
 7225      F0F020F8 
 7225      0E24DFF2 
 7225      A0A1
 7226 213b F03504BE 		.ascii	"\3605\004\276\\\003\007\005\015\012\374r\320@q\345\213"
 7226      5C030705 
 7226      0D0AFC72 
 7226      D04071E5 
 7226      8B
 7227 214c 8705FA32 		.ascii	"\207\005\3722%_\252\344K\225|\211\222/Q\"\000?\343\251"
 7227      255FAAE4 
 7227      4B957C89 
 7227      922F5122 
 7227      003FE3A9 
 7228 2160 58138FA0 		.ascii	"X\023\217\240\341\366\023\361\250^}\341\032Z\341FV\255"
 7228      E1F613F1 
 7228      A85E7DE1 
 7228      1A5AE146 
 7228      56AD
 7229 2172 B69AC0ED 		.ascii	"\266\232\300\355\372\310C\240V\310C\207\016\016\304"
 7229      FAC843A0 
 7229      56C84387 
ARM GAS  C:\Users\angio\AppData\Local\Temp\ccrvFn2X.s 			page 281


 7229      0E0EC4
 7230 2181 030606E2 		.ascii	"\003\006\006\342\201\360;lp\240<`pP\240\374\361\340"
 7230      81F03B6C 
 7230      70A03C60 
 7230      7050A0FC 
 7230      F1E0
 7231 2193 01810ABC 		.ascii	"\001\201\012\274\002\300@r\377)\371\012\200/%\350\323"
 7231      02C04072 
 7231      FF29F90A 
 7231      802F25E8 
 7231      D3
 7232 21a4 80A0401C 		.ascii	"\200\240@\034\364\3510\034\020\000\277\001\201\312\200"
 7232      F4E9301C 
 7232      1000BF01 
 7232      81CA80
 7233 21b3 21810181 		.ascii	"!\201\001\201\362\227\303\377\020(\017\201wJ\300\260"
 7233      F297C3FF 
 7233      10280F81 
 7233      774AC0B0 
 7234 21c3 2F860C84 		.ascii	"/\206\014\204\357\001\001\201\306\263d+z\021n,\301\260"
 7234      EF010181 
 7234      C6B3642B 
 7234      7A116E2C 
 7234      C1B0
 7235 21d5 B11E2DB9 		.ascii	"\261\036-\271\004\005|L}\377\177By\237I"
 7235      04057C4C 
 7235      7DFF7F42 
 7235      799F49
 7236              		.text
 7237              		.section	.gnu.lto_.symtab.1f2b6e7c,"e",%progbits
 7238 0000 56656374 		.ascii	"Vector58\000"
 7238      6F723538 
 7238      00
 7239 0009 00       		.ascii	"\000"
 7240 000a 00       		.ascii	"\000"
 7241 000b 00       		.ascii	"\000"
 7242 000c 00000000 		.ascii	"\000\000\000\000\000\000\000\000"
 7242      00000000 
 7243 0014 54010000 		.ascii	"T\001\000\000"
 7244 0018 56656374 		.ascii	"Vector5C\000"
 7244      6F723543 
 7244      00
 7245 0021 00       		.ascii	"\000"
 7246 0022 00       		.ascii	"\000"
 7247 0023 00       		.ascii	"\000"
 7248 0024 00000000 		.ascii	"\000\000\000\000\000\000\000\000"
 7248      00000000 
 7249 002c 56010000 		.ascii	"V\001\000\000"
 7250 0030 56656374 		.ascii	"Vector60\000"
 7250      6F723630 
 7250      00
 7251 0039 00       		.ascii	"\000"
 7252 003a 00       		.ascii	"\000"
 7253 003b 00       		.ascii	"\000"
 7254 003c 00000000 		.ascii	"\000\000\000\000\000\000\000\000"
 7254      00000000 
 7255 0044 58010000 		.ascii	"X\001\000\000"
ARM GAS  C:\Users\angio\AppData\Local\Temp\ccrvFn2X.s 			page 282


 7256 0048 56656374 		.ascii	"Vector64\000"
 7256      6F723634 
 7256      00
 7257 0051 00       		.ascii	"\000"
 7258 0052 00       		.ascii	"\000"
 7259 0053 00       		.ascii	"\000"
 7260 0054 00000000 		.ascii	"\000\000\000\000\000\000\000\000"
 7260      00000000 
 7261 005c 5A010000 		.ascii	"Z\001\000\000"
 7262 0060 56656374 		.ascii	"Vector68\000"
 7262      6F723638 
 7262      00
 7263 0069 00       		.ascii	"\000"
 7264 006a 00       		.ascii	"\000"
 7265 006b 00       		.ascii	"\000"
 7266 006c 00000000 		.ascii	"\000\000\000\000\000\000\000\000"
 7266      00000000 
 7267 0074 5C010000 		.ascii	"\\\001\000\000"
 7268 0078 56656374 		.ascii	"Vector9C\000"
 7268      6F723943 
 7268      00
 7269 0081 00       		.ascii	"\000"
 7270 0082 00       		.ascii	"\000"
 7271 0083 00       		.ascii	"\000"
 7272 0084 00000000 		.ascii	"\000\000\000\000\000\000\000\000"
 7272      00000000 
 7273 008c 5E010000 		.ascii	"^\001\000\000"
 7274 0090 56656374 		.ascii	"VectorE0\000"
 7274      6F724530 
 7274      00
 7275 0099 00       		.ascii	"\000"
 7276 009a 00       		.ascii	"\000"
 7277 009b 00       		.ascii	"\000"
 7278 009c 00000000 		.ascii	"\000\000\000\000\000\000\000\000"
 7278      00000000 
 7279 00a4 60010000 		.ascii	"`\001\000\000"
 7280 00a8 56656374 		.ascii	"VectorD8\000"
 7280      6F724438 
 7280      00
 7281 00b1 00       		.ascii	"\000"
 7282 00b2 00       		.ascii	"\000"
 7283 00b3 00       		.ascii	"\000"
 7284 00b4 00000000 		.ascii	"\000\000\000\000\000\000\000\000"
 7284      00000000 
 7285 00bc 62010000 		.ascii	"b\001\000\000"
 7286 00c0 56656374 		.ascii	"Vector1AC\000"
 7286      6F723141 
 7286      4300
 7287 00ca 00       		.ascii	"\000"
 7288 00cb 00       		.ascii	"\000"
 7289 00cc 00       		.ascii	"\000"
 7290 00cd 00000000 		.ascii	"\000\000\000\000\000\000\000\000"
 7290      00000000 
 7291 00d5 64010000 		.ascii	"d\001\000\000"
 7292 00d9 56656374 		.ascii	"VectorB0\000"
 7292      6F724230 
 7292      00
ARM GAS  C:\Users\angio\AppData\Local\Temp\ccrvFn2X.s 			page 283


 7293 00e2 00       		.ascii	"\000"
 7294 00e3 00       		.ascii	"\000"
 7295 00e4 00       		.ascii	"\000"
 7296 00e5 00000000 		.ascii	"\000\000\000\000\000\000\000\000"
 7296      00000000 
 7297 00ed 66010000 		.ascii	"f\001\000\000"
 7298 00f1 56656374 		.ascii	"VectorB4\000"
 7298      6F724234 
 7298      00
 7299 00fa 00       		.ascii	"\000"
 7300 00fb 00       		.ascii	"\000"
 7301 00fc 00       		.ascii	"\000"
 7302 00fd 00000000 		.ascii	"\000\000\000\000\000\000\000\000"
 7302      00000000 
 7303 0105 68010000 		.ascii	"h\001\000\000"
 7304 0109 56656374 		.ascii	"Vector118\000"
 7304      6F723131 
 7304      3800
 7305 0113 00       		.ascii	"\000"
 7306 0114 00       		.ascii	"\000"
 7307 0115 00       		.ascii	"\000"
 7308 0116 00000000 		.ascii	"\000\000\000\000\000\000\000\000"
 7308      00000000 
 7309 011e 6A010000 		.ascii	"j\001\000\000"
 7310 0122 69727149 		.ascii	"irqInit\000"
 7310      6E697400 
 7311 012a 00       		.ascii	"\000"
 7312 012b 00       		.ascii	"\000"
 7313 012c 00       		.ascii	"\000"
 7314 012d 00000000 		.ascii	"\000\000\000\000\000\000\000\000"
 7314      00000000 
 7315 0135 6C010000 		.ascii	"l\001\000\000"
 7316 0139 69727144 		.ascii	"irqDeinit\000"
 7316      65696E69 
 7316      7400
 7317 0143 00       		.ascii	"\000"
 7318 0144 00       		.ascii	"\000"
 7319 0145 00       		.ascii	"\000"
 7320 0146 00000000 		.ascii	"\000\000\000\000\000\000\000\000"
 7320      00000000 
 7321 014e 6E010000 		.ascii	"n\001\000\000"
 7322 0152 5F70616C 		.ascii	"_pal_events\000"
 7322      5F657665 
 7322      6E747300 
 7323 015e 00       		.ascii	"\000"
 7324 015f 02       		.ascii	"\002"
 7325 0160 00       		.ascii	"\000"
 7326 0161 00000000 		.ascii	"\000\000\000\000\000\000\000\000"
 7326      00000000 
 7327 0169 C0010000 		.ascii	"\300\001\000\000"
 7328 016d 53443200 		.ascii	"SD2\000"
 7329 0171 00       		.ascii	"\000"
 7330 0172 02       		.ascii	"\002"
 7331 0173 00       		.ascii	"\000"
 7332 0174 00000000 		.ascii	"\000\000\000\000\000\000\000\000"
 7332      00000000 
 7333 017c 1A020000 		.ascii	"\032\002\000\000"
ARM GAS  C:\Users\angio\AppData\Local\Temp\ccrvFn2X.s 			page 284


 7334 0180 4C505349 		.ascii	"LPSIOD1\000"
 7334      4F443100 
 7335 0188 00       		.ascii	"\000"
 7336 0189 02       		.ascii	"\002"
 7337 018a 00       		.ascii	"\000"
 7338 018b 00000000 		.ascii	"\000\000\000\000\000\000\000\000"
 7338      00000000 
 7339 0193 4A020000 		.ascii	"J\002\000\000"
 7340 0197 47505444 		.ascii	"GPTD3\000"
 7340      3300
 7341 019d 00       		.ascii	"\000"
 7342 019e 02       		.ascii	"\002"
 7343 019f 00       		.ascii	"\000"
 7344 01a0 00000000 		.ascii	"\000\000\000\000\000\000\000\000"
 7344      00000000 
 7345 01a8 5E020000 		.ascii	"^\002\000\000"
 7346 01ac 47505444 		.ascii	"GPTD6\000"
 7346      3600
 7347 01b2 00       		.ascii	"\000"
 7348 01b3 02       		.ascii	"\002"
 7349 01b4 00       		.ascii	"\000"
 7350 01b5 00000000 		.ascii	"\000\000\000\000\000\000\000\000"
 7350      00000000 
 7351 01bd 60020000 		.ascii	"`\002\000\000"
 7352 01c1 63685468 		.ascii	"chThdDequeueAllI\000"
 7352      64446571 
 7352      75657565 
 7352      416C6C49 
 7352      00
 7353 01d2 00       		.ascii	"\000"
 7354 01d3 02       		.ascii	"\002"
 7355 01d4 00       		.ascii	"\000"
 7356 01d5 00000000 		.ascii	"\000\000\000\000\000\000\000\000"
 7356      00000000 
 7357 01dd 70010000 		.ascii	"p\001\000\000"
 7358 01e1 6E766963 		.ascii	"nvicEnableVector\000"
 7358      456E6162 
 7358      6C655665 
 7358      63746F72 
 7358      00
 7359 01f2 00       		.ascii	"\000"
 7360 01f3 02       		.ascii	"\002"
 7361 01f4 00       		.ascii	"\000"
 7362 01f5 00000000 		.ascii	"\000\000\000\000\000\000\000\000"
 7362      00000000 
 7363 01fd 79010000 		.ascii	"y\001\000\000"
 7364 0201 6E766963 		.ascii	"nvicDisableVector\000"
 7364      44697361 
 7364      626C6556 
 7364      6563746F 
 7364      7200
 7365 0213 00       		.ascii	"\000"
 7366 0214 02       		.ascii	"\002"
 7367 0215 00       		.ascii	"\000"
 7368 0216 00000000 		.ascii	"\000\000\000\000\000\000\000\000"
 7368      00000000 
 7369 021e 7D010000 		.ascii	"}\001\000\000"
ARM GAS  C:\Users\angio\AppData\Local\Temp\ccrvFn2X.s 			page 285


 7370 0222 73645F6C 		.ascii	"sd_lld_serve_interrupt\000"
 7370      6C645F73 
 7370      65727665 
 7370      5F696E74 
 7370      65727275 
 7371 0239 00       		.ascii	"\000"
 7372 023a 02       		.ascii	"\002"
 7373 023b 00       		.ascii	"\000"
 7374 023c 00000000 		.ascii	"\000\000\000\000\000\000\000\000"
 7374      00000000 
 7375 0244 86010000 		.ascii	"\206\001\000\000"
 7376 0248 73696F5F 		.ascii	"sio_lld_serve_interrupt\000"
 7376      6C6C645F 
 7376      73657276 
 7376      655F696E 
 7376      74657272 
 7377 0260 00       		.ascii	"\000"
 7378 0261 02       		.ascii	"\002"
 7379 0262 00       		.ascii	"\000"
 7380 0263 00000000 		.ascii	"\000\000\000\000\000\000\000\000"
 7380      00000000 
 7381 026b 8F010000 		.ascii	"\217\001\000\000"
 7382 026f 73745F6C 		.ascii	"st_lld_serve_interrupt\000"
 7382      6C645F73 
 7382      65727665 
 7382      5F696E74 
 7382      65727275 
 7383 0286 00       		.ascii	"\000"
 7384 0287 02       		.ascii	"\002"
 7385 0288 00       		.ascii	"\000"
 7386 0289 00000000 		.ascii	"\000\000\000\000\000\000\000\000"
 7386      00000000 
 7387 0291 91010000 		.ascii	"\221\001\000\000"
 7388 0295 6770745F 		.ascii	"gpt_lld_serve_interrupt\000"
 7388      6C6C645F 
 7388      73657276 
 7388      655F696E 
 7388      74657272 
 7389 02ad 00       		.ascii	"\000"
 7390 02ae 02       		.ascii	"\002"
 7391 02af 00       		.ascii	"\000"
 7392 02b0 00000000 		.ascii	"\000\000\000\000\000\000\000\000"
 7392      00000000 
 7393 02b8 98010000 		.ascii	"\230\001\000\000"
 7394              		.text
 7395              		.section	.gnu.lto_.ext_symtab.1f2b6e7c,"e",%progbits
 7396 0000 01       		.ascii	"\001"
 7397 0001 01       		.ascii	"\001"
 7398 0002 00       		.ascii	"\000"
 7399 0003 01       		.ascii	"\001"
 7400 0004 00       		.ascii	"\000"
 7401 0005 01       		.ascii	"\001"
 7402 0006 00       		.ascii	"\000"
 7403 0007 01       		.ascii	"\001"
 7404 0008 00       		.ascii	"\000"
 7405 0009 01       		.ascii	"\001"
 7406 000a 00       		.ascii	"\000"
ARM GAS  C:\Users\angio\AppData\Local\Temp\ccrvFn2X.s 			page 286


 7407 000b 01       		.ascii	"\001"
 7408 000c 00       		.ascii	"\000"
 7409 000d 01       		.ascii	"\001"
 7410 000e 00       		.ascii	"\000"
 7411 000f 01       		.ascii	"\001"
 7412 0010 00       		.ascii	"\000"
 7413 0011 01       		.ascii	"\001"
 7414 0012 00       		.ascii	"\000"
 7415 0013 01       		.ascii	"\001"
 7416 0014 00       		.ascii	"\000"
 7417 0015 01       		.ascii	"\001"
 7418 0016 00       		.ascii	"\000"
 7419 0017 01       		.ascii	"\001"
 7420 0018 00       		.ascii	"\000"
 7421 0019 01       		.ascii	"\001"
 7422 001a 00       		.ascii	"\000"
 7423 001b 01       		.ascii	"\001"
 7424 001c 00       		.ascii	"\000"
 7425 001d 02       		.ascii	"\002"
 7426 001e 01       		.ascii	"\001"
 7427 001f 02       		.ascii	"\002"
 7428 0020 01       		.ascii	"\001"
 7429 0021 02       		.ascii	"\002"
 7430 0022 01       		.ascii	"\001"
 7431 0023 02       		.ascii	"\002"
 7432 0024 01       		.ascii	"\001"
 7433 0025 02       		.ascii	"\002"
 7434 0026 01       		.ascii	"\001"
 7435 0027 01       		.ascii	"\001"
 7436 0028 00       		.ascii	"\000"
 7437 0029 01       		.ascii	"\001"
 7438 002a 00       		.ascii	"\000"
 7439 002b 01       		.ascii	"\001"
 7440 002c 00       		.ascii	"\000"
 7441 002d 01       		.ascii	"\001"
 7442 002e 00       		.ascii	"\000"
 7443 002f 01       		.ascii	"\001"
 7444 0030 00       		.ascii	"\000"
 7445 0031 01       		.ascii	"\001"
 7446 0032 00       		.ascii	"\000"
 7447 0033 01       		.ascii	"\001"
 7448 0034 00       		.ascii	"\000"
 7449              		.text
 7450              		.section	.gnu.lto_.opts,"e",%progbits
 7451 0000 272D666E 		.ascii	"'-fno-openmp' '-fno-openacc' '-fno-pie' '-fcf-prote"
 7451      6F2D6F70 
 7451      656E6D70 
 7451      2720272D 
 7451      666E6F2D 
 7452 0033 6374696F 		.ascii	"ction=none' '-g' '-mcpu=cortex-m4' '-mthumb' '-mflo"
 7452      6E3D6E6F 
 7452      6E652720 
 7452      272D6727 
 7452      20272D6D 
 7453 0066 61742D61 		.ascii	"at-abi=soft' '-mlibarch=armv7e-m' '-march=armv7e-m'"
 7453      62693D73 
 7453      6F667427 
ARM GAS  C:\Users\angio\AppData\Local\Temp\ccrvFn2X.s 			page 287


 7453      20272D6D 
 7453      6C696261 
 7454 0099 20272D4F 		.ascii	" '-O0' '-fomit-frame-pointer' '-falign-functions=16"
 7454      30272027 
 7454      2D666F6D 
 7454      69742D66 
 7454      72616D65 
 7455 00cc 2720272D 		.ascii	"' '-ffunction-sections' '-fdata-sections' '-fno-com"
 7455      6666756E 
 7455      6374696F 
 7455      6E2D7365 
 7455      6374696F 
 7456 00ff 6D6F6E27 		.ascii	"mon' '-flto' '-Xassembler' '-alms=./build/lst/stm32"
 7456      20272D66 
 7456      6C746F27 
 7456      20272D58 
 7456      61737365 
 7457 0132 5F697372 		.ascii	"_isr.lst'\000"
 7457      2E6C7374 
 7457      2700
 7458              		.text
 7459              		.comm	__gnu_lto_slim,1,1
 7460              		.ident	"GCC: (GNU Arm Embedded Toolchain 10.3-2021.10) 10.3.1 20210824 (release)"
ARM GAS  C:\Users\angio\AppData\Local\Temp\ccrvFn2X.s 			page 288


DEFINED SYMBOLS
                            *ABS*:00000000 stm32_isr.c
C:\Users\angio\AppData\Local\Temp\ccrvFn2X.s:80     .gnu.debuglto_.debug_info:00000000 stm32_isr.c.e3f8e6f2
                            *COM*:00000001 __gnu_lto_slim

NO UNDEFINED SYMBOLS
